# Optimized for Cats vs Demons
# Source: Bonsai.obj
# Simplification error: 0.0015438611153513193
v 26.929967880249023 -1.1728978157043457 47.394073486328125
v 24.944164276123047 -1.07227623462677 47.73100280761719
v 25.58930206298828 -1.9161815643310547 47.2888069152832
v 28.266071319580078 -1.4763107299804688 46.67269515991211
v 27.761953353881836 -2.915663480758667 45.794891357421875
v 29.43977928161621 -1.3877637386322021 45.84504318237305
v 27.021610260009766 -2.3477706909179688 46.687164306640625
v 28.21002960205078 0.6125929951667786 47.46590042114258
v 29.958599090576172 -2.943218231201172 43.31224060058594
v 30.870540618896484 -1.451000452041626 43.77665328979492
v 30.215728759765625 7.724370956420898 45.476539611816406
v 29.585216522216797 9.27610969543457 44.90160369873047
v 28.76778221130371 8.08157730102539 46.32926559448242
v 27.392438888549805 9.94810676574707 45.57359313964844
v 27.449485778808594 8.8558988571167 46.48716354370117
v 28.058481216430664 10.4175443649292 44.631935119628906
v 26.59404945373535 7.927006721496582 47.20482635498047
v 31.07371711730957 8.802337646484375 43.65141677856445
v 31.934345245361328 -0.5558556318283081 38.991939544677734
v 32.441864013671875 -0.025038141757249832 39.84226989746094
v 31.950366973876953 -1.1174787282943726 40.042659759521484
v 32.39302062988281 0.3082514703273773 41.96623611450195
v 31.387115478515625 -1.5921028852462769 40.75815963745117
v 31.173799514770508 -0.9466543197631836 41.93040466308594
v 31.388355255126953 -0.7695602178573608 42.22576904296875
v 30.82177734375 -1.310362458229065 41.43231964111328
v 30.812644958496094 -1.8111481666564941 40.654598236083984
v 35.05144119262695 -1.6903247833251953 33.12369155883789
v 34.369693756103516 -1.6777859926223755 35.05647659301758
v 33.73786926269531 -3.3974082469940186 33.864498138427734
v 31.64795684814453 -1.437377691268921 39.49644088745117
v 7.4863996505737305 28.196834564208984 45.067626953125
v 9.019484519958496 27.786605834960938 45.824378967285156
v 9.254242897033691 27.61322784423828 43.97201156616211
v 6.088301658630371 28.33073616027832 45.80448913574219
v 8.562121391296387 27.72391128540039 46.90141677856445
v 5.7212653160095215 28.0972957611084 43.58097839355469
v 5.492854118347168 28.18351936340332 46.773006439208984
v 6.837158203125 27.57963752746582 48.34982681274414
v 7.514340877532959 22.814897537231445 38.350830078125
v 6.511299133300781 24.718345642089844 39.31517028808594
v 9.011822700500488 24.04178237915039 39.21385192871094
v 10.473776817321777 21.606197357177734 38.50075149536133
v 4.791134834289551 25.78377342224121 50.21813201904297
v 4.260007858276367 25.798324584960938 49.88484191894531
v 4.518682479858398 24.98460578918457 49.94862365722656
v 5.109098434448242 25.237476348876953 51.36227798461914
v 4.686875343322754 24.96703338623047 49.99699783325195
v 4.635016918182373 24.757123947143555 50.371620178222656
v 4.853055477142334 24.91455841064453 51.36908721923828
v 4.432844161987305 25.034683227539062 52.18041229248047
v 9.874691009521484 25.025707244873047 49.652252197265625
v 9.378626823425293 24.02715301513672 52.201229095458984
v 9.54743766784668 23.243852615356445 52.5088996887207
v 9.947293281555176 24.317174911499023 49.34056091308594
v 9.6605224609375 22.285625457763672 52.762855529785156
v 10.14149284362793 25.52393913269043 49.180259704589844
v 10.05016040802002 24.603404998779297 49.16006088256836
v 7.260233402252197 25.935014724731445 40.31929397583008
v 5.765925884246826 27.032100677490234 41.46955490112305
v 7.823558807373047 26.971342086791992 41.590301513671875
v 8.694709777832031 25.997013092041016 40.68354034423828
v 10.691429138183594 24.100141525268555 39.859378814697266
v 10.40682315826416 26.255456924438477 41.89850616455078
v 8.20839786529541 27.443178176879883 42.54899215698242
v 5.697889804840088 27.630409240722656 42.43474578857422
v 4.877514362335205 26.080530166625977 40.501808166503906
v 4.6220903396606445 22.447858810424805 38.31050109863281
v 4.5268096923828125 25.240493774414062 39.8576774597168
v 3.148294448852539 24.74334716796875 39.85945129394531
v 4.263181209564209 25.43515968322754 50.087947845458984
v 4.055901050567627 26.679847717285156 41.359954833984375
v 5.793790340423584 -9.084153175354004 69.60350036621094
v 5.105693340301514 -9.341278076171875 68.95317077636719
v 5.59788703918457 -10.374895095825195 69.11734008789062
v 8.293926239013672 24.4760799407959 53.01007080078125
v 6.057186126708984 23.68612289428711 54.646331787109375
v 8.485261917114258 23.514137268066406 53.85599136352539
v 6.338075637817383 24.68398094177246 53.468833923339844
v 9.049981117248535 22.736024856567383 53.78028869628906
v 3.394662380218506 16.903610229492188 66.23538970947266
v 4.016658306121826 15.344518661499023 67.14794921875
v 5.125740051269531 16.590444564819336 66.611328125
v 5.162040710449219 18.07499885559082 65.55781555175781
v 4.933940410614014 20.314292907714844 63.067970275878906
v 3.5593719482421875 20.74139404296875 62.10370635986328
v 4.067742824554443 18.970224380493164 64.62071228027344
v 2.897127389907837 18.002708435058594 65.28172302246094
v 5.892012596130371 19.07432746887207 64.59107208251953
v 7.5980119705200195 20.828548431396484 61.90324020385742
v 6.183582305908203 20.93899917602539 62.05943298339844
v 6.944436073303223 19.792842864990234 63.61775207519531
v 6.635837554931641 13.784031867980957 67.66885375976562
v 6.68576192855835 18.178640365600586 65.34596252441406
v 6.633747577667236 16.955236434936523 66.27114868164062
v 9.353084564208984 17.814544677734375 64.79696655273438
v 7.5873308181762695 14.646979331970215 67.25128173828125
v 8.31064510345459 15.975183486938477 66.4429702758789
v 9.07854175567627 20.063901901245117 62.393959045410156
v -21.49593734741211 14.692102432250977 36.4500846862793
v -18.237424850463867 17.93544578552246 37.37417984008789
v -17.54244041442871 15.885321617126465 36.741424560546875
v -23.648080825805664 14.741097450256348 36.83848190307617
v -21.37457275390625 17.520187377929688 37.532623291015625
v -21.94215965270996 13.217611312866211 36.22933578491211
v -20.309144973754883 13.100115776062012 36.26169204711914
v -16.199451446533203 14.439233779907227 36.75891876220703
v -21.580772399902344 11.084975242614746 36.33197021484375
v -15.337435722351074 13.21675968170166 37.038414001464844
v -15.082320213317871 11.457119941711426 37.656227111816406
v -14.310629844665527 12.384927749633789 37.563194274902344
v -14.871016502380371 14.681422233581543 37.05938720703125
v -13.787553787231445 10.815309524536133 38.60980987548828
v -13.594669342041016 11.993819236755371 38.04176330566406
v -23.72447395324707 16.790294647216797 37.79237365722656
v -8.818009376525879 -16.2302188873291 66.53160095214844
v -11.918854713439941 -17.51368522644043 64.89642333984375
v -9.546354293823242 -18.156038284301758 64.99425506591797
v -10.152560234069824 -15.19737720489502 66.83462524414062
v -13.058821678161621 -16.277202606201172 65.19403076171875
v -12.820735931396484 -14.23210620880127 66.22036743164062
v -14.691754341125488 -16.821409225463867 63.560707092285156
v -13.043806076049805 -18.246906280517578 63.575801849365234
v -11.333239555358887 -18.94645881652832 63.800575256347656
v 29.29813575744629 10.245094299316406 43.91573715209961
v 30.516895294189453 10.389758110046387 41.93357849121094
v 29.405181884765625 11.17328929901123 41.55485153198242
v 31.457319259643555 9.552431106567383 41.9180908203125
v 28.635196685791016 11.278788566589355 27.923336029052734
v 28.533567428588867 12.075942993164062 28.99751091003418
v 29.768814086914062 11.241557121276855 27.777587890625
v 28.817167282104492 12.741902351379395 30.181283950805664
v 27.68842124938965 13.038503646850586 31.85965347290039
v 28.643091201782227 13.308247566223145 32.27173614501953
v 29.19976043701172 13.120007514953613 31.28618812561035
v 27.5091609954834 13.255537033081055 33.90815353393555
v 29.608051300048828 10.021482467651367 26.746295928955078
v 30.229814529418945 8.2626953125 26.004016876220703
v 28.66344451904297 8.064935684204102 26.008819580078125
v 30.688650131225586 10.009407997131348 26.88213539123535
v 31.8349609375 10.506478309631348 27.76776123046875
v 31.290752410888672 12.028263092041016 29.433433532714844
v 32.67607879638672 9.512105941772461 27.551036834716797
v 30.311935424804688 12.001947402954102 28.87351417541504
v 32.809906005859375 10.985979080200195 29.172744750976562
v 33.406517028808594 11.334593772888184 31.29500961303711
v 32.41206359863281 11.999547004699707 30.88687515258789
v 31.74718475341797 12.528894424438477 32.29681396484375
v 33.73005294799805 11.101462364196777 32.29069900512695
v 32.15594482421875 12.1177396774292 34.04422378540039
v 30.317665100097656 12.521541595458984 29.8695125579834
v 31.129915237426758 12.645538330078125 30.97588539123535
v 29.91169548034668 13.188352584838867 32.40873718261719
v 28.82730484008789 13.172176361083984 35.40517044067383
v 27.849496841430664 13.233633041381836 35.22134017944336
v 31.092529296875 12.741515159606934 33.731910705566406
v 33.38166809082031 10.740848541259766 35.195953369140625
v 31.433170318603516 11.88259506225586 36.45558166503906
v 29.670900344848633 12.349014282226562 37.447322845458984
v 33.81317901611328 10.578384399414062 30.149627685546875
v 34.185245513916016 9.787654876708984 29.60944366455078
v 33.91682434082031 9.063953399658203 28.460111618041992
v 35.23024368286133 8.438164710998535 30.396770477294922
v 34.4677619934082 10.090834617614746 33.246063232421875
v 33.12453842163086 -4.289070129394531 32.200218200683594
v 34.29128646850586 -3.07704496383667 32.095802307128906
v 32.603939056396484 -3.5596413612365723 35.68017578125
v 31.934188842773438 -4.581491947174072 34.74989318847656
v 32.31895065307617 -4.650224685668945 30.75018310546875
v 33.948631286621094 -3.360797643661499 31.058086395263672
v 31.43603515625 -5.320286750793457 32.70201110839844
v 31.229219436645508 -5.094816207885742 30.4560604095459
v 31.741230010986328 -4.358189582824707 29.29140281677246
v 32.77112579345703 -3.942777395248413 29.71153450012207
v 33.6330680847168 -3.199957847595215 29.793970108032227
v 35.16979217529297 -1.2031618356704712 30.484619140625
v 34.96235656738281 -2.04691219329834 32.095802307128906
v 34.4155158996582 9.732854843139648 34.33161544799805
v 32.227386474609375 10.051979064941406 39.20688247680664
v 30.673402786254883 11.198135375976562 38.673431396484375
v 30.164722442626953 10.870573043823242 39.673072814941406
v 25.049274444580078 8.387930870056152 47.1306037902832
v 25.322032928466797 7.493559837341309 47.549415588378906
v 26.948623657226562 12.69468879699707 36.333518981933594
v 28.097490310668945 12.866286277770996 36.847774505615234
v 28.026281356811523 12.101485252380371 38.32087326049805
v 30.078107833862305 10.85617733001709 39.32670211791992
v 26.48444938659668 10.885822296142578 44.504066467285156
v 24.286794662475586 11.90070629119873 42.04595947265625
v 24.96993637084961 10.90246295928955 44.58680725097656
v 22.41709327697754 11.159744262695312 42.94272994995117
v 24.795167922973633 11.22785758972168 38.54185104370117
v 22.33496856689453 11.308588027954102 38.373661041259766
v 22.882890701293945 10.800372123718262 38.707183837890625
v 24.492605209350586 12.19405746459961 37.89532470703125
v 23.372997283935547 11.895365715026855 38.193626403808594
v 25.93830680847168 12.306135177612305 37.08136749267578
v 25.55168342590332 11.545821189880371 38.10268020629883
v 25.933582305908203 10.888608932495117 38.126365661621094
v 26.397680282592773 11.491098403930664 37.364967346191406
v 26.651247024536133 11.150533676147461 38.38697052001953
v 22.785057067871094 12.34785270690918 37.48842239379883
v 22.480018615722656 11.433900833129883 39.47360610961914
v 24.356224060058594 11.927099227905273 39.51462936401367
v 25.413522720336914 11.833908081054688 39.05726623535156
v 21.863441467285156 12.051019668579102 37.375648498535156
v 21.183469772338867 11.779031753540039 36.59080123901367
v 21.17279052734375 11.414008140563965 37.350337982177734
v 21.60631561279297 9.997798919677734 38.37335205078125
v 21.208084106445312 9.871479034423828 38.64626693725586
v 21.284324645996094 10.123729705810547 38.241539001464844
v 21.605770111083984 11.258973121643066 41.745643615722656
v 23.45697784423828 11.972456932067871 41.22310256958008
v 22.00686264038086 11.561999320983887 40.69987106323242
v 20.735549926757812 10.692705154418945 39.8545036315918
v 24.752363204956055 12.099550247192383 40.17099380493164
v 25.203380584716797 11.969206809997559 41.442073822021484
v 26.05332374572754 11.98956298828125 39.58661651611328
v 26.540019989013672 11.839715003967285 40.643836975097656
v 26.04775047302246 11.431035995483398 42.84992599487305
v 26.060522079467773 11.42391586303711 41.86894226074219
v 26.379180908203125 11.357969284057617 42.283348083496094
v 28.155227661132812 11.498373985290527 42.021114349365234
v 22.271656036376953 12.616280555725098 35.91377258300781
v 26.269041061401367 11.21942138671875 41.39811325073242
v 27.827436447143555 11.800394058227539 40.20729446411133
v 26.255495071411133 10.955096244812012 41.56584167480469
v 28.10011863708496 11.557276725769043 39.37492370605469
v 23.899555206298828 12.747321128845215 37.00884246826172
v 27.165037155151367 11.368341445922852 38.6253662109375
v 28.024887084960938 11.270583152770996 38.94294357299805
v 27.225717544555664 12.076871871948242 38.06544494628906
v 25.044164657592773 9.651582717895508 46.24203109741211
v 28.568784713745117 11.556814193725586 41.26877212524414
v 29.397672653198242 10.716854095458984 39.042171478271484
v 25.489456176757812 12.719998359680176 35.15694046020508
v 23.731903076171875 12.86922836303711 35.34309387207031
v 24.78951644897461 12.940746307373047 35.522586822509766
v 23.071361541748047 12.421229362487793 34.95964813232422
v 25.13070297241211 12.375175476074219 34.59028625488281
v 25.039363861083984 12.793220520019531 36.68941116333008
v 24.671249389648438 13.412274360656738 31.967239379882812
v 22.762378692626953 13.70910930633545 33.324317932128906
v 25.14935302734375 13.217145919799805 33.48399353027344
v 25.63612937927246 13.115209579467773 31.9931697845459
v 26.641572952270508 11.952642440795898 34.42155456542969
v 26.304956436157227 11.76688003540039 34.44013214111328
v 26.596681594848633 12.096532821655273 35.18612289428711
v 26.755504608154297 12.16062068939209 33.11626052856445
v 24.804996490478516 12.929291725158691 30.453969955444336
v 25.848596572875977 12.398860931396484 30.17052459716797
v 26.577714920043945 12.423396110534668 31.54315948486328
v 26.912399291992188 12.079812049865723 31.994640350341797
v 26.552715301513672 11.764790534973145 30.140338897705078
v 26.32709312438965 12.725337982177734 32.969818115234375
v 26.03668212890625 12.518986701965332 33.936790466308594
v 26.555349349975586 12.052567481994629 36.46788787841797
v 26.82563018798828 12.767212867736816 34.11032485961914
v 26.10092544555664 12.548555374145508 36.10565185546875
v 26.67756462097168 12.198003768920898 37.10660171508789
v 22.944814682006836 12.992992401123047 34.737892150878906
v 25.185192108154297 12.991985321044922 33.98261260986328
v 28.847118377685547 12.12470531463623 38.22404098510742
v 29.558515548706055 11.183661460876465 38.88241958618164
v -11.12882137298584 -19.988977432250977 62.67036437988281
v -11.223174095153809 -20.74835968017578 61.51251220703125
v -7.732457637786865 -21.30626678466797 62.33173370361328
v 0.7725417613983154 -16.123403549194336 59.89947509765625
v 0.740962028503418 -15.827887535095215 59.99205017089844
v 0.2982271611690521 -17.536596298217773 59.84831237792969
v -8.258475303649902 -9.843768119812012 67.71854400634766
v -8.281386375427246 -11.360599517822266 67.8880615234375
v -7.11549186706543 -11.241247177124023 67.61033630371094
v -7.938499450683594 -9.301417350769043 67.36915588378906
v -7.531291484832764 -12.6251802444458 67.73085021972656
v -9.346891403198242 -12.862338066101074 67.66854858398438
v -8.832715034484863 -13.67659854888916 67.55345153808594
v -9.951936721801758 -9.364964485168457 67.66847229003906
v -10.750175476074219 -11.746135711669922 67.45468139648438
v -4.846088886260986 -14.198745727539062 65.34263610839844
v -5.092766761779785 -13.738595962524414 66.02198791503906
v -5.399971961975098 -14.94605541229248 65.93258666992188
v -6.479099273681641 -11.850239753723145 68.11476135253906
v -7.182754039764404 -10.808419227600098 68.01390838623047
v -6.358121871948242 -12.376877784729004 67.31165313720703
v -6.478557586669922 -14.00145149230957 67.17387390136719
v -5.7608160972595215 -13.065902709960938 66.80529022216797
v -5.65106201171875 -14.028231620788574 66.64042663574219
v -7.8487138748168945 -15.638099670410156 66.84291076660156
v -6.43459415435791 -15.877656936645508 66.32957458496094
v -6.696364402770996 -16.839366912841797 65.38265228271484
v -6.255642414093018 -16.318069458007812 65.28814697265625
v -5.7666215896606445 -15.677728652954102 65.48977661132812
v -7.407836437225342 -17.019943237304688 65.8204345703125
v -9.06375789642334 -19.188339233398438 63.62510681152344
v -7.2283430099487305 -17.442787170410156 64.63170623779297
v -5.5916948318481445 -11.942889213562012 68.88506317138672
v -6.9636311531066895 -9.940287590026855 68.68644714355469
v -5.658569812774658 -11.042789459228516 69.41510009765625
v -1.1548255681991577 -15.045980453491211 67.7122802734375
v -3.99947452545166 -13.390213012695312 68.5633773803711
v -3.070582866668701 -14.598214149475098 67.62287902832031
v -1.636338472366333 -13.914375305175781 68.80610656738281
v -4.084925651550293 -14.66416072845459 66.06594848632812
v -1.1176730394363403 -16.380918502807617 64.50840759277344
v -3.8262507915496826 -14.704486846923828 66.87130737304688
v -1.76095449924469 -15.867439270019531 66.152099609375
v -2.6162376403808594 -15.56240177154541 64.85755920410156
v 1.0921313762664795 -17.01344108581543 62.431739807128906
v -0.6531884670257568 -16.176502227783203 63.324012756347656
v -0.1439659148454666 -17.336591720581055 62.23876953125
v -0.2225281298160553 -16.173870086669922 62.5746955871582
v 2.4283854961395264 -14.743186950683594 67.95252990722656
v 1.8152906894683838 -12.826037406921387 69.48979187011719
v 0.8167378306388855 -14.051142692565918 68.76368713378906
v 0.23491297662258148 -12.336783409118652 69.9858627319336
v -2.6214237213134766 -11.825316429138184 70.19297790527344
v 1.5892016887664795 -10.885124206542969 70.48974609375
v -1.8269776105880737 -10.816856384277344 70.82357025146484
v 4.182916164398193 -12.329740524291992 69.12763977050781
v 3.418269395828247 -10.510889053344727 70.09112548828125
v -3.7331371307373047 -11.797064781188965 69.93106079101562
v 4.976974964141846 -13.308865547180176 68.25013732910156
v 3.716883420944214 -15.419673919677734 66.90946960449219
v 5.355854034423828 -14.995436668395996 66.60923767089844
v 6.582353591918945 -13.447335243225098 67.25855255126953
v -0.9353158473968506 -20.93079376220703 59.36029815673828
v -0.1430370956659317 -19.194143295288086 60.09739303588867
v -0.6439003348350525 -19.682621002197266 61.22389221191406
v 0.2703627347946167 -17.738149642944336 60.45134735107422
v 1.6231036186218262 -16.093219757080078 66.51859283447266
v 3.470592975616455 -16.723960876464844 65.04719543457031
v 5.1497344970703125 -15.854358673095703 65.64767456054688
v -7.500099182128906 -19.111557006835938 64.28781127929688
v -4.935100078582764 -13.676675796508789 67.53425598144531
v -4.6272759437561035 -14.24108600616455 66.67842102050781
v -4.997021198272705 -13.637356758117676 66.28569793701172
v -3.5562753677368164 -14.87654972076416 65.23737335205078
v -4.812497138977051 -15.431747436523438 65.69760131835938
v -4.521932601928711 -16.005678176879883 65.69489288330078
v -3.2303388118743896 -15.845070838928223 65.29225158691406
v -3.560377597808838 -16.273950576782227 65.42089080810547
v -7.182599067687988 -18.071439743041992 64.76886749267578
v -5.386968612670898 -16.623184204101562 65.63970184326172
v -8.51583480834961 -18.448925018310547 63.70506286621094
v 0.7337637543678284 -17.0098819732666 64.19276428222656
v 0.6009432673454285 -16.565908432006836 65.64473724365234
v 1.0432137250900269 -15.882223129272461 60.74090576171875
v 1.2401998043060303 -16.600196838378906 61.33387756347656
v 3.4744632244110107 -17.317859649658203 63.02292251586914
v -2.7668607234954834 -17.218477249145508 64.89773559570312
v -1.6299141645431519 -16.814598083496094 64.25352478027344
v -4.193984031677246 -17.4625244140625 65.30780792236328
v -2.6763010025024414 -18.65767478942871 64.22853088378906
v -1.4032835960388184 -19.05056381225586 63.05419158935547
v -1.3800631761550903 -17.69774627685547 63.81024932861328
v -0.4199785888195038 -17.27676010131836 62.81781005859375
v -4.672787666320801 -18.780200958251953 64.75114440917969
v -2.8367536067962646 -19.57162857055664 63.68756866455078
v -1.7896701097488403 -20.13479995727539 62.438934326171875
v -3.3068113327026367 -20.70880889892578 62.846221923828125
v -2.647353172302246 -21.273914337158203 61.7523078918457
v -0.7744761109352112 -18.919757843017578 62.364166259765625
v -0.08947546035051346 -18.091175079345703 61.51344680786133
v -1.5486429929733276 -21.232582092285156 60.51976776123047
v -5.557483673095703 -19.804914474487305 64.09709930419922
v -5.11753511428833 -21.286453247070312 62.634368896484375
v -3.978344440460205 -21.40030860900879 62.26972961425781
v -2.1462576389312744 -21.735071182250977 60.403900146484375
v -4.573172092437744 -22.071765899658203 61.39146041870117
v -3.472527265548706 -22.511404037475586 59.88275146484375
v -6.211755752563477 -17.66802406311035 65.23335266113281
v -6.629644393920898 -20.348892211914062 63.574562072753906
v -9.19897747039795 -21.96843719482422 60.54237365722656
v -6.957671642303467 -22.730682373046875 59.714332580566406
v 1.6068493127822876 -16.197168350219727 60.439430236816406
v -0.5123182535171509 -20.070789337158203 59.3674201965332
v -0.6130945682525635 -19.696632385253906 58.890472412109375
v -1.4377268552780151 -20.730091094970703 57.176116943359375
v -0.7990122437477112 -21.324844360351562 57.52674102783203
v -0.26006773114204407 -19.1422061920166 59.1588249206543
v -0.1139342412352562 -19.945785522460938 59.026702880859375
v 0.5290375351905823 -18.720911026000977 59.887939453125
v 25.18844223022461 -3.7197844982147217 45.82522964477539
v 24.829687118530273 -4.654636383056641 44.27798080444336
v 26.55418586730957 -4.1550116539001465 44.75864028930664
v 25.736595153808594 -4.847287654876709 43.42192077636719
v 28.8935604095459 -4.34743070602417 41.2194709777832
v 30.413951873779297 -3.14508056640625 41.711273193359375
v 29.01515769958496 -4.118091106414795 42.19596481323242
v 30.856454849243164 -2.451720714569092 42.12274169921875
v 30.935638427734375 -2.4226176738739014 41.061187744140625
v 26.570905685424805 -3.544161081314087 45.694183349609375
v 27.810251235961914 -4.400295734405518 43.12036895751953
v 28.53348731994629 -3.337035655975342 44.5457878112793
v 23.854198455810547 -4.154702186584473 45.10438919067383
v 24.639509201049805 -5.011146068572998 42.79056167602539
v 28.410730361938477 -4.304086208343506 39.707279205322266
v 29.625776290893555 -3.584796905517578 39.690486907958984
v 30.473011016845703 -3.126426935195923 40.79755401611328
v 30.244598388671875 -3.03261661529541 39.721988677978516
v 30.72068977355957 -2.2859270572662354 39.64118194580078
v 27.3209228515625 -4.885524272918701 41.88999557495117
v 28.698509216308594 -5.894680500030518 32.395809173583984
v 29.334514617919922 -4.8762359619140625 29.225765228271484
v 29.47499656677246 -5.605432987213135 30.91504669189453
v 27.912885665893555 -5.589642524719238 32.03929901123047
v 27.81001853942871 -5.740497589111328 33.61124038696289
v 30.488101959228516 -5.491188049316406 34.22039031982422
v 29.292177200317383 -5.703035354614258 34.90376281738281
v 30.17996597290039 -5.778656005859375 32.726470947265625
v 29.79598045349121 -4.9472126960754395 36.49583053588867
v 27.79012680053711 -5.208518981933594 36.26811599731445
v 28.163820266723633 -5.852264881134033 34.363040924072266
v 28.32009506225586 -5.494516849517822 36.03823471069336
v 29.645124435424805 -3.535879135131836 38.596885681152344
v 29.064926147460938 -3.3411378860473633 38.92793273925781
v 28.333797454833984 -4.402772903442383 38.20221710205078
v 27.514114379882812 -4.835755348205566 37.940677642822266
v 27.466279983520508 -5.339404106140137 37.52920913696289
v 27.575496673583984 -4.454012393951416 37.81707000732422
v 27.39360237121582 -3.535414934158325 38.59680938720703
v 28.085025787353516 -4.834129810333252 37.537261962890625
v 28.56917381286621 -4.8870720863342285 37.40715026855469
v 28.109872817993164 -3.6525230407714844 38.841007232666016
v 31.37442398071289 -4.004001617431641 36.54018020629883
v 29.994049072265625 -2.573317766189575 38.992713928222656
v 30.5510311126709 -2.490111827850342 38.816707611083984
v 32.10586166381836 -2.1765592098236084 37.69872283935547
v 30.78826332092285 -1.909757375717163 38.85517501831055
v 31.317611694335938 -1.2684884071350098 38.71468734741211
v 27.21929359436035 -3.7068583965301514 38.47149658203125
v 26.72942352294922 -4.0863566398620605 39.19465637207031
v 27.14885902404785 -4.352384090423584 38.767555236816406
v 27.21426010131836 -4.335433006286621 39.26911544799805
v 27.68470573425293 -4.474369049072266 39.53104019165039
v 22.277225494384766 -4.074282169342041 40.564659118652344
v 21.059627532958984 -4.757503032684326 40.24483108520508
v 21.874975204467773 -4.847752094268799 40.45265579223633
v 23.621374130249023 -4.7335076332092285 40.38198471069336
v 25.058176040649414 -4.300525188446045 40.00651550292969
v 23.947311401367188 -4.453935146331787 40.62247085571289
v 25.616008758544922 -5.2096028327941895 39.50843811035156
v 26.301856994628906 -5.068887233734131 41.75454330444336
v 26.518348693847656 -4.974225997924805 40.514347076416016
v 26.725553512573242 -4.697052478790283 39.76254653930664
v 22.89403533935547 -3.8217992782592773 40.538028717041016
v 23.705900192260742 -4.7914042472839355 41.61274337768555
v 26.823619842529297 -4.796280384063721 38.9671745300293
v 27.290815353393555 -4.895895957946777 40.581138610839844
v 23.189167022705078 -4.780490398406982 42.635990142822266
v 21.97389030456543 -4.204548358917236 41.9841194152832
v 23.086380004882812 -4.635130882263184 43.60218811035156
v 6.470664024353027 21.04759407043457 37.74190902709961
v 8.570094108581543 21.15007209777832 37.907630920410156
v 6.888165473937988 19.598953247070312 37.475807189941406
v 1.8794562816619873 19.609556198120117 38.27326965332031
v 3.6140174865722656 21.014158248901367 38.053218841552734
v 3.3463640213012695 19.074020385742188 37.780765533447266
v 5.204611778259277 19.098400115966797 37.483856201171875
v 5.2938551902771 10.688216209411621 70.53695678710938
v 3.716805934906006 11.298834800720215 70.50328826904297
v 4.582306385040283 9.698797225952148 71.38829040527344
v 5.208868980407715 11.866572380065918 69.42609405517578
v 2.8985979557037354 12.387948036193848 69.50566101074219
v 3.437387704849243 13.011180877685547 68.26863098144531
v 6.0191826820373535 12.090339660644531 68.36461639404297
v 4.114803314208984 12.870156288146973 67.76800537109375
v 1.862505555152893 13.551287651062012 66.74166107177734
v 6.6578192710876465 11.048365592956543 69.53553771972656
v 7.725724220275879 9.96590805053711 69.67214965820312
v 0.7974649667739868 10.739765167236328 70.88487243652344
v 1.250881314277649 13.649200439453125 67.41234588623047
v -2.2721118927001953 13.338201522827148 66.38213348388672
v -2.4718070030212402 12.543987274169922 67.2929916381836
v -0.5869330167770386 13.114667892456055 68.11274719238281
v -0.7038862705230713 13.945568084716797 66.28236389160156
v -2.2742016315460205 13.710501670837402 65.27490997314453
v 0.7185156941413879 13.360879898071289 68.11003875732422
v 0.8951452970504761 14.349603652954102 66.3716049194336
v -0.5878618359565735 14.003232955932617 65.39132690429688
v 2.7618298530578613 14.379403114318848 67.15552520751953
v -1.5926069021224976 13.891697883605957 64.6680908203125
v 0.35356900095939636 12.338254928588867 69.41687774658203
v 2.8140759468078613 15.242039680480957 66.93842315673828
v 0.34954413771629333 15.195443153381348 65.93739318847656
v 5.95455265045166 13.103212356567383 67.80414581298828
v 4.431451797485352 13.846960067749023 67.6141357421875
v 4.695699214935303 12.637255668640137 67.61181640625
v 0.60365229845047 17.29642105102539 64.85655975341797
v 1.70809006690979 16.29848861694336 66.0970687866211
v -3.2879252433776855 12.844846725463867 63.45923614501953
v -3.483285903930664 12.736252784729004 64.67211151123047
v -2.855562448501587 13.426362037658691 64.5512924194336
v -2.5665462017059326 13.410107612609863 63.718994140625
v -3.295355796813965 12.39576530456543 66.02129364013672
v -0.23847277462482452 16.22789764404297 65.09232330322266
v -1.3460838794708252 14.48714542388916 64.96306610107422
v -7.708617210388184 8.16958236694336 70.72999572753906
v -8.163427352905273 8.63228702545166 70.9686279296875
v -8.017681121826172 8.163854598999023 71.65958404541016
v -8.804696083068848 7.491005897521973 72.47221374511719
v -8.612664222717285 9.302813529968262 70.78409576416016
v -10.043733596801758 9.801277160644531 70.21821594238281
v -11.371088027954102 9.572710990905762 69.64366912841797
v -12.762917518615723 9.750734329223633 68.01530456542969
v -12.962301254272461 8.61479377746582 68.90789031982422
v -9.502313613891602 6.716761589050293 72.79235076904297
v -10.426870346069336 10.48178768157959 69.37733459472656
v -11.153977394104004 11.333820343017578 67.64346313476562
v -12.564149856567383 11.011985778808594 66.35636138916016
v -6.849154949188232 7.993029594421387 72.11408233642578
v -7.826809406280518 7.649755477905273 72.43916320800781
v -6.090778350830078 7.774991035461426 72.82633209228516
v -13.31471061706543 10.154380798339844 66.54568481445312
v -13.776949882507324 8.952107429504395 67.31745147705078
v -14.835951805114746 7.5186381340026855 66.34909057617188
v -14.298633575439453 7.355244159698486 67.79595184326172
v -13.114627838134766 5.9720072746276855 70.34678649902344
v -12.328386306762695 7.348355293273926 70.51264953613281
v -7.223931312561035 5.743673324584961 74.0032958984375
v -9.15215015411377 5.1194329261779785 73.75963592529297
v -8.913135528564453 3.965071678161621 74.2091064453125
v -6.8649444580078125 3.7772185802459717 74.67698669433594
v -12.560047149658203 -0.8112795948982239 72.23513793945312
v -12.027915000915527 -1.6303391456604004 72.50077819824219
v -11.061172485351562 -1.9265533685684204 73.16116333007812
v -11.027116775512695 0.003677699714899063 73.61798858642578
v -10.717435836791992 2.12880539894104 73.72952270507812
v -9.539774894714355 1.439005732536316 74.36715698242188
v -12.172731399536133 1.659986138343811 72.67036437988281
v -11.166361808776855 3.934575080871582 73.03732299804688
v -10.98021125793457 6.285172462463379 72.22051239013672
v -12.916557312011719 0.755011260509491 71.96647644042969
v -13.652177810668945 -0.1344834417104721 70.97334289550781
v -12.766321182250977 -2.5153443813323975 71.18681335449219
v -14.248323440551758 5.4010186195373535 68.90758514404297
v -14.182918548583984 1.009970784187317 70.00605773925781
v -14.702048301696777 0.2573988735675812 68.9908676147461
v -14.67464828491211 -0.72907954454422 68.8978271484375
v -5.7498250007629395 -1.1197233200073242 74.88148498535156
v -7.2394890785217285 -1.8509323596954346 74.62892150878906
v -4.771087169647217 -3.010944128036499 74.396484375
v -12.10183334350586 -9.035002708435059 67.00723266601562
v -11.046777725219727 -7.195252895355225 66.74940490722656
v -11.678370475769043 -7.664690971374512 66.87835693359375
v -10.108519554138184 -8.252941131591797 67.39222717285156
v -12.139450073242188 -6.47108793258667 67.15180969238281
v -9.402077674865723 -6.99269437789917 69.603271484375
v -11.776283264160156 -6.924503803253174 66.37803649902344
v -12.459271430969238 -7.137047290802002 66.3206787109375
v -9.670042037963867 -7.643096923828125 67.0407485961914
v -13.249382972717285 -8.778494834899902 66.41185760498047
v -2.470104217529297 1.0415505170822144 74.74502563476562
v -4.453278064727783 2.524634838104248 74.94287109375
v -5.316997528076172 0.3714108169078827 74.99688720703125
v -3.797767162322998 -1.690015435218811 74.6949462890625
v -3.637237310409546 4.242941856384277 74.61870574951172
v -1.8222562074661255 4.066544532775879 74.2518310546875
v -2.688375473022461 5.54746150970459 74.0533676147461
v -4.100560665130615 6.876827239990234 73.64190673828125
v -5.42164421081543 5.0373101234436035 74.46530151367188
v -7.492745876312256 0.8682491779327393 74.86740112304688
v -9.064066886901855 -0.9937914609909058 74.39254760742188
v -7.740893840789795 -7.672740936279297 69.11602020263672
v -7.725103855133057 -7.842714309692383 68.29618835449219
v -7.578583717346191 -6.746868133544922 71.02241516113281
v -8.718239784240723 -7.805329322814941 66.88772583007812
v -7.808233261108398 -7.8133015632629395 66.8886489868164
v -8.162884712219238 -7.962067127227783 66.57942962646484
v -7.983391761779785 -7.973986625671387 66.61170959472656
v -10.32524299621582 -6.349955081939697 69.85798645019531
v -8.879929542541504 -6.03555154800415 71.37482452392578
v -11.113186836242676 -3.5561583042144775 72.18939208984375
v -8.5852632522583 -4.3536224365234375 73.117431640625
v -11.325188636779785 -5.78252649307251 69.5702133178711
v -11.234628677368164 -4.703785419464111 71.04541015625
v -7.171144008636475 7.8914794921875 71.97390747070312
v -9.615551948547363 -3.4505057334899902 73.25799560546875
v -12.773519515991211 -3.6076300144195557 70.16465759277344
v -13.705894470214844 -2.057670831680298 70.07402038574219
v -9.630256652832031 -2.221529483795166 73.85321044921875
v -7.56797981262207 8.311381340026855 70.6878890991211
v -7.258994102478027 8.983378410339355 71.2348861694336
v -8.009476661682129 9.2418212890625 70.84779357910156
v -6.871988296508789 8.41540813446045 71.66267395019531
v -8.09988021850586 10.567238807678223 70.21736145019531
v -7.647548198699951 12.380826950073242 67.61699676513672
v -8.3121919631958 12.670461654663086 66.38352966308594
v -9.970589637756348 11.978726387023926 67.42411041259766
v -9.727783203125 12.6884183883667 64.8045425415039
v -9.893808364868164 12.525102615356445 65.8390884399414
v -8.91158676147461 11.404720306396484 69.0272445678711
v -11.192678451538086 11.902873992919922 66.38438415527344
v -12.36398983001709 11.542415618896484 65.34394836425781
v -7.057131767272949 12.085927963256836 68.4297103881836
v -11.429293632507324 12.264260292053223 64.130615234375
v -6.414159774780273 8.433752059936523 72.07662200927734
v -6.2612152099609375 10.1721830368042 70.98603820800781
v -4.393833637237549 8.854660034179688 72.31602478027344
v -13.207895278930664 10.863761901855469 65.23675537109375
v -5.018538951873779 10.890621185302734 70.34321594238281
v -4.189571857452393 11.534753799438477 69.13924407958984
v -5.043152332305908 12.123621940612793 68.0953369140625
v -5.712827682495117 12.5625638961792 66.47718811035156
v -3.9431264400482178 -6.714901447296143 70.74516296386719
v -5.65299654006958 -7.516236305236816 69.45535278320312
v -3.44551420211792 -6.953297138214111 71.42544555664062
v -6.7780232429504395 -8.720908164978027 68.8990707397461
v -5.088122367858887 -8.150306701660156 70.43772888183594
v -5.017145156860352 -6.7426886558532715 71.32420349121094
v -12.463838577270508 11.753334999084473 63.76582336425781
v -13.757288932800293 10.60191535949707 63.20899963378906
v -1.3271981477737427 8.0225191116333 72.12538146972656
v -2.9383041858673096 7.969809532165527 72.81549072265625
v -1.6016627550125122 6.341830253601074 73.33756256103516
v -3.472062826156616 10.089131355285645 71.05035400390625
v -3.7386324405670166 11.816803932189941 68.03108978271484
v -3.3759305477142334 10.774209976196289 70.11558532714844
v -5.0863423347473145 -9.41991901397705 70.38207244873047
v -6.651549339294434 -5.647229194641113 72.57562255859375
v -6.142559051513672 -9.494843482971191 69.57810974121094
v -7.318670272827148 -7.863845348358154 67.61800384521484
v -6.332579135894775 -7.0075554847717285 70.926513671875
v -7.219209671020508 7.869110584259033 71.22946166992188
v 0.25201866030693054 -2.768368721008301 71.4294662475586
v -0.09040427207946777 -3.062803030014038 71.56608581542969
v 0.8176665902137756 -3.7073230743408203 71.61050415039062
v 0.4004741609096527 -4.35153341293335 72.12252807617188
v 1.2045179605484009 -4.99899435043335 71.75439453125
v 1.6472527980804443 -5.209292888641357 71.1282958984375
v 2.107557773590088 -5.366572856903076 71.52822875976562
v 2.817868709564209 -5.926569938659668 71.44758605957031
v 4.453510761260986 -8.407820701599121 69.20162963867188
v 3.063385248184204 -6.763896942138672 70.05583190917969
v 3.136916399002075 -7.032168865203857 69.91085815429688
v 2.522815227508545 -6.984025955200195 70.77519989013672
v 2.970890998840332 -5.352640151977539 71.93574523925781
v 1.132999062538147 -3.7138242721557617 72.07283020019531
v 1.9480338096618652 -3.286802053451538 72.6817398071289
v -15.391151428222656 -0.9534655809402466 66.61148071289062
v -9.843265533447266 12.376569747924805 62.912391662597656
v -11.570550918579102 11.98863410949707 62.414085388183594
v -9.918886184692383 12.628046035766602 63.838653564453125
v -8.609722137451172 12.536015510559082 63.469451904296875
v -11.673338890075684 12.125556945800781 63.069053649902344
v -6.972842216491699 12.644376754760742 64.54293060302734
v -5.754004955291748 12.004424095153809 63.632301330566406
v -5.402294158935547 11.630188941955566 63.13848114013672
v -3.9061286449432373 11.546441078186035 64.26080322265625
v -4.177342414855957 11.000995635986328 63.19042205810547
v -3.9575231075286865 11.168182373046875 62.86610794067383
v -13.280498504638672 11.060206413269043 62.66827392578125
v -4.4470086097717285 12.22579288482666 65.73158264160156
v -12.281713485717773 -5.465568542480469 68.42908477783203
v -12.929638862609863 -5.241724491119385 67.50770568847656
v -13.098450660705566 -6.175801753997803 65.98916625976562
v -4.111319541931152 11.18288803100586 62.71904754638672
v -3.35758638381958 11.777948379516602 66.33174133300781
v -13.292805671691895 -3.525430202484131 68.88064575195312
v -12.618563652038574 -4.236127853393555 68.13458251953125
v -12.899373054504395 -3.946337938308716 68.4652328491211
v -13.271055221557617 -3.4314651489257812 68.42189025878906
v -12.465153694152832 -3.4605679512023926 68.41221618652344
v -12.821199417114258 -3.2083170413970947 68.41546630859375
v -12.31623363494873 -3.8111178874969482 67.96328735351562
v -12.62405776977539 -4.181327819824219 67.91290283203125
v -14.153428077697754 -2.9602465629577637 67.74292755126953
v -13.530426979064941 -3.2581636905670166 67.89385986328125
v -13.109209060668945 -3.188812255859375 67.95330810546875
v -14.048704147338867 -4.648134708404541 66.52951049804688
v -12.713301658630371 -3.610106945037842 67.6773681640625
v -12.71399974822998 -3.3977181911468506 67.83658599853516
v -2.3273766040802 9.751275062561035 70.97271728515625
v -0.9306716918945312 8.818513870239258 70.66768646240234
v -0.4160311222076416 7.450911998748779 71.7770767211914
v -2.931879758834839 11.168105125427246 69.02894592285156
v -1.729219913482666 9.848491668701172 70.28895568847656
v -1.9688541889190674 10.530704498291016 69.0716781616211
v -1.82899010181427 12.086236953735352 68.44418334960938
v -2.4571783542633057 11.028550148010254 68.37382507324219
v 1.8553845882415771 10.418628692626953 71.25237274169922
v -0.9709978103637695 11.755424499511719 69.3889389038086
v -0.8304371237754822 9.435555458068848 70.73161315917969
v -13.171670913696289 -6.256840705871582 65.16957092285156
v -15.039285659790039 -10.795337677001953 65.18125915527344
v 11.385485649108887 23.467540740966797 52.324913024902344
v 12.869498252868652 23.160724639892578 52.20479202270508
v 10.769835472106934 25.430437088012695 49.15974807739258
v 9.995901107788086 22.323318481445312 53.63493347167969
v 11.348332405090332 22.41534996032715 54.068382263183594
v 11.803683280944824 25.905834197998047 47.729373931884766
v 13.281813621520996 24.417179107666016 48.84851837158203
v 13.603958129882812 21.84807586669922 53.66875457763672
v 10.51286506652832 22.832618713378906 39.029945373535156
v 12.39618968963623 21.098987579345703 39.22971725463867
v 9.1080322265625 19.200336456298828 37.632076263427734
v 8.1566162109375 22.80196762084961 54.54300308227539
v 9.292479515075684 21.62090492248535 53.575565338134766
v 9.993037223815918 26.76986312866211 47.91807556152344
v 7.286162853240967 26.723346710205078 49.934226989746094
v 10.810702323913574 26.918550491333008 46.36579895019531
v 10.526021957397461 25.979598999023438 48.66794204711914
v 10.27934455871582 24.911230087280273 49.346290588378906
v 10.671459197998047 24.91811752319336 49.62609100341797
v 8.95531940460205 20.930564880371094 53.95947265625
v 9.564621925354004 20.71422576904297 54.92970275878906
v 10.617433547973633 21.600238800048828 54.87195587158203
v 8.11822509765625 21.148988723754883 54.83008575439453
v 8.960737228393555 20.563447952270508 54.530696868896484
v 10.09915542602539 24.298444747924805 49.35898208618164
v 14.28199291229248 22.644304275512695 42.30455780029297
v 13.463629722595215 22.517210006713867 40.89802169799805
v 13.462468147277832 24.099369049072266 42.583045959472656
v 11.448333740234375 25.002872467041016 41.13850784301758
v 9.3909330368042 27.139455795288086 42.67646789550781
v 10.843985557556152 26.774818420410156 43.51534652709961
v 12.015918731689453 25.399629592895508 42.25927734375
v 13.265947341918945 24.843351364135742 43.619606018066406
v 15.832415580749512 20.23387336730957 51.612979888916016
v 14.50692081451416 23.51321029663086 46.910160064697266
v 14.14731502532959 23.12674331665039 50.099552154541016
v 11.029594421386719 26.916152954101562 45.351375579833984
v 12.472661972045898 25.881221771240234 44.87203598022461
v 12.622665405273438 25.73617172241211 46.01478576660156
v 12.419256210327148 24.045883178710938 41.05158615112305
v 14.526116371154785 23.108478546142578 43.77448272705078
v 14.057297706604004 24.15006446838379 44.809879302978516
v 20.347694396972656 10.587516784667969 41.097869873046875
v 19.810375213623047 9.713271141052246 42.199363708496094
v 21.016904830932617 10.096562385559082 43.3033447265625
v 23.379962921142578 10.795726776123047 44.24384307861328
v 22.9344425201416 9.973030090332031 45.1314811706543
v 21.846412658691406 9.310089111328125 44.98472595214844
v 24.135089874267578 9.885102272033691 45.82291030883789
v 24.011478424072266 8.857059478759766 46.685462951660156
v 23.863256454467773 6.530688762664795 47.82434844970703
v 24.37503433227539 5.349701881408691 48.212669372558594
v 22.761913299560547 7.4803242683410645 46.98756408691406
v 22.597204208374023 4.350993633270264 48.17063903808594
v 22.147424697875977 4.530951499938965 47.881778717041016
v 20.546772003173828 15.149157524108887 51.824134826660156
v 19.326692581176758 15.918601989746094 51.291996002197266
v 19.792417526245117 14.75750732421875 53.77046203613281
v 21.02425765991211 14.360671043395996 52.759063720703125
v 20.36913299560547 15.82843017578125 49.0657844543457
v 20.90049171447754 15.20202350616455 50.77201843261719
v 14.62666130065918 13.715533256530762 56.58917999267578
v 15.358643531799316 13.76158618927002 57.23556137084961
v 16.060440063476562 14.20254135131836 56.63500213623047
v 16.08644676208496 13.954778671264648 57.21171569824219
v 16.391948699951172 14.354401588439941 55.475921630859375
v 15.681406021118164 14.231566429138184 56.16386413574219
v 17.92464828491211 14.348984718322754 56.042579650878906
v 17.56256675720215 14.811765670776367 54.68464660644531
v 17.026561737060547 14.599763870239258 54.15839767456055
v 16.759296417236328 13.744482040405273 57.48478698730469
v 18.38371467590332 13.129915237426758 57.34074783325195
v 19.753021240234375 13.985198974609375 55.12962341308594
v 19.650850296020508 12.721623420715332 56.59831237792969
v 18.758337020874023 15.684309959411621 52.378170013427734
v 22.105009078979492 13.214591026306152 52.43397521972656
v 20.954830169677734 13.091137886047363 54.71893310546875
v 15.993642807006836 12.951969146728516 58.401222229003906
v 17.26557731628418 12.29653549194336 58.641395568847656
v 18.053752899169922 11.91595458984375 58.4587287902832
v 17.829910278320312 16.4666805267334 49.453643798828125
v 16.78313636779785 16.10746192932129 48.993804931640625
v 18.679231643676758 16.324338912963867 50.21255874633789
v 13.202169418334961 7.066305160522461 61.98125457763672
v 12.498825073242188 6.385716438293457 62.006256103515625
v 13.803499221801758 6.412188529968262 62.55410385131836
v 13.969215393066406 8.112847328186035 61.570411682128906
v 14.28315258026123 14.154707908630371 57.004905700683594
v 14.678054809570312 13.239283561706543 57.771949768066406
v 14.339269638061523 15.249391555786133 57.062721252441406
v 13.866889953613281 17.041385650634766 56.905982971191406
v 14.007451057434082 17.642637252807617 57.67333984375
v 14.762499809265137 15.382678031921387 57.771484375
v 12.942720413208008 19.095380783081055 59.0687255859375
v 11.186951637268066 20.73574447631836 57.865760803222656
v 11.329833984375 20.18062400817871 59.88221740722656
v 13.803653717041016 16.096315383911133 62.169189453125
v 14.015809059143066 16.954307556152344 60.76025390625
v 13.314942359924316 17.543872833251953 61.43279266357422
v 12.329702377319336 19.008459091186523 60.80530548095703
v 12.206247329711914 18.389713287353516 61.958892822265625
v 14.07239055633545 17.66771697998047 58.551307678222656
v 14.703364372253418 16.066207885742188 59.80125427246094
v 14.860488891601562 15.796154022216797 58.85967254638672
v 12.463683128356934 19.11960792541504 56.28406524658203
v 12.892951011657715 19.026260375976562 56.860626220703125
v 12.662605285644531 19.535947799682617 57.74408721923828
v 14.976746559143066 11.817500114440918 59.07917785644531
v 15.543709754943848 11.595745086669922 59.44652557373047
v 14.697946548461914 10.1643648147583 60.304359436035156
v 14.361173629760742 8.066329002380371 61.67993927001953
v 15.625367164611816 9.690979957580566 60.6866455078125
v 15.104536056518555 11.656660079956055 60.102813720703125
v 17.16348648071289 15.14760971069336 52.512847900390625
v 12.490851402282715 21.41819190979004 54.94061279296875
v 11.586495399475098 20.947437286376953 55.481956481933594
v 12.9385404586792 19.511953353881836 56.171142578125
v 12.618718147277832 22.00767707824707 54.225040435791016
v 14.311792373657227 20.25090217590332 54.93937683105469
v 15.478693008422852 19.682313919067383 54.00157928466797
v 16.284053802490234 18.904508590698242 52.97021484375
v 16.01848793029785 18.193889617919922 54.804466247558594
v 16.5323543548584 17.595190048217773 54.26018142700195
v 14.997257232666016 18.95404624938965 55.4951171875
v 14.701507568359375 17.91617202758789 56.38669967651367
v 14.899190902709961 21.280805587768555 52.47786331176758
v 15.989850044250488 20.372732162475586 47.24453353881836
v 12.697745323181152 19.650192260742188 38.992095947265625
v 11.766608238220215 18.395132064819336 38.313209533691406
v 11.103899002075195 17.388607025146484 37.99903869628906
v 15.224584579467773 15.583609580993652 56.734771728515625
v 10.764184951782227 20.668405532836914 55.881736755371094
v 8.874048233032227 21.443424224853516 55.38102722167969
v 10.346141815185547 21.094806671142578 56.18878173828125
v 10.444363594055176 20.537906646728516 55.44580841064453
v 8.803303718566895 21.870136260986328 56.99561309814453
v 9.017163276672363 21.7557373046875 57.98434066772461
v 17.78439712524414 16.65252113342285 47.35862731933594
v 16.634368896484375 16.301118850708008 48.716552734375
v 14.949191093444824 21.962940216064453 43.2204475402832
v 15.067304611206055 20.301910400390625 41.902923583984375
v 14.145380020141602 20.811908721923828 40.6737174987793
v 14.024787902832031 19.48014259338379 40.02749252319336
v 17.051176071166992 16.65677833557129 52.11833572387695
v 16.340167999267578 16.449729919433594 46.51936340332031
v 15.163825035095215 22.321308135986328 45.41670608520508
v 15.743715286254883 20.255470275878906 44.188499450683594
v 6.734369277954102 11.82895565032959 67.65105438232422
v 7.971782207489014 12.40056324005127 67.63092803955078
v 8.7206392288208 13.11660099029541 67.35089111328125
v 12.222500801086426 6.3459320068359375 62.16748809814453
v 12.719185829162598 7.179233551025391 63.212711334228516
v 12.192855834960938 6.806314468383789 63.561561584472656
v 13.092645645141602 5.411003112792969 62.76548767089844
v 13.2820463180542 5.101320743560791 63.90723419189453
v 6.090623378753662 21.910385131835938 59.804039001464844
v 8.267455101013184 21.230804443359375 60.74066925048828
v 7.782459259033203 21.97524642944336 58.721588134765625
v 10.046907424926758 20.982419967651367 59.64854431152344
v 9.989940643310547 19.147781372070312 63.0622444152832
v 11.707086563110352 16.87628746032715 64.0193099975586
v 9.8504638671875 16.97458839416504 65.19403076171875
v 19.092634201049805 16.456153869628906 48.63589859008789
v 21.986120223999023 14.190079689025879 50.11712646484375
v 22.368558883666992 13.646336555480957 49.177162170410156
v 22.519880294799805 13.215288162231445 50.87194061279297
v 18.721416473388672 12.459542274475098 42.097896575927734
v 19.306415557861328 13.961359024047852 43.36874771118164
v 20.43035888671875 13.92892837524414 44.60383987426758
v 19.870515823364258 12.249088287353516 43.126251220703125
v 20.196063995361328 14.850157737731934 45.1995964050293
v 20.63671112060547 11.705268859863281 43.96891403198242
v 21.050495147705078 14.703946113586426 46.511234283447266
v 21.678373336791992 13.035950660705566 45.93243408203125
v 18.359487533569336 14.894972801208496 43.423622131347656
v 19.4168643951416 15.71728229522705 45.51694107055664
v 18.366609573364258 16.160017013549805 45.379398345947266
v 18.97645378112793 16.31776237487793 46.54706954956055
v 20.19072151184082 15.810318946838379 47.289039611816406
v 21.675432205200195 14.543880462646484 48.22172546386719
v 22.247657775878906 13.512200355529785 47.86977767944336
v 16.36168670654297 13.190288543701172 41.44184112548828
v 17.793142318725586 13.993635177612305 42.34542465209961
v 16.47469139099121 11.73692512512207 40.75482940673828
v 17.950733184814453 12.913346290588379 41.78434371948242
v 16.503097534179688 14.319493293762207 42.29465103149414
v 17.565738677978516 10.951071739196777 40.900577545166016
v 16.472524642944336 10.241766929626465 40.3312873840332
v 17.54352378845215 15.29211711883545 43.471923828125
v 16.583362579345703 15.425711631774902 43.616580963134766
v 17.422237396240234 15.936095237731934 44.460723876953125
v 17.889739990234375 16.418615341186523 45.84326171875
v 16.63947868347168 16.119304656982422 45.1992073059082
v 17.274402618408203 16.529918670654297 46.44041061401367
v 16.00029945373535 15.42749309539795 44.0237922668457
v 16.5421085357666 16.226348876953125 46.28538131713867
v 22.915632247924805 12.473320960998535 49.4534912109375
v 21.294620513916016 11.983448028564453 55.214149475097656
v 24.251344680786133 -2.828122854232788 46.64575958251953
v 23.090560913085938 -2.297614812850952 46.68662643432617
v 23.622228622436523 -0.4535311460494995 47.8254280090332
v 22.168170928955078 0.4599578380584717 47.62488555908203
v 24.52039337158203 0.5940941572189331 48.22667694091797
v 23.06563377380371 2.4278059005737305 48.398277282714844
v 25.988924026489258 0.9149994850158691 48.1761360168457
v 24.573335647583008 3.3459389209747314 48.47304916381836
v 23.036224365234375 -3.2969417572021484 45.81989288330078
v 10.092497825622559 -8.543660163879395 64.38494873046875
v 9.751623153686523 -6.102657318115234 63.80831527709961
v 10.112312316894531 -6.503828048706055 65.13380432128906
v 10.147220611572266 -5.588636875152588 63.658546447753906
v 11.738667488098145 -4.781109809875488 64.13695526123047
v 10.269669532775879 -6.040659427642822 64.91677856445312
v 8.96035099029541 -13.183552742004395 62.96874237060547
v 9.739161491394043 -9.891215324401855 63.692283630371094
v 9.665630340576172 -11.734061241149902 63.90583801269531
v 8.976527214050293 -12.429741859436035 62.87315368652344
v 9.808667182922363 -10.210573196411133 63.409156799316406
v 7.9153571128845215 -14.143637657165527 61.668792724609375
v 9.507267951965332 -12.24514102935791 64.40283203125
v 8.782173156738281 -13.84610652923584 63.681297302246094
v 7.184844493865967 -15.599708557128906 61.42853546142578
v 7.840742588043213 -15.170132637023926 62.34581756591797
v 9.968423843383789 -10.637981414794922 64.74146270751953
v 9.28435230255127 -11.716489791870117 65.71803283691406
v 1.892924189567566 -17.614152908325195 60.689048767089844
v 2.8708884716033936 -21.400386810302734 59.155029296875
v 1.9163767099380493 -21.6876220703125 58.76306915283203
v 3.9937474727630615 -22.04908561706543 58.62104034423828
v 1.450034499168396 -19.656461715698242 59.9744758605957
v 4.773177623748779 -20.065446853637695 60.028114318847656
v 3.4914910793304443 -19.250566482543945 60.48973846435547
v 3.317802906036377 -18.554655075073242 60.74113464355469
v 4.028655529022217 -17.013595581054688 60.969932556152344
v 7.057209491729736 -25.45737075805664 51.360809326171875
v 6.707434177398682 -24.306182861328125 54.54137420654297
v 4.994467735290527 -25.101713180541992 53.768836975097656
v 5.034484386444092 -25.64112091064453 51.861595153808594
v 7.030892848968506 -25.953899383544922 48.65911865234375
v 5.459184169769287 -26.02108383178711 48.24053192138672
v 3.443037986755371 -25.185230255126953 53.516357421875
v 4.011162757873535 -25.680208206176758 51.34021759033203
v 1.8837908506393433 -24.047277450561523 55.7929573059082
v 4.064878940582275 -23.918094635009766 56.37578582763672
v 3.830817699432373 -25.743059158325195 48.88954162597656
v 6.857669353485107 -25.85211753845215 46.316341400146484
v 8.112188339233398 -25.504817962646484 45.406028747558594
v 8.39268970489502 -25.747468948364258 46.86124038696289
v 4.977284908294678 -25.90420913696289 47.35243225097656
v 8.623345375061035 -25.612327575683594 48.69232177734375
v 10.426329612731934 -24.841259002685547 49.31896209716797
v 10.11920166015625 -25.242660522460938 46.33429718017578
v 11.429681777954102 -24.753021240234375 47.54036331176758
v 12.078690528869629 -24.443105697631836 46.11703109741211
v 14.217827796936035 -23.306079864501953 46.82664489746094
v 14.80019474029541 -22.760713577270508 47.92559051513672
v 12.259886741638184 -23.6995906829834 50.04994201660156
v 13.75992202758789 -22.710479736328125 50.19963455200195
v -0.02709008753299713 -23.6101131439209 54.75508117675781
v 1.6718662977218628 -24.69504737854004 50.870235443115234
v 2.4637579917907715 -25.221839904785156 50.47394561767578
v 1.5018932819366455 -24.63947296142578 53.64081573486328
v 3.0620694160461426 -22.923023223876953 57.7120361328125
v 4.516592502593994 -22.99268341064453 57.58293151855469
v 0.7750959396362305 -22.565275192260742 57.45592498779297
v 15.697041511535645 -22.206674575805664 45.920738220214844
v 13.628649711608887 -23.614601135253906 45.93637466430664
v 14.108226776123047 -22.76117706298828 44.410030364990234
v 16.582124710083008 -20.78187370300293 44.212188720703125
v 18.255382537841797 -19.74113655090332 46.03181457519531
v 16.6544189453125 -21.433591842651367 46.71456527709961
v 17.701810836791992 -19.99656105041504 44.779232025146484
v 16.380416870117188 -21.354875564575195 48.42854309082031
v 10.643672943115234 -24.888471603393555 45.44983673095703
v 12.375213623046875 -23.948123931884766 44.85654830932617
v 3.9997074604034424 -25.519367218017578 46.637630462646484
v 5.785508155822754 -21.38235092163086 58.90300750732422
v 5.8931732177734375 -23.1375789642334 56.99848175048828
v 6.887236595153809 -21.456968307495117 58.40764617919922
v 6.93623161315918 -19.52348518371582 59.87702941894531
v 13.954972267150879 -17.4610538482666 56.4058952331543
v 12.905101776123047 -16.02680778503418 59.408905029296875
v 14.586411476135254 -19.531457901000977 53.94593048095703
v 15.239601135253906 -11.620667457580566 61.57722473144531
v 11.439820289611816 -17.103769302368164 59.599700927734375
v 9.282417297363281 -15.925025939941406 61.131935119628906
v 8.49485969543457 -16.473413467407227 60.391746520996094
v 9.701003074645996 -14.596047401428223 62.027774810791016
v 10.732373237609863 -14.988548278808594 61.72861862182617
v 9.873220443725586 -17.488374710083008 59.699859619140625
v 11.592610359191895 -14.89520263671875 61.503387451171875
v 11.22356128692627 -20.956954956054688 55.36268615722656
v 15.218392372131348 -20.90285301208496 51.44742202758789
v 16.434907913208008 -17.972673416137695 53.17129898071289
v 12.979253768920898 -22.098777770996094 52.30997848510742
v 15.711670875549316 -21.33397674560547 49.92068099975586
v 9.888313293457031 -20.93822479248047 55.88274383544922
v 8.441530227661133 -22.130203247070312 54.63170623779297
v 8.429068565368652 -23.20143699645996 54.18827819824219
v 9.404324531555176 -20.64030647277832 55.973915100097656
v 7.842754364013672 -24.506961822509766 53.00597381591797
v 17.815513610839844 -18.59954833984375 50.54212951660156
v 17.527271270751953 -20.19919776916504 48.429931640625
v 18.6839542388916 -18.45465087890625 48.87591552734375
v 7.904211044311523 -16.470239639282227 59.8856201171875
v 8.460570335388184 -17.011428833007812 59.555816650390625
v 9.400299072265625 -19.0501766204834 56.98137283325195
v 8.633872985839844 -20.85401153564453 55.06708526611328
v 9.842724800109863 -18.924787521362305 57.878761291503906
v 9.232880592346191 -18.064393997192383 58.324981689453125
v 9.257338523864746 -18.997079849243164 58.314998626708984
v 9.25161075592041 -18.960237503051758 57.2227897644043
v 18.560035705566406 -19.2957706451416 47.177738189697266
v 19.16407585144043 -18.417499542236328 45.78590774536133
v 19.592025756835938 -17.436981201171875 47.60994338989258
v 18.83008575439453 -17.53543472290039 43.40141296386719
v 19.329710006713867 -17.617868423461914 44.553993225097656
v 19.981584548950195 -16.785184860229492 45.704795837402344
v 18.64796257019043 -17.212440490722656 50.484161376953125
v 11.886116027832031 -5.827032089233398 64.35616302490234
v 10.692976951599121 -8.721063613891602 63.94090270996094
v 11.038804054260254 -5.267421722412109 63.96946716308594
v 13.958610534667969 -1.210127830505371 62.25727081298828
v 13.6581392288208 -1.868812084197998 62.86061477661133
v 13.540566444396973 -2.426565170288086 63.32316589355469
v 11.543150901794434 -10.616387367248535 63.69716262817383
v 9.50742244720459 -13.158474922180176 62.62067413330078
v 10.983308792114258 -12.569219589233398 63.018280029296875
v 15.00670051574707 -0.35786333680152893 62.930118560791016
v 14.13485336303711 0.558102548122406 63.26534652709961
v 13.98670768737793 -0.5558556318283081 62.7828254699707
v 14.590126991271973 0.9080333709716797 63.36534881591797
v 7.94871711730957 -15.01881217956543 63.44863510131836
v 7.433766841888428 -15.190178871154785 64.32450866699219
v 6.624459266662598 -16.04422378540039 63.738189697265625
v 7.923096656799316 -13.508638381958008 66.01285552978516
v 8.615760803222656 -13.558329582214355 64.90045166015625
v 6.017788887023926 -16.649734497070312 61.85153579711914
v 7.886795997619629 -12.078804969787598 67.2075424194336
v 22.269102096557617 -4.4031596183776855 43.23151397705078
v 20.91124725341797 -3.585261106491089 42.28365707397461
v 22.178306579589844 -4.044404983520508 44.20359802246094
v 8.280922889709473 -21.177549362182617 57.611724853515625
v 7.607532501220703 -23.731477737426758 54.344703674316406
v 7.995776653289795 -22.908937454223633 54.36466979980469
v 5.344785213470459 -18.832292556762695 60.563114166259766
v 6.781893730163574 -18.280113220214844 60.475730895996094
v 6.179867744445801 -17.405479431152344 60.78417205810547
v 8.9492826461792 -20.663372039794922 56.991050720214844
v 8.983416557312012 -19.698335647583008 58.33775329589844
v 8.054214477539062 -19.25002670288086 59.52880096435547
v 8.477599143981934 -19.939207077026367 58.730018615722656
v -1.4796785116195679 -21.46656608581543 56.44072723388672
v -1.1969318389892578 -22.508073806762695 55.216392517089844
v -0.872698187828064 -22.35698699951172 56.26014709472656
v -0.10789694637060165 -23.169160842895508 55.855186462402344
v 0.3274848461151123 -21.4945068359375 58.28132629394531
v -1.1217752695083618 -22.612255096435547 54.64842224121094
v 5.597578048706055 -16.600427627563477 63.7371826171875
v 5.968948841094971 -16.234554290771484 60.67426300048828
v 5.104145526885986 -16.89989471435547 61.22636413574219
v 3.137070894241333 -17.30640411376953 61.82630157470703
v 4.408308506011963 -17.218244552612305 62.0272331237793
v 6.09302282333374 -16.576202392578125 62.87640380859375
v 2.2342634201049805 -16.72125244140625 60.73958969116211
v 1.9494271278381348 -17.297428131103516 62.86262512207031
v 7.8494110107421875 -16.854923248291016 60.17340087890625
v 8.329453468322754 -17.425138473510742 59.89336395263672
v 7.5000996589660645 -17.144018173217773 60.417213439941406
v 7.868916034698486 -18.202789306640625 60.096153259277344
v 8.78728199005127 -18.83670425415039 59.18815994262695
v 7.601030349731445 -15.459612846374512 60.54159927368164
v 6.975861072540283 -15.190953254699707 59.95079803466797
v 6.778719902038574 -15.313092231750488 59.914024353027344
v 7.876888275146484 -14.348209381103516 61.31560516357422
v 6.4349045753479 -15.310072898864746 60.194915771484375
v 9.351768493652344 -11.817033767700195 62.913944244384766
v 8.070700645446777 -22.066810607910156 54.25817108154297
v 8.754850387573242 -21.038766860961914 55.88134765625
v 9.246115684509277 -19.816139221191406 57.20289611816406
v 7.865278244018555 -22.257450103759766 54.31071853637695
v -15.090524673461914 1.7332075834274292 67.1767349243164
v -15.312124252319336 5.371296405792236 66.33267974853516
v -22.88854217529297 -1.6154005527496338 59.61363220214844
v -24.305217742919922 -0.6576381921768188 59.910621643066406
v -25.752309799194336 -1.4078881740570068 58.928558349609375
v -25.098346710205078 -2.4120140075683594 58.55036926269531
v -21.619163513183594 -1.4349011182785034 59.577178955078125
v -21.966848373413086 -0.08595285564661026 60.54384231567383
v -20.785165786743164 0.7494383454322815 60.7388916015625
v -20.809547424316406 -1.188455581665039 59.36772918701172
v -20.21108055114746 0.23866777122020721 60.109161376953125
v -26.4875431060791 -3.212728977203369 57.080753326416016
v -25.28248405456543 -4.030163288116455 56.90528869628906
v -23.327716827392578 -3.0504963397979736 58.36259841918945
v -14.398015975952148 9.60599422454834 64.10971069335938
v -14.939902305603027 8.339710235595703 64.59819030761719
v -15.498275756835938 6.236486911773682 64.24223327636719
v -15.594948768615723 4.758123874664307 64.58216857910156
v -15.361119270324707 5.927191734313965 62.74590301513672
v -15.299430847167969 1.9367728233337402 65.76517486572266
v -14.258539199829102 9.867764472961426 62.918277740478516
v -15.451059341430664 3.0844004154205322 64.17774963378906
v -25.298349380493164 0.7490512728691101 60.08307647705078
v -24.44120979309082 2.2783443927764893 60.74098205566406
v -23.469749450683594 1.4043298959732056 60.86172866821289
v -23.03746223449707 0.05406592786312103 60.529754638671875
v -21.44733238220215 2.9341647624969482 61.329925537109375
v -20.79801368713379 2.4903461933135986 61.18836212158203
v -26.96649932861328 -0.915539026260376 58.466007232666016
v -28.01498031616211 1.4966695308685303 58.723365783691406
v -26.480497360229492 2.8152763843536377 59.96952819824219
v -14.664199829101562 0.8380627036094666 62.35588073730469
v -14.988045692443848 2.5321428775787354 62.815956115722656
v -15.397420883178711 1.1308714151382446 62.624305725097656
v -15.027830123901367 1.3119902610778809 63.657691955566406
v -14.503358840942383 0.5823291540145874 62.418113708496094
v -16.725934982299805 -0.29640671610832214 61.97916793823242
v -17.53740882873535 0.3739650845527649 62.036216735839844
v -18.014820098876953 -0.8245924115180969 61.00499725341797
v -16.066553115844727 1.7030211687088013 62.76370620727539
v -15.28588581085205 -0.911514163017273 61.501373291015625
v -19.874771118164062 1.360443353652954 60.31938171386719
v -15.313827514648438 4.084656238555908 62.854339599609375
v -12.416545867919922 10.691081047058105 60.84052276611328
v -11.826517105102539 11.483901023864746 61.631874084472656
v -15.385734558105469 -2.726417303085327 65.26376342773438
v -16.98561668395996 -5.598001956939697 63.41511535644531
v -19.045879364013672 -6.753137111663818 62.068260192871094
v -18.351669311523438 -8.651169776916504 62.347442626953125
v -19.388151168823242 -9.391977310180664 61.3167724609375
v -18.980710983276367 -10.029841423034668 61.366851806640625
v -14.748566627502441 -0.8142207860946655 61.41344451904297
v -16.84706687927246 -1.1057912111282349 61.34076690673828
v -15.278532981872559 -3.3484909534454346 64.53890991210938
v -14.607464790344238 -4.81214714050293 64.59764862060547
v -14.753597259521484 -4.20818567276001 65.57971954345703
v -14.222625732421875 -5.1441216468811035 65.49085998535156
v -14.025406837463379 -5.54691743850708 64.52961730957031
v -13.50279426574707 -5.891042709350586 63.94864273071289
v -15.723201751708984 -5.920688152313232 63.850341796875
v -15.657644271850586 -7.462055206298828 63.558387756347656
v -14.949034690856934 -7.228071212768555 63.551422119140625
v -14.89864730834961 -6.101032733917236 63.8543701171875
v -14.189265251159668 -5.1855316162109375 63.750648498535156
v -14.76482105255127 -4.321191787719727 63.763572692871094
v -13.950637817382812 -5.73716926574707 63.51194381713867
v -14.111632347106934 -6.341285705566406 63.556758880615234
v -13.6010160446167 -5.708221435546875 63.7587776184082
v -15.567007064819336 -3.9031476974487305 63.60939025878906
v -15.726143836975098 -1.92887544631958 62.570899963378906
v -16.117948532104492 -2.730365037918091 62.9854621887207
v -15.073265075683594 -2.2995500564575195 62.893043518066406
v -15.500673294067383 -1.1606686115264893 64.03169250488281
v -15.121253967285156 -1.4376875162124634 62.93824768066406
v -14.666986465454102 -1.18148934841156 61.763916015625
v -14.393062591552734 -0.948357105255127 61.93342590332031
v -15.014750480651855 -3.6850311756134033 63.587646484375
v -18.949981689453125 -4.27335786819458 61.70764923095703
v -17.276491165161133 -3.3377323150634766 62.716957092285156
v -16.645980834960938 -7.53040075302124 63.41279602050781
v -15.575675964355469 -1.6987617015838623 64.79247283935547
v -18.446720123291016 -1.2530856132507324 60.110084533691406
v -17.955530166625977 -2.426410436630249 61.728004455566406
v 5.11652946472168 28.26835060119629 44.547569274902344
v 3.705428123474121 28.06548309326172 46.082820892333984
v 2.800995111465454 27.702781677246094 44.456932067871094
v 4.54732084274292 27.714778900146484 47.92759704589844
v 3.8576765060424805 26.637121200561523 49.331809997558594
v 5.517544746398926 26.244619369506836 50.45684051513672
v 7.618290901184082 21.485065460205078 55.13071060180664
v 6.880115985870361 22.96187973022461 55.000213623046875
v 5.558103561401367 21.81308937072754 55.6746826171875
v 3.481196641921997 22.94632339477539 55.2220458984375
v 5.504696369171143 22.892295837402344 55.29898452758789
v 4.527738571166992 24.191322326660156 54.133399963378906
v 3.0398550033569336 24.66656494140625 53.163944244384766
v -3.3492271900177 13.771183967590332 62.594200134277344
v -3.3569672107696533 12.222463607788086 62.322601318359375
v -2.5688681602478027 14.797447204589844 63.68501281738281
v -2.6565637588500977 15.41835880279541 63.117897033691406
v -1.1244069337844849 16.817153930664062 63.87657928466797
v -0.7494754791259766 11.967813491821289 40.317359924316406
v -1.2597042322158813 15.391810417175293 40.078887939453125
v -0.2532564103603363 13.065130233764648 39.60774230957031
v 0.9493260979652405 22.998645782470703 39.84536361694336
v 2.3267576694488525 23.01505470275879 39.139854431152344
v 0.9905035495758057 20.619178771972656 38.867244720458984
v -0.9110118746757507 18.916507720947266 39.98291015625
v -0.3416486084461212 18.20751190185547 39.265323638916016
v 0.15116488933563232 16.852371215820312 38.88496780395508
v -0.09698337316513062 21.334518432617188 39.856666564941406
v -0.26765304803848267 22.420225143432617 40.675804138183594
v -2.336122751235962 20.299741744995117 57.89362716674805
v -3.628490686416626 21.853727340698242 56.984779357910156
v -4.087789535522461 20.524131774902344 57.94145584106445
v -0.9192163348197937 21.046356201171875 56.8788948059082
v -6.801011085510254 24.88421630859375 54.210716247558594
v -6.354638576507568 22.792604446411133 56.289791107177734
v -4.515044212341309 24.52422332763672 54.43487548828125
v -1.6646673679351807 22.01719856262207 56.337554931640625
v -2.5180931091308594 24.4976749420166 53.64128112792969
v -4.133069038391113 25.78841781616211 52.46052551269531
v -3.155569553375244 26.269311904907227 50.9256591796875
v -3.7880918979644775 18.808067321777344 58.76392364501953
v -6.836538314819336 20.254310607910156 57.872337341308594
v -5.410343647003174 17.985910415649414 58.90610885620117
v -2.068469285964966 19.12502670288086 58.43264389038086
v -0.8826829791069031 22.436790466308594 55.35548400878906
v 0.05224614590406418 21.136993408203125 55.992645263671875
v -0.08158054202795029 19.356996536254883 57.45854949951172
v -0.7798941731452942 19.729372024536133 57.697025299072266
v -0.6927404999732971 18.800094604492188 58.054229736328125
v 0.7216117978096008 19.864208221435547 56.28739547729492
v 0.3155650198459625 20.201597213745117 57.76319885253906
v 1.788896918296814 21.154329299926758 56.36750411987305
v 2.1855008602142334 20.953474044799805 55.66888427734375
v 1.4902055263519287 20.041454315185547 55.2459602355957
v -5.836592197418213 17.37769317626953 58.910362243652344
v -3.784531593322754 16.7279109954834 59.13622283935547
v -2.393554449081421 14.971212387084961 58.71214294433594
v -1.975278377532959 17.035888671875 58.887535095214844
v -2.786442995071411 27.231252670288086 46.80652618408203
v -4.015419006347656 27.454944610595703 48.58798599243164
v -1.7542206048965454 25.82572364807129 50.229434967041016
v -1.0946074724197388 25.92479705810547 48.142311096191406
v -1.4849417209625244 26.32403564453125 45.93946838378906
v -3.17205548286438 26.904542922973633 44.37674331665039
v -3.5090606212615967 27.416553497314453 45.47514343261719
v -1.348019003868103 25.63431167602539 44.210487365722656
v -0.41448312997817993 24.774925231933594 44.75794219970703
v -0.759305477142334 25.614728927612305 46.112388610839844
v -8.805083274841309 22.221073150634766 56.28770446777344
v -8.05986499786377 19.348562240600586 57.96893310546875
v -8.127202987670898 23.35298728942871 55.580875396728516
v 3.0354433059692383 22.10907554626465 55.617332458496094
v 3.382742404937744 21.57369041442871 55.83784866333008
v 0.7898796200752258 24.453710556030273 41.04043960571289
v -0.11966192722320557 24.698455810546875 42.83251190185547
v -3.9932050704956055 20.174894332885742 40.04521560668945
v -2.6905429363250732 22.593759536743164 40.72410202026367
v -0.9672825336456299 19.619464874267578 40.63013458251953
v -2.0202484130859375 23.686899185180664 41.412742614746094
v -3.4933481216430664 25.524866104125977 42.09355926513672
v -1.47635018825531 24.71432113647461 42.63498306274414
v -3.2092857360839844 26.366525650024414 43.32014083862305
v -0.7562094330787659 21.145662307739258 41.015438079833984
v -1.1295154094696045 22.703746795654297 41.38750457763672
v -0.46672892570495605 23.844255447387695 42.93281936645508
v -2.321958541870117 17.00067138671875 59.922698974609375
v -1.3087764978408813 18.351091384887695 58.9348258972168
v -2.6701862812042236 16.041671752929688 59.6956787109375
v 1.089112639427185 19.892457962036133 55.146034240722656
v 1.1023483276367188 19.79764175415039 55.67027282714844
v -8.674971580505371 26.45050811767578 51.559730529785156
v -10.43244457244873 26.735422134399414 49.809532165527344
v -10.442892074584961 25.622467041015625 52.012908935546875
v -12.25423526763916 15.812408447265625 38.682106018066406
v -11.349724769592285 15.89367961883545 39.791961669921875
v -11.608786582946777 15.060997009277344 39.22367858886719
v -11.540441513061523 17.021337509155273 40.18105697631836
v -10.763487815856934 14.235126495361328 40.66071319580078
v -16.88035011291504 18.16316032409668 37.50800323486328
v -15.971893310546875 16.04244613647461 36.937713623046875
v -14.84206771850586 16.86320686340332 37.40939712524414
v -15.225666999816895 18.565414428710938 38.024112701416016
v -14.000638008117676 15.612171173095703 37.459007263183594
v -8.08873462677002 27.916950225830078 45.286441802978516
v -10.483063697814941 27.206096649169922 45.104312896728516
v -9.876237869262695 27.679637908935547 46.836708068847656
v -12.534582138061523 26.301279067993164 46.75086975097656
v -11.165045738220215 27.14139175415039 46.52354431152344
v -6.278862953186035 28.158828735351562 46.53561782836914
v -6.178163528442383 27.81261444091797 44.75678253173828
v -8.751289367675781 27.16832733154297 43.719757080078125
v -6.04456901550293 27.245264053344727 43.51673889160156
v -7.950883388519287 28.1007022857666 46.95915603637695
v -6.329870223999023 27.902090072631836 48.44208526611328
v -8.866461753845215 27.54163360595703 48.95602798461914
v -7.675567626953125 27.775074005126953 48.80223083496094
v -10.839805603027344 27.0875186920166 48.20105743408203
v -11.998966217041016 25.886640548706055 49.843589782714844
v -13.30240249633789 25.165725708007812 49.042022705078125
v -12.274359703063965 24.682586669921875 51.69169998168945
v -12.769030570983887 25.93942642211914 48.07876205444336
v -12.020639419555664 26.327903747558594 45.00492858886719
v -11.07131290435791 25.335233688354492 42.48738098144531
v -12.67313003540039 24.901552200317383 43.41046905517578
v -8.163814544677734 26.47860336303711 42.49101638793945
v -10.416886329650879 23.019311904907227 40.878517150878906
v -7.536245822906494 22.845468521118164 40.3873291015625
v -9.248359680175781 21.724777221679688 40.353660583496094
v -9.649065971374512 24.200687408447266 41.11730194091797
v -10.039941787719727 25.2987003326416 41.90903854370117
v -7.211315155029297 24.904338836669922 41.122257232666016
v -12.595885276794434 23.182937622070312 41.908260345458984
v -11.133698463439941 23.758028030395508 41.39106750488281
v -13.394587516784668 25.215261459350586 45.079856872558594
v -13.505193710327148 21.676712036132812 41.98636245727539
v -12.201448440551758 22.285005569458008 41.317691802978516
v -12.256867408752441 18.55457878112793 40.90483856201172
v -13.305421829223633 20.113285064697266 41.488441467285156
v -13.403566360473633 16.140512466430664 37.8776741027832
v -13.69204044342041 25.218746185302734 46.09442901611328
v -6.965411186218262 20.086658477783203 39.93809509277344
v 6.191012859344482 22.283151626586914 56.693824768066406
v 4.879604339599609 22.25389289855957 56.76047134399414
v 4.670853137969971 22.130592346191406 58.82429504394531
v 6.1613688468933105 22.02470588684082 55.85123825073242
v 0.9967730641365051 20.868410110473633 58.07195281982422
v -0.39010170102119446 19.59616470336914 59.157508850097656
v 0.8181310892105103 20.536823272705078 59.72733688354492
v 2.331402063369751 20.673669815063477 61.51909637451172
v 0.6931281685829163 19.600345611572266 62.031951904296875
v 2.335968494415283 21.651554107666016 57.180137634277344
v 1.8604930639266968 21.3885440826416 58.48845291137695
v -0.38940513134002686 18.927963256835938 61.80076217651367
v -1.5420637130737305 18.225080490112305 60.175025939941406
v -0.0863020122051239 18.339094161987305 63.1944465637207
v 1.6360294818878174 18.856210708618164 63.90863037109375
v 2.1739678382873535 19.782161712646484 62.98577117919922
v -2.273505210876465 16.804149627685547 62.0317268371582
v 3.3921079635620117 21.97369956970215 56.69313049316406
v 3.8596887588500977 22.140962600708008 57.862586975097656
v 3.330883741378784 21.72206687927246 59.54668426513672
v -3.092487335205078 15.054031372070312 62.499691009521484
v -2.445645332336426 16.87652015686035 60.815208435058594
v -1.4653592109680176 17.54472541809082 62.481658935546875
v 7.773558139801025 21.973310470581055 55.96563720703125
v -8.176043510437012 12.247540473937988 62.99622344970703
v -6.868040561676025 12.05063247680664 63.18693542480469
v -4.652276515960693 15.687405586242676 58.85835266113281
v -2.770498037338257 14.796671867370605 58.51136016845703
v -3.213310718536377 15.119049072265625 58.58860778808594
v -3.156111240386963 14.63025951385498 60.1595458984375
v -3.3477563858032227 14.831425666809082 61.396644592285156
v -3.5339839458465576 14.014842987060547 61.34648895263672
v -2.612522602081299 14.891256332397461 58.412681579589844
v -3.9004786014556885 14.504018783569336 61.091064453125
v -4.555370330810547 12.365887641906738 62.88825225830078
v -5.4665374755859375 13.312736511230469 62.744667053222656
v -3.499850034713745 13.204375267028809 61.941009521484375
v -5.711976528167725 14.513616561889648 61.834510803222656
v -10.285845756530762 12.144288063049316 62.46935272216797
v -11.121700286865234 11.907130241394043 62.109901428222656
v 2.3515262603759766 25.834779739379883 41.19268798828125
v 2.2810137271881104 26.97102928161621 42.951629638671875
v 0.5929709672927856 26.094614028930664 43.816741943359375
v 0.025774933397769928 25.61503791809082 44.49439239501953
v -0.39304298162460327 25.040258407592773 46.10596466064453
v 0.1113806664943695 25.92193603515625 46.2142448425293
v 1.2796745300292969 26.161334991455078 42.63815689086914
v 0.9767261147499084 26.737354278564453 44.977142333984375
v 0.33692777156829834 25.920928955078125 47.84261703491211
v 2.0232677459716797 27.470962524414062 45.673057556152344
v 1.5583961009979248 26.93929672241211 47.557777404785156
v 1.0326097011566162 25.817520141601562 49.669281005859375
v 1.8186190128326416 26.52311134338379 49.029563903808594
v 1.9371203184127808 25.040023803710938 52.02970886230469
v 0.24876779317855835 24.69883918762207 50.405521392822266
v 0.4889437258243561 23.611740112304688 52.46331024169922
v 1.3961631059646606 23.52474021911621 53.73942565917969
v -0.23491232097148895 24.7802677154541 48.40818786621094
v -0.07012515515089035 23.711820602416992 50.956233978271484
v 3.158743381500244 27.59937286376953 43.56209182739258
v 3.3688101768493652 26.040822982788086 50.223785400390625
v -1.69245445728302 24.738004684448242 52.482818603515625
v -0.5915770530700684 24.643110275268555 50.64004898071289
v -0.557675302028656 23.043771743774414 54.022945404052734
v 0.1986118108034134 21.548301696777344 55.20122146606445
v 0.5194398164749146 21.324689865112305 54.305381774902344
v 0.7926660776138306 22.52324676513672 54.01536560058594
v 1.7484935522079468 22.260778427124023 55.044097900390625
v 2.278691530227661 23.310184478759766 54.55631637573242
v 1.3744908571243286 21.500391006469727 55.117862701416016
v 2.883427143096924 23.879316329956055 54.21009826660156
v -8.430770874023438 24.719120025634766 54.159019470214844
v -6.599071025848389 26.89664649963379 51.09098815917969
v -5.83906888961792 25.95026206970215 52.682044982910156
v -5.431241989135742 27.117551803588867 50.4216194152832
v -9.811609268188477 23.905014038085938 54.537200927734375
v -5.033941745758057 27.654558181762695 44.74679946899414
v -4.016193389892578 27.73583221435547 46.45512008666992
v -5.055149078369141 27.908979415893555 47.71962356567383
v -3.6841421127319336 27.53358268737793 47.71072006225586
v -4.943846702575684 26.87226676940918 43.17392349243164
v -10.93338394165039 21.85651397705078 55.63389587402344
v -12.459813117980957 22.95630645751953 53.60885238647461
v -5.795182704925537 25.22524642944336 41.33596420288086
v -5.264675140380859 25.981689453125 41.98628616333008
v -5.674591541290283 23.346332550048828 40.51148223876953
v -3.8566691875457764 24.941879272460938 41.49192428588867
v -20.02663230895996 19.49554443359375 38.45083236694336
v -19.988317489624023 20.637367248535156 39.41307830810547
v -18.552448272705078 20.335813522338867 38.872745513916016
v -15.662906646728516 19.546321868896484 38.52412796020508
v -17.20566749572754 21.142179489135742 39.677330017089844
v -15.705554008483887 21.67686653137207 40.99570083618164
v -15.317466735839844 20.956260681152344 40.03523254394531
v -12.564072608947754 17.718955993652344 39.165008544921875
v -13.851253509521484 20.538372039794922 40.69964599609375
v -14.166045188903809 18.525243759155273 38.45121383666992
v -13.746530532836914 19.548254013061523 39.512386322021484
v -12.922595024108887 19.572481155395508 40.629051208496094
v -11.26938247680664 13.74548625946045 39.656272888183594
v -13.075926780700684 13.497492790222168 37.94160461425781
v -21.70244598388672 19.64028549194336 39.06508255004883
v 25.67243194580078 7.173351287841797 27.36186981201172
v 25.86067008972168 6.555535316467285 26.944133758544922
v 24.965679168701172 4.28264856338501 27.286867141723633
v 27.269527435302734 12.608850479125977 31.309871673583984
v 27.614892959594727 12.37416934967041 30.158063888549805
v 26.73777961730957 10.565535545349121 28.57126235961914
v 27.571392059326172 10.48356819152832 27.607927322387695
v 26.381193161010742 8.299461364746094 27.118288040161133
v 26.981056213378906 10.033479690551758 27.665822982788086
v 27.246692657470703 8.783838272094727 26.72137451171875
v 27.8662109375 8.300777435302734 26.276317596435547
v 24.340591430664062 4.451383113861084 28.218467712402344
v 24.056062698364258 3.21869158744812 28.48495864868164
v 24.767845153808594 2.4525744915008545 27.558467864990234
v 24.657779693603516 1.4733717441558838 28.366071701049805
v 24.438814163208008 1.0933318138122559 27.822402954101562
v 24.218372344970703 2.2117018699645996 28.717317581176758
v 23.994836807250977 2.538722038269043 29.13365936279297
v 26.95001792907715 -5.467194080352783 34.14175033569336
v 27.346309661865234 -5.022756576538086 34.25545120239258
v 27.233304977416992 -5.923938751220703 35.36731719970703
v 27.59097671508789 -5.31316614151001 35.03720474243164
v 27.365039825439453 -5.909928321838379 36.27724838256836
v 27.174787521362305 -4.64821195602417 33.77394104003906
v 27.539813995361328 -5.48685359954834 33.24319839477539
v 26.381193161010742 5.031505107879639 26.370670318603516
v 21.533945083618164 12.071917533874512 35.66128921508789
v 21.28231430053711 11.720903396606445 35.18418884277344
v 24.770706176757812 1.6202791929244995 27.89586067199707
v 28.256473541259766 -5.244278430938721 30.453659057617188
v 27.748485565185547 -4.5457329750061035 29.508358001708984
v 29.29899024963379 6.6824727058410645 25.706180572509766
v 19.95318031311035 1.9310450553894043 28.942167282104492
v 21.07952117919922 2.5780417919158936 28.59827423095703
v 20.217660903930664 1.3434925079345703 28.427295684814453
v 21.25421714782715 1.1368314027786255 27.842838287353516
v 22.025053024291992 2.166731834411621 27.945552825927734
v 19.901552200317383 -0.6325602531433105 28.583492279052734
v 22.80278205871582 0.2905265688896179 27.34259605407715
v 22.657732009887695 1.9309678077697754 27.73556137084961
v 19.32676887512207 0.9882210493087769 29.202316284179688
v 21.018375396728516 2.979057550430298 29.189775466918945
v 22.494726181030273 3.0752668380737305 28.859350204467773
v 19.426618576049805 12.393210411071777 33.895843505859375
v 19.750619888305664 13.014819145202637 33.71983337402344
v 18.44493865966797 11.82415771484375 32.9555778503418
v 21.481155395507812 12.546077728271484 35.00910568237305
v 20.647855758666992 12.231287002563477 34.812042236328125
v 20.58454132080078 13.164589881896973 34.235328674316406
v 21.71591567993164 12.940978050231934 34.83495330810547
v 18.70616912841797 12.475874900817871 32.79086685180664
v 18.10143280029297 11.802871704101562 31.79656982421875
v 17.84507942199707 10.958192825317383 32.200992584228516
v 17.407840728759766 9.52464485168457 31.474658966064453
v 17.40064239501953 9.722947120666504 30.910945892333984
v 17.530908584594727 7.801771640777588 30.938034057617188
v 17.45551872253418 7.6006059646606445 30.602888107299805
v 17.672630310058594 10.905404090881348 31.322486877441406
v 19.599531173706055 13.165210723876953 32.63227081298828
v 17.549020767211914 9.202269554138184 30.204425811767578
v 17.46658706665039 8.266101837158203 30.164953231811523
v 25.032556533813477 11.40634536743164 28.27218246459961
v 24.43014144897461 12.029657363891602 28.771190643310547
v 26.22848129272461 11.23196029663086 28.97490882873535
v 24.648723602294922 8.542888641357422 27.15234375
v 24.13083267211914 5.639801502227783 27.634475708007812
v 23.439252853393555 5.6141037940979 27.426265716552734
v 24.239810943603516 4.482730865478516 28.58697509765625
v 25.092618942260742 6.583631992340088 28.014205932617188
v 22.284347534179688 10.404773712158203 27.698486328125
v 20.571537017822266 11.134821891784668 28.84882354736328
v 22.571195602416992 11.828413963317871 28.62629508972168
v 19.371973037719727 12.415192604064941 30.905759811401367
v 21.25243377685547 12.843221664428711 30.392356872558594
v 23.29257583618164 12.942604064941406 30.101486206054688
v 26.71541404724121 11.009586334228516 29.73212432861328
v 26.309520721435547 9.736723899841309 28.535503387451172
v 20.530670166015625 10.353766441345215 28.41537857055664
v 20.596303939819336 9.171850204467773 27.968772888183594
v 22.570114135742188 8.956984519958496 27.186553955078125
v 23.654428482055664 10.929089546203613 27.724414825439453
v 23.385379791259766 9.782854080200195 27.22641372680664
v 24.540128707885742 10.226905822753906 27.42108154296875
v 24.396394729614258 9.301651954650879 27.141738891601562
v 25.136737823486328 9.539351463317871 27.390893936157227
v 25.84890365600586 10.409417152404785 28.06768798828125
v 25.936912536621094 9.60374927520752 27.958709716796875
v 25.45849609375 8.775014877319336 27.536407470703125
v 23.2043399810791 7.581564903259277 27.04521942138672
v 25.724445343017578 8.00572395324707 27.98788833618164
v 24.785877227783203 7.410508632659912 27.36418914794922
v 26.248062133789062 9.011088371276855 27.729061126708984
v 22.222503662109375 13.542076110839844 31.66901397705078
v 22.768569946289062 4.407651424407959 27.809865951538086
v 23.615955352783203 4.40486478805542 28.018619537353516
v 23.1264705657959 3.6035304069519043 28.413597106933594
v 24.006061553955078 3.7666146755218506 29.12298011779785
v 19.958751678466797 7.4991326332092285 28.087890625
v 20.57184600830078 6.277896881103516 27.837032318115234
v 21.209089279174805 5.013393402099609 27.834247589111328
v 22.173044204711914 2.6515729427337646 28.280542373657227
v 23.284914016723633 2.6490960121154785 28.40384292602539
v 23.361154556274414 2.0808165073394775 27.883319854736328
v 18.267148971557617 9.022078514099121 29.3842830657959
v 18.94804573059082 8.05301570892334 28.719099044799805
v 17.971784591674805 7.412520408630371 29.446979522705078
v 22.26886558532715 3.4112658500671387 28.413440704345703
v 22.9105224609375 3.0699262619018555 29.0733642578125
v 22.561521530151367 13.335260391235352 34.423255920410156
v 18.51932144165039 11.034974098205566 30.15535545349121
v 18.704620361328125 12.505597114562988 32.0769157409668
v 20.29552459716797 13.167842864990234 31.57311248779297
v 21.169849395751953 13.655159950256348 33.131431579589844
v 17.85460090637207 10.933501243591309 30.857383728027344
v -18.39215087890625 -12.087628364562988 60.198402404785156
v -17.971012115478516 -13.145238876342773 59.06687545776367
v -17.498167037963867 -11.762389183044434 60.60475540161133
v -17.723249435424805 -18.904430389404297 51.541229248046875
v -18.58696937561035 -17.763769149780273 50.462642669677734
v -18.526596069335938 -19.50413703918457 49.64466857910156
v -16.786230087280273 -18.820528030395508 52.79559326171875
v -16.57314682006836 -19.79144859313965 52.52662658691406
v -16.59977149963379 -21.46377944946289 51.081695556640625
v -15.371413230895996 -21.212533950805664 52.562461853027344
v -10.242036819458008 -22.217044830322266 58.37366485595703
v -12.241464614868164 -21.38188934326172 58.62104034423828
v -11.094688415527344 -21.956981658935547 56.972164154052734
v -8.878304481506348 -22.58864974975586 57.35135269165039
v -12.31491756439209 -20.879091262817383 54.70562744140625
v -10.302563667297363 -21.25170135498047 54.59393310546875
v -10.135842323303223 -21.9716854095459 55.770896911621094
v -11.9871244430542 -21.516952514648438 56.111698150634766
v -6.572290420532227 -22.827125549316406 56.84491729736328
v -7.530672073364258 -22.441822052001953 56.03351974487305
v -5.525749206542969 -22.536714553833008 56.084835052490234
v -12.181941986083984 -20.725757598876953 60.692142486572266
v -13.999787330627441 -20.385114669799805 58.21653747558594
v -15.031545639038086 -19.528669357299805 56.77602767944336
v -13.060136795043945 -21.078243255615234 56.63128662109375
v -16.47430419921875 -16.03091049194336 61.9783935546875
v -14.990290641784668 -18.30759048461914 61.43488311767578
v -13.751253128051758 -18.89978790283203 62.17475891113281
v -15.361661911010742 -19.124481201171875 58.088287353515625
v -14.711028099060059 -19.552278518676758 59.264320373535156
v -15.988070487976074 -17.7309513092041 60.35350799560547
v -15.717784881591797 -18.569669723510742 56.67494201660156
v -15.3352689743042 -17.858430862426758 54.667850494384766
v -15.145092964172363 -18.620832443237305 54.875518798828125
v -14.290583610534668 -20.033405303955078 55.612457275390625
v -14.606303215026855 -18.887557983398438 54.45484161376953
v -14.01062297821045 -19.76791763305664 54.6162223815918
v -13.305421829223633 -20.483182907104492 54.903846740722656
v -16.818662643432617 -16.52233123779297 60.23207092285156
v -17.172462463378906 -15.941125869750977 59.50116729736328
v -15.978858947753906 -17.711910247802734 56.10356521606445
v -16.99776840209961 -15.515340805053711 61.41529846191406
v -15.053759574890137 -17.41608238220215 54.253753662109375
v -16.329486846923828 -17.038908004760742 53.59491729736328
v -15.717009544372559 -18.52454376220703 53.78687286376953
v -17.655447006225586 -16.79764747619629 52.152156829833984
v -15.37775993347168 -15.776337623596191 53.95568084716797
v -16.372676849365234 -15.537942886352539 53.27130126953125
v -13.345359802246094 -19.705686569213867 54.14647674560547
v -12.348355293273926 -20.123422622680664 53.94864273071289
v -14.515589714050293 -18.573152542114258 54.312965393066406
v -13.510688781738281 -20.931489944458008 53.56689453125
v -11.432621955871582 -20.098730087280273 53.82758331298828
v -10.141260147094727 -20.3173885345459 54.00823974609375
v -9.32521915435791 -21.21331024169922 54.690608978271484
v -10.494441986083984 -19.891759872436523 53.761253356933594
v -10.5845365524292 -19.840518951416016 53.366580963134766
v -10.633221626281738 -20.232635498046875 52.920284271240234
v 2.973522424697876 -24.838470458984375 46.24311828613281
v 3.1297950744628906 -25.38825035095215 48.239219665527344
v -19.36918830871582 -19.383852005004883 47.15900802612305
v -18.5913028717041 -20.395565032958984 48.423744201660156
v -2.96694278717041 -22.635400772094727 58.075050354003906
v -3.169036865234375 -22.361940383911133 56.54042053222656
v -2.298118829727173 -21.99846649169922 56.957611083984375
v -3.3120744228363037 -21.91889762878418 55.792877197265625
v -2.5448737144470215 -21.19124984741211 55.7929573059082
v -3.404104709625244 -21.555498123168945 55.428009033203125
v -7.473937034606934 -27.61082649230957 48.94666290283203
v -8.261262893676758 -27.65997886657715 46.433677673339844
v -6.72662878036499 -28.10503578186035 47.1360969543457
v -12.088751792907715 -25.427961349487305 47.13067626953125
v -9.993500709533691 -26.819168090820312 47.73247146606445
v -11.496942520141602 -25.73361587524414 48.008792877197266
v -10.28553581237793 -26.717308044433594 46.58980178833008
v -10.540030479431152 -25.410930633544922 50.29336929321289
v -9.199441909790039 -26.842697143554688 49.309364318847656
v -12.837066650390625 -24.662614822387695 45.351375579833984
v -12.783738136291504 -24.563465118408203 45.92097473144531
v -12.412210464477539 -24.566638946533203 48.007789611816406
v -12.119866371154785 -24.987701416015625 48.370643615722656
v -11.670940399169922 -24.635679244995117 49.70109176635742
v -11.866300582885742 -24.135202407836914 49.56781005859375
v -10.634537696838379 -24.646671295166016 50.79283905029297
v -3.5091378688812256 -23.15646743774414 55.05036544799805
v -4.426032543182373 -21.95767593383789 55.566246032714844
v -6.085050106048584 -22.959245681762695 55.223899841308594
v -4.595928192138672 -24.38025665283203 54.46165466308594
v -4.183534622192383 -25.44312858581543 53.52525329589844
v -2.2491238117218018 -25.047609329223633 53.28593444824219
v -1.6293723583221436 -24.046581268310547 53.7138786315918
v -1.9252772331237793 -22.965591430664062 54.46150207519531
v -5.584496021270752 -26.838518142700195 51.7408447265625
v -3.261841297149658 -27.043554306030273 51.09679412841797
v -4.633622646331787 -26.226970672607422 52.68568420410156
v -3.39040470123291 -28.01981544494629 48.5035400390625
v -9.859442710876465 -24.258426666259766 52.706817626953125
v -8.704693794250488 -25.333452224731445 52.52631378173828
v -8.02619457244873 -24.80255699157715 53.46751403808594
v -6.618267059326172 -24.39852523803711 54.271324157714844
v -6.304250240325928 -25.862024307250977 52.98112106323242
v -8.154449462890625 -26.567691802978516 51.08533477783203
v -6.721752166748047 -27.28752326965332 50.47107696533203
v -6.058655738830566 -27.758506774902344 49.483673095703125
v -5.6463398933410645 -28.27554702758789 47.169918060302734
v -9.804719924926758 -25.561397552490234 51.20716857910156
v -8.021163940429688 -22.630136489868164 54.8892936706543
v -9.878870010375977 -22.745929718017578 53.84894561767578
v -5.911284446716309 -21.993820190429688 55.61957550048828
v -9.922137260437012 -22.03468894958496 54.15220642089844
v -10.475555419921875 -21.64303970336914 53.67765808105469
v -10.412629127502441 -22.482765197753906 53.40543746948242
v -7.653275966644287 -21.719743728637695 55.299598693847656
v -10.787482261657715 -21.93971824645996 52.613624572753906
v -4.7780537605285645 -22.66752052307129 60.1062126159668
v -5.582174301147461 -22.94980239868164 59.139705657958984
v -4.2497124671936035 -22.95870590209961 58.01112365722656
v -6.9577484130859375 -22.9461669921875 58.41832733154297
v -6.360830307006836 -28.17732810974121 46.34730529785156
v -7.249937534332275 -27.71028709411621 45.17436599731445
v -8.9674711227417 -27.151914596557617 45.42916488647461
v -10.820455551147461 -21.1478271484375 52.59628677368164
v -10.636163711547852 -22.377267837524414 51.58643341064453
v -10.535155296325684 -23.0821590423584 51.63852310180664
v -10.727884292602539 -21.01818084716797 53.141265869140625
v -1.592916488647461 -25.712099075317383 52.151309967041016
v -1.178820013999939 -26.198720932006836 51.12109375
v -1.7094825506210327 -27.483814239501953 48.9067268371582
v -0.24009820818901062 -24.201148986816406 52.33250045776367
v -4.970627784729004 -28.193347930908203 45.38388442993164
v -3.6329801082611084 -28.263242721557617 45.772056579589844
v -2.3295435905456543 -28.102867126464844 46.202247619628906
v -0.8595399856567383 -27.587142944335938 46.69367218017578
v -0.5159561038017273 -27.33759880065918 45.52630615234375
v 0.6204483509063721 -26.494701385498047 45.17273712158203
v 0.6952952742576599 -26.569395065307617 46.94561004638672
v 1.2213913202285767 -26.086952209472656 45.933589935302734
v -0.18436934053897858 -27.17513656616211 47.20103454589844
v -0.7506365776062012 -26.95415496826172 49.15224075317383
v -0.14860999584197998 -25.861173629760742 50.463340759277344
v 0.956059992313385 -25.270912170410156 49.54706573486328
v 1.5384266376495361 -25.68059539794922 46.951568603515625
v 1.0450713634490967 -23.69943618774414 50.883941650390625
v 1.7605681419372559 -24.918659210205078 48.065757751464844
v 1.4518146514892578 -23.906328201293945 50.0233154296875
v 2.2614312171936035 -24.198129653930664 47.11426544189453
v 1.9820128679275513 -25.00333595275879 45.57274627685547
v -1.5470175743103027 -27.68234634399414 45.11871337890625
v -17.036314010620117 -9.434781074523926 62.55023956298828
v -17.83254051208496 -10.149038314819336 61.94596862792969
v -16.91030502319336 -10.223343849182129 61.98706817626953
v -16.14859962463379 -8.942044258117676 62.82740783691406
v -19.371973037719727 -11.827252388000488 59.83430480957031
v -2.254387140274048 -22.279743194580078 58.356483459472656
v -1.4309157133102417 -21.345664978027344 57.875511169433594
v -1.9505099058151245 -20.65625 56.213172912597656
v -1.6476390361785889 -21.866031646728516 55.2977409362793
v -1.5926069021224976 -21.903030395507812 54.425045013427734
v -0.8442145586013794 -22.57665252685547 53.73455047607422
v 1.869471549987793 -24.445737838745117 49.43320846557617
v 2.43001127243042 -24.1937198638916 47.0045166015625
v -22.8447322845459 11.924700736999512 36.27864074707031
v -23.815185546875 12.675415992736816 36.48545837402344
v -28.623506546020508 0.3094898760318756 57.64934539794922
v -27.957080841064453 -2.363947629928589 56.45148849487305
v -34.9316291809082 2.1298887729644775 46.390411376953125
v -35.32110595703125 2.4079136848449707 45.04107666015625
v -35.73644256591797 1.2537846565246582 45.118167877197266
v -35.74821090698242 1.9382432699203491 44.036800384521484
v -35.45663833618164 2.5724689960479736 42.993656158447266
v -36.06980895996094 0.6450241208076477 44.0641975402832
v -34.80221176147461 2.983933687210083 41.485267639160156
v -34.814674377441406 2.2945985794067383 40.45466995239258
v -35.401527404785156 2.3706064224243164 42.022274017333984
v -34.03942108154297 3.3178422451019287 40.70328140258789
v -33.52524948120117 2.93455171585083 39.233123779296875
v -33.32973098754883 3.292919158935547 39.578948974609375
v -36.166717529296875 5.789882183074951 44.139278411865234
v -35.84914016723633 4.686373233795166 43.149391174316406
v -35.87205123901367 4.8760833740234375 44.27286911010742
v -34.90786361694336 5.03514289855957 39.857208251953125
v -35.12335205078125 4.177847385406494 41.195396423339844
v -35.6091194152832 4.539078712463379 42.061439514160156
v -20.78400421142578 10.198111534118652 36.6925048828125
v -22.839237213134766 10.321953773498535 36.570674896240234
v -36.223453521728516 6.14956521987915 42.57251739501953
v -35.104000091552734 0.6853501796722412 46.92440414428711
v -32.57925033569336 7.3135247230529785 36.98841094970703
v -31.088966369628906 8.260064125061035 36.50782775878906
v -30.130197525024414 7.1278395652771 36.29288101196289
v -31.406078338623047 10.059950828552246 37.11225509643555
v -29.47608184814453 8.899862289428711 36.43994903564453
v -33.27485656738281 4.504248142242432 38.1507453918457
v -33.47052001953125 5.49885368347168 37.830997467041016
v -32.25718307495117 4.448983669281006 37.47232437133789
v -31.6915340423584 5.93856954574585 36.716033935546875
v -30.351179122924805 4.13961124420166 37.03260803222656
v -30.543678283691406 5.47431755065918 36.54265594482422
v -31.46599006652832 3.565835952758789 37.731544494628906
v -30.131744384765625 10.286503791809082 36.923160552978516
v -29.71223258972168 11.370739936828613 37.520851135253906
v -28.896501541137695 9.658626556396484 36.670833587646484
v -27.498632431030273 8.629732131958008 36.69390106201172
v -33.47037124633789 8.209212303161621 37.67387390136719
v -32.849998474121094 9.119372367858887 37.46094512939453
v -33.301246643066406 6.531462669372559 37.473018646240234
v -27.18794822692871 10.319321632385254 37.38462829589844
v -25.777231216430664 8.41447925567627 37.43393325805664
v -35.94232940673828 8.928345680236816 41.783260345458984
v -35.279388427734375 8.666962623596191 40.103885650634766
v -35.55192184448242 6.989058971405029 40.30412673950195
v -35.45137405395508 9.911650657653809 41.29818344116211
v -35.59510803222656 10.476988792419434 43.59467697143555
v -34.73317337036133 3.317378282546997 43.7542839050293
v -34.63301467895508 3.317919969558716 42.344112396240234
v -35.103302001953125 3.707634925842285 42.271507263183594
v -34.56389236450195 7.171725749969482 38.69154739379883
v -34.339351654052734 8.443350791931152 38.601219177246094
v -33.841041564941406 9.82411003112793 38.64193344116211
v -34.68417739868164 11.395740509033203 41.43325424194336
v -33.14915466308594 11.085440635681152 38.87010955810547
v -34.94362258911133 5.968292236328125 39.4306526184082
v -32.94613265991211 12.385623931884766 40.20513153076172
v -32.20973587036133 11.148211479187012 38.164058685302734
v -36.11431884765625 7.312750816345215 41.69239044189453
v -36.31741714477539 8.019423484802246 43.17176055908203
v -36.22237014770508 6.95980167388916 44.65639114379883
v -36.0539436340332 9.092901229858398 44.224647521972656
v -30.837799072265625 11.742730140686035 38.01506042480469
v -26.275930404663086 6.842538356781006 37.03988265991211
v -33.2297248840332 3.6464107036590576 38.88543701171875
v -32.25362777709961 3.268615245819092 38.57575607299805
v -23.447067260742188 11.023441314697266 36.49613952636719
v -7.3319830894470215 17.034883499145508 58.46182632446289
v -19.705183029174805 -0.10243935883045197 59.1342887878418
v -13.553028106689453 23.814685821533203 51.08580017089844
v -14.546781539916992 23.511274337768555 49.31780242919922
v -14.54120922088623 21.91680908203125 51.48070526123047
v -14.593608856201172 23.995803833007812 47.92620849609375
v -14.784867286682129 23.842397689819336 47.058616638183594
v -15.620646476745605 21.63901710510254 48.09733581542969
v -15.10964298248291 22.27688217163086 49.571990966796875
v -14.928524017333984 23.40709114074707 45.87979507446289
v -15.498894691467285 20.97677230834961 49.547142028808594
v -13.814255714416504 24.45966911315918 44.56003189086914
v -14.033302307128906 22.761489868164062 43.11479568481445
v -14.915520668029785 21.465097427368164 43.888187408447266
v -13.928423881530762 20.863609313964844 42.1859016418457
v -14.693999290466309 8.712242126464844 62.275848388671875
v -7.193821907043457 13.009324073791504 62.96502685546875
v -4.624566555023193 15.298386573791504 60.33137512207031
v -6.564937114715576 15.214948654174805 61.13162612915039
v -4.650418758392334 15.66348934173584 59.260765075683594
v -6.541097640991211 16.03594398498535 59.61974334716797
v -23.254650115966797 11.550156593322754 58.8580436706543
v -23.756057739257812 10.883500099182129 58.70099639892578
v -20.974102020263672 8.803265571594238 60.83843231201172
v -19.612146377563477 9.171231269836426 61.26947784423828
v -23.43042755126953 9.317829132080078 58.97948455810547
v -20.7219295501709 6.257540702819824 61.18511199951172
v -16.81951332092285 10.765463829040527 61.396728515625
v -16.67531394958496 9.390353202819824 62.010826110839844
v -15.47969913482666 10.295019149780273 61.854862213134766
v -22.076135635375977 12.67905330657959 58.7330436706543
v -18.83062744140625 11.680887222290039 60.092437744140625
v -15.87893295288086 11.383201599121094 61.28511047363281
v -17.85970687866211 5.903275012969971 62.505340576171875
v -16.573223114013672 6.1878790855407715 62.720367431640625
v -30.043973922729492 12.123311996459961 53.154579162597656
v -28.475358963012695 14.106486320495605 53.099700927734375
v -28.94526481628418 13.760037422180176 51.82591247558594
v -26.648229598999023 15.484614372253418 52.4044075012207
v -28.10089111328125 14.15300464630127 50.64917755126953
v -28.524667739868164 13.512431144714355 54.25986862182617
v -26.61656951904297 15.291885375976562 53.612098693847656
v -30.124778747558594 12.150248527526855 52.29620361328125
v -29.069181442260742 13.129682540893555 50.67503356933594
v -24.613889694213867 14.72360610961914 56.18832015991211
v -26.47035789489746 14.448830604553223 55.2269172668457
v -25.44200897216797 14.29000473022461 56.12895202636719
v -22.318790435791016 14.16407299041748 57.472023010253906
v -23.811935424804688 13.466145515441895 57.6335563659668
v -22.934438705444336 14.83560562133789 56.66526794433594
v -25.30516242980957 15.935476303100586 53.46387481689453
v -24.642763137817383 15.67417049407959 54.804542541503906
v -23.59211540222168 16.010478973388672 54.580543518066406
v -25.944185256958008 11.490171432495117 56.02670669555664
v -26.76811981201172 12.153575897216797 56.324623107910156
v -27.076099395751953 12.169599533081055 56.347843170166016
v -26.09798240661621 12.385083198547363 56.49188995361328
v -29.349607467651367 12.390888214111328 54.481239318847656
v -28.058557510375977 10.497345924377441 57.27998733520508
v -26.39984703063965 13.097328186035156 56.2216796875
v -26.59149169921875 15.415573120117188 51.5170783996582
v -16.476703643798828 12.708233833312988 60.210323333740234
v -15.261736869812012 12.28531265258789 60.74957275390625
v -14.173863410949707 9.623408317565918 61.97499084472656
v -27.46000862121582 13.991931915283203 49.83151626586914
v -29.19341278076172 12.389184951782227 50.223785400390625
v -30.35837745666504 10.438985824584961 50.87171173095703
v -28.45214080810547 12.577347755432129 49.65449905395508
v -30.36611557006836 10.904166221618652 50.01519012451172
v -30.202335357666016 9.794232368469238 50.66923141479492
v -29.327470779418945 11.0338134765625 50.15180206298828
v -31.222097396850586 8.86650276184082 51.533180236816406
v -30.156822204589844 11.631659507751465 51.140445709228516
v -30.94709014892578 10.316458702087402 52.42762756347656
v -32.03031921386719 10.241921424865723 49.70581817626953
v -31.613128662109375 11.356731414794922 49.1351318359375
v -23.250701904296875 15.638952255249023 55.44573211669922
v -22.466625213623047 16.084163665771484 54.40546417236328
v -22.04486656188965 15.366578102111816 55.890716552734375
v -21.312108993530273 14.695586204528809 56.695068359375
v -24.467138290405273 9.630529403686523 57.641136169433594
v -20.209684371948242 13.087654113769531 58.40060043334961
v -18.946189880371094 12.690353393554688 59.12004852294922
v -31.2198543548584 6.379679203033447 50.94307327270508
v -32.682037353515625 6.880542278289795 50.226959228515625
v -32.29835891723633 5.788488864898682 50.32185363769531
v -31.24748420715332 5.308910846710205 50.673797607421875
v -33.73190689086914 7.907888889312744 49.26068115234375
v -34.62233352661133 8.01323127746582 48.159339904785156
v -34.531150817871094 6.7787604331970215 48.37443542480469
v -34.28818893432617 9.177190780639648 48.196414947509766
v -33.34575271606445 9.780920028686523 48.936607360839844
v -31.938753128051758 8.317262649536133 50.547706604003906
v -33.40024185180664 5.3410325050354 49.31254577636719
v -34.61466598510742 4.948066711425781 47.57565689086914
v -30.995464324951172 7.7512288093566895 51.025814056396484
v -31.68464469909668 6.768542766571045 51.541229248046875
v -23.587474822998047 16.353830337524414 53.092586517333984
v -24.429523468017578 16.096935272216797 51.53395462036133
v -33.002708435058594 11.928648948669434 47.33176803588867
v -33.31889724731445 10.907881736755371 48.1173095703125
v -31.42806053161621 12.186470985412598 48.393165588378906
v -31.56661033630371 12.966985702514648 47.182151794433594
v -22.697050094604492 4.685598850250244 61.13232421875
v -24.172470092773438 4.782505512237549 60.84222412109375
v -23.89963150024414 3.4553072452545166 60.990989685058594
v -20.706680297851562 3.172869920730591 61.135955810546875
v -21.9680118560791 4.70293664932251 61.13673400878906
v -22.78536605834961 6.408085823059082 60.4744873046875
v -21.817928314208984 5.346914768218994 60.84013366699219
v -21.207233428955078 5.950721740722656 60.681304931640625
v -20.087081909179688 2.5786609649658203 60.641212463378906
v -19.740558624267578 1.8317393064498901 60.939666748046875
v -19.028078079223633 1.6980674266815186 61.62498474121094
v -19.064613342285156 0.537746012210846 61.084564208984375
v -21.044536590576172 5.088317394256592 60.43601989746094
v -21.9669246673584 6.509790420532227 59.75218200683594
v -18.700517654418945 3.2700860500335693 62.17576599121094
v -17.068281173706055 3.013423442840576 62.75798416137695
v -34.207462310791016 2.772705554962158 46.960472106933594
v -34.28935241699219 1.8845270872116089 47.727909088134766
v -34.18818664550781 0.5367398262023926 48.41770553588867
v -24.20893096923828 8.302789688110352 59.35209655761719
v -19.454326629638672 -0.057237014174461365 60.01736068725586
v -33.18537902832031 2.8953094482421875 48.206787109375
v -29.040620803833008 -1.4282444715499878 55.68877410888672
v -28.59734535217285 -2.9661288261413574 54.603763580322266
v -11.188188552856445 14.594346046447754 61.131011962890625
v -12.203460693359375 13.276126861572266 61.32071304321289
v -10.987796783447266 13.12209701538086 62.015316009521484
v -13.134674072265625 11.711228370666504 60.369537353515625
v -14.400958061218262 13.06365966796875 59.797386169433594
v -13.584839820861816 10.854860305786133 61.284027099609375
v -12.853321075439453 12.684858322143555 60.943077087402344
v -12.767251014709473 10.54014778137207 60.837188720703125
v -13.258206367492676 14.032180786132812 60.246620178222656
v -15.380857467651367 15.453112602233887 57.26357650756836
v -15.138049125671387 14.450921058654785 57.47395324707031
v -14.502044677734375 13.75400161743164 58.555484771728516
v -13.681591987609863 12.53346061706543 59.87168884277344
v -13.820061683654785 15.72231388092041 58.72413635253906
v -8.344468116760254 12.948331832885742 62.84288787841797
v -13.624624252319336 10.228608131408691 61.556251525878906
v -9.577933311462402 14.196968078613281 61.921661376953125
v -12.3880615234375 16.033544540405273 59.34141540527344
v -13.383905410766602 16.494081497192383 58.29286193847656
v -8.836817741394043 18.062461853027344 57.94084167480469
v -8.754230499267578 16.9290771484375 57.747642517089844
v -7.209921836853027 16.428600311279297 58.31452941894531
v -11.35251235961914 17.69325828552246 56.80699157714844
v -9.993346214294434 16.99896812438965 58.4007568359375
v -9.30199909210205 15.845613479614258 60.339271545410156
v -11.10745906829834 18.373228073120117 56.64793014526367
v -11.053820610046387 16.788902282714844 58.80657196044922
v -13.285684585571289 17.682111740112305 56.5412712097168
v -10.956682205200195 20.09919548034668 56.47919464111328
v -12.26770305633545 20.017770767211914 55.56957244873047
v -11.032380104064941 19.06085968017578 56.684303283691406
v -9.579327583312988 20.47490119934082 57.01960754394531
v -16.14596939086914 15.982381820678711 56.427337646484375
v -25.604238510131836 10.19617748260498 38.452842712402344
v -25.757726669311523 10.85346794128418 37.93363571166992
v -24.591676712036133 10.02039909362793 37.30869674682617
v -14.25203800201416 11.314624786376953 61.3009033203125
v -15.905095100402832 13.981328964233398 58.984130859375
v -17.027877807617188 13.712823867797852 59.06230545043945
v -26.011754989624023 15.175861358642578 50.416587829589844
v -26.480344772338867 12.915745735168457 48.8390007019043
v -27.20435333251953 13.539676666259766 49.35750961303711
v -25.53426742553711 14.35084056854248 49.385765075683594
v -27.144447326660156 11.967580795288086 48.91237258911133
v -25.283409118652344 12.478118896484375 48.56492233276367
v -28.07821273803711 11.846835136413574 49.28537368774414
v -22.58814811706543 15.487245559692383 50.474334716796875
v -22.18690299987793 16.15955352783203 52.05378341674805
v -21.878299713134766 15.780595779418945 51.26970672607422
v -21.523649215698242 15.0689697265625 50.47425079345703
v -22.212982177734375 14.500303268432617 49.70534896850586
v -21.63355827331543 14.57754898071289 49.96224594116211
v -20.817983627319336 15.477338790893555 51.85393142700195
v -21.669937133789062 16.11125373840332 53.29359436035156
v -20.533611297607422 15.390495300292969 54.25189971923828
v -20.36363410949707 14.50239372253418 50.8645133972168
v -20.1838321685791 14.942805290222168 51.99015808105469
v -20.266033172607422 15.246373176574707 53.15752029418945
v -19.622983932495117 14.120651245117188 52.082420349121094
v -25.215682983398438 13.27511978149414 48.76500701904297
v -24.670085906982422 13.777607917785645 48.9610595703125
v -23.71441078186035 14.991569519042969 49.78987503051758
v -25.641082763671875 11.500774383544922 48.24626159667969
v -23.797775268554688 15.83617115020752 50.79647445678711
v -19.836688995361328 13.69176959991455 50.29932403564453
v -20.48732566833496 13.999671936035156 50.197853088378906
v -19.845359802246094 13.355694770812988 50.52247619628906
v -19.64063262939453 13.412351608276367 50.299713134765625
v -19.724611282348633 14.40765380859375 54.056304931640625
v -19.736530303955078 13.938989639282227 55.67662048339844
v -19.48876953125 13.558097839355469 51.243621826171875
v -19.141704559326172 13.361498832702637 50.44554138183594
v -19.058963775634766 14.77538776397705 51.652687072753906
v -19.393260955810547 14.698372840881348 52.33018112182617
v -18.405542373657227 15.789033889770508 52.250457763671875
v -18.02318000793457 16.269075393676758 53.13329315185547
v -17.561790466308594 16.034395217895508 51.43890380859375
v -18.213354110717773 14.928022384643555 50.83192443847656
v -19.764938354492188 13.36970329284668 57.25506591796875
v -20.68848991394043 15.22346305847168 55.170570373535156
v -19.839397430419922 13.311807632446289 56.72935485839844
v -21.658096313476562 15.859545707702637 54.60732650756836
v -17.961257934570312 14.749921798706055 57.27906036376953
v -18.72311782836914 15.229887962341309 55.53838348388672
v -19.47956085205078 13.437971115112305 57.74702453613281
v -16.820363998413086 17.024742126464844 53.812416076660156
v -19.193099975585938 15.228106498718262 53.8069953918457
v -28.128759384155273 13.065672874450684 39.785301208496094
v -29.785377502441406 13.898818969726562 40.94013214111328
v -28.991004943847656 14.127925872802734 41.88179016113281
v -27.70266342163086 13.203523635864258 40.53795623779297
v -28.155616760253906 13.833878517150879 41.84618377685547
v -27.30915641784668 11.978649139404297 38.69425582885742
v -28.55013084411621 12.075942993164062 38.22613525390625
v -29.20323944091797 13.166216850280762 39.52074432373047
v -27.731149673461914 13.563128471374512 40.108455657958984
v -26.2760066986084 11.209126472473145 38.675682067871094
v -28.393856048583984 11.257193565368652 37.55947494506836
v -25.676067352294922 11.569429397583008 37.48524856567383
v -31.575742721557617 13.980321884155273 44.75244903564453
v -32.3840446472168 13.80446720123291 43.283138275146484
v -33.151397705078125 13.017374038696289 45.15555191040039
v -32.18341827392578 13.312426567077637 45.91810989379883
v -30.78183937072754 13.868013381958008 45.86292266845703
v -30.257213592529297 14.30331802368164 44.609642028808594
v -31.46420669555664 14.174134254455566 43.43701171875
v -30.47122573852539 14.241395950317383 42.16802215576172
v -29.473989486694336 14.400146484375 43.75141906738281
v -31.542076110839844 14.031329154968262 42.3081169128418
v -19.418182373046875 14.723528861999512 55.073665618896484
v -17.050710678100586 16.25243377685547 55.52909469604492
v -28.947816848754883 13.127747535705566 47.788047790527344
v -29.895750045776367 12.717135429382324 48.341697692871094
v -28.02666664123535 13.057080268859863 47.65081787109375
v -28.57419776916504 13.882331848144531 45.919654846191406
v -27.187482833862305 13.109480857849121 46.678497314453125
v -26.074066162109375 11.916031837463379 47.739749908447266
v -26.174144744873047 11.580729484558105 48.26917266845703
v -28.11273765563965 13.959501266479492 44.796024322509766
v -16.303789138793945 15.293511390686035 56.98129653930664
v -28.276594161987305 14.080246925354004 44.08997344970703
v -25.094940185546875 6.396243095397949 60.26372528076172
v -29.794893264770508 4.876470565795898 57.6344108581543
v -30.044437408447266 3.191368818283081 57.06566619873047
v -29.051456451416016 3.3812339305877686 58.275211334228516
v -25.587675094604492 3.9439408779144287 60.42974853515625
v -25.620723724365234 7.965784549713135 59.55179214477539
v -26.74730110168457 6.648183822631836 59.6305046081543
v -29.343955993652344 2.0499331951141357 57.62070846557617
v -27.91234588623047 4.28729248046875 59.2572021484375
v -30.490886688232422 4.284506320953369 56.60667419433594
v -29.98917007446289 1.7910263538360596 56.55272674560547
v -28.8381404876709 5.694911003112793 58.52545166015625
v -28.310880661010742 7.269715785980225 58.61732864379883
v -27.207683563232422 5.695917129516602 59.58677291870117
v -29.540401458740234 7.799062728881836 57.446475982666016
v -30.972942352294922 9.428821563720703 54.03571701049805
v -26.093414306640625 9.271156311035156 58.72367858886719
v -30.551956176757812 9.897872924804688 54.77706527709961
v -31.023332595825195 7.306171417236328 55.274906158447266
v -30.349864959716797 6.8680033683776855 56.71356201171875
v -29.587228775024414 8.809922218322754 56.97998046875
v -28.406627655029297 9.361869812011719 57.72914505004883
v -29.281339645385742 10.797584533691406 56.09922790527344
v -31.5688533782959 8.00804615020752 52.61184310913086
v -34.19074249267578 4.132335662841797 47.50592041015625
v -35.451454162597656 4.319414138793945 44.9931640625
v -34.134239196777344 3.289823293685913 45.94783020019531
v -33.54390335083008 3.26822829246521 47.03005599975586
v -35.78474044799805 6.792150020599365 46.02561950683594
v -35.426841735839844 4.974692344665527 45.97066879272461
v -35.056087493896484 5.944839000701904 47.35660934448242
v -31.69200325012207 5.541347026824951 53.63980484008789
v -31.865997314453125 4.864937782287598 52.101768493652344
v -31.567848205566406 4.141700744628906 53.81520462036133
v -30.821313858032227 5.67703104019165 56.05457305908203
v -31.121166229248047 1.7845245599746704 53.5148811340332
v -30.529277801513672 1.580881953239441 55.252384185791016
v -31.88890838623047 4.607114315032959 50.07741928100586
v -32.12374496459961 3.898893117904663 49.434059143066406
v -30.99941635131836 4.508892059326172 50.37742614746094
v -31.93426513671875 3.295319080352783 48.82685089111328
v -32.773529052734375 3.298492431640625 48.09161376953125
v -31.01752471923828 3.268305778503418 49.259132385253906
v -30.164100646972656 3.4334027767181396 49.62709426879883
v -29.932205200195312 3.068378448486328 49.726402282714844
v -32.953636169433594 4.157567977905273 49.01438903808594
v -26.786157608032227 18.305191040039062 43.05968475341797
v -27.427656173706055 17.507417678833008 42.241783142089844
v -27.399404525756836 17.46097755432129 44.05196762084961
v -25.727462768554688 18.855514526367188 44.75709533691406
v -25.691396713256836 19.24716567993164 42.77515411376953
v -24.350725173950195 20.09432029724121 43.618751525878906
v -22.83629608154297 20.34223747253418 45.67723846435547
v -23.787555694580078 20.46809196472168 42.41376876831055
v -26.07646369934082 18.610383987426758 41.275272369384766
v -28.028369903564453 14.939787864685059 40.6915168762207
v -27.50389862060547 14.34286880493164 39.475929260253906
v -28.029298782348633 16.60739517211914 43.46882629394531
v -28.026973724365234 15.980445861816406 41.37350082397461
v -28.395715713500977 15.342815399169922 42.48041534423828
v -28.350282669067383 15.539801597595215 43.81666564941406
v -27.476808547973633 16.499576568603516 40.61271667480469
v -26.905506134033203 16.48130989074707 39.756587982177734
v -26.976329803466797 17.493871688842773 40.923954010009766
v -25.646732330322266 18.501171112060547 40.456138610839844
v -25.930482864379883 16.33803939819336 38.71677780151367
v -28.15190315246582 15.388869285583496 44.928924560546875
v -27.37169647216797 16.236644744873047 46.06053161621094
v -25.422813415527344 14.642566680908203 37.561954498291016
v -26.51958656311035 14.353240966796875 38.27497100830078
v -26.965261459350586 12.767057418823242 38.719642639160156
v -26.433902740478516 12.994927406311035 38.003604888916016
v -25.78868865966797 13.113041877746582 37.456764221191406
v -24.871171951293945 11.977411270141602 36.891117095947266
v -12.846819877624512 18.110605239868164 54.96073532104492
v -10.775639533996582 17.60819435119629 56.69127655029297
v -14.246696472167969 17.865087509155273 52.771060943603516
v -14.692683219909668 17.96501350402832 53.7640380859375
v -13.495905876159668 19.251577377319336 54.394935607910156
v -14.17572021484375 17.994426727294922 54.91832733154297
v -12.640853881835938 18.854894638061523 55.373748779296875
v -15.003449440002441 18.564022064208984 51.3920783996582
v -26.760149002075195 13.775286674499512 47.630069732666016
v -26.66811752319336 14.99667739868164 47.627906799316406
v -27.22246742248535 14.30471134185791 47.07487106323242
v -26.13056755065918 14.574453353881836 48.18039321899414
v -25.82227897644043 11.977411270141602 47.79741287231445
v -26.048370361328125 16.469932556152344 47.50615310668945
v -26.0765438079834 15.74274730682373 47.87705612182617
v -19.51477813720703 17.48334503173828 50.22602844238281
v -21.16311264038086 17.119792938232422 49.80055236816406
v -20.412630081176758 16.27813148498535 50.271541595458984
v -18.70400047302246 15.45674991607666 50.77495574951172
v -25.867483139038086 17.498516082763672 46.78407287597656
v -23.186843872070312 18.758377075195312 47.72055435180664
v -21.537736892700195 18.45194435119629 48.968727111816406
v -24.450960159301758 16.077816009521484 48.718101501464844
v -18.10166358947754 16.527441024780273 50.74468994140625
v -16.198368072509766 16.214351654052734 50.66822814941406
v -19.827014923095703 18.45364761352539 49.677642822265625
v -15.5205659866333 17.44495391845703 55.01174545288086
v -16.023983001708984 17.483190536499023 53.43585205078125
v -14.879374504089355 16.081533432006836 50.30799865722656
v -15.14145565032959 16.083391189575195 50.296539306640625
v -14.491517066955566 16.644548416137695 50.72998809814453
v -14.790363311767578 16.330455780029297 49.90264892578125
v -16.081645965576172 16.78866958618164 51.278682708740234
v -15.393240928649902 17.48048210144043 52.15657043457031
v -14.558547019958496 17.447664260864258 51.675289154052734
v -17.022769927978516 16.88580894470215 52.680110931396484
v -27.64399528503418 15.46178150177002 46.128562927246094
v -24.017745971679688 19.150800704956055 46.53630828857422
v -28.003446578979492 14.465704917907715 45.44627380371094
v -12.964777946472168 21.07809066772461 54.47319030761719
v -14.64206314086914 20.433414459228516 52.276771545410156
v -15.545799255371094 20.11754035949707 49.7802734375
v -13.729890823364258 22.36031723022461 52.542415618896484
v -22.064682006835938 21.279953002929688 44.08710861206055
v -21.2094783782959 21.767578125 42.97616958618164
v -23.417266845703125 20.261428833007812 40.94392395019531
v -24.12045669555664 18.559532165527344 39.26423645019531
v -21.317764282226562 21.44071388244629 41.318931579589844
v -19.90913963317871 22.17223358154297 42.59867858886719
v -18.792236328125 21.876405715942383 40.81698226928711
v -21.5402889251709 20.760976791381836 40.211082458496094
v -19.598373413085938 22.0241641998291 41.48719787597656
v -20.582448959350586 21.849933624267578 44.28919982910156
v -24.77945327758789 13.640763282775879 36.96534729003906
v -17.797863006591797 18.536930084228516 50.004737854003906
v -16.318031311035156 17.77151107788086 50.25234603881836
v -15.575287818908691 21.257816314697266 45.852394104003906
v -14.950505256652832 17.17823028564453 49.84567642211914
v -15.400439262390137 18.156503677368164 49.59226989746094
v -16.58197021484375 20.95192527770996 47.36674880981445
v -16.475156784057617 20.24091911315918 48.32002258300781
v -15.830636024475098 20.6862850189209 47.132225036621094
v -17.67874526977539 19.696943283081055 49.12422561645508
v -15.680708885192871 19.299331665039062 48.8631477355957
v -19.447669982910156 19.70870590209961 48.82707977294922
v -18.742700576782227 22.39398956298828 42.77206039428711
v -17.27687644958496 21.382896423339844 46.84235763549805
v -18.230846405029297 20.731489181518555 47.91807556152344
v -21.519237518310547 21.180490493774414 45.28690719604492
v -21.19477081298828 20.767555236816406 46.49660873413086
v -20.02361488342285 20.247188568115234 48.02009582519531
v -19.46926498413086 21.748926162719727 45.66252899169922
v -18.431547164916992 22.200796127319336 44.79362487792969
v -16.954036712646484 22.32417106628418 42.162837982177734
v -17.98386001586914 22.190265655517578 41.44385528564453
v -16.622604370117188 22.353275299072266 42.95140075683594
v -15.432870864868164 21.875167846679688 41.88357162475586
v -17.2781925201416 22.226259231567383 44.713436126708984
v -15.693944931030273 21.996843338012695 43.847320556640625
v -16.123987197875977 21.85009002685547 45.12807846069336
v -14.91884994506836 21.678258895874023 42.84443283081055
v -35.58017349243164 9.332844734191895 45.66098403930664
v -35.65966033935547 7.9225172996521 46.23591995239258
v -35.079307556152344 10.639686584472656 45.497589111328125
v -34.47264099121094 12.179970741271973 43.55451202392578
v -35.20508575439453 11.162840843200684 42.857513427734375
v -34.251888275146484 12.089334487915039 44.95686721801758
v -31.632247924804688 12.684239387512207 39.44799041748047
v -32.60254669189453 13.311498641967773 41.49679946899414
v -30.716049194335938 13.509490013122559 40.30768585205078
v -33.44343185424805 13.037731170654297 42.454559326171875
v -23.87316131591797 9.459163665771484 37.26024627685547
v -24.043058395385742 8.663557052612305 38.22853469848633
v -17.43864631652832 10.527454376220703 37.538963317871094
v -19.245887756347656 -15.828893661499023 48.96539306640625
v -19.09541893005371 -17.06978988647461 49.50480651855469
v -19.195730209350586 -17.924840927124023 49.0626106262207
v -18.019540786743164 -14.491555213928223 50.584781646728516
v -18.69703483581543 -14.193793296813965 48.79975891113281
v -17.11147117614746 -14.841022491455078 52.827327728271484
v -17.049781799316406 -14.896286010742188 52.29465103149414
v -17.6494083404541 -15.116493225097656 53.63996124267578
v -16.72469711303711 -15.614027976989746 54.43952178955078
v -29.676393508911133 -6.535098552703857 42.590789794921875
v -29.620590209960938 -6.4035162925720215 41.81105041503906
v -29.63614845275879 -7.415304660797119 43.862178802490234
v -29.735836029052734 -7.12272834777832 41.937599182128906
v -28.222646713256836 -6.691990852355957 47.426658630371094
v -27.861572265625 -5.899943828582764 47.91242980957031
v -29.390399932861328 -7.052525043487549 44.897491455078125
v -26.911394119262695 -5.515259742736816 49.10851287841797
v -26.541337966918945 -4.6275458335876465 49.306888580322266
v -26.970760345458984 -4.555717468261719 48.65966033935547
v -28.180696487426758 -5.8651909828186035 47.13570785522461
v -26.876869201660156 -6.413887977600098 48.999916076660156
v -27.998722076416016 -7.775994777679443 47.15892791748047
v -29.389469146728516 -7.519177436828613 44.757476806640625
v -21.818859100341797 -2.8675973415374756 58.06847381591797
v -21.12038803100586 -2.896312952041626 57.01179504394531
v -20.655593872070312 -1.7295674085617065 58.45207214355469
v -19.384355545043945 -0.8253664970397949 57.93178176879883
v -19.566865921020508 -1.036903977394104 57.79277038574219
v -19.64365005493164 -0.44145646691322327 58.312522888183594
v -20.18669891357422 -1.431572675704956 57.869014739990234
v -21.63510513305664 -4.03310489654541 56.01393508911133
v -22.28643798828125 -4.821126461029053 54.57923126220703
v -23.17902946472168 -6.777828693389893 54.257781982421875
v -24.24561309814453 -5.489949703216553 51.81097412109375
v -25.826539993286133 -5.391495704650879 51.537052154541016
v -24.93673324584961 -5.01339054107666 50.75165939331055
v -23.80350112915039 -4.622204780578613 50.537879943847656
v -22.735055923461914 -4.798912048339844 51.69951248168945
v -24.109081268310547 -5.69219970703125 50.35173034667969
v -22.511131286621094 -4.995743274688721 50.39870834350586
v -23.338008880615234 -6.1135711669921875 51.49982452392578
v -23.7479248046875 -7.670341491699219 52.572837829589844
v -22.36058807373047 -4.54673957824707 50.802284240722656
v -22.907119750976562 -4.181405067443848 50.69569396972656
v -26.086292266845703 -5.737710952758789 49.70720672607422
v -25.217159271240234 -6.7998881340026855 49.745140075683594
v -25.094940185546875 -4.506955146789551 50.26759338378906
v -23.371061325073242 -7.073966026306152 49.829734802246094
v -22.74225425720215 -5.26780891418457 53.02145004272461
v -23.84731101989746 -9.449641227722168 51.98334503173828
v -23.748390197753906 -7.568404674530029 50.843536376953125
v -23.761085510253906 -8.485840797424316 50.33268737792969
v -23.70551109313965 -8.843047142028809 53.39498519897461
v -27.855375289916992 -3.95632266998291 50.99276351928711
v -27.406606674194336 -3.650665283203125 50.46953201293945
v -26.665565490722656 -4.549138069152832 50.62255859375
v -27.07594871520996 -4.785212516784668 51.27729034423828
v -25.528541564941406 -4.0810933113098145 49.957366943359375
v -28.005842208862305 -4.205863952636719 51.77676010131836
v -23.500473022460938 -10.23913288116455 50.00458526611328
v -23.662090301513672 -10.424664497375488 51.44107437133789
v -23.348539352416992 -11.306032180786133 52.3701171875
v -23.152788162231445 -11.54883861541748 50.60382843017578
v -23.179262161254883 -10.828466415405273 54.28007507324219
v -23.176162719726562 -9.4828462600708 55.12335968017578
v -22.561674118041992 -10.265914916992188 56.27508544921875
v -22.668336868286133 -7.171878337860107 56.08754348754883
v -20.691816329956055 -3.9148354530334473 58.93513488769531
v -26.19256591796875 -6.8957109451293945 49.267417907714844
v -25.62335777282715 -3.524268865585327 49.67207336425781
v -24.09468650817871 -4.503471374511719 56.5389518737793
v -23.51146697998047 -4.893805980682373 55.67097091674805
v -26.454801559448242 -4.867489814758301 54.74958801269531
v -25.52877426147461 -5.440800666809082 54.10924530029297
v -25.445415496826172 -4.656106472015381 55.942108154296875
v -25.753623962402344 -5.58437967300415 52.62012481689453
v -24.435791015625 -5.600710391998291 53.82123565673828
v -23.07198143005371 -5.166722297668457 54.23014831542969
v -22.978635787963867 -4.778400421142578 55.52267074584961
v -22.338375091552734 -4.598056316375732 54.840614318847656
v -22.837610244750977 -5.158208847045898 53.099395751953125
v -24.80600357055664 -5.666966915130615 52.36268997192383
v -27.31550407409668 -4.158107280731201 55.00733184814453
v -28.039745330810547 -4.2149200439453125 53.05744171142578
v -27.116193771362305 -4.923295974731445 53.410858154296875
v -26.701398849487305 -5.216568946838379 52.1533203125
v -26.374692916870117 -4.1795477867126465 56.03437042236328
v -21.901832580566406 -3.9002840518951416 56.003334045410156
v -20.514799118041992 -2.175088882446289 57.46892166137695
v -19.36980438232422 -2.606523036956787 60.30923843383789
v -20.93648338317871 -7.362672328948975 59.76758575439453
v -21.371479034423828 -8.58328914642334 59.006263732910156
v -20.484535217285156 -10.098262786865234 59.85303497314453
v -21.867464065551758 -12.021682739257812 56.23700714111328
v -20.382755279541016 -5.0973711013793945 60.146148681640625
v -22.807113647460938 -11.87206745147705 54.03153991699219
v -19.73986053466797 -17.860055923461914 47.255062103271484
v -19.691017150878906 -18.6053524017334 46.18839645385742
v -35.971900939941406 0.7510637640953064 42.22932052612305
v -29.154632568359375 -1.5523186922073364 51.296485900878906
v -30.924104690551758 -1.5308011770248413 50.817142486572266
v -30.28175163269043 -2.5718472003936768 50.646629333496094
v -29.96324348449707 -0.14694495499134064 51.328067779541016
v -31.614988327026367 -0.06118446961045265 50.69229507446289
v -31.64571189880371 1.3917909860610962 50.428897857666016
v -30.001787185668945 -0.01714315637946129 51.43998718261719
v -29.390317916870117 -2.0993127822875977 51.730323791503906
v -31.196401596069336 2.9687631130218506 50.76311492919922
v -28.497419357299805 -5.183751106262207 48.64332580566406
v -29.260826110839844 -6.11759614944458 47.061092376708984
v -28.647113800048828 -3.461496591567993 51.933502197265625
v -28.433252334594727 -3.2827770709991455 51.123260498046875
v -27.58462905883789 -2.9552927017211914 50.42131042480469
v -26.117952346801758 -3.0622613430023193 49.90922546386719
v -33.161460876464844 1.4231384992599487 49.300540924072266
v -32.44340896606445 0.74672931432724 50.0882568359375
v -30.108291625976562 -0.9262203574180603 52.62438201904297
v -30.026172637939453 -0.55345618724823 54.27558135986328
v -31.757328033447266 5.368200302124023 51.29106903076172
v -31.714675903320312 3.6676185131073 52.61880874633789
v -31.56575584411621 3.8947136402130127 50.970008850097656
v -30.534543991088867 1.9568971395492554 50.72046661376953
v -31.468002319335938 2.5254087448120117 51.93086624145508
v -31.270009994506836 2.1791934967041016 51.4375114440918
v -31.690067291259766 2.16680908203125 50.039798736572266
v -29.912080764770508 3.107388496398926 49.85442352294922
v -29.442411422729492 -8.09411334991455 42.70402526855469
v -29.192018508911133 -7.680945873260498 40.74848556518555
v -27.23872184753418 -8.012686729431152 47.781002044677734
v -29.228010177612305 -8.362695693969727 43.708770751953125
v -28.501983642578125 -6.437573432922363 38.692474365234375
v -28.58983612060547 -7.773905277252197 39.833370208740234
v -27.905841827392578 -5.839029312133789 37.97767639160156
v -27.608469009399414 -4.399909019470215 37.68107223510742
v -27.188953399658203 -5.543124675750732 37.53223419189453
v -26.133508682250977 -3.7017502784729004 37.15010452270508
v -23.201631546020508 -9.31318187713623 48.81980514526367
v -23.97099494934082 -7.513217449188232 49.58104705810547
v -23.34366226196289 -7.92661714553833 49.24736785888672
v -22.812456130981445 -11.338695526123047 49.10216522216797
v -22.51066780090332 -9.887809753417969 47.776824951171875
v -22.315616607666016 -11.334592819213867 48.11854934692383
v -19.81818962097168 -12.471151351928711 45.99125289916992
v -18.553686141967773 -11.652556419372559 44.36095428466797
v -18.114900588989258 -12.529667854309082 44.77195358276367
v -20.53337860107422 -11.6538724899292 46.01772689819336
v -19.491634368896484 -11.129558563232422 44.807945251464844
v -21.070232391357422 -10.047566413879395 46.03815460205078
v -21.86661148071289 -12.305049896240234 48.36003875732422
v -21.260793685913086 -13.172097206115723 48.74286651611328
v -19.894432067871094 -13.24694538116455 47.06511688232422
v -19.79705810546875 -13.950675010681152 48.53550720214844
v -18.824203491210938 -13.482166290283203 46.63801956176758
v -22.422508239746094 -9.38253402709961 47.64353942871094
v -20.18538475036621 -7.61561918258667 60.839900970458984
v -19.99280548095703 -11.336836814880371 59.65790939331055
v -20.329504013061523 -12.497467994689941 58.122344970703125
v -35.82181930541992 -1.8260093927383423 42.237064361572266
v -34.982322692871094 -3.611887216567993 41.884193420410156
v -35.59967803955078 -2.7254114151000977 44.08339309692383
v -35.19618225097656 -3.6461758613586426 43.35969543457031
v -35.21406555175781 -2.6601622104644775 41.23874282836914
v -35.16584396362305 -1.3785529136657715 40.30582809448242
v -34.523414611816406 -2.150010347366333 39.62376403808594
v -35.921974182128906 -0.5493538975715637 41.83628463745117
v -35.129154205322266 1.2616795301437378 40.28036117553711
v -34.27449035644531 -0.3781423568725586 38.72645568847656
v -34.487266540527344 1.3413254022598267 39.263614654541016
v -33.8240966796875 -1.6784051656723022 38.51685333251953
v -33.19404983520508 -0.1709393411874771 37.68564224243164
v -32.804100036621094 -1.0221203565597534 37.516136169433594
v -36.153324127197266 -0.42071306705474854 43.47563552856445
v -35.25446701049805 -1.0853571891784668 46.569129943847656
v -34.58626174926758 -3.0365641117095947 46.5963020324707
v -34.1796760559082 -2.5312891006469727 47.68959045410156
v -35.64054489135742 -1.3949618339538574 45.51051712036133
v -34.907630920410156 -3.598883867263794 45.192317962646484
v -33.302642822265625 -1.0833446979522705 49.35116195678711
v -35.949607849121094 0.18618980050086975 44.89711380004883
v -32.9452018737793 -2.6581497192382812 49.0560302734375
v -32.20981216430664 -1.2340450286865234 50.20064163208008
v -31.260488510131836 -3.0531277656555176 50.0028076171875
v -31.665918350219727 3.2069265842437744 38.21792984008789
v -30.45009994506836 3.1580862998962402 37.87991714477539
v -29.786226272583008 -5.908613204956055 40.35544204711914
v -29.170578002929688 -5.532752990722656 39.928497314453125
v -19.6905574798584 -16.179908752441406 47.726356506347656
v -19.318798065185547 -14.386677742004395 47.315433502197266
v -19.90201759338379 -17.113134384155273 45.870975494384766
v -33.96279525756836 -4.336362361907959 46.13475799560547
v -21.08370018005371 -14.002690315246582 51.409339904785156
v -19.836763381958008 -15.713797569274902 45.89086151123047
v -27.160003662109375 -3.3680732250213623 37.633548736572266
v -28.084949493408203 -4.463996887207031 38.089134216308594
v -33.35000991821289 2.3220760822296143 38.48325729370117
v -32.85874557495117 1.0193363428115845 37.56226348876953
v -30.563798904418945 2.026945114135742 37.06441879272461
v -31.75067138671875 0.8579548597335815 36.9901123046875
v -31.66754150390625 1.9830588102340698 37.28485870361328
v -32.54077911376953 2.417588949203491 37.918460845947266
v -30.789270401000977 2.8347814083099365 37.595001220703125
v -31.34601593017578 -0.008551636710762978 36.80295944213867
v -30.443363189697266 0.7348869442939758 36.70280075073242
v -31.191909790039062 -1.998846173286438 37.063720703125
v -28.388286590576172 -4.3770751953125 38.68659210205078
v -28.750755310058594 -5.268814563751221 38.80455017089844
v -29.211679458618164 -6.110475063323975 39.63561248779297
v -27.885099411010742 -3.5916855335235596 38.325439453125
v -26.177631378173828 -6.089267730712891 37.356529235839844
v -25.777620315551758 -4.50339412689209 37.03794479370117
v 5.245866775512695 26.6765193939209 4.9320068359375
v 5.5431647300720215 26.5967960357666 2.0991973876953125
v 0.9931351542472839 27.10431480407715 2.1262130737304688
v -3.390636682510376 27.711994171142578 5.783729553222656
v -5.417696952819824 27.323205947875977 6.521671295166016
v -2.2803163528442383 27.809053421020508 6.520820617675781
v -1.6426080465316772 27.814006805419922 5.513134002685547
v 1.1401973962783813 27.077999114990234 4.804836273193359
v 1.247398018836975 27.75665283203125 5.326053619384766
v 4.2480878829956055 27.469030380249023 5.315296173095703
v 1.537652611732483 27.95355987548828 6.060979843139648
v 9.15617561340332 26.227977752685547 5.270015716552734
v 6.978183269500732 27.06182289123535 5.543552398681641
v 5.643554210662842 27.432418823242188 6.302083969116211
v 12.816634178161621 23.97545051574707 4.821399688720703
v 13.069658279418945 23.847116470336914 2.1286888122558594
v 10.938725471496582 24.93507194519043 4.928600311279297
v 7.69747257232666 26.092294692993164 4.928367614746094
v 9.439696311950684 25.50659942626953 2.098194122314453
v 10.215643882751465 26.131149291992188 5.968408584594727
v 11.485177993774414 25.313716888427734 6.927331924438477
v 13.383441925048828 24.665403366088867 5.8643035888671875
v 14.574182510375977 23.88860511779785 6.669586181640625
v 6.947609901428223 27.067934036254883 1.4411354064941406
v 4.095607280731201 27.423206329345703 1.7620391845703125
v 10.130037307739258 25.73129653930664 1.8530616760253906
v 12.954252243041992 24.763547897338867 1.4627265930175781
v 10.017342567443848 26.16659927368164 1.0753364562988281
v -6.4364519119262695 26.957021713256836 6.800548553466797
v 0.3010135889053345 27.811298370361328 6.801555633544922
v -2.7283148765563965 27.36585235595703 7.050012588500977
v 4.062170505523682 27.19200897216797 7.085073471069336
v 5.639374732971191 27.191547393798828 6.899621963500977
v 3.517265558242798 27.71338653564453 6.605186462402344
v 8.601673126220703 26.55445671081543 6.7474517822265625
v 5.905789375305176 -21.266714096069336 10.508529663085938
v 5.940387725830078 -20.08418083190918 10.3143310546875
v 6.41462516784668 -20.132246017456055 11.180295944213867
v 4.4094696044921875 -20.083948135375977 11.501976013183594
v 4.412642955780029 -20.787137985229492 11.01512336730957
v 4.6281280517578125 -20.835668563842773 11.383705139160156
v 5.278685092926025 -20.70826530456543 11.884105682373047
v 5.250975608825684 -22.01774024963379 10.959390640258789
v 4.272392272949219 -19.367366790771484 10.8240966796875
v 4.557073593139648 -21.57183074951172 10.068580627441406
v 4.728517055511475 -21.75728416442871 10.665653228759766
v 4.530679702758789 -19.49933624267578 11.876594543457031
v 4.604830265045166 -18.45124626159668 11.902603149414062
v 5.173961162567139 -19.128427505493164 12.353309631347656
v 4.398014068603516 -12.801810264587402 13.880126953125
v 5.245943546295166 -15.377567291259766 11.816919326782227
v 5.276904582977295 -15.919142723083496 12.506721496582031
v 3.7811264991760254 -10.40345573425293 13.492424011230469
v 4.263258457183838 -11.869745254516602 13.968132019042969
v 3.4676513671875 -10.723122596740723 14.601661682128906
v 4.581300258636475 -11.650854110717773 13.100387573242188
v 4.805144309997559 -11.323214530944824 12.542169570922852
v 4.756768703460693 -12.363021850585938 12.391006469726562
v -3.699622631072998 -11.933059692382812 12.506721496582031
v -1.7752735614776611 -9.207374572753906 13.776872634887695
v -3.570594549179077 -12.232523918151855 13.660848617553711
v -2.8239049911499023 -10.30275821685791 12.768180847167969
v -21.86436653137207 16.67388343811035 6.849081039428711
v -18.9449520111084 20.104537963867188 6.608980178833008
v -21.09461784362793 17.95773696899414 6.12901496887207
v -18.445247650146484 20.160499572753906 7.001867294311523
v -15.19238567352295 23.085721969604492 6.695592880249023
v -15.971583366394043 22.61821937561035 5.700523376464844
v -17.297311782836914 21.488008499145508 6.73560905456543
v -11.938051223754883 25.10558319091797 5.999059677124023
v -13.36107349395752 24.000680923461914 6.953647613525391
v -18.58054542541504 20.497812271118164 5.714300155639648
v -16.498916625976562 21.50309944152832 7.126407623291016
v -9.24843692779541 26.183238983154297 6.608053207397461
v -8.758952140808105 26.057231903076172 7.002178192138672
v -6.878102779388428 27.021650314331055 6.10540771484375
v -10.536625862121582 25.635316848754883 5.516075134277344
v -6.875626087188721 26.97157096862793 5.663755416870117
v -2.7659316062927246 27.53868865966797 5.270637512207031
v -2.7001404762268066 26.96383285522461 4.929531097412109
v -23.58453369140625 14.514777183532715 6.04859733581543
v -25.082481384277344 11.701397895812988 5.88775634765625
v -24.244380950927734 13.21675968170166 6.608127593994141
v -23.207509994506836 14.951939582824707 6.661613464355469
v -23.99057960510254 12.362946510314941 7.149085998535156
v -5.637284278869629 26.447795867919922 4.926277160644531
v -11.510099411010742 24.42174530029297 4.972484588623047
v -4.7336249351501465 27.238994598388672 5.273345947265625
v -8.954854011535645 26.017061233520508 5.220790863037109
v -25.769725799560547 9.08872127532959 7.00233268737793
v -26.07685089111328 9.10164737701416 6.606117248535156
v -26.62059783935547 6.0980939865112305 7.002643585205078
v -25.432098388671875 8.22043514251709 7.199241638183594
v -26.939491271972656 4.7617621421813965 5.2200927734375
v -25.830249786376953 7.226912498474121 4.929298400878906
v -26.72229766845703 2.2579102516174316 4.91497802734375
v -27.01511001586914 -4.332956790924072 5.268390655517578
v -26.776403427124023 -0.34849774837493896 4.848258972167969
v -26.2878475189209 -5.0069661140441895 4.930225372314453
v -26.75194549560547 -1.5256150960922241 2.0885963439941406
v -26.017410278320312 6.432002544403076 2.097034454345703
v -27.408769607543945 -1.4082751274108887 1.6546058654785156
v -27.625648498535156 0.010721292346715927 0.9702262878417969
v -27.429285049438477 -2.9717018604278564 1.1102447509765625
v -27.337949752807617 2.380126953125 1.684326171875
v -26.75271987915039 1.3316501379013062 2.127063751220703
v -27.508153915405273 -1.5062649250030518 0.62060546875
v -26.87478256225586 -4.557651996612549 1.8025970458984375
v -27.2360897064209 -3.043529987335205 0.39614105224609375
v -26.867584228515625 -5.767510890960693 0.5554313659667969
v -26.512231826782227 -3.614596366882324 2.0954856872558594
v -26.43661117553711 -7.528310775756836 1.4183769226074219
v -25.65238380432129 -7.473665237426758 2.0974197387695312
v -24.350496292114258 -10.865774154663086 2.151599884033203
v -25.629552841186523 -9.327733039855957 1.7565460205078125
v -24.0899600982666 -12.478891372680664 1.8519783020019531
v -22.75432777404785 -13.938214302062988 2.0995101928710938
v -25.1828670501709 -8.92772388458252 4.922870635986328
v -24.13555335998535 -11.442413330078125 4.927982330322266
v -26.16927146911621 -7.853705406188965 5.272647857666016
v -24.987276077270508 -11.119649887084961 5.3415374755859375
v -26.35735321044922 8.494125366210938 6.0424041748046875
v -26.996997833251953 6.044919013977051 5.75981330871582
v -27.113252639770508 4.851778984069824 6.753721237182617
v -25.987070083618164 9.121307373046875 5.431011199951172
v -27.606300354003906 1.822760820388794 6.374300003051758
v -27.410240173339844 3.046783447265625 5.491695404052734
v -27.64484405517578 -1.0647684335708618 6.159900665283203
v -27.408309936523438 -2.7771153450012207 5.521106719970703
v -27.013639450073242 -5.5124735832214355 6.478635787963867
v -27.261011123657227 -2.0977649688720703 6.951093673706055
v -26.779966354370117 -5.558295249938965 6.902872085571289
v -25.65571403503418 -9.646317481994629 6.776941299438477
v -26.702638626098633 -6.945789337158203 6.131879806518555
v -25.9388427734375 -9.308382987976074 6.290241241455078
v -27.554672241210938 1.178086280822754 5.500053405761719
v -27.409931182861328 2.3504819869995117 6.80286979675293
v -27.121925354003906 0.9671679139137268 7.090183258056641
v -24.5142765045166 12.5120210647583 5.395175933837891
v -25.071331024169922 -11.396048545837402 5.8120574951171875
v -24.16008758544922 -12.940977096557617 1.5013504028320312
v -22.059886932373047 -15.023070335388184 4.926357269287109
v -24.085163116455078 -13.008161544799805 5.387977600097656
v -24.115039825439453 -13.311495780944824 6.115547180175781
v -0.22786879539489746 27.847986221313477 0.5108489990234375
v -0.2850683033466339 27.946285247802734 1.0630302429199219
v 3.2582039833068848 27.79148292541504 1.0384178161621094
v 0.7710711359977722 27.80944061279297 1.6021308898925781
v -2.6180953979492188 26.96383285522461 2.096179962158203
v -10.960938453674316 25.17168426513672 1.8056182861328125
v -14.024709701538086 23.758804321289062 1.5652084350585938
v -16.663860321044922 20.994728088378906 2.1722679138183594
v -12.37830924987793 23.904394149780273 2.0964889526367188
v -17.345685958862305 21.30301856994629 1.6788330078125
v -16.903337478637695 21.905664443969727 0.9393424987792969
v -17.71117401123047 21.228092193603516 1.233001708984375
v -6.7472944259643555 26.166057586669922 2.0914573669433594
v -3.1595940589904785 27.466861724853516 1.756622314453125
v -9.88227653503418 25.88973617553711 1.4484100341796875
v -10.686243057250977 25.23515510559082 0.22848892211914062
v -8.059245109558105 26.37651252746582 0.32152557373046875
v -3.4845242500305176 26.797962188720703 0.08452606201171875
v -4.5967020988464355 27.119333267211914 0.22191238403320312
v -6.8871588706970215 26.977609634399414 1.111328125
v -4.003808975219727 27.51338005065918 1.5029754638671875
v -9.26863956451416 26.164743423461914 0.678192138671875
v -4.8950066566467285 27.437992095947266 0.889495849609375
v -20.45760154724121 17.76709747314453 0.14605712890625
v -14.297626495361328 23.3592586517334 0.2709808349609375
v -13.702335357666016 24.0543212890625 0.7326812744140625
v -16.721290588378906 21.923542022705078 0.5191307067871094
v -13.331428527832031 24.13884162902832 0.4438209533691406
v -17.090959548950195 21.378097534179688 0.2720680236816406
v -2.9163997173309326 27.71354103088379 0.6668128967285156
v 0.2082095593214035 27.6590518951416 0.2747764587402344
v -21.151811599731445 17.496658325195312 0.369049072265625
v -18.455774307250977 20.48480987548828 0.5476150512695312
v -20.442045211791992 18.618202209472656 0.9393424987792969
v -24.861730575561523 8.835155487060547 0.0531768798828125
v 4.6880364418029785 27.53791618347168 0.6151847839355469
v 6.2375311851501465 27.045024871826172 0.3210601806640625
v 7.063634395599365 27.095338821411133 0.8403472900390625
v 11.380685806274414 25.385467529296875 0.3725318908691406
v 9.306952476501465 26.030838012695312 0.221832275390625
v 13.455425262451172 24.56656265258789 0.8403472900390625
v 3.888636827468872 27.066003799438477 0.1237640380859375
v -19.098745346069336 19.748260498046875 5.3171539306640625
v -22.33852767944336 16.050880432128906 5.367927551269531
v -20.929903030395508 18.017026901245117 5.562051773071289
v -18.389751434326172 19.504058837890625 4.850502014160156
v -19.641637802124023 18.20735740661621 2.2219581604003906
v -20.423545837402344 17.387832641601562 4.901512145996094
v -21.609329223632812 15.861404418945312 2.0991973876953125
v -13.754347801208496 23.80524253845215 5.268390655517578
v -21.97559356689453 15.361855506896973 4.924266815185547
v -20.889423370361328 17.953092575073242 1.5289840698242188
v -20.927501678466797 17.66779327392578 1.755615234375
v -15.822120666503906 21.686077117919922 4.895160675048828
v -27.36689567565918 3.7942469120025635 0.964111328125
v -26.63290023803711 7.364686965942383 0.8966941833496094
v -27.36155891418457 3.374345302581787 0.6153411865234375
v -27.087244033813477 4.69597053527832 1.6051483154296875
v -26.419973373413086 6.977758407592773 1.8049964904785156
v -25.95138168334961 9.01008129119873 0.4186668395996094
v -27.01580810546875 4.415236949920654 0.31943511962890625
v -24.586027145385742 10.66832447052002 2.099742889404297
v -25.65865135192871 9.93920612335205 1.5285224914550781
v -25.744489669799805 9.993773460388184 0.81488037109375
v -27.417129516601562 -0.04725228250026703 0.3626251220703125
v -24.234085083007812 11.446361541748047 4.882007598876953
v -23.030492782592773 13.719789505004883 2.0980377197265625
v -23.461698532104492 14.201534271240234 1.7036819458007812
v -22.40610122680664 16.087646484375 1.3858680725097656
v -22.989473342895508 15.33275318145752 0.964111328125
v -23.978891372680664 13.645562171936035 0.68902587890625
v -24.293916702270508 12.474714279174805 0.2705192565917969
v -26.221128463745117 7.02412223815918 0.17284011840820312
v -25.692554473876953 -9.800965309143066 1.2611770629882812
v -26.171592712402344 -8.257197380065918 0.5215301513671875
v -24.283620834350586 -12.731606483459473 0.5270271301269531
v -23.206815719604492 -14.746979713439941 1.1114044189453125
v -21.720170974731445 -16.822956085205078 0.7393379211425781
v -21.84571647644043 -16.579917907714844 1.4331626892089844
v -27.135082244873047 0.2496587634086609 0.17353439331054688
v -25.797740936279297 -8.463085174560547 0.22415542602539062
v -22.694032669067383 9.633161544799805 7.334848403930664
v -20.981298446655273 12.987109184265137 7.335002899169922
v -24.54051399230957 0.44633522629737854 7.348625183105469
v -24.242828369140625 4.008106708526611 7.347076416015625
v -23.77145767211914 5.445214748382568 8.036954879760742
v -12.694880485534668 10.747661590576172 14.495468139648438
v -13.33901309967041 9.917611122131348 14.361871719360352
v -10.448310852050781 9.037095069885254 15.774984359741211
v -12.265459060668945 11.234359741210938 14.324176788330078
v -13.72160816192627 10.871580123901367 13.485843658447266
v -17.017892837524414 12.399867057800293 11.155448913574219
v -16.08489990234375 11.117947578430176 11.70213508605957
v -16.672607421875 12.088480949401855 11.702520370483398
v -15.844025611877441 12.024935722351074 12.441007614135742
v -15.980175971984863 11.43142318725586 12.247425079345703
v -15.26003360748291 12.20969295501709 12.578006744384766
v -12.269793510437012 11.582200050354004 13.929895401000977
v -13.084285736083984 11.709216117858887 13.09520149230957
v -14.123705863952637 9.940753936767578 13.262386322021484
v -13.528182029724121 9.12796401977539 14.02618408203125
v -16.473220825195312 12.755602836608887 11.849969863891602
v -11.527050018310547 7.306403636932373 14.135009765625
v -11.420159339904785 7.378077507019043 12.290769577026367
v -10.247455596923828 6.148869037628174 14.214811325073242
v -10.466266632080078 7.316930770874023 15.638992309570312
v -10.519209861755371 6.752598285675049 15.128454208374023
v -13.331351280212402 8.489171028137207 13.631359100341797
v -13.173452377319336 8.151005744934082 13.050384521484375
v -11.6618070602417 11.992659568786621 12.976390838623047
v -12.710284233093262 11.974161148071289 12.243400573730469
v -11.4984130859375 11.734139442443848 13.784767150878906
v -11.011558532714844 11.873383522033691 13.001855850219727
v -5.5895280838012695 9.130905151367188 16.36431884765625
v -7.266811847686768 23.698894500732422 7.335468292236328
v -7.147923469543457 25.9888858795166 7.195989608764648
v -12.846122741699219 21.184595108032227 7.306673049926758
v -11.073556900024414 21.905353546142578 8.056690216064453
v -17.377187728881836 17.70525550842285 7.306598663330078
v -6.688624382019043 7.76144552230835 17.805374145507812
v -6.411683082580566 8.928345680236816 16.92926788330078
v -16.114543914794922 13.676910400390625 10.54359245300293
v -13.507205963134766 12.163252830505371 11.455997467041016
v -15.707878112792969 13.09183406829834 11.814985275268555
v -16.885923385620117 13.44006061553955 10.982149124145508
v -16.999238967895508 13.788599967956543 10.219593048095703
v -17.351646423339844 13.113197326660156 10.29118537902832
v -16.41439437866211 13.537897109985352 11.11311149597168
v 4.750731468200684 8.512314796447754 13.782447814941406
v 4.834556579589844 9.17703628540039 14.848106384277344
v 8.091212272644043 11.260367393493652 12.392786026000977
v 7.287555694580078 10.87475299835205 13.981521606445312
v 4.95359992980957 9.30567741394043 15.538450241088867
v 5.501677989959717 9.302193641662598 16.398530960083008
v 8.87157154083252 11.458126068115234 14.824886322021484
v 6.175765037536621 8.799162864685059 17.269989013671875
v 8.693239212036133 10.485812187194824 15.7607421875
v 10.300861358642578 13.055377006530762 13.752647399902344
v 9.909056663513184 13.129295349121094 12.778398513793945
v 10.345987319946289 13.31358814239502 13.038854598999023
v 10.896774291992188 13.04616641998291 13.973627090454102
v 11.336257934570312 13.607789993286133 12.19696044921875
v 9.599220275878906 12.716747283935547 11.988519668579102
v 11.488505363464355 13.609106063842773 11.55267333984375
v 11.963517189025879 13.625824928283691 12.888618469238281
v 11.962355613708496 13.136261940002441 13.442655563354492
v 11.187492370605469 12.700570106506348 14.367136001586914
v 11.738433837890625 12.342667579650879 14.524494171142578
v 12.905412673950195 12.250946998596191 13.507749557495117
v 12.975924491882324 12.761408805847168 13.305887222290039
v 15.214289665222168 15.685237884521484 11.27573013305664
v 14.559785842895508 15.145054817199707 12.252922058105469
v 14.824420928955078 14.698372840881348 12.332954406738281
v 15.52242374420166 15.265259742736816 11.333625793457031
v 15.050354957580566 14.395889282226562 12.151060104370117
v 15.244321823120117 15.91953182220459 10.244590759277344
v 15.648588180541992 15.771076202392578 10.161773681640625
v 15.02194881439209 13.834189414978027 11.823575973510742
v 13.597225189208984 12.151874542236328 12.656879425048828
v 13.512934684753418 11.879034042358398 11.50383186340332
v 15.49966812133789 14.408892631530762 10.594213485717773
v 15.891395568847656 15.200629234313965 10.253416061401367
v 12.4091157913208 11.532044410705566 14.520622253417969
v 13.020895004272461 11.136214256286621 13.957761764526367
v 12.886991500854492 9.905613899230957 12.514692306518555
v 13.316336631774902 10.784891128540039 12.997289657592773
v 13.634764671325684 15.045438766479492 12.271032333374023
v 13.952495574951172 14.794041633605957 12.569879531860352
v 14.509242057800293 15.687250137329102 11.523801803588867
v 14.230676651000977 15.688644409179688 11.133081436157227
v 14.661026954650879 15.849406242370605 10.442972183227539
v 13.279492378234863 15.070981979370117 11.724889755249023
v 14.348945617675781 13.822269439697266 12.667482376098633
v 4.709012031555176 9.540433883666992 14.328433990478516
v 7.231827259063721 8.192493438720703 17.640586853027344
v 10.585543632507324 10.549591064453125 15.433259963989258
v 6.277470111846924 8.12747573852539 17.678668975830078
v 5.221717357635498 9.030592918395996 16.428173065185547
v 5.792784214019775 8.512779235839844 17.292667388916016
v 6.979422092437744 7.621736526489258 17.837417602539062
v 10.45380687713623 8.972774505615234 15.7489013671875
v 8.465447425842285 7.386282444000244 17.454435348510742
v 12.869343757629395 10.197182655334473 13.705045700073242
v 10.469520568847656 7.690700531005859 15.527843475341797
v 9.334663391113281 6.674887657165527 16.813941955566406
v 9.654716491699219 6.209473609924316 16.232040405273438
v 10.734309196472168 7.222888469696045 13.97842788696289
v 10.882067680358887 7.598670959472656 13.13676643371582
v 12.44750690460205 9.575033187866211 11.994478225708008
v 10.624863624572754 7.752467155456543 12.440851211547852
v -5.051975727081299 9.14135456085205 15.060728073120117
v -4.7168288230896 8.460068702697754 13.818670272827148
v -5.364444732666016 9.045918464660645 13.891273498535156
v -4.945008277893066 9.65274429321289 15.013589859008789
v -4.721240997314453 9.465200424194336 14.059852600097656
v -5.537436485290527 9.454054832458496 15.269245147705078
v -5.387587070465088 8.753341674804688 16.706586837768555
v -5.389677047729492 8.264321327209473 13.010368347167969
v -10.980907440185547 11.707280158996582 11.97915267944336
v 1.8087890148162842 14.723993301391602 12.268556594848633
v 1.2412060499191284 16.332002639770508 11.949586868286133
v 1.1744862794876099 16.573881149291992 12.46980094909668
v 0.9518803358078003 16.6124267578125 12.95510482788086
v 1.8347184658050537 15.171294212341309 13.202169418334961
v 0.7070603370666504 20.70207405090332 10.737174987792969
v 0.1558089554309845 20.92019271850586 11.233392715454102
v 0.7453738451004028 19.89934730529785 11.60816764831543
v -0.03304998204112053 21.37043571472168 10.457366943359375
v 1.8601833581924438 12.08910083770752 12.665159225463867
v 1.8316223621368408 14.87717056274414 13.859615325927734
v 2.8977465629577637 9.833552360534668 14.417289733886719
v -6.97199010848999 9.449178695678711 12.687297821044922
v -4.540818691253662 8.405501365661621 13.594053268432617
v 0.08042018860578537 9.493529319763184 20.645919799804688
v -1.6744199991226196 8.264398574829102 23.028175354003906
v 0.7925112247467041 8.558290481567383 22.88552474975586
v -3.3594441413879395 10.500596046447754 15.891708374023438
v -2.325364112854004 13.680314064025879 14.816761016845703
v -2.882343053817749 12.396615982055664 14.423791885375977
v -2.2225751876831055 15.119513511657715 13.977884292602539
v -1.2947670221328735 15.465961456298828 14.671089172363281
v -2.2718796730041504 10.641002655029297 17.24421501159668
v -2.8186419010162354 10.50632381439209 16.811233520507812
v -3.499850034713745 10.393938064575195 14.862966537475586
v -2.3642969131469727 10.038511276245117 17.24514389038086
v -0.9595423936843872 16.84408950805664 13.203330993652344
v -1.831621766090393 15.600872039794922 14.016120910644531
v -0.8740140199661255 16.383241653442383 13.581823348999023
v 0.031967028975486755 16.699426651000977 13.484762191772461
v 0.5760974884033203 16.372329711914062 13.507905960083008
v -1.0960780382156372 19.114730834960938 11.990762710571289
v -1.6315395832061768 16.541683197021484 11.946722030639648
v 0.42531993985176086 15.664108276367188 14.646709442138672
v -2.322422742843628 14.65053939819336 12.296653747558594
v -2.6017637252807617 10.615614891052246 12.914468765258789
v -3.358360767364502 9.798335075378418 14.229669570922852
v -0.4086006283760071 19.229671478271484 12.481876373291016
v -0.3918045461177826 15.672235488891602 14.753755569458008
v 1.3642739057540894 15.298310279846191 14.333234786987305
v -0.26943325996398926 10.352218627929688 17.936491012573242
v -1.3094731569290161 10.420795440673828 17.789352416992188
v -0.9469259977340698 10.079611778259277 17.910253524780273
v 0.45473241806030273 10.106779098510742 17.921632766723633
v 1.378670573234558 10.57288932800293 17.413259506225586
v 1.9115004539489746 10.216998100280762 17.09250831604004
v -0.7613179087638855 9.875271797180176 18.60291862487793
v -0.7065953016281128 9.341591835021973 20.22942543029785
v 2.32637095451355 9.551812171936035 20.21108055114746
v 1.015426754951477 10.178375244140625 18.20313835144043
v -1.6172205209732056 9.861804008483887 18.8618221282959
v -1.0103175640106201 9.583159446716309 18.81507110595703
v -0.5405696630477905 21.085365295410156 10.555667877197266
v -0.7119359374046326 20.06637954711914 11.799583435058594
v -0.409142404794693 20.287126541137695 11.822647094726562
v 0.009675482288002968 19.890291213989258 12.15833854675293
v -1.0168966054916382 20.092693328857422 10.953588485717773
v 1.7903674840927124 12.485085487365723 15.602380752563477
v 2.183256149291992 10.49974536895752 16.801013946533203
v 2.8384571075439453 10.537362098693848 14.58169174194336
v 2.653158664703369 10.892014503479004 15.666158676147461
v 2.605092763900757 10.217153549194336 16.18250274658203
v 2.9225149154663086 10.093775749206543 15.179847717285156
v -2.617476224899292 8.340560913085938 21.891538619995117
v -4.078346252441406 24.47948455810547 7.333223342895508
v 0.09071454405784607 24.834138870239258 7.339260101318359
v 8.569552421569824 26.246322631835938 7.052877426147461
v -7.653043746948242 7.028456211090088 17.7761173248291
v -5.786978244781494 8.116949081420898 17.44174575805664
v -6.179169654846191 -5.584998607635498 18.52605628967285
v -7.159069538116455 -4.624527454376221 15.493864059448242
v -7.117892265319824 -5.609148025512695 15.810434341430664
v -7.614033222198486 -3.475661277770996 16.210987091064453
v -6.8919572830200195 -4.216312885284424 14.159002304077148
v -6.958057880401611 -4.630796432495117 18.52373504638672
v -5.661046504974365 -5.48956298828125 21.976913452148438
v -7.159146785736084 -5.220980644226074 14.587959289550781
v -7.134223461151123 -5.637244701385498 15.025123596191406
v -6.353477478027344 -3.0804505348205566 13.072755813598633
v -6.276540756225586 -3.7585625648498535 13.273998260498047
v -7.058602333068848 -3.2606406211853027 14.127656936645508
v -6.527862548828125 -1.9771735668182373 13.63174819946289
v -7.403579235076904 -2.5076041221618652 15.153919219970703
v -3.7969930171966553 -8.10758113861084 18.047639846801758
v -4.498944282531738 -8.137922286987305 18.05537986755371
v -3.3095204830169678 -8.70821475982666 17.88811683654785
v -5.401133060455322 -13.044849395751953 15.151132583618164
v -2.450831413269043 -9.022540092468262 17.368677139282227
v -2.508417844772339 -8.562468528747559 17.508230209350586
v -6.298909664154053 -13.02325439453125 15.396650314331055
v -7.0238494873046875 -15.584537506103516 13.77896499633789
v -3.530345916748047 -12.168126106262207 14.151649475097656
v -1.87156081199646 -9.347780227661133 16.565019607543945
v -4.78246545791626 -7.72715425491333 17.94322395324707
v -5.504773139953613 -7.423277378082275 17.626420974731445
v -5.37768030166626 -7.961215972900391 17.773176193237305
v -6.35409688949585 -8.902722358703613 16.594432830810547
v -6.395583629608154 -6.70894193649292 16.127239227294922
v -6.764942169189453 -7.134106636047363 15.686824798583984
v -6.452319145202637 -7.277066230773926 16.72260856628418
v -6.05339241027832 -7.063052177429199 17.071842193603516
v -8.067991256713867 -15.279267311096191 14.599105834960938
v -6.584674835205078 -15.489953994750977 12.964239120483398
v -7.611324787139893 -15.784465789794922 13.906906127929688
v -8.782017707824707 -16.1026611328125 11.967466354370117
v -7.172227382659912 -15.8489408493042 13.06710433959961
v -6.831894397735596 -15.266806602478027 11.726360321044922
v -7.439261436462402 -15.784697532653809 12.11924934387207
v -8.45290756225586 -15.508994102478027 14.27247428894043
v -8.883646011352539 -16.019609451293945 12.885055541992188
v -9.051992416381836 -14.300296783447266 14.671476364135742
v -9.01375675201416 -15.489875793457031 13.661314010620117
v -8.752218246459961 -15.038783073425293 14.570699691772461
v -8.604381561279297 -14.543724060058594 14.819156646728516
v -9.587996482849121 -13.726522445678711 14.261173248291016
v -10.079570770263672 -14.686373710632324 13.315483093261719
v -8.408556938171387 -11.032031059265137 12.300600051879883
v -10.410847663879395 -14.16298770904541 11.528987884521484
v -9.644731521606445 -12.270682334899902 13.108358383178711
v -8.518775939941406 -11.878955841064453 14.64028549194336
v -9.942028999328613 -13.161648750305176 13.532438278198242
v -10.222454071044922 -13.844016075134277 12.871435165405273
v -10.825718879699707 -14.460826873779297 11.912433624267578
v -10.675328254699707 -14.501462936401367 12.540931701660156
v -10.18104362487793 -13.599584579467773 12.376066207885742
v -14.222084045410156 -17.24378776550293 10.401718139648438
v -13.111454963684082 -16.81529426574707 11.666994094848633
v -9.37932300567627 -15.848400115966797 13.15379524230957
v -11.649421691894531 -17.128459930419922 12.203771591186523
v -11.792614936828613 -16.33679962158203 12.455093383789062
v -7.244752883911133 -12.27633285522461 15.511667251586914
v -6.887003421783447 -9.986574172973633 15.90997314453125
v -7.101017951965332 -8.671991348266602 14.912580490112305
v -8.409640312194824 -10.713757514953613 13.602798461914062
v -6.799462795257568 -8.474772453308105 13.509298324584961
v -6.453789234161377 -6.758478164672852 14.531070709228516
v -6.279481410980225 -6.332461833953857 14.916837692260742
v -5.439445972442627 -6.504369735717773 13.482826232910156
v -6.005017280578613 -8.092951774597168 12.837610244750977
v -5.914999485015869 -6.671711444854736 13.749473571777344
v -5.637051582336426 -5.539951324462891 13.434219360351562
v -12.613299369812012 -18.172292709350586 10.861480712890625
v -12.494488716125488 -18.046049118041992 10.023534774780273
v -10.922624588012695 -17.212671279907227 10.511005401611328
v -8.316061973571777 -15.682682991027832 11.402978897094727
v -11.674345016479492 -17.66353416442871 11.553522109985352
v -13.70543098449707 -17.56949234008789 11.208158493041992
v -14.011630058288574 -18.30588722229004 10.304346084594727
v -13.09504508972168 -17.59983253479004 11.585182189941406
v -13.165326118469238 -18.110218048095703 11.110246658325195
v -14.270613670349121 -17.520109176635742 10.586318969726562
v -12.370879173278809 -15.691429138183594 10.829978942871094
v -14.428511619567871 -18.09016990661621 9.500068664550781
v -13.950406074523926 -18.275854110717773 9.54960823059082
v -14.545929908752441 -18.08792495727539 10.004804611206055
v -14.581302642822266 -17.5589656829834 9.68598747253418
v -8.67025089263916 5.108828544616699 16.764249801635742
v -8.291913032531738 6.175417900085449 17.491281509399414
v -8.847963333129883 4.53629207611084 14.856620788574219
v -9.002456665039062 4.801701068878174 15.85997200012207
v -19.88947868347168 -2.623396635055542 12.297271728515625
v -20.48972511291504 -2.778276205062866 10.584846496582031
v -20.065874099731445 -3.0699241161346436 11.507469177246094
v -19.067399978637695 -1.3848226070404053 12.217161178588867
v -19.58831024169922 -1.8574339151382446 12.46592903137207
v -18.760814666748047 -1.65626859664917 12.765472412109375
v -18.86336898803711 -2.044126033782959 12.934906005859375
v -17.07431983947754 -1.1924030780792236 12.649137496948242
v -20.33391571044922 -2.1007838249206543 11.330841064453125
v -19.836536407470703 -1.6327383518218994 11.714052200317383
v -20.39405632019043 -1.981508493423462 10.60651969909668
v -18.688596725463867 -1.24859619140625 12.026987075805664
v -19.247358322143555 -1.4811867475509644 10.96272087097168
v -18.989686965942383 -2.434847116470337 12.940475463867188
v -13.87857723236084 8.908918380737305 13.225543975830078
v -14.44972038269043 9.668456077575684 11.583944320678711
v -13.689253807067871 8.722768783569336 11.80306625366211
v -2.5182478427886963 -8.755815505981445 19.270423889160156
v -2.6731278896331787 -8.664251327514648 18.782794952392578
v -1.1463888883590698 -9.28508472442627 18.07790184020996
v -1.3322291374206543 -8.879890441894531 20.060224533081055
v -1.8541454076766968 -8.603955268859863 20.63663101196289
v -1.9158343076705933 -8.767581939697266 16.88762664794922
v -1.4808393716812134 -9.374406814575195 15.4876708984375
v -1.4188411235809326 -9.216894149780273 14.80398941040039
v -1.1843929290771484 -8.088540077209473 21.348102569580078
v -0.5000888705253601 -9.103656768798828 18.443082809448242
v 0.7339959144592285 -7.009026050567627 27.95770263671875
v 1.2891948223114014 -7.578853607177734 25.12737274169922
v 1.1666687726974487 -6.867536544799805 27.345458984375
v -0.9336903691291809 -7.24030065536499 24.83580207824707
v -1.2330008745193481 -7.585355281829834 22.935758590698242
v -1.7544527053833008 -6.780150413513184 25.163366317749023
v -3.8810508251190186 -7.326448440551758 21.82675552368164
v -1.8366528749465942 -6.394692420959473 25.62335968017578
v -2.122882604598999 -6.1823811531066895 28.025583267211914
v -9.150525093078613 3.169309616088867 14.126802444458008
v -8.732712745666504 3.642695188522339 13.727336883544922
v -8.706938743591309 2.9768128395080566 13.432283401489258
v -3.2661757469177246 -7.9672532081604 20.126869201660156
v -2.2228846549987793 -6.035473346710205 27.23810386657715
v -1.6767418384552002 -5.883380889892578 25.15252685546875
v -3.992353677749634 -6.717068672180176 22.564929962158203
v -4.622786521911621 -7.123502254486084 21.151195526123047
v -4.745234966278076 -7.394948482513428 20.129344940185547
v -4.955379486083984 -7.637059211730957 18.171791076660156
v -5.343546390533447 -6.775119781494141 19.81471061706543
v -6.205486297607422 -6.439740180969238 18.949981689453125
v -6.7049560546875 -5.710465908050537 14.109931945800781
v -6.477783203125 -6.084313869476318 18.36962890625
v -5.6975789070129395 -5.734460830688477 19.268024444580078
v -6.628870487213135 -4.904487133026123 13.431741714477539
v -6.214929103851318 -4.894425392150879 13.013235092163086
v -8.53015422821045 4.28171968460083 15.043312072753906
v -8.128674507141113 4.191005706787109 14.252038955688477
v -8.400894165039062 1.1868325471878052 12.886835098266602
v -9.272818565368652 1.2250688076019287 12.762144088745117
v -8.052511215209961 1.7245385646820068 13.639177322387695
v -8.752605438232422 1.8831336498260498 13.53236198425293
v -8.056612968444824 3.8346502780914307 13.463090896606445
v -7.5673604011535645 4.01104736328125 13.681051254272461
v -8.316527366638184 3.448340892791748 13.214242935180664
v -12.364919662475586 0.955093264579773 14.176340103149414
v -10.043657302856445 2.1049654483795166 15.364683151245117
v -9.306720733642578 2.3157289028167725 15.389760971069336
v -9.303159713745117 1.888396978378296 16.347444534301758
v -9.646899223327637 1.1413205862045288 16.99753761291504
v -11.784409523010254 0.43712446093559265 15.804632186889648
v -9.398130416870117 2.278576612472534 14.423639297485352
v -9.039996147155762 -0.05592119321227074 17.74879264831543
v -12.268864631652832 0.797272264957428 14.887889862060547
v -9.497979164123535 6.235790252685547 12.59402847290039
v -7.54212760925293 4.86354398727417 12.95417594909668
v -15.763373374938965 -0.5112724304199219 12.487678527832031
v -15.667086601257324 -0.9754475355148315 13.465410232543945
v -15.114830017089844 -0.3668418228626251 14.079357147216797
v -14.863971710205078 0.21784688532352448 13.319511413574219
v -14.484396934509277 0.32458311319351196 12.603084564208984
v -12.807887077331543 0.44672223925590515 12.29526138305664
v -14.929142951965332 -0.0925319492816925 11.977142333984375
v -14.911340713500977 -1.88398277759552 14.691909790039062
v -14.838274955749512 -0.8951824307441711 14.669078826904297
v -9.654870986938477 2.005582332611084 13.84375
v -8.754075050354004 2.2291946411132812 14.37495231628418
v -8.308554649353027 4.900077819824219 16.846141815185547
v -15.999911308288574 -1.6523209810256958 13.388010025024414
v -16.945444107055664 -2.0235369205474854 13.119426727294922
v -15.458024978637695 -1.568495512008667 13.8460693359375
v -16.569196701049805 -0.8894546627998352 11.650043487548828
v -1.3244891166687012 -6.120691776275635 30.641124725341797
v 14.856154441833496 22.827898025512695 4.929759979248047
v 20.53508186340332 17.869888305664062 2.1725730895996094
v 19.87616539001465 18.68345069885254 4.9299163818359375
v 22.157411575317383 15.96063232421875 4.927982330322266
v 20.066959381103516 19.29848289489746 5.263359069824219
v 18.238277435302734 21.186840057373047 5.418704986572266
v 22.38644027709961 16.68580436706543 5.310111999511719
v 20.730131149291992 19.008535385131836 6.008424758911133
v 19.461137771606445 20.11374855041504 6.731351852416992
v 21.921802520751953 17.56446075439453 6.54388427734375
v 22.668180465698242 16.08501625061035 7.0013275146484375
v 22.92375946044922 16.351276397705078 6.110439300537109
v 17.428739547729492 20.91926383972168 2.0978851318359375
v 17.634702682495117 20.745187759399414 4.868461608886719
v 18.499738693237305 21.164623260498047 6.098054885864258
v 19.02715301513672 20.386430740356445 1.6529808044433594
v 20.78779411315918 18.311771392822266 1.85491943359375
v 23.6751708984375 14.627318382263184 5.221408843994141
v 24.113882064819336 12.795696258544922 4.876739501953125
v 24.27224349975586 14.277852058410645 5.860744476318359
v 14.458776473999023 23.757951736450195 1.709716796875
v 13.935545921325684 24.113300323486328 5.317310333251953
v 16.680423736572266 22.567134857177734 5.763603210449219
v 13.71843433380127 23.910507202148438 7.093666076660156
v 16.409133911132812 22.54925537109375 1.6084747314453125
v 17.50497817993164 21.750164031982422 6.827251434326172
v 22.96075439453125 15.682684898376465 1.8023643493652344
v 23.50078582763672 13.83565902709961 2.1422348022460938
v 26.324459075927734 9.403898239135742 5.268547058105469
v 25.419872283935547 10.027442932128906 4.858707427978516
v 25.123889923095703 12.67587947845459 6.553251266479492
v 25.575681686401367 11.689788818359375 5.571107864379883
v 5.083478927612305 -22.628280639648438 9.871210098266602
v 5.521570205688477 -22.31480598449707 10.687250137329102
v 5.4968791007995605 -22.873641967773438 9.772289276123047
v 5.224659442901611 -22.745309829711914 9.361133575439453
v 5.796654224395752 -22.641748428344727 9.993658065795898
v 16.920988082885742 18.5643310546875 7.2999420166015625
v 19.606966018676758 15.785318374633789 7.29901123046875
v 21.17967987060547 17.129234313964844 7.195682525634766
v 22.914857864379883 10.44432544708252 7.302417755126953
v 27.15241813659668 5.098379611968994 7.123544692993164
v 26.29636001586914 9.20203685760498 6.999469757080078
v 24.745859146118164 12.570535659790039 7.050477981567383
v 23.40682029724121 8.603415489196777 7.983316421508789
v 24.57341194152832 5.100005149841309 7.34916877746582
v 23.97641372680664 6.117599010467529 8.332935333251953
v -5.589914798736572 -5.509842395782471 0.00518798828125
v -2.2968804836273193 21.47840690612793 0.009365081787109375
v 14.08392333984375 -22.6104793548584 0.060298919677734375
v 23.210607528686523 14.647056579589844 0.12314605712890625
v 25.3895320892334 10.79595947265625 0.15093231201171875
v 25.024585723876953 -6.786343097686768 0.03289794921875
v 27.8046817779541 1.5671820640563965 0.22686386108398438
v 27.541900634765625 4.885371685028076 0.3209075927734375
v 25.265300750732422 12.126795768737793 0.470367431640625
v 26.351394653320312 9.659477233886719 0.47811126708984375
v 27.691129684448242 -2.4363951683044434 0.22159957885742188
v 28.15631103515625 0.413594514131546 0.5791969299316406
v 27.349716186523438 6.726591110229492 0.6376304626464844
v 28.010725021362305 2.9961628913879395 0.5968437194824219
v 28.010875701904297 3.4080922603607178 1.2307586669921875
v 28.198421478271484 1.2516947984695435 1.1620254516601562
v 26.455190658569336 -8.08528995513916 0.18955612182617188
v 26.0308780670166 10.7610502243042 1.173248291015625
v 24.90221405029297 12.931071281433105 1.4663658142089844
v 25.704631805419922 10.85068130493164 1.76080322265625
v 24.059852600097656 14.5326566696167 1.1194534301757812
v 26.39288330078125 7.282331943511963 2.0985794067382812
v 25.428462982177734 10.051824569702148 2.0926971435546875
v 26.623458862304688 6.328207015991211 4.871555328369141
v 28.014667510986328 -3.04887056350708 1.1334648132324219
v 28.036651611328125 -1.785373568534851 1.5319252014160156
v 27.813657760620117 -4.200058937072754 0.669677734375
v 27.240501403808594 -2.1760175228118896 2.1275291442871094
v 27.331758499145508 -5.476714134216309 1.7557716369628906
v 27.266429901123047 -6.468068599700928 0.4838371276855469
v 24.205524444580078 -12.771158218383789 0.12422943115234375
v 26.04465103149414 -10.1857271194458 0.4717597961425781
v 26.45139503479004 9.168986320495605 1.7037544250488281
v 27.299482345581055 2.42084002494812 2.0827903747558594
v 27.159927368164062 6.639824390411377 1.7570838928222656
v 27.271074295043945 7.213444709777832 1.1002578735351562
v 27.968381881713867 1.4287112951278687 1.712890625
v -12.554319381713867 -23.60902976989746 4.903522491455078
v -15.523895263671875 -21.75333595275879 4.929683685302734
v -12.808350563049316 -23.468006134033203 2.0952529907226562
v -16.362071990966797 -21.09302520751953 2.1007461547851562
v -6.624304294586182 -26.467071533203125 5.16668701171875
v -4.270998001098633 -26.539052963256836 4.929141998291016
v -2.9117555618286133 -27.411596298217773 5.368782043457031
v -6.08249568939209 -26.141286849975586 2.0943222045898438
v -0.19226425886154175 -26.91429328918457 2.0992774963378906
v -9.991565704345703 -24.789243698120117 2.151599884033203
v -10.336078643798828 -25.33275604248047 5.269939422607422
v -13.212462425231934 -23.924053192138672 5.268779754638672
v -8.728301048278809 -25.33902359008789 4.9224853515625
v 0.2855333685874939 -26.910192489624023 4.898029327392578
v 4.607925891876221 -26.568696975708008 4.923492431640625
v -11.192986488342285 -25.20914649963379 0.9145736694335938
v -10.569365501403809 -25.418825149536133 1.4128837585449219
v -12.309035301208496 -24.543262481689453 1.5249595642089844
v -15.730942726135254 -22.26495933532715 1.7552261352539062
v -15.991166114807129 -22.373165130615234 1.2609443664550781
v -14.197702407836914 -23.601831436157227 1.0630302429199219
v -14.74384593963623 -23.157394409179688 0.5411911010742188
v -13.519744873046875 -23.570253372192383 0.22198867797851562
v -12.240690231323242 -24.5554141998291 0.46773529052734375
v -19.39751625061035 -19.251033782958984 0.4161872863769531
v -20.533222198486328 -18.277944564819336 1.0630302429199219
v -19.404714584350586 -19.091121673583984 1.7584800720214844
v -17.78083610534668 -20.926225662231445 1.3366432189941406
v -18.925291061401367 -19.90739631652832 0.7151870727539062
v -21.60623550415039 -16.505535125732422 0.27245330810546875
v -18.340679168701172 -19.62921714782715 0.12345504760742188
v -16.931434631347656 -21.21222496032715 0.22694015502929688
v -19.562227249145508 -18.13947296142578 2.097728729248047
v -10.633068084716797 -25.035844802856445 0.22222137451171875
v -9.176918983459473 -25.952816009521484 0.5175819396972656
v -6.712619304656982 -25.9398136138916 0.089630126953125
v -3.1925671100616455 -27.28899383544922 0.3201332092285156
v -6.921911239624023 -26.47132682800293 0.2716026306152344
v 2.339064836502075 -27.01506996154785 0.12306976318359375
v -3.7552740573883057 -27.411827087402344 0.6679725646972656
v -0.3670361638069153 -27.659900665283203 0.5419654846191406
v -1.1371008157730103 -27.560670852661133 1.6076240539550781
v 1.550036907196045 -27.41267967224121 0.2708282470703125
v 4.596238613128662 -27.31500244140625 0.5637931823730469
v 2.60733699798584 -27.415157318115234 1.7098731994628906
v 7.178652286529541 -26.76854705810547 1.4584732055664062
v 2.423819065093994 -27.603473663330078 1.3739509582519531
v 6.555263519287109 -26.693082809448242 0.27230072021484375
v -5.724050998687744 -27.013521194458008 0.574859619140625
v -4.9198527336120605 -26.96677017211914 1.7558479309082031
v -5.836747169494629 -27.01654052734375 1.31195068359375
v -9.00121784210205 -25.828201293945312 1.7555389404296875
v 3.7774112224578857 -26.662973403930664 2.1125106811523438
v -7.262399196624756 -26.689289093017578 0.964111328125
v -15.653155326843262 -22.386089324951172 5.271797180175781
v -18.45546531677246 -19.272550582885742 4.897563934326172
v -2.77908992767334 -27.608196258544922 5.900140762329102
v -6.96177339553833 -26.721641540527344 5.560504913330078
v -11.404370307922363 -25.102176666259766 5.668943405151367
v 1.9145965576171875 -27.510438919067383 5.3193206787109375
v 0.6554336547851562 -27.758506774902344 5.763370513916016
v -20.66256332397461 -17.537757873535156 1.8582496643066406
v 27.020761489868164 7.744184970855713 6.72608757019043
v 27.640432357788086 4.704484939575195 6.8519439697265625
v 21.380844116210938 -16.673341751098633 2.150981903076172
v 22.704479217529297 -14.891488075256348 2.178844451904297
v 22.338993072509766 -15.498778343200684 4.926898956298828
v 19.17730712890625 -19.134777069091797 4.872947692871094
v 19.253007888793945 -19.076648712158203 2.09796142578125
v 24.444150924682617 -11.973617553710938 2.098194122314453
v 23.685157775878906 -14.464929580688477 1.7580947875976562
v 11.511261940002441 -24.79009246826172 0.17206573486328125
v 10.479812622070312 -25.77309226989746 1.0383377075195312
v 14.699339866638184 -23.66104507446289 0.8186721801757812
v 10.196911811828613 -25.778663635253906 1.5076217651367188
v 16.92919158935547 -21.672992706298828 0.22129058837890625
v 19.897449493408203 -18.901411056518555 0.17214202880859375
v 10.787947654724121 -25.551799774169922 0.5353851318359375
v 14.055130958557129 -23.822967529296875 0.37168121337890625
v 17.520614624023438 -21.62167739868164 0.56951904296875
v 15.368551254272461 -23.15592384338379 1.4587059020996094
v 12.07946491241455 -24.714086532592773 1.804534912109375
v 14.714356422424316 -23.193618774414062 1.8553085327148438
v 19.369653701782227 -19.7437686920166 1.7568511962890625
v 15.88791275024414 -21.885459899902344 2.0980377197265625
v 18.822656631469727 -20.563215255737305 0.6675872802734375
v 18.219623565673828 -20.962297439575195 1.5642013549804688
v 19.427703857421875 -20.03719711303711 1.1991004943847656
v 23.206892013549805 -15.020051002502441 0.23313522338867188
v 21.10537338256836 -18.260684967041016 0.6028022766113281
v 22.765705108642578 -16.029052734375 0.4210624694824219
v 22.445650100708008 -16.7200927734375 1.1357879638671875
v 21.93511390686035 -17.167160034179688 1.5768966674804688
v 24.647640228271484 -13.378449440002441 1.0135688781738281
v 24.688817977905273 -13.088890075683594 0.5069007873535156
v 7.239335060119629 -26.81382942199707 0.7554359436035156
v 13.31200122833252 -23.523656845092773 4.925891876220703
v 13.144969940185547 -23.572187423706055 2.1342620849609375
v 15.596807479858398 -22.116113662719727 4.928676605224609
v 10.305196762084961 -24.913007736206055 2.1314735412597656
v 25.714305877685547 -11.206339836120605 1.2825393676757812
v 26.125770568847656 -7.877622127532959 2.097187042236328
v 25.744802474975586 -10.661125183105469 1.702362060546875
v 26.77686882019043 -7.970581531524658 1.6594047546386719
v 26.910076141357422 -8.11640453338623 1.1628761291503906
v -15.74595832824707 -22.646699905395508 5.992942810058594
v -18.751291275024414 -19.96234893798828 5.414058685302734
v -17.905994415283203 -20.877309799194336 5.672813415527344
v -20.834394454956055 -17.719728469848633 5.362434387207031
v -22.248821258544922 -16.18447494506836 5.757720947265625
v -20.53028106689453 -18.305654525756836 5.711126327514648
v -20.135379791259766 -17.487213134765625 4.896167755126953
v 23.664722442626953 -14.9973726272583 5.689531326293945
v 25.45926856994629 -11.410910606384277 5.344783782958984
v 24.99671745300293 -12.819998741149902 6.1352081298828125
v 24.261564254760742 -12.376103401184082 4.929218292236328
v 25.779712677001953 -8.910850524902344 4.927360534667969
v 26.423147201538086 -9.41341781616211 6.618499755859375
v 25.30446434020996 -11.844356536865234 6.771600723266602
v 26.952180862426758 -7.457256317138672 5.3639068603515625
v 27.245378494262695 -7.120096683502197 5.968175888061523
v 27.17850112915039 -6.770398139953613 6.744510650634766
v 27.554365158081055 -5.471218585968018 5.566076278686523
v 27.295455932617188 -5.4824419021606445 5.219085693359375
v 28.03285789489746 -2.945849657058716 5.803464889526367
v 26.527793884277344 9.404594421386719 5.565765380859375
v 27.170682907104492 7.572509765625 5.715616226196289
v 26.638086318969727 9.319995880126953 6.2440338134765625
v 27.78889274597168 5.030421733856201 5.846113204956055
v 27.652122497558594 4.194101333618164 5.270404815673828
v 28.142925262451172 2.445917844772339 5.961984634399414
v 28.073957443237305 1.800778865814209 6.692497253417969
v 28.109174728393555 0.8033095598220825 5.471103668212891
v 28.216379165649414 -0.8585717082023621 5.981023788452148
v 26.87462615966797 -4.850306510925293 2.102916717529297
v 26.962087631225586 -4.468408584594727 4.921092987060547
v 27.368446350097656 0.5187053680419922 4.900348663330078
v 27.98603057861328 -1.8912585973739624 5.395175933837891
v 27.809711456298828 -1.1513803005218506 7.006359100341797
v 27.985565185546875 -2.874872922897339 6.571054458618164
v 27.406373977661133 -4.998374938964844 6.951944351196289
v 14.727513313293457 -23.607948303222656 5.55702018737793
v 16.502168655395508 -22.27029800415039 5.340141296386719
v 16.297365188598633 -22.6468563079834 5.806407928466797
v 18.481008529663086 -20.60152816772461 5.265373229980469
v 20.56542205810547 -18.654115676879883 5.318393707275391
v 22.48125648498535 -16.709177017211914 5.730709075927734
v 20.828197479248047 -18.713714599609375 5.947509765625
v 22.795969009399414 -15.95018196105957 5.314830780029297
v 3.904968500137329 -27.46043586730957 5.569093704223633
v 5.295713424682617 -27.041309356689453 5.268856048583984
v 8.443310737609863 -26.5316219329834 5.876222610473633
v 9.276534080505371 -26.092914581298828 5.412899017333984
v 10.220829010009766 -24.980037689208984 4.908241271972656
v 8.324421882629395 -25.61000633239746 2.1673126220703125
v 7.890820503234863 -26.32155418395996 1.8038368225097656
v 11.294538497924805 -25.23584747314453 5.317695617675781
v 11.063186645507812 -25.512327194213867 5.625520706176758
v 12.380555152893066 -24.978567123413086 6.067171096801758
v 17.522781372070312 21.876018524169922 0.7855453491210938
v 18.659107208251953 20.283952713012695 0.17345809936523438
v 21.888671875 17.420265197753906 0.5068244934082031
v 22.7869930267334 15.883231163024902 0.26711273193359375
v 20.72386360168457 18.918983459472656 0.8716163635253906
v 19.15780258178711 20.2755184173584 0.4198265075683594
v 21.24694061279297 18.29822540283203 1.3352508544921875
v 17.50815200805664 21.644123077392578 0.36719512939453125
v 15.461664199829102 23.34710693359375 1.2407417297363281
v 22.395109176635742 16.964061737060547 1.0428276062011719
v 23.45844841003418 15.347150802612305 0.5978469848632812
v 13.589097023010254 23.85207176208496 0.14861297607421875
v 14.20567512512207 23.98876190185547 0.4455986022949219
v 12.746275901794434 23.581478118896484 7.228963851928711
v 5.213668346405029 24.40719223022461 7.299631118774414
v 9.908437728881836 22.875967025756836 7.337017059326172
v 13.785618782043457 20.91167640686035 7.298778533935547
v 11.514745712280273 21.921375274658203 8.009012222290039
v 17.276025772094727 21.52012825012207 7.088016510009766
v -24.113725662231445 -12.583306312561035 0.270751953125
v 5.933189868927002 -21.078243255615234 11.362186431884766
v 5.894023895263672 -20.039594650268555 12.197271347045898
v 6.485910892486572 -19.88943862915039 11.899120330810547
v 12.369409561157227 -16.816686630249023 10.862098693847656
v 12.143397331237793 -16.955312728881836 11.433242797851562
v 13.316800117492676 -17.808429718017578 10.615730285644531
v 12.39417839050293 -17.37846565246582 11.507701873779297
v 12.624987602233887 -18.184986114501953 11.279369354248047
v 13.638014793395996 -18.43151092529297 10.119743347167969
v 7.193823337554932 -17.2677059173584 10.638254165649414
v 7.2778801918029785 -16.72279930114746 10.712095260620117
v 7.859705448150635 -17.09208106994629 11.7073974609375
v 7.588027477264404 -17.17652702331543 11.524345397949219
v 6.5709757804870605 -16.334245681762695 13.616498947143555
v 6.2705817222595215 -16.97334861755371 13.17631721496582
v 6.897763252258301 -17.590930938720703 12.817949295043945
v 8.006612777709961 -16.915142059326172 12.757888793945312
v 7.397001266479492 -17.531177520751953 12.339532852172852
v 7.377264022827148 -18.554500579833984 10.910163879394531
v 7.225790023803711 -18.85620880126953 11.484636306762695
v 5.808960437774658 -22.541744232177734 9.393333435058594
v 11.186487197875977 -18.35650634765625 11.356306076049805
v 9.977015495300293 -17.832889556884766 10.202409744262695
v 11.509172439575195 -18.06617546081543 10.030424118041992
v 11.612812995910645 -18.256118774414062 11.65081787109375
v 13.488553047180176 -18.682674407958984 9.82175064086914
v 13.319663047790527 -18.53213119506836 10.407289505004883
v 13.01431655883789 -18.64830780029297 9.667951583862305
v 13.724626541137695 -18.51850700378418 9.543336868286133
v 13.445673942565918 -17.604942321777344 9.930419921875
v 8.791383743286133 -12.003881454467773 14.0155029296875
v 8.324421882629395 -10.783495903015137 13.812479019165039
v 8.261494636535645 -11.629800796508789 15.02164077758789
v 7.885324954986572 -12.158528327941895 15.569795608520508
v 8.8005952835083 -12.063867568969727 13.276941299438477
v 8.601286888122559 -11.438929557800293 13.694828033447266
v 8.514674186706543 -11.57887077331543 12.841789245605469
v 8.097946166992188 -10.812366485595703 13.343194961547852
v 7.9672932624816895 -11.386374473571777 12.241388320922852
v 7.3693695068359375 -10.603615760803223 12.438453674316406
v 8.416685104370117 -12.42943286895752 15.018001556396484
v 7.880138874053955 -13.052823066711426 15.43535041809082
v 8.21768569946289 -15.317349433898926 13.814491271972656
v 6.519735813140869 -14.01220989227295 15.376060485839844
v 7.623554229736328 -16.22797393798828 13.631591796875
v 7.331286907196045 -13.608330726623535 15.46422004699707
v 8.954545974731445 -14.684595108032227 11.448644638061523
v 9.12235164642334 -15.183599472045898 12.57684326171875
v 8.815068244934082 -14.978796005249023 13.164939880371094
v 9.231409072875977 -14.993734359741211 11.900049209594727
v 10.958695411682129 -17.915164947509766 12.002450942993164
v 9.96432113647461 -17.368017196655273 12.223123550415039
v 10.57246208190918 -18.136455535888672 11.706546783447266
v 9.6735258102417 -17.908662796020508 10.83028793334961
v 11.620630264282227 -17.465232849121094 11.988365173339844
v 7.6746392250061035 -16.574886322021484 10.712251663208008
v 9.105477333068848 -15.777034759521484 12.817718505859375
v 8.983648300170898 -16.492687225341797 12.844034194946289
v 9.764549255371094 -15.78369140625 12.156557083129883
v 9.553786277770996 -15.338325500488281 11.157230377197266
v 10.312317848205566 -16.989524841308594 12.263216018676758
v 5.406551837921143 -16.649192810058594 12.495805740356445
v 7.8053693771362305 7.036582946777344 17.77425765991211
v 8.4475679397583 6.5351786613464355 17.433849334716797
v 9.203777313232422 5.688796520233154 16.2950439453125
v 9.774456977844238 5.771537780761719 15.42900276184082
v 7.798558235168457 5.024925708770752 13.331197738647461
v 9.338455200195312 5.748163223266602 13.517114639282227
v 8.868630409240723 5.090794086456299 14.17680549621582
v 9.58141803741455 5.468279838562012 14.915756225585938
v 9.335978507995605 5.317502498626709 15.178068161010742
v 5.512668609619141 -15.941822052001953 13.105573654174805
v 4.323941230773926 -9.34994888305664 17.912263870239258
v 6.449378490447998 -12.281131744384766 16.175382614135742
v 5.272879600524902 -8.779423713684082 18.035873413085938
v 4.6644287109375 -12.180896759033203 14.411022186279297
v 4.8381171226501465 -12.265884399414062 15.174739837646484
v 2.309652328491211 -8.930588722229004 16.55534553527832
v 2.08480167388916 -8.841732025146484 14.812192916870117
v 2.0793063640594482 -9.33524227142334 15.321027755737305
v 1.8048416376113892 -8.908761024475098 15.808731079101562
v 2.4428598880767822 -9.49453353881836 16.80550765991211
v 2.2837228775024414 -9.691132545471191 16.165706634521484
v 2.49758243560791 -8.570440292358398 17.068824768066406
v 2.623823642730713 -9.003888130187988 17.27664566040039
v 3.268033981323242 -8.82818603515625 17.83586883544922
v 3.071357488632202 -9.449951171875 17.492286682128906
v 1.5753469467163086 -8.775786399841309 15.054691314697266
v 2.13480281829834 -8.484292984008789 14.037405014038086
v 2.1820950508117676 -9.163333892822266 14.190118789672852
v 3.2889323234558105 -8.50557804107666 18.073413848876953
v 3.913095474243164 -8.409832954406738 18.08572006225586
v 2.4040815830230713 -9.186476707458496 18.49385643005371
v 2.5804789066314697 -9.153736114501953 17.996089935302734
v 2.4807088375091553 -8.955123901367188 19.324373245239258
v 3.984846353530884 -11.28257942199707 15.373428344726562
v 2.257561206817627 -9.768379211425781 15.308258056640625
v 5.516461372375488 -12.334925651550293 15.724983215332031
v 1.686572551727295 -8.861004829406738 19.61478042602539
v 0.8916621804237366 -9.156522750854492 17.281831741333008
v 7.767752647399902 -10.303220748901367 16.370121002197266
v 8.219776153564453 -9.923336029052734 13.813716888427734
v 8.207856178283691 -8.863868713378906 14.89222526550293
v 8.389516830444336 -10.183791160583496 14.74539566040039
v 7.999104976654053 -9.55467414855957 16.198604583740234
v 6.51137638092041 -9.283614158630371 17.5425968170166
v 4.940518856048584 -13.402212142944336 14.997335433959961
v 4.495694160461426 -13.176199913024902 14.241127014160156
v 7.672781467437744 -9.650111198425293 13.03978157043457
v 5.8622894287109375 -14.16484546661377 15.155389785766602
v 5.485191345214844 -13.45670223236084 15.425519943237305
v 7.748170375823975 -7.705404758453369 14.635021209716797
v 7.190882205963135 -5.166335582733154 12.928400039672852
v 7.361705780029297 -3.918086528778076 13.386383056640625
v 8.080066680908203 -5.088469982147217 13.78817367553711
v 7.289567947387695 -7.675604820251465 13.818902969360352
v 6.614861488342285 -7.119632244110107 13.603261947631836
v 5.669638156890869 -6.724112510681152 21.535491943359375
v 4.926122665405273 -5.984079360961914 22.831653594970703
v 5.485810279846191 -7.0996623039245605 21.29492950439453
v 5.836747169494629 -6.770088195800781 20.561708450317383
v 5.719562530517578 -6.200802803039551 21.128904342651367
v 5.744252681732178 -6.331610679626465 20.015100479125977
v 5.8846588134765625 -7.126521587371826 18.199731826782227
v 5.019623279571533 -8.143959999084473 18.084325790405273
v 5.991782188415527 -8.162458419799805 17.838193893432617
v 5.694097518920898 -7.456869602203369 19.163454055786133
v 5.477606296539307 -7.838922023773193 17.8994140625
v 7.0708327293396 -6.383469104766846 21.70206069946289
v 6.4147796630859375 -6.593614101409912 20.85436248779297
v 7.3439812660217285 -7.012818813323975 17.92224884033203
v 6.783441066741943 -7.345643997192383 17.62479591369629
v 6.298987865447998 -7.3193278312683105 17.287559509277344
v 7.644839286804199 -6.792147636413574 15.907882690429688
v 8.590217590332031 -5.850174903869629 16.9505558013916
v 4.36457633972168 -6.312724590301514 24.690597534179688
v 3.7147939205169678 -5.390953540802002 26.792659759521484
v 3.7230753898620605 -6.0214643478393555 26.566104888916016
v 6.880890369415283 -7.570262432098389 17.094833374023438
v 7.096993923187256 -8.211995124816895 17.210622787475586
v 7.072225570678711 -7.176135063171387 16.468965530395508
v 7.217275619506836 -6.9528326988220215 15.659812927246094
v 7.624792575836182 -8.455345153808594 16.703413009643555
v 2.7999887466430664 -6.985263347625732 22.254627227783203
v 2.5925536155700684 -7.865779876708984 20.516582489013672
v 3.475701332092285 -7.575139045715332 22.224594116210938
v 3.1086649894714355 -8.360296249389648 19.73196792602539
v 2.847126007080078 -6.957553863525391 23.13158416748047
v 1.9851864576339722 -6.612964153289795 27.497631072998047
v 2.8362128734588623 -6.978375434875488 25.622663497924805
v 4.703671455383301 -6.419383525848389 23.653423309326172
v 5.007161617279053 -6.123401641845703 24.68463706970215
v 4.797327041625977 -5.994837760925293 23.647153854370117
v 0.15379652380943298 -8.607050895690918 20.211467742919922
v 1.1934494972229004 -7.889774322509766 22.524524688720703
v 1.7118827104568481 -8.150925636291504 21.311880111694336
v 1.9457118511199951 -8.488240242004395 20.33221435546875
v -0.2178066521883011 -7.289991855621338 22.279396057128906
v 0.1391676962375641 -7.782109260559082 21.49114227294922
v 1.9344112873077393 -7.544255256652832 24.93975257873535
v 2.074120283126831 -7.9150848388671875 21.214664459228516
v 2.4691762924194336 -8.309986114501953 20.164718627929688
v 2.719104528427124 -7.475755214691162 22.930419921875
v 2.3495912551879883 -7.2970356941223145 24.669078826904297
v 2.5515308380126953 -7.468324661254883 23.89669418334961
v 6.82601261138916 -6.7750420570373535 14.404285430908203
v 7.884628772735596 -8.06957721710205 16.02623176574707
v 5.595797538757324 -6.411721229553223 23.08351707458496
v 7.511632442474365 -6.404522895812988 20.60567283630371
v 8.409564018249512 -5.520523548126221 20.241809844970703
v 8.439130783081055 -4.994194984436035 20.76581382751465
v 7.552268028259277 -5.578961372375488 13.259679794311523
v 7.873250961303711 -5.98663330078125 13.976646423339844
v 8.170393943786621 -5.544053554534912 14.025022506713867
v 8.106383323669434 -6.269070625305176 15.374588012695312
v 8.505849838256836 -5.293660640716553 15.017692565917969
v 8.836430549621582 -5.317267417907715 17.442285537719727
v 5.813217639923096 -6.336255073547363 23.220516204833984
v 6.319189071655273 -5.390953540802002 23.407672882080078
v 8.490370750427246 -4.526072978973389 20.389644622802734
v 7.506678581237793 -4.513069152832031 22.283885955810547
v 2.0266735553741455 -6.418222904205322 30.339183807373047
v 4.757929801940918 -4.892258167266846 30.145448684692383
v 4.704523086547852 -5.294280052185059 28.127830505371094
v 10.494364738464355 -0.642699658870697 17.665742874145508
v 10.62834644317627 1.505338430404663 18.529693603515625
v 10.574243545532227 0.4847261905670166 18.46908950805664
v 10.611085891723633 -0.3395191729068756 18.413436889648438
v 10.126553535461426 1.0584238767623901 19.24464988708496
v 10.543901443481445 1.6335148811340332 17.936800003051758
v 11.0651216506958 0.2870435416698456 17.836101531982422
v 10.98748779296875 1.7306534051895142 17.837263107299805
v 8.768240928649902 -5.039707183837891 19.61849594116211
v 8.716382026672363 -4.405017375946045 18.86166763305664
v 8.818010330200195 -4.802008152008057 17.280439376831055
v 9.906349182128906 -4.7555670738220215 14.15203857421875
v 9.65192985534668 -4.4985175132751465 16.746217727661133
v 10.545605659484863 -3.0840885639190674 15.557180404663086
v 11.110943794250488 -4.055473804473877 13.112462997436523
v 10.641271591186523 -2.8680615425109863 14.881546020507812
v 9.282880783081055 -3.932173252105713 19.3995304107666
v 9.777629852294922 -3.008390188217163 19.982746124267578
v 9.207801818847656 -3.6714088916778564 20.649017333984375
v 10.712636947631836 -2.3977718353271484 16.619665145874023
v 11.116360664367676 -3.7092578411102295 12.569414138793945
v 10.059989929199219 -1.8669543266296387 14.127965927124023
v 9.575380325317383 -1.4331982135772705 13.594053268432617
v 10.519675254821777 -1.7560386657714844 14.763662338256836
v 9.69867992401123 -0.8835722208023071 13.49165153503418
v 8.173722267150879 -4.1029205322265625 20.555978775024414
v 9.998687744140625 -1.214384913444519 20.82781410217285
v 9.761994361877441 -1.069567322731018 21.39810562133789
v 10.93980884552002 -4.450993537902832 13.184211730957031
v 9.998610496520996 -0.3017473816871643 21.101505279541016
v 5.124966144561768 -4.660905838012695 29.869976043701172
v -6.180021286010742 7.571115970611572 17.8353271484375
v -7.719376087188721 0.8622118830680847 21.399112701416016
v -8.591069221496582 -1.2151588201522827 18.043306350708008
v -7.7120232582092285 -0.9893798232078552 21.457317352294922
v -7.924334526062012 -1.8405609130859375 18.575363159179688
v -7.559852600097656 -1.3645434379577637 21.10684585571289
v -7.060150146484375 -0.307010680437088 25.171955108642578
v -6.904109477996826 -1.1400023698806763 24.512962341308594
v -6.962315082550049 0.2772909998893738 25.075050354003906
v -6.823070526123047 -1.4325790405273438 22.37970733642578
v -6.575850963592529 -1.3809523582458496 23.96271514892578
v -7.600178241729736 -1.9473742246627808 19.631345748901367
v -7.71148157119751 -2.5375585556030273 16.89072608947754
v -7.616123199462891 -2.983234405517578 18.828540802001953
v -7.047843933105469 -1.8030985593795776 23.48089599609375
v -9.16283130645752 -1.3314155340194702 17.21464729309082
v -6.679723739624023 0.7180134654045105 25.284343719482422
v -6.615171432495117 -0.8371316194534302 28.60400390625
v -4.425568103790283 -5.10178279876709 25.677772521972656
v -5.463441371917725 -5.155654430389404 23.584457397460938
v -4.916214942932129 -5.512551307678223 24.093448638916016
v -4.746396064758301 -6.108231067657471 22.09386444091797
v -3.948234796524048 -4.989164352416992 27.228660583496094
v -5.63720703125 -3.7833306789398193 24.245849609375
v -5.144547939300537 -3.95632266998291 25.54239845275879
v -3.9542722702026367 -4.253078937530518 28.129531860351562
v -3.1374576091766357 -4.613458633422852 32.444339752197266
v -7.108990669250488 -2.792208433151245 22.66020965576172
v -5.988840103149414 -3.4607226848602295 24.234241485595703
v -6.503945350646973 -1.8041820526123047 25.14339256286621
v -5.9227399826049805 -3.1410555839538574 25.26731300354004
v -6.284048557281494 -2.396069288253784 25.725143432617188
v -6.3300251960754395 -1.4832767248153687 26.078170776367188
v -6.556964874267578 7.128303527832031 18.11002540588379
v -7.255201816558838 6.26202917098999 17.9262752532959
v -5.475825309753418 8.596681594848633 17.787879943847656
v -8.605620384216309 4.406490325927734 15.787446975708008
v -8.549968719482422 4.7720561027526855 17.05264663696289
v -9.49356746673584 2.305666923522949 16.47856330871582
v -9.261905670166016 3.677680730819702 15.47374153137207
v -9.34975528717041 2.793294668197632 14.74067497253418
v -9.180013656616211 3.300968885421753 17.29777717590332
v -8.97490119934082 4.032952308654785 15.001823425292969
v -7.766203880310059 2.148155450820923 13.175697326660156
v -6.144416809082031 5.13328742980957 22.232105255126953
v -7.950806140899658 4.53389310836792 19.496665954589844
v -6.998926162719727 3.9724245071411133 22.02342987060547
v -5.897119998931885 8.06725788116455 17.842681884765625
v -4.5425214767456055 5.545526504516602 25.477767944335938
v -8.286726951599121 3.516453981399536 18.84379005432129
v -7.147536277770996 5.447149753570557 20.09180450439453
v -8.122559547424316 5.20875358581543 17.96977424621582
v -5.830399990081787 6.17503023147583 20.1258602142334
v -5.760351657867432 5.103255748748779 22.748754501342773
v -6.238381862640381 6.831160545349121 19.118253707885742
v -5.3844146728515625 5.279885292053223 22.34185791015625
v -7.899798393249512 5.465648651123047 17.54631233215332
v -7.794842720031738 2.5534284114837646 20.654666900634766
v -8.091985702514648 2.2037293910980225 20.665578842163086
v -6.95620059967041 1.3870694637298584 25.545185089111328
v -6.780422210693359 2.5184428691864014 25.278305053710938
v -8.7763671875 1.975550889968872 19.577781677246094
v -7.764888286590576 2.9640414714813232 19.11391830444336
v -8.779541015625 2.5254087448120117 19.446510314941406
v -2.234495162963867 7.290071964263916 23.454730987548828
v -2.6179404258728027 7.020638465881348 24.995792388916016
v -2.295332431793213 6.162259578704834 27.335163116455078
v -3.0776262283325195 6.475966453552246 26.543659210205078
v -2.62777042388916 6.347248077392578 28.035024642944336
v -3.0016183853149414 6.940373420715332 24.9669189453125
v -2.8643860816955566 8.42121410369873 21.79471206665039
v -4.772403240203857 9.651505470275879 16.507511138916016
v -6.286989688873291 3.3645925521850586 25.22087287902832
v -4.943382263183594 4.752241134643555 24.46567153930664
v -5.416380882263184 4.481801986694336 26.206886291503906
v -6.607895374298096 2.3461477756500244 28.57559585571289
v -9.030088424682617 0.3004339635372162 30.180509567260742
v 20.785860061645508 11.827561378479004 37.629600524902344
v 14.343603134155273 -2.5338432788848877 38.07767868041992
v 15.315686225891113 -4.526304721832275 37.700889587402344
v 15.987528800964355 -3.610029458999634 39.611148834228516
v 17.327808380126953 -3.8101890087127686 40.57990646362305
v 17.377655029296875 -4.49735689163208 40.07810974121094
v 16.410293579101562 -5.340256214141846 38.09919357299805
v 18.562898635864258 -4.747440338134766 40.45172882080078
v 18.360570907592773 -5.342732906341553 39.711151123046875
v 20.17044448852539 -6.200106143951416 39.190006256103516
v 18.065595626831055 -6.313730716705322 38.0032958984375
v 21.53363609313965 -6.84834098815918 38.939231872558594
v 19.086669921875 -5.930749893188477 38.91926193237305
v 19.614238739013672 -7.241539001464844 37.46295928955078
v 21.37395668029785 -5.50806188583374 40.05961227416992
v 20.375633239746094 -5.663715839385986 39.5046501159668
v 22.383342742919922 -5.935161590576172 39.907596588134766
v 20.444364547729492 -5.246600151062012 39.80604553222656
v 20.39258575439453 -5.2914934158325195 39.36160659790039
v 19.353862762451172 -5.768904209136963 39.05656814575195
v 19.36601448059082 -5.642275333404541 38.48387908935547
v 20.045597076416016 -5.4909563064575195 38.86848831176758
v 19.52096939086914 -5.020202159881592 40.37556457519531
v 19.9636287689209 -4.56361198425293 40.781070709228516
v 19.613773345947266 -4.083183288574219 41.07248306274414
v 22.370960235595703 -3.585338592529297 40.42657470703125
v 21.80190658569336 -3.5476443767547607 40.394142150878906
v 20.98965835571289 -2.942599058151245 40.9525146484375
v 23.573617935180664 -5.542815208435059 40.03368377685547
v 20.898632049560547 -3.784723997116089 40.90653991699219
v 19.503320693969727 -3.3570823669433594 41.32899475097656
v 1.9834836721420288 -22.339881896972656 9.888778686523438
v -1.5546801090240479 -21.300695419311523 10.340877532958984
v -0.46603232622146606 -17.144018173217773 11.571636199951172
v -5.389677047729492 -16.748188018798828 11.48843002319336
v 5.151205539703369 -17.022884368896484 11.453910827636719
v -3.972384214401245 -19.326189041137695 10.874713897705078
v -7.084299564361572 -19.118600845336914 10.6610107421875
v 1.6679961681365967 -7.615000247955322 13.03529167175293
v 3.9907288551330566 -9.517909049987793 12.739387512207031
v 0.3878577649593353 -8.025226593017578 13.028945922851562
v -1.9354166984558105 -7.758733749389648 13.327947616577148
v -2.051905632019043 -7.986526012420654 12.9873046875
v -1.307228684425354 -7.544023036956787 13.409372329711914
v -0.6272590160369873 -7.669258117675781 13.091331481933594
v -19.095111846923828 15.439024925231934 8.03726577758789
v -16.59473991394043 18.1884708404541 7.831300735473633
v -22.55773162841797 9.545310974121094 7.933624267578125
v -20.82703971862793 12.6670560836792 8.235488891601562
v -23.10634994506836 7.62761926651001 8.240520477294922
v -19.371973037719727 13.812361717224121 9.032411575317383
v -18.157005310058594 15.986096382141113 8.634571075439453
v 18.85137367248535 12.32122802734375 37.66334915161133
v 19.613929748535156 11.656429290771484 38.6192512512207
v 20.26417350769043 12.35443115234375 37.19979476928711
v 17.407066345214844 11.939717292785645 37.76381301879883
v 18.10932731628418 11.43451976776123 38.82119369506836
v 19.6353702545166 11.052234649658203 39.23954772949219
v 20.537866592407227 10.737598419189453 39.01586151123047
v 20.214021682739258 10.045013427734375 39.5097541809082
v -13.199691772460938 20.33473014831543 8.528451919555664
v -15.530628204345703 17.65920066833496 9.300605773925781
v -14.80135440826416 15.568439483642578 10.380043029785156
v -18.24586296081543 14.393488883972168 9.503864288330078
v -12.692172050476074 19.485637664794922 9.493413925170898
v -7.393750190734863 19.07843017578125 10.798088073730469
v -11.27627182006836 17.94550895690918 10.480125427246094
v -11.158235549926758 21.24411392211914 8.856016159057617
v -15.578771591186523 18.60457992553711 8.481391906738281
v 15.492469787597656 3.218769073486328 12.69178581237793
v 15.639223098754883 2.700335741043091 11.974431991577148
v 13.374155044555664 2.3752505779266357 12.392629623413086
v 3.997694969177246 8.929198265075684 13.025152206420898
v 4.506608009338379 8.611698150634766 13.731903076171875
v 5.444711208343506 8.36540699005127 12.939857482910156
v 3.5051138401031494 9.198321342468262 12.988079071044922
v 8.051505088806152 17.160892486572266 11.243146896362305
v 11.360716819763184 19.77117156982422 9.851009368896484
v 16.730426788330078 16.67906951904297 9.426151275634766
v 12.41329574584961 20.160730361938477 9.32320785522461
v -3.6572840213775635 23.775985717773438 8.853229522705078
v -6.05339241027832 23.775676727294922 8.18208122253418
v -7.111931800842285 22.3359375 9.419883728027344
v 5.769021511077881 23.550209045410156 8.725593566894531
v 2.2556262016296387 23.401287078857422 9.37135124206543
v 5.1504316329956055 22.829294204711914 9.493644714355469
v 2.2556262016296387 24.144723892211914 8.676445007324219
v -0.7134065628051758 24.15811538696289 8.74184799194336
v -1.2082325220108032 24.64055824279785 7.928516387939453
v -2.1237337589263916 23.227828979492188 9.495271682739258
v -8.619397163391113 20.825063705444336 9.964399337768555
v -4.442441940307617 21.620750427246094 10.175859451293945
v 7.348470211029053 23.518470764160156 8.149341583251953
v 11.005986213684082 21.70945167541504 8.679229736328125
v 4.754292011260986 21.65054702758789 10.152484893798828
v 8.16118335723877 21.437694549560547 9.791254043579102
v 15.14896297454834 19.27936363220215 8.519317626953125
v 18.02674102783203 14.120805740356445 9.873296737670898
v 7.905836582183838 5.447381496429443 12.934980392456055
v 7.919382095336914 4.876935005187988 12.943960189819336
v 8.267455101013184 5.7427449226379395 12.790628433227539
v 8.0255765914917 4.708200454711914 13.430038452148438
v 8.488280296325684 3.888908624649048 12.871511459350586
v -8.430770874023438 15.122377395629883 11.692924499511719
v 3.1339752674102783 9.139805793762207 13.021438598632812
v 2.27962064743042 9.353898048400879 13.430192947387695
v 2.7752203941345215 9.07711124420166 13.31037712097168
v -4.215733528137207 8.8021821975708 13.033668518066406
v -3.8461430072784424 9.111167907714844 13.016485214233398
v -4.155051231384277 9.492988586425781 13.493816375732422
v -3.155414581298828 9.299175262451172 13.359834671020508
v -2.6180953979492188 9.798877716064453 13.037384033203125
v -3.098601818084717 9.437723159790039 13.672075271606445
v 2.189216136932373 24.74806785583496 7.357837677001953
v 9.90356159210205 2.100940704345703 12.788692474365234
v -23.8238582611084 -1.4451180696487427 8.745796203613281
v -24.3668270111084 -3.1771247386932373 7.305978775024414
v -24.043291091918945 -3.6691641807556152 7.985637664794922
v -23.385223388671875 -7.502071380615234 7.299863815307617
v -23.054489135742188 -7.763300895690918 7.988269805908203
v -24.291980743408203 2.612717390060425 7.864892959594727
v -24.14228630065918 0.8929401636123657 8.383480072021484
v -23.455896377563477 1.2795591354370117 9.153003692626953
v -23.200468063354492 -1.690015435218811 9.324213027954102
v -21.15243148803711 8.295745849609375 9.769041061401367
v -21.98883056640625 8.556046485900879 9.15145492553711
v -22.779870986938477 6.601820468902588 9.001993179321289
v -23.54916000366211 4.37429141998291 8.682016372680664
v -22.2281551361084 5.19807243347168 9.666946411132812
v -22.323976516723633 1.2938783168792725 9.941022872924805
v -19.76424217224121 10.882648468017578 9.870899200439453
v -17.156517028808594 12.396383285522461 10.486083984375
v -9.100910186767578 -20.909894943237305 9.665010452270508
v -6.706736087799072 -22.079042434692383 9.542255401611328
v -3.2247660160064697 -22.692445755004883 9.627473831176758
v -7.274396896362305 -1.5796412229537964 13.486774444580078
v -7.04559850692749 -1.8024020195007324 12.987537384033203
v -8.113116264343262 -1.7290253639221191 12.888927459716797
v -7.2206034660339355 -2.300323724746704 14.492137908935547
v -5.785584449768066 -5.589487552642822 13.038232803344727
v -13.407280921936035 -3.445629358291626 12.152530670166016
v -19.61811065673828 -3.399420976638794 10.834077835083008
v -22.182950973510742 -4.0515265464782715 9.784442901611328
v -21.295312881469727 -6.983096599578857 9.850698471069336
v -15.648356437683105 -11.821369171142578 10.870071411132812
v -16.380725860595703 -15.256976127624512 9.897527694702148
v -18.283401489257812 -10.615225791931152 10.397459030151367
v -11.964367866516113 -8.831437110900879 11.997034072875977
v -20.051246643066406 -11.721056938171387 9.369880676269531
v -19.040307998657227 -12.330050468444824 9.719736099243164
v -17.859630584716797 -15.288324356079102 9.178390502929688
v -19.072509765625 7.093163967132568 10.729742050170898
v -15.632875442504883 5.006350040435791 11.732553482055664
v -1.305448293685913 -8.363546371459961 14.609169006347656
v -23.424236297607422 -4.723369121551514 8.65570068359375
v -22.060583114624023 -7.428463459014893 9.298286437988281
v -21.06977081298828 -11.317022323608398 8.676673889160156
v -21.42867660522461 -11.42190170288086 8.126585006713867
v -19.24395179748535 -14.686529159545898 8.354145050048828
v -18.059326171875 -3.31404709815979 11.257698059082031
v -16.102622985839844 -3.9088754653930664 11.691762924194336
v -14.834714889526367 -3.2119550704956055 11.94842529296875
v -11.640986442565918 -2.9716243743896484 12.699991226196289
v -8.457939147949219 -2.3729262351989746 13.335222244262695
v -10.504504203796387 -2.9116384983062744 13.600709915161133
v -7.965744495391846 1.691101312637329 12.891557693481445
v -8.054756164550781 3.1011962890625 12.838460922241211
v -7.859472751617432 1.7026340961456299 13.33514404296875
v -7.420685291290283 4.4995269775390625 13.428955078125
v 0.5963765978813171 -24.624845504760742 7.335391998291016
v 3.101544141769409 -24.443647384643555 7.349245071411133
v 1.9193954467773438 -24.391557693481445 7.973333358764648
v 5.29973840713501 -23.971500396728516 7.875343322753906
v 0.7401880621910095 -23.91708755493164 8.800132751464844
v 3.796374559402466 -23.895183563232422 8.505619049072266
v -5.949907302856445 -23.887596130371094 7.324323654174805
v -3.4113028049468994 -24.34410858154297 7.347930908203125
v -2.7226643562316895 -24.170576095581055 8.213274002075195
v 0.07833035290241241 -24.24372100830078 8.384563446044922
v -12.153923988342285 -21.222442626953125 7.821857452392578
v -9.279475212097168 -22.534934997558594 8.096553802490234
v -11.821098327636719 -21.00927734375 8.505697250366211
v -11.019763946533203 -21.950090408325195 7.3394927978515625
v -8.805315017700195 -22.0582218170166 8.95857048034668
v -7.394678115844727 -23.350975036621094 7.805448532104492
v -5.332865238189697 -23.348421096801758 8.775672912597656
v -14.552972793579102 -19.238494873046875 8.519783020019531
v -14.71342658996582 -19.516517639160156 7.935016632080078
v -13.72586441040039 -20.38349151611328 7.342355728149414
v 14.220535278320312 20.276445388793945 8.071630477905273
v 17.025014877319336 18.161535263061523 7.938501358032227
v 17.4886474609375 16.9455623626709 8.795488357543945
v 24.099483489990234 -4.581879138946533 8.505697250366211
v 23.901182174682617 -6.603907585144043 8.031768798828125
v 24.66288948059082 -4.275060653686523 7.340730667114258
v -16.659446716308594 -18.116565704345703 7.338949203491211
v -16.295042037963867 -17.148197174072266 9.065385818481445
v 19.469654083251953 15.397615432739258 8.182159423828125
v 19.65951919555664 13.78565788269043 9.148435592651367
v 20.499940872192383 11.417258262634277 9.567333221435547
v 21.278751373291016 11.426468849182129 9.026992797851562
v 21.92249870300293 11.64946174621582 8.16590690612793
v 22.565776824951172 7.881649494171143 9.275142669677734
v 24.620010375976562 3.527212619781494 8.059789657592773
v 24.32929039001465 2.6271915435791016 8.649740219116211
v 24.81699562072754 0.9197209477424622 8.107545852661133
v 25.076522827148438 0.6579500436782837 7.333688735961914
v 24.818462371826172 -0.6963387131690979 8.085485458374023
v 24.012874603271484 -0.03951214998960495 9.113607406616211
v 23.90985107421875 -7.289295196533203 7.342279434204102
v -22.110271453857422 -10.547965049743652 7.341815948486328
v -18.5976505279541 -16.124876022338867 7.337095260620117
v -17.4609375 -17.116384506225586 7.936023712158203
v 24.34329605102539 0.6855823397636414 27.589658737182617
v 24.20180892944336 -0.49292847514152527 27.339191436767578
v 25.250749588012695 -1.0600470304489136 27.66063690185547
v 22.461984634399414 -6.440049648284912 32.31608581542969
v 23.04520034790039 -6.383082389831543 31.479999542236328
v 24.711885452270508 -6.572715759277344 32.534976959228516
v 24.739824295043945 -6.3189167976379395 31.493623733520508
v 23.356510162353516 -5.730125904083252 29.986387252807617
v 24.36295509338379 -5.462085723876953 29.666336059570312
v 25.299976348876953 -5.346447944641113 29.95473289489746
v 24.251344680786133 -4.025132179260254 28.204612731933594
v 25.0483455657959 -3.9527618885040283 28.2983455657959
v 21.43030548095703 -6.034931659698486 31.396482467651367
v 21.679691314697266 -4.920741558074951 29.467721939086914
v 23.0594425201416 -4.947057723999023 29.020809173583984
v 22.84659194946289 -3.8569395542144775 28.254074096679688
v 21.64160919189453 -2.508378505706787 28.10639190673828
v 22.7808780670166 -1.8270928859710693 27.529287338256836
v 23.878969192504883 -2.604123592376709 27.578590393066406
v 24.704683303833008 -3.357779026031494 27.895238876342773
v 23.87401580810547 -1.5750744342803955 27.36063003540039
v 25.09625816345215 -2.2309722900390625 27.63486099243164
v 25.895191192626953 -3.568077802658081 28.47838020324707
v 21.728530883789062 -0.5886737108230591 27.636409759521484
v 19.89512825012207 -2.005347967147827 28.921424865722656
v 20.69089126586914 -3.4093282222747803 28.973594665527344
v 19.703479766845703 -4.9421820640563965 31.499425888061523
v 19.065696716308594 -4.365387916564941 31.055761337280273
v 20.536937713623047 -5.665805339813232 31.56715202331543
v 19.405643463134766 -4.546584129333496 30.7086181640625
v 19.105016708374023 -5.020434379577637 31.154916763305664
v 20.846776962280273 -5.634303092956543 31.94734764099121
v 22.081558227539062 -6.069994926452637 32.56385040283203
v 21.15785026550293 -5.614488124847412 30.654205322265625
v 20.387939453125 -6.109546661376953 31.76831817626953
v 21.268455505371094 -6.7017436027526855 32.44380187988281
v 22.914318084716797 -6.780459880828857 33.20201873779297
v 21.912900924682617 -7.534579753875732 34.30421447753906
v 23.46015167236328 -6.529602527618408 32.93057632446289
v 24.77999496459961 -6.379754066467285 33.96643829345703
v 23.915809631347656 -6.128742218017578 33.57896423339844
v 26.772844314575195 -4.6464314460754395 33.62633514404297
v 27.047386169433594 -4.338916778564453 31.710269927978516
v 25.83582305908203 -2.0297293663024902 27.996017456054688
v 25.41414451599121 -0.015362980775535107 28.16095733642578
v 26.055801391601562 -1.5534021854400635 28.373811721801758
v 26.30835723876953 -2.8299803733825684 28.604698181152344
v 26.501319885253906 -4.548132419586182 30.181283950805664
v 25.64177894592285 -4.454709053039551 29.018022537231445
v 26.295665740966797 -5.629195213317871 31.641769409179688
v 26.21524429321289 -5.9482421875 32.62778091430664
v 22.90038299560547 -7.545261383056641 34.948116302490234
v 26.920063018798828 -5.085141181945801 32.190853118896484
v 26.65186882019043 -5.506668567657471 32.98939895629883
v 26.211454391479492 -5.442580223083496 33.88942337036133
v 25.21297836303711 -5.984388828277588 33.96953201293945
v 26.425003051757812 -6.093292236328125 34.55213165283203
v 27.096691131591797 -4.503084659576416 32.99272918701172
v 25.76399803161621 -6.020999908447266 33.55218505859375
v 24.68695831298828 -6.382772922515869 33.429115295410156
v 25.79100799560547 -6.814052581787109 36.08150100708008
v 19.247282028198242 12.943532943725586 35.907657623291016
v 18.687978744506836 12.79987621307373 36.47446823120117
v 19.649688720703125 12.933470726013184 35.31360626220703
v 20.53879737854004 12.570381164550781 35.35988998413086
v 17.235546112060547 12.6425199508667 35.516239166259766
v 16.284902572631836 11.927641868591309 36.641422271728516
v 13.79521656036377 -2.497774124145508 36.667118072509766
v 14.782469749450684 -4.4936418533325195 36.22121047973633
v 16.900087356567383 -6.457077980041504 36.25596237182617
v 13.758218765258789 -2.5509488582611084 35.949378967285156
v 14.52216911315918 -3.5806171894073486 34.544158935546875
v 13.463165283203125 -0.700131356716156 35.10500717163086
v 13.75953483581543 -2.0801174640655518 34.90592956542969
v 15.328146934509277 -5.156815052032471 35.55354690551758
v 15.991244316101074 -5.585772514343262 34.67124938964844
v 17.399017333984375 -6.442294597625732 34.13849639892578
v 17.334077835083008 -6.771094799041748 35.42978286743164
v 18.684419631958008 -7.339993476867676 34.9718017578125
v 18.074806213378906 -6.96908712387085 36.65814208984375
v 19.152000427246094 -7.508341312408447 36.1376953125
v 19.845046997070312 -7.42080020904541 34.117286682128906
v 20.77130889892578 -7.66887092590332 34.53974533081055
v 20.96171760559082 -7.836367130279541 36.315406799316406
v 21.588125228881836 -7.777232646942139 35.01460266113281
v 23.283367156982422 -7.637136936187744 36.447608947753906
v 13.930669784545898 -0.3255869150161743 33.670841217041016
v 14.924190521240234 -0.16559867560863495 32.4117546081543
v 14.305831909179688 -1.1317977905273438 33.179420471191406
v 13.884149551391602 1.116087794303894 34.723419189453125
v 14.549259185791016 0.7023783922195435 32.9765510559082
v 14.329903602600098 1.2144646644592285 33.74150848388672
v 18.156465530395508 -3.043684959411621 30.468830108642578
v 15.037274360656738 -3.449035167694092 33.5190544128418
v 15.791857719421387 -3.730233669281006 32.83436584472656
v 15.642473220825195 -4.647592544555664 33.82347869873047
v 18.43975257873535 -4.1403045654296875 30.70614242553711
v 18.263511657714844 -2.379505157470703 30.477188110351562
v 18.659648895263672 -2.2246253490448 30.704130172729492
v 18.661273956298828 -2.981299638748169 30.557146072387695
v 17.023544311523438 -4.72452974319458 32.31763458251953
v 18.017839431762695 -5.6750168800354 32.3599739074707
v 19.061206817626953 -5.566422462463379 31.46955108642578
v 19.074520111083984 -3.2334728240966797 30.117042541503906
v 19.867189407348633 -6.861499309539795 32.93119430541992
v 19.218488693237305 0.24385365843772888 29.118255615234375
v 19.195886611938477 -0.8532310128211975 29.192794799804688
v 18.732563018798828 -0.6039217710494995 30.060771942138672
v 19.0828800201416 0.6430891156196594 29.641719818115234
v 19.817028045654297 1.9728418588638306 29.22406578063965
v 15.307636260986328 11.445045471191406 34.49144744873047
v 14.898571014404297 10.56747055053711 33.499473571777344
v 14.2449951171875 10.438055992126465 34.77040100097656
v 15.936521530151367 11.48366928100586 33.42393112182617
v 15.289525032043457 9.80615234375 32.233036041259766
v 16.429256439208984 12.149550437927246 34.18207550048828
v 16.703489303588867 11.446438789367676 32.688541412353516
v 17.65312385559082 12.337327003479004 33.411312103271484
v 16.775161743164062 10.643013954162598 31.93999481201172
v 15.84867000579834 8.557981491088867 31.078208923339844
v 20.1068172454834 12.409310340881348 34.41675567626953
v 18.80423355102539 12.5983247756958 33.78121566772461
v 18.5056209564209 12.817755699157715 34.22039031982422
v 17.645383834838867 12.793452262878418 34.961116790771484
v 17.889354705810547 11.859065055847168 32.807273864746094
v 16.270042419433594 8.110835075378418 30.78408432006836
v 7.298701286315918 -18.281505584716797 10.445913314819336
v 5.8903093338012695 -21.597991943359375 9.886690139770508
v 8.103906631469727 -22.483463287353516 8.876834869384766
v 10.686629295349121 -21.266559600830078 8.991853713989258
v 9.53288745880127 -18.08730697631836 10.213787078857422
v 7.282060623168945 -23.6623592376709 7.302339553833008
v 12.543174743652344 -21.377164840698242 7.327882766723633
v 12.867562294006348 -20.779783248901367 8.285722732543945
v 15.167153358459473 -19.745086669921875 7.299785614013672
v 15.537749290466309 -18.996227264404297 8.233552932739258
v 15.513988494873047 -18.37841033935547 8.879467010498047
v 17.004037857055664 -14.596358299255371 9.969585418701172
v 17.74112892150879 -17.140920639038086 8.085330963134766
v 17.42254638671875 -16.11705780029297 9.199909210205078
v 19.46230125427246 -11.793427467346191 9.865943908691406
v 18.212425231933594 -11.803025245666504 10.308137893676758
v 14.181293487548828 -7.8162431716918945 11.782089233398438
v 10.65559196472168 -7.884278297424316 12.287134170532227
v 17.546234130859375 -6.183310031890869 11.289508819580078
v 14.128351211547852 -0.446178138256073 12.30694580078125
v 16.0369873046875 6.583631992340088 11.63170051574707
v 18.163354873657227 -17.066848754882812 7.339414596557617
v 18.682174682617188 -15.285536766052246 8.855009078979492
v 19.11554527282715 -15.595375061035156 8.161260604858398
v 19.78839111328125 -15.216495513916016 7.341737747192383
v 20.68864631652832 -13.30925178527832 8.287967681884766
v 21.926597595214844 -11.084278106689453 8.388046264648438
v 22.2399959564209 -11.38025951385498 7.332990646362305
v 21.042367935180664 -9.017895698547363 9.81973648071289
v 22.61260414123535 -8.593195915222168 8.875829696655273
v 22.91160774230957 -9.291200637817383 8.13223648071289
v 22.04928207397461 -4.3770751953125 10.051862716674805
v 20.391578674316406 -2.8492531776428223 10.746540069580078
v 23.382984161376953 -4.675224781036377 9.212369918823242
v 17.43021011352539 0.6617427468299866 11.646947860717773
v 15.979711532592773 -0.5005910992622375 11.933332443237305
v 18.824748992919922 1.0040109157562256 11.303518295288086
v 19.03504753112793 1.2888472080230713 11.900049209594727
v 19.113529205322266 1.6507753133773804 11.396398544311523
v 23.007354736328125 -0.6286900043487549 9.806577682495117
v 17.098390579223633 1.9313546419143677 11.712661743164062
v 20.465030670166016 8.818668365478516 10.184452056884766
v 20.218433380126953 6.732086658477783 10.550712585449219
v 22.148279190063477 2.7238657474517822 10.149158477783203
v 17.595693588256836 11.358898162841797 10.642667770385742
v 18.288511276245117 1.8055002689361572 11.479452133178711
v 23.404268264770508 4.051760673522949 9.347280502319336
v 8.709029197692871 2.865896701812744 12.933046340942383
v 8.70361042022705 2.6867902278900146 13.372220993041992
v 9.195263862609863 2.224008560180664 13.446371078491211
v 9.457497596740723 3.0571553707122803 14.083227157592773
v 10.195751190185547 2.773866891860962 13.285221099853516
v 9.901239395141602 3.317533016204834 14.028118133544922
v 9.622284889221191 3.4906792640686035 14.669851303100586
v 10.296760559082031 3.754926919937134 14.964902877807617
v 8.861276626586914 4.4553303718566895 13.4344482421875
v 0.8970802426338196 -7.569875240325928 13.260915756225586
v 5.944799423217773 -6.8655242919921875 13.404340744018555
v 6.1913228034973145 -6.308932304382324 13.629655838012695
v 6.367255687713623 -6.171777248382568 12.941171646118164
v 6.3850579261779785 -5.735621452331543 13.285995483398438
v 6.139773845672607 -7.668406963348389 12.93954849243164
v 12.023348808288574 -0.19237954914569855 12.590312957763672
v 10.834543228149414 -0.29122084379196167 12.739620208740234
v 11.108543395996094 -4.224053382873535 12.51980209350586
v 9.554095268249512 -2.2254769802093506 12.839776992797852
v 9.556185722351074 -1.340316653251648 12.944114685058594
v 8.168846130371094 -3.115203857421875 12.962690353393555
v 7.377031326293945 -3.9560129642486572 13.037923812866211
v 9.012054443359375 -3.2124969959259033 12.837919235229492
v 8.34539794921875 -2.9679863452911377 13.328563690185547
v 10.642434120178223 -4.658196449279785 13.282512664794922
v 10.327953338623047 -4.5615997314453125 12.580947875976562
v 13.657598495483398 -0.7415410280227661 12.910985946655273
v 10.263710021972656 -1.3337376117706299 13.78066635131836
v -15.280699729919434 -13.154139518737793 64.87939453125
v -16.729185104370117 -12.492513656616211 63.42394256591797
v -15.360733032226562 -14.149984359741211 64.5512924194336
v -16.623300552368164 -14.004315376281738 63.16673278808594
v -16.011754989624023 -15.009910583496094 63.464420318603516
v -12.687836647033691 -11.674306869506836 66.33430480957031
v -12.2899169921875 -12.591511726379395 66.72718811035156
v -12.79906177520752 -10.601757049560547 66.2601547241211
v -12.579242706298828 -11.059818267822266 66.14412689208984
v -12.810362815856934 -11.456421852111816 66.0594482421875
v -14.720393180847168 -12.504899024963379 65.36563110351562
v -16.282194137573242 -10.513134002685547 64.01490020751953
v -14.770161628723145 -8.411535263061523 65.2351303100586
v -16.820133209228516 -10.143310546875 62.916961669921875
v -17.115882873535156 -11.645126342773438 62.81742858886719
v -15.98110294342041 -8.949319839477539 63.96063995361328
v -13.498924255371094 -10.954243659973145 65.59922790527344
v -14.123628616333008 -11.251309394836426 65.47747039794922
v -13.251163482666016 -11.26880168914795 65.14441680908203
v -13.941658973693848 -11.834062576293945 65.67027282714844
v -12.718798637390137 -11.0274658203125 65.50835418701172
v -13.566959381103516 -11.424919128417969 65.4441146850586
v -15.978007316589355 -8.610224723815918 63.60482406616211
v 30.363330841064453 -4.307801246643066 28.453224182128906
v 29.7193546295166 -3.519547462463379 27.470848083496094
v 30.62997817993164 -2.6681342124938965 26.919754028320312
v 28.861825942993164 -2.7453036308288574 26.91766357421875
v 28.193387985229492 -4.130862236022949 28.476444244384766
v 32.39364242553711 -2.7583839893341064 27.844696044921875
v 33.948089599609375 -1.9365384578704834 28.764842987060547
v 35.92530059814453 3.5403709411621094 29.52848243713379
v 35.03449630737305 3.9857375621795654 27.61458396911621
v 36.153175354003906 4.295032978057861 30.2834529876709
v 35.754249572753906 0.996735155582428 29.982208251953125
v 34.878684997558594 2.7890374660491943 27.47378921508789
v 32.678321838378906 1.2470506429672241 26.29435157775879
v 31.378681182861328 2.1277215480804443 25.789695739746094
v 33.141258239746094 3.1712443828582764 25.84209442138672
v 31.48301887512207 -3.8185484409332275 28.311813354492188
v 29.961387634277344 -1.7729119062423706 26.326318740844727
v 28.94510841369629 -1.1478973627090454 26.129562377929688
v 31.069927215576172 -1.4749174118041992 26.401782989501953
v 32.12931442260742 -0.31506043672561646 26.42477035522461
v 32.8174934387207 -1.3605960607528687 27.22842788696289
v 34.27766418457031 2.2052001953125 26.85403823852539
v 33.660003662109375 2.316890239715576 26.295978546142578
v 35.03627395629883 0.15863491594791412 28.977001190185547
v 32.801780700683594 4.896749019622803 25.781414031982422
v 33.741737365722656 4.146886825561523 26.076156616210938
v 34.09453201293945 3.489441156387329 26.350313186645508
v 30.36263656616211 3.552755117416382 25.69317626953125
v 30.33794403076172 5.67749547958374 25.680328369140625
v 31.17913818359375 4.55479097366333 25.470413208007812
v 31.092529296875 3.407395601272583 25.485431671142578
v 29.7935791015625 1.2888472080230713 25.679244995117188
v 27.836801528930664 1.6535617113113403 25.885208129882812
v 28.260263442993164 0.44865724444389343 25.904251098632812
v 33.34699249267578 5.451793670654297 26.139007568359375
v 34.12897872924805 5.262005805969238 26.628259658813477
v 35.757423400878906 5.6869378089904785 29.543807983398438
v 31.370168685913086 7.99372673034668 26.17809295654297
v 33.24467086791992 6.864752769470215 26.736621856689453
v 34.759098052978516 6.640212059020996 28.12156105041504
v 34.815757751464844 8.302170753479004 29.23892593383789
v 10.762406349182129 -22.957313537597656 42.25989532470703
v 10.647233009338379 -21.610376358032227 41.07078170776367
v 12.194250106811523 -22.32270050048828 42.27290344238281
v 14.226805686950684 -19.5902042388916 41.18402099609375
v 9.224985122680664 -18.607751846313477 39.60031509399414
v 11.43641471862793 -17.195642471313477 39.50820541381836
v 16.334440231323242 -16.82837677001953 40.98641586303711
v 5.277833461761475 -24.842960357666016 43.936561584472656
v 5.238513946533203 -23.688596725463867 42.18559265136719
v 6.2530107498168945 -24.075063705444336 42.56199645996094
v 5.4858880043029785 -22.92689323425293 41.41157913208008
v 6.4231390953063965 -23.260648727416992 41.6469612121582
v 8.618856430053711 -24.048049926757812 42.82640075683594
v 7.572856903076172 -22.6525821685791 41.219242095947266
v 4.305597305297852 -20.72180938720703 40.52711486816406
v 6.31330680847168 -22.12192153930664 40.87070083618164
v 16.032499313354492 -19.449796676635742 42.11353302001953
v 10.087002754211426 -17.292551040649414 39.287689208984375
v 10.234683990478516 -16.023788452148438 39.11500930786133
v 7.973407745361328 -17.513532638549805 39.36408233642578
v 17.890050888061523 -13.756553649902344 40.96954345703125
v 18.21234893798828 -16.391212463378906 41.81236267089844
v 19.031408309936523 -14.548213005065918 41.81267547607422
v 11.829922676086426 -14.855496406555176 39.326934814453125
v 17.191116333007812 -12.6595458984375 40.65916442871094
v 5.353067874908447 -9.994776725769043 42.77902603149414
v 5.2068562507629395 -9.339807510375977 42.42142868041992
v 6.096118927001953 -9.80026912689209 42.6829719543457
v 5.8201069831848145 -8.429957389831543 42.12150573730469
v 10.878816604614258 -6.88115930557251 40.653045654296875
v 9.094409942626953 -6.899116516113281 40.99152374267578
v 9.62878704071045 -6.554370880126953 41.071014404296875
v 7.815896511077881 -7.695033073425293 41.23185348510742
v 8.650900840759277 -11.361992835998535 40.22587203979492
v 7.011930465698242 -8.396829605102539 41.667545318603516
v 6.37484073638916 -9.226570129394531 42.51826095581055
v 7.053958892822266 -10.579544067382812 41.266685485839844
v 6.777403831481934 -7.470491886138916 42.30278015136719
v 13.932682037353516 -7.445723533630371 40.55165481567383
v 16.38846778869629 -9.411870002746582 40.6206169128418
v 13.289631843566895 -9.95429801940918 39.97067642211914
v 9.596510887145996 -13.7431640625 39.260986328125
v 8.715530395507812 -14.597827911376953 39.21570587158203
v 9.709052085876465 -10.863142013549805 40.02702713012695
v 10.90706729888916 -7.8873748779296875 40.301021575927734
v 7.649096488952637 -6.778525352478027 41.79935836791992
v 4.795392036437988 -8.632205963134766 42.31020736694336
v 4.8324666023254395 -7.290688991546631 42.20331573486328
v 5.639142036437988 -7.145097255706787 42.04364013671875
v 3.9114701747894287 -7.956958770751953 42.62863540649414
v -14.530604362487793 -6.74826192855835 64.11946868896484
v -14.296930313110352 -6.875973701477051 64.79881286621094
v -15.461663246154785 -8.016712188720703 64.17186737060547
v -14.113954544067383 -7.409964561462402 65.40727233886719
v 14.493606567382812 -20.832725524902344 42.20710754394531
v 6.263847827911377 -25.243125915527344 44.54191589355469
v 15.394015312194824 -20.830869674682617 42.92639923095703
v 10.857145309448242 -24.030248641967773 43.784698486328125
v 16.726478576660156 -19.88719367980957 43.17779541015625
v 18.15259552001953 -17.19378662109375 42.221351623535156
v 8.578453063964844 -24.911306381225586 44.22031784057617
v 19.338069915771484 -15.06440258026123 42.35710906982422
v 20.144359588623047 -14.546975135803223 43.717979431152344
v 18.44904136657715 -11.00362491607666 41.205535888671875
v 18.647266387939453 -9.869853019714355 41.61530303955078
v 19.46307373046875 -12.030119895935059 41.96763229370117
v 17.915205001831055 -8.264163970947266 41.88999557495117
v 17.721778869628906 -7.445723533630371 43.1434326171875
v 18.57977294921875 -8.053864479064941 44.14523696899414
v 18.895492553710938 -9.092279434204102 42.45502853393555
v 19.45216178894043 -10.757567405700684 42.23272705078125
v 19.59899139404297 -9.847173690795898 43.35047912597656
v 19.996368408203125 -11.276774406433105 43.22145080566406
v 20.06556510925293 -12.696621894836426 43.02996063232422
v 19.33241844177246 -8.922924995422363 44.71072769165039
v 20.508224487304688 -11.563854217529297 45.940555572509766
v 20.589879989624023 -13.612200736999512 45.052528381347656
v 18.806711196899414 -12.991829872131348 41.3719482421875
v 19.598060607910156 -13.782946586608887 42.28606033325195
v 20.267812728881836 -15.1151762008667 44.51018142700195
v 17.276723861694336 -7.24122953414917 43.75544357299805
v 18.302907943725586 -8.137922286987305 46.142337799072266
v 19.178237915039062 -8.905975341796875 46.3619270324707
v 11.138033866882324 -6.481536865234375 40.97372055053711
v 12.612372398376465 -6.827907085418701 40.7008056640625
v 14.173398971557617 -6.551507472991943 41.48039245605469
v 14.708009719848633 -6.873574256896973 41.09322738647461
v 16.881898880004883 -7.961215972900391 41.29153060913086
v 16.280181884765625 -7.274666786193848 41.44485855102539
v 15.835124969482422 -6.730381488800049 42.23605728149414
v 16.925941467285156 -7.2235822677612305 42.087833404541016
v 3.317880153656006 -6.978298187255859 43.073692321777344
v 26.77718162536621 -3.358707904815674 29.654258728027344
v 26.962087631225586 -3.6849539279937744 29.347984313964844
v 25.84116554260254 -0.1908314824104309 27.401187896728516
v 26.972230911254883 -2.664651393890381 27.863967895507812
v 28.066143035888672 -3.260176181793213 27.590356826782227
v 26.926177978515625 0.6921614408493042 26.326007843017578
v 25.727542877197266 2.7261877059936523 26.72756576538086
v 26.23467254638672 0.6066331267356873 26.748075485229492
v 26.92037010192871 -0.6958743333816528 26.69389533996582
v 27.90545654296875 -1.3941879272460938 26.4725284576416
v -17.40962028503418 -12.937726974487305 59.26316452026367
v -16.912782669067383 -14.007102012634277 57.461181640625
v -17.460163116455078 -14.088372230529785 58.861366271972656
v -17.499792098999023 -14.735215187072754 59.10395050048828
v -17.6618709564209 -14.200217247009277 60.494300842285156
v -17.12230682373047 -13.493853569030762 58.5257568359375
v -17.631528854370117 -14.365391731262207 57.300113677978516
v -17.746082305908203 -13.500743865966797 60.00489807128906
v -15.161733627319336 -15.832685470581055 54.50770568847656
v -15.495256423950195 -16.534404754638672 54.72675323486328
v -17.54994773864746 -11.889792442321777 61.52931213378906
v -17.600027084350586 -13.40081787109375 61.396026611328125
v -17.29127311706543 -13.485494613647461 62.20215606689453
v -15.509188652038574 -15.456130027770996 54.72868728637695
v -15.036112785339355 -16.140743255615234 54.15421676635742
v -14.705995559692383 -22.08066749572754 52.242637634277344
v -13.04736614227295 -22.930376052856445 52.083892822265625
v -11.945404052734375 -22.4412784576416 52.54775619506836
v -11.946255683898926 -21.350927352905273 53.31712341308594
v -11.2074613571167 -21.094188690185547 53.12184143066406
v 2.981881618499756 -22.816518783569336 42.10362243652344
v 2.924217700958252 -21.47345542907715 41.09593963623047
v 3.7911884784698486 -22.721006393432617 41.60361099243164
v 3.842041492462158 -24.048437118530273 43.20899200439453
v 2.4803218841552734 -23.699975967407227 44.858489990234375
v 3.0400874614715576 -24.168563842773438 44.30716323852539
v 2.618483066558838 -13.349964141845703 41.18386459350586
v 1.8590222597122192 -14.495426177978516 41.095394134521484
v -15.784659385681152 -23.752222061157227 45.93537139892578
v -13.528568267822266 -24.679412841796875 45.79814147949219
v -13.946380615234375 -24.649301528930664 46.44622039794922
v -14.241975784301758 -24.159738540649414 44.88178634643555
v -15.326909065246582 -22.25791358947754 42.68134307861328
v -11.097784996032715 -23.91878890991211 42.554718017578125
v -13.349076271057129 -24.735912322998047 46.71224594116211
v -16.69737434387207 -22.934167861938477 45.35014343261719
v -12.183954238891602 -24.2180233001709 43.65837860107422
v -16.527633666992188 -21.520591735839844 42.79241943359375
v -16.83538055419922 -20.223812103271484 41.73945236206055
v -15.608803749084473 -20.599517822265625 41.288665771484375
v -17.663883209228516 -19.63904571533203 42.07011032104492
v -15.153916358947754 -24.08822250366211 47.517295837402344
v -14.005592346191406 -24.57801628112793 47.31133270263672
v -11.0507230758667 -22.085466384887695 41.09144592285156
v -14.161710739135742 -19.852209091186523 40.58369827270508
v -10.706365585327148 -20.055076599121094 40.395999908447266
v -15.730246543884277 -18.057117462158203 40.452884674072266
v -14.813350677490234 -16.039888381958008 40.0836067199707
v -14.414658546447754 -18.172060012817383 40.23585510253906
v -12.580172538757324 -17.192546844482422 40.05667495727539
v -12.184961318969727 -14.654718399047852 40.12238693237305
v -16.874778747558594 -15.59761905670166 40.60916519165039
v -18.392616271972656 -19.10358238220215 42.64512252807617
v -17.694456100463867 -18.483600616455078 41.415992736816406
v -17.514421463012695 -17.617324829101562 41.04562759399414
v -16.518653869628906 -19.389890670776367 41.07325744628906
v -18.29702377319336 -17.339611053466797 41.55546951293945
v -19.24859619140625 -19.8482608795166 46.06888961791992
v -14.894081115722656 -23.75191307067871 49.315093994140625
v -19.67995262145996 -18.227710723876953 45.31306076049805
v -19.12242889404297 -19.54593276977539 44.829307556152344
v -18.594709396362305 -20.694257736206055 45.08805847167969
v -18.2143611907959 -21.592960357666016 46.36037826538086
v -17.565969467163086 -22.021610260009766 45.09734344482422
v -17.271690368652344 -22.565275192260742 47.41891860961914
v -18.20151138305664 -21.414705276489258 47.58107376098633
v -16.869823455810547 -22.314882278442383 49.30967712402344
v -9.418024063110352 -15.921619415283203 40.23044204711914
v -6.056953430175781 -20.663604736328125 39.87849426269531
v -4.9026689529418945 -19.907007217407227 39.860923767089844
v -4.463804721832275 -21.41362190246582 39.88483810424805
v -8.1534423828125 -25.258682250976562 41.974830627441406
v -5.336503028869629 -26.288816452026367 41.850677490234375
v -7.6000237464904785 -26.680465698242188 43.411781311035156
v -6.234898567199707 -22.663883209228516 40.20450973510742
v -3.5587520599365234 -23.18107795715332 40.17726516723633
v -6.797837257385254 -25.015409469604492 41.20778274536133
v -4.994777202606201 -25.086463928222656 40.87294006347656
v -6.809989929199219 -23.775442123413086 40.623714447021484
v -12.496810913085938 -23.956329345703125 50.411094665527344
v -12.946589469909668 -23.551210403442383 51.25840759277344
v -13.312697410583496 -23.949207305908203 50.3025016784668
v -12.35377311706543 -23.986129760742188 48.55168533325195
v -12.613996505737305 -24.29372215270996 46.438167572021484
v -11.995019912719727 -23.8557071685791 49.99676513671875
v -12.020716667175293 -23.87482452392578 49.019500732421875
v -11.639436721801758 -23.359254837036133 50.115264892578125
v -11.129440307617188 -23.057004928588867 50.44786071777344
v -11.485641479492188 -23.263046264648438 51.22349548339844
v -11.091900825500488 -22.60869789123535 51.19493865966797
v -10.73918342590332 -23.033939361572266 50.96745300292969
v -11.036637306213379 -23.821727752685547 50.7998046875
v -11.204983711242676 -22.548789978027344 51.968177795410156
v -15.972434997558594 -22.260082244873047 50.885643005371094
v -13.848623275756836 -23.1987247467041 51.455081939697266
v -10.238321304321289 -23.702917098999023 50.896095275878906
v -10.23824405670166 -23.202133178710938 51.09369659423828
v -10.338090896606445 -23.663597106933594 50.71876525878906
v -0.800173282623291 -22.03035545349121 40.31782150268555
v -0.1484551727771759 -23.1502742767334 40.651580810546875
v 1.2920585870742798 -21.235830307006836 40.94632339477539
v 0.8675904870033264 -22.992996215820312 41.01985549926758
v 1.6915262937545776 -21.795520782470703 41.385963439941406
v -6.12553071975708 -26.915454864501953 42.97903060913086
v -4.480213642120361 -27.805879592895508 44.26853942871094
v -2.6733598709106445 -26.89215850830078 42.57770919799805
v -3.2276298999786377 -26.073408126831055 41.44447708129883
v -3.8997044563293457 -24.934833526611328 40.72588348388672
v -1.973652958869934 -24.468416213989258 40.650108337402344
v -1.955850601196289 -25.77850914001465 41.36831283569336
v -3.7957546710968018 -26.609100341796875 42.02219772338867
v -0.022833023220300674 -24.069644927978516 40.972869873046875
v -0.861629843711853 -25.686403274536133 41.65848922729492
v -0.5404148697853088 -26.22426414489746 42.62995147705078
v 1.1393460035324097 -24.50100326538086 42.101844787597656
v 1.400575041770935 -23.586584091186523 41.67884826660156
v 1.7100251913070679 -24.02606773376465 42.524295806884766
v 1.2391935586929321 -25.059064865112305 43.07988739013672
v 2.054847478866577 -22.525644302368164 42.20966339111328
v 2.342160701751709 -22.736486434936523 43.04025650024414
v 1.2855569124221802 -18.48870849609375 41.08781051635742
v 1.1419003009796143 -16.529916763305664 41.096012115478516
v 2.34765625 -15.718751907348633 40.659934997558594
v 0.677880048751831 -17.923370361328125 40.50505447387695
v 0.9979340434074402 -15.630049705505371 40.86806869506836
v 0.5175047516822815 -14.955730438232422 40.676265716552734
v 1.4785181283950806 -13.177824974060059 41.984275817871094
v 1.3229416608810425 -14.465470314025879 41.45330047607422
v -0.23638294637203217 -13.330150604248047 41.05189514160156
v 0.5402607321739197 -13.79045581817627 40.97503662109375
v 0.3921148180961609 -12.777427673339844 41.40345001220703
v 1.1173641681671143 -12.764579772949219 41.7142219543457
v 2.34765625 -18.4615421295166 40.561790466308594
v -4.109306812286377 -15.303958892822266 41.0997314453125
v -4.3432135581970215 -13.899591445922852 42.0194091796875
v -3.6195123195648193 -14.325142860412598 41.543548583984375
v -1.7776730060577393 -13.828459739685059 41.04616928100586
v -1.1141899824142456 -14.888855934143066 40.58277130126953
v -3.854889154434204 -13.945489883422852 41.9986686706543
v -0.9239378571510315 -13.066986083984375 41.24447250366211
v -0.007352782413363457 -17.736291885375977 40.31557846069336
v -3.325000762939453 -17.416778564453125 40.42533493041992
v 1.5542165040969849 -20.12543487548828 41.32960891723633
v 1.7207839488983154 -19.105209350585938 40.873023986816406
v -0.4066655933856964 -15.843290328979492 40.387176513671875
v 2.6954970359802246 -20.01397705078125 40.67479705810547
v 2.0810863971710205 -21.129562377929688 41.391300201416016
v 1.874967098236084 -21.311838150024414 41.77799606323242
v -10.196447372436523 -12.979756355285645 40.629825592041016
v -3.7136318683624268 -19.013099670410156 40.06657409667969
v -28.349117279052734 6.729222774505615 36.39451217651367
v -29.81014633178711 6.064036846160889 36.36161422729492
v -29.002695083618164 4.910449504852295 36.667118072509766
v -26.020734786987305 9.607463836669922 37.67875289916992
v -24.811729431152344 8.465409278869629 38.20043182373047
v -19.538618087768555 -13.504690170288086 57.61985778808594
v -19.24015998840332 -14.173824310302734 56.69049835205078
v -19.73947525024414 -14.446817398071289 55.172428131103516
v -17.476030349731445 -15.269206047058105 55.34844207763672
v -16.467958450317383 -15.55357837677002 55.027076721191406
v -19.589237213134766 -14.644577026367188 51.268470764160156
v -19.838390350341797 -14.620119094848633 54.00801086425781
v -29.329946517944336 -6.466366291046143 44.69609832763672
v -29.004009246826172 -6.236871242523193 46.42903518676758
v -26.370437622070312 -2.966747999191284 49.6068229675293
v -26.270431518554688 -3.2631173133850098 49.260215759277344
v -25.938302993774414 -3.4169135093688965 49.3348274230957
v -21.973041534423828 -13.128055572509766 50.45521545410156
v -22.364612579345703 -12.91528034210205 52.13071823120117
v -21.817852020263672 -12.912493705749512 54.88720703125
v -14.771090507507324 -13.677217483520508 40.30335235595703
v -18.725982666015625 -14.995205879211426 41.90563201904297
v -18.382089614868164 -13.83449649810791 41.89611053466797
v -18.013736724853516 -14.027844429016113 41.430233001708984
v -16.534290313720703 -14.252927780151367 40.62626266479492
v -18.6759033203125 -13.45809555053711 42.85990905761719
v -19.109041213989258 -15.145208358764648 42.615013122558594
v -18.51630210876465 -15.900721549987793 41.574119567871094
v -18.19439125061035 -12.924568176269531 42.38722229003906
v -17.525102615356445 -12.803512573242188 41.60825729370117
v -16.47523307800293 -12.639886856079102 41.05808639526367
v -16.308509826660156 -11.695592880249023 41.56104278564453
v -19.047121047973633 -17.26685333251953 42.65487289428711
v -28.874284744262695 -3.0733296871185303 50.572784423828125
v -29.9384765625 -4.496891975402832 49.380577087402344
v -28.45547103881836 -4.502078533172607 49.428951263427734
v -29.567724227905273 -5.038701057434082 48.864463806152344
v -18.298572540283203 -12.623555183410645 43.9905891418457
v -28.535499572753906 -9.164340019226074 42.67515563964844
v -28.547107696533203 -8.903807640075684 41.643009185791016
v -27.269527435302734 -10.067070007324219 43.127952575683594
v -25.347808837890625 -10.72529125213623 44.11682891845703
v -26.78251838684082 -10.041915893554688 41.66746520996094
v -24.78169822692871 -10.88984489440918 43.24831008911133
v -28.14803123474121 -9.423480033874512 44.07038879394531
v -26.915725708007812 -9.993772506713867 44.906707763671875
v -28.75129508972168 -8.513859748840332 45.0240478515625
v -27.916601181030273 -8.492807388305664 46.51890182495117
v -27.754756927490234 -9.348941802978516 45.29867172241211
v -28.25120735168457 -8.508906364440918 40.353736877441406
v -24.998268127441406 -10.412281036376953 41.19198989868164
v -22.511829376220703 -10.983192443847656 43.9158935546875
v -23.016021728515625 -10.885201454162598 42.18071746826172
v -23.66727638244629 -10.356783866882324 40.789432525634766
v -27.267980575561523 -6.61497688293457 37.91490173339844
v -28.041837692260742 -7.305008411407471 38.8214225769043
v -26.725473403930664 -8.710768699645996 39.28529357910156
v -26.062917709350586 -7.973986625671387 38.31228256225586
v -25.356557846069336 -8.90860652923584 38.98853302001953
v -26.59303855895996 -9.646936416625977 40.57665252685547
v -25.38264274597168 -6.925974369049072 37.53269577026367
v -24.838743209838867 -5.960936069488525 37.14592361450195
v -23.116565704345703 -7.340922832489014 37.76582717895508
v -22.73389434814453 -9.073548316955566 39.11183547973633
v -19.426542282104492 -9.676271438598633 41.330928802490234
v -19.54511833190918 -8.853574752807617 40.157447814941406
v -17.17795753479004 -8.003398895263672 41.55136489868164
v -18.139049530029297 -8.08436107635498 40.50281524658203
v -21.717153549194336 -10.11575698852539 40.67464065551758
v -20.533145904541016 -10.290063858032227 41.64114761352539
v -21.132387161254883 -9.405832290649414 39.914485931396484
v -20.901498794555664 -10.663370132446289 42.519500732421875
v -22.46476936340332 -8.031805992126465 38.301055908203125
v -19.838932037353516 -7.816320419311523 39.1163215637207
v -25.651376724243164 -7.765622615814209 49.02476119995117
v -21.139659881591797 -10.463210105895996 45.23876190185547
v -20.633071899414062 -10.617935180664062 44.089195251464844
v -19.737152099609375 -10.041219711303711 44.760108947753906
v -19.102384567260742 -10.018617630004883 43.562400817871094
v -18.648347854614258 -9.688733100891113 43.75907897949219
v -25.3199462890625 -9.742682456970215 46.953582763671875
v -25.091922760009766 -10.47636890411377 45.46369171142578
v -24.458003997802734 -9.647866249084473 47.430763244628906
v -23.801332473754883 -10.796887397766113 44.99208068847656
v -22.465234756469727 -10.20763111114502 46.47408676147461
v -23.546142578125 -9.103192329406738 48.22188186645508
v -26.718042373657227 -9.276416778564453 46.73755645751953
v -25.574594497680664 -8.902956008911133 48.021331787109375
v -24.385406494140625 -8.499076843261719 48.805641174316406
v -20.735858917236328 -13.265132904052734 56.4456787109375
v -30.77703857421875 -5.623079776763916 39.8473014831543
v -32.480255126953125 -4.771589279174805 39.61301040649414
v -31.705547332763672 -4.659202575683594 38.94712448120117
v -30.178186416625977 -4.900152683258057 38.79332733154297
v -32.863624572753906 -6.041046619415283 43.099853515625
v -31.865917205810547 -6.109933376312256 41.3903694152832
v -31.631549835205078 -6.457542896270752 42.24101257324219
v -33.41487503051758 -5.105730056762695 41.231082916259766
v -31.02511215209961 -6.358623504638672 41.438201904296875
v -30.774253845214844 -6.70994758605957 42.6801872253418
v -34.18486022949219 -4.9909443855285645 43.12461853027344
v -34.04220962524414 -4.502078533172607 41.24207305908203
v -33.320518493652344 -3.3596367835998535 38.980255126953125
v -34.59787368774414 -4.480792999267578 44.02294158935547
v -33.041412353515625 -5.762092590332031 44.80925750732422
v -32.43063735961914 -3.371556520462036 38.25175476074219
v -31.137264251708984 -3.8071703910827637 37.966529846191406
v -29.328632354736328 -3.5810816287994385 37.704837799072266
v -29.5228328704834 -5.020898818969727 38.992095947265625
v -31.950443267822266 -6.4974045753479 43.87572479248047
v -29.414316177368164 -2.23801589012146 37.0212287902832
v -14.256217956542969 -11.546130180358887 40.97108840942383
v -12.318942070007324 -12.468056678771973 40.5515022277832
v -12.018472671508789 -11.516253471374512 40.93494415283203
v -8.832947731018066 -12.22238540649414 41.12147903442383
v -17.995935440063477 -4.268636226654053 39.00889205932617
v -16.251697540283203 -3.5729544162750244 40.898101806640625
v -16.286142349243164 -5.070590019226074 40.888427734375
v -20.7291259765625 -1.8028661012649536 37.60684585571289
v -19.437145233154297 -1.5388509035110474 38.30910873413086
v -18.90965461730957 -3.3409829139709473 38.33596420288086
v -18.1098690032959 -2.532991886138916 39.01972579956055
v -25.610124588012695 -2.453500747680664 37.2357063293457
v -24.06085968017578 -3.382702350616455 36.896148681640625
v -23.265562057495117 -2.1329050064086914 37.044837951660156
v -22.88854217529297 -3.694474458694458 36.935855865478516
v -24.033924102783203 -1.2576522827148438 37.274871826171875
v -22.335277557373047 -4.958126544952393 37.115814208984375
v -19.850778579711914 -5.65017032623291 38.09919357299805
v -17.76140785217285 -5.3003950119018555 39.35905456542969
v -19.294958114624023 -6.430452346801758 38.671112060546875
v -16.860225677490234 -6.948498249053955 40.96931076049805
v -17.808082580566406 -6.533395767211914 39.757904052734375
v -21.22991180419922 -2.658613920211792 37.30900955200195
v -20.75513458251953 -4.578937530517578 37.49530792236328
v -21.02471923828125 -6.92705774307251 38.07651901245117
v -32.01793670654297 -3.9860448837280273 48.844337463378906
v -28.998363494873047 2.989893674850464 37.90824508666992
v -27.96335220336914 4.088371276855469 37.18849563598633
v -27.086318969726562 5.541192531585693 36.88887023925781
v -32.16050720214844 -5.292499542236328 47.1326904296875
v -30.782304763793945 -6.5594024658203125 45.412445068359375
v -30.73880386352539 -5.741890907287598 47.48633575439453
v -31.406932830810547 -5.106272220611572 48.04726028442383
v -30.527650833129883 -6.765598773956299 44.361724853515625
v -30.618288040161133 -3.9526071548461914 49.65341567993164
v -21.554141998291016 -13.625978469848633 53.281829833984375
v -17.11727523803711 -11.923616409301758 42.03620529174805
v -21.46613883972168 0.26838988065719604 38.11421203613281
v -20.378265380859375 0.5176216959953308 38.69479751586914
v -22.68443489074707 0.09098625928163528 37.78510284423828
v -22.20795249938965 0.9443345665931702 38.32342529296875
v -29.408042907714844 0.135259747505188 36.66758346557617
v -29.23087501525879 -1.2944178581237793 36.790958404541016
v -29.469036102294922 1.1101279258728027 36.787322998046875
v -28.528301239013672 -2.5535032749176025 37.34685516357422
v -29.006797790527344 2.0951356887817383 37.21001052856445
v -27.72456932067871 2.7610182762145996 38.31538009643555
v -28.22504234313965 1.1862133741378784 37.11163330078125
v -26.62129020690918 1.845749020576477 38.398738861083984
v -27.124942779541016 0.8210344314575195 37.59430694580078
v -28.05809211730957 0.0010460615158081055 37.007450103759766
v -26.368112564086914 0.598273754119873 38.151676177978516
v -27.29259490966797 -1.7047215700149536 37.64423370361328
v -27.425722122192383 -0.6912303566932678 37.34182357788086
v -26.38413429260254 -1.0660842657089233 38.268470764160156
v -27.28167724609375 -2.7177486419677734 38.13162612915039
v -19.267791748046875 -13.965692520141602 45.84620666503906
v -25.08611488342285 0.35004812479019165 38.286582946777344
v -25.913921356201172 -0.012112129479646683 38.63326644897461
v -25.48264503479004 1.125762939453125 39.36160659790039
v -25.270334243774414 2.0017898082733154 40.284461975097656
v -25.403850555419922 2.2641797065734863 40.32603073120117
v -24.39600944519043 2.823171377182007 40.60443878173828
v -26.504186630249023 2.5325300693511963 39.13792037963867
v -24.12974739074707 2.4635653495788574 39.822296142578125
v -24.75499153137207 1.4486807584762573 39.018333435058594
v -24.787424087524414 3.9361233711242676 38.91841125488281
v -23.89669418334961 4.604173183441162 39.41323471069336
v -23.07283592224121 3.7094924449920654 41.55647659301758
v -25.690156936645508 3.0946948528289795 38.92436981201172
v -26.928730010986328 3.5128159523010254 37.906002044677734
v -25.974292755126953 4.108805179595947 37.95306396484375
v -25.144166946411133 6.403209209442139 37.7293701171875
v -24.435791015625 7.400136947631836 38.31947708129883
v 29.107805252075195 -0.06118446961045265 46.791194915771484
v 30.13956642150879 0.54796302318573 46.14272689819336
v 31.88271713256836 0.21846610307693481 43.097068786621094
v 26.851558685302734 -0.482246994972229 47.677825927734375
v 27.110857009887695 3.1736438274383545 48.043235778808594
v 29.60433578491211 1.6239945888519287 46.80775833129883
v 28.905790328979492 4.617872714996338 47.183929443359375
v 28.492542266845703 2.9450008869171143 47.520469665527344
v 30.39134979248047 3.3768997192382812 46.19032669067383
v 31.10498809814453 1.21438729763031 45.22776794433594
v 32.440547943115234 1.3328111171722412 42.839637756347656
v 32.11848449707031 2.167196035385132 43.782379150390625
v 31.48773956298828 3.9229650497436523 44.71544647216797
v 30.837722778320312 5.074385166168213 45.60448455810547
v 32.65030288696289 2.4764914512634277 42.596439361572266
v 31.324731826782227 7.417087554931641 44.35762405395508
v 30.636558532714844 6.984182834625244 45.40269088745117
v 31.5752010345459 6.1247968673706055 44.45097351074219
v 31.857563018798828 4.97538948059082 43.44622802734375
v 31.735811233520508 4.9852190017700195 42.58258056640625
v 32.61051940917969 6.029980182647705 41.89293670654297
v 31.735654830932617 4.2449541091918945 43.761329650878906
v 31.17859649658203 4.901780605316162 42.03295135498047
v 32.252464294433594 5.337085247039795 41.821495056152344
v 32.75046157836914 7.363758087158203 41.553916931152344
v 26.93724250793457 6.202895164489746 47.6909065246582
v 31.92203712463379 8.514714241027832 42.482582092285156
v 28.943944931030273 6.901208877563477 46.70481491088867
v 32.62151336669922 4.0836501121521 41.785430908203125
v 32.872291564941406 1.595665693283081 41.5003547668457
v 33.12469482421875 4.1960368156433105 40.62247085571289
v 33.215179443359375 3.2451627254486084 39.986698150634766
v 33.458213806152344 5.989809036254883 39.86587905883789
v 31.25151252746582 4.653709888458252 42.249755859375
v 31.934885025024414 4.408193588256836 42.395973205566406
v 32.057491302490234 4.950388431549072 41.72590637207031
v 31.520864486694336 4.948763370513916 41.68891143798828
v 32.43296432495117 -0.1348704844713211 40.95994567871094
v 32.830650329589844 1.739554524421692 39.65975570678711
v 30.776033401489258 -0.9311740398406982 41.799129486083984
v 30.58245277404785 -1.5784802436828613 40.89407730102539
v 35.98753356933594 0.6571760773658752 32.24309539794922
v 36.36161804199219 3.4027514457702637 31.98759651184082
v 35.55772399902344 0.8748282194137573 34.27812957763672
v 36.176856994628906 1.6607601642608643 31.443233489990234
v 35.54124069213867 -0.2635885775089264 33.481361389160156
v 35.58326721191406 -0.6905336380004883 32.08968734741211
v 36.115089416503906 3.9849634170532227 33.57803726196289
v 35.18728256225586 7.375135898590088 34.76165771484375
v 35.639923095703125 4.7527055740356445 34.608787536621094
v 36.1275520324707 6.039268970489502 32.4853630065918
v 35.62173843383789 7.409966945648193 33.50667190551758
v 34.566680908203125 7.433109760284424 36.0725212097168
v 35.32490158081055 2.513566493988037 35.110267639160156
v 34.61126708984375 5.56038761138916 36.16594696044922
v 33.478729248046875 2.263096332550049 37.20970153808594
v 34.68162536621094 0.09563039243221283 35.55563735961914
v 32.75774002075195 1.471281886100769 38.099971771240234
v 32.15919494628906 -0.27728864550590515 38.57381820678711
v 34.00126266479492 5.6983160972595215 37.777748107910156
v 32.18992233276367 1.0670154094696045 38.58782958984375
v 8.6176176071167 -0.11668112128973007 72.04574584960938
v 8.695096969604492 -1.42909574508667 71.78033447265625
v 10.76526927947998 -0.9081084728240967 70.18168640136719
v 10.200008392333984 0.7074094414710999 70.87481689453125
v 11.953378677368164 0.011727400124073029 69.02809143066406
v 8.712434768676758 3.584412097930908 71.5589599609375
v 8.801910400390625 1.5115306377410889 71.91770935058594
v 10.263554573059082 3.073486804962158 70.50297546386719
v 8.275349617004395 -3.7176175117492676 71.08866882324219
v 6.656426429748535 -3.2850992679595947 72.29403686523438
v 5.42373514175415 -4.027531147003174 72.41153717041016
v 7.411242485046387 -0.11010202765464783 72.70279693603516
v 5.8679399490356445 -1.7791813611984253 73.04251098632812
v 35.9566535949707 6.902834415435791 31.729230880737305
v 35.143863677978516 9.094526290893555 31.941387176513672
v 36.219120025634766 5.454347610473633 31.27790641784668
v 35.386051177978516 8.317573547363281 33.18220520019531
v 7.304738998413086 -11.220658302307129 68.14007568359375
v 6.480957984924316 -10.716388702392578 68.79790496826172
v 7.71465539932251 -6.557312488555908 69.64274597167969
v 23.407901763916016 -6.505608558654785 39.24086380004883
v 24.28718376159668 -6.803525924682617 38.44517517089844
v 25.006628036499023 -5.886785984039307 39.26524353027344
v 22.98993682861328 -7.176599502563477 38.34819793701172
v 23.876800537109375 -7.41058349609375 37.094295501708984
v 26.108430862426758 -6.480916976928711 37.41109848022461
v 26.64636993408203 -5.423926830291748 38.61344909667969
v 3.2008495330810547 9.529753684997559 71.73783874511719
v 4.4939141273498535 8.478103637695312 71.91221618652344
v 6.914714336395264 9.08214282989502 70.6302261352539
v -7.976271152496338 -3.166443347930908 74.02682495117188
v -3.47562313079834 -6.119995594024658 71.71128845214844
v -2.1836423873901367 -5.262158393859863 71.77182006835938
v -5.825446128845215 -4.067471027374268 73.87635803222656
v -3.898775815963745 -4.338761806488037 73.59654998779297
v -2.557180643081665 -1.6424908638000488 74.42326354980469
v -2.3486618995666504 -2.9583888053894043 73.87782287597656
v -1.326037049293518 -2.4901888370513916 73.56961059570312
v -4.622709274291992 -5.297298431396484 72.96781921386719
v -2.8238277435302734 -4.781419277191162 72.94800567626953
v -3.934380054473877 -8.472991943359375 71.18171691894531
v -6.931122779846191 -4.656571388244629 73.36473083496094
v -0.8895716667175293 -0.037886690348386765 74.07550811767578
v -0.20619645714759827 5.383448123931885 72.95125579833984
v -0.955440104007721 2.792752742767334 74.1215591430664
v 0.2125440388917923 2.311781644821167 73.45691680908203
v -2.844106912612915 -9.451343536376953 71.27753448486328
v -1.67070472240448 -5.505584716796875 72.17120361328125
v -2.9143872261047363 -8.07460880279541 71.65199279785156
v -1.0597769021987915 -7.315921783447266 72.08072662353516
v -1.081913709640503 -3.8110404014587402 72.52120971679688
v -1.137952208518982 -4.212442874908447 72.04217529296875
v -0.469902366399765 -6.295851230621338 72.25379943847656
v -0.2514761686325073 -7.92057991027832 71.84999084472656
v -0.447456032037735 -5.219897270202637 72.3422622680664
v -0.25565585494041443 -4.346192836761475 72.24752807617188
v 0.697694718837738 -5.642971992492676 72.07321166992188
v 0.3280266225337982 -1.4298700094223022 72.6089096069336
v 1.2949998378753662 -1.4146219491958618 72.81262969970703
v -0.44598543643951416 -2.0474541187286377 73.16279602050781
v 0.21169263124465942 -0.27891403436660767 73.28268432617188
v 0.7233145833015442 -0.06056525558233261 72.39527893066406
v 2.2663848400115967 -1.0749080181121826 73.24382781982422
v 0.64715176820755 0.5984285473823547 72.96309661865234
v 1.2897366285324097 2.666666269302368 72.59320068359375
v 2.038360834121704 0.7586490511894226 73.20783996582031
v 1.4264271259307861 5.024925708770752 71.78048706054688
v 1.4412881135940552 4.402620315551758 72.1700439453125
v 2.3440182209014893 5.480741500854492 72.10541534423828
v 1.9806970357894897 2.916207790374756 72.91796875
v 0.8700672388076782 4.7774739265441895 71.39773559570312
v 0.3601481318473816 4.136669635772705 72.91100311279297
v 0.6718428134918213 2.0156445503234863 73.000244140625
v 0.9195265769958496 2.193976879119873 72.27330017089844
v 0.6056647300720215 5.477413177490234 71.64759063720703
v 3.3101401329040527 4.9085917472839355 72.65550231933594
v 3.1584339141845703 5.807374954223633 72.11492919921875
v 4.476111888885498 4.147196292877197 72.93275451660156
v 3.621448040008545 2.167118787765503 73.37394714355469
v 2.825918197631836 -0.3062366843223572 73.41767883300781
v 4.880533695220947 2.669142961502075 73.23841857910156
v 6.223366737365723 0.0887417197227478 73.1551284790039
v 4.692757606506348 -0.6317861676216125 73.43803405761719
v 3.670210599899292 -1.8515515327453613 73.33052062988281
v 3.53290057182312 -4.039373874664307 72.66300964355469
v 4.609861373901367 -3.1621861457824707 72.93801879882812
v 0.048298683017492294 6.738511085510254 71.62638092041016
v 0.3342961072921753 5.46046257019043 72.29705810546875
v 1.3669055700302124 5.669213771820068 72.17135620117188
v 0.6442880034446716 6.568924903869629 72.09581756591797
v 2.8493709564208984 8.561928749084473 72.16175842285156
v 3.251547336578369 7.4497504234313965 72.38467407226562
v 4.508620262145996 7.172035217285156 72.07344818115234
v 2.2069408893585205 6.324646472930908 72.44691467285156
v 4.345922946929932 6.360019207000732 71.82467651367188
v 5.227909564971924 4.936766147613525 72.54234313964844
v 5.8169331550598145 5.989267826080322 71.84983825683594
v 5.363826274871826 7.0950212478637695 71.60470581054688
v 6.822684288024902 5.036149024963379 72.00904846191406
v 7.794920921325684 5.74870491027832 71.13898468017578
v 7.330591201782227 3.3468680381774902 72.39582061767578
v 1.2778942584991455 7.904947757720947 72.22453308105469
v -0.024458447471261024 8.998006820678711 71.43450164794922
v -0.49652835726737976 10.368782043457031 70.60049438476562
v 7.44111967086792 1.8888612985610962 72.62709045410156
v 7.227415084838867 7.977085590362549 70.54895782470703
v 8.83403205871582 7.002216815948486 69.37354278564453
v 6.783132076263428 7.127761363983154 70.43965911865234
v 9.910682678222656 7.446577072143555 67.64726257324219
v 8.73596477508545 7.8249921798706055 69.17593383789062
v 9.260202407836914 5.572462558746338 70.24406433105469
v 10.343742370605469 6.26249361038208 68.68528747558594
v 22.02977752685547 5.957300662994385 47.59949493408203
v 21.70484733581543 10.49293327331543 45.54643249511719
v 22.65254783630371 8.944910049438477 47.527435302734375
v 21.486188888549805 8.179490089416504 46.09644317626953
v 9.790478706359863 13.372026443481445 37.97999572753906
v 8.664445877075195 17.3201847076416 37.45962905883789
v 7.7400431632995605 14.81068229675293 37.52263641357422
v 7.826655387878418 12.378890991210938 37.926124572753906
v 10.532678604125977 9.3942232131958 39.2174072265625
v 20.092348098754883 11.129481315612793 57.076499938964844
v 21.123098373413086 9.37789249420166 56.47161102294922
v 22.246036529541016 10.13332748413086 54.853614807128906
v 15.492703437805176 6.7321648597717285 62.27499771118164
v 13.853809356689453 8.105494499206543 62.406036376953125
v 12.634662628173828 8.402559280395508 64.45206451416016
v 13.86038875579834 8.827492713928223 63.222618103027344
v 14.505681037902832 4.060584545135498 63.31426239013672
v 14.801819801330566 6.08005952835083 62.69660186767578
v 15.131780624389648 4.341938018798828 63.177345275878906
v 17.37850570678711 8.245744705200195 60.66388702392578
v 19.13117790222168 5.968833923339844 60.123165130615234
v 19.698991775512695 7.700375556945801 58.27907943725586
v 20.609312057495117 9.616132736206055 56.841819763183594
v 15.155386924743652 13.536194801330566 58.954097747802734
v 14.99509048461914 13.422646522521973 61.37505340576172
v 15.164290428161621 13.959269523620605 60.257843017578125
v 15.197339057922363 12.571232795715332 60.6456298828125
v 14.60142707824707 15.006662368774414 61.494171142578125
v 13.218268394470215 14.901008605957031 63.811256408691406
v 14.173012733459473 14.67507553100586 62.59706497192383
v 12.067312240600586 13.512896537780762 65.46795654296875
v 13.73538589477539 13.0628080368042 63.907310485839844
v 14.625576972961426 12.607611656188965 62.569664001464844
v 14.96265983581543 11.017326354980469 61.48419189453125
v 14.552974700927734 10.440145492553711 62.62260437011719
v 14.425881385803223 9.301807403564453 62.21624755859375
v 13.761857032775879 10.907339096069336 64.0733413696289
v 13.168807983398438 9.874343872070312 64.60245513916016
v 15.593634605407715 17.177146911621094 56.09133529663086
v 16.676088333129883 16.024721145629883 55.071266174316406
v 16.209980010986328 16.366756439208984 55.74272155761719
v 16.925941467285156 16.471094131469727 54.05220031738281
v 16.77655601501465 17.969192504882812 51.45035934448242
v 13.456509590148926 18.00247573852539 39.245662689208984
v 15.244940757751465 15.197920799255371 41.24485778808594
v 15.342080116271973 18.210838317871094 41.570411682128906
v 15.970964431762695 18.300004959106445 43.53848648071289
v 14.708474159240723 16.331228256225586 40.345611572265625
v 15.629239082336426 14.413304328918457 42.76191711425781
v 12.219173431396484 16.059860229492188 38.46043014526367
v 13.502949714660645 15.527881622314453 39.23428726196289
v 11.243144035339355 14.920746803283691 38.15182876586914
v 12.525992393493652 11.205875396728516 39.41199493408203
v 13.513941764831543 11.926249504089355 39.85813522338867
v 14.156601905822754 14.599841117858887 39.85860061645508
v 12.263678550720215 2.2830657958984375 68.4974365234375
v 11.517608642578125 3.7831783294677734 68.96485900878906
v 12.300057411193848 5.2780280113220215 66.77479553222656
v 11.471245765686035 5.196679592132568 68.19966888427734
v 12.554474830627441 4.109579563140869 67.25685119628906
v 10.96480941772461 8.909305572509766 66.530517578125
v 10.594908714294434 8.365097045898438 67.27859497070312
v 11.758790969848633 7.362751483917236 65.23776245117188
v 12.176989555358887 7.192624092102051 63.63408660888672
v 11.799118041992188 8.295823097229004 64.82868957519531
v 11.70608139038086 6.631929874420166 66.16827392578125
v 11.436570167541504 6.3383469581604 67.12720489501953
v 11.759952545166016 7.054540157318115 65.00532531738281
v 10.639182090759277 9.410400390625 66.57594299316406
v 8.412814140319824 11.751399040222168 67.50808715820312
v 9.602160453796387 10.24393367767334 66.77641296386719
v 8.948508262634277 10.671884536743164 67.62853240966797
v 9.745353698730469 9.440199851989746 68.03775024414062
v 10.618825912475586 10.220481872558594 66.46434020996094
v 9.194256782531738 9.996172904968262 68.29781341552734
v 10.464719772338867 12.143437385559082 66.74461364746094
v 8.236185073852539 10.502840995788574 68.83265686035156
v 9.914398193359375 14.959911346435547 66.296142578125
v 12.438916206359863 6.372480869293213 64.61360168457031
v 13.254027366638184 4.438534259796143 65.3260726928711
v 11.876672744750977 9.708008766174316 65.63753509521484
v 11.609251976013184 15.19567584991455 65.170654296875
v 11.72736644744873 12.217122077941895 65.97074890136719
v 12.453930854797363 10.955251693725586 65.4437255859375
v 23.262311935424805 11.120037078857422 51.27203369140625
v 22.59465217590332 12.004424095153809 52.838470458984375
v 18.76762580871582 9.527973175048828 41.67915725708008
v 22.755409240722656 10.898051261901855 47.43486404418945
v 23.151397705078125 11.49024772644043 49.15355682373047
v 23.409528732299805 8.934151649475098 49.63452911376953
v 22.803863525390625 4.2721991539001465 49.4633903503418
v 23.417190551757812 8.98260498046875 52.528480529785156
v 23.536930084228516 5.643439292907715 51.95756912231445
v 20.29552459716797 6.61552095413208 58.59874725341797
v 20.78400421142578 4.789548397064209 58.955413818359375
v 23.22918701171875 6.113574028015137 54.2513542175293
v 22.609121322631836 6.003431797027588 55.868194580078125
v 21.909883499145508 0.2187757045030594 47.80956268310547
v 21.941850662231445 -0.25755131244659424 47.67713165283203
v 22.167085647583008 -0.4073227047920227 47.22023391723633
v 12.724139213562012 -3.071084976196289 66.28941345214844
v 11.69540023803711 -2.4115493297576904 68.57266998291016
v 11.111794471740723 -4.214378356933594 67.852294921875
v 10.185224533081055 -3.8211801052093506 69.33236694335938
v 8.38154411315918 -5.766504764556885 69.44242858886719
v 9.752396583557129 -9.844852447509766 66.08514404296875
v 9.135896682739258 -9.089029312133789 67.34679412841797
v 10.129960060119629 -9.613809585571289 64.74920654296875
v 9.413301467895508 -6.472016334533691 67.61003112792969
v 9.969507217407227 -6.899658203125 66.20930480957031
v 10.098921775817871 -9.003499984741211 65.51625061035156
v 10.169744491577148 -6.170151233673096 66.3124771118164
v 12.139991760253906 -4.216081142425537 65.96122741699219
v 21.450117111206055 2.6346993446350098 48.013282775878906
v 21.72984504699707 1.5188062191009521 49.8132438659668
v 21.03586769104004 1.8226834535598755 48.29331970214844
v 22.370960235595703 2.327958583831787 49.95334243774414
v 21.92311668395996 3.874976396560669 48.146331787109375
v 21.900049209594727 3.235952138900757 48.010498046875
v 21.08772850036621 1.8579009771347046 47.97883605957031
v 22.742334365844727 2.216268539428711 51.363128662109375
v 23.156274795532227 3.472954511642456 51.178916931152344
v 16.68483543395996 3.6464879512786865 62.77083206176758
v 17.424636840820312 5.7987060546875 61.69100570678711
v 17.570768356323242 2.216113805770874 62.42329788208008
v 18.789682388305664 4.045877933502197 61.229766845703125
v 14.368760108947754 -16.142059326171875 56.472618103027344
v 14.032837867736816 -15.133675575256348 58.657264709472656
v 17.160001754760742 -15.811014175415039 53.53175735473633
v 18.906328201293945 -15.780750274658203 51.04075241088867
v 14.152344703674316 -7.500214099884033 64.13092041015625
v 13.60914421081543 -9.446621894836426 63.758544921875
v 14.152422904968262 -10.385344505310059 63.145835876464844
v 12.124510765075684 -11.702171325683594 63.23601150512695
v 18.415836334228516 -9.644536972045898 59.53120040893555
v 19.5008487701416 -9.99609375 57.61111068725586
v 20.308605194091797 -9.852282524108887 57.23238754272461
v 21.213193893432617 -8.185678482055664 58.28342056274414
v 18.010175704956055 -9.645156860351562 60.43269348144531
v 20.62061309814453 -7.173194408416748 59.930824279785156
v 21.596328735351562 -6.56319522857666 59.02863311767578
v 21.73696517944336 -9.012090682983398 56.06633758544922
v 22.476844787597656 -6.344536781311035 57.6837158203125
v 18.806018829345703 -9.69709300994873 57.129364013671875
v 19.758281707763672 -10.279459953308105 57.043296813964844
v 19.476852416992188 -10.21513843536377 57.09546661376953
v 18.69440269470215 -10.436816215515137 58.30826187133789
v 18.077129364013672 -9.345691680908203 58.09502410888672
v 18.1132755279541 -9.447784423828125 57.62117385864258
v 17.76752281188965 -9.69709300994873 57.81846618652344
v 18.609882354736328 -10.193544387817383 58.09587478637695
v 17.42215919494629 -12.714810371398926 52.9714469909668
v 16.280723571777344 -13.662665367126465 54.502906799316406
v 18.12542724609375 -13.457011222839355 52.57716751098633
v 18.20878791809082 -12.164642333984375 51.826377868652344
v 19.390470504760742 -11.54047966003418 51.42102813720703
v 19.005632400512695 -12.17060375213623 53.07361602783203
v 20.88090705871582 -10.59270191192627 54.293540954589844
v 21.23633575439453 -10.012579917907715 51.4842643737793
v 22.271034240722656 -8.85388469696045 54.549503326416016
v 20.160381317138672 -11.34511947631836 53.15132522583008
v 18.56258773803711 -12.444060325622559 54.331233978271484
v 22.914548873901367 -7.345953464508057 55.38280487060547
v 23.14141082763672 -7.366851806640625 53.493980407714844
v 15.115371704101562 -13.84223747253418 56.680206298828125
v 16.28513526916504 -13.187112808227539 54.242069244384766
v 14.903989791870117 -14.108573913574219 57.35173797607422
v 15.673124313354492 -13.618624687194824 57.819007873535156
v 20.543598175048828 -10.590534210205078 55.35509490966797
v 19.162755966186523 -10.067768096923828 56.73833465576172
v 19.10401153564453 -10.783805847167969 57.621639251708984
v 16.059123992919922 -10.070785522460938 62.08234405517578
v 15.750370979309082 -6.221932888031006 63.726810455322266
v 15.858345985412598 -8.602716445922852 63.04003143310547
v 14.208539962768555 -15.470293998718262 56.72153854370117
v 14.098475456237793 -14.892494201660156 56.757843017578125
v 14.344300270080566 -14.563615798950195 57.28617858886719
v 19.497901916503906 -7.613916873931885 60.83727264404297
v 18.202749252319336 -9.93680477142334 58.56500244140625
v 18.24005889892578 -10.141995429992676 59.18134689331055
v 17.984556198120117 -10.730630874633789 59.2142448425293
v 13.76038646697998 -14.200450897216797 56.4361572265625
v 13.883222579956055 -13.854853630065918 56.23878479003906
v 13.972542762756348 -13.761119842529297 56.312164306640625
v 17.755294799804688 -6.552746295928955 62.595821380615234
v 16.755115509033203 -14.360515594482422 54.212730407714844
v 18.314828872680664 -15.000003814697266 52.28141784667969
v 20.661941528320312 -13.721878051757812 46.70683288574219
v 20.569683074951172 -14.640398025512695 45.69612503051758
v 20.336078643798828 -15.28522777557373 47.56272888183594
v 23.01392936706543 -2.5731630325317383 57.27634811401367
v 23.051315307617188 -1.049365758895874 56.13878631591797
v 22.208417892456055 -0.7489715814590454 57.577362060546875
v 22.63907814025879 0.3813956379890442 54.70066833496094
v 23.498619079589844 -0.7666189670562744 53.889198303222656
v 23.841350555419922 -3.079211950302124 54.678993225097656
v 23.8177433013916 -1.9771735668182373 53.96141052246094
v 21.070388793945312 0.3899097144603729 57.263267517089844
v 21.087955474853516 -0.7605816721916199 59.08722686767578
v 21.232778549194336 -1.45773446559906 59.46672821044922
v 20.205196380615234 -1.1550182104110718 60.262176513671875
v 19.60108184814453 -0.1368054449558258 59.54768753051758
v 19.155174255371094 -12.025476455688477 50.621395111083984
v 18.658565521240234 -11.675158500671387 50.98834991455078
v 22.398822784423828 -7.512829780578613 50.1641845703125
v 23.096752166748047 -7.240842342376709 52.05950927734375
v 19.093326568603516 -10.357481002807617 49.18219757080078
v 20.685625076293945 -9.545231819152832 49.660377502441406
v 23.583452224731445 -6.03524112701416 52.75843811035156
v 23.7504825592041 -5.354497909545898 53.81365203857422
v 23.620525360107422 -5.144663333892822 55.168251037597656
v 19.386837005615234 -13.497879028320312 50.712345123291016
v 19.681116104125977 -11.476160049438477 49.329490661621094
v 20.084064483642578 -12.177569389343262 48.83907699584961
v 23.032508850097656 -6.435792922973633 50.628597259521484
v 18.95903778076172 -9.460786819458008 48.03595733642578
v 19.162216186523438 -7.732107639312744 46.57926940917969
v 20.282211303710938 -5.441805839538574 46.189476013183594
v 20.9317626953125 -8.107349395751953 48.522891998291016
v 22.074512481689453 -5.962019920349121 48.52397537231445
v 19.550151824951172 -9.820780754089355 47.565284729003906
v 20.070751190185547 -10.424741744995117 46.90690994262695
v 20.48825454711914 -13.236340522766113 47.822486877441406
v 19.581266403198242 -15.74576473236084 49.679264068603516
v 19.995054244995117 -14.341165542602539 49.308284759521484
v 23.385536193847656 -3.906785488128662 50.06433868408203
v 23.59521484375 -4.597204685211182 50.97325897216797
v 23.94205093383789 -3.898503541946411 52.87144470214844
v 13.852725982666016 -1.244726300239563 64.69672393798828
v 13.60821533203125 -0.3063141405582428 66.01866149902344
v 12.917797088623047 -1.416789174079895 67.15878295898438
v 13.464171409606934 -2.6707658767700195 64.2587890625
v 13.191641807556152 -3.303288698196411 63.799415588378906
v 12.647357940673828 -0.4495837092399597 67.96685028076172
v 13.26408863067627 2.5011823177337646 66.65312194824219
v 14.020686149597168 0.14493490755558014 64.72405242919922
v 16.787004470825195 -2.415419578552246 62.87175750732422
v 14.306761741638184 -4.251917839050293 64.10623168945312
v 16.778026580810547 -3.9607348442077637 63.264190673828125
v 12.492709159851074 -7.145097255706787 64.41645812988281
v 13.057892799377441 -4.559510707855225 64.26521301269531
v 13.48104476928711 -6.2586212158203125 64.40267944335938
v 15.630863189697266 -2.2062811851501465 63.12230682373047
v 15.12148666381836 -1.1866754293441772 62.27391052246094
v 16.40704345703125 -1.3609827756881714 62.34690475463867
v 18.6657657623291 -3.2780559062957764 62.196510314941406
v 14.083846092224121 -0.4755905270576477 63.59252166748047
v 16.272056579589844 -1.08380925655365 62.054710388183594
v 15.532564163208008 1.6564255952835083 63.337249755859375
v 16.069650650024414 0.031232507899403572 62.842430114746094
v 16.931745529174805 0.8019937872886658 62.671058654785156
v 17.673404693603516 0.046712834388017654 61.93133544921875
v 14.136632919311523 1.6061922311782837 63.42927551269531
v 13.894908905029297 2.874178886413574 64.42953491210938
v 16.21957778930664 2.3865511417388916 63.11851501464844
v 13.748156547546387 3.77683162689209 63.30691146850586
v 14.703984260559082 2.0257067680358887 63.475486755371094
v 18.015981674194336 -0.6323279142379761 61.062583923339844
v 18.761743545532227 -1.1831148862838745 61.28704833984375
v 19.030479431152344 0.39865610003471375 60.83966827392578
v 19.17197036743164 -1.9137821197509766 61.4639892578125
v 20.24312400817871 0.6208749413490295 59.33073425292969
v 18.9434814453125 1.9075926542282104 61.34029769897461
v 8.014585494995117 -8.830662727355957 68.60401916503906
v 8.808334350585938 -10.528614044189453 67.16938018798828
v 23.045978546142578 3.9748239517211914 54.88465118408203
v 23.019813537597656 2.508380651473999 52.679725646972656
v 20.838573455810547 -3.557241916656494 46.09403991699219
v 19.135746002197266 -2.2987756729125977 43.290645599365234
v 20.337474822998047 -1.6935758590698242 44.998817443847656
v 19.141315460205078 -4.684203147888184 43.917598724365234
v 22.84736442565918 -2.5585343837738037 48.76570510864258
v 21.06961441040039 -1.5212033987045288 45.770896911621094
v 21.717538833618164 -0.9012971520423889 47.058616638183594
v 22.13078498840332 1.0172464847564697 53.60304260253906
v 21.628528594970703 0.6952574849128723 55.841331481933594
v 21.653451919555664 1.9815881252288818 47.70143508911133
v 22.34743309020996 0.9439475536346436 49.899391174316406
v 22.753089904785156 0.6735851168632507 51.00979232788086
v 23.537939071655273 -1.1446466445922852 51.06908416748047
v 23.43352508544922 -0.42048075795173645 52.118953704833984
v 22.017391204833984 1.356418490409851 50.81938552856445
v 22.670656204223633 1.7291053533554077 53.34313201904297
v 22.346345901489258 1.733904242515564 55.694190979003906
v 22.93962860107422 2.824719190597534 54.627601623535156
v 22.552928924560547 0.8776147365570068 52.73955535888672
v 23.163084030151367 0.05244053900241852 53.32207489013672
v 21.77914810180664 2.06038236618042 57.50383758544922
v 23.01408576965332 -0.8397631049156189 49.50859451293945
v 23.717741012573242 -2.6442174911499023 51.00971603393555
v 21.422718048095703 -2.451720714569092 59.71038818359375
v 20.45303726196289 -3.596097469329834 60.926204681396484
v 21.660106658935547 -4.1140666007995605 59.659149169921875
v 22.68079948425293 -4.598288059234619 58.045021057128906
v 19.747987747192383 -4.47885799407959 61.53875732421875
v 19.815637588500977 -6.34205961227417 61.14238739013672
v 23.558141708374023 -3.585029125213623 55.99102783203125
v 23.113082885742188 -4.706959247589111 57.09794235229492
v 18.011878967285156 -9.658547401428223 57.52008819580078
v 19.726547241210938 2.6273462772369385 60.55823516845703
v 21.513505935668945 2.8410511016845703 58.212669372558594
v 22.425994873046875 3.645481824874878 56.546142578125
v 22.520112991333008 -7.71740198135376 36.89011001586914
v 0.6597681641578674 6.124100685119629 41.058631896972656
v -0.18227949738502502 6.0021162033081055 43.70590591430664
v 0.9991724491119385 6.136252403259277 42.386138916015625
v 1.3374931812286377 6.021543979644775 40.6060676574707
v 2.473433017730713 5.739958763122559 41.70145034790039
v 2.4413890838623047 5.643361568450928 40.97201919555664
v 2.0838727951049805 5.963260650634766 38.60338592529297
v 2.8742165565490723 5.1660284996032715 41.28131103515625
v 3.014235258102417 5.239250183105469 41.843318939208984
v 1.3038235902786255 6.113729000091553 38.96848678588867
v -0.38669607043266296 5.999716758728027 40.93293380737305
v 0.012074919417500496 5.687480449676514 41.491615295410156
v 0.6349998712539673 5.861091136932373 40.427734375
v 1.3140404224395752 5.804201602935791 40.130821228027344
v -0.8723112344741821 5.90977668762207 45.27196502685547
v -0.7400325536727905 6.085322380065918 38.60919189453125
v 0.40566006302833557 6.335715293884277 38.3372802734375
v -0.7646461725234985 6.33749532699585 35.945274353027344
v -1.0766503810882568 6.168374538421631 36.762786865234375
v -0.6766409277915955 6.426816940307617 36.41486740112305
v 1.7327810525894165 6.450501441955566 35.208106994628906
v 0.9020339250564575 6.484016418457031 34.6617317199707
v -2.8325741291046143 4.873683929443359 42.260284423828125
v -14.392056465148926 9.838351249694824 12.814313888549805
v -0.35449719429016113 6.132381916046143 34.96831512451172
v -1.084313154220581 5.738100528717041 36.08653259277344
v 0.7710711359977722 6.403054237365723 33.93292236328125
v 13.77478313446045 3.092527389526367 13.275468826293945
v 15.616389274597168 3.3892836570739746 13.33514404296875
v 16.032033920288086 3.317223310470581 13.927339553833008
v 4.16689395904541 9.559088706970215 13.428955078125
v 3.721605062484741 10.11807918548584 14.036706924438477
v 4.358384609222412 9.87411117553711 13.991119384765625
v 4.436017990112305 9.275103569030762 13.605585098266602
v 4.51256799697876 9.41899299621582 18.60771369934082
v 3.1791772842407227 10.404850959777832 16.03636932373047
v 3.536616086959839 9.876355171203613 18.020780563354492
v 3.8304312229156494 10.297649383544922 14.642683029174805
v 4.270921230316162 10.145866394042969 14.603286743164062
v 4.52882194519043 9.922410011291504 16.456968307495117
v 4.7863359451293945 9.833320617675781 15.500057220458984
v 5.112195014953613 9.341591835021973 17.592906951904297
v 4.9534454345703125 8.489171028137207 20.86388397216797
v 5.850370407104492 8.687860488891602 17.671157836914062
v 3.563087224960327 9.52054214477539 18.539989471435547
v 3.803804874420166 9.336250305175781 18.649513244628906
v 3.9585301876068115 9.053425788879395 19.17313003540039
v 3.6695914268493652 8.574235916137695 20.60157012939453
v 3.9397215843200684 8.453489303588867 21.495012283325195
v 3.3192732334136963 8.414556503295898 19.273365020751953
v 6.0869855880737305 7.768721103668213 20.999488830566406
v 7.000552177429199 6.982944011688232 20.793832778930664
v 7.4206085205078125 7.251758098602295 19.066007614135742
v -4.472705841064453 9.873337745666504 14.302581787109375
v 3.317957639694214 10.295638084411621 14.816991806030273
v 1.8412201404571533 10.253918647766113 17.79221534729004
v 2.4608941078186035 9.244297981262207 20.656213760375977
v 1.29298734664917 8.00301456451416 22.880725860595703
v 2.672741174697876 8.919676780700684 20.560237884521484
v 1.6420668363571167 8.098373413085938 22.19518280029297
v 2.59294056892395 8.22337532043457 20.67610740661621
v 3.4167215824127197 8.66030502319336 18.925601959228516
v -2.122882604598999 7.720345497131348 21.892467498779297
v -2.1187028884887695 7.902857780456543 22.80107879638672
v 3.0045602321624756 5.3981547355651855 35.59712219238281
v 2.492938280105591 5.811399936676025 37.72380065917969
v 2.8709654808044434 5.317656993865967 36.88956832885742
v 3.6611547470092773 5.009213447570801 38.277687072753906
v 3.448920726776123 4.842336654663086 39.07305908203125
v 1.68634033203125 8.266179084777832 23.381359100341797
v 1.6927647590637207 7.664694309234619 26.220664978027344
v -1.8278290033340454 7.413991928100586 25.243087768554688
v 3.424152135848999 7.087281227111816 25.477073669433594
v 2.4234321117401123 6.943392753601074 28.953392028808594
v 2.8494482040405273 6.594313144683838 28.168001174926758
v 3.7154126167297363 6.823188304901123 27.549179077148438
v 3.1024727821350098 6.730461597442627 29.504100799560547
v 0.7466897368431091 7.127761363983154 25.948598861694336
v 0.039552345871925354 7.434348106384277 26.714637756347656
v 0.9073746204376221 7.400601387023926 28.024887084960938
v -0.4041113555431366 7.388216972351074 27.60970687866211
v 2.5780797004699707 7.6636881828308105 25.405630111694336
v 2.158874750137329 6.8246588706970215 31.846960067749023
v 0.9261831045150757 7.689539909362793 24.411876678466797
v 4.525880813598633 7.470803737640381 22.756263732910156
v 2.8844335079193115 6.0648884773254395 34.098480224609375
v 1.2835444211959839 7.176446914672852 30.846858978271484
v 4.957779407501221 3.581857919692993 41.63697052001953
v -4.041271686553955 10.020709037780762 14.290351867675781
v -3.8651061058044434 10.191224098205566 15.129692077636719
v -2.321803569793701 10.047567367553711 18.08572006225586
v -4.409391403198242 10.095633506774902 15.044473648071289
v -3.4845242500305176 10.071794509887695 15.512441635131836
v -2.9252233505249023 10.043464660644531 16.68328857421875
v -1.020070195198059 8.76882266998291 19.52669906616211
v -1.5289829969406128 8.11687183380127 20.655208587646484
v 4.4090046882629395 4.285357475280762 37.5305290222168
v 4.987192153930664 3.300814390182495 39.00502395629883
v -2.9052536487579346 4.368099689483643 47.08501052856445
v -1.074560523033142 5.724864959716797 46.588558197021484
v -8.074260711669922 -2.8045151233673096 14.566518783569336
v -10.7005615234375 -2.3369345664978027 15.918563842773438
v -10.515727043151855 -2.9558346271514893 14.597789764404297
v -8.779308319091797 -2.3595356941223145 16.569276809692383
v -8.173179626464844 -2.8425967693328857 15.382560729980469
v -19.25261878967285 -3.3155181407928467 12.15315055847168
v -18.768939971923828 -3.453214645385742 11.875358581542969
v -18.214282989501953 -3.15661358833313 12.659820556640625
v -16.014850616455078 -3.1605608463287354 12.25214958190918
v -19.079008102416992 -2.926809072494507 12.733274459838867
v -18.02054786682129 -2.729281187057495 12.988388061523438
v -16.621829986572266 -2.782146453857422 12.915088653564453
v -15.056623458862305 -3.224339246749878 12.750688552856445
v -14.393062591552734 -3.1630377769470215 14.322166442871094
v -14.169914245605469 -3.5693163871765137 13.298845291137695
v -13.628802299499512 -3.524965763092041 13.983844757080078
v -12.753241539001465 -3.5095627307891846 13.225852966308594
v -13.900945663452148 -3.5780630111694336 12.667095184326172
v -15.678852081298828 -2.5809032917022705 13.312158584594727
v -15.232943534851074 -2.505127429962158 13.721454620361328
v -14.394224166870117 -2.17230224609375 14.967460632324219
v 4.965828895568848 4.364848613739014 33.19791793823242
v 4.556222438812256 3.9111225605010986 35.89790344238281
v 5.382402420043945 4.218250751495361 33.39622116088867
v 5.778774261474609 5.121677398681641 29.391483306884766
v 6.370816230773926 4.75139045715332 28.368549346923828
v 6.050065040588379 3.022247076034546 32.922523498535156
v 8.90624713897705 4.036899566650391 30.262168884277344
v 8.708796501159668 3.216214656829834 31.203289031982422
v 12.375136375427246 4.380870819091797 29.887622833251953
v 11.924894332885742 3.147327423095703 31.000885009765625
v 14.163878440856934 3.9196369647979736 30.386398315429688
v 18.314363479614258 -0.4922318160533905 31.39710235595703
v 14.755610466003418 -0.3382807672023773 29.466949462890625
v 16.435062408447266 0.20228926837444305 28.387744903564453
v 15.092150688171387 4.430639743804932 29.5721378326416
v 15.918563842773438 4.179859638214111 30.97875213623047
v 14.375957489013672 3.0458545684814453 31.036102294921875
v 15.4975004196167 3.298105001449585 31.506317138671875
v 7.285543441772461 6.186640739440918 20.211700439453125
v 6.266092300415039 6.567996978759766 22.25060272216797
v 6.649615287780762 6.341675281524658 22.752626419067383
v 5.470795154571533 7.151601314544678 22.620193481445312
v 8.24276351928711 6.7316999435424805 17.862958908081055
v 17.745773315429688 1.636843204498291 28.84882354736328
v 16.898231506347656 0.5672358870506287 28.34819221496582
v 13.400470733642578 1.2048670053482056 26.857677459716797
v 13.290637016296387 2.84755277633667 26.868743896484375
v 14.898880004882812 1.4558789730072021 27.467288970947266
v 11.959491729736328 0.9930199384689331 26.6878604888916
v 16.520435333251953 1.1530855894088745 28.096946716308594
v 11.929769515991211 0.02596930041909218 27.392906188964844
v 14.1959228515625 0.39107075333595276 27.38795280456543
v 12.20810604095459 -0.21977950632572174 27.942840576171875
v 15.087274551391602 3.0857162475585938 27.550262451171875
v 16.800474166870117 3.2091710567474365 27.086627960205078
v 16.971220016479492 2.2781896591186523 26.79668426513672
v 16.924314498901367 1.4554146528244019 27.06186294555664
v 17.942140579223633 1.302392601966858 27.401031494140625
v 21.703760147094727 3.8129780292510986 23.496604919433594
v 21.70569610595703 3.907639980316162 24.174564361572266
v 21.875980377197266 3.762744426727295 23.99352264404297
v 22.026134490966797 2.4473886489868164 23.648391723632812
v 21.824119567871094 2.081667900085449 24.140972137451172
v 21.686813354492188 2.3017194271087646 23.307052612304688
v 22.073354721069336 2.3542749881744385 24.049484252929688
v 21.382699966430664 2.3289647102355957 23.235301971435547
v 21.486032485961914 2.872398614883423 22.882274627685547
v 21.383785247802734 2.1730010509490967 24.09708595275879
v 21.523418426513672 3.3351030349731445 22.936298370361328
v 21.90376853942871 2.1517157554626465 24.569931030273438
v 21.602367401123047 3.6991207599639893 24.961811065673828
v 21.629220962524414 2.5011823177337646 25.286510467529297
v 4.140345573425293 5.766662120819092 32.45061111450195
v 5.480005741119385 2.7179830074310303 38.822975158691406
v 16.510604858398438 3.4499664306640625 28.170013427734375
v 16.530187606811523 4.013679504394531 28.497112274169922
v 17.625106811523438 3.200115442276001 28.844255447387695
v 17.73904037475586 4.7774739265441895 31.289127349853516
v 18.608409881591797 4.678246021270752 30.95057487487793
v 19.763002395629883 3.3133533000946045 29.99018096923828
v 18.827533721923828 4.09433126449585 30.008136749267578
v 11.657628059387207 3.43758225440979 27.0216121673584
v 14.43060302734375 3.535804510116577 27.4127197265625
v 14.115657806396484 3.9574859142303467 27.840904235839844
v 11.875357627868652 3.9828736782073975 27.934947967529297
v 11.187492370605469 3.2171435356140137 27.093671798706055
v 11.489356994628906 3.805934429168701 28.098186492919922
v 11.55863094329834 4.335823059082031 29.702014923095703
v 9.170185089111328 4.2641496658325195 29.538467407226562
v 11.102583885192871 4.05454683303833 28.265216827392578
v 16.851093292236328 4.562918186187744 30.91257095336914
v 17.5377197265625 0.3445526659488678 12.570110321044922
v 16.773305892944336 -0.5114273428916931 12.447198867797852
v 17.73307991027832 0.5699449181556702 12.795270919799805
v 17.666128158569336 1.1527760028839111 13.231271743774414
v 18.908960342407227 1.6853735446929932 12.064140319824219
v 16.87810707092285 2.8597047328948975 14.126958847045898
v 16.48103904724121 2.7338504791259766 14.604679107666016
v 16.25177574157715 3.3299169540405273 13.505117416381836
v 17.518600463867188 2.0294995307922363 12.741477966308594
v 17.27478790283203 0.9718119502067566 14.556304931640625
v 16.99869728088379 1.5708199739456177 14.805303573608398
v 13.850481033325195 3.265132427215576 14.348947525024414
v 15.989927291870117 3.1410582065582275 12.577156066894531
v 16.899314880371094 2.942911148071289 13.533060073852539
v 18.535886764526367 1.8694337606430054 12.04092025756836
v 6.4613752365112305 1.6585928201675415 33.79561233520508
v 5.547344207763672 2.107442617416382 36.14411926269531
v 6.710916519165039 2.834317207336426 31.532785415649414
v 6.4345173835754395 4.173822402954102 29.82724952697754
v 7.241656303405762 4.515161514282227 25.907190322875977
v 6.78444766998291 4.51779317855835 28.230541229248047
v 7.874798774719238 4.20904016494751 27.924497604370117
v 8.313586235046387 4.0563273429870605 29.262300491333008
v 8.003284454345703 0.5062437653541565 31.30917739868164
v 7.920078754425049 2.200169086456299 31.34609603881836
v 7.953283309936523 3.663902997970581 30.30799102783203
v 7.946317672729492 2.924412250518799 30.954212188720703
v 8.528297424316406 3.8194022178649902 29.144725799560547
v 8.426979064941406 2.5407345294952393 31.494861602783203
v 10.770841598510742 2.462172031402588 31.40646743774414
v 7.342123508453369 4.397899150848389 27.320613861083984
v 11.914290428161621 -0.48170509934425354 29.305644989013672
v 12.960058212280273 -0.5528370141983032 29.463699340820312
v 10.32346248626709 3.760345220565796 15.661128997802734
v 10.106661796569824 3.453681707382202 16.589012145996094
v 10.794836044311523 3.2692344188690186 16.849933624267578
v 10.37362003326416 2.6249468326568604 17.615507125854492
v 10.502260208129883 2.60366153717041 18.091758728027344
v 13.890110969543457 3.046550989151001 15.183406829833984
v 9.224985122680664 4.287060260772705 13.686004638671875
v 8.464364051818848 5.988725662231445 20.25937843322754
v 7.35125732421875 5.836400032043457 22.515235900878906
v 8.682016372680664 3.1001901626586914 21.9764461517334
v 9.846053123474121 2.7615599632263184 21.069072723388672
v 8.675978660583496 5.4883270263671875 20.738723754882812
v 9.023897171020508 6.105524063110352 17.386634826660156
v 9.812458992004395 4.3626813888549805 15.023420333862305
v 9.603940963745117 5.2474541664123535 15.883810043334961
v 9.862693786621094 4.749919414520264 16.661073684692383
v 9.232183456420898 5.487475395202637 18.79912757873535
v 9.580257415771484 2.612562656402588 21.40159034729004
v 9.233345031738281 4.876702308654785 14.231372833251953
v 11.707086563110352 2.9197680950164795 26.705429077148438
v 9.079780578613281 0.0579359233379364 25.716087341308594
v 9.807662010192871 0.24439547955989838 26.421520233154297
v 9.922834396362305 -0.3745819330215454 27.052108764648438
v 9.186362266540527 3.1083173751831055 26.111530303955078
v 11.119146347045898 2.814889430999756 26.755817413330078
v 11.261953353881836 0.9617498517036438 26.725862503051758
v 11.824040412902832 0.5005160570144653 26.846454620361328
v 9.614157676696777 3.339437484741211 26.568273544311523
v 8.576363563537598 3.616147041320801 26.518892288208008
v 10.594367027282715 3.614753484725952 27.091506958007812
v 8.489906311035156 -0.22813884913921356 24.22317123413086
v 8.191834449768066 3.1188437938690186 24.41961669921875
v 8.759649276733398 3.1352531909942627 25.654319763183594
v 8.527368545532227 4.094486236572266 28.03316879272461
v 8.470479011535645 1.765329122543335 24.01264190673828
v 9.107413291931152 1.74056077003479 21.46134376525879
v 9.134347915649414 0.42288267612457275 21.42581558227539
v 8.206927299499512 -1.4652421474456787 25.6626033782959
v 8.601983070373535 -1.6765474081039429 22.622514724731445
v 11.021156311035156 -0.028134208172559738 27.206832885742188
v 11.411336898803711 0.289984792470932 27.31976318359375
v 11.748032569885254 -0.11536537110805511 28.225276947021484
v 16.94947052001953 0.49966466426849365 14.84222412109375
v 11.085943222045898 -1.1098934412002563 17.119443893432617
v 13.921147346496582 -0.6727314591407776 15.674053192138672
v 16.1708927154541 -1.0861310958862305 14.37379264831543
v 13.264012336730957 -1.196427822113037 14.832006454467773
v 10.596921920776367 -1.1221227645874023 17.108530044555664
v 10.876262664794922 -0.331933856010437 17.709474563598633
v 10.585078239440918 0.7630609273910522 17.981075286865234
v 16.441177368164062 -0.9856645464897156 12.856573104858398
v 15.863763809204102 -1.2768477201461792 13.854740142822266
v 17.062477111816406 -0.7138314247131348 14.061634063720703
v 14.70591926574707 -1.143717646598816 13.963178634643555
v 16.58576202392578 -1.1102030277252197 13.51115608215332
v 17.321847915649414 -0.04013136401772499 14.159235000610352
v 16.83298110961914 -0.6363527774810791 14.498950958251953
v 9.87654972076416 2.1545023918151855 20.980836868286133
v 9.406105041503906 0.9918588995933533 19.916492462158203
v 10.742899894714355 -1.7244586944580078 14.516908645629883
v 10.987411499023438 -1.8341361284255981 15.235189437866211
v 15.223501205444336 -0.9495955109596252 12.581876754760742
v 10.525403022766113 -2.0018646717071533 15.660896301269531
v 10.67192268371582 -1.7892438173294067 15.43852424621582
v 11.02332592010498 -1.6825072765350342 16.25007438659668
v 10.509148597717285 -1.75441312789917 16.5516300201416
v 8.860270500183105 -1.92887544631958 22.051448822021484
v 6.091862201690674 1.36617112159729 34.76715087890625
v 6.5357584953308105 0.5218013525009155 34.05614471435547
v 8.683873176574707 3.923506736755371 28.055925369262695
v -2.019010066986084 5.146059036254883 40.151100158691406
v -3.0886943340301514 4.5786309242248535 42.196815490722656
v -2.9122202396392822 4.553398132324219 42.22901153564453
v -1.375264286994934 5.774092674255371 38.808189392089844
v -2.420644760131836 5.1084418296813965 40.41643142700195
v -3.704343795776367 3.957098960876465 43.95962905883789
v -1.004899501800537 5.68817663192749 38.87057876586914
v -4.59879207611084 2.2451391220092773 42.31585693359375
v -4.735869884490967 1.1656246185302734 47.0616340637207
v -4.459624767303467 2.2139463424682617 46.844295501708984
v -3.5233800411224365 4.287215232849121 39.13706970214844
v -8.402984619140625 -1.62437903881073 17.039024353027344
v -8.003670692443848 -1.981043815612793 16.74288558959961
v -9.222275733947754 -1.7880825996398926 16.994829177856445
v -7.650876522064209 -2.43701434135437 15.897512435913086
v -5.449431419372559 5.754818916320801 22.718568801879883
v -6.6745381355285645 2.819688320159912 22.77584457397461
v -7.167041301727295 2.7181379795074463 20.050628662109375
v -8.43309211730957 3.293383836746216 18.74293327331543
v -8.719013214111328 3.573730945587158 18.278295516967773
v -2.0232670307159424 6.792692184448242 24.9960994720459
v -4.528975963592529 4.365312576293945 33.614105224609375
v -4.771474361419678 4.7777838706970215 30.12934684753418
v -1.7664499282836914 6.056219577789307 36.026390075683594
v -4.581686496734619 3.243459939956665 37.48339080810547
v -3.2003071308135986 5.506593704223633 32.52522659301758
v -4.396852493286133 5.170207977294922 27.630218505859375
v -3.6078245639801025 5.246989727020264 30.849334716796875
v -3.2176449298858643 5.943987846374512 30.451801300048828
v -1.9293794631958008 6.372868061065674 31.792701721191406
v -2.073964834213257 6.038727283477783 29.025066375732422
v -1.6893583536148071 6.337031364440918 30.529279708862305
v -1.5222489833831787 6.662193775177002 30.749719619750977
v -2.2642171382904053 6.5956292152404785 28.40322494506836
v -1.8728766441345215 6.878684997558594 29.061445236206055
v -0.8185948133468628 6.538893699645996 34.4886589050293
v -1.330448865890503 6.058773994445801 36.012535095214844
v -1.1815290451049805 5.593437671661377 37.1756477355957
v -5.344784736633301 1.9424231052398682 36.23552703857422
v -5.318159103393555 1.2640788555145264 37.2484016418457
v -5.173496246337891 3.1292929649353027 35.58613204956055
v -8.036953926086426 1.8332099914550781 35.454627990722656
v -8.507088661193848 1.740405797958374 35.59604263305664
v -8.054911613464355 0.28332826495170593 35.50377655029297
v -8.596099853515625 2.631757974624634 35.22916030883789
v -7.737256050109863 2.904906988143921 34.48525619506836
v -7.693447113037109 1.9799625873565674 35.1710319519043
v -7.632532119750977 0.2975701093673706 35.25563049316406
v -5.9297051429748535 2.0999343395233154 35.94628143310547
v -10.587554931640625 2.450562000274658 35.40299987792969
v -10.65063762664795 1.8568172454833984 35.574214935302734
v -10.756754875183105 3.030142068862915 34.94780731201172
v -5.736822128295898 1.4431079626083374 36.19713592529297
v -13.335531234741211 -0.12612409889698029 32.03705596923828
v -13.995994567871094 0.49711042642593384 32.4399299621582
v -12.460509300231934 -0.09152570366859436 31.424116134643555
v -15.58310604095459 0.403067946434021 34.36636734008789
v -14.146540641784668 -0.4413018226623535 33.081275939941406
v -12.197887420654297 1.5539464950561523 31.15452766418457
v -11.822646141052246 0.1383558213710785 31.12062644958496
v -6.418185234069824 2.803046941757202 28.854318618774414
v -6.268490791320801 2.9083127975463867 26.802566528320312
v -5.537900447845459 4.024360656738281 31.594785690307617
v -9.0901517868042 1.493109107017517 30.167430877685547
v -8.662200927734375 2.169363498687744 30.055429458618164
v -4.965596675872803 3.563281774520874 35.254703521728516
v -5.7608160972595215 3.9453341960906982 33.203025817871094
v -5.468394756317139 3.6248931884765625 34.426429748535156
v -4.846708297729492 4.085972309112549 33.93013381958008
v -4.68625545501709 4.213064670562744 34.3543701171875
v -4.721627712249756 3.460106134414673 36.33328628540039
v -4.584937572479248 2.579667091369629 38.013668060302734
v -4.802357196807861 2.5868654251098633 37.8827018737793
v -4.585169315338135 1.7960574626922607 41.10197448730469
v -5.7910027503967285 3.5454792976379395 34.40235900878906
v -8.051350593566895 3.614753484725952 32.93800735473633
v -8.21776294708252 3.677912950515747 32.18574142456055
v -8.282857894897461 3.664754629135132 33.47857666015625
v -8.577524185180664 3.366218328475952 34.382469177246094
v -7.302183628082275 3.580310106277466 33.68113327026367
v -6.752557754516602 3.6906068325042725 33.45535659790039
v -7.011542320251465 3.8105785846710205 33.29792022705078
v -6.453479766845703 3.3601036071777344 34.369773864746094
v -6.379174709320068 3.809494733810425 33.21247100830078
v -6.285286903381348 4.061513423919678 31.87822914123535
v -10.49428653717041 3.8182413578033447 33.218505859375
v -11.071002960205078 3.541686773300171 34.194923400878906
v -9.155865669250488 3.6543054580688477 32.626930236816406
v -4.8319244384765625 1.180562973022461 41.17558288574219
v -12.119558334350586 2.0311248302459717 31.2484130859375
v -12.298508644104004 2.377030849456787 31.52102279663086
v -10.820300102233887 3.1579318046569824 31.4865779876709
v -10.60644245147705 2.23484468460083 30.667131423950195
v -14.456995964050293 2.322153091430664 33.3016357421875
v -13.27353286743164 1.6444283723831177 31.800437927246094
v -13.6549654006958 3.0478670597076416 33.54955291748047
v -16.004013061523438 2.418672561645508 35.60826873779297
v -16.3218994140625 1.9331347942352295 35.556644439697266
v -14.456764221191406 1.9316643476486206 33.02825164794922
v -14.088566780090332 3.3183841705322266 34.78812789916992
v -15.45973014831543 2.93501615524292 36.05309295654297
v -16.17391014099121 2.672703266143799 35.85200500488281
v -18.660810470581055 2.006124496459961 38.16460037231445
v -16.3377685546875 3.0701587200164795 36.64885330200195
v -7.522390365600586 3.828535795211792 32.904335021972656
v -7.314877986907959 3.9096522331237793 32.1143798828125
v -6.923692226409912 3.8761372566223145 32.1391487121582
v -6.812853813171387 3.785113573074341 31.058856964111328
v -6.6767048835754395 4.010660648345947 32.83320236206055
v -6.4583563804626465 3.9284605979919434 32.11027526855469
v -9.145339012145996 2.6716198921203613 31.44989013671875
v -8.999592781066895 1.882746696472168 30.33964729309082
v -8.51893138885498 2.970853090286255 30.69244384765625
v -7.641046524047852 3.5763626098632812 31.204917907714844
v -6.552785396575928 3.6686248779296875 30.874799728393555
v -6.529952526092529 3.071629047393799 29.415090560913086
v -6.367719650268555 3.8009033203125 30.851577758789062
v -5.947817325592041 3.557863712310791 30.225635528564453
v -18.797502517700195 -0.35383841395378113 38.37744903564453
v -19.20811653137207 1.784137487411499 38.31251525878906
v -16.323989868164062 0.11374221742153168 35.536598205566406
v -16.503328323364258 -0.6142160296440125 36.00665283203125
v -20.20341682434082 1.829185128211975 38.26498794555664
v -18.713674545288086 2.533381223678589 38.484806060791016
v -19.914785385131836 2.399554491043091 38.594486236572266
v -20.59119415283203 1.3912490606307983 38.46205139160156
v -20.358606338500977 0.8434807658195496 38.186737060546875
v -19.427391052246094 2.7275807857513428 39.30317306518555
v -20.45744514465332 0.520563006401062 38.33650588989258
v -0.33901694416999817 -7.119632244110107 20.64716148376465
v -0.543278694152832 -7.4255218505859375 19.583744049072266
v -0.4386322796344757 -7.762449264526367 19.12220001220703
v -0.30410900712013245 -8.749856948852539 18.88117218017578
v -5.055691242218018 -6.010318756103516 20.838186264038086
v -2.2828707695007324 -6.092285633087158 25.355628967285156
v -2.851846933364868 -5.592429161071777 27.904603958129883
v -1.5582406520843506 -9.153657913208008 17.02307891845703
v -0.8891072869300842 -8.512389183044434 14.023859024047852
v -1.3556817770004272 -8.73816967010498 15.623899459838867
v -0.8329914212226868 -8.803882598876953 14.428747177124023
v -0.7657297253608704 -7.665543079376221 21.69176483154297
v -2.8664755821228027 -8.014699935913086 18.82436180114746
v -4.672168254852295 -5.751566410064697 20.46085548400879
v -3.5167236328125 -5.929047107696533 22.96331024169922
v -2.1707940101623535 -5.5530314445495605 29.415090560913086
v -2.237281322479248 -5.37802791595459 27.586563110351562
v -2.049506187438965 -5.31370735168457 28.848434448242188
v -2.103609561920166 -5.846227645874023 28.938610076904297
v -5.07357120513916 -5.81217098236084 19.798067092895508
v -1.786961317062378 -5.34010124206543 29.552555084228516
v -1.5681480169296265 -5.649938106536865 30.46047019958496
v -11.00041389465332 0.6191720962524414 48.961753845214844
v -10.79731273651123 1.25556480884552 48.31182098388672
v -10.53499984741211 -0.49966222047805786 49.4376220703125
v -9.846980094909668 0.05731671303510666 48.313751220703125
v -9.392635345458984 -1.0395357608795166 49.21392822265625
v -11.096236228942871 0.027130264788866043 49.80473327636719
v -11.403440475463867 -0.17171341180801392 47.85484313964844
v -11.427358627319336 -0.04609124734997749 49.75643539428711
v -11.238964080810547 -0.27527615427970886 49.758445739746094
v -10.516191482543945 3.6361937522888184 47.519615173339844
v -9.99017333984375 2.921238422393799 47.20785140991211
v -10.563252449035645 2.8623363971710205 47.59648132324219
v -8.965612411499023 2.030350923538208 46.959388732910156
v -9.934211730957031 -1.0582667589187622 47.61915588378906
v -9.845664024353027 -1.089072346687317 49.311607360839844
v -9.482808113098145 -1.3471280336380005 48.99016571044922
v -8.860657691955566 -0.9488214254379272 48.66732406616211
v -8.214899063110352 -1.2482092380523682 47.36930465698242
v -3.6051154136657715 -11.162607192993164 41.863525390625
v -5.288591384887695 -10.830710411071777 41.98682403564453
v -4.202033519744873 -9.51109790802002 41.81956481933594
v -2.7165496349334717 -9.666751861572266 41.8231201171875
v -1.355217456817627 -10.340374946594238 42.040077209472656
v -0.5202131271362305 -8.968901634216309 42.31214141845703
v -2.622429847717285 -6.530685901641846 42.43218994140625
v -1.484632134437561 -6.853914260864258 42.50688171386719
v -3.188232660293579 -3.5755085945129395 43.85319900512695
v -2.767402410507202 -3.858023166656494 41.83635711669922
v -2.3129024505615234 -4.254394054412842 43.52393341064453
v -4.35582971572876 -5.6874003410339355 42.728328704833984
v -4.450878143310547 -4.242938995361328 43.46852111816406
v -1.2996432781219482 -4.758508205413818 43.46681213378906
v -1.6272051334381104 -4.3514556884765625 39.51076126098633
v -0.9340773820877075 -4.957274913787842 38.75145721435547
v -0.8866304755210876 -4.6492180824279785 43.56998825073242
v -0.35287177562713623 -5.082664966583252 43.608150482177734
v -6.179789066314697 -9.137481689453125 42.172122955322266
v -6.163302898406982 -7.21576452255249 42.50595474243164
v -3.0345911979675293 -8.6327486038208 41.89077377319336
v -7.7391133308410645 -7.620650291442871 43.02616882324219
v 1.3702338933944702 -4.9905571937561035 40.551963806152344
v 2.0787644386291504 -4.496196269989014 40.37958908081055
v 2.6495206356048584 -4.522666931152344 41.44772720336914
v 2.1243538856506348 -4.928326606750488 38.797508239746094
v 2.7609012126922607 -4.112827777862549 41.189823150634766
v 3.158820867538452 -4.14703893661499 41.16056442260742
v -1.16256582736969 -5.271678447723389 36.29582214355469
v -0.432672381401062 -5.668050289154053 34.16179656982422
v 0.06610096246004105 -5.830437660217285 34.27302169799805
v -1.2028918266296387 -4.569881916046143 37.46427536010742
v -1.2820731401443481 -4.6958136558532715 36.13622283935547
v -0.9867876172065735 -4.546119689941406 38.58643341064453
v -0.41649553179740906 -4.92128324508667 40.71226119995117
v -0.589796781539917 -5.192729473114014 34.215667724609375
v -1.7304582595825195 -5.004411697387695 36.341182708740234
v 1.0710006952285767 -5.347531795501709 37.84508514404297
v -0.5895646214485168 -4.550144672393799 42.059505462646484
v 0.27763843536376953 -5.055883884429932 40.986026763916016
v 0.97525554895401 -4.8458943367004395 40.1999397277832
v 0.5781099200248718 -5.117650508880615 44.02580261230469
v 1.985341191291809 -4.896205425262451 45.30223083496094
v 3.041093349456787 -4.241778373718262 42.58366394042969
v 3.3026320934295654 -4.3130645751953125 43.73462677001953
v 3.347137928009033 -3.9189376831054688 38.79015350341797
v -0.6457579135894775 -6.1357855796813965 31.949981689453125
v 0.7254818081855774 -6.582931995391846 31.181385040283203
v 2.7317984104156494 -4.547125816345215 44.27140426635742
v -2.907498359680176 -3.5066988468170166 42.07157897949219
v -6.088688373565674 -4.64596700668335 43.518672943115234
v -6.1845879554748535 -2.5281929969787598 44.970252990722656
v -7.6818366050720215 -4.385976314544678 44.32256317138672
v -8.498651504516602 -2.133756399154663 46.59653091430664
v -8.170161247253418 -6.1245622634887695 43.7771110534668
v -9.273824691772461 -4.187288284301758 44.92374038696289
v -10.091567993164062 -2.077176094055176 45.25362014770508
v -9.33775806427002 -2.737253427505493 45.85974884033203
v -10.409996032714844 -0.871575117111206 46.84885787963867
v -9.413765907287598 -2.0286457538604736 46.689178466796875
v -9.069794654846191 -5.129879474639893 45.046180725097656
v -9.398518562316895 -7.974915504455566 44.3133544921875
v -9.118171691894531 -2.6358578205108643 46.777957916259766
v 18.288589477539062 1.6033284664154053 25.824602127075195
v 18.854467391967773 1.3860632181167603 23.91790008544922
v 19.491403579711914 1.4314976930618286 25.579397201538086
v 17.897016525268555 3.271324396133423 26.255573272705078
v 18.048877716064453 2.472853422164917 25.825763702392578
v 18.345788955688477 2.779052734375 25.29804229736328
v 19.104476928710938 3.3673019409179688 25.30988311767578
v 18.736433029174805 2.653120756149292 24.087718963623047
v 18.806943893432617 1.681735873222351 23.62671661376953
v 18.619169235229492 2.3183605670928955 23.93578338623047
v 19.03736686706543 2.401644468307495 23.727418899536133
v 19.018404006958008 1.8022494316101074 23.54993438720703
v 19.151071548461914 1.514162302017212 23.70473861694336
v 19.804336547851562 3.4930014610290527 25.507568359375
v 21.255916595458984 3.76251220703125 25.210346221923828
v 21.001192092895508 3.535649538040161 25.579551696777344
v 19.4965877532959 1.6741504669189453 24.709636688232422
v 21.325037002563477 2.0012481212615967 25.45795440673828
v 19.271970748901367 3.090127944946289 24.811344146728516
v 19.302078247070312 1.709445595741272 23.828813552856445
v 21.158472061157227 3.733254909515381 24.12092399597168
v 20.717435836791992 2.016960382461548 24.550037384033203
v 20.302024841308594 3.3679988384246826 24.685646057128906
v 21.18300437927246 3.540680408477783 23.008670806884766
v 21.4060001373291 3.763441324234009 23.156585693359375
v -8.841229438781738 -8.43196964263916 43.594757080078125
v 8.096630096435547 0.15817056596279144 31.145008087158203
v 7.050630569458008 -0.2137422263622284 31.532245635986328
v 6.8387837409973145 -1.9747744798660278 30.034765243530273
v 8.161803245544434 -0.7858919501304626 30.552345275878906
v 7.867600440979004 -1.9735361337661743 27.21542739868164
v 8.172097206115723 -1.5904773473739624 28.860820770263672
v 7.872167110443115 -1.48227059841156 29.664941787719727
v 8.493467330932617 -1.366478443145752 28.35361099243164
v 8.599041938781738 -1.1930996179580688 29.522367477416992
v 8.87993049621582 -0.8566365838050842 29.193565368652344
v 8.51142406463623 -0.4961792528629303 30.200481414794922
v 1.1422098875045776 -5.7638726234436035 33.80521011352539
v 4.760406494140625 -3.0433754920959473 43.63717269897461
v 4.97349214553833 -2.4734702110290527 42.413307189941406
v 1.2162827253341675 -6.480143070220947 31.062498092651367
v 2.311974287033081 -5.552644729614258 33.77115249633789
v 3.647764205932617 -4.024667263031006 38.23897933959961
v 4.382379055023193 -3.3350229263305664 37.54353332519531
v 4.457690238952637 -2.8185250759124756 36.775787353515625
v 4.608158111572266 -3.9772207736968994 34.11071014404297
v 2.5813305377960205 -4.791094779968262 36.86379623413086
v 2.825299024581909 -4.45192289352417 36.12522888183594
v 3.4072012901306152 -5.101240634918213 33.04899978637695
v 4.8324666023254395 -3.356076240539551 33.454349517822266
v 1.515670657157898 -6.2453083992004395 30.30853271484375
v 9.038912773132324 -0.9092695116996765 27.359779357910156
v 8.733564376831055 -1.1545538902282715 27.148473739624023
v 7.689964294433594 -3.98457407951355 23.28932762145996
v 8.862205505371094 -1.2847425937652588 28.432327270507812
v 1.798262596130371 -8.65418815612793 16.228246688842773
v 1.6601786613464355 -8.95272445678711 16.236684799194336
v 1.0686012506484985 -8.645751953125 14.38168716430664
v 1.1600896120071411 -7.97839879989624 13.919601440429688
v 1.4409011602401733 -8.654266357421875 15.42056655883789
v 0.5882495045661926 -8.753958702087402 14.246389389038086
v -0.08405737578868866 -8.567809104919434 13.684457778930664
v -0.6139459609985352 -8.484060287475586 13.68182373046875
v -0.42152664065361023 -9.016658782958984 14.928525924682617
v 7.984088897705078 -3.20529842376709 13.581897735595703
v 7.91729211807251 -4.226375579833984 14.319377899169922
v 8.114200592041016 -3.959108591079712 14.389118194580078
v 2.4587268829345703 -7.022958278656006 21.297019958496094
v 2.2318639755249023 -7.1736578941345215 20.907922744750977
v 1.7310009002685547 -6.281532287597656 26.40542221069336
v 1.3507287502288818 -6.270618438720703 27.44607925415039
v 2.2804720401763916 -6.575733661651611 25.200517654418945
v 4.395150184631348 -5.201320648193359 28.77730369567871
v 8.402830123901367 -3.822650671005249 14.194684982299805
v 8.388510704040527 -4.47792911529541 15.537130355834961
v 6.561919212341309 -4.143865585327148 25.88311767578125
v 5.459726333618164 -2.12555193901062 44.38618469238281
v 6.016783237457275 -2.0941269397735596 32.64589309692383
v 6.63351583480835 -0.23750436305999756 33.36835861206055
v 5.519093036651611 -1.3542490005493164 40.474639892578125
v 4.861956596374512 -2.410310983657837 38.6109733581543
v 5.594945907592773 -1.8556538820266724 36.3796501159668
v 5.9643049240112305 -4.94342041015625 25.063053131103516
v 6.140005588531494 -3.4118051528930664 29.36709976196289
v 5.525362491607666 -0.9379851818084717 37.77410888671875
v 5.869565486907959 -0.3441632390022278 36.985469818115234
v 5.834270477294922 -0.0940026268362999 41.53596496582031
v 5.929861068725586 0.37373289465904236 35.44239807128906
v 5.789920330047607 1.4303367137908936 38.262977600097656
v 5.59788703918457 -1.0662391185760498 35.73280715942383
v 6.144495010375977 -0.2508174180984497 34.61064529418945
v 5.941161632537842 -0.43503230810165405 44.167293548583984
v -9.687379837036133 1.2099754810333252 47.51698684692383
v -4.73997163772583 -0.19539815187454224 47.72960662841797
v -4.801273822784424 0.21320278942584991 43.24289321899414
v -4.510013103485107 -1.3249139785766602 45.858360290527344
v -4.611640930175781 -1.3461992740631104 41.25654220581055
v -4.415119171142578 -1.4800258874893188 43.60706329345703
v -3.388082504272461 -3.4771316051483154 38.62111282348633
v -3.9900314807891846 -2.494213819503784 44.68263244628906
v -3.401627779006958 -3.279139280319214 42.77415084838867
v -4.507535934448242 -3.139894723892212 34.86475372314453
v -4.407378673553467 -4.2069478034973145 27.730762481689453
v -5.141839027404785 -3.4114954471588135 24.764049530029297
v -4.871941089630127 -3.5623505115509033 31.015438079833984
v -6.002695560455322 -2.204191207885742 30.93014144897461
v -6.255642414093018 -2.041107177734375 30.45938491821289
v -5.16513729095459 -3.483942985534668 26.844364166259766
v -3.4081296920776367 -4.298513412475586 31.034324645996094
v -2.3899941444396973 -5.292421817779541 32.16631317138672
v -1.5299118757247925 -4.768802642822266 38.53496551513672
v -2.5694100856781006 -4.002763271331787 40.521156311035156
v -1.8245006799697876 -5.683452606201172 30.869535446166992
v -2.3567113876342773 -3.9056248664855957 40.705684661865234
v -4.496545314788818 -1.884137511253357 37.232688903808594
v -4.937345027923584 -0.748120129108429 38.9022331237793
v -4.738733768463135 -1.278937578201294 38.532875061035156
v -4.980921745300293 0.9300926923751831 38.84611511230469
v -10.313323020935059 0.5094946026802063 35.68776321411133
v -8.243459701538086 -0.22426877915859222 35.43241500854492
v -8.449424743652344 -0.8879842162132263 35.02876663208008
v -8.278135299682617 -1.6184191703796387 33.87742233276367
v -7.74019718170166 -0.8091896772384644 34.71653366088867
v -7.743138790130615 -0.3336367607116699 35.087745666503906
v -8.036334037780762 -1.7031736373901367 33.03924560546875
v -7.858466148376465 -1.9314296245574951 31.977148056030273
v -7.646542072296143 -1.913859486579895 33.088165283203125
v -7.022997856140137 -2.224702835083008 31.93984031677246
v -7.36991024017334 -2.126016139984131 32.68684005737305
v -10.663331985473633 -0.8371316194534302 35.129852294921875
v -10.429425239562988 -0.22217896580696106 35.5390739440918
v -4.498170375823975 -2.7172842025756836 35.050052642822266
v -5.099346160888672 -1.572210669517517 36.4941291809082
v -4.743377685546875 -2.7455356121063232 35.1892204284668
v -4.891369342803955 -2.7989423274993896 33.97673034667969
v -4.723562717437744 -3.1328511238098145 33.72300720214844
v -5.290217399597168 0.2536836564540863 37.4810676574707
v -5.731712818145752 -0.19330833852291107 36.1465950012207
v -6.972377300262451 -1.70673406124115 34.04306411743164
v -5.824594974517822 -0.7309370636940002 35.82236099243164
v -5.412820339202881 -0.6992026567459106 36.096981048583984
v -5.583490371704102 -1.4424090385437012 35.374595642089844
v -7.514263153076172 -1.4762333631515503 34.085323333740234
v -6.680265426635742 -2.128492832183838 33.5322151184082
v -6.0259928703308105 -1.9741549491882324 34.31187438964844
v -6.921834468841553 -2.0285680294036865 33.4304313659668
v -6.168797969818115 -2.421069383621216 32.982975006103516
v -5.587669372558594 -2.2495486736297607 34.21806716918945
v -5.7113566398620605 -2.5963833332061768 32.73289489746094
v -6.7280988693237305 -2.3244729042053223 31.88380241394043
v -6.676549434661865 -2.3236215114593506 32.83281707763672
v -6.456962585449219 -2.2932028770446777 32.02002716064453
v -6.763007164001465 -2.0799624919891357 30.955917358398438
v -10.798783302307129 0.4737352430820465 35.828243255615234
v -12.145718574523926 0.03278057649731636 36.258052825927734
v -11.02224063873291 -0.3772909641265869 35.629478454589844
v -10.62509536743164 0.2142864316701889 35.55927276611328
v -12.274824142456055 1.745901346206665 36.382667541503906
v -14.471159934997559 0.0024392735213041306 38.13789367675781
v -9.29890251159668 -1.7874634265899658 33.10093688964844
v -10.881680488586426 -0.8523021340370178 31.154682159423828
v -9.420964241027832 -1.4119902849197388 32.10973358154297
v -10.430896759033203 -1.6905572414398193 32.39302444458008
v -9.157800674438477 -0.6923138499259949 31.40576934814453
v -12.912687301635742 -0.8379829525947571 36.02244567871094
v -10.942517280578613 -1.3191864490509033 34.55708694458008
v -11.303051948547363 -1.5749197006225586 33.420677185058594
v -10.908073425292969 -1.605493187904358 34.14863967895508
v -10.795842170715332 -1.799073576927185 33.36386489868164
v -11.481307029724121 -1.0742887258529663 34.03648376464844
v -11.805928230285645 -1.5771642923355103 33.75210952758789
v -10.9312162399292 -0.5396788120269775 35.05547332763672
v -11.539125442504883 -1.0369813442230225 35.157562255859375
v -11.623493194580078 -1.3343567848205566 34.61490249633789
v -11.795167922973633 -0.34323447942733765 31.353914260864258
v -10.906370162963867 -0.07140138000249863 30.67920684814453
v -11.771716117858887 -1.0715798139572144 32.13705825805664
v -13.889025688171387 -1.3442641496658325 34.530921936035156
v -15.16281795501709 -1.1690279245376587 36.29582214355469
v -15.979477882385254 -0.4474165737628937 35.56523513793945
v -14.84585952758789 -0.7348845601081848 37.90220642089844
v -15.075586318969727 -1.0866729021072388 37.52116394042969
v -8.546331405639648 -0.9465767741203308 30.47920036315918
v -10.579893112182617 1.7533317804336548 30.494834899902344
v -16.89288902282715 -1.179322361946106 37.830997467041016
v -15.809194564819336 -1.3311060667037964 37.06279373168945
v -16.285289764404297 -0.9525367021560669 38.64495086669922
v -17.813499450683594 -1.1311012506484985 39.912391662597656
v -15.928702354431152 -1.1356680393218994 36.29621124267578
v -16.306421279907227 0.7444846034049988 39.6937370300293
v -17.625104904174805 -0.6468794345855713 40.51264190673828
v -18.868087768554688 -0.9722740054130554 38.91523361206055
v -19.918115615844727 -0.04036354273557663 38.371334075927734
v -18.381004333496094 -1.2405465841293335 39.231422424316406
v -26.647531509399414 -3.796024799346924 7.153497695922852
v -25.01018714904785 -9.684322357177734 7.163867950439453
v -4.990442276000977 -26.965999603271484 6.951093673706055
v -4.547784805297852 -27.312911987304688 6.456113815307617
v -1.4796010255813599 -27.362445831298828 7.001094818115234
v -0.8199106454849243 -27.750768661499023 6.293491363525391
v 8.195317268371582 -25.71712875366211 7.184999465942383
v -0.9082253575325012 -26.917158126831055 7.184459686279297
v 5.307013511657715 -26.941152572631836 7.000629425048828
v -7.4197564125061035 -26.249109268188477 7.041728973388672
v -11.084160804748535 -25.038476943969727 6.903800964355469
v -9.496508598327637 -25.895076751708984 6.617107391357422
v -9.682968139648438 -25.34893226623535 7.095989227294922
v 1.2034342288970947 -27.461212158203125 6.95140266418457
v -18.403993606567383 -19.395540237426758 7.182212829589844
v -15.413520812988281 -22.438026428222656 6.998310089111328
v -7.25791072845459 -26.721487045288086 5.924598693847656
v -12.064912796020508 -24.79226303100586 6.525852203369141
v 20.534616470336914 -18.202478408813477 7.098543167114258
v 27.200639724731445 -2.525019645690918 7.190496444702148
v 10.335847854614258 -25.3997859954834 7.0460662841796875
v 10.482135772705078 -25.699790954589844 6.679569244384766
v 14.238648414611816 -23.75524139404297 6.844667434692383
v 14.72480583190918 -23.06435775756836 7.100400924682617
v 17.029272079467773 -21.723304748535156 6.952951431274414
v 19.689010620117188 -19.63308334350586 6.781122207641602
v 2.77622652053833 -27.65835189819336 6.231882095336914
v 6.336913585662842 -27.06538200378418 6.455417633056641
v 7.042116165161133 -26.75577735900879 6.802330017089844
v 22.29657745361328 -16.475812911987305 6.951559066772461
v 22.383888244628906 -16.86080551147461 6.309902191162109
v 23.768596649169922 -13.605932235717773 7.14954948425293
v 23.658916473388672 -14.993579864501953 6.510602951049805
v 26.678028106689453 -7.426992416381836 7.051713943481445
v -23.891660690307617 -13.300041198730469 6.846988677978516
v -21.59230613708496 -16.084781646728516 7.125865936279297
v -15.658727645874023 -22.513803482055664 6.7794952392578125
v -13.46355152130127 -24.101144790649414 6.036212921142578
v -16.96347999572754 -21.67322540283203 6.51176643371582
v -19.69388198852539 -19.23826026916504 6.357427597045898
v -19.038837432861328 -19.68401527404785 6.800239562988281
v -21.174104690551758 -17.513917922973633 6.552709579467773
v -22.28929901123047 -15.749789237976074 6.902717590332031
v 15.293858528137207 -23.304304122924805 6.45433235168457
v 16.906822204589844 -22.077030181884766 6.683208465576172
v 19.266860961914062 -20.249431610107422 5.788761138916016
v -11.377202987670898 9.948493003845215 44.06450653076172
v -11.671326637268066 9.247858047485352 46.32895278930664
v -11.972804069519043 8.467498779296875 48.57854461669922
v -9.852089881896973 10.131083488464355 44.16218948364258
v -9.537686347961426 9.344454765319824 45.5609016418457
v -11.653447151184082 9.977441787719727 42.669349670410156
v -11.274801254272461 10.735121726989746 41.86677551269531
v -10.990660667419434 10.711824417114258 43.84654235839844
v -9.905263900756836 11.319269180297852 42.70696258544922
v -7.641201019287109 9.89632511138916 44.55368423461914
v -12.432645797729492 10.211734771728516 40.50737762451172
v -8.118921279907227 8.533212661743164 48.618247985839844
v -8.188736915588379 8.76108169555664 48.46476364135742
v -6.745359897613525 8.639484405517578 48.382564544677734
v -5.836979866027832 8.859613418579102 48.26994705200195
v -7.425483703613281 9.083457946777344 46.898704528808594
v -6.056179523468018 8.384602546691895 48.00995635986328
v -4.365505218505859 7.572431564331055 47.55390930175781
v -7.550100326538086 7.897207260131836 47.799034118652344
v -8.901834487915039 7.520185947418213 47.95592498779297
v -6.355876445770264 7.358339786529541 47.31922912597656
v -10.238088607788086 6.879072189331055 48.321414947509766
v -10.610930442810059 5.162080764770508 47.77504348754883
v -10.826801300048828 6.401119232177734 48.58326721191406
v -11.254908561706543 7.087667942047119 46.83941650390625
v -11.334476470947266 7.367086410522461 49.87919616699219
v -11.076885223388672 7.323509693145752 49.90597915649414
v -9.308501243591309 8.424774169921875 49.12468719482422
v -10.17941951751709 8.221982955932617 49.857444763183594
v -9.772442817687988 6.312340259552002 47.64431381225586
v -8.80221939086914 6.755539417266846 47.43037414550781
v -3.081496238708496 8.526168823242188 48.558807373046875
v -11.396939277648926 7.61794376373291 49.952880859375
v -11.846487045288086 8.142414093017578 49.653648376464844
v -11.822568893432617 8.315483093261719 49.656517028808594
v -10.795842170715332 8.328487396240234 48.41042709350586
v -11.279135704040527 8.613709449768066 47.50769805908203
v -3.268033027648926 9.585868835449219 44.520320892333984
v -12.418171882629395 11.187996864318848 39.41516876220703
v -11.528212547302246 11.983061790466309 39.93647003173828
v -12.023193359375 12.799179077148438 38.970733642578125
v 14.638579368591309 -0.7262929677963257 39.3314208984375
v 13.621993064880371 -0.5173097848892212 37.376651763916016
v 13.71139144897461 -1.297668695449829 37.4412841796875
v 14.933942794799805 0.14725691080093384 39.72005844116211
v 15.100278854370117 -1.8522480726242065 39.640018463134766
v 15.387126922607422 1.43745756149292 39.444583892822266
v 15.824289321899414 1.0030046701431274 40.339576721191406
v 15.449201583862305 -1.2348963022232056 40.24831771850586
v 15.838144302368164 0.1257394403219223 40.649253845214844
v 16.46393394470215 -2.694450616836548 40.61937713623047
v 16.09712791442871 1.7128511667251587 39.662620544433594
v 16.932132720947266 1.5350605249404907 40.550025939941406
v 17.224166870117188 2.3888731002807617 40.72348403930664
v 17.766517639160156 1.9309678077697754 40.30427932739258
v 17.47200584411621 1.312996506690979 40.82332992553711
v 17.92217254638672 2.5799765586853027 40.90406036376953
v 18.26668357849121 1.9870061874389648 40.54732131958008
v 17.82611846923828 1.5996131896972656 41.50956726074219
v 17.687877655029297 2.6216962337493896 40.887962341308594
v 16.668737411499023 0.24811072647571564 41.12016677856445
v 16.297597885131836 -0.8589586615562439 40.998260498046875
v 17.44011688232422 -1.3176382780075073 41.439754486083984
v 17.161935806274414 1.0362871885299683 41.66731262207031
v 17.8431453704834 0.8384497165679932 42.32615280151367
v 17.870622634887695 0.3644447326660156 41.21691131591797
v 18.2359561920166 0.7579524517059326 41.02326202392578
v 18.45863914489746 -1.8193527460098267 41.527217864990234
v 17.766130447387695 -2.475095510482788 41.3440055847168
v 13.924476623535156 5.433139801025391 39.42972183227539
v 12.798057556152344 5.22214412689209 37.2938346862793
v 14.130131721496582 4.038137912750244 39.47825622558594
v 19.556732177734375 -2.549555540084839 41.38039016723633
v 19.25347328186035 -1.5070388317108154 41.26088333129883
v 20.436935424804688 -2.7144975662231445 41.04508590698242
v 20.202411651611328 -2.8481693267822266 41.802608489990234
v 21.382001876831055 -3.708561420440674 41.603919982910156
v 18.102670669555664 0.27342092990875244 41.82157516479492
v -4.10775899887085 11.128011703491211 42.343257904052734
v -2.51948618888855 7.46198034286499 47.99872970581055
v -1.7662177085876465 8.619747161865234 48.79054641723633
v -1.6771289110183716 8.261844635009766 49.16477966308594
v -1.9553089141845703 8.785696029663086 47.120460510253906
v -1.7265883684158325 7.702698230743408 48.54975128173828
v -8.843241691589355 11.918818473815918 41.95509338378906
v -5.11753511428833 12.67495059967041 41.19733810424805
v -3.7801196575164795 10.065601348876953 43.66944885253906
v -2.0690112113952637 10.324198722839355 43.64088821411133
v -2.1158390045166016 9.605683326721191 44.81437301635742
v -3.4298019409179688 8.722845077514648 47.06047821044922
v 6.220580101013184 3.443309783935547 42.57615661621094
v 8.537199020385742 4.258344650268555 41.78898620605469
v 8.230844497680664 3.0948495864868164 42.95124053955078
v 18.060951232910156 0.24331188201904297 43.17609786987305
v 16.039697647094727 2.5777323246002197 40.50320053100586
v 16.432817459106445 1.1974364519119263 41.39997100830078
v 16.271127700805664 0.6487393379211426 42.13791275024414
v 6.497754096984863 16.599578857421875 37.35459518432617
v 6.282114028930664 12.254042625427246 37.941219329833984
v 4.942686080932617 10.257944107055664 38.61128234863281
v 7.361396312713623 9.269143104553223 38.814693450927734
v 5.667858123779297 8.390175819396973 39.23838424682617
v 14.505914688110352 0.053369324654340744 41.24361801147461
v 12.746275901794434 1.25277841091156 41.61638641357422
v 14.452352523803711 1.560293197631836 42.006099700927734
v 12.646273612976074 -0.5078668594360352 40.894229888916016
v 10.66720199584961 -0.3227231204509735 41.177364349365234
v 15.456942558288574 1.38838529586792 41.442771911621094
v 15.180156707763672 1.1144623756408691 41.949981689453125
v 12.127761840820312 2.660938262939453 42.597755432128906
v 12.670733451843262 2.994847297668457 42.909523010253906
v 13.908764839172363 2.2780346870422363 41.73860168457031
v 10.574708938598633 2.4494781494140625 42.71818923950195
v 11.8450927734375 -1.5022399425506592 40.68501281738281
v 10.003021240234375 0.6928580403327942 41.789608001708984
v 5.842939853668213 6.732009410858154 40.0565185546875
v 4.902050495147705 3.7639055252075195 42.53173065185547
v 5.337742328643799 4.7554144859313965 41.49385452270508
v 0.6494737863540649 10.64425277709961 39.85991668701172
v 1.784485101699829 13.163352012634277 38.59634017944336
v 4.304590702056885 16.81281852722168 37.53215026855469
v 3.057812452316284 14.78204345703125 37.937042236328125
v 3.421365737915039 11.506271362304688 38.52482604980469
v -1.8721799850463867 7.72754430770874 46.72300720214844
v -1.9168404340744019 8.426477432250977 44.931400299072266
v -1.502821445465088 6.609018802642822 48.08077621459961
v -1.8759726285934448 10.395639419555664 42.680419921875
v -1.2514997720718384 7.18666410446167 44.34524154663086
v -1.0806752443313599 5.538715362548828 47.97682571411133
v -1.2062973976135254 10.534652709960938 41.40747833251953
v 0.6147980690002441 8.826099395751953 40.762569427490234
v -1.5324660539627075 12.316506385803223 41.06690979003906
v 1.7410629987716675 8.096128463745117 40.51310729980469
v 3.9145660400390625 8.910079002380371 39.31462860107422
v 3.729887008666992 5.046211242675781 41.74061584472656
v 3.7590672969818115 6.3487958908081055 40.76187515258789
v 7.049391746520996 5.643284320831299 40.641510009765625
v -1.9346426725387573 11.275923728942871 42.49814224243164
v -1.738895058631897 13.486348152160645 41.2437744140625
v -3.969520330429077 13.439132690429688 40.87147521972656
v 1.3559144735336304 16.047475814819336 38.34130859375
v 11.212260246276855 -3.218843936920166 40.573944091796875
v 9.456259727478027 -4.598210334777832 41.04648208618164
v 9.89744758605957 -2.5126352310180664 40.896785736083984
v 8.548033714294434 -3.5729544162750244 41.34702682495117
v 11.817461013793945 -4.303621768951416 40.5588493347168
v 6.951402187347412 -5.145514488220215 42.835609436035156
v 7.945621013641357 -4.947522163391113 41.83759689331055
v 7.476956367492676 -6.084933280944824 42.778560638427734
v 8.400663375854492 -6.1090826988220215 42.07498550415039
v 8.960892677307129 -5.675248622894287 41.51924133300781
v 9.973068237304688 -6.251500606536865 41.42055892944336
v 10.595451354980469 -5.699784755706787 41.02186584472656
v 6.645203590393066 -5.7748637199401855 42.408199310302734
v 5.913761615753174 -4.099282741546631 42.882511138916016
v 6.358741283416748 -3.9529943466186523 43.161231994628906
v 15.07806396484375 2.1019468307495117 41.03371047973633
v 15.495644569396973 2.992370367050171 40.42959213256836
v 14.764511108398438 2.2805891036987305 39.20084762573242
v 14.104666709899902 4.005706787109375 40.69840621948242
v 14.208151817321777 3.1244940757751465 39.16276550292969
v 12.853321075439453 -2.814500093460083 40.49631118774414
v 14.842222213745117 -2.1815130710601807 40.78912353515625
v 16.05138397216797 -1.7987639904022217 41.19207000732422
v 15.952387809753418 -0.38495364785194397 41.503143310546875
v 14.028039932250977 -3.5748894214630127 40.60691452026367
v 8.415987968444824 -0.9371338486671448 41.83774948120117
v 7.3279595375061035 -2.894223213195801 42.135128021240234
v 6.528946399688721 -2.65311861038208 42.882511138916016
v 6.783751487731934 -0.9386818408966064 43.02593231201172
v 5.585038661956787 2.7795944213867188 43.55915832519531
v 6.093952178955078 1.2780110836029053 45.36623764038086
v 6.084818363189697 1.7375421524047852 45.45478439331055
v 8.01868724822998 2.301023006439209 44.07704544067383
v 6.294885158538818 1.6890889406204224 45.45424270629883
v 6.834836483001709 0.6426246762275696 43.79468536376953
v 8.76406192779541 1.7826669216156006 43.0264778137207
v 7.943221569061279 0.6704891324043274 42.84458541870117
v 9.703015327453613 2.9465487003326416 43.55605697631836
v 14.84926700592041 10.83938217163086 36.64242935180664
v 16.402244567871094 10.909197807312012 38.55818557739258
v 20.049386978149414 9.314888000488281 43.62076187133789
v 21.122709274291992 8.575396537780762 45.34526443481445
v 17.697784423828125 8.760695457458496 40.675418853759766
v 18.098724365234375 7.206633567810059 40.905914306640625
v 18.077980041503906 7.337906360626221 41.057315826416016
v 19.010974884033203 8.671141624450684 42.138916015625
v 18.821884155273438 8.523073196411133 40.49693298339844
v 20.16889762878418 9.165193557739258 43.396766662597656
v 18.855241775512695 10.146021842956543 40.0068244934082
v 18.831249237060547 8.758759498596191 41.12047576904297
v 19.495197296142578 9.757622718811035 41.02155685424805
v 17.32757568359375 10.293238639831543 39.7087516784668
v 15.61963939666748 8.778420448303223 39.985774993896484
v 17.102956771850586 9.235551834106445 40.378196716308594
v 22.29727554321289 6.813745021820068 46.970458984375
v 21.15862274169922 8.533135414123535 45.05447006225586
v 10.877578735351562 4.402310848236084 42.415550231933594
v 10.747621536254883 3.39919114112854 43.60737228393555
v 11.876363754272461 3.970566987991333 44.1159782409668
v 12.244715690612793 5.319591999053955 42.671905517578125
v 8.64664363861084 7.803164482116699 39.512699127197266
v 13.09272289276123 3.7260563373565674 41.664913177490234
v 12.641396522521973 4.994042873382568 41.82838439941406
v 12.831571578979492 7.177453517913818 41.60190963745117
v 11.457545280456543 8.020585060119629 40.13182830810547
v 10.130966186523438 5.937021732330322 40.84624099731445
v 12.385895729064941 8.039237976074219 40.63911437988281
v 11.245697975158691 5.658300399780273 41.49346923828125
v 14.565823554992676 5.226788520812988 40.18113327026367
v 14.928370475769043 3.891385555267334 40.321075439453125
v 14.079743385314941 7.76980447769165 38.998443603515625
v 12.680717468261719 6.672255992889404 36.77935028076172
v 13.091407775878906 8.02190113067627 36.94219970703125
v 14.558314323425293 6.424726963043213 40.082061767578125
v 14.664044380187988 8.939956665039062 38.91809844970703
v 13.697769165039062 9.557385444641113 36.45534896850586
v 13.735154151916504 8.566417694091797 40.64964294433594
v 13.339478492736816 4.620659828186035 41.09524154663086
v 13.616652488708496 6.732086658477783 40.60420608520508
v 14.554522514343262 9.300568580627441 40.280052185058594
v 13.064859390258789 9.55846881866455 40.380828857421875
v 13.32577896118164 8.790107727050781 41.19207000732422
v 13.981986045837402 11.337922096252441 40.528663635253906
v 13.931133270263672 10.42992877960205 41.046630859375
v 15.269941329956055 13.532788276672363 42.03705978393555
v 15.573973655700684 12.535086631774902 41.0965576171875
v 15.777152061462402 10.579158782958984 40.327186584472656
v 14.726276397705078 10.516773223876953 40.50218963623047
v 14.922642707824707 11.970831871032715 41.03340148925781
v 22.37916374206543 2.7610182762145996 48.23217010498047
v 12.152454376220703 -5.645681381225586 40.84593200683594
v 13.691654205322266 -5.344357967376709 40.847633361816406
v 15.494482040405273 -5.7394914627075195 41.44145965576172
v 18.285648345947266 -1.4582762718200684 42.54039764404297
v 17.275638580322266 -0.1812337189912796 42.25757598876953
v 18.833026885986328 -1.1850500106811523 41.81391143798828
v 18.510652542114258 -0.6761370301246643 42.98011016845703
v 17.473478317260742 -2.30837345123291 41.837135314941406
v 19.239463806152344 -1.707740068435669 43.45876693725586
v 19.853023529052734 -2.663722515106201 42.629798889160156
v 15.648123741149902 -3.8590290546417236 41.021400451660156
v 17.119443893432617 -4.254936218261719 41.77420425415039
v 18.40732192993164 -3.2912139892578125 42.58660888671875
v 18.436193466186523 -5.340333461761475 43.348236083984375
v 16.09542465209961 -6.366364002227783 42.074913024902344
v 17.865978240966797 -4.793261528015137 42.4830436706543
v 20.378190994262695 -3.117912530899048 43.158058166503906
v 20.3175048828125 -2.68833589553833 43.99337387084961
v 21.138734817504883 -2.5160410404205322 45.14881896972656
v 21.827293395996094 -3.56018328666687 44.65793991088867
v 16.677095413208008 -5.381046772003174 41.86298370361328
v -7.898327827453613 5.94127893447876 46.88771438598633
v -6.626084327697754 6.508320331573486 46.96001052856445
v -3.0180275440216064 6.382155895233154 47.38130187988281
v -4.601810455322266 5.739416599273682 46.88601303100586
v 5.158171653747559 -5.046131610870361 42.50642013549805
v 5.206392288208008 -3.811969518661499 43.05031967163086
v 4.171383380889893 -5.536158561706543 42.740169525146484
v -9.229705810546875 12.7193021774292 41.46661376953125
v -10.689338684082031 11.942038536071777 42.420814514160156
v -10.65698528289795 13.870180130004883 41.24184036254883
v -10.784696578979492 12.055896759033203 41.42218017578125
v -1.5775909423828125 15.054418563842773 40.80018615722656
v -3.7114648818969727 15.592124938964844 40.30443572998047
v -1.3799858093261719 16.842077255249023 40.55219268798828
v -7.544682025909424 14.280019760131836 40.62262725830078
v -11.040584564208984 15.861946105957031 40.80583572387695
v -9.175061225891113 16.186952590942383 40.36031723022461
v -11.727442741394043 17.566938400268555 40.766056060791016
v -7.189642906188965 18.418119430541992 39.92872619628906
v -6.131955146789551 16.059860229492188 40.12548065185547
v -3.4473717212677 17.88559913635254 40.0713005065918
v -9.451305389404297 4.909056663513184 47.03229904174805
v -8.0584716796875 3.8512916564941406 46.58562088012695
v -9.11414623260498 3.0839359760284424 46.82927322387695
v 3.883838176727295 -10.146638870239258 43.404197692871094
v 3.217258930206299 -10.205230712890625 44.0732536315918
v 4.271308422088623 -9.41295337677002 42.75309753417969
v 2.5642247200012207 -9.90065860748291 44.71715545654297
v 2.727231740951538 -10.293778419494629 44.80818176269531
v 1.0103182792663574 -7.973212718963623 43.187705993652344
v 0.5006313323974609 -9.474331855773926 42.70270919799805
v 2.15051531791687 -5.904588222503662 44.873191833496094
v 1.284782886505127 -9.535866737365723 43.19560241699219
v 2.7256836891174316 -8.800941467285156 43.874019622802734
v 2.3544673919677734 -7.791629791259766 44.37194061279297
v 2.0782999992370605 -9.276030540466309 43.92108154296875
v 2.997671365737915 -6.125182151794434 43.48918151855469
v 3.3081278800964355 -8.733834266662598 43.17493438720703
v 13.559065818786621 0.4444775879383087 36.80520248413086
v 13.432745933532715 -1.0615174770355225 36.46812057495117
v 14.25521183013916 1.0358227491378784 38.09354782104492
v 13.690339088439941 0.997199535369873 36.309837341308594
v 13.427483558654785 0.2496587634086609 36.09783172607422
v 13.920451164245605 8.713789939880371 33.1085205078125
v 14.353201866149902 7.675917148590088 31.890148162841797
v 13.425084114074707 7.392474174499512 33.14451217651367
v 13.860930442810059 6.37402868270874 32.14085006713867
v 12.72150707244873 4.653322696685791 34.41520690917969
v 13.101391792297363 5.504271984100342 33.341575622558594
v 13.21811294555664 3.899435043334961 33.52826690673828
v 13.832910537719727 4.676233768463135 32.26012420654297
v 12.67243480682373 6.555844783782959 34.49082946777344
v 14.218833923339844 2.724329948425293 32.696205139160156
v 14.645392417907715 4.72050666809082 31.365985870361328
v 14.354440689086914 6.090198516845703 31.495712280273438
v 15.343240737915039 4.978175640106201 30.878204345703125
v 14.577432632446289 3.5282962322235107 31.8609676361084
v 15.471880912780762 7.173041820526123 30.793991088867188
v 12.944964408874512 3.2827796936035156 34.7775993347168
v 13.674006462097168 2.470067262649536 33.75025177001953
v 13.686468124389648 1.8703625202178955 35.18186569213867
v 15.004610061645508 2.6028101444244385 32.184661865234375
v 14.300569534301758 1.859139323234558 33.60257339477539
v 15.220481872558594 2.2695205211639404 32.41461944580078
v 15.345641136169434 1.6345984935760498 33.22872543334961
v 16.138460159301758 2.535471200942993 32.184661865234375
v 14.279671669006348 1.511220932006836 34.860652923583984
v 15.241226196289062 1.3653197288513184 32.8538703918457
v 16.33420753479004 1.4365288019180298 32.436832427978516
v 15.616776466369629 0.2632039487361908 32.038291931152344
v 16.211063385009766 0.8140683174133301 32.063446044921875
v 14.28431510925293 1.5160198211669922 36.51711654663086
v 13.711236953735352 2.2290396690368652 37.28547668457031
v 13.32972526550293 2.363872766494751 36.356815338134766
v 13.909383773803711 1.7838280200958252 36.69103240966797
v 15.273347854614258 1.6361465454101562 38.69023132324219
v 12.671815872192383 3.811584711074829 35.70718765258789
v 12.884281158447266 3.83697247505188 36.956600189208984
v 12.697126388549805 7.49766206741333 35.14208221435547
v 12.439070701599121 5.459455966949463 35.61539077758789
v 13.275313377380371 9.098706245422363 35.67205047607422
v 13.216023445129395 8.514481544494629 34.36481857299805
v 14.770857810974121 10.998363494873047 35.93691635131836
v 16.05997657775879 6.957091808319092 30.555286407470703
v 19.184661865234375 4.013988971710205 29.43018341064453
v 18.560731887817383 4.901316165924072 29.467025756835938
v 19.534439086914062 4.604714870452881 28.747116088867188
v 17.940902709960938 6.186563014984131 29.687929153442383
v 18.086029052734375 5.328493118286133 30.031435012817383
v 18.269006729125977 5.60342264175415 31.10491371154785
v 18.783567428588867 5.792668342590332 28.922821044921875
v 20.342275619506836 3.5652942657470703 28.83612823486328
v 17.07400894165039 5.697851657867432 30.655364990234375
v 17.876813888549805 5.916820049285889 31.110872268676758
v 16.538005828857422 5.8568339347839355 30.521387100219727
v 20.48980140686035 4.108727931976318 28.427448272705078
v 3.211376190185547 -11.70743465423584 41.85075378417969
v -0.361076295375824 -12.387558937072754 41.65593719482422
v 0.6546596884727478 -11.775392532348633 42.34101104736328
v 1.671479344367981 -11.938941955566406 42.96641540527344
v -1.4659010171890259 -12.344600677490234 42.28249740600586
v 0.20449429750442505 -11.498992919921875 42.76648712158203
v 1.213341474533081 -11.727326393127441 42.656654357910156
v 1.884177803993225 -10.983733177185059 44.21357727050781
v 1.5614922046661377 -10.602764129638672 43.596309661865234
v 2.2559356689453125 -10.909274101257324 43.76875305175781
v 3.0616824626922607 -11.058735847473145 42.544578552246094
v -4.496158123016357 -13.604460716247559 42.626625061035156
v -2.8506083488464355 -13.05235767364502 42.42932891845703
v -6.62670373916626 -10.785199165344238 42.3328857421875
v -6.156646251678467 -12.512484550476074 42.55123519897461
v -8.283631324768066 -11.12584114074707 43.18801498413086
v -7.9168267250061035 -9.651812553405762 42.847835540771484
v -10.039941787719727 -10.735507011413574 44.3114128112793
v -9.790400505065918 -10.495253562927246 44.61150360107422
v -7.67726993560791 -12.110307693481445 41.566925048828125
v -7.066806793212891 -12.081358909606934 42.013912200927734
v -3.940030336380005 -13.71042251586914 42.53915786743164
v -2.7670154571533203 -20.682104110717773 55.2977409362793
v -2.322732448577881 -20.582487106323242 54.802528381347656
v -2.469717264175415 -20.434885025024414 55.051143646240234
v -9.701698303222656 -9.4155855178833 44.37782287597656
v -12.674756050109863 8.816887855529785 44.50019454956055
v -12.665777206420898 9.702435493469238 41.14826202392578
v -14.5821533203125 8.91603946685791 41.370941162109375
v -13.860233306884766 9.180364608764648 41.005374908447266
v -13.6382474899292 8.870991706848145 42.470272064208984
v -14.20211410522461 9.870086669921875 39.31075668334961
v -13.067412376403809 10.166145324707031 39.810691833496094
v -5.958731174468994 4.443488121032715 46.56572341918945
v -10.955676078796387 5.895147800445557 46.323150634765625
v -10.929049491882324 3.243459939956665 45.43868637084961
v -11.114116668701172 1.4614520072937012 45.65385818481445
v -11.449262619018555 4.754873275756836 43.708927154541016
v -12.390693664550781 7.74844217300415 43.34482955932617
v -17.494916915893555 8.681668281555176 40.022926330566406
v -16.197750091552734 8.871997833251953 40.44483947753906
v -16.793739318847656 7.104541301727295 39.38815689086914
v -17.541898727416992 9.3301362991333 38.553775787353516
v -8.492691993713379 0.33255547285079956 47.49562454223633
v -15.111268043518066 8.122366905212402 40.3896484375
v -12.06955623626709 1.3362942934036255 42.77716827392578
v -11.449262619018555 2.722085475921631 43.74220657348633
v -12.643486022949219 0.062193021178245544 42.50285720825195
v -11.561262130737305 0.2816254496574402 45.28063201904297
v -11.916610717773438 -0.6163058876991272 45.63776397705078
v -11.958562850952148 3.7336418628692627 42.41624450683594
v -11.953377723693848 6.188498020172119 43.00434494018555
v -17.83493995666504 7.752234935760498 39.490867614746094
v -15.261195182800293 6.881393909454346 39.784217834472656
v -15.454543113708496 5.8819122314453125 39.49357986450195
v -14.186787605285645 6.840603828430176 40.366817474365234
v -13.84544849395752 5.377256393432617 40.28647232055664
v -13.009825706481934 6.362186908721924 41.293235778808594
v -12.755099296569824 5.131275177001953 41.29957962036133
v -13.046669006347656 7.500525951385498 41.83697509765625
v -12.676072120666504 2.7413580417633057 41.39857482910156
v -13.202554702758789 0.5293092727661133 41.4489631652832
v -7.44909143447876 -0.5640600919723511 47.84880828857422
v -5.731558799743652 0.49819397926330566 47.207611083984375
v -7.877429485321045 1.9300388097763062 46.76557540893555
v -3.723771333694458 3.538203716278076 46.85512924194336
v -7.335620880126953 -1.073669672012329 46.952884674072266
v -5.6185526847839355 -0.26575586199760437 47.634788513183594
v -6.043563365936279 -1.4882303476333618 45.91400909423828
v -24.337650299072266 8.660073280334473 38.83047866821289
v -13.590800285339355 -0.5871257185935974 41.69935607910156
v -14.08910846710205 0.841468334197998 40.565582275390625
v -13.720368385314941 2.0392520427703857 40.50722122192383
v -14.741522789001465 2.5237834453582764 39.808834075927734
v -14.918927192687988 0.13262811303138733 40.3879508972168
v -16.12274742126465 1.8599907159805298 39.41865158081055
v -13.924631118774414 3.5295348167419434 40.17648696899414
v -20.13932991027832 4.349987506866455 39.115623474121094
v -20.284147262573242 6.13787841796875 39.21540069580078
v -18.393545150756836 5.052093982696533 38.915470123291016
v -18.193695068359375 6.45173978805542 39.07460403442383
v -17.125247955322266 3.073486804962158 39.11810302734375
v -16.64984893798828 5.96124792098999 39.16640090942383
v -16.484365463256836 2.661325454711914 39.26300048828125
v -21.28300666809082 6.047395706176758 39.53715133666992
v -21.358318328857422 7.240458011627197 39.96332931518555
v -20.820146560668945 6.871331691741943 39.56509780883789
v -19.9627742767334 7.672279357910156 39.63475799560547
v -22.692020416259766 7.028997898101807 41.044158935546875
v -22.191390991210938 7.464069843292236 39.20734786987305
v -20.540267944335938 8.070817947387695 38.42753219604492
v -20.484691619873047 8.932525634765625 37.512882232666016
v -21.694704055786133 8.171440124511719 37.98332595825195
v -21.96073341369629 9.268756866455078 37.0207633972168
v -23.320903778076172 7.697744369506836 39.82238006591797
v -22.698291778564453 7.132328510284424 41.00267028808594
v -22.765087127685547 6.620552062988281 40.83525085449219
v -22.760053634643555 7.931728363037109 38.4354248046875
v -22.769268035888672 8.795293807983398 37.41326904296875
v -12.389223098754883 -1.0565639734268188 44.67171859741211
v -12.663997650146484 -0.8882162570953369 43.47138214111328
v -10.883228302001953 -10.328144073486328 43.4135627746582
v -9.481956481933594 -10.61994743347168 42.82090377807617
v -10.087080001831055 -10.315217971801758 44.50739288330078
v -15.774055480957031 -1.705185890197754 41.32744216918945
v -15.087583541870117 -0.8396083116531372 40.84794235229492
v -14.640978813171387 -1.6877708435058594 41.7746696472168
v -16.64752769470215 -11.379096984863281 43.197303771972656
v -17.091655731201172 -10.511741638183594 43.001399993896484
v -15.275126457214355 -10.828466415405273 42.55131149291992
v -16.417415618896484 -11.280643463134766 42.50510025024414
v -16.295583724975586 -7.064212799072266 42.15819549560547
v -17.90877914428711 -9.004273414611816 41.98566436767578
v -19.302387237548828 -10.06699275970459 42.5023193359375
v -17.40172576904297 -8.733834266662598 42.81084060668945
v -16.845598220825195 -9.21465015411377 42.555416107177734
v -15.015213012695312 -8.930511474609375 41.93682098388672
v -20.95366668701172 2.7473182678222656 39.80844497680664
v -21.52155876159668 4.356799125671387 39.61122512817383
v -17.21952247619629 3.087651252746582 38.31538009643555
v -10.2964506149292 -10.638988494873047 41.890926361083984
v -9.52421760559082 -5.352407932281494 44.06845474243164
v -13.885465621948242 -5.626175880432129 41.7994384765625
v -15.038588523864746 -6.035628318786621 41.83976745605469
v -13.874551773071289 -3.902296781539917 42.233272552490234
v -15.49695873260498 -4.167086124420166 42.422672271728516
v -13.000460624694824 -5.20039176940918 41.96430206298828
v -12.748442649841309 -7.247189521789551 41.834808349609375
v -11.625272750854492 -8.010907173156738 42.23419952392578
v -11.427512168884277 -5.988336086273193 42.35796356201172
v -10.864109992980957 -4.1488189697265625 43.14335250854492
v -9.980111122131348 -7.114213943481445 43.335697174072266
v -10.638020515441895 -7.87197208404541 42.79984664916992
v -10.293198585510254 -9.13918399810791 43.376949310302734
v -11.279986381530762 -1.483354091644287 44.73418426513672
v -12.117854118347168 -2.4215340614318848 43.37137985229492
v -11.615287780761719 -4.28721284866333 42.65441131591797
v -10.68051528930664 -3.3075456619262695 43.665733337402344
v -10.883072853088379 -2.1757078170776367 44.312808990478516
v -9.991333961486816 -4.499833583831787 43.76751708984375
v -13.405733108520508 -1.8969861268997192 43.494293212890625
v -14.258308410644531 -2.3831429481506348 43.11881637573242
v -12.965243339538574 -2.473237991333008 43.07601547241211
v -14.794774055480957 -3.336416244506836 42.57941436767578
v -14.804296493530273 -11.109742164611816 41.40476989746094
v -13.650321960449219 -10.736281394958496 41.49215316772461
v -11.838204383850098 -10.786824226379395 41.3939323425293
v -9.56717586517334 -11.173443794250488 41.56452560424805
v -11.310405731201172 -10.290063858032227 42.30610275268555
v -15.632952690124512 -5.0948944091796875 42.18442916870117
v -15.41220474243164 -11.056645393371582 41.76236343383789
v -13.18343734741211 -10.359336853027344 42.346431732177734
v -11.842692375183105 -10.212042808532715 42.710140228271484
v -19.771595001220703 1.4955085515975952 39.95883560180664
v -21.947265625 1.7310404777526855 38.9705810546875
v -17.26766586303711 -2.229965925216675 39.95984649658203
v -16.93368148803711 -1.4215880632400513 41.03440475463867
v -15.813762664794922 -2.4769532680511475 42.354400634765625
v -23.971616744995117 0.34478482604026794 37.943233489990234
v -19.635986328125 0.7070998549461365 39.373836517333984
v -13.604035377502441 -8.929658889770508 41.87598419189453
v -15.536355972290039 -3.0702335834503174 43.00310134887695
v -15.60810661315918 -2.8158156871795654 42.94791793823242
v -23.18313217163086 6.185866832733154 39.84846496582031
v -22.981346130371094 4.67793607711792 40.875267028808594
v -23.588092803955078 6.670708179473877 39.2271614074707
v -23.65349769592285 2.081435441970825 39.21446990966797
v -19.342947006225586 1.323832631111145 39.755733489990234
v -22.11244010925293 3.066288471221924 40.5538215637207
v -21.472719192504883 2.6743288040161133 40.2075309753418
v -22.509353637695312 4.836995601654053 40.30907440185547
v 2.99743914604187 -8.458905220031738 13.013463973999023
v 1.6741883754730225 -7.486669063568115 13.359834671020508
v 2.430243492126465 -7.91369104385376 13.485071182250977
v 15.366151809692383 0.5659974813461304 31.13060760498047
v 14.908710479736328 1.018949270248413 31.17534828186035
v 14.510635375976562 0.43480247259140015 30.707073211669922
v 14.321855545043945 -0.21977950632572174 29.932361602783203
v 16.255645751953125 -0.2818552553653717 30.192276000976562
v 14.005051612854004 1.2455025911331177 31.012418746948242
v 17.20233917236328 -0.21768969297409058 31.460725784301758
v 18.259563446044922 -1.3355176448822021 30.853513717651367
v 18.681167602539062 -1.1854369640350342 31.15994644165039
v 12.078225135803223 0.8929401636123657 31.070701599121094
v 12.192934036254883 0.5567092895507812 30.952510833740234
v 18.969799041748047 -0.23386655747890472 30.746700286865234
v 19.05548095703125 -0.8392987251281738 31.09980583190918
v 19.377548217773438 2.650566816329956 27.40157699584961
v 18.68317985534668 3.221864938735962 27.854217529296875
v 19.492332458496094 1.5225989818572998 29.68955421447754
v 20.20411491394043 2.3401103019714355 30.214567184448242
v 18.88225555419922 1.437302827835083 27.116273880004883
v 19.24054527282715 3.29229998588562 27.102882385253906
v 19.452550888061523 1.9292649030685425 27.24243927001953
v 19.677865982055664 3.238041877746582 26.226625442504883
v 19.856197357177734 1.8874682188034058 26.229259490966797
v 20.10867691040039 1.9625474214553833 25.97507095336914
v 19.9702091217041 3.2580888271331787 25.945968627929688
v 21.140201568603516 2.2610063552856445 25.676149368286133
v 18.02875328063965 5.049849033355713 31.338279724121094
v 20.674945831298828 2.913033962249756 29.588314056396484
v 20.298385620117188 3.1219401359558105 30.312015533447266
v 20.6658878326416 2.84755277633667 30.1102294921875
v 8.744246482849121 0.5222657918930054 31.50755500793457
v 9.207261085510254 -1.0868277549743652 29.505416870117188
v 8.989530563354492 -0.8701044917106628 30.207059860229492
v 8.942161560058594 -0.3678479790687561 31.002899169921875
v 9.435361862182617 -0.8628287315368652 30.340652465820312
v 10.833304405212402 0.3013627827167511 31.148103713989258
v 10.85273265838623 0.18835701048374176 26.869365692138672
v -11.532777786254883 3.102047920227051 33.969993591308594
v -11.130291938781738 2.8128769397735596 34.705230712890625
v -10.805595397949219 1.833364725112915 35.78459167480469
v -10.933152198791504 2.3794302940368652 35.570499420166016
v -11.223174095153809 3.002742290496826 34.885498046875
v -13.477096557617188 3.2347910404205322 35.62591552734375
v -14.020840644836426 1.777481198310852 37.67983627319336
v -15.105386734008789 2.440732002258301 38.30732727050781
v -15.28905963897705 3.1189987659454346 37.431453704833984
v -10.582989692687988 3.7201738357543945 32.558349609375
v -11.40073299407959 3.4933884143829346 33.61967849731445
v -15.824675559997559 3.246168851852417 36.957603454589844
v -15.113358497619629 3.1499595642089844 36.51850891113281
v -12.01111888885498 3.554690361022949 34.20212173461914
f 1 2 3
f 4 5 6
f 1 3 7
f 4 1 7
f 7 5 4
f 8 1 4
f 9 10 6
f 11 12 13
f 12 14 15
f 13 12 15
f 16 14 12
f 13 15 17
f 18 12 11
f 19 20 21
f 21 22 23
f 24 23 25
f 26 27 23
f 28 29 30
f 31 19 21
f 32 33 34
f 32 35 36
f 37 32 34
f 33 32 36
f 36 38 39
f 40 41 42
f 40 42 43
f 44 45 46
f 47 44 48
f 48 49 50
f 47 48 50
f 50 51 47
f 44 46 48
f 52 53 54
f 55 52 56
f 55 57 52
f 58 57 55
f 59 60 61
f 59 61 62
f 59 42 41
f 42 59 62
f 42 62 63
f 64 61 65
f 65 66 37
f 65 37 34
f 67 60 59
f 60 66 61
f 61 66 65
f 68 69 41
f 68 41 40
f 68 70 69
f 46 71 49
f 48 46 49
f 46 45 71
f 60 72 66
f 67 59 41
f 69 67 41
f 73 74 75
f 76 77 78
f 78 53 76
f 76 79 77
f 53 78 80
f 81 82 83
f 84 81 83
f 85 86 87
f 87 88 81
f 89 87 84
f 90 91 85
f 89 85 87
f 85 89 92
f 84 87 81
f 83 82 93
f 94 84 95
f 94 89 84
f 92 89 94
f 94 95 96
f 95 84 83
f 95 83 93
f 97 98 95
f 96 95 98
f 95 93 97
f 99 90 92
f 90 85 92
f 92 94 96
f 100 101 102
f 103 104 100
f 104 101 100
f 105 100 106
f 102 107 106
f 106 100 102
f 108 106 107
f 108 107 109
f 110 109 111
f 109 112 111
f 110 111 113
f 111 114 113
f 115 104 103
f 116 117 118
f 119 120 117
f 116 119 117
f 121 120 119
f 120 122 117
f 117 122 123
f 117 123 124
f 12 125 16
f 126 127 125
f 18 128 125
f 128 126 125
f 18 125 12
f 129 130 131
f 132 130 133
f 133 134 135
f 132 133 135
f 131 130 132
f 133 136 134
f 129 131 137
f 138 139 137
f 137 131 140
f 140 131 141
f 141 131 142
f 140 141 143
f 138 137 140
f 131 144 142
f 141 142 145
f 146 147 148
f 145 142 147
f 149 148 150
f 142 144 151
f 151 152 147
f 142 151 147
f 147 152 148
f 135 134 153
f 154 136 155
f 153 134 136
f 153 136 154
f 150 148 156
f 157 150 158
f 132 135 151
f 135 153 152
f 151 135 152
f 156 154 158
f 148 153 156
f 148 152 153
f 153 154 156
f 156 158 150
f 154 159 158
f 131 132 144
f 144 132 151
f 143 141 145
f 145 147 160
f 143 145 161
f 143 161 162
f 161 145 160
f 160 147 146
f 161 160 146
f 161 146 163
f 146 148 149
f 164 149 150
f 165 166 30
f 30 167 168
f 169 170 165
f 171 172 169
f 172 173 169
f 169 165 171
f 30 29 167
f 166 28 30
f 169 174 175
f 169 175 170
f 170 166 165
f 175 176 170
f 166 170 177
f 173 174 169
f 166 177 28
f 164 157 178
f 164 150 157
f 158 179 157
f 158 159 179
f 179 159 180
f 180 181 179
f 179 126 128
f 178 157 179
f 15 182 17
f 17 182 183
f 181 127 179
f 179 127 126
f 16 125 127
f 155 136 184
f 155 184 185
f 159 154 185
f 184 186 185
f 155 185 154
f 180 187 181
f 188 189 190
f 189 191 190
f 192 193 194
f 192 195 196
f 197 195 192
f 198 197 192
f 199 200 198
f 199 192 201
f 200 197 198
f 202 193 196
f 194 203 192
f 196 193 192
f 192 203 204
f 192 204 205
f 198 192 199
f 192 205 201
f 206 207 208
f 206 208 193
f 193 209 194
f 194 209 210
f 193 208 211
f 211 209 193
f 202 206 193
f 212 213 214
f 203 215 214
f 213 191 189
f 204 203 213
f 216 213 189
f 217 216 189
f 188 217 189
f 204 216 218
f 218 216 217
f 204 218 205
f 218 217 219
f 217 188 220
f 219 217 221
f 203 214 213
f 212 191 213
f 216 204 213
f 221 217 220
f 222 220 223
f 223 220 188
f 224 207 206
f 202 224 206
f 222 221 220
f 225 219 221
f 218 219 223
f 226 218 223
f 227 225 222
f 225 221 222
f 225 227 222
f 205 218 228
f 228 218 226
f 219 225 222
f 219 222 223
f 229 202 196
f 195 229 196
f 201 205 230
f 230 228 231
f 230 205 228
f 232 201 230
f 14 188 233
f 14 233 15
f 16 188 14
f 15 233 182
f 188 190 233
f 187 228 181
f 223 188 16
f 223 16 127
f 127 234 223
f 228 226 127
f 127 226 234
f 234 226 223
f 181 228 127
f 231 228 187
f 235 231 187
f 236 237 238
f 239 237 240
f 237 236 240
f 229 224 202
f 237 224 229
f 238 237 229
f 229 195 241
f 238 229 241
f 241 195 197
f 242 243 244
f 245 242 244
f 246 247 248
f 249 247 246
f 250 242 245
f 251 245 252
f 252 245 253
f 254 251 252
f 255 245 244
f 255 256 249
f 253 245 255
f 249 253 255
f 184 248 257
f 258 248 184
f 255 244 256
f 249 256 247
f 136 258 184
f 247 236 248
f 248 236 259
f 236 238 259
f 259 238 241
f 259 241 197
f 248 259 257
f 259 197 257
f 200 199 201
f 200 257 197
f 260 200 201
f 244 261 262
f 262 261 240
f 256 262 240
f 236 247 240
f 262 256 244
f 256 240 247
f 260 257 200
f 184 260 232
f 186 184 232
f 184 257 260
f 185 186 263
f 185 263 159
f 232 260 201
f 263 186 231
f 263 231 264
f 231 232 230
f 186 232 231
f 159 263 180
f 264 231 235
f 180 263 264
f 264 235 187
f 180 264 187
f 265 266 267
f 268 269 270
f 271 272 273
f 274 271 273
f 273 272 275
f 272 276 277
f 272 278 279
f 272 279 276
f 271 278 272
f 280 281 282
f 283 284 273
f 284 274 273
f 273 275 285
f 272 277 275
f 285 275 286
f 285 286 287
f 288 281 287
f 281 288 282
f 286 275 277
f 277 289 286
f 287 286 288
f 288 286 290
f 282 288 290
f 291 292 293
f 289 116 294
f 295 296 291
f 295 291 294
f 294 290 289
f 296 292 291
f 286 289 290
f 291 290 294
f 291 293 290
f 282 290 293
f 280 282 293
f 297 284 283
f 298 274 284
f 298 284 299
f 299 284 297
f 300 301 302
f 303 301 300
f 304 305 306
f 306 305 307
f 304 308 305
f 308 309 305
f 308 310 309
f 311 269 312
f 313 314 315
f 316 317 315
f 314 316 315
f 318 319 316
f 318 316 314
f 318 314 320
f 321 318 320
f 319 322 317
f 317 303 315
f 316 319 317
f 314 313 323
f 320 314 323
f 324 323 313
f 323 325 326
f 324 325 323
f 327 328 329
f 270 330 328
f 270 269 330
f 331 324 313
f 331 332 324
f 324 332 333
f 324 333 325
f 300 331 313
f 303 300 313
f 303 313 315
f 118 295 294
f 277 119 289
f 119 116 289
f 116 118 294
f 277 276 119
f 279 121 276
f 334 295 265
f 118 265 295
f 121 119 276
f 117 124 118
f 118 124 265
f 123 265 124
f 301 297 335
f 335 302 301
f 287 304 336
f 281 280 337
f 337 338 304
f 335 336 306
f 337 280 338
f 338 280 339
f 336 304 306
f 335 306 302
f 280 293 339
f 304 338 308
f 338 339 340
f 338 340 341
f 341 340 342
f 308 338 341
f 297 283 335
f 283 285 335
f 285 287 336
f 287 337 304
f 283 273 285
f 287 281 337
f 285 336 335
f 296 343 292
f 293 292 344
f 339 293 340
f 293 344 340
f 296 345 343
f 299 297 322
f 322 297 301
f 322 301 317
f 317 301 303
f 302 306 307
f 302 307 300
f 307 305 346
f 307 346 347
f 310 348 349
f 312 269 348
f 310 349 309
f 312 348 310
f 305 309 346
f 346 350 347
f 331 347 332
f 332 347 350
f 300 347 331
f 300 307 347
f 341 351 352
f 353 342 340
f 351 342 353
f 351 341 342
f 308 341 352
f 351 353 354
f 355 351 354
f 310 308 352
f 352 351 356
f 351 355 356
f 310 352 356
f 356 357 310
f 312 310 357
f 311 312 357
f 269 311 330
f 353 358 354
f 354 358 359
f 355 354 359
f 359 360 355
f 361 362 360
f 363 360 329
f 355 360 363
f 363 356 355
f 363 357 356
f 311 357 363
f 363 329 364
f 329 328 364
f 364 311 363
f 330 311 364
f 365 327 329
f 359 358 366
f 359 361 360
f 367 368 361
f 367 361 366
f 359 366 361
f 362 369 365
f 362 365 360
f 365 329 360
f 367 370 368
f 368 370 362
f 370 371 362
f 368 362 361
f 371 369 362
f 372 353 344
f 358 353 372
f 372 343 334
f 372 334 366
f 358 372 366
f 334 265 373
f 334 373 366
f 373 367 366
f 267 374 375
f 375 370 267
f 367 267 370
f 373 267 367
f 340 344 353
f 344 292 372
f 292 343 372
f 328 330 364
f 348 269 376
f 265 267 373
f 343 295 334
f 343 345 295
f 295 345 296
f 377 270 328
f 378 270 377
f 377 328 327
f 378 379 380
f 381 378 382
f 383 381 382
f 270 381 383
f 378 381 270
f 384 385 386
f 385 387 386
f 388 389 390
f 390 389 9
f 389 391 9
f 391 389 392
f 384 386 393
f 393 3 384
f 387 394 386
f 7 393 5
f 5 393 386
f 5 386 395
f 386 394 395
f 6 5 395
f 394 390 395
f 3 393 7
f 395 9 6
f 390 9 395
f 10 9 391
f 396 385 384
f 397 387 385
f 398 399 388
f 388 399 400
f 399 401 400
f 401 402 400
f 400 392 389
f 402 27 392
f 23 31 21
f 388 400 389
f 400 402 392
f 27 402 23
f 387 403 394
f 394 403 390
f 390 403 388
f 404 405 406
f 407 404 408
f 409 165 168
f 409 410 411
f 411 171 409
f 409 168 412
f 171 165 409
f 168 165 30
f 411 406 172
f 411 172 171
f 413 414 415
f 414 404 411
f 410 414 411
f 413 408 414
f 415 414 410
f 408 404 414
f 404 406 411
f 416 417 418
f 413 419 420
f 413 421 419
f 422 421 418
f 421 423 418
f 413 415 423
f 423 424 418
f 417 425 418
f 423 415 424
f 424 410 412
f 412 410 409
f 421 413 423
f 410 424 415
f 418 424 412
f 412 168 426
f 427 417 416
f 418 412 416
f 427 416 428
f 426 416 412
f 416 426 429
f 168 167 426
f 426 167 429
f 428 416 429
f 430 427 428
f 431 430 428
f 29 429 167
f 432 422 433
f 432 433 434
f 433 422 425
f 422 418 425
f 399 398 417
f 433 425 435
f 422 432 421
f 398 425 417
f 419 421 434
f 435 425 436
f 436 425 398
f 437 438 439
f 437 439 440
f 433 441 440
f 441 433 442
f 433 440 443
f 444 397 445
f 445 442 446
f 441 447 440
f 397 448 445
f 448 442 445
f 449 433 443
f 387 444 403
f 444 445 403
f 433 435 446
f 445 446 436
f 446 435 436
f 450 388 403
f 450 436 398
f 450 398 388
f 442 433 446
f 445 450 403
f 445 436 450
f 451 452 448
f 452 442 448
f 453 451 397
f 397 444 387
f 451 448 397
f 396 453 385
f 453 397 385
f 417 427 401
f 399 417 401
f 427 402 401
f 402 430 31
f 402 31 23
f 402 427 430
f 31 431 19
f 31 430 431
f 454 40 455
f 456 454 455
f 40 43 455
f 457 458 459
f 459 458 460
f 454 68 40
f 458 68 454
f 458 454 460
f 461 462 463
f 464 462 461
f 464 465 462
f 464 466 465
f 466 464 467
f 468 469 466
f 470 464 461
f 470 461 471
f 465 472 462
f 466 473 465
f 466 469 473
f 474 475 476
f 477 478 474
f 477 474 476
f 477 476 479
f 480 481 469
f 482 480 469
f 481 483 477
f 481 477 473
f 481 473 469
f 477 479 473
f 476 484 479
f 465 479 484
f 473 479 465
f 465 484 472
f 485 486 482
f 487 488 489
f 482 469 489
f 488 482 489
f 489 469 468
f 490 491 88
f 88 491 81
f 491 485 81
f 485 82 81
f 488 485 482
f 82 485 488
f 492 493 494
f 495 492 494
f 494 493 496
f 475 474 496
f 478 494 474
f 494 478 483
f 474 494 496
f 483 478 477
f 491 497 486
f 491 486 485
f 480 498 481
f 482 486 480
f 499 500 501
f 502 503 504
f 505 506 507
f 504 505 508
f 503 502 500
f 502 501 500
f 509 505 504
f 510 506 505
f 509 510 505
f 510 511 506
f 512 513 514
f 501 502 513
f 513 502 514
f 515 516 506
f 511 515 506
f 516 515 517
f 516 517 518
f 516 518 507
f 518 519 507
f 505 507 520
f 506 516 507
f 521 522 523
f 521 523 524
f 525 526 527
f 528 525 527
f 529 528 530
f 529 531 528
f 532 531 529
f 522 532 529
f 522 529 523
f 523 529 530
f 533 519 532
f 532 519 531
f 519 534 531
f 525 535 536
f 534 535 525
f 534 525 528
f 531 534 528
f 519 537 538
f 520 519 533
f 534 538 535
f 539 540 535
f 538 539 535
f 519 538 534
f 519 518 537
f 520 507 519
f 504 508 502
f 541 542 543
f 278 544 279
f 545 546 547
f 548 545 549
f 278 546 544
f 550 551 545
f 545 551 546
f 547 546 278
f 552 545 547
f 547 278 271
f 551 553 546
f 553 544 546
f 554 555 556
f 556 541 557
f 524 555 558
f 558 555 554
f 559 560 558
f 561 562 560
f 560 562 558
f 563 564 541
f 556 563 541
f 555 563 556
f 530 563 524
f 523 530 524
f 555 524 563
f 541 564 542
f 521 524 562
f 558 562 524
f 563 530 564
f 502 508 514
f 514 508 521
f 514 521 561
f 562 561 521
f 565 549 566
f 549 565 567
f 274 568 271
f 569 570 571
f 568 570 569
f 548 549 572
f 549 545 566
f 572 573 574
f 574 573 575
f 576 548 572
f 574 577 572
f 572 549 573
f 573 549 567
f 552 547 271
f 568 552 271
f 552 566 545
f 552 568 566
f 578 513 512
f 527 574 579
f 527 526 574
f 536 577 574
f 577 576 572
f 525 536 526
f 526 536 574
f 536 580 577
f 540 581 535
f 535 581 536
f 579 574 575
f 564 528 582
f 564 530 528
f 527 579 582
f 528 527 582
f 583 500 499
f 584 585 583
f 499 501 578
f 585 500 583
f 584 583 586
f 585 584 587
f 588 589 590
f 591 592 589
f 589 592 590
f 593 509 504
f 593 510 509
f 593 504 587
f 587 504 503
f 510 594 511
f 592 595 594
f 594 510 590
f 592 594 590
f 590 510 593
f 588 593 596
f 597 595 592
f 588 590 593
f 578 501 513
f 598 584 586
f 587 584 598
f 587 598 599
f 599 598 514
f 600 599 514
f 511 601 515
f 595 601 511
f 595 511 594
f 503 500 585
f 602 593 587
f 596 593 602
f 603 596 602
f 503 585 587
f 587 599 602
f 604 596 603
f 602 599 600
f 605 588 604
f 605 591 589
f 589 588 605
f 588 596 604
f 606 607 608
f 608 609 610
f 565 607 611
f 611 607 606
f 597 612 595
f 595 612 601
f 612 613 601
f 614 615 616
f 615 600 561
f 617 600 615
f 614 617 615
f 600 514 561
f 602 600 617
f 618 604 603
f 603 602 619
f 619 602 617
f 618 605 604
f 322 620 299
f 621 573 567
f 274 298 622
f 609 623 274
f 565 566 623
f 609 274 622
f 565 623 607
f 608 623 609
f 609 622 610
f 610 622 620
f 566 569 623
f 567 565 624
f 607 623 608
f 622 298 299
f 620 622 299
f 571 570 568
f 571 568 274
f 569 571 623
f 566 568 569
f 623 571 274
f 575 573 621
f 625 499 578
f 583 499 625
f 586 583 625
f 512 625 578
f 512 586 625
f 598 586 512
f 514 598 512
f 626 627 628
f 628 627 629
f 628 629 630
f 631 628 630
f 632 631 74
f 633 632 74
f 631 634 74
f 635 634 631
f 636 631 637
f 635 631 636
f 631 630 637
f 638 639 632
f 639 631 632
f 632 633 638
f 640 639 638
f 540 539 641
f 597 592 591
f 642 643 644
f 642 644 645
f 646 597 644
f 643 646 644
f 644 597 591
f 645 647 648
f 649 645 648
f 645 644 647
f 597 646 612
f 649 648 650
f 651 649 650
f 652 651 650
f 653 612 646
f 647 644 605
f 644 591 605
f 647 605 654
f 648 647 654
f 648 654 650
f 655 656 548
f 656 657 548
f 493 492 652
f 652 658 651
f 493 650 496
f 659 650 654
f 493 652 650
f 496 650 659
f 580 576 577
f 655 548 576
f 576 580 655
f 580 660 655
f 661 656 655
f 660 662 655
f 662 661 655
f 662 663 664
f 581 580 536
f 660 663 662
f 663 665 664
f 662 664 661
f 661 666 667
f 664 666 661
f 464 470 467
f 93 488 487
f 82 488 93
f 643 653 646
f 663 668 669
f 663 669 665
f 668 663 660
f 580 668 660
f 581 668 580
f 665 669 670
f 668 671 669
f 671 656 669
f 667 669 656
f 672 669 667
f 669 672 670
f 665 670 673
f 665 673 664
f 664 673 666
f 661 667 656
f 673 670 672
f 666 672 667
f 666 673 672
f 674 614 675
f 675 614 676
f 677 678 679
f 680 475 681
f 675 679 678
f 462 472 682
f 475 659 681
f 476 475 680
f 683 476 680
f 484 476 683
f 681 679 684
f 678 674 675
f 484 683 472
f 674 617 614
f 618 677 659
f 618 603 677
f 677 603 619
f 681 659 677
f 619 617 674
f 681 677 679
f 678 619 674
f 677 619 678
f 659 654 605
f 659 605 618
f 496 659 475
f 548 550 545
f 657 685 550
f 657 550 548
f 553 686 544
f 550 685 551
f 687 688 689
f 687 690 691
f 692 688 693
f 688 694 693
f 43 42 695
f 43 695 696
f 455 43 697
f 80 698 699
f 80 78 698
f 36 39 700
f 39 701 700
f 701 76 700
f 701 79 76
f 702 36 700
f 703 700 57
f 33 36 702
f 702 700 692
f 692 700 703
f 57 700 53
f 54 53 80
f 52 57 53
f 53 700 76
f 699 54 80
f 52 54 56
f 54 699 56
f 689 703 57
f 704 57 58
f 57 704 689
f 689 704 705
f 692 703 689
f 690 699 706
f 690 706 707
f 708 690 707
f 706 699 709
f 706 710 707
f 705 711 56
f 705 56 690
f 687 705 690
f 690 56 699
f 712 713 714
f 63 62 64
f 715 63 64
f 65 716 64
f 62 61 64
f 716 717 64
f 718 64 717
f 718 717 719
f 720 721 722
f 722 721 693
f 717 34 723
f 724 717 723
f 724 723 725
f 725 692 693
f 718 719 714
f 64 718 715
f 715 718 726
f 63 715 726
f 42 63 695
f 714 719 727
f 727 719 728
f 696 63 713
f 713 726 714
f 726 718 714
f 695 63 696
f 713 63 726
f 716 65 34
f 717 716 34
f 724 725 728
f 719 724 728
f 717 724 719
f 728 725 693
f 728 693 721
f 723 34 33
f 702 723 33
f 725 723 702
f 692 689 688
f 702 692 725
f 712 714 727
f 711 55 56
f 58 55 711
f 705 704 711
f 704 58 711
f 689 705 687
f 729 730 212
f 212 730 731
f 214 729 212
f 212 731 191
f 732 731 733
f 732 191 731
f 731 734 733
f 735 732 733
f 190 191 732
f 735 733 736
f 729 214 215
f 182 737 183
f 736 182 233
f 190 732 735
f 233 735 736
f 190 735 233
f 183 737 738
f 736 739 182
f 182 739 737
f 736 734 739
f 733 734 736
f 737 740 738
f 739 741 740
f 737 739 740
f 742 743 744
f 742 744 745
f 746 742 747
f 743 742 746
f 747 742 745
f 748 749 750
f 751 750 749
f 752 753 750
f 754 750 751
f 755 756 750
f 755 750 754
f 754 757 758
f 759 758 760
f 758 744 754
f 750 753 748
f 754 751 757
f 755 754 761
f 762 747 745
f 745 759 763
f 758 759 744
f 745 744 759
f 763 759 760
f 757 751 764
f 757 764 765
f 766 758 765
f 758 766 760
f 757 765 758
f 761 754 744
f 767 768 755
f 761 767 755
f 767 761 769
f 769 761 743
f 761 744 743
f 770 771 772
f 773 770 772
f 748 774 775
f 776 774 748
f 753 776 748
f 777 778 779
f 749 748 775
f 774 779 775
f 780 781 782
f 783 784 785
f 780 782 786
f 787 783 785
f 785 786 787
f 785 780 786
f 788 784 789
f 779 778 790
f 776 779 774
f 790 778 788
f 791 792 777
f 777 792 778
f 780 788 793
f 778 792 793
f 780 785 784
f 781 780 793
f 778 793 788
f 788 780 784
f 775 794 795
f 795 764 775
f 796 797 794
f 765 795 798
f 796 773 797
f 794 797 795
f 749 775 751
f 751 775 764
f 794 799 796
f 764 795 765
f 756 752 750
f 755 800 756
f 801 802 803
f 804 801 694
f 694 801 805
f 805 801 803
f 806 694 805
f 688 804 694
f 802 791 803
f 804 687 691
f 801 708 802
f 690 708 691
f 691 708 801
f 804 691 801
f 807 808 809
f 807 806 808
f 810 805 803
f 810 803 811
f 806 805 810
f 808 806 810
f 803 791 777
f 693 694 722
f 720 812 806
f 688 687 804
f 812 722 694
f 812 694 806
f 720 722 812
f 813 721 720
f 720 806 807
f 43 696 814
f 815 43 814
f 697 815 816
f 697 43 815
f 777 776 817
f 818 819 820
f 821 819 818
f 821 818 791
f 820 822 823
f 820 823 781
f 802 708 707
f 707 821 802
f 802 821 791
f 818 820 793
f 820 781 793
f 791 818 792
f 818 793 792
f 824 825 768
f 712 826 827
f 696 828 829
f 696 713 828
f 828 713 712
f 828 712 827
f 830 825 831
f 826 727 832
f 833 826 832
f 833 832 813
f 712 727 826
f 832 727 728
f 728 721 832
f 832 721 813
f 825 830 800
f 800 830 756
f 824 768 767
f 755 768 800
f 834 487 489
f 93 487 835
f 97 93 836
f 837 770 838
f 837 839 840
f 837 771 770
f 840 839 841
f 842 91 843
f 843 91 90
f 843 90 99
f 844 843 845
f 823 844 845
f 844 842 843
f 781 823 845
f 845 99 782
f 781 845 782
f 99 96 846
f 847 846 96
f 847 96 848
f 782 99 786
f 99 846 786
f 846 847 787
f 787 786 846
f 843 99 845
f 787 847 783
f 99 92 96
f 96 98 848
f 849 769 743
f 746 849 743
f 746 747 850
f 851 850 852
f 852 850 762
f 762 850 747
f 853 854 855
f 853 855 856
f 854 857 855
f 856 855 858
f 857 859 860
f 857 860 855
f 858 855 860
f 861 862 857
f 862 863 864
f 862 864 865
f 857 862 865
f 859 857 865
f 865 864 849
f 746 865 849
f 865 746 866
f 866 859 865
f 859 866 867
f 860 859 867
f 868 869 870
f 870 869 871
f 871 869 854
f 869 861 854
f 871 854 853
f 872 869 868
f 871 853 873
f 874 870 873
f 870 871 873
f 869 875 861
f 854 861 857
f 876 877 875
f 878 879 880
f 869 872 875
f 875 877 863
f 861 863 862
f 879 881 882
f 879 882 880
f 876 879 877
f 877 879 878
f 863 877 878
f 861 875 863
f 863 878 864
f 825 880 882
f 864 824 849
f 849 824 769
f 880 825 824
f 878 880 824
f 878 824 864
f 866 746 850
f 851 867 866
f 866 850 851
f 867 851 883
f 824 767 769
f 762 745 763
f 762 763 884
f 885 396 384
f 885 2 886
f 384 3 885
f 2 885 3
f 2 887 886
f 888 887 889
f 889 887 2
f 890 889 891
f 738 740 890
f 738 890 892
f 885 886 893
f 893 396 885
f 894 895 896
f 897 898 899
f 896 895 899
f 895 897 899
f 900 901 902
f 903 904 901
f 900 903 901
f 900 905 903
f 901 895 894
f 901 904 895
f 904 897 895
f 900 906 907
f 900 902 906
f 908 900 909
f 906 910 911
f 906 902 910
f 268 270 376
f 376 270 912
f 913 914 915
f 916 914 913
f 917 918 913
f 918 916 913
f 919 916 918
f 919 912 916
f 920 912 919
f 921 922 923
f 923 924 921
f 924 925 921
f 924 926 925
f 927 924 923
f 927 928 924
f 929 923 930
f 928 931 926
f 928 926 924
f 932 933 934
f 935 932 926
f 932 934 926
f 926 934 925
f 925 936 921
f 925 934 936
f 921 936 937
f 936 938 939
f 937 936 939
f 938 940 939
f 934 938 936
f 941 939 940
f 939 942 937
f 937 942 943
f 943 942 944
f 939 941 942
f 945 946 947
f 945 947 948
f 947 931 928
f 948 928 927
f 947 928 948
f 929 948 927
f 929 927 923
f 949 929 930
f 949 930 950
f 949 950 915
f 951 929 949
f 914 951 949
f 915 914 949
f 942 941 952
f 941 953 952
f 952 953 954
f 952 954 955
f 952 956 957
f 955 958 952
f 952 958 956
f 952 957 942
f 942 957 959
f 960 961 940
f 940 961 953
f 953 961 954
f 940 953 941
f 931 962 935
f 931 935 926
f 934 933 960
f 934 960 938
f 960 940 938
f 963 964 965
f 917 963 966
f 930 964 950
f 915 950 963
f 963 950 964
f 917 913 915
f 917 915 963
f 967 968 969
f 968 970 971
f 972 905 973
f 974 905 972
f 972 975 974
f 972 976 975
f 972 973 976
f 975 976 977
f 977 976 971
f 977 971 970
f 971 976 978
f 969 979 980
f 969 971 978
f 978 979 969
f 979 978 981
f 981 944 979
f 944 982 979
f 982 944 942
f 983 984 985
f 986 984 983
f 978 983 987
f 983 985 987
f 983 978 976
f 982 988 979
f 979 988 980
f 982 942 959
f 959 989 982
f 990 988 982
f 973 991 992
f 983 993 986
f 993 994 986
f 995 993 983
f 992 996 995
f 997 998 996
f 973 992 995
f 973 995 976
f 976 995 983
f 996 998 993
f 996 993 995
f 957 956 989
f 957 989 959
f 956 999 989
f 1000 1001 999
f 958 1000 956
f 958 1002 1003
f 958 1003 1000
f 956 1000 999
f 1000 1003 1004
f 989 999 990
f 999 1001 990
f 989 990 982
f 988 990 1005
f 1006 897 1007
f 897 1008 898
f 898 1008 1006
f 1008 897 1006
f 1009 1010 1011
f 1012 1013 1014
f 1015 1016 1017
f 1018 1016 1015
f 909 900 907
f 909 907 1019
f 333 1020 325
f 333 1021 1020
f 325 1022 326
f 1022 325 1020
f 1020 1023 1022
f 1020 1019 1023
f 1019 907 1023
f 1024 908 909
f 1019 1020 1021
f 1019 1024 909
f 906 911 1023
f 1023 911 1022
f 911 1025 1022
f 1023 907 906
f 1026 1027 452
f 1026 452 451
f 453 1026 451
f 1028 453 396
f 893 1028 396
f 943 944 981
f 921 937 987
f 937 943 987
f 981 987 943
f 922 1029 964
f 922 1030 1029
f 984 1031 985
f 923 922 930
f 922 964 930
f 1030 985 1031
f 922 987 1030
f 985 1030 987
f 987 922 921
f 987 981 978
f 1032 966 1033
f 1034 920 1032
f 1031 1035 1030
f 1030 1035 1036
f 965 964 1029
f 1030 1036 1029
f 966 963 965
f 1029 1037 965
f 1038 1029 1036
f 1039 1040 1041
f 380 1039 1041
f 1041 1040 1042
f 1042 380 1041
f 378 380 1043
f 382 378 1043
f 380 1042 951
f 951 1043 380
f 914 382 1043
f 1043 951 914
f 912 270 383
f 383 382 916
f 912 383 916
f 914 916 382
f 1040 1044 945
f 1042 1040 945
f 951 1042 929
f 1042 945 948
f 1042 948 929
f 1044 946 945
f 332 350 1045
f 920 1046 1047
f 1048 1049 350
f 1048 920 1049
f 1045 350 1049
f 920 1047 1049
f 1045 333 332
f 1045 1021 333
f 1024 1049 1047
f 1049 1024 1045
f 1045 1024 1050
f 1046 1024 1047
f 1050 1021 1045
f 1024 1019 1050
f 1021 1050 1019
f 309 1051 1048
f 348 376 349
f 349 1051 309
f 309 1048 1052
f 1052 350 346
f 1052 1048 350
f 346 309 1052
f 992 991 1053
f 992 1053 1054
f 1054 996 992
f 997 996 1054
f 1053 1055 1054
f 1056 1055 1033
f 1055 1034 1033
f 1056 1033 1037
f 1055 1056 1054
f 1057 1056 1037
f 1054 1056 1057
f 1057 1037 1038
f 1036 1057 1038
f 997 1054 1057
f 1036 997 1057
f 1058 1059 1060
f 991 1058 1060
f 973 1058 991
f 1061 1059 1058
f 905 1058 973
f 905 1062 1061
f 1062 1059 1061
f 1060 1062 1053
f 991 1060 1053
f 1062 1046 1055
f 1060 1059 1062
f 1062 1055 1053
f 1055 1046 1034
f 904 903 1063
f 904 1063 1013
f 904 1013 1012
f 904 1012 1007
f 897 904 1007
f 1064 1031 984
f 994 984 986
f 1065 998 1066
f 993 998 1065
f 998 997 1066
f 1031 1067 1065
f 984 994 1064
f 1067 1031 1064
f 1067 1064 994
f 994 993 1067
f 974 1013 905
f 905 1063 903
f 1063 905 1013
f 905 1061 1058
f 1062 905 908
f 908 905 900
f 1024 1062 908
f 1046 1062 1024
f 1066 997 1036
f 1031 1065 1035
f 1035 1066 1036
f 993 1065 1067
f 1035 1065 1066
f 1033 1034 1032
f 1037 1033 966
f 966 965 1037
f 1038 1037 1029
f 1051 376 912
f 920 1051 912
f 349 376 1051
f 1051 920 1048
f 1046 920 1034
f 1032 919 918
f 1032 917 966
f 1032 918 917
f 1032 920 919
f 269 268 376
f 538 1068 539
f 537 1069 538
f 1070 1071 1072
f 1070 1072 1073
f 1070 1074 1075
f 1076 1075 1074
f 1074 1077 1078
f 1074 1078 1076
f 1079 1080 1073
f 1070 1073 1081
f 517 1082 1083
f 515 1082 517
f 517 1069 518
f 517 1084 1069
f 518 1069 537
f 601 1082 515
f 613 1082 601
f 1085 1084 1086
f 1083 1084 517
f 1069 1084 1085
f 1085 1087 1068
f 539 1068 641
f 1069 1085 1068
f 538 1069 1068
f 613 1088 1082
f 612 653 613
f 1082 1088 1083
f 1085 1089 1087
f 1090 1072 1071
f 1091 1090 1092
f 1092 1090 1071
f 1070 1093 1071
f 1075 1093 1070
f 1092 1071 1093
f 1094 1076 1095
f 1090 1096 1072
f 1097 1096 1090
f 1073 1096 1079
f 1096 1073 1072
f 1094 1092 1093
f 1098 1097 1090
f 1094 1093 1075
f 1075 1076 1094
f 1099 1100 1101
f 1102 1100 1103
f 1100 1099 1103
f 1104 1105 1106
f 1101 1107 1104
f 1099 1104 1108
f 1101 1104 1099
f 1095 1076 1109
f 1089 1102 1087
f 1102 1110 1100
f 1089 1110 1102
f 1089 1086 1110
f 1086 1089 1085
f 1111 643 1112
f 581 540 668
f 1068 1087 641
f 540 1113 668
f 1114 1115 1116
f 1116 1117 1118
f 1099 1108 1119
f 1104 1120 1108
f 1121 1122 1123
f 1123 1124 671
f 1122 1125 1124
f 1124 1125 685
f 657 1124 685
f 671 657 656
f 1123 1122 1124
f 1124 657 671
f 1125 1126 685
f 1127 1128 1129
f 1130 1127 1129
f 1131 1127 1130
f 1122 1132 1131
f 1133 1130 1134
f 1126 1134 1129
f 1126 1133 1134
f 1135 1133 1126
f 1132 1136 1127
f 1130 1129 1134
f 1131 1132 1127
f 1121 1132 1122
f 1122 1131 1125
f 1131 1130 1133
f 1131 1133 1135
f 1131 1126 1125
f 1131 1135 1126
f 1137 1138 1139
f 1140 1141 1139
f 1142 1139 1143
f 1138 1136 1144
f 1139 1138 1144
f 1136 1132 1144
f 1140 1144 1121
f 1140 1139 1144
f 1142 1137 1139
f 1144 1132 1121
f 1141 1143 1139
f 1108 1137 1142
f 1136 1114 1127
f 1114 1145 1115
f 1145 1114 1146
f 1146 1114 1136
f 1114 1116 1147
f 1127 1114 1147
f 1127 1147 1128
f 1146 1136 1138
f 1113 1148 1121
f 1140 1121 1148
f 1121 1123 1113
f 1106 1149 1120
f 1120 1104 1106
f 1120 1149 1150
f 1120 1150 1146
f 641 1148 1113
f 1087 1148 641
f 668 1113 1123
f 540 641 1113
f 668 1123 671
f 1102 1103 1141
f 1119 1108 1142
f 1119 1142 1143
f 1103 1119 1143
f 1102 1141 1140
f 1087 1102 1140
f 1103 1143 1141
f 1103 1099 1119
f 1087 1140 1148
f 1137 1120 1138
f 1108 1120 1137
f 1120 1146 1138
f 35 37 1151
f 37 35 32
f 36 35 38
f 1151 1152 35
f 35 1152 38
f 1151 1153 1152
f 37 1153 1151
f 1154 1155 1156
f 1154 38 1152
f 1156 1155 45
f 1156 45 44
f 701 38 1154
f 38 701 39
f 1156 44 47
f 709 698 1157
f 699 698 709
f 1157 1158 1159
f 698 1158 1157
f 77 1160 1161
f 77 1161 1158
f 78 77 1158
f 78 1158 698
f 79 1162 77
f 51 1163 1162
f 49 51 50
f 77 1162 1160
f 701 1154 1156
f 1162 47 51
f 1156 47 1162
f 1156 1162 79
f 701 1156 79
f 706 709 710
f 495 1164 1165
f 1166 1164 495
f 498 495 483
f 492 495 1165
f 498 1166 495
f 1167 1166 1168
f 497 1166 498
f 495 494 483
f 497 1168 1166
f 490 1168 497
f 490 497 491
f 486 497 498
f 481 498 483
f 486 498 480
f 1169 1170 1171
f 1172 1173 1174
f 1174 1173 457
f 1173 458 457
f 1175 1176 1170
f 1176 1177 1170
f 1178 1175 1179
f 1172 1174 1178
f 1176 1175 1174
f 1175 1178 1174
f 1176 457 1177
f 1176 1174 457
f 1180 1181 1182
f 1180 1183 1181
f 1184 1185 1181
f 1181 1186 1184
f 1181 1185 1182
f 1187 1186 1181
f 1186 1187 1188
f 1187 1181 1183
f 1189 1186 1188
f 1190 1189 1188
f 1191 1192 1193
f 1180 1182 1191
f 1194 1180 1191
f 1191 1182 1192
f 1195 1188 1187
f 1196 1183 1197
f 1183 1195 1187
f 1183 1198 1197
f 1183 1180 1198
f 1198 1180 1194
f 1197 1198 1199
f 1200 1201 1202
f 1203 1204 1202
f 1193 1205 1206
f 1206 1207 1208
f 1209 1210 1211
f 1212 1213 1209
f 1214 1215 1213
f 1215 1209 1213
f 1216 1214 1213
f 1217 1216 1218
f 1216 1213 1218
f 1185 1219 1182
f 1192 1219 1220
f 1182 1219 1192
f 1221 1219 1185
f 1192 1220 1193
f 1222 1203 1223
f 1161 1160 1222
f 1179 1172 1178
f 1224 1179 1225
f 1226 1227 1228
f 1229 1230 1231
f 1230 1232 1231
f 1232 1216 1231
f 1232 1214 1216
f 1233 1227 1234
f 1235 1233 1234
f 1235 1179 1233
f 1228 1227 1233
f 1233 1179 1175
f 1227 1229 1234
f 1229 1231 1234
f 1234 1231 1235
f 1231 1216 1235
f 1217 1235 1216
f 1236 1237 1238
f 1233 1175 1228
f 1224 1172 1179
f 1191 1193 1206
f 1191 1206 1208
f 1194 1191 1208
f 1199 1194 1208
f 1238 1237 1208
f 1237 1199 1208
f 1202 1204 1200
f 1239 1200 1240
f 1197 1201 1200
f 1237 1197 1199
f 1197 1237 1201
f 1200 1204 1240
f 1194 1199 1198
f 1241 1242 1243
f 1244 1245 1246
f 1244 1247 1245
f 1246 1245 1248
f 102 101 1249
f 1250 1249 1251
f 102 1249 1250
f 102 1250 107
f 107 1250 112
f 1251 1249 1252
f 1250 1253 112
f 1254 1255 1256
f 1255 1257 1258
f 1259 1260 1254
f 1261 1254 1260
f 1262 1261 1260
f 1263 1254 1256
f 1254 1263 1259
f 1259 1263 1264
f 1263 1265 1266
f 1264 1263 1266
f 1267 1268 1242
f 1263 1256 1265
f 1267 1258 1257
f 1258 1267 1256
f 1255 1258 1256
f 1267 1242 1265
f 1256 1267 1265
f 1265 1242 1266
f 1266 1242 1241
f 1268 1269 1270
f 1242 1268 1270
f 1242 1270 1243
f 1268 1257 1271
f 1268 1267 1257
f 1272 1273 1274
f 1255 1272 1257
f 1272 1255 1273
f 1273 1255 1261
f 1275 1273 1261
f 1261 1255 1254
f 1276 1277 1278
f 1279 1280 1281
f 1282 1273 1280
f 1282 1280 1283
f 1283 1279 1276
f 1280 1279 1283
f 1279 1277 1276
f 1275 1281 1280
f 1280 1273 1275
f 1262 1275 1261
f 1274 1284 1272
f 1279 1281 1277
f 1282 1274 1273
f 1285 1282 1286
f 1286 1287 1288
f 1253 1251 1289
f 1250 1251 1253
f 1286 1276 1287
f 1276 1278 1287
f 1282 1283 1286
f 1286 1283 1276
f 1284 1290 1257
f 1257 1272 1284
f 1291 1278 1277
f 842 86 91
f 1292 1293 1294
f 1292 1294 844
f 844 1294 842
f 1295 1293 1292
f 1296 1297 1298
f 1299 1298 1300
f 1301 1202 1296
f 1201 1296 1202
f 1296 1298 1302
f 1303 1297 1304
f 1297 1303 1298
f 1300 1305 1306
f 1300 1303 1305
f 1300 1298 1303
f 1307 1299 1300
f 1303 1304 1308
f 1307 1300 1306
f 1295 1309 1293
f 1203 1202 1309
f 1309 1202 1301
f 1309 1223 1203
f 1310 1309 1301
f 1223 1309 1295
f 1309 1310 1293
f 1301 1296 1302
f 1311 1302 1298
f 1311 1298 1299
f 1301 1302 1311
f 1301 1311 1310
f 1294 1310 1311
f 1294 1311 86
f 842 1294 86
f 1311 1299 86
f 1293 1310 1294
f 1299 1307 86
f 91 86 85
f 86 1307 87
f 1307 1306 87
f 87 1306 88
f 1158 1161 1159
f 1161 1222 1159
f 1222 1223 1159
f 1306 1305 490
f 1306 490 88
f 1312 1164 1166
f 1308 1312 1167
f 1167 1312 1166
f 1308 1313 1312
f 1304 1313 1308
f 1314 1308 1167
f 1314 1167 1168
f 1303 1308 1314
f 1303 1314 1305
f 1314 1168 1305
f 490 1305 1168
f 1295 1292 1315
f 1159 1223 1295
f 1292 822 1315
f 709 819 707
f 820 1315 822
f 821 707 819
f 710 709 707
f 819 1315 820
f 1159 1295 1157
f 1157 1315 819
f 709 1157 819
f 1157 1295 1315
f 1237 1297 1201
f 1296 1201 1297
f 1316 642 1317
f 1317 645 649
f 642 645 1317
f 651 658 649
f 1205 1318 1206
f 1319 1320 1321
f 1322 1238 1323
f 1236 1238 1322
f 1324 1320 1319
f 1206 1324 1207
f 1238 1207 1321
f 1320 1325 1321
f 1238 1321 1323
f 1324 1319 1207
f 1319 1321 1207
f 1326 1327 1317
f 1326 1317 649
f 1328 1327 1326
f 1328 1326 1165
f 1328 1323 1325
f 1325 1329 1327
f 1325 1327 1328
f 1321 1325 1323
f 1322 1323 1164
f 1164 1323 1328
f 1322 1164 1312
f 1164 1328 1165
f 1326 649 658
f 1165 1326 658
f 1313 1304 1236
f 1208 1207 1238
f 1165 658 652
f 652 492 1165
f 1313 1322 1312
f 1313 1236 1322
f 1237 1236 1304
f 1297 1237 1304
f 822 1292 844
f 822 844 823
f 1330 643 642
f 1330 642 1316
f 1331 1112 643
f 1331 643 1330
f 72 1332 1333
f 72 1333 66
f 1334 1225 1335
f 1217 1218 1336
f 1335 1225 1217
f 1335 1217 1336
f 1337 1335 1336
f 1338 1225 1334
f 1337 1339 1335
f 1339 1334 1335
f 1339 1337 1340
f 1333 1338 1334
f 1333 1334 1339
f 1337 1336 1340
f 1341 1339 1340
f 1341 1340 1342
f 1342 1343 1344
f 1343 1342 1340
f 1344 1343 1345
f 1343 1346 1347
f 1345 1343 1348
f 1336 1218 1349
f 1340 1336 1349
f 1346 1349 1350
f 1346 1340 1349
f 1343 1340 1346
f 1153 1339 1341
f 66 1351 1153
f 1153 1333 1339
f 1351 1333 1153
f 1153 1341 1152
f 1333 1351 66
f 66 1153 37
f 1154 1344 1345
f 1154 1342 1344
f 1154 1345 1352
f 1152 1341 1342
f 1155 1154 1352
f 1152 1342 1154
f 1155 1352 45
f 1352 1345 1163
f 51 1352 1163
f 1163 1345 1348
f 1352 51 71
f 45 1352 71
f 1224 1338 1333
f 1333 1332 1224
f 1172 70 1173
f 458 1173 68
f 68 1173 70
f 1190 1188 1353
f 1354 1355 1356
f 1350 1354 1356
f 1211 1353 1355
f 1354 1211 1355
f 1355 1353 1195
f 1353 1188 1195
f 1356 1355 1195
f 1356 1196 1200
f 1357 1356 1239
f 1239 1356 1200
f 1195 1183 1196
f 1356 1195 1196
f 1196 1197 1200
f 1357 1350 1356
f 1211 1190 1353
f 1212 1209 1211
f 1213 1212 1349
f 1212 1211 1354
f 1218 1213 1349
f 1349 1354 1350
f 1349 1212 1354
f 1347 1346 1350
f 1347 1348 1343
f 1348 1347 1358
f 1348 1358 1359
f 1348 1359 1360
f 1358 1357 1361
f 1361 1357 1204
f 1361 1204 1203
f 1359 1358 1361
f 1359 1361 1203
f 1347 1350 1357
f 1347 1357 1358
f 1163 1348 1360
f 49 71 51
f 1163 1360 1362
f 1362 1360 1160
f 1362 1160 1162
f 1362 1162 1163
f 1222 1359 1203
f 1359 1222 1360
f 1160 1360 1222
f 1235 1225 1179
f 1217 1225 1235
f 1172 1224 70
f 1224 1332 70
f 70 1332 72
f 67 70 72
f 67 69 70
f 1338 1224 1225
f 60 67 72
f 1357 1239 1204
f 1204 1239 1240
f 1363 1221 1184
f 1221 1185 1184
f 1364 1241 1363
f 1365 1364 1363
f 1364 1365 1366
f 1366 1365 1186
f 1189 1366 1186
f 1365 1363 1184
f 1365 1184 1186
f 1363 1241 1367
f 1266 1241 1364
f 1264 1266 1364
f 1366 1264 1364
f 1368 1262 1260
f 1369 1368 1259
f 1260 1259 1368
f 1210 1189 1190
f 1210 1366 1189
f 1370 1259 1264
f 1369 1259 1370
f 1370 1264 1366
f 1210 1370 1366
f 1370 1210 1371
f 1215 1369 1371
f 1209 1215 1371
f 1209 1371 1210
f 1369 1370 1371
f 1210 1190 1211
f 1372 1262 1368
f 1214 1372 1368
f 1368 1369 1215
f 1215 1214 1368
f 1232 1372 1214
f 1363 1367 1221
f 1221 1367 1219
f 1367 1373 1219
f 1367 1270 1374
f 1243 1270 1367
f 1241 1243 1367
f 1375 1275 1376
f 1376 1262 1372
f 1376 1275 1262
f 1377 1227 1226
f 1377 1229 1227
f 1378 1376 1230
f 1377 1375 1229
f 1378 1230 1229
f 1376 1378 1375
f 1375 1378 1229
f 1277 1377 1291
f 1291 1377 1226
f 1377 1277 1281
f 1281 1275 1375
f 1281 1375 1377
f 1230 1376 1372
f 1232 1230 1372
f 1379 1380 1381
f 101 1381 1249
f 1381 1382 1249
f 1380 1383 1381
f 1383 1384 1385
f 1382 1383 1385
f 1252 1249 1382
f 1381 1383 1382
f 1244 1386 1247
f 1387 1382 1385
f 1252 1382 1388
f 1252 1388 1251
f 1382 1389 1388
f 1289 1388 1386
f 1388 1389 1386
f 1382 1387 1389
f 1386 1390 1247
f 1251 1388 1289
f 1289 1386 1244
f 1391 1392 1246
f 1392 1244 1246
f 107 112 109
f 111 112 1253
f 111 1253 1392
f 1244 1392 1289
f 1253 1289 1392
f 104 115 1393
f 1393 1379 104
f 104 1379 101
f 1379 1381 101
f 1394 1395 1396
f 1397 1398 1399
f 1399 1398 1400
f 1394 1401 1395
f 1401 1402 1403
f 1403 1402 1400
f 1399 1400 1402
f 130 1400 1398
f 129 1400 130
f 137 1400 129
f 1398 1397 133
f 130 1398 133
f 258 136 133
f 1401 1403 1404
f 1396 1405 1394
f 1406 1405 1407
f 1408 1409 1410
f 1411 1406 1410
f 1412 1413 1414
f 1413 1415 1414
f 1414 413 1416
f 1415 1413 413
f 1417 1413 1412
f 1413 1418 408
f 1414 1415 413
f 1413 408 413
f 413 420 1416
f 1395 1404 1419
f 1404 1400 137
f 1395 1401 1404
f 1403 1400 1404
f 1404 137 139
f 207 1420 1421
f 224 1420 207
f 1406 1422 1410
f 1410 1422 1408
f 1406 1407 1422
f 407 1423 404
f 407 1418 1424
f 1418 407 408
f 1396 1395 1419
f 1425 1404 139
f 1426 1427 1428
f 1427 1429 1428
f 1429 1427 1430
f 1431 1428 1429
f 1429 1430 1432
f 1433 1432 1430
f 1434 1426 1428
f 1427 1426 1435
f 1427 1435 1436
f 240 261 239
f 1437 1438 1439
f 1440 1441 1421
f 1442 1440 1443
f 1438 1440 1442
f 1443 1440 239
f 261 1443 239
f 239 1440 1421
f 1438 1444 1439
f 1439 1445 1446
f 1444 1445 1439
f 1447 1448 1449
f 1448 1450 1449
f 1446 1445 1447
f 1451 1448 1447
f 1445 1451 1447
f 1421 237 239
f 1421 1420 224
f 1421 224 237
f 1452 1444 1438
f 1453 1454 1448
f 251 1455 1456
f 1455 251 1457
f 1458 1459 1460
f 1461 1462 1405
f 1462 1394 1405
f 1463 1464 1465
f 1466 1467 1465
f 1466 1465 1464
f 1465 1467 1468
f 1457 1469 1470
f 1469 1457 254
f 1469 254 253
f 254 252 253
f 1470 1469 1399
f 1397 1399 253
f 253 1399 1469
f 1464 1463 1471
f 1472 1471 1473
f 1471 1463 1473
f 1474 1465 1456
f 1475 1476 1477
f 1476 1475 1474
f 1474 1456 1455
f 1476 1455 1478
f 1455 1479 1478
f 1480 1478 1479
f 1463 1465 1474
f 1463 1475 1473
f 1474 1475 1463
f 1474 1455 1476
f 1478 1480 1481
f 1455 1457 1479
f 1482 1473 1475
f 1460 1482 1458
f 1475 1477 1482
f 1477 1476 1478
f 1481 1458 1478
f 1481 1480 1483
f 1482 1477 1458
f 1459 1458 1484
f 1458 1477 1478
f 1484 1483 1459
f 1459 1483 1462
f 1484 1458 1481
f 1484 1481 1483
f 1483 1394 1462
f 1485 1394 1483
f 1483 1480 1470
f 1468 1486 242
f 1456 1468 250
f 1456 250 251
f 251 250 245
f 242 1486 243
f 1465 1468 1456
f 250 1468 242
f 1480 1479 1470
f 1479 1457 1470
f 1402 1485 1399
f 1485 1402 1401
f 1457 251 254
f 258 1397 253
f 258 249 246
f 248 258 246
f 258 253 249
f 258 133 1397
f 1394 1485 1401
f 1399 1485 1483
f 1399 1483 1470
f 1487 1488 1489
f 1487 1460 1488
f 1461 1405 1490
f 1459 1462 1461
f 1460 1459 1488
f 1488 1459 1461
f 1491 1473 1492
f 1492 1473 1493
f 1493 1473 1482
f 1472 1473 1491
f 1430 1427 1494
f 1495 1494 1436
f 1494 1495 1496
f 1496 1495 1410
f 1489 1488 1461
f 1489 1461 1490
f 1410 1495 1411
f 1430 1494 1433
f 1496 1433 1494
f 1405 1406 1490
f 1497 1498 1499
f 1453 1497 1454
f 1499 1454 1497
f 1436 1500 1489
f 1494 1427 1436
f 1501 1436 1489
f 1495 1436 1501
f 1495 1501 1411
f 1489 1490 1501
f 1490 1411 1501
f 1490 1406 1411
f 1502 1442 1443
f 1502 1443 261
f 244 1502 261
f 243 1502 244
f 1497 1471 1498
f 1497 1503 1471
f 1503 1466 1464
f 1503 1464 1471
f 1466 1504 1505
f 1467 1466 1505
f 1467 1505 1468
f 1505 1486 1468
f 1452 1438 1442
f 1505 1506 1486
f 1486 1506 243
f 1502 1506 1442
f 1506 1452 1442
f 1506 1505 1452
f 243 1506 1502
f 1504 1466 1445
f 1444 1504 1445
f 1504 1444 1452
f 1505 1504 1452
f 1498 1471 1472
f 1498 1472 1491
f 1507 1453 1448
f 1507 1448 1451
f 1445 1507 1451
f 1453 1507 1503
f 1503 1497 1453
f 1466 1503 1507
f 1507 1445 1466
f 1508 1509 1510
f 1511 1512 1513
f 1512 1511 1514
f 1514 1511 1515
f 1515 1516 1517
f 1515 1511 1516
f 1518 1519 1520
f 374 1518 375
f 1520 1521 1518
f 1522 1523 1524
f 1524 1525 1522
f 1524 1521 1520
f 1521 1524 1526
f 1524 1527 1526
f 1525 1524 1520
f 1524 1523 1527
f 1523 1528 1527
f 266 1529 374
f 1529 1519 374
f 1519 1518 374
f 1530 1531 1532
f 1530 1532 1519
f 1529 1530 1519
f 1519 1532 1520
f 122 1533 1534
f 122 1534 1535
f 1534 1529 1535
f 122 1535 123
f 1535 1529 123
f 123 1529 265
f 265 1529 266
f 1536 1531 1530
f 1534 1537 1530
f 1534 1530 1529
f 1538 1537 1534
f 1536 1530 1537
f 1539 1540 1541
f 1539 1541 1531
f 1531 1541 1542
f 1542 1543 1544
f 1545 1542 1544
f 1541 1543 1542
f 1546 1536 1538
f 1536 1539 1531
f 1547 1539 1536
f 1538 1536 1537
f 1548 1540 1539
f 1532 1525 1520
f 1547 1536 1546
f 1534 1533 1538
f 1549 1546 1533
f 1533 1546 1538
f 1531 1542 1532
f 1542 1545 1532
f 1532 1545 1525
f 1545 1522 1525
f 1550 1543 1540
f 1551 1514 1552
f 1552 1514 1515
f 1551 1553 1514
f 1550 1551 1552
f 1554 1555 1551
f 1554 1551 1550
f 1544 1543 1556
f 1557 1544 1556
f 1540 1543 1541
f 1543 1558 1556
f 1558 1552 1559
f 1557 1560 1522
f 1522 1560 1523
f 1561 1562 1523
f 1560 1563 1561
f 1523 1560 1561
f 1545 1557 1522
f 1545 1544 1557
f 1564 1565 1561
f 1564 1561 1563
f 1566 1567 946
f 1567 947 946
f 947 1567 931
f 1568 1569 1513
f 1570 1571 1572
f 1573 1572 1571
f 1572 1573 1574
f 1573 1575 1574
f 1576 1577 1578
f 1579 1580 1581
f 1579 1582 1580
f 1583 1581 1584
f 1581 1580 1584
f 1580 1582 1577
f 1584 1580 1576
f 1580 1577 1576
f 1579 1585 1582
f 1586 1585 1579
f 1587 1586 1579
f 1587 1579 1588
f 1588 1579 1581
f 1589 1588 1583
f 1590 1588 1589
f 1583 1588 1581
f 1591 1589 1583
f 1511 1513 1516
f 1592 1593 1594
f 1592 1594 1595
f 1595 1596 1597
f 1592 1595 1597
f 1592 1597 1598
f 1599 1592 1598
f 1600 1601 1602
f 1600 1603 1601
f 1602 1601 1596
f 1604 1605 1606
f 1607 1606 1608
f 1605 1609 1608
f 1608 1609 1600
f 1609 1610 1600
f 1610 1611 1600
f 1608 1600 1602
f 1606 1605 1608
f 1609 1576 1610
f 1596 1608 1602
f 1609 1584 1576
f 1611 1610 1576
f 1576 1578 1611
f 1611 1578 1612
f 1605 1613 1609
f 1583 1609 1613
f 1583 1584 1609
f 1614 1615 1606
f 1614 1606 1607
f 1594 1614 1607
f 1596 1607 1608
f 1595 1607 1596
f 1595 1594 1607
f 1616 1614 1594
f 1616 1594 1593
f 1611 1603 1600
f 1614 1617 1615
f 1618 1619 1615
f 1617 1618 1615
f 1562 1617 1620
f 1620 1617 1614
f 1575 1593 1592
f 1599 1575 1592
f 1583 1621 1591
f 1583 1613 1604
f 1619 1604 1615
f 1606 1615 1604
f 1619 1583 1604
f 1604 1613 1605
f 1618 1621 1619
f 1619 1621 1583
f 1527 1528 1526
f 1622 1623 1624
f 1624 1571 1570
f 371 1624 1570
f 1526 1528 1571
f 1528 1573 1571
f 1526 1571 1624
f 1625 1521 1526
f 1518 1521 1625
f 1518 1625 375
f 1625 1624 1623
f 375 1625 1623
f 1625 1526 1624
f 1577 1626 1578
f 1577 1627 1626
f 1577 1628 1627
f 1582 1628 1577
f 1621 1629 1630
f 1621 1630 1631
f 1561 1617 1562
f 1618 1632 1621
f 1632 1629 1621
f 1565 1629 1632
f 1561 1565 1632
f 1561 1632 1618
f 1561 1618 1617
f 1596 1633 1597
f 1596 1601 1633
f 1634 1601 1635
f 1633 1601 1634
f 1611 1612 1603
f 1601 1603 1635
f 1597 1633 1598
f 1633 1636 1598
f 1636 1633 1634
f 1612 1626 1637
f 1612 1637 1638
f 1635 1603 1639
f 1640 1641 1642
f 1640 1642 1643
f 1642 1644 1643
f 1639 1640 1635
f 1635 1640 1645
f 1634 1635 1646
f 1635 1645 1646
f 1646 1645 1643
f 1645 1640 1643
f 1646 1643 1647
f 1647 1643 1648
f 1643 1649 1648
f 1644 1649 1643
f 1647 1636 1634
f 1636 1647 1648
f 1648 1650 1636
f 1651 1650 1648
f 1651 1652 1650
f 1649 1651 1648
f 1649 1653 1651
f 1646 1647 1634
f 1649 1644 1654
f 1654 1653 1649
f 1578 1626 1612
f 1612 1638 1639
f 1612 1639 1603
f 1638 1655 1639
f 1655 1640 1639
f 1655 1641 1640
f 1147 1116 1656
f 1116 1118 1657
f 1510 1657 1508
f 1658 1657 1510
f 1656 1116 1657
f 1658 1656 1657
f 1656 1658 1659
f 1657 1118 1660
f 1128 1147 1656
f 1656 1659 1129
f 1128 1656 1129
f 1570 1572 1661
f 1661 1572 1662
f 1572 1574 1662
f 1574 379 1662
f 1663 1664 1039
f 1039 1664 1040
f 379 1039 380
f 1661 1662 327
f 1662 378 377
f 1662 379 378
f 1662 377 327
f 1599 1665 1575
f 1663 1665 1664
f 1665 1599 1666
f 1664 1665 1044
f 1665 1666 1044
f 1044 1666 1650
f 1664 1044 1040
f 1666 1599 1598
f 1666 1598 1636
f 1636 1650 1666
f 1650 1667 946
f 1650 946 1044
f 1650 1652 1667
f 1652 1668 1667
f 1667 1566 946
f 1570 1661 371
f 371 1661 369
f 1661 327 369
f 369 327 365
f 370 1622 371
f 1622 1624 371
f 375 1622 370
f 375 1623 1622
f 266 374 267
f 1669 1670 105
f 105 1670 100
f 100 1670 103
f 1097 1671 1096
f 1671 1672 1096
f 1096 1672 1079
f 1673 1674 1675
f 1676 1677 1678
f 1674 1676 1675
f 1674 1677 1676
f 1679 1680 1681
f 1679 1682 1683
f 1683 1682 1684
f 1685 1686 1687
f 1688 1689 1690
f 1688 1684 1689
f 108 105 106
f 108 1669 105
f 108 109 1691
f 1692 108 1691
f 109 110 1691
f 1693 1686 1685
f 1690 1686 1693
f 1673 1675 1694
f 1695 1696 1697
f 1696 1698 1699
f 1700 1701 1702
f 1702 1701 1703
f 1695 1697 1703
f 1702 1703 1704
f 1703 1705 1704
f 1702 1706 1700
f 1702 1704 1706
f 1703 1697 1705
f 1707 1708 1709
f 1699 1709 1710
f 1711 1712 1695
f 1713 1711 1695
f 1698 1707 1699
f 1699 1707 1709
f 1696 1712 1698
f 1712 1696 1695
f 1713 1695 1701
f 1701 1695 1703
f 1709 1714 1710
f 1714 1715 1710
f 1716 1717 1718
f 1716 1719 1717
f 1719 1716 1720
f 1721 1722 1677
f 1689 1682 1723
f 1682 1689 1684
f 1723 1722 1721
f 1679 1722 1682
f 1723 1682 1722
f 1686 1690 1723
f 1690 1689 1723
f 1721 1677 1674
f 1679 1677 1722
f 1679 1681 1677
f 1717 1724 1718
f 1719 1725 1717
f 1719 1726 1725
f 1726 1719 1727
f 1727 1728 1726
f 1718 1724 1729
f 1727 1730 1728
f 1725 1724 1717
f 1688 1701 1700
f 1688 1729 1701
f 1729 1724 1713
f 1730 1731 1728
f 1684 1688 1700
f 1725 1711 1724
f 1724 1711 1713
f 1726 1711 1725
f 1711 1726 1712
f 1713 1701 1729
f 1728 1731 1726
f 1726 1731 1712
f 1716 1732 1733
f 1718 1732 1716
f 1734 1733 1685
f 1733 1693 1685
f 1732 1693 1733
f 1693 1688 1690
f 1718 1729 1693
f 1693 1729 1688
f 1732 1718 1693
f 1735 1716 1733
f 1731 1698 1712
f 1698 1731 1736
f 1736 1707 1698
f 1736 1708 1707
f 1710 1715 1737
f 1684 1738 1739
f 1738 1706 1739
f 1738 1700 1706
f 1670 1669 1740
f 1684 1700 1738
f 1740 1669 1692
f 1692 1669 108
f 1193 1741 1205
f 1078 1742 1109
f 1743 1744 1745
f 1269 1743 1270
f 1746 1747 1748
f 1745 1744 1749
f 1746 1744 1269
f 1746 1271 1290
f 1271 1257 1290
f 1746 1749 1744
f 1750 1747 1290
f 1746 1290 1747
f 1271 1746 1269
f 1269 1268 1271
f 1749 1746 1748
f 1749 1751 1745
f 1743 1269 1744
f 1290 1752 1750
f 1753 1754 1750
f 1753 1755 1754
f 1752 1753 1750
f 1274 1753 1752
f 1282 1753 1274
f 1285 1755 1753
f 1753 1282 1285
f 1755 1285 1288
f 1288 1285 1286
f 1290 1284 1752
f 1284 1274 1752
f 1756 1084 1083
f 1088 1756 1083
f 1757 1316 1317
f 1327 1757 1317
f 1329 1757 1327
f 1758 1759 1329
f 1206 1318 1320
f 1206 1320 1324
f 1760 1761 1758
f 1320 1318 1760
f 1320 1760 1758
f 1320 1758 1325
f 1758 1329 1325
f 1762 1763 1764
f 1765 1762 1764
f 1763 1766 1767
f 1763 1767 1764
f 1768 1769 1770
f 1768 1771 1765
f 1771 1768 1772
f 1768 1765 1769
f 1768 1770 1773
f 1769 1774 1775
f 1756 1769 1775
f 1770 1769 1756
f 1765 1774 1769
f 1775 1110 1086
f 1775 1086 1756
f 1765 1764 1774
f 1776 1777 1778
f 1778 1779 1780
f 1779 1778 1777
f 1777 1781 1782
f 1778 1783 1776
f 1784 1783 1778
f 1785 1786 1787
f 1788 1785 1789
f 1790 1785 1788
f 1789 1785 1787
f 1791 1782 1792
f 1792 1786 1785
f 1793 1791 1792
f 1790 1792 1785
f 1782 1786 1792
f 1794 1795 1796
f 1797 1795 1794
f 1777 1776 1798
f 1777 1798 1781
f 1786 1799 1800
f 1782 1781 1786
f 1786 1800 1787
f 1800 1799 1796
f 1796 1795 1800
f 1800 1795 1797
f 1800 1797 1762
f 1801 1780 1779
f 1779 1777 1782
f 1779 1782 1791
f 1762 1797 1763
f 1787 1800 1789
f 1789 1800 1762
f 1772 1768 1802
f 1802 1768 1773
f 1803 1802 1773
f 1773 1770 1804
f 1784 1805 1806
f 1778 1780 1784
f 1807 1806 1808
f 1809 1810 1811
f 1807 1812 1813
f 1814 1813 1812
f 1783 1813 1814
f 1783 1784 1813
f 1813 1806 1807
f 1806 1813 1784
f 1811 1810 1807
f 1810 1809 1815
f 1809 1816 1815
f 1793 1792 1817
f 1817 1792 1790
f 1817 1818 1793
f 1819 1817 1790
f 1817 1819 1818
f 1819 1790 1820
f 1820 1790 1788
f 1763 1797 1766
f 1797 1794 1821
f 1797 1821 1766
f 1771 1762 1765
f 1771 1789 1762
f 1788 1789 1771
f 1820 1788 1771
f 1820 1771 1822
f 1822 1771 1823
f 1823 1771 1772
f 1824 1825 1826
f 1824 1826 1827
f 1828 1829 1830
f 1831 1829 1832
f 1828 1832 1829
f 1833 1828 1825
f 1832 1828 1833
f 1834 1830 1835
f 1825 1828 1834
f 1825 1834 1826
f 1828 1830 1834
f 1833 1825 1824
f 1824 1812 1836
f 1810 1812 1807
f 1815 1832 1833
f 1810 1815 1833
f 1836 1833 1824
f 1837 1812 1824
f 1810 1833 1836
f 1836 1812 1810
f 1838 1791 1793
f 1839 1779 1791
f 1840 1841 1816
f 1842 1840 1816
f 1843 1840 1842
f 1811 1842 1809
f 1841 1815 1816
f 1842 1816 1809
f 1844 1845 1846
f 1090 1091 1098
f 1847 1848 1094
f 1848 1844 1094
f 1847 1094 1095
f 1846 1091 1092
f 1846 1092 1094
f 1844 1846 1094
f 1849 1844 1848
f 1850 1848 1847
f 1850 1849 1848
f 1851 1852 1853
f 1853 1852 1109
f 1854 1853 1855
f 1856 1847 1852
f 1856 1852 1851
f 1854 1851 1853
f 1856 1857 1850
f 1857 1856 1851
f 1858 1767 1854
f 1858 1854 1859
f 1854 1105 1859
f 1110 1859 1107
f 1107 1101 1100
f 1110 1107 1100
f 1766 1851 1767
f 1766 1821 1851
f 1853 1109 1855
f 1851 1854 1767
f 1764 1767 1774
f 1854 1855 1105
f 1105 1855 1106
f 1104 1859 1105
f 1107 1859 1104
f 1774 1767 1858
f 1859 1774 1858
f 1775 1859 1110
f 1775 1774 1859
f 1673 1860 1674
f 1721 1674 1860
f 1861 1673 1862
f 1847 1095 1852
f 1852 1095 1109
f 1857 1796 1849
f 1821 1796 1857
f 1796 1863 1849
f 1857 1849 1850
f 1821 1794 1796
f 1821 1857 1851
f 1109 1076 1078
f 1109 1742 1864
f 1109 1864 1855
f 1856 1850 1847
f 1855 1149 1106
f 1855 1864 1149
f 1860 1673 1861
f 1860 1861 1865
f 1866 1867 1672
f 1671 1866 1672
f 1756 1086 1084
f 1868 1869 1870
f 1870 1869 1330
f 1869 1331 1330
f 1871 1872 1873
f 1874 1871 1111
f 1111 1871 1875
f 1876 1874 1869
f 1869 1874 1331
f 1868 1876 1869
f 1877 1878 1879
f 1879 1872 1880
f 1877 1879 1880
f 1872 1871 1880
f 1874 1877 1880
f 1876 1877 1874
f 1874 1880 1871
f 1881 1877 1876
f 1882 1330 1316
f 1757 1882 1316
f 653 1804 1088
f 1875 1871 1873
f 1112 1874 1111
f 1088 613 653
f 653 1883 1804
f 653 1111 1883
f 1883 1111 1875
f 643 1111 653
f 1331 1874 1112
f 1804 1756 1088
f 1884 1868 1870
f 1884 1870 1882
f 1882 1870 1330
f 1881 1876 1885
f 1885 1876 1868
f 1886 1881 1885
f 1193 1887 1741
f 1741 1888 1889
f 1887 1888 1741
f 1889 1890 1760
f 1890 1891 1761
f 1890 1761 1760
f 1891 1892 1759
f 1318 1889 1760
f 1761 1891 1759
f 1761 1759 1758
f 1741 1889 1318
f 1741 1318 1205
f 1884 1882 1757
f 1329 1884 1757
f 1892 1884 1329
f 1892 1329 1759
f 1887 1893 1888
f 1894 1895 1885
f 1894 1885 1892
f 1892 1891 1894
f 1892 1885 1868
f 1892 1868 1884
f 1889 1888 1890
f 1193 1220 1887
f 1896 1897 1898
f 1896 1898 1899
f 1219 1373 1899
f 1219 1899 1220
f 1899 1898 1887
f 1887 1898 1893
f 1899 1887 1220
f 1877 1900 1878
f 1900 1877 1881
f 1901 1902 1903
f 1903 1740 1692
f 1872 1803 1904
f 1905 1906 1802
f 1905 1802 1803
f 1906 1823 1772
f 1906 1772 1802
f 1905 1803 1872
f 1804 1904 1773
f 1803 1773 1904
f 1805 1780 1907
f 1908 1909 1910
f 1805 1907 1910
f 1911 1908 1912
f 1808 1805 1909
f 1908 1913 1909
f 1913 1908 1911
f 1805 1910 1909
f 1914 1915 1916
f 1917 1918 1914
f 1914 1916 1917
f 1919 1918 1917
f 1920 1916 1915
f 1920 1921 1922
f 1920 1917 1916
f 1917 1920 1923
f 1924 1920 1925
f 1923 1920 1924
f 1926 1924 1925
f 1920 1915 1921
f 1920 1922 1925
f 1912 1908 1927
f 1927 1908 1928
f 1928 1929 1918
f 1910 1928 1908
f 1928 1910 1929
f 1911 1912 1930
f 1910 1907 1931
f 1910 1931 1929
f 1932 1919 1933
f 1919 1917 1933
f 1926 1923 1924
f 1932 1933 1934
f 1935 1932 1934
f 1936 1925 1937
f 1934 1938 1939
f 1935 1934 1939
f 1917 1923 1933
f 1919 1932 1939
f 1933 1923 1926
f 1933 1926 1934
f 1926 1925 1936
f 1934 1926 1938
f 1932 1935 1939
f 1940 1926 1941
f 1940 1938 1926
f 1940 1939 1938
f 1931 1907 1839
f 1915 1839 1838
f 1914 1929 1931
f 1918 1929 1914
f 1931 1839 1915
f 1931 1915 1914
f 1942 1940 1941
f 1942 1941 1943
f 1939 1940 1944
f 1939 1944 1945
f 1839 1907 1801
f 1805 1808 1806
f 1784 1780 1805
f 1807 1808 1913
f 1811 1807 1913
f 1946 1922 1947
f 1937 1948 1946
f 1947 1820 1822
f 1947 1822 1946
f 1818 1819 1949
f 1947 1819 1820
f 1950 1951 1952
f 1823 1950 1952
f 1950 1823 1906
f 1946 1822 1952
f 1951 1946 1952
f 1952 1822 1823
f 1953 1954 1951
f 1941 1926 1936
f 1954 1941 1936
f 1943 1941 1954
f 1943 1954 1953
f 1955 1956 1957
f 1955 1957 1958
f 1958 1957 1959
f 1960 1955 1958
f 1961 1962 1955
f 1960 1961 1955
f 1963 1964 1958
f 1965 1961 1960
f 1960 1958 1964
f 1714 1960 1964
f 1964 1966 1902
f 1964 1902 1901
f 1965 1960 1714
f 1967 1968 1969
f 1967 1969 1970
f 1967 1971 1972
f 1973 1967 1972
f 1974 1973 1975
f 1975 1973 1972
f 1976 1973 1974
f 1922 1946 1937
f 1948 1937 1946
f 1946 1977 1937
f 1951 1977 1946
f 1949 1819 1947
f 1922 1949 1947
f 1978 1951 1950
f 1838 1839 1791
f 1913 1979 1980
f 1913 1980 1811
f 1911 1981 1913
f 1982 1971 1979
f 1982 1979 1981
f 1979 1913 1981
f 1808 1909 1913
f 1982 1981 1983
f 1983 1981 1911
f 1984 1983 1911
f 1984 1911 1985
f 1930 1985 1911
f 1986 1982 1983
f 1984 1985 1930
f 1801 1779 1839
f 1907 1780 1801
f 1838 1793 1818
f 1925 1922 1937
f 1977 1936 1937
f 1921 1818 1949
f 1977 1954 1936
f 1954 1977 1951
f 1921 1838 1818
f 1922 1921 1949
f 1915 1838 1921
f 1978 1950 1987
f 1950 1906 1987
f 1987 1906 1905
f 1980 1843 1842
f 1840 1970 1969
f 1970 1840 1843
f 1971 1970 1843
f 1967 1970 1971
f 1956 1974 1957
f 1957 1974 1975
f 1959 1957 1975
f 1975 1986 1988
f 1959 1975 1988
f 1979 1843 1980
f 1971 1843 1979
f 1975 1972 1982
f 1986 1975 1982
f 1980 1842 1811
f 1982 1972 1971
f 1844 1989 1845
f 1990 1991 1992
f 1993 1098 1091
f 1846 1993 1091
f 1849 1994 1844
f 1845 1989 1993
f 1845 1993 1846
f 1994 1989 1844
f 1994 1995 1989
f 1992 1991 1996
f 1097 1996 1671
f 1997 1992 1098
f 1992 1996 1097
f 1992 1097 1098
f 1990 1998 1991
f 1996 1991 1999
f 1999 1671 1996
f 1997 2000 1992
f 1995 2001 2002
f 1989 1995 2002
f 1989 2002 1993
f 2000 1990 1992
f 2003 1990 2000
f 2001 2003 2000
f 2001 2000 2002
f 2000 1997 2002
f 2002 1997 1098
f 2002 1098 1993
f 1776 1783 1814
f 1776 1814 2004
f 1863 2005 1994
f 2006 2004 2007
f 2006 2007 2008
f 2009 2006 2008
f 2003 2009 2008
f 2003 2001 2009
f 2010 2009 2001
f 2010 2001 1995
f 2005 2010 1995
f 2005 1995 1994
f 2011 1781 1798
f 1799 2011 2009
f 1799 2009 2010
f 1786 2011 1799
f 1786 1781 2011
f 1796 2005 1863
f 1798 1776 2006
f 2011 2006 2009
f 1776 2004 2006
f 2011 1798 2006
f 1799 2010 2005
f 2005 1796 1799
f 1814 2012 2004
f 2013 2014 2015
f 2013 2015 2016
f 2017 1734 1685
f 2017 1685 1687
f 1687 2018 2017
f 2014 1687 1686
f 1687 2014 2018
f 2018 2014 2013
f 2019 2018 1835
f 2017 2018 2019
f 1830 2017 2019
f 1835 2018 2013
f 2020 1837 2021
f 2012 1837 2020
f 2020 2021 2022
f 2004 2012 2007
f 2023 2007 2020
f 2012 2020 2007
f 2020 2022 1998
f 2020 1998 2023
f 2022 2024 2025
f 1991 1998 2025
f 1998 2022 2025
f 2012 1812 1837
f 1814 1812 2012
f 1863 1994 1849
f 2026 2027 2028
f 1827 2026 2028
f 1826 1834 2026
f 1826 2026 1827
f 1827 2028 1824
f 2029 2027 2030
f 2030 1865 2029
f 2029 2031 2027
f 2027 2031 2032
f 2032 2028 2027
f 2032 2031 2033
f 2015 1860 2016
f 1860 1865 2016
f 2013 2016 2030
f 2034 2013 2030
f 2034 2030 2027
f 2016 1865 2030
f 1860 2015 1721
f 1830 2019 1835
f 1835 2013 2034
f 2034 1834 1835
f 2026 1834 2034
f 2026 2034 2027
f 2008 2007 2023
f 2008 2023 1998
f 2008 1998 1990
f 2003 2008 1990
f 1999 2025 1866
f 1991 2025 1999
f 1671 1999 1866
f 2035 2036 2037
f 2038 2035 2037
f 2039 2035 2038
f 2040 2039 2038
f 2040 2038 2041
f 2042 2043 2039
f 2042 2039 2040
f 1959 1963 1958
f 2044 1963 1959
f 1963 2044 2045
f 1986 1959 1988
f 2046 2047 2048
f 2048 1959 2049
f 2048 2044 1959
f 2048 2047 2044
f 2036 2047 2046
f 2047 2050 2044
f 2050 2045 2044
f 2036 2050 2047
f 2051 2045 2050
f 2052 2050 2036
f 2052 2036 2043
f 2052 2051 2050
f 2052 2053 2051
f 2051 2053 2054
f 1986 2049 1959
f 2049 2046 2048
f 2046 2055 2056
f 2056 2037 2046
f 2037 2036 2046
f 2055 2049 1986
f 2046 2049 2055
f 2035 2043 2036
f 2039 2043 2035
f 2053 2052 2043
f 2057 2058 2051
f 2054 2057 2051
f 1963 2045 2059
f 2045 2060 2059
f 2051 2058 2045
f 2058 2060 2045
f 1964 2059 1966
f 2060 2061 1966
f 1966 2059 2060
f 2060 2058 2061
f 1966 2062 1903
f 1966 2061 2062
f 1902 1966 1903
f 1878 1987 1879
f 1987 1872 1879
f 1987 1905 1872
f 1883 1873 1804
f 1872 1904 1873
f 1873 1904 1804
f 1873 1883 1875
f 1804 1770 1756
f 1895 1886 1885
f 1890 1895 1894
f 1900 1881 1886
f 1890 2063 1895
f 2063 1890 2064
f 1888 1893 2064
f 1893 2063 2064
f 1888 2064 1890
f 1890 1894 1891
f 2065 2066 2063
f 2067 2065 2063
f 2063 2068 1895
f 2067 2063 2069
f 1893 2069 2063
f 1897 2069 1893
f 1897 1893 1898
f 2070 2065 2067
f 2071 2072 2073
f 1928 2074 2071
f 1927 2071 2075
f 2072 2071 2074
f 2076 2072 2077
f 2077 2072 2074
f 2078 2079 2080
f 2081 2080 1919
f 2081 1919 1939
f 2078 2080 2081
f 2081 1939 1945
f 2082 2076 2083
f 2084 2083 2076
f 2075 1912 1927
f 1928 2071 1927
f 1912 2075 1930
f 2075 1984 1930
f 2085 1928 1918
f 2085 2077 2074
f 2084 2076 2077
f 2085 2074 1928
f 2084 2077 2085
f 2079 2084 2085
f 2078 2081 2086
f 2086 2081 1945
f 1944 1940 1942
f 2087 2086 1945
f 1945 1944 2087
f 2084 2079 2088
f 2078 2088 2079
f 2085 1918 1919
f 2079 2085 2080
f 2080 2085 1919
f 2089 1900 1886
f 1895 2089 1886
f 2089 2066 2090
f 1895 2068 2089
f 2066 2089 2068
f 2063 2066 2068
f 1953 1951 2089
f 2089 1951 1978
f 1900 2089 1978
f 2090 1953 2089
f 2091 2092 2093
f 2094 2091 2093
f 2093 2095 2096
f 2093 2096 2097
f 2094 2092 2091
f 2065 2070 2097
f 2065 2096 2066
f 2097 2096 2065
f 2096 2090 2066
f 2090 2096 2098
f 2098 1942 1943
f 1944 1942 2098
f 1953 2098 1943
f 1944 2098 2095
f 2090 2098 1953
f 2095 2087 1944
f 2095 2098 2096
f 2087 2095 2093
f 2087 2093 2092
f 2071 2073 1983
f 2082 2038 2037
f 2072 2099 2073
f 2076 2056 2072
f 2076 2082 2056
f 2056 2099 2072
f 2041 2038 2100
f 2100 2038 2082
f 2055 1986 2101
f 2099 2101 2073
f 2073 2101 1983
f 2101 1986 1983
f 2056 2055 2099
f 2037 2056 2082
f 2099 2055 2101
f 2100 2082 2083
f 2059 1964 1963
f 1900 1978 1987
f 2075 2071 1983
f 2075 1983 1984
f 1900 1987 1878
f 1367 1374 1373
f 1897 2067 2069
f 2102 2067 1897
f 2102 2103 2067
f 1373 1374 2102
f 2103 1751 2104
f 1745 1751 2103
f 1745 2103 2102
f 2105 1743 1745
f 2102 2105 1745
f 1374 2105 2102
f 1270 1743 2105
f 1270 2105 1374
f 1373 1896 1899
f 1373 2102 1897
f 1896 1373 1897
f 2103 2070 2067
f 2106 2042 2040
f 2042 2106 2107
f 2043 2108 2053
f 2043 2042 2108
f 2053 2108 2109
f 2110 2107 2111
f 2112 1380 2113
f 2110 2042 2107
f 1380 1379 1393
f 2110 2111 2114
f 2113 1380 1393
f 2113 2110 2114
f 2113 2114 2112
f 2108 2042 2110
f 2113 2109 2108
f 2113 2108 2110
f 1393 2109 2113
f 2107 2106 2115
f 2054 2053 2109
f 2054 2109 115
f 2054 115 2057
f 115 103 2057
f 2062 2116 1670
f 2058 2057 2061
f 2061 2057 2116
f 2061 2116 2062
f 2062 1670 1740
f 2104 2070 2103
f 2117 2086 2118
f 2117 2088 2078
f 2117 2078 2086
f 2118 2086 2087
f 1751 1749 1748
f 1747 1750 1748
f 1748 1750 2119
f 2092 2094 2120
f 2120 2093 2070
f 2070 2093 2097
f 2093 2120 2094
f 2104 2121 2070
f 2070 2121 2120
f 2122 2123 2124
f 1748 2124 2104
f 1751 1748 2104
f 2124 2119 2122
f 2119 2124 1748
f 2125 2117 2118
f 2126 2123 2125
f 2126 2125 2118
f 2124 2126 2104
f 2125 2088 2117
f 2126 2118 2121
f 2124 2123 2126
f 2121 2104 2126
f 2120 2121 2118
f 2118 2087 2092
f 2120 2118 2092
f 2127 2084 2088
f 2125 2127 2088
f 2106 2040 2041
f 2114 2111 2128
f 2129 2130 2123
f 2129 2123 2122
f 2130 2127 2125
f 2130 2125 2123
f 2041 2131 2106
f 2131 2041 2132
f 2131 2132 2133
f 2134 2115 2131
f 2134 2131 2133
f 2111 2115 2135
f 2106 2131 2115
f 2111 2107 2115
f 2135 2115 2134
f 2133 2100 2083
f 2133 2084 2127
f 2132 2041 2100
f 2083 2084 2133
f 2130 2134 2133
f 2130 2133 2127
f 2132 2100 2133
f 2136 2137 2128
f 1384 2137 2136
f 1384 1383 2137
f 2128 2112 2114
f 1380 2112 1383
f 2112 2128 2137
f 1383 2112 2137
f 2136 2128 2138
f 1384 2136 2138
f 1384 2138 2139
f 2128 2111 2135
f 2135 2134 2129
f 2138 2140 2141
f 2142 2141 2140
f 2128 2135 2140
f 2134 2130 2129
f 2128 2140 2138
f 2140 2135 2129
f 2142 2140 2129
f 2129 2122 2142
f 2143 2141 1754
f 1750 1754 2119
f 2139 2138 2143
f 1385 1384 1387
f 1387 1384 2139
f 1387 2139 2143
f 1387 2143 1755
f 2119 1754 2142
f 2142 2122 2119
f 2141 2142 1754
f 2143 2138 2141
f 1389 1387 1390
f 1386 1389 1390
f 1831 2144 2145
f 1829 2017 1830
f 1831 2145 1829
f 2146 2144 1831
f 1829 2145 2017
f 1735 1734 2144
f 2144 1734 2145
f 1735 1733 1734
f 2145 1734 2017
f 2147 2148 1720
f 2144 1720 1735
f 2146 1720 2144
f 2147 1720 2146
f 2146 2149 2147
f 2149 2146 1840
f 1840 1969 2149
f 1841 2146 1831
f 1840 2146 1841
f 1841 1831 1832
f 1841 1832 1815
f 1961 1708 1736
f 1709 1708 1965
f 1714 1709 1965
f 1708 1961 1965
f 1731 1730 2150
f 1730 2151 2150
f 1731 2150 1736
f 1962 2152 1956
f 1956 1955 1962
f 2152 1736 2150
f 1736 1962 1961
f 1736 2152 1962
f 2152 2151 1974
f 1974 2151 1976
f 2152 2150 2151
f 2152 1974 1956
f 1719 1720 2148
f 2148 1727 1719
f 2153 1727 2148
f 2147 2153 2148
f 1720 1716 1735
f 1973 1968 1967
f 1973 1976 1968
f 1968 2151 2153
f 1730 1727 2153
f 2151 1730 2153
f 1976 2151 1968
f 1969 2147 2149
f 2153 2147 1969
f 1968 2153 1969
f 1393 115 2109
f 2057 103 2116
f 2116 103 1670
f 2062 1740 1903
f 2014 1723 1721
f 2014 1686 1723
f 2014 1721 2015
f 2154 1903 1692
f 1901 1903 2155
f 2156 1691 110
f 1903 2154 2155
f 2157 2158 1553
f 1553 1512 1514
f 1553 2158 1512
f 1512 2159 1513
f 2158 2159 1512
f 2160 2161 2157
f 2162 2160 2163
f 2160 2157 1553
f 1555 1553 1551
f 2160 2162 2164
f 2160 1553 1555
f 2160 1555 2163
f 2165 1555 1554
f 2166 2167 2168
f 2167 2169 2168
f 2170 2171 2172
f 2173 2171 2170
f 2174 2171 2173
f 2175 2176 2171
f 2173 2170 2177
f 2170 2178 2177
f 2172 2166 2168
f 2172 2168 2179
f 2170 2172 2179
f 2180 1077 1074
f 2180 2181 2182
f 1077 2180 2182
f 2183 2184 1149
f 2182 1742 1077
f 1078 1077 1742
f 2185 1742 2182
f 2182 2186 2185
f 2184 2185 2186
f 2185 2184 2183
f 2185 2183 1742
f 1742 2183 1864
f 1864 2183 1149
f 2187 2188 2189
f 2190 2191 2192
f 2190 2193 2194
f 2193 2195 2196
f 2188 2197 2198
f 2188 2198 2189
f 2199 2196 2197
f 2196 2200 2193
f 2199 2200 2196
f 2201 2202 2195
f 2193 2203 2201
f 2193 2201 2195
f 2203 2193 2192
f 2192 2193 2190
f 2195 2204 2196
f 2204 2197 2196
f 2193 2200 2194
f 2205 2199 2197
f 2194 2199 2205
f 2200 2199 2194
f 2206 2207 2208
f 2207 2206 2198
f 2207 2204 2208
f 2198 2206 2209
f 2189 2198 2209
f 2197 2204 2207
f 2197 2207 2198
f 2210 2211 2212
f 2213 2210 2212
f 2211 2214 2212
f 2192 2212 2203
f 2212 2214 2203
f 2210 2213 2215
f 2213 2212 2191
f 2212 2192 2191
f 2208 2216 2217
f 2206 2217 2218
f 2216 2219 2217
f 2208 2217 2206
f 2209 2206 2220
f 2217 2219 2218
f 2221 2220 2222
f 2221 2209 2220
f 2189 2209 2223
f 2223 2209 2221
f 2187 2189 2224
f 2224 2189 2223
f 2174 2175 2171
f 2201 2177 2225
f 2174 2173 2201
f 2201 2173 2177
f 2226 2174 2201
f 2203 2214 2201
f 2226 2201 2214
f 2201 2225 2202
f 1073 1080 1081
f 1081 1080 2227
f 2227 2180 1081
f 1081 2180 1070
f 2180 2227 2228
f 2229 2230 2231
f 2231 2230 2228
f 2230 2232 2233
f 1080 2231 2227
f 2233 2234 2228
f 2228 2234 2235
f 2236 2237 2205
f 2234 2236 2235
f 2230 2233 2228
f 2231 2228 2227
f 2234 2237 2236
f 2236 2205 2188
f 2235 2180 2228
f 2232 2191 2238
f 2232 2238 2233
f 2194 2237 2190
f 2205 2197 2188
f 2237 2194 2205
f 2191 2190 2238
f 2233 2238 2190
f 2233 2190 2234
f 2190 2237 2234
f 2239 2240 2241
f 2215 2213 2242
f 2242 2232 2230
f 2240 2215 2242
f 2240 2242 2241
f 2241 2242 2230
f 2213 2191 2242
f 2242 2191 2232
f 2243 1672 2239
f 1672 2243 1079
f 1079 2243 1080
f 2239 2241 2229
f 2241 2230 2229
f 2239 2229 2243
f 2243 2229 2231
f 2231 1080 2243
f 2236 2244 2235
f 2236 2188 2244
f 2244 2188 2187
f 2245 2181 2187
f 1070 2180 1074
f 2181 2186 2182
f 2181 2245 2186
f 2186 2245 2184
f 2187 2181 2244
f 2235 2181 2180
f 2235 2244 2181
f 2223 2221 2222
f 2245 2187 2224
f 2246 2245 2224
f 2246 2184 2245
f 1149 2184 2246
f 2247 2223 2222
f 2248 2247 2222
f 2249 2222 2250
f 2251 2224 2247
f 2247 2224 2223
f 2220 2206 2218
f 2220 2218 2252
f 2222 2220 2252
f 2159 1568 1513
f 2253 2254 1568
f 2159 2253 1568
f 1677 2255 1678
f 1679 1683 1680
f 1673 1694 1862
f 2256 2257 2258
f 2259 2260 2257
f 2261 2260 2262
f 2263 2264 2262
f 2259 2257 2256
f 2262 2260 2259
f 2262 2259 2256
f 2265 2266 2176
f 2267 2268 2215
f 2215 2268 2210
f 2211 2269 2270
f 2240 2267 2215
f 2268 2211 2210
f 1865 1861 2271
f 2271 1861 1862
f 2261 2272 2260
f 1867 2240 2239
f 2239 1672 1867
f 2273 2263 2267
f 2263 2262 2268
f 2263 2268 2267
f 1867 2267 2240
f 2211 2256 2269
f 2273 2267 1867
f 2262 2256 2268
f 2256 2211 2268
f 2025 2274 1866
f 2024 2273 2274
f 1866 2274 1867
f 2274 2273 1867
f 2265 2176 2175
f 1837 2275 2021
f 2021 2276 2022
f 2275 2028 2277
f 2021 2275 2277
f 2021 2277 2276
f 2025 2024 2274
f 2022 2276 2024
f 2278 2261 2262
f 2279 2263 2273
f 2263 2280 2264
f 2024 2279 2273
f 2276 2279 2024
f 2279 2277 2280
f 2280 2277 2264
f 2280 2263 2279
f 2262 2264 2278
f 2276 2277 2279
f 2028 2264 2277
f 1824 2028 2275
f 1837 1824 2275
f 1865 2271 2281
f 2031 2029 2278
f 2282 2032 2033
f 2281 2271 2272
f 2029 1865 2281
f 2029 2281 2278
f 2278 2033 2031
f 2278 2281 2261
f 2264 2028 2282
f 2028 2032 2282
f 2033 2278 2282
f 2281 2272 2261
f 2278 2264 2282
f 2168 2169 2283
f 2283 2169 2284
f 2177 2285 2225
f 2177 2178 2285
f 2168 2286 2179
f 2170 2179 2178
f 2287 2288 2284
f 2289 2290 2291
f 2290 2292 2291
f 2208 2293 2216
f 2195 2202 2294
f 2294 2204 2195
f 2208 2204 2295
f 2216 2293 2296
f 2216 2296 2219
f 2293 2297 2296
f 2296 2297 2298
f 2299 2300 2301
f 2302 2303 2299
f 2297 2304 2298
f 2298 2304 2302
f 2298 2302 2299
f 2298 2299 2305
f 2306 2307 2308
f 2305 2307 2306
f 2305 2299 2307
f 2307 2309 2308
f 2307 2299 2309
f 2299 2301 2309
f 2310 2297 2293
f 2311 2249 1117
f 2312 2313 1660
f 2312 1118 2249
f 1115 2311 1117
f 1115 1117 1116
f 1145 2311 1115
f 1117 2249 1118
f 2246 2224 2251
f 2247 2248 2311
f 2248 2249 2311
f 2222 2249 2248
f 2249 2250 2312
f 2250 2313 2312
f 2311 2251 2247
f 2251 2311 1145
f 1150 1145 1146
f 1150 2246 2251
f 1150 2251 1145
f 1149 2246 1150
f 2314 2315 2316
f 2316 2315 2317
f 2314 2318 2315
f 2318 2319 2320
f 2318 2320 2315
f 2314 2319 2318
f 2321 2319 2314
f 2322 2319 2321
f 2319 2323 2320
f 2322 2324 2323
f 2323 2325 2320
f 2325 2323 2326
f 2322 2323 2319
f 2323 2324 2326
f 2326 2327 2325
f 2328 2314 2316
f 2329 2330 2331
f 2332 2330 2329
f 2332 2333 2330
f 1862 1694 2329
f 1862 2329 2334
f 2334 2329 2331
f 1678 2255 2328
f 1678 2328 2335
f 2335 2328 2332
f 1675 1676 1678
f 1675 1678 2335
f 1694 1675 2335
f 2335 2332 2329
f 1694 2335 2329
f 2334 2336 2337
f 2272 2337 2260
f 2272 2334 2337
f 2260 2337 2257
f 2257 2337 2338
f 2337 2336 2338
f 2334 2331 2336
f 2271 1862 2334
f 2272 2271 2334
f 2339 1706 2340
f 2341 2342 2167
f 2343 2253 2159
f 2344 2343 2157
f 2345 2253 2343
f 2343 2159 2158
f 2157 2343 2158
f 2308 2161 2160
f 2161 2344 2157
f 2308 2309 2161
f 2309 2344 2161
f 2331 2330 2346
f 2332 2328 2316
f 2332 2316 2333
f 2330 2333 2346
f 2321 2314 2328
f 2255 2321 2328
f 2347 2306 2308
f 2343 2344 2348
f 2348 2345 2343
f 2290 2349 2292
f 2290 2350 2349
f 2324 2351 2326
f 2351 2352 2326
f 2353 2354 2355
f 2351 2356 2352
f 2352 2356 2355
f 2356 2357 2355
f 2355 2357 2353
f 2352 2355 2354
f 2358 2354 2359
f 2352 2327 2326
f 2352 2358 2327
f 2358 2352 2354
f 2327 2358 2360
f 2359 2354 2353
f 2361 2362 2342
f 2167 2342 2169
f 2362 2363 2342
f 2169 2342 2363
f 2169 2363 2284
f 2363 2362 2287
f 2361 2350 2362
f 2284 2363 2287
f 2362 2350 2289
f 2362 2289 2287
f 2350 2290 2289
f 1681 2255 1677
f 1681 1680 2322
f 1680 2324 2322
f 1683 2324 1680
f 2255 2322 2321
f 1681 2322 2255
f 1683 1684 1739
f 2364 2350 2361
f 2291 2292 2365
f 2292 2366 2365
f 1683 2351 2324
f 2351 1683 2356
f 1739 2356 1683
f 2339 2356 1739
f 1739 1706 2339
f 2339 2357 2356
f 2340 2357 2339
f 2367 2368 2369
f 2370 2371 2372
f 2373 2370 2372
f 2374 2375 2367
f 2367 2369 2374
f 2376 2375 2377
f 2367 2376 2378
f 2379 2376 2380
f 2375 2376 2367
f 2376 2377 2380
f 2377 2373 2372
f 2375 2373 2377
f 2381 2382 2383
f 2384 2368 2367
f 2368 2384 2385
f 2382 2385 2383
f 2383 2385 2384
f 2386 2387 2388
f 2389 2388 2387
f 2384 2367 2378
f 2390 2391 2368
f 2390 2368 2392
f 2392 2368 2385
f 2393 2394 2392
f 2390 2392 2394
f 2371 2395 2396
f 2372 2371 2396
f 2396 2395 2397
f 2396 2398 2399
f 2380 2400 2399
f 2377 2396 2400
f 2400 2396 2399
f 2380 2377 2400
f 2377 2372 2396
f 2379 2378 2376
f 2380 2399 2401
f 2379 2380 2401
f 2386 2379 2401
f 2378 2379 2386
f 2402 2403 2404
f 2405 2406 2407
f 2408 2407 2409
f 2410 2411 2406
f 2410 2406 2405
f 2406 2412 2407
f 2413 2407 2408
f 2412 2409 2407
f 2414 2410 2405
f 2413 2414 2405
f 2413 2408 2415
f 2413 2405 2407
f 2416 2417 2418
f 2419 2420 2421
f 2420 2419 2422
f 2419 2423 2422
f 2424 2417 2416
f 2425 2426 2427
f 2425 2428 2426
f 2429 2430 2431
f 2430 2429 2432
f 2433 2434 2435
f 2436 2434 2433
f 2436 2433 2437
f 2435 2430 2432
f 2438 2430 2435
f 2434 2438 2435
f 2439 2435 2432
f 2437 2433 2435
f 2437 2435 2439
f 2395 2440 2441
f 2442 2443 2440
f 2442 2440 2395
f 2444 2442 2371
f 2370 2444 2371
f 2440 2437 2441
f 2445 2370 2373
f 2374 2446 2445
f 2445 2373 2375
f 2445 2375 2374
f 2432 2429 2439
f 2447 2448 2449
f 2450 2447 2449
f 2436 2437 2440
f 2429 2431 2450
f 2451 2439 2429
f 2429 2450 2451
f 2452 2453 2454
f 2444 2443 2442
f 2443 2444 2455
f 2455 2454 2453
f 2454 2455 2444
f 2454 2445 2452
f 2454 2444 2370
f 2452 2445 2446
f 2454 2370 2445
f 2443 2436 2440
f 2456 2457 2458
f 2451 2456 2459
f 2451 2457 2456
f 2451 2449 2457
f 2459 2456 2458
f 2460 2461 2462
f 2463 2464 2465
f 2464 2466 2465
f 2461 2467 2462
f 2468 2469 2470
f 2471 2469 2468
f 2472 2471 2468
f 2466 2472 2468
f 2472 2466 2462
f 2462 2466 2464
f 2460 2462 2464
f 2469 2473 2470
f 2468 2470 2474
f 2473 2475 2476
f 2473 2476 2470
f 2466 2468 2474
f 2477 2466 2474
f 2465 2466 2477
f 2474 2470 2478
f 2477 2479 2465
f 2477 2474 2479
f 2467 2471 2472
f 2462 2467 2472
f 2480 2481 2482
f 2480 2482 2483
f 2479 2481 2480
f 2484 2480 2485
f 2450 2449 2451
f 2486 2484 2487
f 2479 2484 2465
f 2488 2489 2490
f 2457 2488 2490
f 2460 2489 2491
f 2457 2490 2458
f 2489 2492 2490
f 2493 2489 2460
f 2460 2491 2461
f 2494 2495 2496
f 2497 2494 2496
f 2463 2495 2464
f 2497 2496 2498
f 2484 2479 2480
f 2499 2496 2500
f 2500 2486 2501
f 2486 2465 2484
f 2499 2500 2501
f 2491 2489 2488
f 2495 2463 2500
f 2495 2500 2496
f 2500 2463 2486
f 2463 2465 2486
f 2489 2493 2492
f 2502 2493 2460
f 2490 2503 2458
f 2492 2493 2502
f 2490 2492 2503
f 2503 2504 2458
f 2447 2505 2448
f 2449 2448 2488
f 2449 2488 2457
f 2491 2488 2448
f 2448 2505 2491
f 2492 2502 2494
f 2492 2494 2497
f 2503 2492 2497
f 2504 2503 2497
f 2502 2464 2495
f 2502 2495 2494
f 2502 2460 2464
f 2501 2486 2506
f 2486 2487 2506
f 2481 2507 2482
f 2508 2480 2483
f 2506 2509 2510
f 2487 2509 2506
f 2484 2485 2487
f 2485 2480 2508
f 2506 2510 2501
f 2511 2512 2513
f 2369 2514 2515
f 2512 2514 2513
f 2391 2514 2369
f 2369 2368 2391
f 2513 2514 2391
f 2516 2517 2518
f 2516 2518 2519
f 2517 2520 2518
f 2521 2522 2520
f 2517 2521 2520
f 2516 2519 2523
f 2524 2525 2516
f 2526 2527 2528
f 2527 2529 2528
f 2530 2525 2524
f 2530 2524 2531
f 2530 2532 2525
f 2527 2532 2530
f 2524 2516 2523
f 2527 2530 2533
f 2533 2530 2531
f 2529 2527 2533
f 2526 2534 2535
f 2536 2517 2525
f 2537 2521 2536
f 2536 2521 2517
f 2535 2537 2538
f 2538 2537 2536
f 2535 2538 2526
f 2534 2526 2528
f 2532 2536 2525
f 2516 2525 2517
f 2526 2538 2536
f 2526 2536 2532
f 2526 2532 2527
f 2537 2535 2539
f 2539 2535 2534
f 2540 2533 2531
f 2511 2529 2540
f 2531 2524 2514
f 2512 2531 2514
f 2529 2533 2540
f 2524 2523 2515
f 2540 2531 2512
f 2529 2511 2541
f 2511 2540 2512
f 2523 2453 2452
f 2446 2523 2452
f 2539 2542 2543
f 2523 2519 2453
f 2515 2523 2446
f 2369 2515 2374
f 2524 2515 2514
f 2515 2446 2374
f 2543 2544 2522
f 2539 2543 2537
f 2543 2522 2521
f 2537 2543 2521
f 2534 2542 2539
f 2534 2528 2545
f 2541 2511 2513
f 2541 2513 2546
f 2513 2391 2390
f 2541 2546 2547
f 2546 2513 2390
f 2548 2546 2390
f 2546 2548 2547
f 2547 2548 2549
f 2550 2547 2549
f 2548 2390 2394
f 2549 2394 2551
f 2551 2394 2393
f 2549 2548 2394
f 2529 2541 2528
f 2552 2528 2541
f 2430 2438 2431
f 2431 2438 2553
f 2553 2554 2555
f 2554 2553 2556
f 2553 2555 2431
f 2557 2558 2556
f 2557 2559 2558
f 2519 2518 2453
f 2560 2443 2453
f 2453 2443 2455
f 2561 2558 2559
f 2450 2431 2555
f 2558 2554 2556
f 2554 2558 2561
f 2520 2562 2563
f 2518 2557 2556
f 2563 2557 2518
f 2518 2520 2563
f 2518 2564 2453
f 2560 2453 2564
f 2560 2434 2436
f 2443 2560 2436
f 2522 2562 2520
f 2518 2556 2564
f 2556 2553 2560
f 2556 2560 2564
f 2553 2438 2434
f 2553 2434 2560
f 2565 2566 2567
f 2568 2566 2565
f 2569 2568 2471
f 2567 2570 2571
f 2567 2566 2570
f 2569 2566 2568
f 2565 2471 2568
f 2467 2569 2471
f 2572 2569 2467
f 2572 2467 2461
f 2573 2566 2569
f 2574 2570 2566
f 2574 2566 2573
f 2473 2469 2575
f 2469 2565 2567
f 2567 2575 2469
f 2565 2469 2471
f 2576 2561 2577
f 2505 2561 2576
f 2505 2554 2561
f 2554 2505 2447
f 2577 2572 2576
f 2578 2572 2577
f 2447 2555 2554
f 2555 2447 2450
f 2559 2578 2577
f 2563 2578 2559
f 2577 2561 2559
f 2491 2576 2461
f 2576 2572 2461
f 2576 2491 2505
f 2572 2573 2569
f 2542 2544 2543
f 2522 2544 2562
f 2563 2579 2578
f 2562 2579 2563
f 2562 2544 2579
f 2544 2580 2579
f 2542 2580 2544
f 2559 2557 2563
f 2581 2542 2582
f 2542 2534 2582
f 2542 2581 2580
f 2581 2573 2578
f 2578 2579 2580
f 2581 2578 2580
f 2578 2573 2572
f 2574 2581 2570
f 2581 2582 2570
f 2573 2581 2574
f 2570 2583 2571
f 2395 2371 2442
f 2545 2582 2534
f 2545 2583 2582
f 2570 2582 2583
f 2481 2584 2507
f 2584 2585 2586
f 2584 2586 2507
f 2586 2587 2507
f 2478 2585 2584
f 2587 2588 2589
f 2478 2584 2481
f 2575 2475 2473
f 2590 2475 2575
f 2575 2571 2590
f 2575 2567 2571
f 2571 2583 2590
f 2590 2583 2545
f 2474 2478 2481
f 2478 2476 2585
f 2476 2478 2470
f 2479 2474 2481
f 2476 2475 2591
f 2475 2590 2591
f 2585 2476 2591
f 2459 2592 2593
f 2593 2451 2459
f 2459 2594 2595
f 2592 2459 2595
f 2592 2595 2596
f 2597 2598 2599
f 2597 2599 2600
f 2598 2597 2601
f 2602 2603 2604
f 2605 2604 2606
f 2607 2605 2601
f 2608 2609 2601
f 2607 2601 2609
f 2598 2610 2611
f 2598 2601 2610
f 2612 2602 2604
f 2607 2612 2605
f 2613 2614 2615
f 2616 2613 2617
f 2616 2611 2613
f 2618 2619 2613
f 2620 2621 2608
f 2622 2620 2608
f 2623 2620 2622
f 2621 2609 2608
f 2622 2608 2600
f 2600 2601 2597
f 2608 2601 2600
f 2623 2622 2624
f 2437 2439 2441
f 2625 2626 2627
f 2625 2627 2628
f 2627 2439 2629
f 2630 2600 2599
f 2600 2630 2631
f 2632 2609 2621
f 2633 2632 2621
f 2609 2634 2607
f 2632 2634 2609
f 2635 2636 2637
f 2637 2602 2612
f 2635 2637 2612
f 2638 2636 2635
f 2612 2638 2635
f 2634 2638 2612
f 2634 2612 2607
f 2636 2638 2632
f 2632 2638 2634
f 2639 2640 2641
f 2640 2642 2641
f 2640 2643 2642
f 2642 2643 2644
f 2642 2644 2645
f 2645 2644 2646
f 2647 2645 2646
f 2648 2642 2645
f 2649 2642 2648
f 2650 2649 2648
f 2651 2648 2645
f 2652 2649 2650
f 2653 2641 2642
f 2653 2642 2649
f 2650 2648 2651
f 2652 2654 2649
f 2655 2650 2651
f 2652 2650 2655
f 2656 2651 2657
f 2655 2651 2656
f 2651 2645 2647
f 2657 2651 2647
f 2658 2657 2647
f 2656 2657 2658
f 2659 2656 2658
f 2660 2655 2656
f 2661 2662 2663
f 2664 2661 2663
f 2664 2663 2665
f 2666 2661 2667
f 2667 2661 2664
f 2668 2669 2670
f 2668 2665 2669
f 2671 2668 2670
f 2672 2665 2668
f 2671 2672 2668
f 2672 2664 2665
f 2667 2664 2672
f 2659 2658 2673
f 2674 2659 2673
f 2669 2659 2674
f 2675 2670 2676
f 2670 2669 2676
f 2662 2677 2678
f 2679 2677 2662
f 2680 2677 2679
f 2661 2680 2679
f 2661 2679 2662
f 2681 2682 2680
f 2681 2680 2666
f 2666 2680 2661
f 2663 2662 2678
f 2665 2663 2683
f 2683 2660 2669
f 2678 2660 2663
f 2669 2665 2683
f 2663 2660 2683
f 2676 2669 2674
f 2680 2682 2677
f 2682 2654 2652
f 2656 2659 2660
f 2677 2652 2655
f 2682 2652 2677
f 2669 2660 2659
f 2681 2654 2682
f 2677 2655 2678
f 2678 2655 2660
f 2640 2684 2643
f 2647 2685 2686
f 2685 2646 2687
f 2647 2646 2685
f 2643 2688 2644
f 2644 2689 2646
f 2646 2689 2687
f 2687 2690 2685
f 2658 2647 2686
f 2673 2686 2691
f 2673 2658 2686
f 2686 2685 2692
f 2693 2674 2694
f 2673 2691 2674
f 2694 2695 2696
f 2691 2686 2695
f 2686 2692 2695
f 2691 2695 2694
f 2674 2691 2694
f 2697 2694 2696
f 2698 2675 2697
f 2698 2699 2675
f 2693 2694 2697
f 2697 2675 2693
f 2693 2676 2674
f 2693 2675 2676
f 2698 2700 2699
f 2701 2702 2703
f 2704 2705 2702
f 2704 2702 2701
f 2703 2706 2701
f 2624 2622 2631
f 2701 2624 2707
f 2701 2706 2624
f 2631 2622 2600
f 2708 2703 2702
f 2623 2709 2621
f 2623 2621 2620
f 2710 2711 2712
f 2712 2713 2710
f 2714 2710 2713
f 2715 2716 2717
f 2715 2718 2716
f 2717 2713 2712
f 2719 2720 2721
f 2706 2623 2624
f 2709 2623 2703
f 2703 2623 2706
f 2722 2703 2708
f 2722 2709 2703
f 2723 2708 2702
f 2724 2725 2726
f 2727 2728 2729
f 2730 2728 2731
f 2731 2728 2732
f 2728 2733 2732
f 2729 2734 2727
f 2728 2727 2733
f 2732 2733 2735
f 2736 2737 2738
f 2738 2737 2731
f 2739 2736 2738
f 2740 2739 2738
f 2736 2741 2742
f 2740 2738 2743
f 2729 2730 2744
f 2730 2729 2728
f 2729 2744 2745
f 2729 2745 2746
f 2729 2746 2734
f 2730 2742 2744
f 2736 2742 2730
f 2730 2737 2736
f 2737 2730 2731
f 2747 2736 2739
f 2738 2731 2748
f 2738 2748 2743
f 2749 2740 2743
f 2731 2732 2748
f 2748 2750 2743
f 2750 2751 2752
f 2743 2750 2753
f 2754 2743 2753
f 2754 2753 2755
f 2732 2735 2751
f 2751 2735 2752
f 2751 2748 2732
f 2748 2751 2750
f 2756 2757 2724
f 2753 2750 2752
f 2758 2759 2724
f 2752 2760 2761
f 2759 2752 2756
f 2759 2756 2724
f 2714 2713 2749
f 2713 2739 2740
f 2713 2740 2749
f 2762 2763 2764
f 2716 2762 2764
f 2716 2764 2765
f 2717 2716 2765
f 2762 2766 2763
f 2763 2766 2741
f 2736 2763 2741
f 2765 2747 2739
f 2717 2765 2739
f 2713 2717 2739
f 2747 2763 2736
f 2764 2763 2747
f 2764 2747 2765
f 2714 2749 2720
f 2749 2743 2767
f 2720 2749 2767
f 2768 2767 2754
f 2767 2743 2754
f 2757 2725 2724
f 2710 2714 2720
f 2719 2710 2720
f 2769 2720 2770
f 2720 2767 2770
f 2768 2754 2755
f 2770 2767 2768
f 2771 2768 2755
f 2770 2768 2771
f 2772 2770 2771
f 2772 2769 2770
f 2721 2720 2769
f 2761 2760 2773
f 2774 2626 2625
f 2441 2626 2397
f 2397 2395 2441
f 2775 2626 2774
f 2399 2398 2776
f 2396 2397 2398
f 2630 2599 2777
f 2624 2631 2778
f 2779 2780 2781
f 2782 2783 2780
f 2784 2780 2779
f 2784 2779 2785
f 2780 2783 2786
f 2780 2786 2787
f 2780 2787 2781
f 2788 2789 2783
f 2790 2788 2783
f 2791 2790 2792
f 2791 2788 2790
f 2793 2794 2795
f 2795 2796 2797
f 2798 2795 2797
f 2794 2799 2796
f 2795 2794 2796
f 2800 2797 2796
f 2800 2801 2802
f 2800 2802 2797
f 2803 2804 2794
f 2804 2805 2794
f 2805 2806 2794
f 2807 2808 2809
f 2809 2806 2805
f 2810 2809 2805
f 2810 2805 2804
f 2800 2796 2811
f 2812 2425 2427
f 2812 2427 2801
f 2813 2814 2815
f 2815 2812 2800
f 2816 2812 2817
f 2818 2819 2813
f 2819 2814 2813
f 2814 2817 2815
f 2811 2813 2800
f 2813 2815 2800
f 2815 2817 2812
f 2811 2818 2813
f 2816 2425 2812
f 2812 2801 2800
f 2820 2821 2822
f 2821 2818 2822
f 2823 2820 2822
f 2824 2825 2820
f 2820 2825 2821
f 2826 2827 2828
f 2829 2828 2830
f 2831 2832 2833
f 2831 2833 2825
f 2830 2834 2831
f 2830 2831 2825
f 2834 2832 2831
f 2834 2827 2832
f 2828 2834 2830
f 2824 2830 2825
f 2829 2830 2824
f 2828 2827 2834
f 2832 2835 2833
f 2833 2836 2825
f 2821 2825 2837
f 2821 2837 2819
f 2838 2837 2839
f 2825 2839 2837
f 2840 2820 2823
f 2823 2822 2811
f 2799 2823 2811
f 2824 2820 2840
f 2840 2823 2799
f 2799 2811 2796
f 2818 2821 2819
f 2811 2822 2818
f 2841 2842 2843
f 2841 2843 2829
f 2840 2841 2824
f 2794 2806 2840
f 2841 2829 2824
f 2841 2840 2806
f 2840 2799 2794
f 2826 2828 2843
f 2843 2828 2829
f 2844 2826 2843
f 2842 2844 2843
f 2845 2846 2847
f 2848 2844 2845
f 2845 2849 2848
f 2849 2845 2847
f 2850 2847 2846
f 2808 2845 2842
f 2809 2808 2842
f 2809 2842 2806
f 2807 2846 2808
f 2806 2842 2841
f 2846 2845 2808
f 2845 2844 2842
f 2851 2852 2853
f 2817 2814 2854
f 2817 2854 2816
f 2855 2853 2814
f 2853 2854 2814
f 2819 2855 2814
f 2837 2855 2819
f 2851 2853 2855
f 2855 2837 2838
f 2856 2857 2858
f 2858 2857 2859
f 2838 2859 2855
f 2859 2851 2855
f 2836 2835 2860
f 2836 2860 2856
f 2833 2835 2836
f 2839 2858 2838
f 2827 2835 2832
f 2825 2836 2839
f 2836 2856 2858
f 2839 2836 2858
f 2861 2835 2827
f 2858 2859 2838
f 2860 2857 2856
f 2857 2862 2863
f 2860 2864 2857
f 2864 2862 2857
f 2857 2863 2859
f 2859 2863 2851
f 2865 2860 2835
f 2616 2866 2599
f 2599 2866 2867
f 2617 2868 2869
f 2613 2615 2617
f 2617 2615 2868
f 2616 2617 2866
f 2617 2869 2866
f 2870 2871 2872
f 2777 2599 2867
f 2873 2874 2875
f 2875 2876 2877
f 2874 2878 2870
f 2879 2880 2878
f 2879 2878 2874
f 2881 2882 2880
f 2873 2881 2879
f 2876 2870 2883
f 2878 2871 2870
f 2880 2871 2878
f 2880 2879 2881
f 2873 2879 2874
f 2874 2870 2876
f 2875 2874 2876
f 2881 2873 2875
f 2881 2875 2877
f 2613 2619 2614
f 2884 2885 2619
f 2885 2886 2619
f 2887 2888 2889
f 2890 2887 2889
f 2891 2887 2890
f 2798 2797 2892
f 2892 2797 2802
f 2427 2893 2801
f 2893 2802 2801
f 2426 2894 2427
f 2427 2894 2893
f 2892 2802 2893
f 2891 2890 2895
f 2890 2896 2895
f 2890 2889 2896
f 2897 2898 2899
f 2900 2898 2897
f 2901 2900 2902
f 2903 2901 2902
f 2904 2902 2905
f 2905 2902 2900
f 2906 2907 2908
f 2793 2795 2798
f 2909 2887 2891
f 2891 2895 2901
f 2910 2904 2905
f 2911 2902 2904
f 2912 2913 2903
f 2912 2903 2902
f 2903 2891 2901
f 2803 2794 2793
f 2903 2913 2914
f 2914 2915 2909
f 2914 2909 2891
f 2913 2916 2914
f 2915 2803 2793
f 2903 2914 2891
f 2917 2915 2914
f 2916 2917 2914
f 2781 2787 2807
f 2781 2810 2917
f 2918 2846 2807
f 2919 2781 2917
f 2919 2779 2781
f 2787 2918 2807
f 2781 2807 2810
f 2920 2919 2917
f 2920 2917 2916
f 2786 2918 2787
f 2783 2789 2786
f 2786 2921 2918
f 2918 2922 2850
f 2789 2921 2786
f 2921 2922 2918
f 2918 2850 2846
f 2923 2868 2924
f 2925 2926 2927
f 2926 2928 2927
f 2924 2929 2923
f 2929 2924 2930
f 2929 2931 2907
f 2932 2933 2934
f 2935 2933 2936
f 2933 2937 2936
f 2938 2932 2934
f 2936 2937 2939
f 2932 2940 2933
f 2941 2942 2924
f 2941 2924 2868
f 2615 2614 2868
f 2614 2941 2868
f 2943 2944 2945
f 2945 2946 2943
f 2946 2947 2943
f 2948 2949 2947
f 2947 2946 2932
f 2949 2943 2947
f 2944 2950 2945
f 2947 2932 2948
f 2951 2945 2950
f 2940 2946 2945
f 2940 2945 2951
f 2937 2951 2939
f 2940 2951 2937
f 2932 2946 2940
f 2940 2937 2933
f 2952 2948 2932
f 2948 2952 2926
f 2952 2932 2938
f 2952 2928 2926
f 2928 2938 2953
f 2928 2952 2938
f 2866 2869 2954
f 2955 2876 2956
f 2957 2944 2955
f 2877 2876 2955
f 2881 2877 2943
f 2958 2881 2943
f 2943 2877 2944
f 2944 2877 2955
f 2949 2958 2943
f 2886 2614 2619
f 2950 2944 2957
f 2905 2900 2959
f 2383 2378 2960
f 2961 2962 2963
f 2964 2965 2966
f 2966 2965 2967
f 2963 2962 2964
f 2967 2968 2969
f 2969 2968 2970
f 2971 2967 2969
f 2962 2965 2964
f 2961 2972 2973
f 2961 2973 2962
f 2968 2967 2974
f 2963 2964 2966
f 2965 2974 2967
f 2975 2961 2976
f 2966 2977 2978
f 2963 2966 2978
f 2977 2966 2979
f 2966 2971 2979
f 2382 2381 2972
f 2381 2960 2972
f 2980 2382 2972
f 2960 2381 2383
f 2378 2981 2960
f 2960 2981 2965
f 2981 2388 2982
f 2982 2388 2389
f 2965 2981 2982
f 2389 2387 2983
f 2960 2965 2973
f 2975 2972 2961
f 2984 2972 2975
f 2973 2972 2960
f 2982 2389 2985
f 2965 2982 2974
f 2973 2965 2962
f 2974 2982 2985
f 2974 2985 2968
f 2389 2983 2985
f 2966 2967 2971
f 2384 2378 2383
f 2378 2386 2981
f 2981 2386 2388
f 2986 2976 2961
f 2987 2961 2963
f 2978 2988 2989
f 2971 2969 2990
f 2979 2971 2990
f 2988 2977 2991
f 2978 2987 2963
f 2977 2979 2991
f 2977 2988 2978
f 2412 2411 2992
f 2409 2412 2992
f 2406 2411 2412
f 2409 2992 2993
f 2992 2994 2993
f 2992 2995 2994
f 2993 2994 2996
f 2997 2998 2999
f 2999 2998 3000
f 3001 3002 3003
f 3000 3004 3005
f 3001 3000 3005
f 3003 2999 3001
f 3006 3005 3004
f 3007 3008 3009
f 3010 3011 3012
f 3013 3011 3014
f 3011 3013 3012
f 3011 3015 3016
f 3014 3011 3016
f 3017 3013 3018
f 3012 3013 3017
f 3016 3019 3014
f 3014 3019 3020
f 3013 3014 3020
f 3020 3021 3022
f 3013 3020 3018
f 3020 3022 3018
f 3023 3012 3017
f 3024 3025 3026
f 3016 3027 3024
f 3015 3027 3016
f 3028 3026 3029
f 3028 3029 3030
f 3031 3018 3032
f 3017 3018 3033
f 3033 3018 3031
f 3031 3034 3035
f 3023 3017 3036
f 3017 3033 3036
f 3023 3037 3012
f 3038 3023 3036
f 3024 3026 3039
f 3039 3026 3028
f 3040 3028 3030
f 3039 3028 3041
f 3041 3028 3040
f 3016 3024 3042
f 3042 3019 3016
f 3042 3039 3041
f 3042 3024 3039
f 3018 3022 3032
f 3043 3040 3034
f 3032 3043 3034
f 3022 3043 3032
f 3031 3032 3034
f 3021 3042 3041
f 3020 3019 3021
f 3021 3019 3042
f 3021 3041 3043
f 3022 3021 3043
f 3043 3041 3040
f 3044 3045 3046
f 3047 3046 3045
f 3048 3049 3050
f 3051 3052 3049
f 3046 3053 3044
f 3054 3055 3044
f 3056 3044 3053
f 3054 3044 3056
f 3054 3056 3048
f 3048 3056 3049
f 3056 3051 3049
f 3056 3053 3051
f 3057 3052 3058
f 3049 3052 3057
f 3059 3060 3061
f 3062 3063 3061
f 3063 3064 3061
f 3065 3066 3067
f 3064 3059 3061
f 3046 3062 3053
f 3053 3062 3061
f 3065 3067 3064
f 3067 3059 3064
f 2588 3068 3069
f 2589 3069 3070
f 2588 3069 2589
f 3070 3069 3071
f 3068 3072 3069
f 3069 3072 3071
f 3068 3073 3074
f 3075 3068 3074
f 3070 3047 3076
f 3072 3068 3075
f 3070 3071 3063
f 3072 3075 3065
f 3071 3072 3065
f 3047 3070 3062
f 3070 3063 3062
f 3065 3075 3066
f 3071 3065 3063
f 3063 3065 3064
f 3046 3047 3062
f 3067 3077 3078
f 3077 3066 3079
f 3067 3066 3077
f 3059 3067 3078
f 3066 3074 3079
f 3074 3066 3075
f 3080 3081 3082
f 3083 3084 3085
f 3084 3086 3087
f 3088 3087 3089
f 3090 3084 3087
f 3082 3091 3086
f 3088 3090 3087
f 3086 3091 3087
f 3084 3080 3086
f 3080 3082 3086
f 3083 3080 3084
f 3085 3084 3090
f 3085 3090 3088
f 3083 3092 3080
f 3085 3093 3094
f 3052 3051 3093
f 3093 3085 3052
f 3094 3092 3083
f 3081 3079 3082
f 3083 3085 3094
f 3053 3061 3095
f 3061 3060 3095
f 3052 3096 3058
f 3096 3052 3088
f 3081 3078 3077
f 3051 3053 3095
f 3095 3094 3093
f 3051 3095 3093
f 3078 3092 3097
f 3078 3081 3092
f 3095 3097 3094
f 3077 3079 3081
f 3097 3092 3094
f 3081 3080 3092
f 3060 3059 3097
f 3060 3097 3095
f 3078 3097 3059
f 3079 3009 3082
f 3052 3085 3088
f 3055 3098 3044
f 3099 3076 3047
f 3099 3047 3045
f 3100 3101 3050
f 3102 3054 3101
f 3055 3054 3102
f 3101 3054 3048
f 3101 3048 3050
f 3050 3103 3104
f 2482 2507 3105
f 2507 2589 3105
f 2589 3070 3105
f 3076 2483 3105
f 2483 2482 3105
f 3076 3105 3070
f 3106 3002 3107
f 3108 3109 3110
f 3108 3110 3111
f 3112 3108 3111
f 3109 3113 3110
f 3113 3109 3114
f 3082 3009 3115
f 3116 3117 3118
f 3115 3009 3119
f 3119 3009 3120
f 3121 3122 3117
f 3117 3122 3123
f 3118 3117 3124
f 3121 3115 3122
f 3124 3125 3118
f 3115 3119 3122
f 3126 3125 3124
f 3117 3123 3124
f 3127 3112 3128
f 3123 3129 3130
f 3130 3129 3131
f 3119 3123 3122
f 3124 3128 3126
f 3130 3128 3124
f 3124 3123 3130
f 3128 3130 3127
f 3119 3120 3123
f 3130 3131 3127
f 3120 3037 3132
f 3129 3123 3133
f 3123 3120 3133
f 3009 3037 3120
f 3120 3132 3134
f 3133 3134 3135
f 3129 3133 3131
f 3127 3131 3136
f 3120 3134 3133
f 3133 3135 3131
f 3131 3135 3136
f 3132 3137 3134
f 3132 3038 3138
f 3132 3138 3137
f 3132 3037 3038
f 3134 3137 3135
f 3135 3137 3114
f 3135 3114 3136
f 3118 3139 3116
f 3139 3118 3089
f 3121 3117 3116
f 3139 3121 3116
f 3140 3141 3128
f 3128 3141 3126
f 3140 3128 3142
f 3143 3141 3140
f 3141 3143 3125
f 3126 3141 3125
f 3111 3128 3112
f 3128 3111 3142
f 3108 3127 3109
f 3136 3109 3127
f 3112 3127 3108
f 3138 3038 3144
f 3145 3113 3146
f 3144 3146 3114
f 3146 3113 3114
f 3137 3144 3114
f 3138 3144 3137
f 3136 3114 3109
f 3145 3146 3147
f 3036 3148 3144
f 3148 3147 3144
f 3144 3147 3146
f 3038 3036 3144
f 3009 3008 3012
f 3149 3098 3055
f 3098 3150 3045
f 3150 3099 3045
f 3150 3098 3151
f 3151 3098 3149
f 3098 3045 3044
f 2508 2483 3076
f 3152 2509 2508
f 2509 3152 3153
f 3153 3152 3154
f 3155 2508 3076
f 3154 3152 3150
f 3155 3076 3099
f 3152 3155 3150
f 3152 2508 3155
f 3150 3155 3099
f 2508 2487 2485
f 2509 2487 2508
f 3156 3157 3158
f 3159 3113 3160
f 3158 3161 3162
f 3158 3157 3161
f 3160 3157 3159
f 3161 3163 3164
f 3164 3165 3161
f 3163 3166 3164
f 3157 3160 3163
f 3160 3167 3163
f 3163 3161 3157
f 3163 3167 3166
f 3168 3165 3164
f 3166 3168 3164
f 3009 3012 3037
f 3038 3037 3023
f 3030 2989 2988
f 2988 3169 3170
f 3170 3169 3171
f 3170 3171 3172
f 3172 3171 3106
f 3030 2988 3173
f 3174 3107 3175
f 3173 2988 3170
f 3172 3106 3107
f 3172 3107 3174
f 3176 3172 3174
f 3175 3177 3174
f 2988 2991 3169
f 3145 3160 3113
f 3145 3178 3179
f 3035 3178 3145
f 3034 3178 3035
f 3031 3035 3148
f 3035 3147 3148
f 3036 3033 3148
f 3033 3031 3148
f 3035 3145 3147
f 3145 3179 3160
f 3034 3040 3180
f 3178 3034 3179
f 3180 3030 3173
f 3173 3170 3172
f 3179 3180 3181
f 3167 3181 3168
f 3181 3177 3168
f 3179 3034 3180
f 3179 3181 3167
f 3180 3040 3030
f 3181 3180 3173
f 3173 3172 3176
f 3174 3177 3176
f 3173 3176 3181
f 3181 3176 3177
f 3175 3182 3183
f 3002 3001 3107
f 3182 3175 3107
f 3179 3167 3160
f 3166 3167 3168
f 3165 3183 3184
f 3183 3165 3168
f 3183 3182 3184
f 3183 3168 3177
f 3177 3175 3183
f 3185 3186 3187
f 3188 3111 3189
f 3189 3190 3191
f 3111 3110 3189
f 3189 3110 3192
f 3189 3192 3190
f 3113 3159 3110
f 3192 3159 3157
f 3192 3157 3156
f 3110 3159 3192
f 3115 3121 3091
f 3050 3049 3057
f 3103 3050 3057
f 3193 3103 3194
f 3058 3194 3103
f 3057 3058 3103
f 3193 3194 3195
f 3195 3194 3196
f 3058 3197 3194
f 3089 3087 3139
f 3096 3198 3058
f 3058 3198 3197
f 3091 3082 3115
f 3198 3096 3199
f 3139 3091 3121
f 3096 3088 3199
f 3199 3088 3089
f 3087 3091 3139
f 3089 3118 3199
f 3125 3143 3199
f 3143 3198 3199
f 3125 3199 3118
f 3197 3198 3143
f 3197 3143 3140
f 3194 3200 3196
f 3200 3201 3196
f 3197 3140 3200
f 3201 3200 3185
f 3202 3201 3185
f 3200 3140 3186
f 3200 3186 3185
f 3140 3142 3186
f 3186 3142 3188
f 3188 3142 3111
f 3194 3197 3200
f 3203 2984 2975
f 3010 3012 3008
f 3204 3205 3010
f 3010 3205 3206
f 3207 3208 3203
f 3204 3208 3205
f 3209 3203 2975
f 3207 3203 3209
f 3205 3208 3207
f 3010 3206 3015
f 3010 3015 3011
f 3204 3210 3208
f 3203 3211 2984
f 3208 3210 3203
f 2986 3209 2976
f 2986 3212 3209
f 3207 3209 3212
f 3209 2975 2976
f 3205 3207 3212
f 2986 2961 2987
f 3026 2986 2987
f 3026 3025 2986
f 3027 2986 3025
f 3213 3027 3015
f 3026 2987 3029
f 3027 3025 3024
f 3029 2987 2978
f 3029 2978 2989
f 3030 3029 2989
f 3205 3212 3027
f 3206 3213 3015
f 3206 3205 3213
f 3213 3205 3027
f 3027 3212 2986
f 3074 3009 3079
f 3074 3007 3009
f 2528 3008 2545
f 2547 2552 2541
f 2528 2552 3010
f 2547 2550 2552
f 2980 2393 2392
f 3214 2550 2549
f 2385 2382 2392
f 2552 2550 3214
f 2528 3010 3008
f 2392 2382 2980
f 2549 2551 3215
f 3010 2552 3214
f 3214 2549 3215
f 2551 2393 3211
f 3203 3215 2551
f 3214 3215 3210
f 3203 2551 3211
f 3210 3215 3203
f 2393 2980 3211
f 2984 3211 2980
f 2984 2980 2972
f 3214 3204 3010
f 3204 3214 3210
f 2545 3008 3007
f 3074 2545 3007
f 2398 2397 2626
f 2398 2626 3216
f 2626 3217 3216
f 3216 3217 3218
f 2398 3216 2983
f 3219 3216 3218
f 3219 3218 3220
f 3216 3219 2997
f 2776 2983 2387
f 2401 2399 2776
f 2387 2401 2776
f 2401 2387 2386
f 2776 2398 2983
f 2983 3216 3221
f 2970 2968 2999
f 2968 3221 2999
f 2983 3221 2985
f 2968 2985 3221
f 3171 2991 2990
f 2969 2970 2990
f 2970 2999 3003
f 2990 2970 3003
f 2979 2990 2991
f 3169 2991 3171
f 2990 3003 3002
f 2990 3002 3106
f 2990 3106 3171
f 2590 2545 2591
f 2591 2545 3074
f 2588 3073 3068
f 3222 3074 3073
f 2585 2591 3222
f 2585 3222 2586
f 2586 3222 3073
f 3074 3222 2591
f 2587 2586 2588
f 2587 2589 2507
f 2586 3073 2588
f 2409 2993 3223
f 2409 3223 3224
f 3223 3225 3224
f 2402 2404 3223
f 3226 3227 3228
f 3228 3227 3229
f 3230 3228 3229
f 3228 3230 3231
f 3232 3233 3234
f 3232 3234 3235
f 3236 3237 3238
f 3239 3238 3240
f 3235 3239 3240
f 2404 3241 3242
f 2404 3242 3223
f 3223 3242 3225
f 3242 3240 3225
f 3242 3241 3240
f 2994 3243 2996
f 2994 2995 3243
f 3223 2993 2996
f 3243 3223 2996
f 3244 3245 3246
f 3247 3248 3249
f 3230 3249 3231
f 3250 3251 3248
f 3252 3228 3231
f 3251 3231 3248
f 3246 3250 3248
f 3231 3249 3248
f 3251 3252 3231
f 3228 3252 3226
f 3253 3254 3255
f 3253 3255 3256
f 3257 3258 3253
f 3259 3260 3258
f 3253 3258 3254
f 3261 3262 3259
f 3259 3262 3260
f 3259 3258 3257
f 3263 3264 3265
f 3266 3267 3268
f 3268 3267 3264
f 3264 3267 3265
f 3256 3263 3253
f 3261 3259 3269
f 3269 3259 3257
f 3270 3253 3263
f 3269 3257 3270
f 3271 3270 3263
f 3270 3257 3253
f 3269 3270 3272
f 3273 3274 3275
f 3234 3276 3275
f 3276 3245 3275
f 3275 3245 3244
f 3273 3275 3247
f 3275 3244 3247
f 3230 3277 3273
f 3230 3273 3247
f 3234 3278 3276
f 3279 3271 3280
f 3270 3271 3279
f 3274 3234 3275
f 3281 3270 3279
f 3282 3269 3272
f 3279 3280 3283
f 3282 3272 3270
f 3282 3270 3281
f 3281 3279 3283
f 3226 3282 3281
f 3227 3283 3277
f 3229 3227 3277
f 3283 3280 3274
f 3227 3281 3283
f 3283 3274 3273
f 3283 3273 3277
f 3226 3281 3227
f 3229 3277 3230
f 3267 3266 3236
f 3267 3236 3238
f 3265 3267 3280
f 3267 3238 3280
f 3280 3238 3239
f 3235 3234 3239
f 3239 3234 3274
f 3265 3271 3263
f 3271 3265 3280
f 3274 3280 3239
f 3244 3248 3247
f 3247 3249 3230
f 3244 3246 3248
f 2408 2409 3224
f 3238 2415 3224
f 3240 3238 3224
f 3225 3240 3224
f 2415 2414 2413
f 3284 2414 2415
f 3237 3284 2415
f 3237 2415 3238
f 2415 2408 3224
f 2685 3285 2692
f 2685 2690 3285
f 2692 3285 3286
f 2695 2692 3286
f 2696 2695 3286
f 3287 2696 3286
f 3287 3288 2696
f 3288 2697 2696
f 3289 3290 3291
f 3290 2698 3291
f 3292 3291 2698
f 3292 3288 3287
f 3292 2698 3288
f 2698 2697 3288
f 3293 3292 3287
f 3294 2418 3284
f 3294 3284 3237
f 3295 3296 3297
f 2420 3298 3299
f 3300 3301 3302
f 3303 3301 3300
f 3304 3300 3305
f 3306 3300 3304
f 3306 3304 3307
f 3308 3307 3309
f 3308 3309 3295
f 3310 3311 3301
f 3310 3301 3303
f 3301 3311 3302
f 3311 3312 3302
f 3300 3302 3305
f 3313 3306 3307
f 3307 3304 3309
f 3313 3307 3308
f 3295 3314 3308
f 3297 3314 3295
f 3315 3316 3317
f 3305 3318 3304
f 3305 3319 3318
f 3304 3318 3320
f 3309 3304 3320
f 3309 3320 3296
f 3302 3319 3305
f 3302 3312 3319
f 3312 2421 3319
f 2421 3312 2419
f 3319 2421 3318
f 3309 3296 3295
f 2421 2420 3318
f 3318 2420 3299
f 3318 3299 3320
f 3321 2896 3322
f 3321 3322 3315
f 3256 3255 3323
f 3324 3325 3326
f 3326 3327 3255
f 3328 3297 3296
f 3328 3296 3256
f 3326 3325 3327
f 3254 3326 3255
f 3329 3298 3330
f 3298 3320 3299
f 3260 3331 3324
f 3254 3260 3324
f 3254 3324 3326
f 3260 3254 3258
f 3320 3298 3329
f 3329 3332 3333
f 3333 3320 3329
f 3296 3320 3333
f 3332 3329 3236
f 3333 3332 3266
f 3296 3333 3266
f 3332 3236 3266
f 3268 3296 3266
f 3256 3296 3268
f 3256 3268 3264
f 3264 3263 3256
f 3298 2422 2416
f 2420 2422 3298
f 2422 2424 2416
f 3330 2416 2418
f 3298 2416 3330
f 3329 3330 2418
f 3329 2418 3294
f 3329 3294 3236
f 3294 3237 3236
f 3331 3334 3324
f 3334 3325 3324
f 3335 3336 3337
f 3331 3338 3334
f 3338 3339 3334
f 3340 3341 3342
f 3343 3344 3340
f 3345 3344 3346
f 3347 3297 3348
f 3347 3349 3342
f 3350 3346 3349
f 3346 3343 3349
f 3351 3352 3346
f 3353 3351 3354
f 3350 3349 3347
f 3348 3350 3347
f 3342 3349 3340
f 3346 3344 3343
f 3349 3343 3340
f 3346 3355 3354
f 3346 3354 3351
f 3356 3357 3353
f 3358 3359 3360
f 3355 3350 3361
f 3361 3348 3362
f 3355 3363 3354
f 3363 3355 3361
f 3363 3364 3356
f 3365 3361 3362
f 3353 3363 3356
f 3365 3363 3361
f 3355 3346 3350
f 3348 3297 3328
f 3350 3348 3361
f 3362 3348 3328
f 3354 3363 3353
f 3366 3367 3368
f 3368 3367 3369
f 3368 3313 3314
f 3347 3314 3297
f 3368 3314 3342
f 3317 3316 3369
f 3316 3313 3369
f 3369 3313 3368
f 3347 3342 3314
f 3370 3368 3371
f 3371 3368 3372
f 3372 3368 3342
f 3372 3342 3358
f 3342 3341 3373
f 3358 3342 3373
f 3373 3374 3358
f 3373 3375 3374
f 3375 3373 3341
f 3344 3341 3340
f 3376 2896 3321
f 3376 3321 3377
f 3378 3321 3379
f 3380 3381 3377
f 3381 3376 3377
f 2900 3377 2898
f 3321 3378 3377
f 2898 3377 3382
f 3378 3379 3383
f 3321 3317 3379
f 3321 3315 3317
f 3379 3317 3384
f 3369 3384 3317
f 3378 3383 3385
f 3382 3377 3378
f 2899 3382 3386
f 3378 3387 3382
f 3378 3385 3387
f 3328 3256 3323
f 3255 3327 3323
f 3365 3362 3328
f 3334 3388 3364
f 3389 3363 3365
f 3334 3364 3389
f 3325 3334 3389
f 3327 3325 3389
f 3327 3389 3365
f 3365 3328 3323
f 3389 3364 3363
f 3327 3365 3323
f 3344 3345 3352
f 3390 3352 3351
f 3345 3346 3352
f 3391 3392 3351
f 3391 3353 3392
f 3357 3392 3353
f 3351 3392 3393
f 3353 3391 3351
f 3388 3394 3395
f 3395 3394 3396
f 3394 3337 3396
f 3388 3356 3364
f 3395 3396 3397
f 3396 3398 3399
f 3397 3396 3399
f 3395 3397 3356
f 3388 3395 3356
f 3356 3397 3357
f 3396 3337 3398
f 3339 3388 3334
f 3375 3341 3374
f 3374 3341 3390
f 3341 3352 3390
f 3341 3344 3352
f 3390 3400 3374
f 3351 3400 3390
f 3351 3401 3400
f 3401 3351 3393
f 3397 3399 3357
f 3393 3402 3403
f 3371 3372 3404
f 3405 3404 3372
f 3406 3359 3358
f 3406 3358 3374
f 2898 3382 2899
f 3382 3387 3386
f 3407 3408 3409
f 3410 3407 3409
f 3409 3408 3411
f 3412 3413 3414
f 3415 3393 3392
f 3415 3402 3393
f 3415 3416 3402
f 3417 3416 3415
f 3399 3415 3357
f 3399 3417 3415
f 3357 3415 3392
f 3417 3418 3419
f 3419 3420 3416
f 3421 3420 3419
f 3421 3422 3420
f 3416 3420 3423
f 3420 3424 3425
f 3422 3426 3420
f 3426 3424 3420
f 3427 3428 3422
f 3429 3430 3428
f 3427 3422 3421
f 3429 3431 3430
f 3402 3432 3403
f 3420 3425 3423
f 3433 3434 3425
f 3426 3433 3424
f 3435 3421 3419
f 3409 3411 3436
f 3433 3410 3436
f 3410 3409 3436
f 3410 3433 3426
f 3374 3437 3406
f 2631 2630 3438
f 2778 2631 3438
f 2624 2778 2707
f 3439 3440 3441
f 3441 3442 3443
f 3441 3440 3442
f 3444 3439 3441
f 3441 3443 3445
f 3446 3439 3444
f 3445 3447 3448
f 3445 3443 3442
f 3442 3447 3445
f 3447 3442 3449
f 3449 3450 3451
f 3449 3451 3452
f 3440 3453 3442
f 3454 3446 3455
f 3455 3446 3444
f 3456 3457 3458
f 2785 3459 3458
f 3456 3458 3460
f 3461 3456 3462
f 3463 3456 3464
f 3464 3456 3460
f 3465 3457 3466
f 3466 3457 3461
f 3451 2782 2784
f 3451 2784 3465
f 3457 2785 3458
f 3465 2784 3457
f 2784 2785 3457
f 3461 3457 3456
f 2782 2780 2784
f 2792 2783 2782
f 2792 2790 2783
f 3450 2782 3451
f 3447 3449 3452
f 3452 3451 3465
f 3448 3452 3467
f 3468 3465 3466
f 3452 3465 3469
f 3447 3452 3448
f 3467 3452 3469
f 3465 3468 3469
f 3448 3467 3470
f 3470 3467 3469
f 2630 2777 3471
f 2777 2867 3472
f 2704 2701 2707
f 2704 2707 3473
f 3474 3475 2954
f 2929 2907 2923
f 2906 3476 3477
f 3476 3478 2934
f 3476 2906 3478
f 2935 3476 2934
f 3477 3476 3479
f 3480 2906 3477
f 2934 3478 2953
f 3478 2908 2953
f 3480 2907 2906
f 2923 2907 3480
f 2906 2908 3478
f 2953 2908 3481
f 3480 3477 3475
f 3474 2923 3480
f 3480 3475 3474
f 3482 3483 3484
f 3473 3485 3486
f 3483 3487 3484
f 3488 3489 3483
f 3488 3483 3482
f 3471 3488 3482
f 3490 3471 3482
f 3490 3482 3491
f 3492 3471 3490
f 3490 3491 3493
f 3472 2867 3494
f 3475 3477 3479
f 3495 3496 3439
f 3497 3495 3439
f 3498 3495 3497
f 3496 3499 3439
f 3487 3500 3484
f 3499 3440 3439
f 2936 2939 2935
f 3476 2935 2939
f 3446 3454 3439
f 3439 3454 3497
f 3499 2939 3440
f 3479 3476 3499
f 3499 3476 2939
f 3501 3499 3496
f 3502 3503 3504
f 3503 3505 3506
f 3507 3505 3503
f 2933 2935 2934
f 2938 2934 2953
f 2954 2869 3474
f 2869 2868 3474
f 2868 2923 3474
f 3507 3473 3486
f 3508 3507 3503
f 3503 2773 3508
f 3502 2773 3503
f 3509 3473 3507
f 3508 3509 3507
f 3485 3438 3471
f 3471 2777 3472
f 2867 2866 3494
f 2760 3508 2773
f 3482 3510 3491
f 3511 3491 3512
f 3482 3484 3510
f 3491 3510 3512
f 3498 3497 3513
f 3497 3454 3513
f 3513 3454 3455
f 3514 3513 3455
f 209 211 210
f 208 3515 211
f 3516 3517 3518
f 3519 3518 3520
f 3518 3517 3521
f 3520 3518 3521
f 3522 3519 3520
f 3522 3520 3523
f 3520 3521 3523
f 3524 3525 3526
f 3521 3525 3523
f 3527 3525 3524
f 3525 3528 3526
f 3529 3530 3524
f 3531 3529 3526
f 3532 3533 3530
f 3524 3526 3529
f 3534 3527 3524
f 3534 3524 3530
f 3535 3534 3536
f 3534 3535 3533
f 3530 3533 3536
f 3535 3536 3533
f 3530 3536 3534
f 3537 3523 3527
f 3537 3527 3534
f 3537 3534 3532
f 3534 3533 3532
f 3537 3532 438
f 3525 3527 3523
f 3522 3523 3537
f 3538 3522 3537
f 3539 3522 3538
f 3540 3541 438
f 3541 3540 3542
f 438 3532 3529
f 3532 3530 3529
f 439 438 3529
f 437 3540 438
f 3531 439 3529
f 439 3531 3543
f 447 437 440
f 440 439 3543
f 3541 3544 438
f 3537 438 3538
f 3544 3538 438
f 3544 3545 3538
f 3545 3539 3538
f 2410 3546 2411
f 2410 3547 3546
f 2417 3548 2410
f 2425 3549 3548
f 2425 2816 3549
f 2414 3550 2410
f 3548 3551 3547
f 3548 3547 2410
f 3284 3550 2414
f 3548 3549 3551
f 3549 3552 3551
f 2417 2410 3550
f 2418 2417 3284
f 3284 2417 3550
f 3553 2428 3554
f 3553 3555 2428
f 3556 3557 3558
f 3557 2426 2428
f 3557 3559 3558
f 3559 3557 2428
f 3555 3559 2428
f 3554 2428 2423
f 2428 3548 2424
f 2423 2428 2424
f 2428 2425 3548
f 2424 3548 2417
f 3560 2629 2593
f 3561 2629 3560
f 2593 2592 3562
f 3563 2593 3562
f 2593 3563 3560
f 3564 3562 2592
f 3564 2592 2596
f 3565 3560 3563
f 3566 3560 3565
f 3567 3568 3569
f 3567 3570 3571
f 3567 3571 3568
f 3568 3572 3573
f 3515 3568 3573
f 3515 3573 210
f 211 3515 210
f 3573 3572 3574
f 2627 3575 2628
f 2627 2629 3561
f 3560 3566 3561
f 3576 2636 3577
f 3566 3565 3578
f 3578 2636 3576
f 3566 3578 3576
f 3577 2636 2632
f 3579 3576 3577
f 3580 3579 3581
f 3581 3579 3577
f 3582 3575 3579
f 3577 2632 2709
f 3581 3577 2709
f 3561 3566 3583
f 3583 3566 3576
f 2627 3561 3583
f 2627 3583 3575
f 3579 3583 3576
f 3575 3583 3579
f 3584 3585 3586
f 3587 3588 3589
f 3590 3587 3589
f 2719 3590 3589
f 3589 3588 2639
f 2641 2719 3589
f 2641 3589 2639
f 3591 2653 2654
f 2654 2653 2649
f 3592 3591 2681
f 3591 2710 2641
f 2653 3591 2641
f 3592 2681 2666
f 3593 2666 2667
f 2699 2670 2675
f 2711 2710 3591
f 2681 3591 2654
f 3594 2666 3593
f 3595 3596 3597
f 3598 3599 3600
f 3598 3601 3599
f 3598 3217 3601
f 3602 3603 3595
f 3595 3597 3604
f 3595 3604 3602
f 3602 3604 3599
f 3603 3602 3601
f 3601 3602 3599
f 3596 2628 3582
f 3597 3596 3582
f 3580 3605 3579
f 3582 3579 3605
f 3582 3605 3597
f 3606 3597 3605
f 3606 3605 3580
f 3607 3598 3608
f 3607 3217 3598
f 3608 3598 3600
f 3597 3606 3604
f 3600 3599 3609
f 3608 3610 3594
f 3608 3600 3610
f 3610 3600 3609
f 3610 3609 3591
f 2628 3575 3582
f 2718 3606 2762
f 3604 3606 3609
f 3609 3606 2718
f 2718 2762 2716
f 2718 2715 3609
f 3604 3609 3599
f 3610 3591 3592
f 3594 3610 3592
f 3594 3592 2666
f 3611 3608 3594
f 3593 2667 3612
f 2667 2672 3612
f 3613 3289 3614
f 3615 3613 3614
f 3613 3615 3289
f 3614 3289 3616
f 3614 3617 3615
f 3289 3615 3290
f 3615 2700 3290
f 2700 3615 3586
f 3290 2700 2698
f 2700 3586 2699
f 2709 2633 2621
f 3618 3580 3581
f 2742 3580 3618
f 3618 3581 2709
f 2742 3618 2744
f 3606 3580 2742
f 2709 2632 2633
f 3606 2766 2762
f 3606 2742 2766
f 2719 3619 3590
f 2715 2717 2712
f 2715 2712 2711
f 2715 2711 3591
f 3609 2715 3591
f 2641 2710 2719
f 3620 2719 2721
f 2719 3620 3619
f 3621 3620 2721
f 3619 3620 3621
f 2702 3622 2723
f 2745 2722 3622
f 2722 2708 3622
f 2745 2744 2722
f 3622 2708 2723
f 3623 3624 3625
f 3626 3623 3625
f 3622 3624 3623
f 2745 3622 3623
f 3625 3624 3627
f 3626 2745 3623
f 3626 3625 3627
f 3627 2745 3626
f 2766 2742 2741
f 2744 3618 2709
f 2744 2709 2722
f 2625 2628 3596
f 2774 2625 3596
f 3217 3628 3601
f 3603 3596 3595
f 2774 3596 3603
f 3603 2775 2774
f 2775 3603 3628
f 3628 3603 3601
f 3615 3629 3586
f 3630 3631 3632
f 3632 3631 3633
f 3632 3633 3634
f 3635 2594 3631
f 3636 3631 3630
f 3637 3630 3638
f 3636 3635 3631
f 3636 3630 3637
f 3639 3640 3641
f 3563 3562 3640
f 3635 2595 2594
f 3642 3636 3637
f 2596 2595 3635
f 3642 3635 3636
f 2596 3635 3642
f 3643 3637 3644
f 3641 2596 3642
f 3564 2596 3641
f 3643 3642 3637
f 3641 3642 3643
f 3562 3564 3641
f 3640 3562 3641
f 3639 3641 3643
f 3565 3563 3640
f 3645 3565 3640
f 3578 3565 3645
f 3645 3639 3646
f 3578 3645 2636
f 2636 3645 2637
f 2637 3645 3646
f 2603 2602 3646
f 2637 3646 2602
f 2852 3647 3552
f 3551 3648 3547
f 3648 3649 3547
f 3552 3647 3648
f 3551 3552 3648
f 3650 3651 2791
f 2791 3651 2788
f 3652 3651 3650
f 3650 2791 3653
f 3654 2848 2847
f 2922 3655 2826
f 3654 2922 2826
f 3654 2826 2848
f 2850 3654 2847
f 2826 2844 2848
f 2849 2847 2848
f 3656 3657 3658
f 2852 2863 3647
f 2861 3659 3660
f 3659 2861 2827
f 3661 3659 3662
f 3661 3658 3663
f 3661 3663 3664
f 3664 3665 3660
f 3661 3664 3660
f 3661 3660 3659
f 2861 3660 2865
f 3656 3658 3661
f 2853 2852 3552
f 2854 2853 3552
f 2854 3552 3549
f 2816 2854 3549
f 2864 2865 2862
f 2860 2865 2864
f 2863 2852 2851
f 2865 2835 2861
f 3637 3638 3644
f 2871 3638 3657
f 3644 3638 2871
f 2880 3644 2871
f 2871 3656 2872
f 2871 3657 3656
f 3645 3640 3639
f 3639 3643 3666
f 3666 3646 3639
f 2958 3644 2882
f 3644 2880 2882
f 3666 3644 2958
f 3646 3666 2885
f 3667 3666 2958
f 2958 2882 2881
f 3643 3644 3666
f 2885 3666 3667
f 2886 2885 3667
f 3558 3559 3668
f 3638 3632 3669
f 3630 3632 3638
f 3669 3634 3670
f 3638 3669 3670
f 3657 3638 3670
f 3632 3634 3669
f 3670 3671 3663
f 3634 3672 3671
f 3658 3670 3663
f 3634 3633 3672
f 3634 3671 3670
f 3658 3657 3670
f 3663 3665 3664
f 3665 3663 3673
f 3671 3673 3663
f 3674 3656 3675
f 3675 3661 3662
f 3675 3656 3661
f 2826 3676 3662
f 3655 3676 2826
f 3677 3655 3652
f 3652 3678 3679
f 3676 3675 3662
f 3676 3674 3675
f 3662 3659 2827
f 3662 2827 2826
f 3652 3655 2922
f 3651 3652 2922
f 2788 3651 2922
f 2922 2921 2789
f 2789 2788 2922
f 2922 3654 2850
f 3680 3681 2926
f 3680 2926 2925
f 2927 2928 2953
f 2931 3681 2908
f 3481 2908 3681
f 3680 2925 3682
f 3481 3681 3680
f 2927 3481 3682
f 3682 3481 3680
f 2907 2931 2908
f 2953 3481 2927
f 2931 2929 3681
f 2925 2927 3682
f 3681 2929 2930
f 2941 2926 3681
f 2941 3681 2942
f 3683 2942 3681
f 2924 2942 3683
f 2924 3683 2930
f 3683 3681 2930
f 2941 3667 2926
f 2614 3667 2941
f 2948 3667 2949
f 2926 3667 2948
f 3667 2958 2949
f 2614 2886 3667
f 2992 2411 2995
f 2411 3546 2995
f 3684 3685 3686
f 3686 3685 3687
f 2995 3688 3689
f 3689 3686 3687
f 3690 3691 3692
f 3688 3692 3693
f 3692 3684 3686
f 3688 3693 3686
f 3688 3686 3689
f 3691 3684 3692
f 3692 3686 3693
f 3694 3695 3696
f 3694 3697 3695
f 3647 3696 3698
f 3695 3690 3699
f 3647 3698 3648
f 3695 3697 3690
f 3649 3648 3700
f 3700 3692 3688
f 3649 3700 3688
f 3690 3692 3700
f 3698 3696 3695
f 3695 3700 3698
f 3648 3698 3700
f 3546 3547 3649
f 3688 2995 3546
f 3546 3649 3688
f 3695 3699 3700
f 3700 3699 3690
f 3701 3702 3696
f 3702 3694 3696
f 3702 3697 3694
f 2862 3701 3696
f 3647 2862 3696
f 3702 3703 3697
f 3219 3220 3704
f 3220 3607 3608
f 3220 3608 3704
f 3611 2997 3704
f 2997 3611 3705
f 3706 3611 3594
f 3706 3594 3593
f 2997 3219 3704
f 3704 3608 3611
f 3705 3611 3706
f 3707 3708 3709
f 2863 2862 3647
f 3710 3703 3702
f 3660 3665 3711
f 2865 3660 3711
f 2862 3711 3701
f 2862 2865 3711
f 2998 3705 3706
f 3712 3706 3593
f 2998 3706 3712
f 3593 3713 3712
f 3593 3612 3713
f 3713 3612 3714
f 3715 3713 3714
f 3712 3713 3716
f 3716 2998 3712
f 3715 3716 3713
f 3000 2998 3716
f 3715 3714 3717
f 3717 3716 3715
f 3004 3716 3717
f 3000 3716 3004
f 3005 3006 3718
f 3006 3719 3718
f 3005 3718 3720
f 3721 3005 3720
f 2997 3705 2998
f 3006 3004 3717
f 3006 3717 3719
f 3720 3718 3719
f 3722 3720 3723
f 3724 3709 3708
f 3721 3720 3722
f 3709 3722 3707
f 3721 3722 3709
f 3672 3633 3725
f 3673 3725 3726
f 3725 3673 3672
f 3671 3672 3673
f 3727 3702 3701
f 3710 3702 3727
f 3726 3710 3727
f 3665 3673 3711
f 3711 3673 3727
f 3673 3726 3727
f 3711 3727 3701
f 3218 3217 3607
f 3218 3607 3220
f 3728 1433 1496
f 1433 3728 1432
f 1432 3728 3729
f 1496 1409 3728
f 3728 1409 3730
f 3731 3732 3733
f 3733 3732 3734
f 3734 3732 3735
f 3735 3736 3734
f 3734 3736 3737
f 3738 3739 3736
f 3735 3732 3740
f 3741 3742 3736
f 3741 3736 3735
f 3742 3738 3736
f 3743 3744 3745
f 3743 3745 3746
f 3743 3746 3738
f 3738 3746 3747
f 3748 3729 3749
f 3748 3749 3746
f 3746 3749 3747
f 3738 3747 3739
f 3739 3747 3750
f 3742 3743 3738
f 3751 3748 3745
f 3751 1432 3748
f 3745 3748 3746
f 3744 3752 1431
f 1431 3751 3744
f 3752 3744 3753
f 3753 3744 3743
f 3744 3751 3745
f 3754 3755 3756
f 3753 3741 3757
f 3758 3754 3759
f 3759 3756 3760
f 3760 3756 3731
f 3741 3753 3743
f 3731 3740 3732
f 3755 3757 3756
f 3756 3757 3761
f 3754 3756 3759
f 3758 3760 3762
f 3757 3741 3761
f 3760 3758 3759
f 3756 3761 3740
f 3756 3740 3731
f 3761 3741 3740
f 3741 3735 3740
f 3741 3743 3742
f 3762 3760 3763
f 3763 3760 3764
f 3765 3763 3764
f 3760 3731 3766
f 3764 3760 3767
f 3760 3768 3767
f 3769 1417 1412
f 3770 1413 1417
f 3771 3772 3773
f 3749 3729 3730
f 3730 3771 3749
f 3771 3774 3750
f 3729 3728 3730
f 3730 1409 3772
f 3771 3730 3772
f 3748 1432 3729
f 3750 3774 3775
f 3737 3736 3776
f 3734 3737 3777
f 3778 3734 3777
f 3739 3776 3736
f 3739 3750 3776
f 3779 3764 3767
f 3737 3776 3775
f 3776 3750 3775
f 3777 3737 3775
f 3777 3775 3780
f 3778 3777 3781
f 3782 3769 3783
f 1412 3783 3769
f 3784 1412 1414
f 3785 3781 3780
f 3769 3785 1417
f 3786 3781 3782
f 3786 3778 3781
f 3777 3780 3781
f 3781 3785 3782
f 3785 3769 3782
f 3770 3785 3780
f 3747 3749 3750
f 3749 3771 3750
f 3764 3779 3765
f 3768 3760 3766
f 3768 3787 3783
f 3779 3767 3784
f 3787 3733 3786
f 3733 3734 3778
f 3788 3779 1414
f 3779 3784 1414
f 3731 3733 3766
f 3768 3766 3787
f 3766 3733 3787
f 3768 3783 3767
f 3783 3787 3786
f 3767 1412 3784
f 3767 3783 1412
f 3733 3778 3786
f 3783 3786 3782
f 3789 3790 3567
f 3791 3789 3569
f 3569 3789 3567
f 3791 3569 3792
f 3793 3794 3570
f 3793 3570 3790
f 3570 3567 3790
f 207 3569 3515
f 207 3515 208
f 3515 3569 3568
f 3792 3569 207
f 3792 207 1421
f 3516 3795 3796
f 3796 3517 3516
f 3797 3517 3796
f 3798 3799 3796
f 3795 3798 3796
f 3800 3801 3798
f 3801 3799 3798
f 3799 3802 3796
f 3802 3799 3803
f 3802 3803 3804
f 3797 3802 3805
f 3802 3804 3805
f 3796 3802 3797
f 3517 3797 3521
f 3805 3804 3806
f 3525 3797 3807
f 3521 3797 3525
f 3808 3805 3806
f 3807 3797 3805
f 3807 3805 3808
f 3807 3808 3528
f 3809 3810 3806
f 3808 3806 3811
f 3809 3763 3765
f 3810 3765 3812
f 3806 3810 3811
f 3810 3809 3765
f 3811 3810 3812
f 3525 3807 3528
f 3528 3808 3811
f 3528 3811 3526
f 3812 3779 3813
f 3812 3765 3779
f 3800 3814 3801
f 3814 3815 3816
f 3814 3800 3817
f 3817 3818 3814
f 3818 3817 3819
f 3814 3818 3815
f 3815 3820 3816
f 3801 3814 3816
f 3801 3816 3799
f 3799 3816 3821
f 3816 3822 3821
f 3820 3822 3816
f 3823 3821 3822
f 3799 3821 3823
f 3803 3799 3823
f 3822 3820 3824
f 3825 3826 3827
f 3823 3822 3828
f 3803 3828 3804
f 3828 3829 3804
f 3823 3828 3803
f 3824 3828 3822
f 3828 3824 3829
f 3829 3824 3830
f 3827 3831 3755
f 3804 3829 3832
f 3804 3832 3806
f 3758 3830 3824
f 3829 3830 3832
f 3758 3827 3755
f 3824 3827 3758
f 3831 3753 3757
f 3752 3753 3831
f 3755 3831 3757
f 3758 3755 3754
f 3832 3830 3762
f 3830 3758 3762
f 3832 3762 3763
f 3806 3832 3809
f 3832 3763 3809
f 3827 3833 3834
f 3835 3833 3827
f 3827 3834 3831
f 3826 3835 3827
f 3752 3834 1431
f 3834 3752 3831
f 1431 1429 3751
f 3751 1429 1432
f 3836 3833 3835
f 1434 1428 3833
f 3833 1428 1431
f 3836 1434 3833
f 3834 3833 1431
f 3837 1426 1434
f 3838 3839 3840
f 3841 3842 3839
f 3839 3838 3841
f 3793 3843 3838
f 3844 3843 3845
f 3794 3793 3838
f 3842 3841 3846
f 3843 3841 3838
f 3841 3843 3844
f 3846 3841 3844
f 3846 3847 3842
f 3848 3849 3850
f 1437 3849 3848
f 1438 1437 3848
f 3848 3791 3792
f 3850 3789 3791
f 3848 3850 3791
f 1438 3848 1441
f 1440 1438 1441
f 1441 3848 3792
f 1421 1441 3792
f 3851 3843 3793
f 3852 3845 3849
f 3852 3849 1439
f 3849 3845 3850
f 1439 3849 1437
f 3850 3851 3789
f 3845 3843 3851
f 3845 3851 3850
f 3789 3851 3790
f 1446 3852 1439
f 3846 3852 1446
f 3844 3852 3846
f 3852 3844 3845
f 3853 3846 1447
f 3851 3793 3790
f 3846 1446 1447
f 3235 3854 3232
f 3233 3278 3234
f 3854 3241 2404
f 3854 3235 3241
f 3241 3235 3240
f 3855 2403 2402
f 3243 2995 3856
f 3243 3855 3223
f 3855 2402 3223
f 3855 3243 3857
f 3243 3856 3857
f 2403 3855 3250
f 3858 3854 2403
f 3278 3232 3854
f 3858 3278 3854
f 2404 2403 3854
f 3233 3232 3278
f 3250 3855 3857
f 3245 3278 3858
f 3250 3858 2403
f 3245 3858 3250
f 3278 3245 3276
f 3246 3245 3250
f 3859 3860 3856
f 3857 3856 3861
f 3856 3860 3861
f 3251 3857 3861
f 3857 3251 3250
f 3860 3862 3861
f 3861 3862 3863
f 3861 3863 3864
f 3251 3861 3864
f 3251 3865 3252
f 3866 3864 3863
f 3864 3866 3867
f 3867 3865 3251
f 3867 3251 3864
f 2995 3689 3856
f 3687 3859 3856
f 3868 3869 3865
f 3252 3282 3226
f 3269 3282 3252
f 3261 3269 3252
f 3870 3871 3261
f 3872 3873 3870
f 3865 3261 3252
f 2672 2671 3612
f 2670 2699 3874
f 2699 3586 3585
f 3874 2699 3585
f 3689 3687 3856
f 3863 3862 3866
f 3862 3875 3866
f 3876 3867 3866
f 3875 3877 3866
f 3876 3866 3877
f 3875 3878 3877
f 3865 3867 3868
f 3868 3867 3876
f 3879 3876 3877
f 3878 3879 3877
f 3880 3868 3876
f 3880 3876 3879
f 3881 3879 3878
f 3881 3880 3879
f 3868 3882 3869
f 3882 3868 3883
f 3883 3868 3880
f 3884 3880 3881
f 3884 3883 3880
f 3885 3886 3882
f 3882 3872 3869
f 3887 3885 3882
f 3887 3882 3883
f 3708 3707 3883
f 3707 3887 3883
f 3708 3883 3884
f 3886 3872 3882
f 3872 3870 3869
f 3870 3261 3865
f 3869 3870 3865
f 3888 3889 3872
f 3872 3889 3873
f 3886 3888 3872
f 3890 3888 3886
f 3891 3890 3892
f 3887 3893 3885
f 3893 3887 3723
f 3723 3887 3707
f 3894 3874 3585
f 3895 3896 3897
f 2671 2670 3898
f 3612 2671 3898
f 3612 3898 3895
f 3714 3895 3717
f 3612 3895 3714
f 3899 3874 3894
f 3896 3874 3899
f 3895 3898 3896
f 3896 3890 3897
f 3896 3899 3890
f 3896 3898 3874
f 3890 3886 3897
f 2670 3874 3898
f 3900 3895 3897
f 3717 3895 3900
f 3719 3717 3900
f 3723 3900 3893
f 3719 3900 3723
f 3900 3897 3893
f 3886 3885 3893
f 3897 3886 3893
f 3719 3723 3720
f 3722 3723 3707
f 3629 3615 3901
f 3629 3902 3903
f 3904 3905 3903
f 3906 3904 3907
f 3905 3904 3906
f 3901 3615 3617
f 3908 3906 3907
f 3617 3614 3616
f 3616 3289 3291
f 3909 3616 3291
f 3616 3909 3617
f 3910 3555 3553
f 3262 3331 3260
f 3911 3912 3388
f 3913 3914 3911
f 3911 3914 3912
f 3912 3914 3388
f 3913 3335 3914
f 3394 3335 3337
f 3915 3913 3911
f 3339 3911 3388
f 3915 3911 3339
f 3915 3339 3338
f 3262 3915 3331
f 3915 3338 3331
f 3914 3394 3388
f 3914 3335 3394
f 3873 3916 3917
f 3873 3427 3918
f 3873 3917 3919
f 3917 3920 3919
f 3921 3922 3335
f 3871 3923 3335
f 3921 3335 3923
f 3262 3913 3915
f 3335 3913 3262
f 3871 3335 3262
f 3923 3924 3921
f 3925 3926 3918
f 3871 3918 3926
f 3918 3871 3873
f 3926 3923 3871
f 3918 3435 3925
f 3871 3262 3261
f 3916 3873 3927
f 3919 3920 3429
f 3919 3428 3427
f 3873 3919 3427
f 3919 3429 3428
f 3917 3916 3928
f 3429 3920 3431
f 3431 3920 3917
f 3435 3918 3421
f 3918 3427 3421
f 3870 3873 3871
f 3902 3629 3901
f 3905 3629 3903
f 3653 2791 2792
f 3929 3930 3931
f 3930 3932 3931
f 3931 3933 122
f 279 3934 3935
f 279 544 3936
f 3936 3934 279
f 544 686 3936
f 3937 3938 3934
f 3936 3937 3934
f 3939 3929 3935
f 686 3940 3930
f 3941 3940 686
f 686 3930 3929
f 3940 3942 3943
f 3940 3944 3942
f 3940 3943 3930
f 3945 3946 3947
f 3936 686 3945
f 3938 3948 3934
f 3936 3945 3949
f 3936 3949 3937
f 3929 3939 686
f 3946 686 3939
f 3945 686 3946
f 3948 3946 3939
f 3948 3939 3935
f 3946 3948 3950
f 3947 3946 3950
f 3934 3948 3935
f 3945 3947 3949
f 3951 3942 3944
f 3941 3944 3940
f 3929 3931 121
f 3929 121 3935
f 121 3931 120
f 3931 122 120
f 3938 3947 3950
f 3938 3950 3948
f 3947 3938 3949
f 3937 3949 3938
f 406 3952 172
f 172 3952 173
f 3952 3953 3954
f 3955 3952 3956
f 3955 3953 3952
f 3957 3958 175
f 3959 3960 3961
f 3962 3963 3959
f 3964 3965 3966
f 174 3967 3957
f 174 3957 175
f 3952 3967 173
f 3967 174 173
f 3968 3969 3970
f 3969 3965 3970
f 3965 3971 3970
f 3965 3964 3971
f 3970 3971 3972
f 3957 3972 3958
f 3972 3973 3958
f 3971 3964 3974
f 3971 3973 3972
f 3958 3973 3975
f 3975 3963 3962
f 3966 3976 3977
f 3973 3978 3963
f 3973 3963 3975
f 3978 3960 3963
f 3959 3963 3960
f 3964 3966 3974
f 3966 3977 3978
f 3966 3978 3974
f 3978 3973 3974
f 3971 3974 3973
f 3955 3969 3968
f 3954 3953 3968
f 3952 3954 3967
f 3954 3970 3972
f 3955 3968 3953
f 3968 3970 3954
f 3972 3957 3954
f 3967 3954 3957
f 3975 3962 176
f 3975 176 3958
f 3979 3980 3981
f 3979 3981 3982
f 3979 3982 3965
f 3965 3982 3966
f 3966 3981 3976
f 3983 3979 3965
f 3982 3981 3966
f 3984 1425 3983
f 3969 3983 3965
f 3985 3984 3983
f 3985 3983 3969
f 3980 1425 138
f 139 138 1425
f 3979 3983 3980
f 3976 3980 3986
f 3981 3980 3976
f 1425 3980 3983
f 3977 3987 3978
f 3976 3986 3977
f 3960 3988 3961
f 138 140 3989
f 3989 140 143
f 3986 3989 3990
f 3989 143 3990
f 3980 138 3989
f 3980 3989 3986
f 3986 3990 162
f 3987 3977 3986
f 3986 162 3987
f 3987 162 3991
f 3978 3987 3960
f 3987 3991 3960
f 3991 3988 3960
f 3990 143 162
f 162 161 3992
f 3991 162 3992
f 3992 161 163
f 3988 3991 3992
f 3992 163 3988
f 175 3958 176
f 279 3935 121
f 3993 3994 3995
f 3995 3994 3996
f 3997 3998 3994
f 3998 3996 3994
f 3998 3999 3996
f 4000 4001 4002
f 4003 4004 4001
f 4002 4001 4004
f 4002 4004 4005
f 4004 4006 4005
f 4005 4006 3993
f 4007 3997 4008
f 4003 4008 4006
f 4003 4006 4004
f 4008 3997 3994
f 3996 3999 4009
f 4010 4011 3998
f 4012 4010 3997
f 4010 3998 3997
f 4006 3994 3993
f 4008 3994 4006
f 3999 4013 4014
f 4014 4013 4015
f 4011 4016 3998
f 3998 4013 3999
f 3998 4017 4013
f 4016 4017 3998
f 4018 4019 4020
f 4019 4021 4020
f 4022 4023 4024
f 4025 4026 4027
f 4020 4028 4029
f 4028 4027 4029
f 4029 4027 4026
f 4020 4021 4028
f 4028 4030 4027
f 4031 4032 4033
f 4011 4034 4016
f 4035 4026 4036
f 4034 4035 4036
f 4035 4034 4011
f 4037 4023 4022
f 4036 4025 4037
f 4037 4025 4023
f 4038 4027 4030
f 4027 4038 4025
f 4025 4038 4023
f 4025 4036 4026
f 4037 4022 4031
f 4037 4034 4036
f 4034 4033 4016
f 4016 4033 4032
f 4016 4032 4017
f 4037 4033 4034
f 4037 4031 4033
f 4039 4021 4019
f 4040 4041 4039
f 4039 4041 4021
f 4042 4040 4039
f 4012 4011 4010
f 4012 4035 4011
f 4007 4012 3997
f 405 3952 406
f 1423 405 404
f 3956 3952 405
f 4021 4030 4028
f 1126 4043 4044
f 1126 4044 685
f 4045 3944 3941
f 3941 686 553
f 551 685 4044
f 551 4044 4046
f 551 3941 553
f 4043 4045 4044
f 4045 3941 4044
f 4044 3941 4046
f 4046 3941 551
f 4045 4043 3951
f 3944 4045 3951
f 3995 3996 4047
f 3996 4009 4047
f 962 4000 4048
f 4048 4000 4002
f 954 4049 955
f 3995 4049 954
f 3995 4047 4049
f 4047 4009 4049
f 4050 4005 3993
f 955 4049 4051
f 3993 3995 4050
f 4050 3995 961
f 960 4050 961
f 961 3995 954
f 4009 4052 4051
f 4009 4051 4049
f 955 4051 958
f 958 4051 1002
f 931 1567 962
f 935 962 4048
f 4002 4005 4053
f 4048 4053 933
f 4048 4002 4053
f 932 4048 933
f 935 4048 932
f 960 933 4053
f 4053 4005 4050
f 4053 4050 960
f 4052 4014 4054
f 4014 4015 4054
f 4009 3999 4014
f 4052 4009 4014
f 4051 4052 1002
f 1002 4052 4054
f 1002 4054 4055
f 1002 4055 1003
f 4056 4057 4058
f 4059 4060 4061
f 4057 4059 4062
f 4059 4061 4062
f 4058 4057 4063
f 4063 4057 4062
f 4062 4064 4063
f 4058 4063 4065
f 4058 4065 4066
f 4062 4067 4064
f 4065 4063 4064
f 4064 4068 4065
f 4066 4065 4069
f 4070 4071 4015
f 4056 4058 4070
f 4071 4058 4066
f 4071 4066 4055
f 4055 4066 4072
f 4066 4069 4072
f 4017 4056 4013
f 4013 4070 4015
f 4013 4056 4070
f 4070 4058 4071
f 4054 4071 4055
f 4015 4071 4054
f 1003 4055 4072
f 4060 4073 4074
f 4061 4074 4075
f 4061 4060 4074
f 4061 4075 4067
f 4062 4061 4067
f 4022 4076 4077
f 4022 4024 4076
f 4077 4078 4079
f 4031 4077 4079
f 4031 4079 4080
f 4031 4022 4077
f 4081 4079 4082
f 4081 4082 4083
f 4059 4081 4083
f 4080 4081 4059
f 4059 4083 4060
f 4080 4079 4081
f 4032 4057 4056
f 4032 4080 4057
f 4080 4059 4057
f 4060 4083 4082
f 4017 4032 4056
f 4032 4031 4080
f 1126 1129 4043
f 1129 3951 4043
f 1129 1659 3951
f 4084 4040 4042
f 1409 1408 3772
f 1405 1396 1407
f 3770 1418 1413
f 3773 4085 3774
f 3774 3771 3773
f 4085 3773 4086
f 4085 1418 3770
f 3774 4085 3775
f 3775 4085 3780
f 4085 3770 3780
f 4085 4086 1418
f 3785 3770 1417
f 1422 4087 3772
f 1408 1422 3772
f 1407 4087 1422
f 4088 3956 1424
f 4086 4088 1424
f 1418 4086 1424
f 407 1424 1423
f 1423 3956 405
f 1424 3956 1423
f 4088 4089 3956
f 4089 3955 3956
f 4090 1419 3984
f 1396 1419 4091
f 4091 1419 4090
f 3772 4088 3773
f 4092 4091 4090
f 4092 4090 4093
f 4087 4093 4088
f 4087 4092 4093
f 4094 4093 4090
f 4094 4090 3985
f 4094 3985 3969
f 3984 3985 4090
f 1404 1425 1419
f 1419 1425 3984
f 4086 3773 4088
f 4089 4094 3955
f 4093 4094 4088
f 4088 4094 4089
f 4094 3969 3955
f 4087 4088 3772
f 1407 1396 4092
f 4091 4092 1396
f 4087 1407 4092
f 1496 1410 1409
f 4095 1509 4096
f 4097 4098 4099
f 4095 4100 4097
f 1509 4101 4096
f 1509 4095 1510
f 4102 4097 4099
f 4102 1510 4097
f 4095 4097 1510
f 4095 4096 4100
f 4100 4103 4097
f 4096 4103 4100
f 4099 4098 1547
f 4099 1547 1546
f 1547 4098 1548
f 4104 4098 4097
f 1549 4099 1546
f 3932 1549 1533
f 3932 1533 3933
f 1658 1510 4105
f 1658 4105 3943
f 4103 4104 4097
f 4106 4102 4099
f 4105 1510 4102
f 3943 4105 4106
f 3930 4107 3932
f 4105 4102 4106
f 4106 4099 1549
f 4107 4106 1549
f 3943 4106 4107
f 4107 1549 3932
f 3943 4107 3930
f 3932 3933 3931
f 3933 1533 122
f 1547 1548 1539
f 4098 4104 1548
f 4104 1540 1548
f 4104 1550 1540
f 4108 1554 4103
f 1550 4104 4109
f 1554 1550 4109
f 4103 4109 4104
f 1554 4109 4103
f 1550 1552 1558
f 1550 1558 1543
f 1552 1517 1559
f 4103 4096 4108
f 4096 4101 4108
f 1517 1552 1515
f 1559 1517 4110
f 4110 4111 1559
f 4112 1559 4111
f 1559 4112 4113
f 1556 1558 1559
f 1557 4113 1560
f 4113 1556 1559
f 1557 1556 4113
f 4114 4113 4112
f 1560 4113 4114
f 4003 4007 4008
f 4115 4116 4117
f 4116 4003 4117
f 4116 4007 4003
f 4118 4115 4001
f 4001 4117 4003
f 4115 4117 4001
f 1566 4119 4120
f 4120 4115 4118
f 1566 4120 962
f 4120 4118 962
f 4118 4000 962
f 4118 4001 4000
f 1566 962 1567
f 4121 4026 4035
f 4121 4035 4122
f 4123 4124 4125
f 4126 4127 4128
f 4125 4124 4129
f 4129 4124 1585
f 4130 4126 4123
f 4130 4127 4126
f 4123 4126 4124
f 4126 4131 4124
f 4126 4128 4131
f 4124 4131 1585
f 4132 4133 4134
f 4135 4133 4132
f 4136 4125 4137
f 4136 4123 4125
f 4137 4125 4129
f 4132 4134 4127
f 4127 4134 4128
f 4128 4134 4138
f 4134 4139 4138
f 4138 4139 4140
f 4130 4132 4127
f 4141 4142 4143
f 4143 4142 4144
f 4142 4145 4144
f 4141 4146 4142
f 4135 4147 4148
f 4149 4150 4148
f 4148 4150 4133
f 4133 4150 4134
f 4139 4150 4141
f 4147 4151 4148
f 4135 4148 4133
f 4149 4141 4150
f 4139 4134 4150
f 4143 4140 4139
f 4141 4143 4139
f 4143 4144 4140
f 2254 4152 1568
f 4153 4136 4137
f 4154 4155 4152
f 4147 4155 4154
f 4155 4156 4152
f 4156 4147 4135
f 4155 4147 4156
f 4152 4156 4157
f 4156 4158 4157
f 4135 4158 4156
f 4158 4135 4132
f 4157 4158 4130
f 4158 4132 4130
f 4157 4130 4159
f 1568 4157 4160
f 4161 1569 4160
f 1516 1569 4161
f 1568 4152 4157
f 1568 4160 1569
f 4157 4159 4160
f 4161 4160 4159
f 4130 4123 4159
f 4161 4159 4136
f 4161 4136 4153
f 4159 4123 4136
f 4144 4145 4162
f 4144 4162 4140
f 4140 4162 4163
f 4163 4162 4164
f 4163 4164 4165
f 4166 4167 4168
f 4131 4166 4168
f 1628 4131 4168
f 1585 4131 1628
f 4169 4165 4170
f 4131 4128 4166
f 4138 4171 4166
f 4128 4138 4166
f 4172 4169 4170
f 4171 4138 4173
f 4173 4138 4169
f 4166 4171 4167
f 4173 4172 4171
f 4173 4169 4172
f 4140 4163 4169
f 4138 4140 4169
f 4163 4165 4169
f 4174 4175 4176
f 4111 4175 4112
f 4176 4153 4137
f 4137 4174 4176
f 4137 4129 4174
f 4129 1585 1586
f 4129 1586 4177
f 4174 4129 4177
f 4178 4177 1586
f 4174 4177 4179
f 4180 4178 1586
f 4180 1586 1587
f 4177 4178 4180
f 1590 1587 1588
f 1590 4180 1587
f 4177 4181 4179
f 4182 4180 1590
f 4177 4180 4181
f 4181 4180 4182
f 4174 4179 4183
f 4181 4184 4183
f 4185 4182 4186
f 4175 4174 4183
f 4175 4183 4112
f 4181 4183 4179
f 4182 1590 4186
f 1590 1589 4186
f 4186 1589 1591
f 4183 4184 4187
f 4185 4186 1591
f 4181 4182 4184
f 4184 4182 4185
f 4183 4187 4112
f 4188 4153 4189
f 4189 4176 4175
f 4153 4176 4189
f 4111 4189 4175
f 1516 4161 4188
f 4188 4161 4153
f 1516 4188 1517
f 4110 1517 4188
f 4188 4189 4110
f 4111 4110 4189
f 1513 1569 1516
f 1585 1628 1582
f 1631 1591 1621
f 1631 4190 1591
f 4190 1631 4191
f 1629 4187 4184
f 1630 4191 1631
f 4114 4112 4187
f 4187 1629 4114
f 1629 4184 1630
f 4192 4185 1591
f 4190 4192 1591
f 4191 4192 4190
f 1630 4185 4192
f 1630 4192 4191
f 4185 1630 4184
f 4170 4165 4193
f 4170 4193 4194
f 4194 4193 4195
f 4194 4195 4196
f 4196 4195 4197
f 4168 4167 4198
f 4167 4171 4172
f 1628 4168 1627
f 4168 4198 1627
f 1626 1627 1637
f 1627 4199 1637
f 4198 4199 1627
f 4198 4200 4199
f 1637 4199 1638
f 4201 4202 4203
f 4172 4170 4202
f 4172 4202 4201
f 4201 4203 4204
f 4202 4170 4203
f 4198 4167 4205
f 4167 4172 4201
f 4201 4204 4205
f 4198 4205 4200
f 4167 4201 4205
f 1653 1652 1651
f 4203 4194 4206
f 4207 4203 4206
f 4208 4207 4209
f 4207 4206 4209
f 4209 4210 4211
f 4209 4211 4212
f 4210 4197 4213
f 4194 4196 4206
f 4206 4210 4209
f 4196 4210 4206
f 4196 4197 4210
f 1642 4212 1644
f 4208 4209 4212
f 1642 4208 4212
f 1644 4212 1654
f 1654 4212 4211
f 4210 4213 4211
f 4211 4214 4119
f 4211 4119 1654
f 4211 4213 4214
f 1654 4119 1653
f 4199 4200 1655
f 1655 4200 4208
f 4205 4204 4200
f 4200 4204 4207
f 4203 4170 4194
f 4204 4203 4207
f 4200 4207 4208
f 1655 4208 1641
f 4208 1642 1641
f 1638 4199 1655
f 1657 1660 1508
f 1658 3951 1659
f 3951 1658 3942
f 3942 1658 3943
f 4215 4216 4217
f 4216 4122 4217
f 4195 4218 4219
f 4218 4220 4219
f 4219 4221 4216
f 4219 4216 4215
f 4122 4216 4222
f 4220 4223 4224
f 4223 4225 4224
f 4220 4224 4226
f 4224 4225 4226
f 4219 4220 4226
f 4216 4221 4222
f 4219 4226 4221
f 4215 4217 4227
f 4228 4229 4230
f 4230 4231 4232
f 4230 4233 4234
f 4230 4234 4231
f 4165 4235 4193
f 4236 4228 4232
f 4230 4232 4228
f 4195 4237 4197
f 4193 4235 4195
f 4215 4238 4237
f 4235 4218 4195
f 4219 4215 4195
f 4195 4215 4237
f 4236 4239 4235
f 4236 4232 4239
f 4239 4232 4220
f 4235 4239 4218
f 4239 4220 4218
f 4231 4223 4232
f 4232 4223 4220
f 4231 4234 4223
f 4238 4215 4227
f 4238 4227 4240
f 4238 4240 4241
f 4227 4012 4240
f 4237 4238 4241
f 4237 4241 4242
f 4214 4242 4115
f 4115 4241 4116
f 4197 4237 4242
f 4197 4242 4213
f 4242 4214 4213
f 4242 4241 4115
f 4116 4241 4240
f 4240 4007 4116
f 4214 4115 4119
f 4119 1566 1668
f 4115 4120 4119
f 4217 4035 4012
f 4122 4035 4217
f 4217 4012 4227
f 4240 4012 4007
f 4164 4243 4244
f 4145 4243 4162
f 4162 4243 4164
f 4243 4228 4244
f 4164 4235 4165
f 4164 4244 4235
f 4244 4236 4235
f 4244 4228 4236
f 1668 1566 1667
f 1652 1653 1668
f 1653 4119 1668
f 1697 1696 1699
f 1697 1699 4245
f 1705 4246 4247
f 1705 1697 4246
f 4246 1697 4245
f 4245 1710 1737
f 4245 1699 1710
f 4248 1714 1964
f 4248 1964 1901
f 1715 4248 4249
f 1715 1714 4248
f 1509 4250 4251
f 4251 4101 1509
f 4251 4252 4253
f 4251 4253 4101
f 4101 4253 4254
f 4253 4255 2164
f 2162 1555 2164
f 2162 2163 1555
f 4253 2164 2165
f 2164 1555 2165
f 4254 2165 1554
f 4253 2165 4254
f 4254 4108 4101
f 4254 1554 4108
f 4256 4255 4253
f 4252 4256 4253
f 4257 2166 2172
f 2176 4257 2172
f 2176 2172 2171
f 4257 2176 4258
f 2270 2214 2211
f 4259 4260 4261
f 4261 4260 2175
f 4261 2175 2174
f 4261 2174 2226
f 2270 4259 2226
f 2270 2226 2214
f 4259 4261 2226
f 2219 4262 4263
f 2218 2219 4263
f 4262 2219 2296
f 4264 2218 4263
f 2218 4264 2252
f 2250 2252 4264
f 2222 2252 2250
f 4142 4265 4145
f 4146 4265 4142
f 4266 4267 4268
f 4146 4269 4265
f 4270 4267 4271
f 4271 4267 4266
f 4266 4268 4272
f 4273 4267 4270
f 4267 4274 4268
f 4267 4273 4274
f 4268 4269 4146
f 4274 4275 4268
f 4268 4275 4269
f 4276 4275 4274
f 4275 4265 4269
f 4277 4266 4272
f 4277 4151 4147
f 4149 4272 4146
f 4149 4146 4141
f 4272 4151 4277
f 4268 4146 4272
f 4272 4149 4151
f 4148 4151 4149
f 2348 4271 2345
f 2345 4271 4154
f 4154 4271 4277
f 4154 4277 4147
f 4266 4277 4271
f 2345 4154 2254
f 2345 2254 2253
f 2254 4154 4152
f 4259 2270 2269
f 4260 4259 2269
f 4278 2258 4279
f 4278 2256 2258
f 4278 4279 4280
f 2256 4278 2269
f 2269 4278 4280
f 2265 4280 4281
f 2175 4280 2265
f 4280 2175 2269
f 4260 2269 2175
f 2301 4282 2309
f 4283 4284 4285
f 4286 4287 4288
f 4284 4287 4285
f 4289 4283 4285
f 4285 4290 4289
f 4285 4287 4286
f 2178 4291 4292
f 4293 4291 4289
f 2168 2283 2286
f 2286 2283 4283
f 2179 2286 4291
f 2286 4283 4289
f 4291 2286 4289
f 2179 4291 2178
f 4292 4291 4293
f 2283 2284 4284
f 2284 2288 4294
f 4284 2284 4294
f 2283 4284 4283
f 4287 4295 4288
f 4296 4288 4297
f 4288 4295 4297
f 4295 4298 4297
f 2287 2289 4299
f 4299 2291 2365
f 2289 2291 4299
f 2288 2287 4300
f 4300 2287 4299
f 4301 4300 4302
f 4300 4299 4302
f 4299 2365 4302
f 4302 4303 4301
f 4304 4295 4287
f 4304 4301 4295
f 2288 4300 4294
f 4300 4301 4294
f 4284 4294 4287
f 4294 4304 4287
f 4294 4301 4304
f 4305 2365 4306
f 4305 4306 4307
f 4302 4307 4303
f 2365 4305 4302
f 4302 4305 4307
f 4295 4301 4303
f 4295 4303 4298
f 4303 4308 4298
f 4309 4310 4311
f 4311 4310 4312
f 4297 4313 4314
f 4313 4315 4309
f 4297 4314 4316
f 4313 4309 4314
f 4303 4307 4308
f 4307 4317 4308
f 4298 4308 4313
f 4298 4313 4297
f 4315 4317 4318
f 4308 4317 4315
f 4313 4308 4315
f 4309 4318 4310
f 4315 4318 4309
f 2202 2225 4319
f 2294 2202 4319
f 2294 2295 2204
f 4296 4297 4316
f 2302 2304 2303
f 2299 2303 2300
f 4320 4321 4322
f 4320 4322 2304
f 4296 4316 4321
f 4321 4323 4322
f 2297 2310 2304
f 2298 2305 2296
f 2296 2305 4262
f 4262 2305 2306
f 2303 4324 2300
f 4325 4326 4327
f 4326 4286 4328
f 4286 4288 4328
f 4326 4328 4327
f 4327 4328 4329
f 4329 4328 4296
f 4290 4326 4325
f 4288 4296 4328
f 4330 4327 4329
f 4330 4329 2310
f 4329 4296 4320
f 4329 4320 2304
f 4296 4321 4320
f 2304 2310 4329
f 2178 4292 2285
f 2285 4331 4332
f 2285 4332 4319
f 2225 2285 4319
f 2285 4292 4331
f 4332 4331 4325
f 4332 4325 4327
f 4332 4327 4333
f 4333 4327 4330
f 2294 4319 4333
f 4332 4333 4319
f 2294 4333 2295
f 2295 4333 2310
f 2295 2293 2208
f 2310 4333 4330
f 2293 2295 2310
f 4293 4289 4290
f 4331 4290 4325
f 4326 4290 4286
f 4290 4285 4286
f 4292 4293 4331
f 4293 4290 4331
f 1508 1660 4250
f 1508 4250 1509
f 2312 1660 1118
f 1660 2313 4250
f 2313 2250 4334
f 2313 4334 4250
f 4335 4336 4337
f 4335 4338 2341
f 4339 4340 4341
f 4342 4336 4340
f 4340 4336 4335
f 4341 4340 4343
f 4340 4335 4343
f 4341 4343 4344
f 4343 4335 2341
f 4345 2315 4342
f 2315 4346 4342
f 4346 4347 4342
f 4345 4342 4339
f 4347 4336 4342
f 4342 4340 4339
f 2317 2315 4345
f 2317 4345 4348
f 4349 4348 4345
f 2316 2317 4348
f 4350 4351 4337
f 4351 4352 4353
f 4347 4350 4337
f 4336 4347 4337
f 4351 4338 4337
f 4337 4338 4335
f 4338 4351 4353
f 4354 4339 4341
f 2320 4346 2315
f 4346 2320 4347
f 2320 2325 4347
f 4347 2325 4350
f 4350 2325 2327
f 4350 2327 2360
f 4351 4350 2360
f 4351 2360 4355
f 4275 4356 4265
f 4265 4357 4145
f 4243 4145 4357
f 4357 4358 4243
f 4265 4356 4357
f 4243 4359 4228
f 4360 4361 4362
f 4363 4364 4365
f 4365 4366 4360
f 2292 4367 4368
f 4368 4369 4370
f 4367 4371 4368
f 4368 4371 4369
f 4368 4370 4372
f 4373 4365 4360
f 4373 4360 4374
f 4373 4374 4375
f 4376 4377 4374
f 4374 4360 4362
f 4375 4374 4377
f 4318 4375 4377
f 4312 4377 4376
f 4311 4312 4376
f 4318 4377 4312
f 4310 4318 4312
f 4306 4372 4307
f 4378 4363 4365
f 4370 4369 4378
f 4378 4365 4379
f 4370 4378 4379
f 4372 4380 4307
f 4370 4379 4372
f 4372 4379 4373
f 4380 4372 4373
f 4380 4373 4375
f 4373 4379 4365
f 4307 4380 4317
f 4317 4380 4318
f 4318 4380 4375
f 2336 4381 2338
f 1704 1705 4247
f 2340 1706 4382
f 1706 1704 4382
f 1704 4247 4383
f 4246 4245 4384
f 4247 4246 4384
f 4247 4384 4383
f 4245 1737 4384
f 1704 4383 4382
f 4344 4343 2166
f 4343 2167 2166
f 4343 2341 2167
f 4385 4386 4387
f 4388 4385 4387
f 4387 4386 2266
f 4354 4344 4389
f 4349 4339 4354
f 4354 4341 4344
f 4354 4389 4386
f 4258 4389 4257
f 4349 4386 4385
f 4349 4354 4386
f 4344 2166 4389
f 4389 2166 4257
f 4386 4389 2266
f 2266 4389 4258
f 2266 4258 2176
f 2258 2257 2338
f 4390 2258 2338
f 4381 4388 4390
f 4279 4388 4387
f 4390 4388 4279
f 4279 4387 4281
f 4281 2266 2265
f 4381 4385 4388
f 4387 2266 4281
f 2338 4381 4390
f 2258 4390 4279
f 4279 4281 4280
f 4264 4263 4391
f 4263 2347 4391
f 4252 4391 4256
f 4263 4262 2347
f 4391 2347 4256
f 4256 2347 4255
f 4264 4391 4252
f 4334 4252 4250
f 4250 4252 4251
f 2250 4264 4334
f 4334 4264 4252
f 4392 4274 4273
f 4392 4276 4274
f 4282 4392 4273
f 4393 4394 4364
f 4395 4393 4363
f 4393 4364 4363
f 4365 4364 4366
f 4369 4371 4395
f 4395 4396 4393
f 4369 4395 4363
f 4369 4363 4378
f 4255 2160 2164
f 2347 2308 4255
f 2308 2160 4255
f 2359 4397 4398
f 2353 4399 2359
f 4397 2359 4399
f 4352 4355 4400
f 4355 4398 4400
f 4399 2353 4401
f 2353 4382 4401
f 4382 4402 4401
f 4401 4402 4403
f 4403 4404 4405
f 4403 4402 4404
f 4406 4399 4403
f 4399 4401 4403
f 4406 4403 4405
f 4405 4404 4407
f 4399 4406 4397
f 4398 4397 4406
f 4398 4406 4408
f 4408 4406 4409
f 4409 4406 4405
f 4409 4405 4407
f 4409 4407 4408
f 4400 4398 4408
f 4408 4407 4410
f 4400 4411 2364
f 4400 4408 4411
f 4408 4410 4411
f 4270 4271 2348
f 4270 2348 4412
f 2309 4412 2344
f 2309 4282 4412
f 4282 4270 4412
f 4282 4273 4270
f 4381 2346 4385
f 2336 2331 2346
f 2336 2346 4381
f 2346 4348 4349
f 4345 4339 4349
f 2346 4349 4385
f 2333 4348 2346
f 2333 2316 4348
f 4262 2306 2347
f 2344 4412 2348
f 4413 4414 4415
f 4407 4414 4410
f 4414 4413 4410
f 4411 2350 2364
f 4411 2349 2350
f 4411 4413 2349
f 4411 4410 4413
f 2349 4413 4367
f 2292 2349 4367
f 2360 2358 4398
f 2358 2359 4398
f 2360 4398 4355
f 4352 4351 4355
f 4382 2357 2340
f 2357 4382 2353
f 4416 4415 4417
f 4416 4417 4418
f 4419 4417 4415
f 4418 4420 4416
f 4420 4415 4416
f 4421 4415 4420
f 4415 4404 4419
f 4404 4402 4419
f 4407 4404 4415
f 4407 4415 4414
f 4353 2361 2342
f 2341 4353 2342
f 2341 4338 4353
f 4353 4352 2361
f 2361 4352 4400
f 2361 4400 2364
f 4418 4422 4423
f 4418 4423 4424
f 4425 4426 4427
f 4427 4428 4423
f 4384 4428 4427
f 4427 4423 4422
f 4383 4384 4427
f 4384 1737 4428
f 1737 4429 4428
f 4429 1715 4249
f 1737 1715 4429
f 2292 4368 2366
f 2365 2366 4306
f 2366 4368 4306
f 4306 4368 4372
f 4402 4426 4425
f 4419 4402 4425
f 4402 4382 4426
f 4419 4418 4417
f 4383 4427 4426
f 4383 4426 4382
f 4425 4422 4418
f 4425 4427 4422
f 4419 4425 4418
f 4430 6 4431
f 25 4432 392
f 4433 2 1
f 4434 891 4433
f 4433 1 8
f 4433 8 4434
f 4430 8 4
f 4435 8 4430
f 4431 4435 4430
f 4 6 4430
f 892 891 4434
f 4436 4434 4437
f 4437 4434 8
f 4437 8 4435
f 4436 4437 4438
f 4439 4435 4431
f 4435 4438 4437
f 391 4432 10
f 6 10 4431
f 10 4439 4431
f 4440 4439 10
f 4432 4440 10
f 4440 4432 22
f 4441 4442 4443
f 4441 4439 4440
f 4438 4435 4439
f 4443 4438 4439
f 4441 4443 4439
f 4444 4441 4440
f 4443 4445 4446
f 4443 4447 4445
f 4448 4447 4442
f 4448 4449 4450
f 4448 4442 4451
f 4450 4447 4448
f 4449 4452 4453
f 4450 4449 4453
f 4450 4454 4447
f 17 183 4455
f 13 17 4455
f 4454 4456 4447
f 11 4445 18
f 4456 18 4445
f 4447 4456 4445
f 4445 11 4446
f 4457 4436 4438
f 13 4457 11
f 11 4457 4446
f 4434 4455 892
f 4457 4455 4436
f 4455 4434 4436
f 4446 4457 4438
f 4446 4438 4443
f 4442 4447 4443
f 4457 13 4455
f 4441 4458 4442
f 4444 4458 4441
f 4458 4451 4442
f 4459 4444 4440
f 4460 4458 4444
f 4459 4460 4444
f 392 24 25
f 4461 4460 4459
f 4461 4462 4460
f 4460 4453 4458
f 4462 4454 4450
f 4463 4448 4451
f 4464 4463 4451
f 4463 4449 4448
f 4458 4464 4451
f 4452 4449 4463
f 4465 4466 4463
f 4465 4463 4464
f 4465 4464 4458
f 21 20 4467
f 20 4459 4467
f 4468 4459 20
f 26 4469 24
f 24 4469 26
f 24 26 23
f 26 4470 27
f 4470 26 27
f 27 26 24
f 4466 4452 4463
f 22 4459 4440
f 25 22 4432
f 22 25 23
f 21 4467 22
f 22 4467 4459
f 4471 4472 4473
f 4474 4472 4471
f 4471 4473 4475
f 4475 4473 28
f 177 4476 28
f 4476 4475 28
f 4476 4471 4475
f 28 4473 29
f 4477 4478 4479
f 4480 4481 4478
f 4480 4478 4477
f 4472 4480 4477
f 4472 4477 4473
f 4479 4478 4482
f 4483 4484 4485
f 4483 4486 4473
f 4477 4483 4473
f 4477 4479 4483
f 4473 4486 29
f 4485 4486 4483
f 4485 4487 4486
f 4486 4487 4488
f 4486 4488 29
f 4453 4466 4465
f 4466 4453 4452
f 4453 4465 4458
f 4482 4454 4462
f 4479 4482 4483
f 4482 4489 4484
f 4482 4484 4483
f 4487 4489 4461
f 4468 4461 4459
f 4468 4487 4461
f 4489 4462 4461
f 4450 4453 4460
f 4462 4450 4460
f 4489 4482 4462
f 4485 4489 4487
f 4489 4485 4484
f 4487 4468 4490
f 19 4468 20
f 4490 4468 19
f 4491 4492 4493
f 4491 4493 4494
f 4495 4494 4493
f 4496 4497 4494
f 4494 4498 4496
f 4494 4497 4491
f 4499 4500 4501
f 4497 4502 4491
f 4500 4502 4503
f 4502 4500 4492
f 4492 4491 4502
f 179 128 4456
f 128 18 4456
f 4504 163 4505
f 146 149 164
f 4505 146 164
f 163 146 4505
f 176 177 170
f 3962 3959 4474
f 3959 3961 4474
f 4474 3961 4472
f 3961 4506 4472
f 176 3962 4476
f 3962 4471 4476
f 4471 3962 4474
f 176 4476 177
f 4506 4504 4480
f 3988 163 4506
f 3988 4506 3961
f 4505 164 4507
f 4507 4478 4481
f 4505 4507 4504
f 4507 178 4478
f 4506 163 4504
f 164 178 4507
f 4480 4504 4481
f 4506 4480 4472
f 4504 4507 4481
f 4478 178 4482
f 4456 178 179
f 178 4456 4454
f 4482 178 4454
f 183 738 4455
f 4455 738 892
f 4508 323 326
f 73 75 4509
f 4509 323 4508
f 4510 4501 4508
f 4508 4501 73
f 4508 73 4509
f 75 321 4509
f 4509 320 323
f 4509 321 320
f 4432 391 392
f 27 24 392
f 4511 4512 4513
f 4511 4514 4512
f 4514 4515 4512
f 4514 4511 3526
f 3526 3811 4514
f 431 428 4488
f 4490 431 4488
f 428 429 4488
f 29 4488 429
f 434 421 432
f 433 449 434
f 4516 420 4517
f 449 4517 420
f 449 420 419
f 434 449 419
f 3526 4511 3531
f 4517 443 4513
f 4517 4513 4512
f 440 3543 443
f 3543 3531 4511
f 4511 4513 3543
f 3543 4513 443
f 4517 4512 4516
f 443 4517 449
f 4487 4490 4488
f 431 4490 19
f 463 4518 4519
f 463 682 4518
f 462 682 463
f 461 463 471
f 471 463 4519
f 471 4519 4520
f 508 522 521
f 533 532 522
f 508 533 522
f 505 520 508
f 508 520 533
f 556 557 554
f 559 558 554
f 542 564 4521
f 564 582 4521
f 542 4521 543
f 4522 606 4523
f 543 4524 4525
f 4526 557 543
f 543 4525 4527
f 543 4527 4526
f 4528 4526 4527
f 4529 4525 4524
f 611 4522 4529
f 4525 4529 4530
f 4530 4529 4522
f 4527 4525 4530
f 611 606 4522
f 4531 610 620
f 4523 606 608
f 608 610 4531
f 557 541 543
f 4521 4524 543
f 4529 621 611
f 621 4524 4532
f 621 624 611
f 4524 621 4529
f 624 565 611
f 554 557 4526
f 4533 554 4526
f 616 560 559
f 4521 575 4524
f 615 561 560
f 616 615 560
f 616 559 4534
f 4534 559 4535
f 676 616 4534
f 559 554 4535
f 4534 4535 4536
f 4535 554 4533
f 4536 4535 4533
f 620 322 4531
f 4531 322 4537
f 621 567 624
f 575 4532 4524
f 4532 575 621
f 4521 579 575
f 582 579 4521
f 4538 4531 4539
f 4538 608 4531
f 4540 4539 4537
f 4538 4539 4540
f 4530 4522 4523
f 4530 4523 4541
f 4523 608 4538
f 4523 4542 4541
f 4541 4527 4530
f 4543 4540 4544
f 4538 4542 4523
f 4545 4540 4543
f 627 4542 4546
f 4546 4542 4545
f 4545 4538 4540
f 4545 4542 4538
f 4543 4547 4545
f 4546 4545 4547
f 4547 4543 4544
f 4546 4547 629
f 630 629 4547
f 637 630 4547
f 629 627 4546
f 626 4548 627
f 639 626 628
f 4549 639 640
f 4528 4527 4541
f 4550 4528 4541
f 4542 627 4541
f 4551 4528 4550
f 4550 4541 627
f 4548 4550 627
f 4552 626 4549
f 4549 626 639
f 628 631 639
f 4549 640 4553
f 4554 4551 4548
f 626 4552 4548
f 4555 4552 4549
f 4556 4549 4553
f 4533 4526 4528
f 4551 4533 4528
f 4551 4550 4548
f 4554 4548 4552
f 4555 4549 4556
f 4557 4558 4559
f 4558 4560 4559
f 4557 4561 4558
f 4562 4534 4536
f 4563 4562 4536
f 4558 4561 4555
f 4563 4536 4533
f 4562 4563 4564
f 4565 4562 4564
f 4564 4563 4554
f 4552 4564 4554
f 4561 4565 4564
f 4561 4564 4555
f 4555 4564 4552
f 4560 4555 4556
f 4558 4555 4560
f 4563 4533 4551
f 4554 4563 4551
f 4559 4560 4566
f 4566 4567 4559
f 4566 4560 4568
f 4569 4556 4570
f 4569 4560 4556
f 4568 4560 4569
f 4568 4569 4571
f 4571 4569 4572
f 4570 4556 4553
f 4569 4570 4573
f 4570 4553 4574
f 4573 4570 4574
f 4569 4573 4572
f 637 4547 75
f 635 636 634
f 634 636 637
f 74 637 75
f 634 637 74
f 73 633 74
f 75 4547 321
f 4575 640 638
f 638 633 73
f 638 73 4575
f 4575 73 4501
f 318 4540 319
f 4544 4540 318
f 4544 318 4547
f 4547 318 321
f 4574 640 4575
f 4574 4553 640
f 4574 4575 4576
f 4576 4575 4501
f 4503 4576 4500
f 4500 4576 4501
f 4531 4537 4539
f 319 4537 322
f 4540 4537 319
f 4573 4576 4503
f 4574 4576 4573
f 4572 4573 4503
f 676 614 616
f 4577 676 4578
f 4578 676 4534
f 4578 4534 4562
f 4578 4562 4565
f 4579 4580 4565
f 4579 4565 4561
f 4577 4578 4565
f 4577 4565 4580
f 4561 4557 4579
f 4519 4581 4582
f 4519 4518 4581
f 4583 4584 4567
f 4519 4582 4583
f 4583 4582 4584
f 4585 4566 4586
f 4587 4585 4586
f 4584 4559 4567
f 4567 4585 4588
f 4588 4583 4567
f 4585 4567 4566
f 4587 4586 4589
f 4590 4587 4589
f 4590 4589 4591
f 683 680 681
f 4582 4592 4584
f 4581 682 4592
f 682 4581 4518
f 4581 4592 4582
f 4559 4579 4557
f 4584 4579 4559
f 4586 4566 4568
f 684 675 4593
f 684 679 675
f 4593 675 4577
f 4577 675 676
f 4593 4577 4592
f 4592 4580 4584
f 4592 4577 4580
f 682 4593 4592
f 4584 4580 4579
f 683 681 684
f 683 684 4594
f 4594 684 4593
f 683 4594 472
f 472 4594 4593
f 472 4593 682
f 4568 4591 4586
f 4568 4571 4591
f 4591 4571 4595
f 4595 4571 4572
f 4586 4591 4589
f 4497 4591 4595
f 4591 4496 4590
f 4496 4591 4497
f 4497 4595 4502
f 4502 4572 4503
f 4502 4595 4572
f 892 890 891
f 489 468 834
f 467 468 466
f 4596 4583 4588
f 4519 4583 4596
f 4597 4598 4590
f 4598 4588 4585
f 4520 4519 4596
f 4588 4598 4596
f 4598 4597 4599
f 4596 4598 4600
f 4598 4599 4600
f 4598 4587 4590
f 4601 4590 4496
f 4597 4590 4601
f 4601 4602 4597
f 4601 4496 4498
f 4603 4604 4605
f 4606 4604 4603
f 4607 4608 816
f 4607 4609 4608
f 4610 4607 4611
f 760 766 4612
f 760 884 763
f 884 760 4612
f 884 4612 4613
f 4614 884 4613
f 798 797 4615
f 4616 838 770
f 4616 4617 838
f 4617 4616 4618
f 773 772 797
f 772 840 4619
f 797 772 4620
f 4615 797 4620
f 4615 4620 4621
f 772 4619 4620
f 766 765 4622
f 766 4622 4612
f 4612 4622 4623
f 4622 798 4615
f 765 798 4622
f 4624 4612 4623
f 4625 4612 4624
f 776 777 779
f 775 4626 794
f 775 779 4626
f 799 794 4626
f 789 4627 4628
f 4626 4629 799
f 4626 4628 4629
f 4630 789 784
f 4630 784 783
f 789 4630 4627
f 790 788 789
f 4626 790 4628
f 779 790 4626
f 4628 790 789
f 4629 4628 4627
f 798 795 797
f 783 4631 4632
f 4630 783 4632
f 4631 4633 4634
f 4634 4632 4631
f 4632 4634 4635
f 4627 4632 4635
f 4627 4630 4632
f 4636 4637 4638
f 4618 4637 4639
f 4635 4639 4637
f 4638 4637 4618
f 4618 4639 4617
f 4639 4640 4617
f 773 4616 770
f 4616 4638 4618
f 4616 773 4638
f 773 799 4638
f 4637 4636 4635
f 799 4636 4638
f 799 4629 4636
f 796 799 773
f 4636 4627 4635
f 4629 4627 4636
f 4635 4634 4639
f 4641 777 817
f 811 777 4641
f 817 776 753
f 4642 808 4643
f 4642 4643 752
f 809 808 4642
f 809 4642 4644
f 808 4641 4643
f 4643 4641 817
f 756 4644 4642
f 4644 807 809
f 811 803 777
f 4641 810 811
f 810 4641 808
f 813 720 4645
f 4645 720 807
f 4645 807 4644
f 830 813 4645
f 4645 4644 830
f 830 4644 756
f 815 814 829
f 829 4646 815
f 814 696 829
f 753 752 817
f 752 4643 817
f 4647 4648 4649
f 4648 828 827
f 4650 4646 829
f 829 828 4648
f 827 4649 4648
f 4650 829 4648
f 827 826 833
f 4647 4649 4651
f 4649 827 833
f 4649 833 830
f 833 813 830
f 756 4642 752
f 4652 4646 4653
f 815 4646 4652
f 816 815 4652
f 4608 697 816
f 816 4652 4654
f 4654 4607 816
f 4607 4654 4655
f 4611 4607 4655
f 4654 4652 4653
f 4654 4653 4655
f 4655 4653 4656
f 4656 4653 4657
f 4657 4653 4650
f 4653 4646 4650
f 4657 4650 4647
f 4647 4650 4648
f 4495 4658 4494
f 4659 4660 4661
f 4662 4660 4659
f 4663 4664 4665
f 4666 4667 4665
f 4664 4600 4599
f 4665 4664 4599
f 4668 4599 4669
f 4665 4599 4670
f 4670 4599 4668
f 4667 4671 4663
f 4667 4663 4665
f 4666 4617 4667
f 4661 4660 4669
f 4599 4597 4669
f 4669 4597 4602
f 4601 4498 4659
f 4659 4602 4601
f 4661 4602 4659
f 4669 4602 4661
f 4494 4658 4498
f 4659 4498 4658
f 835 834 4672
f 4672 834 4673
f 4673 834 4674
f 487 834 835
f 836 835 4672
f 4675 4664 4663
f 4667 4673 4671
f 4667 4617 4676
f 4671 4673 4674
f 4671 4674 4677
f 4663 4677 4675
f 4676 4672 4673
f 4678 836 4672
f 4672 4676 4678
f 4671 4677 4663
f 4673 4667 4676
f 834 468 467
f 4674 467 470
f 4677 4674 4679
f 4679 471 4675
f 4679 470 471
f 4674 470 4679
f 834 467 4674
f 4679 4675 4677
f 4675 4520 4596
f 471 4520 4675
f 4675 4596 4600
f 4664 4675 4600
f 93 835 836
f 97 836 4680
f 98 97 4680
f 839 4670 4681
f 4682 4668 4660
f 4681 4668 4682
f 4682 4660 4662
f 841 4681 4682
f 4665 4670 4666
f 4668 4681 4670
f 4660 4668 4669
f 839 4666 4670
f 837 4666 839
f 4666 837 838
f 838 4617 4666
f 771 837 840
f 841 839 4681
f 772 771 840
f 4676 4617 4683
f 783 847 4631
f 4680 836 4678
f 4633 4680 4678
f 4684 4680 4633
f 848 98 4680
f 847 848 4680
f 847 4680 4684
f 4633 4631 4684
f 847 4684 4631
f 4633 4678 4685
f 4685 4686 4639
f 4640 4639 4686
f 4640 4683 4617
f 4640 4686 4683
f 4685 4678 4686
f 4678 4676 4686
f 4686 4676 4683
f 4634 4685 4639
f 4634 4633 4685
f 4598 4585 4587
f 4687 852 4688
f 883 852 4687
f 883 851 852
f 4689 856 858
f 4604 858 4690
f 858 860 4690
f 4690 883 4691
f 4691 883 4687
f 4692 4690 4691
f 4605 4690 4692
f 4692 4693 4605
f 4692 4691 4694
f 4691 4687 4694
f 860 867 4690
f 4690 867 883
f 4604 4690 4605
f 4692 4694 4695
f 4624 4623 4696
f 4625 4613 4612
f 4613 4697 4614
f 4613 4696 4697
f 4625 4624 4613
f 4696 4613 4624
f 4694 4688 4614
f 4687 4688 4694
f 4688 762 884
f 852 762 4688
f 4688 884 4614
f 4698 4614 4699
f 4694 4614 4698
f 889 4433 891
f 889 2 4433
f 888 4700 4701
f 888 4701 4702
f 4703 4704 4705
f 4499 4493 4492
f 4493 4706 4704
f 4706 4705 4704
f 4495 4493 4704
f 4706 4707 4705
f 4492 4500 4499
f 4493 4499 4706
f 911 4708 4709
f 4708 911 910
f 901 4710 902
f 902 4710 910
f 4708 4711 4709
f 4712 4711 4713
f 910 4713 4708
f 894 896 4710
f 910 4710 4713
f 4710 896 4713
f 4713 4711 4708
f 4712 4713 896
f 901 894 4710
f 896 4714 4712
f 896 899 4714
f 4714 4707 4711
f 4712 4714 4711
f 4705 4707 4714
f 4705 4714 4715
f 4714 899 4715
f 4716 4717 4718
f 4717 4716 4719
f 4716 4720 4693
f 4716 4693 4719
f 4721 4716 4722
f 4720 4716 4721
f 741 4720 4721
f 4720 4603 4693
f 4603 4605 4693
f 4723 4719 4724
f 4692 4724 4693
f 4693 4724 4719
f 4615 4725 4726
f 4615 4621 4725
f 4620 4619 4621
f 4725 4727 4728
f 4726 4622 4615
f 4726 4725 4728
f 4728 4622 4726
f 4623 4622 4728
f 4729 4730 968
f 967 4729 968
f 4731 4729 967
f 4732 4731 980
f 988 4732 980
f 4731 967 980
f 971 969 968
f 4733 1012 4734
f 4735 977 970
f 4734 1012 4736
f 4735 4736 977
f 4736 1012 1014
f 1014 974 975
f 1014 975 4736
f 4736 975 977
f 4737 4738 4739
f 4739 4740 4741
f 4741 4740 4742
f 4740 4743 4742
f 4744 4745 4740
f 4738 4746 4747
f 4747 4748 4749
f 4746 4748 4747
f 4738 4747 4739
f 4750 4751 4746
f 4750 4746 4738
f 4748 4752 4753
f 4754 4755 4756
f 4757 4758 4759
f 4754 4757 4759
f 4760 4761 4762
f 4758 4763 4759
f 4764 4759 4763
f 4763 4761 4760
f 4744 4762 4765
f 4744 4740 4739
f 4744 4765 4745
f 4762 4766 4765
f 4767 4768 4754
f 4755 4754 4768
f 4769 4754 4759
f 4769 4764 4770
f 4769 4759 4764
f 4764 4763 4760
f 4764 4760 4771
f 4744 4771 4760
f 4772 4752 4748
f 4746 4772 4748
f 4764 4771 4770
f 4771 4747 4773
f 4747 4749 4773
f 4747 4771 4739
f 4771 4744 4739
f 4760 4762 4744
f 4741 4774 970
f 4734 4775 4733
f 4734 4735 4776
f 4775 4734 4776
f 4777 4778 4730
f 4778 4779 4730
f 4729 4777 4730
f 4735 4734 4736
f 970 4774 4735
f 4779 4769 4730
f 4730 4770 968
f 968 4773 970
f 4770 4730 4769
f 4770 4773 968
f 4742 4774 4741
f 4780 4774 4742
f 4737 4739 4741
f 4750 4738 4737
f 4753 4781 4782
f 4748 4753 4749
f 4773 4783 970
f 4783 4741 970
f 4783 4737 4741
f 4749 4782 4783
f 4782 4737 4783
f 4753 4752 4781
f 4753 4782 4749
f 4773 4749 4783
f 4778 4784 4779
f 4784 4769 4779
f 4785 4784 4777
f 4769 4784 4767
f 4755 4785 4777
f 4785 4786 4784
f 4777 4784 4778
f 4786 4767 4784
f 4768 4786 4785
f 4768 4785 4755
f 4776 4735 4774
f 4787 4775 4776
f 4787 4776 4780
f 4780 4776 4774
f 4786 4768 4767
f 4767 4754 4769
f 4770 4771 4773
f 4788 4777 4729
f 4755 4777 4788
f 4731 4732 4789
f 4789 4788 4731
f 4789 4756 4788
f 4756 4755 4788
f 4731 4788 4729
f 1003 4072 1004
f 1000 1004 1001
f 4069 4065 4068
f 4069 4068 4790
f 1004 4072 4791
f 4792 1004 4791
f 1004 4792 1001
f 4072 4069 4791
f 4791 4069 4790
f 4791 4790 4792
f 4793 4794 4795
f 4794 4796 4795
f 4794 4797 4796
f 4794 4793 4798
f 4798 4797 4794
f 4799 4797 4798
f 4795 4800 4801
f 4802 4795 4801
f 4801 4803 4802
f 4800 4804 4801
f 4796 4800 4795
f 980 967 969
f 4805 4757 4754
f 4805 4806 4757
f 4757 4806 4758
f 4807 4808 4761
f 4761 4808 4762
f 4806 4809 4758
f 4758 4809 4810
f 4763 4758 4761
f 4810 4761 4758
f 4766 4811 4812
f 4808 4766 4762
f 4808 4811 4766
f 4766 4812 4765
f 4812 4813 4765
f 4810 4807 4761
f 4814 4815 4805
f 4815 4814 4816
f 4807 4817 4808
f 4075 4074 4818
f 4819 4820 4821
f 4821 4807 4810
f 4821 4822 4807
f 4819 4821 4810
f 4807 4822 4817
f 4823 4075 4818
f 4815 4809 4806
f 4805 4815 4806
f 4823 4809 4815
f 4824 4823 4816
f 4816 4823 4815
f 4825 4068 4824
f 4818 4809 4823
f 4809 4818 4810
f 4818 4819 4810
f 4824 4067 4075
f 4824 4075 4823
f 4825 4824 4816
f 4064 4067 4068
f 4067 4824 4068
f 4790 4068 4825
f 1005 4826 4732
f 988 1005 4732
f 4756 4814 4805
f 4805 4754 4756
f 4789 4814 4756
f 4814 4789 4732
f 4826 1005 990
f 1001 4826 990
f 4792 4826 1001
f 4827 4732 4826
f 4827 4816 4814
f 4827 4814 4732
f 4825 4816 4827
f 4826 4792 4827
f 4792 4825 4827
f 4792 4790 4825
f 4817 4828 4829
f 4808 4817 4811
f 4811 4830 4812
f 4817 4829 4811
f 4829 4830 4811
f 4830 4813 4812
f 4830 4798 4813
f 4715 4703 4705
f 4703 4831 4832
f 4833 4704 4703
f 4834 4703 4835
f 4832 4833 4703
f 4834 4831 4703
f 4832 4836 4833
f 4837 4836 4832
f 4838 4832 4831
f 4833 4495 4704
f 4839 4840 4841
f 899 898 4835
f 4715 899 4835
f 1006 1007 4842
f 4843 4835 898
f 4841 4844 4775
f 4840 4844 4841
f 4843 4844 4840
f 4844 1006 4842
f 898 1006 4843
f 4703 4715 4835
f 4843 1006 4844
f 4833 4836 4495
f 4658 4495 4837
f 4836 4837 4495
f 1011 4834 4835
f 4835 4843 4840
f 1009 1011 4845
f 4846 1009 4845
f 4847 4846 4845
f 1011 4835 4845
f 4845 4835 4840
f 4839 4845 4840
f 4662 4659 4837
f 4837 4659 4658
f 4839 4841 4848
f 4844 4842 4733
f 4775 4844 4733
f 4849 4831 4834
f 4849 4838 4831
f 4850 4846 4847
f 4851 4852 4853
f 4852 4854 4853
f 4850 4854 4852
f 4845 4839 4847
f 1010 1017 1011
f 1009 1017 1010
f 1011 1017 4834
f 1017 4849 4834
f 4849 4855 4838
f 4846 1017 1009
f 1015 1017 4846
f 1017 1016 4849
f 4849 1016 4855
f 4846 4852 1015
f 1015 4852 1018
f 4851 1018 4852
f 4850 4852 4846
f 4856 841 4682
f 4837 4856 4662
f 4838 4856 4837
f 4856 4682 4662
f 4838 4837 4832
f 4725 4621 4857
f 4725 4857 4727
f 4621 4851 4857
f 4857 4851 4853
f 4858 840 841
f 4619 840 4858
f 4858 841 4856
f 4619 4858 4855
f 4619 4855 4859
f 4851 4859 1018
f 4855 4858 4856
f 4855 4856 4838
f 4859 4855 1018
f 4619 4859 4621
f 4621 4859 4851
f 1018 4855 1016
f 4860 4850 4861
f 4850 4847 4861
f 4854 4860 4862
f 4861 4847 4839
f 4863 4861 4839
f 4839 4848 4863
f 4861 4803 4860
f 4803 4861 4863
f 4860 4864 4862
f 4804 4864 4860
f 4803 4804 4860
f 4801 4804 4803
f 4864 4804 4800
f 4857 4853 4727
f 4727 4853 4865
f 4865 4853 4854
f 4854 4850 4860
f 4862 4865 4854
f 4501 4510 4499
f 4499 4510 4707
f 4707 4706 4499
f 4510 4508 4866
f 4510 4866 4707
f 4866 4711 4707
f 4508 326 1025
f 1025 4867 4508
f 4867 4866 4508
f 1025 911 4867
f 4709 4866 4867
f 911 4709 4867
f 4866 4709 4711
f 1022 1025 326
f 4695 4698 4868
f 4692 4695 4724
f 4694 4698 4695
f 4869 4724 4695
f 4869 4695 4868
f 4870 4871 4872
f 4873 4870 4820
f 4873 4871 4870
f 4820 4870 4822
f 4872 4874 4870
f 4870 4874 4822
f 4875 4876 4872
f 4876 4875 4702
f 4876 4702 4701
f 4874 4828 4822
f 4796 4877 4878
f 4796 4878 4800
f 4821 4820 4822
f 4822 4828 4817
f 4700 4722 4718
f 4879 4722 4700
f 4879 4700 888
f 4722 4716 4718
f 4880 4881 4882
f 4882 4881 4883
f 4717 4723 4884
f 4880 4717 4884
f 4880 4884 4881
f 4724 4869 4723
f 4877 4885 4886
f 4869 4887 4886
f 4869 4886 4885
f 4884 4888 4889
f 4883 4889 4797
f 4881 4884 4889
f 4881 4889 4883
f 4878 4877 4886
f 4884 4723 4877
f 4877 4723 4885
f 4884 4877 4888
f 4885 4723 4869
f 4869 4868 4887
f 4886 4887 4890
f 4800 4878 4886
f 4800 4886 4890
f 4891 4700 4880
f 4880 4700 4718
f 4718 4717 4880
f 4719 4723 4717
f 4701 4700 4891
f 4891 4880 4882
f 4828 4892 4829
f 4799 4883 4797
f 4882 4883 4799
f 4892 4882 4799
f 4892 4798 4830
f 4892 4799 4798
f 4889 4877 4796
f 4889 4796 4797
f 4888 4877 4889
f 4892 4891 4882
f 4701 4891 4874
f 4874 4892 4828
f 4874 4891 4892
f 4829 4892 4830
f 4802 4803 4863
f 4893 4802 4894
f 4795 4802 4793
f 4793 4802 4893
f 4802 4863 4894
f 4893 4894 4895
f 4893 4895 4896
f 4895 4894 4897
f 4743 4896 4895
f 4743 4898 4742
f 4898 4743 4895
f 4743 4745 4896
f 4896 4793 4893
f 4793 4896 4899
f 4899 4798 4793
f 4896 4745 4900
f 4899 4896 4900
f 4894 4863 4848
f 4894 4848 4897
f 4898 4895 4897
f 4787 4780 4898
f 4897 4787 4898
f 4897 4841 4787
f 4897 4848 4841
f 4841 4775 4787
f 4813 4900 4765
f 4813 4899 4900
f 4765 4900 4745
f 4813 4798 4899
f 4842 1012 4733
f 4743 4740 4745
f 4742 4898 4780
f 4901 4746 4751
f 4746 4901 4772
f 4901 4751 4752
f 4752 4751 4750
f 4750 4737 4752
f 4752 4737 4781
f 4781 4737 4782
f 4772 4901 4752
f 4697 4623 4728
f 4902 4697 4728
f 4696 4623 4697
f 4903 4699 4697
f 4728 4727 4865
f 4728 4865 4902
f 4903 4697 4902
f 4903 4864 4890
f 4902 4865 4862
f 4862 4903 4902
f 4862 4864 4903
f 4800 4890 4864
f 4904 4699 4903
f 4904 4903 4890
f 4890 4868 4904
f 4868 4890 4887
f 4699 4614 4697
f 4904 4698 4699
f 4868 4698 4904
f 1007 1012 4842
f 1013 974 1014
f 3788 1414 1416
f 3813 3779 3788
f 3812 3813 3811
f 4516 1416 420
f 4514 4905 4515
f 4905 3813 4515
f 3813 3788 4515
f 4512 4515 4516
f 3788 4516 4515
f 1416 4516 3788
f 3811 3813 4905
f 4514 3811 4905
f 4906 4907 4908
f 4906 4908 4909
f 4908 4910 4909
f 4911 4909 4910
f 4912 4913 4914
f 4915 4916 4917
f 4917 4907 4906
f 4918 4915 4917
f 4919 4915 4918
f 4918 4906 4909
f 4919 4918 4909
f 4917 4916 4920
f 4906 4918 4917
f 4916 4921 4920
f 4907 4917 4920
f 4922 4916 4915
f 4915 4919 4912
f 4912 4919 4913
f 4923 4924 4925
f 4926 4927 4922
f 4921 4928 4920
f 4922 4921 4916
f 2598 2616 2599
f 2605 2606 2601
f 2601 2606 4929
f 2605 2612 2604
f 2598 2611 2616
f 2606 2603 4929
f 2601 4929 2610
f 4929 2884 2610
f 2610 2884 2611
f 2884 2619 2618
f 2611 2884 2618
f 2611 2618 2613
f 4923 4930 4931
f 4925 4932 4923
f 4932 4930 4923
f 4932 4925 4927
f 4924 4931 4921
f 4927 4925 4922
f 4924 4923 4931
f 4925 4924 4921
f 4925 4921 4922
f 3586 3906 4933
f 3586 4933 3584
f 4934 4933 4935
f 4934 3584 4933
f 3586 3905 3906
f 3629 3905 3586
f 4936 3619 4937
f 4938 4936 4937
f 4936 4938 2684
f 3590 4936 3587
f 3587 4936 2684
f 4939 2684 3588
f 3588 2640 2639
f 3590 3619 4936
f 3587 4939 3588
f 3587 2684 4939
f 3588 2684 2640
f 4940 4941 4942
f 4943 4941 4944
f 4945 4941 4940
f 4946 4944 4945
f 2643 2684 4946
f 4944 4941 4945
f 4945 4940 4947
f 4938 4944 4946
f 4938 4946 2684
f 4946 4945 4947
f 4940 4948 4947
f 2688 2643 4946
f 2644 2688 2689
f 2688 4946 2689
f 4946 4949 2689
f 4949 4946 4947
f 2687 2689 4949
f 4949 4947 2690
f 4940 4942 4950
f 4940 4951 4952
f 4940 4953 4954
f 4940 4952 4953
f 4940 4954 4948
f 4952 4955 4953
f 4947 4948 4956
f 4947 4956 4957
f 4958 4947 4957
f 4959 2705 2704
f 4938 4937 4944
f 4937 4943 4944
f 2721 2769 2772
f 4941 4960 4961
f 4960 4941 4943
f 4960 2721 2772
f 4960 4943 4937
f 4941 2758 4942
f 4950 4951 4940
f 4962 2726 4963
f 4962 4963 4964
f 4965 4966 4964
f 4942 4962 4964
f 4942 4964 4950
f 4967 4966 4955
f 4951 4967 4952
f 4952 4967 4955
f 2758 2726 4962
f 2758 4962 4942
f 4950 4964 4966
f 4967 4950 4966
f 4950 4967 4951
f 2721 4960 3621
f 3619 3621 4960
f 3619 4960 4937
f 4968 4969 2725
f 2725 2757 4968
f 4970 4971 4972
f 4973 4972 4974
f 4972 4971 4974
f 4965 4963 4975
f 4966 4965 4953
f 4955 4966 4953
f 4953 4975 4976
f 4954 4953 4976
f 4965 4975 4953
f 2725 4969 4977
f 4978 4979 4980
f 4978 4980 4981
f 4981 4980 4982
f 4983 2726 4984
f 4976 4983 4985
f 2725 4986 2726
f 4978 4987 4979
f 4987 4976 4979
f 4979 4976 4988
f 4976 4989 4983
f 4975 4989 4976
f 4954 4976 4987
f 4990 4954 4987
f 4990 4987 4978
f 4954 4990 4948
f 4980 4979 4982
f 4991 4971 4970
f 4932 4927 4992
f 4992 4927 4926
f 4985 4986 4992
f 4988 4976 4992
f 4983 4984 4986
f 4983 4986 4985
f 4984 2726 4986
f 4976 4985 4992
f 4988 4992 4926
f 4926 4922 4915
f 4926 4915 4912
f 4926 4912 4971
f 4973 4974 4993
f 2705 3622 2702
f 4994 4959 4995
f 4996 4997 3509
f 4994 4995 4998
f 4995 4997 4996
f 2746 4994 4998
f 2727 2734 4998
f 4998 4995 4996
f 2733 2727 4999
f 4999 4996 2735
f 2733 4999 2735
f 2704 4997 4959
f 4995 4959 4997
f 2734 2746 4998
f 2727 4998 4999
f 4998 4996 4999
f 3622 2705 3624
f 3627 3624 4994
f 2705 4959 3624
f 3624 4959 4994
f 3627 4994 2746
f 2745 3627 2746
f 2756 2752 2761
f 2753 2752 2759
f 4996 2760 2752
f 2735 4996 2752
f 4961 2753 2759
f 2753 4961 2755
f 2756 2761 5000
f 2757 2756 5000
f 2758 2724 2726
f 4964 4963 4965
f 4960 2771 4961
f 4961 2771 2755
f 4960 2772 2771
f 4961 2759 2758
f 4941 4961 2758
f 2761 5001 5000
f 5002 4993 5003
f 4968 3502 4969
f 4969 3502 4977
f 2757 5001 4968
f 5001 2773 4968
f 5001 2761 2773
f 2757 5000 5001
f 4963 2726 4989
f 4975 4963 4989
f 2726 4983 4989
f 4928 5004 5005
f 4920 4928 5005
f 2606 2604 2603
f 2603 2885 4929
f 3679 3678 5006
f 5007 5008 5009
f 5008 5010 5009
f 5008 5006 5010
f 3679 5006 5008
f 5006 3678 3650
f 5006 3650 3653
f 3678 3652 3650
f 5011 5012 5013
f 5012 5014 5013
f 5011 2872 3656
f 3656 5012 5011
f 3656 3674 5012
f 5015 5011 5013
f 2876 2883 5016
f 5016 5015 5013
f 5013 5014 5017
f 2883 5015 5016
f 2956 2876 5016
f 5016 5013 5017
f 2870 2872 5011
f 5015 2870 5011
f 2870 5015 2883
f 2603 3646 2885
f 4929 2885 2884
f 5012 3674 5014
f 5014 3674 3676
f 5014 3676 5018
f 5019 5020 5021
f 5021 5020 5022
f 5008 5021 5022
f 5022 3655 3677
f 5018 3676 5023
f 5018 5023 5020
f 5019 5018 5020
f 3676 3655 5023
f 5020 5023 5022
f 5023 3655 5022
f 5021 5008 5019
f 5008 5022 3677
f 3677 3652 3679
f 3677 3679 5008
f 5019 5008 5007
f 5014 5018 5017
f 5017 2956 5016
f 2956 5017 5024
f 2955 2956 5024
f 2957 2955 5024
f 5025 5024 5019
f 2950 5025 5019
f 2957 5025 2950
f 5024 5018 5019
f 5026 2951 2950
f 2950 5019 5026
f 5017 5018 5024
f 2957 5024 5025
f 5027 5028 5029
f 5030 5027 5029
f 5031 5029 5032
f 5030 5029 5031
f 5033 5034 5035
f 5036 5035 5034
f 5037 5035 5036
f 5038 5039 5040
f 5041 5037 5042
f 5037 5036 5043
f 5044 5037 5043
f 5042 5037 5044
f 5045 5046 5047
f 5045 4957 5046
f 4948 4990 5048
f 4957 4956 5046
f 4958 4957 5049
f 4956 4948 5048
f 4956 5048 5046
f 5049 4957 5045
f 5050 3836 5051
f 5052 5053 5054
f 5055 5053 5052
f 5054 5056 5051
f 5052 5054 5051
f 5057 5058 5040
f 5052 5051 5058
f 5051 5040 5058
f 5039 5059 5040
f 5060 5061 5062
f 5054 5060 5062
f 5054 5062 5063
f 5054 5064 5056
f 5065 5066 5067
f 5065 5067 5068
f 5069 5070 5068
f 5068 5067 5071
f 5072 5073 5070
f 5074 5072 5070
f 5074 5070 5069
f 5073 5075 5068
f 5073 5068 5070
f 5075 5065 5068
f 5069 5071 5076
f 5067 5077 5078
f 5069 5068 5071
f 5071 5078 5076
f 5067 5078 5071
f 4973 5002 5027
f 4970 4972 5079
f 4991 4970 5079
f 5027 5002 5028
f 5046 4991 5079
f 5079 4972 4973
f 5002 4973 4993
f 5027 5030 4973
f 5046 5079 4973
f 5030 5046 4973
f 5046 5048 4991
f 5048 4981 4991
f 5048 4978 4981
f 5048 4990 4978
f 4991 4981 4982
f 4982 4988 4991
f 4988 4926 4971
f 4988 4971 4991
f 4982 4979 4988
f 5029 5028 5003
f 5028 5002 5003
f 5029 5003 5032
f 5032 5003 5080
f 5081 5082 5083
f 5082 5041 5084
f 5085 5082 5084
f 5083 5082 5086
f 5086 5082 5087
f 5053 5088 5089
f 5089 5090 5082
f 5088 5090 5089
f 5091 5092 5093
f 5088 5092 5091
f 5088 5091 5090
f 5090 5091 5094
f 5094 5095 5035
f 5093 5096 5094
f 5093 5094 5091
f 5095 5033 5035
f 5096 5095 5094
f 5094 5035 5041
f 5041 5035 5037
f 5090 5094 5041
f 5060 5089 5082
f 5060 5082 5081
f 5082 5090 5041
f 5054 5053 5060
f 5053 5089 5060
f 5041 5042 5097
f 5084 5041 5097
f 5098 3888 3890
f 3888 5098 5099
f 5098 3891 5100
f 5100 3891 5101
f 5102 5101 3891
f 5098 3890 3891
f 5103 4935 5104
f 5103 5105 4935
f 5106 5103 5107
f 5101 5106 5107
f 3892 5102 3891
f 5103 5104 5108
f 5107 5103 5108
f 4935 5109 5104
f 3890 3899 3892
f 3585 3584 5110
f 5110 3584 4934
f 3585 5110 3894
f 5105 4934 4935
f 5111 3894 5110
f 5111 5110 5105
f 5106 5111 5103
f 3894 5106 5112
f 3899 3894 5112
f 5112 5106 5102
f 5102 5106 5101
f 5110 4934 5105
f 5111 5105 5103
f 3894 5111 5106
f 3892 3899 5112
f 3892 5112 5102
f 5113 5032 5114
f 5115 5116 5113
f 5116 5032 5113
f 5117 5030 5031
f 5117 5031 5118
f 5119 5118 5120
f 5031 5116 5118
f 5120 5118 5116
f 5116 5031 5032
f 5121 5122 5115
f 5123 5115 5124
f 5124 5115 5122
f 5125 5123 5124
f 5116 5115 5123
f 5120 5116 5123
f 5124 5122 5126
f 5125 5120 5123
f 5034 5124 5126
f 5033 5124 5034
f 5033 5125 5124
f 5095 5125 5033
f 5034 5126 5036
f 5036 5126 5127
f 5128 5117 5118
f 5119 5128 5118
f 5129 5059 5130
f 4933 3906 3908
f 4935 3908 5109
f 3908 3907 5131
f 5131 5132 5133
f 5133 5132 5134
f 5109 3908 5131
f 3907 5132 5131
f 5134 5132 5135
f 5136 5131 5133
f 5104 5131 5136
f 5109 5131 5104
f 2687 4949 2690
f 3285 2690 5049
f 2690 4947 4958
f 5049 2690 4958
f 3902 3617 5137
f 3903 3907 3904
f 3903 3902 3907
f 3902 5137 3907
f 3617 3909 5137
f 5047 5030 5117
f 5047 5046 5030
f 5138 5047 5139
f 5140 5139 5047
f 5045 5047 5138
f 5140 5047 5117
f 5141 5142 5139
f 5143 5049 5138
f 5049 5045 5138
f 5138 5139 5142
f 5140 5141 5139
f 3901 3617 3902
f 5137 5144 3907
f 5145 5146 5144
f 5147 5138 5142
f 5142 5141 5135
f 5146 5147 5135
f 5147 5142 5135
f 5141 5140 5148
f 3408 5135 5141
f 3907 5144 5132
f 5132 5144 5135
f 5144 5146 5135
f 3285 5049 3286
f 3286 5049 5143
f 3909 3291 5149
f 3909 5149 5137
f 5137 5149 5144
f 3287 3286 5143
f 5149 3291 3293
f 3291 3292 3293
f 5145 3293 3287
f 5146 5145 5147
f 5145 3287 5143
f 5145 5143 5147
f 5149 3293 5144
f 5144 3293 5145
f 5147 5143 5138
f 5150 5053 5055
f 5151 5152 5153
f 5154 5155 5152
f 5156 5055 5157
f 5151 5154 5152
f 5158 5159 5160
f 5154 5158 5155
f 5155 5158 5160
f 5156 5155 5055
f 5152 5155 5156
f 5155 5088 5150
f 5055 5155 5150
f 5151 5161 5154
f 5162 5163 5154
f 5163 5159 5158
f 5154 5163 5158
f 5119 5117 5128
f 5162 5117 5119
f 5164 5162 5119
f 5163 5162 5159
f 5162 5164 5159
f 5162 5140 5117
f 5161 5165 5154
f 5165 5162 5154
f 5140 5162 5165
f 5140 5165 5166
f 5166 5148 5140
f 5167 5165 5161
f 5166 5165 5167
f 5161 5168 5169
f 5153 5152 5170
f 5171 5157 5057
f 5171 5057 5172
f 5172 5057 5059
f 5157 5055 5052
f 5059 5057 5040
f 5157 5052 5057
f 5057 5052 5058
f 5172 5059 5129
f 5108 3414 5173
f 5174 5175 3413
f 5175 5174 5176
f 5174 5177 5176
f 5173 3414 3413
f 5176 3413 5175
f 3407 5178 5174
f 5179 3407 5174
f 5179 5180 3407
f 3413 5180 5179
f 3413 5179 5174
f 5181 3889 5099
f 5176 5182 5183
f 3889 3888 5099
f 5099 5098 5181
f 5181 5098 5100
f 5181 5100 5183
f 5176 5184 5182
f 5182 5181 5185
f 5182 5185 5183
f 5185 5181 5183
f 5100 5186 5183
f 5100 5101 5186
f 5186 5101 5107
f 5173 5107 5108
f 3413 5176 5187
f 5173 3413 5187
f 5187 5176 5183
f 5183 5186 5187
f 5186 5173 5187
f 5186 5107 5173
f 3412 5135 3407
f 3407 5135 3408
f 5134 5135 3412
f 5134 3412 3414
f 5180 3412 3407
f 3412 5180 3413
f 5108 5134 3414
f 5104 5136 5134
f 5104 5134 5108
f 5133 5134 5136
f 5188 5141 5148
f 5148 5166 5188
f 5166 3411 5188
f 3408 5188 3411
f 5189 5166 5167
f 5166 5189 3411
f 5190 5177 5191
f 5190 3927 5184
f 5177 5184 5176
f 3927 3873 3889
f 5184 3927 5182
f 3928 3916 3927
f 5190 5184 5177
f 3927 3889 5192
f 5192 5182 3927
f 5193 3428 5194
f 5178 5194 5195
f 5194 5191 5195
f 3430 5194 3428
f 3428 5193 3422
f 5193 5196 3422
f 5196 3407 3422
f 5193 5194 5196
f 5194 5178 5196
f 3430 5191 5194
f 3422 3407 3410
f 3422 3410 3426
f 3430 5190 5191
f 5174 5195 5177
f 5178 3407 5196
f 5174 5178 5195
f 3431 3928 3430
f 3430 3928 5190
f 5190 3928 3927
f 3431 3917 3928
f 5192 3889 5181
f 5192 5181 5182
f 3434 3436 5167
f 5197 5167 5169
f 5169 5167 5161
f 3408 5141 5188
f 5189 5167 3411
f 3411 5167 3436
f 3433 3436 3434
f 5195 5191 5177
f 5114 5032 5080
f 5113 5114 5198
f 5113 5198 5199
f 5159 5095 5160
f 5093 5160 5096
f 5150 5088 5053
f 5160 5095 5096
f 5155 5160 5092
f 5092 5160 5093
f 5155 5092 5088
f 5095 5200 5125
f 5159 5200 5095
f 5159 5164 5200
f 5164 5119 5120
f 5200 5164 5125
f 5125 5164 5120
f 4933 3908 4935
f 5201 5202 5203
f 5204 5205 5201
f 5205 5202 5201
f 4928 5201 5203
f 4928 4921 5201
f 5202 5206 5203
f 4921 5207 5201
f 5206 4928 5203
f 5208 5209 5210
f 5211 5208 5210
f 2939 3453 3440
f 3449 3442 3450
f 5212 3450 3442
f 5212 5213 3450
f 3453 5026 5214
f 3453 2939 5026
f 3453 5212 3442
f 5010 5006 3653
f 5213 5215 3450
f 3450 2792 2782
f 3450 5215 2792
f 5214 5009 5213
f 5212 5214 5213
f 5010 5213 5009
f 5213 5010 5215
f 5010 3653 2792
f 5215 5010 2792
f 5007 5009 5214
f 5214 5212 3453
f 3485 2707 2778
f 3486 3485 5216
f 3486 5216 3511
f 3492 3485 3471
f 3485 3492 5216
f 3472 3489 3488
f 3471 3472 3488
f 5216 3492 3490
f 5216 3490 3493
f 3483 3489 3479
f 3489 3475 3479
f 2866 2954 3494
f 3472 3475 3489
f 2954 3475 3494
f 3494 3475 3472
f 5217 3495 3498
f 3500 5218 5217
f 5218 3495 5217
f 5219 3501 3496
f 3483 5220 3487
f 5219 3496 3495
f 3487 5219 3500
f 3500 3495 5218
f 3487 5220 5219
f 3500 5219 3495
f 3510 3500 5217
f 3479 3499 3501
f 3501 5220 3479
f 5220 3501 5219
f 3483 3479 5220
f 2951 5026 2939
f 5214 5019 5007
f 5214 5026 5019
f 4977 3502 5221
f 5221 3502 3504
f 3504 3503 3506
f 4977 5221 3504
f 5205 5222 5211
f 5223 5222 5205
f 5224 5223 5205
f 5204 5224 5205
f 5211 5222 5225
f 5208 5211 5225
f 5205 5211 5202
f 5226 5223 5224
f 5226 5227 5228
f 5224 3505 5229
f 5229 5227 5226
f 5224 5229 5226
f 5226 5228 5223
f 5230 3505 5224
f 5231 3506 5232
f 3504 3506 5231
f 3506 3505 5232
f 3505 5230 5232
f 5233 5234 5231
f 5234 4977 3504
f 5234 3504 5231
f 5235 4977 5234
f 2725 4977 5235
f 4986 2725 5235
f 5230 5224 5233
f 5232 5233 5231
f 5233 5232 5230
f 5236 5233 5224
f 4986 5233 5236
f 5236 5224 5237
f 4930 5237 4931
f 5236 5237 4930
f 5236 4930 4932
f 4992 5236 4932
f 4992 4986 5236
f 5235 5233 4986
f 5235 5234 5233
f 5207 5238 5224
f 5237 5224 4931
f 4931 5238 4921
f 4931 5224 5238
f 5207 5224 5204
f 5204 5201 5207
f 4921 5238 5207
f 4996 3508 2760
f 4996 3509 3508
f 5239 5240 5241
f 5242 5243 5244
f 5245 5243 5242
f 5246 5245 5242
f 5246 5242 5247
f 5248 5247 5242
f 5246 5247 5249
f 5250 5251 5243
f 5245 5250 5243
f 5252 5250 5245
f 5239 5249 5253
f 5247 5248 5249
f 5254 5255 5256
f 5257 5255 5258
f 5258 5255 5254
f 5256 5259 5260
f 5259 5256 5255
f 3509 2704 3473
f 4997 2704 3509
f 2773 3502 4968
f 3438 2630 3471
f 3473 2707 3485
f 2778 3438 3485
f 3511 5216 3493
f 3493 3491 3511
f 3486 3505 3507
f 5227 3486 3511
f 3510 3484 3500
f 5217 3498 5261
f 3498 3513 5261
f 5217 5261 5262
f 3510 5217 5262
f 5263 3510 5262
f 5264 5265 3513
f 5264 3513 3514
f 5266 5267 5268
f 5269 5267 5266
f 5241 5266 5268
f 5270 5269 5266
f 5271 5270 5266
f 5222 5271 5272
f 5222 5270 5271
f 5241 5240 5273
f 5273 5266 5241
f 5266 5273 5271
f 5271 5273 5272
f 5272 5274 5225
f 5222 5272 5225
f 5223 5263 5267
f 5275 5249 5239
f 5276 5277 5278
f 5278 5279 5246
f 5276 5278 5246
f 5280 5276 5246
f 5281 5282 5280
f 5283 5281 5280
f 5284 5283 5275
f 5275 5285 5284
f 5268 5275 5241
f 5279 5245 5246
f 5280 5246 5249
f 5280 5249 5283
f 5285 5275 5267
f 5275 5283 5249
f 5263 5285 5267
f 5267 5275 5268
f 5241 5275 5239
f 5278 5286 5287
f 5278 5277 5288
f 5287 5252 5245
f 5279 5287 5245
f 5288 5286 5278
f 5278 5287 5279
f 5272 5273 5289
f 5208 5225 5274
f 5270 5223 5269
f 5222 5223 5270
f 5267 5269 5223
f 5290 5291 5292
f 5292 5293 5290
f 5294 5291 5295
f 5291 5296 5292
f 5259 5291 5290
f 5297 5294 5298
f 5298 5294 5299
f 5299 5294 5295
f 5294 5296 5291
f 5300 5297 5301
f 5296 5294 5297
f 5302 5303 5304
f 5302 5297 5298
f 5302 5304 5301
f 5297 5302 5301
f 5223 3512 5263
f 5277 5276 5280
f 5305 5277 5280
f 5306 5305 5280
f 5307 5306 5282
f 5308 5307 5309
f 5309 5307 5281
f 5283 5309 5281
f 5284 5309 5283
f 5285 5310 5284
f 5306 5280 5282
f 5307 5282 5281
f 5310 5309 5284
f 5311 5265 5312
f 5265 5311 5288
f 5265 5288 5313
f 5227 5223 5228
f 5227 3511 3512
f 3486 5227 5229
f 3505 3486 5229
f 5227 3512 5223
f 5314 5277 5305
f 5285 5315 5310
f 5261 5316 5317
f 5261 5317 5318
f 5318 5317 5285
f 5318 5285 5263
f 5314 5288 5277
f 5313 5288 5314
f 5265 5313 3513
f 5316 5313 5314
f 3513 5313 5261
f 5261 5313 5316
f 5314 5305 5306
f 5308 5316 5314
f 5308 5314 5307
f 5307 5314 5306
f 5308 5309 5310
f 5315 5308 5310
f 5316 5308 5315
f 5285 5317 5315
f 5315 5317 5316
f 5318 5262 5261
f 5262 5318 5263
f 5263 3512 3510
f 5209 5208 5274
f 5295 5259 5255
f 5291 5259 5295
f 5257 5299 5255
f 5299 5295 5255
f 5298 5299 5257
f 5319 5320 5303
f 5298 5319 5303
f 5321 5322 5319
f 5298 5321 5319
f 5323 5303 5320
f 5323 5324 5303
f 5325 5324 5323
f 5303 5324 5304
f 5303 5302 5298
f 5298 5257 5321
f 5326 5323 5327
f 5323 5326 5325
f 5323 5320 5327
f 5328 5325 5326
f 5326 5327 5329
f 5330 5331 5332
f 5330 5332 5333
f 5330 5333 3381
f 5332 2896 5333
f 3381 5333 3376
f 3459 5334 5335
f 3458 3459 5335
f 3458 5335 5336
f 2785 2779 3459
f 2779 5334 3459
f 2807 2809 2810
f 2909 2888 2887
f 2798 5337 2888
f 2892 5337 2798
f 2888 5337 2889
f 3668 3559 5338
f 2893 5339 2892
f 2893 3668 5339
f 3668 5338 5339
f 5339 5338 5340
f 2892 5339 5337
f 3668 2893 2894
f 2896 5331 2895
f 2896 5332 5331
f 5331 5330 5341
f 2901 2895 5341
f 2901 5341 3380
f 5341 5330 3380
f 2901 3380 2900
f 3380 3377 2900
f 2909 5342 2798
f 2909 2798 2888
f 5331 5341 2895
f 2916 2913 2912
f 5334 5343 5344
f 5344 2916 2912
f 5334 5344 5335
f 2902 5344 2912
f 5335 5344 2911
f 2911 5344 2902
f 5345 5336 5346
f 5346 2904 2910
f 2911 5336 5335
f 5345 5346 5347
f 5348 2910 2905
f 5346 2911 2904
f 5336 2911 5346
f 5349 5343 5334
f 5343 5349 2916
f 5344 5343 2916
f 2909 2915 5342
f 2915 2793 5342
f 2793 2798 5342
f 2917 2810 2915
f 2915 2804 2803
f 2810 2804 2915
f 2779 2919 2920
f 2779 2920 5334
f 5334 2920 5349
f 5349 2920 2916
f 5347 5346 5348
f 5350 5348 5351
f 5345 5347 5350
f 5347 5348 5350
f 5346 2910 5348
f 5352 5353 5354
f 5354 5353 5355
f 5354 5355 5356
f 5352 5354 5357
f 5358 5359 5360
f 5358 5352 5359
f 5361 5362 5363
f 5363 5364 5353
f 5363 5362 5364
f 5365 5366 5367
f 5359 5352 5357
f 5360 5359 5357
f 5366 5354 5356
f 5365 5354 5366
f 5357 5354 5360
f 5366 5356 5367
f 5356 5368 5367
f 5369 5367 5368
f 5370 5371 5372
f 5372 5373 5370
f 5374 5373 5375
f 5376 5377 5375
f 5378 5379 5380
f 5376 5381 5380
f 5382 5380 5381
f 5380 5382 5378
f 5380 5383 5376
f 5379 5384 5385
f 5379 5385 5380
f 5383 5380 5385
f 5383 5386 5387
f 5376 5383 5377
f 5377 5383 5387
f 5371 5388 5372
f 5388 5389 5390
f 5389 5381 5390
f 5388 5390 5372
f 5372 5390 5373
f 5381 5376 5390
f 5390 5376 5375
f 5373 5390 5375
f 5388 5391 5389
f 5392 5393 5394
f 5393 5395 5396
f 5393 5396 5394
f 5396 5395 5397
f 5398 5399 5400
f 5401 5402 5398
f 5384 5403 5385
f 5403 5401 5385
f 5385 5398 5404
f 5402 5405 5398
f 5401 5403 5406
f 5405 5399 5398
f 5401 5398 5385
f 5398 5400 5404
f 5404 5400 5407
f 5385 5404 5408
f 5387 5386 5409
f 5409 5408 5410
f 5410 5395 5393
f 5410 5393 5392
f 5408 5409 5386
f 5404 5410 5408
f 5411 5387 5392
f 5387 5409 5392
f 5409 5410 5392
f 5410 5404 5395
f 5408 5386 5383
f 5412 5411 5392
f 5385 5408 5383
f 5394 5396 5413
f 5414 5397 5415
f 5396 5397 5413
f 5416 5417 5400
f 5412 5413 5418
f 5418 5413 5414
f 5413 5397 5414
f 5394 5412 5392
f 5412 5394 5413
f 5405 5416 5399
f 5399 5416 5400
f 5348 2905 2959
f 5348 2959 5351
f 5416 2900 5417
f 2900 2897 5417
f 5378 5419 5379
f 5382 5420 5421
f 5422 5423 5421
f 5424 5422 5420
f 5422 5421 5420
f 5389 5424 5420
f 5420 5381 5389
f 5420 5382 5381
f 5424 5389 5391
f 5351 5345 5350
f 5405 5402 5406
f 5425 5426 5427
f 5426 5428 5429
f 5426 5429 5427
f 5425 5427 5430
f 5430 5424 5431
f 5422 5424 5430
f 5432 5423 5422
f 5430 5427 5432
f 5422 5430 5432
f 5429 5365 5432
f 5427 5429 5432
f 5432 5365 5367
f 5367 5369 5432
f 5423 5432 5369
f 5428 5365 5429
f 5365 5428 5354
f 5428 5358 5354
f 5358 5360 5354
f 5063 5062 5433
f 5064 5063 5433
f 5064 5434 5435
f 5060 5081 5061
f 5436 5061 5081
f 5061 5436 5062
f 5062 5436 5437
f 5062 5437 5433
f 5436 5438 5437
f 5436 5081 5439
f 5438 5433 5437
f 5433 5434 5064
f 5440 5436 5439
f 5054 5063 5064
f 5433 5441 5434
f 5442 5443 5441
f 5441 5443 5444
f 5442 5441 5433
f 5438 5442 5433
f 5440 5442 5438
f 5436 5440 5438
f 5440 5443 5442
f 5441 5444 5434
f 5445 5435 5434
f 5434 5444 5445
f 5066 5446 5447
f 5448 5078 5077
f 5435 5449 5069
f 5435 5069 5450
f 5443 5440 5451
f 5444 5443 5452
f 5445 5452 5435
f 5435 5452 5449
f 5453 5446 5066
f 5449 5454 5074
f 5455 5453 5074
f 5072 5456 5073
f 5457 5456 5453
f 5450 5069 5076
f 5077 5066 5447
f 5075 5457 5065
f 5457 5066 5065
f 5440 5439 5451
f 5444 5452 5445
f 5452 5443 5451
f 5452 5451 5449
f 5451 5439 5455
f 5439 5446 5455
f 5455 5454 5451
f 5451 5454 5449
f 5446 5453 5455
f 5455 5074 5454
f 5453 5456 5074
f 5456 5072 5074
f 5456 5075 5073
f 5457 5075 5456
f 5449 5074 5069
f 5457 5453 5066
f 5066 5077 5067
f 5391 5458 5424
f 5459 5121 5460
f 5460 5461 5462
f 5459 5460 5462
f 5461 5463 5464
f 5465 5462 5461
f 5464 5465 5461
f 5464 5466 5465
f 5462 5466 5467
f 5467 5468 5469
f 5466 5462 5465
f 5469 5462 5467
f 5404 5407 5395
f 5407 5400 5470
f 5470 5395 5407
f 5414 5415 5471
f 5415 5472 5471
f 5470 5400 5473
f 5470 3404 5474
f 5475 5476 5472
f 5476 5477 5472
f 5475 5472 5415
f 5475 5478 5476
f 5474 5479 5397
f 5470 5474 5395
f 5474 5397 5395
f 5397 5479 5415
f 5479 5480 5415
f 5480 5481 5475
f 5480 5475 5415
f 5474 5480 5479
f 5474 5481 5480
f 3405 5478 5475
f 5478 5477 5476
f 5478 5482 5477
f 5470 5483 3404
f 3405 5482 5478
f 5474 3404 5481
f 5475 5481 3405
f 5484 5161 5153
f 5484 5485 5161
f 5161 5151 5153
f 5463 5168 5464
f 5168 5161 5485
f 5486 5168 5463
f 5461 5486 5463
f 5168 5486 5169
f 5466 5485 5484
f 5484 5468 5487
f 5466 5484 5487
f 5464 5168 5485
f 5485 5466 5464
f 5467 5487 5468
f 5467 5466 5487
f 3303 3300 5488
f 5489 5488 3306
f 3316 5489 3313
f 5489 3306 3313
f 5488 3300 3306
f 3314 3313 3308
f 5490 5491 5492
f 5493 5490 5489
f 5489 5490 5492
f 5491 3311 3310
f 5489 5492 5488
f 5492 5491 3310
f 5492 3310 3303
f 5488 5492 3303
f 5493 5494 5490
f 5340 5338 5495
f 5340 5495 5494
f 5494 3555 5490
f 5337 5496 2889
f 5339 5340 5337
f 2889 5496 3322
f 5496 5494 5493
f 5496 5493 3316
f 3316 5493 5489
f 3322 3316 3315
f 5337 5340 5496
f 5340 5494 5496
f 3322 5496 3316
f 2889 3322 2896
f 3335 3922 3336
f 3336 5497 5498
f 5498 5497 5499
f 5500 5501 3367
f 5501 5500 3366
f 5500 3367 3366
f 3370 3366 3368
f 5333 2896 3376
f 3380 5330 3381
f 3367 5501 3384
f 3367 3384 3369
f 3384 5501 3379
f 5501 3383 3379
f 3383 5501 3366
f 3383 3366 3385
f 3366 3387 3385
f 3337 3336 5498
f 3337 5498 3398
f 3393 3403 3401
f 5483 5502 3371
f 2899 5502 5503
f 5503 5502 5483
f 3386 5502 2899
f 5502 5504 3371
f 3372 3360 3405
f 3386 5504 5502
f 3372 3358 3360
f 3360 3359 5505
f 3359 3406 5505
f 5400 5417 5473
f 5417 2897 5473
f 2899 5503 5483
f 5473 2899 5483
f 5483 5470 5473
f 2899 5473 2897
f 5504 3370 3371
f 3366 3370 3387
f 3386 3387 5504
f 3370 5504 3387
f 5483 3371 3404
f 3404 3405 5481
f 3405 3360 5505
f 3400 3401 3374
f 5506 3923 3926
f 3924 3923 5506
f 5498 5499 5507
f 5507 5499 5506
f 5498 5507 3417
f 5498 3417 3399
f 5498 3399 3398
f 5497 3924 5506
f 5497 3921 3924
f 3922 5497 3336
f 3922 3921 5497
f 5497 5506 5499
f 3418 3926 3925
f 5506 3926 5507
f 3419 3925 3435
f 3417 5507 3418
f 3418 3925 3419
f 3417 3419 3416
f 5507 3926 3418
f 3416 3432 3402
f 3432 3416 3423
f 3425 3424 3433
f 5508 3403 3432
f 5508 3423 5486
f 3432 3423 5508
f 5486 3425 5197
f 5486 3423 3425
f 5197 5169 5486
f 3434 5167 5197
f 3425 3434 5197
f 5477 5509 5472
f 5486 5461 5510
f 3401 3403 5508
f 5461 5460 5511
f 5512 5513 5514
f 5513 5477 5482
f 3374 5515 3437
f 5515 5508 3437
f 5516 5508 5486
f 3405 5505 3406
f 3406 3437 3405
f 3437 5482 3405
f 3401 5515 3374
f 5515 3401 5508
f 5513 5508 5516
f 5516 5486 5510
f 5513 3437 5508
f 5516 5510 5514
f 5482 3437 5513
f 5516 5514 5513
f 5517 5518 5519
f 5520 5521 5518
f 5522 5518 5517
f 5523 5520 5518
f 5461 5511 5510
f 5510 5511 5522
f 5514 5517 5512
f 5512 5517 5524
f 5510 5522 5514
f 5522 5523 5518
f 5511 5523 5522
f 5511 5199 5523
f 5525 5355 5353
f 5525 5353 5364
f 5526 5527 5528
f 5527 5529 5528
f 5528 5529 5530
f 5530 5531 5528
f 5528 5531 5532
f 5378 5532 5533
f 5533 5419 5378
f 5532 5531 5533
f 5529 5534 5530
f 5530 5534 5531
f 3444 3441 3445
f 3444 3445 3455
f 3445 3448 3470
f 3462 3456 3463
f 5535 3462 3463
f 3460 3458 5336
f 5536 3461 3462
f 5356 5355 5368
f 5534 5537 3464
f 5534 3464 5531
f 3455 3470 5538
f 5538 3468 5537
f 5539 3455 5538
f 3470 3469 5538
f 5537 3468 5540
f 5538 3469 3468
f 5537 5541 3464
f 5535 5541 5537
f 5535 3463 5541
f 5541 3463 3464
f 5540 5536 3462
f 5540 5535 5537
f 5540 3462 5535
f 3468 3466 5536
f 5536 3466 3461
f 3468 5536 5540
f 3455 3445 3470
f 3460 5542 3464
f 5543 5403 5384
f 5544 5543 5384
f 5542 5545 2959
f 5406 2959 5416
f 5545 5351 2959
f 2959 2900 5416
f 5533 5531 5544
f 5546 5384 5379
f 5546 5544 5384
f 5379 5419 5546
f 5533 5546 5419
f 5533 5544 5546
f 5542 5336 5545
f 5545 5336 5345
f 5544 5406 5543
f 5406 5402 5401
f 5543 5406 5403
f 3460 5336 5542
f 5545 5345 5351
f 5531 3464 5544
f 5544 5542 2959
f 3464 5542 5544
f 5544 2959 5406
f 5289 5527 5274
f 5529 5547 5534
f 5527 5548 5549
f 5527 5549 5547
f 5209 5527 5526
f 5274 5527 5209
f 5240 5550 5289
f 5244 5551 5552
f 5553 5554 5555
f 5552 5553 5556
f 5244 5552 5556
f 5556 5553 5555
f 5557 5558 5559
f 5554 5558 5557
f 5557 5555 5554
f 5559 5560 5561
f 5562 5553 5552
f 5552 5563 5562
f 5562 5554 5553
f 5551 5563 5552
f 5559 5558 5560
f 5549 5564 5547
f 5547 5564 5534
f 5548 5565 5549
f 5549 5565 5566
f 5549 5566 5564
f 5567 5537 5568
f 5565 5567 5566
f 5566 5568 5564
f 5567 5568 5566
f 5568 5537 5534
f 5568 5534 5564
f 5240 5569 5550
f 5550 5569 5548
f 5570 5571 5572
f 5570 5572 5573
f 5569 5565 5548
f 5573 5572 5574
f 5555 5557 5575
f 5556 5555 5575
f 5575 5571 5556
f 5571 5576 5577
f 5570 5556 5571
f 5248 5244 5556
f 5571 5577 5572
f 5574 5565 5573
f 5575 5561 5571
f 5561 5560 5578
f 5571 5578 5576
f 5579 5577 5576
f 5577 5579 5580
f 5574 5577 5580
f 5581 5538 5537
f 5565 5581 5567
f 5581 5537 5567
f 5575 5557 5559
f 5575 5559 5561
f 5561 5578 5571
f 5578 5582 5583
f 5578 5583 5576
f 5583 5584 5576
f 5576 5584 5579
f 5572 5577 5574
f 5579 5581 5580
f 5580 5581 5565
f 5574 5580 5565
f 5527 5550 5548
f 5560 5585 5578
f 5578 5585 5582
f 5585 5584 5582
f 5584 5539 5538
f 5579 5538 5581
f 5583 5582 5584
f 5585 5539 5584
f 5584 5538 5579
f 5586 5587 5588
f 5586 5588 5589
f 5590 5591 5587
f 5289 5550 5527
f 5554 5592 5558
f 5593 5594 5595
f 5594 5596 5592
f 5587 5597 5588
f 5598 5599 5600
f 5600 5599 5601
f 5554 5598 5600
f 5601 5595 5592
f 5595 5594 5592
f 5601 5592 5554
f 5599 5602 5603
f 5598 5602 5599
f 5599 5595 5601
f 5600 5601 5554
f 5603 5602 5604
f 5604 5602 5562
f 5604 5589 5588
f 5563 5589 5562
f 5562 5598 5554
f 5605 5588 5597
f 5605 5606 5588
f 5603 5588 5606
f 5603 5604 5588
f 5602 5598 5562
f 5589 5604 5562
f 5551 5589 5563
f 5607 5256 5260
f 5260 5608 5607
f 5609 5607 5593
f 5593 5596 5594
f 5607 5608 5593
f 5609 5593 5595
f 5254 5256 5607
f 5254 5607 5609
f 5610 5603 5611
f 5610 5599 5603
f 5597 5611 5606
f 5610 5595 5599
f 5611 5603 5606
f 5258 5254 5609
f 5597 5606 5605
f 5258 5610 5612
f 5612 5610 5611
f 5610 5258 5595
f 5258 5609 5595
f 5597 5613 5614
f 5587 5591 5613
f 5587 5613 5597
f 3514 5615 5596
f 5592 5596 5615
f 3514 3455 5615
f 5615 3455 5585
f 5592 5615 5585
f 5592 5585 5558
f 5558 5585 5560
f 5585 3455 5539
f 5593 5608 3514
f 5593 3514 5596
f 5273 5240 5289
f 5616 5290 5293
f 5289 5274 5272
f 5260 5616 5608
f 5608 5616 3514
f 5616 5264 3514
f 5290 5260 5259
f 5290 5616 5260
f 5406 5416 5405
f 5617 5618 5619
f 5620 5617 5619
f 5322 5621 5617
f 5617 5621 5618
f 5618 5614 5619
f 5619 5614 5613
f 5591 5622 5613
f 5613 5623 5619
f 5620 5619 5623
f 5622 5623 5613
f 5612 5321 5258
f 5321 5257 5258
f 5611 5614 5618
f 5597 5614 5611
f 5321 5612 5322
f 5618 5621 5611
f 5322 5612 5621
f 5621 5612 5611
f 5327 5320 5319
f 5624 5625 5319
f 4366 5624 5626
f 5319 5626 5624
f 5626 5319 5322
f 5626 5617 5620
f 5626 5322 5617
f 4366 5626 5620
f 2439 2451 2593
f 2498 2496 2499
f 2497 2498 5627
f 2458 2504 2459
f 2504 2497 5627
f 2501 2510 2499
f 2439 2593 2629
f 2441 2439 2626
f 2626 2439 2627
f 3633 5628 3725
f 5627 5628 3631
f 3631 5628 3633
f 5627 2498 5628
f 2594 5627 3631
f 2594 2459 5627
f 2459 2504 5627
f 5629 5630 5631
f 5631 5630 5632
f 5633 5634 5635
f 3691 3690 3684
f 3684 3690 5634
f 5634 5629 5631
f 5636 5637 5638
f 5636 5638 5629
f 5629 5638 5630
f 5639 5636 5634
f 5634 5636 5629
f 5631 5640 5635
f 5631 5632 5640
f 5634 5631 5635
f 3684 5634 3685
f 3859 3685 5634
f 5634 5641 5639
f 3690 5641 5634
f 3697 5641 3690
f 5639 5642 5637
f 3703 5641 3697
f 3703 3710 5641
f 5630 5643 3100
f 5638 3102 5643
f 5643 3102 3101
f 5637 5644 5638
f 5639 5637 5636
f 3102 5638 5644
f 5643 5630 5638
f 3862 3860 5633
f 3875 3862 5645
f 5645 3881 3878
f 3724 3881 5645
f 3724 3884 3881
f 3001 3005 5646
f 2999 3000 3001
f 3221 3216 2999
f 3216 2997 2999
f 5647 5648 5649
f 5650 5647 5649
f 5650 5633 5647
f 5651 5650 5649
f 5645 5650 5651
f 5645 5651 5652
f 5645 5633 5650
f 3862 5633 5645
f 3100 5632 5630
f 5632 5653 5640
f 5654 5640 5653
f 5640 5654 5635
f 5653 3193 5654
f 5655 5647 5635
f 5654 5655 5635
f 5633 5635 5647
f 3685 3859 3687
f 3859 5634 5633
f 5647 5655 5648
f 3859 5633 3860
f 5656 5645 5652
f 5652 5657 5656
f 5658 5645 5656
f 5657 5659 5656
f 5659 3162 5656
f 5658 5656 3162
f 5658 5646 5645
f 5659 3158 3162
f 5646 5658 5660
f 5660 5658 3162
f 5646 3724 5645
f 5646 3709 3724
f 3100 3050 3104
f 3104 3193 5653
f 3101 3100 5643
f 5632 3104 5653
f 3193 3104 3103
f 3100 3104 5632
f 3005 3721 5646
f 3721 3709 5646
f 2498 2499 5628
f 5628 2499 5661
f 5628 5661 5662
f 5628 5662 3725
f 5663 5664 5644
f 5637 5663 5644
f 5664 3102 5644
f 5642 5663 5637
f 3149 3055 5664
f 3055 3102 5664
f 5662 5641 3725
f 3725 5641 3726
f 3710 3726 5641
f 5665 5666 3151
f 5665 3151 3149
f 5642 5667 5663
f 5663 5665 3149
f 5667 5665 5663
f 5663 3149 5664
f 5639 5641 5642
f 5668 3153 3154
f 5669 5667 5662
f 5669 5668 5667
f 5668 5666 5667
f 5662 5667 5641
f 5668 3154 5666
f 5666 3154 3150
f 5666 3150 3151
f 5642 5641 5667
f 5666 5665 5667
f 5662 5661 5669
f 5661 2510 5668
f 2510 5661 2499
f 2510 2509 3153
f 2510 3153 5668
f 5661 5668 5669
f 3156 3158 5659
f 3165 5660 3161
f 3184 5660 3165
f 3161 5660 3162
f 3184 5646 5660
f 3001 5646 3182
f 3182 3107 3001
f 5646 3184 3182
f 3202 3185 5670
f 3202 5670 5648
f 5649 5648 5670
f 5670 5671 5649
f 5670 3187 5671
f 5649 5671 5651
f 5651 5671 5652
f 5670 3185 3187
f 5654 3195 5648
f 5655 5654 5648
f 5654 3193 3195
f 3195 3201 5648
f 3186 3188 3187
f 5671 3187 5672
f 3188 5672 3187
f 5672 3191 5671
f 3188 3191 5672
f 3188 3189 3191
f 3191 5657 5652
f 5671 3191 5652
f 3191 3190 5657
f 3192 3156 3190
f 3190 3156 5659
f 3190 5659 5657
f 3201 3202 5648
f 3195 3196 3201
f 3628 3217 2626
f 3628 2626 2775
f 3878 3875 5645
f 3884 3724 3708
f 5673 5674 5675
f 5674 5676 5677
f 5678 5679 5673
f 5679 5680 5673
f 5673 5680 5674
f 5674 5680 5676
f 5680 5681 5676
f 5677 5676 5682
f 5678 5683 5679
f 5684 5685 5686
f 5685 5687 5686
f 5687 5685 5688
f 5689 5686 5690
f 5691 5692 5684
f 5691 5684 5686
f 5689 5691 5686
f 5691 5689 5693
f 5689 5690 5693
f 5694 5695 5696
f 5697 5698 5696
f 5696 5698 5699
f 5700 5685 5684
f 5696 5699 5694
f 5699 5701 5700
f 5699 5700 5694
f 5702 5695 5694
f 5702 5694 5692
f 5700 5692 5694
f 5702 5692 5703
f 5692 5691 5703
f 5692 5700 5684
f 5690 5686 5704
f 5686 5687 5704
f 5700 5688 5685
f 5677 5682 5688
f 5705 5706 5707
f 5698 5705 5699
f 5707 5708 5701
f 5708 5709 5688
f 5709 5677 5688
f 5700 5708 5688
f 5706 5675 5707
f 5675 5674 5709
f 5675 5709 5707
f 5697 5675 5706
f 5697 5706 5698
f 5706 5705 5698
f 5707 5709 5708
f 5705 5701 5699
f 5705 5707 5701
f 5709 5674 5677
f 5708 5700 5701
f 5688 5682 5710
f 5711 5712 5683
f 113 5713 5711
f 114 5713 113
f 111 1392 114
f 194 210 203
f 5714 5715 5716
f 5717 5715 5714
f 5714 5716 5718
f 5716 3516 5718
f 5719 5717 5720
f 5717 5714 5721
f 5721 5714 5718
f 5720 5717 5722
f 5723 3516 3518
f 5718 3516 5723
f 5721 5718 5723
f 5724 5720 5725
f 5726 5724 5727
f 5724 5725 5727
f 5727 5725 5728
f 5729 5727 5730
f 5731 5729 5730
f 5732 5726 5727
f 5729 5732 5727
f 5732 5729 5726
f 5726 5729 5731
f 5733 5722 5734
f 5733 5734 5735
f 5736 5731 5737
f 5728 5738 5739
f 5727 5728 5739
f 5717 5721 5722
f 5722 5721 5734
f 5720 5722 5733
f 5725 5720 5728
f 5728 5720 5733
f 5733 5738 5728
f 5733 5735 5738
f 5738 5735 5740
f 5727 5739 5730
f 5723 5734 5721
f 3519 5734 5723
f 5735 5734 5741
f 5741 3519 3539
f 5723 3518 3519
f 5741 5734 3519
f 5735 5741 5740
f 5740 5741 3539
f 3545 5740 3539
f 3539 3519 3522
f 5742 5743 5744
f 5739 5745 5746
f 5747 5746 5745
f 5748 5746 3542
f 5748 3542 5749
f 5731 5730 5750
f 5750 5730 5739
f 5745 5739 5738
f 5738 5740 5745
f 5740 3545 5745
f 3542 3540 447
f 447 3540 437
f 3542 447 442
f 447 441 442
f 5749 3542 442
f 5749 442 452
f 3542 3544 3541
f 5747 5745 3542
f 5745 3545 3544
f 3542 5745 3544
f 5746 5747 3542
f 5682 5676 5751
f 5681 5751 5676
f 5687 5688 5704
f 5690 5704 5752
f 5704 5753 5754
f 5704 5755 5753
f 5756 5704 5754
f 5752 5704 5756
f 5751 5681 5757
f 5757 5758 5751
f 5751 5759 5682
f 5710 5759 5760
f 5761 5710 5760
f 5682 5759 5710
f 5704 5688 5762
f 5704 5762 5755
f 5762 5761 5755
f 5688 5710 5762
f 5762 5710 5761
f 5763 5764 5765
f 5766 5736 5737
f 5726 5767 5724
f 5768 5767 5726
f 5769 5768 5736
f 5768 5726 5736
f 5726 5731 5736
f 5770 456 4608
f 5771 4609 4610
f 5772 5771 5773
f 5772 5773 5774
f 5775 5776 5777
f 5778 5779 5776
f 5777 5780 5781
f 5776 5782 5777
f 5782 5783 5777
f 5777 5783 5784
f 5782 5776 5785
f 5780 5768 5781
f 5781 5768 5769
f 5786 5779 5778
f 5787 5785 5776
f 5787 5776 5779
f 5788 5774 5773
f 5789 5790 5763
f 5790 5764 5763
f 5791 1171 5792
f 5792 1171 1177
f 5793 5770 5794
f 460 5770 5793
f 5791 5792 5795
f 5792 5794 5795
f 5794 5771 5795
f 5772 5795 5771
f 460 456 5770
f 5761 5796 5756
f 5755 5761 5756
f 5796 5761 5797
f 5753 5755 5756
f 5752 5756 5798
f 5797 5799 5800
f 5756 5796 5798
f 5754 5753 5756
f 5005 5800 4920
f 5800 4907 4920
f 5797 5800 5005
f 5800 5799 4907
f 5796 5797 5005
f 5005 5801 5796
f 5796 5801 5798
f 5799 5802 4907
f 4910 4908 5803
f 5804 1169 5802
f 5802 1169 5803
f 1169 5791 5803
f 1169 1171 5791
f 5802 5803 4907
f 4907 5803 4908
f 4910 5803 5805
f 5803 5791 5805
f 5806 5772 5774
f 5795 5772 5806
f 5791 5795 5805
f 4919 4909 4911
f 4914 4911 4910
f 4971 4914 4974
f 4971 4912 4914
f 5807 4974 4914
f 5807 5808 5790
f 5807 5790 5789
f 4919 4911 4913
f 4913 4911 4914
f 4914 4910 5808
f 4914 5808 5807
f 5789 4974 5807
f 5805 5808 4910
f 5805 5806 5808
f 5795 5806 5805
f 5808 5806 5788
f 5806 5774 5788
f 5808 5788 5809
f 5790 5809 5764
f 5808 5809 5790
f 5759 5751 5810
f 5810 5751 5811
f 5751 5812 5811
f 5758 5812 5751
f 5759 5810 5760
f 5760 5797 5761
f 5810 5797 5760
f 5810 5799 5797
f 5804 5802 5799
f 5813 457 459
f 1177 5813 5792
f 1177 457 5813
f 1170 1177 1171
f 5813 459 5793
f 456 455 697
f 5814 5815 5816
f 5817 5816 5815
f 5815 5814 5818
f 5819 5820 5821
f 5821 5820 5822
f 5815 5820 5817
f 5822 5820 5823
f 5822 5823 5824
f 4023 5822 4024
f 5820 5815 5823
f 4024 5822 5824
f 5823 5815 5825
f 5823 5825 5824
f 5815 5818 5825
f 4030 5826 5821
f 5826 5819 5821
f 5822 4038 5821
f 4038 5822 4023
f 4021 4041 4030
f 4038 4030 5821
f 5819 5827 5828
f 4041 5826 4030
f 5784 5829 5777
f 5830 5831 5767
f 5829 5780 5777
f 5829 5832 5830
f 5744 5833 5830
f 5830 5833 5831
f 5829 5830 5767
f 5767 5768 5829
f 5780 5829 5768
f 460 454 456
f 5766 5769 5736
f 5814 5816 5786
f 5816 5779 5786
f 5814 5786 5834
f 5834 5818 5814
f 5778 5776 5775
f 5781 5775 5777
f 5778 5775 5835
f 5775 5836 5835
f 5775 5837 5836
f 5775 5781 5837
f 5834 5778 5835
f 5818 5834 5838
f 5786 5778 5834
f 5839 5816 5817
f 5819 5840 5817
f 5840 5839 5817
f 5840 5819 5841
f 5840 5842 5839
f 5789 5763 5843
f 5844 5003 5845
f 5763 5765 5846
f 5845 5003 5843
f 5844 5845 5847
f 5845 5843 5847
f 5847 5843 5846
f 5843 5763 5846
f 5846 5848 5847
f 5849 5850 5846
f 5828 5841 5819
f 5842 5850 5839
f 5850 5787 5839
f 5850 5848 5846
f 5850 5849 5785
f 5765 5851 5846
f 5851 5785 5846
f 5846 5785 5849
f 5839 5787 5779
f 5850 5785 5787
f 5839 5779 5816
f 5819 5817 5820
f 5771 5794 5770
f 5770 4609 5771
f 5793 459 460
f 5813 5794 5792
f 5813 5793 5794
f 3794 5852 5853
f 4689 4604 5854
f 4604 4689 858
f 5855 5854 4604
f 5856 873 4689
f 5857 4689 5858
f 5858 5859 5857
f 5856 4689 5857
f 5860 5856 5857
f 5858 4689 5859
f 5859 5854 5861
f 5859 4689 5854
f 5862 5860 3574
f 3574 5860 5863
f 5864 3574 5863
f 3570 3794 5853
f 3571 3570 5853
f 3568 3571 5865
f 5853 5866 5865
f 3568 5865 3572
f 5856 5865 5867
f 3572 5865 5862
f 5853 5865 3571
f 5862 5865 5856
f 5862 5856 5860
f 210 3573 3574
f 3572 5862 3574
f 215 3574 5864
f 210 3574 215
f 215 5864 729
f 210 215 203
f 5864 5859 730
f 731 730 5861
f 729 5864 730
f 734 731 5861
f 5863 5860 5857
f 5863 5857 5859
f 5864 5863 5859
f 730 5859 5861
f 734 5868 739
f 5861 5854 5855
f 5861 5869 734
f 734 5869 5868
f 5868 4603 741
f 739 5868 741
f 5861 5855 5869
f 5855 4604 4606
f 5868 5855 4606
f 5869 5855 5868
f 5868 4606 4603
f 741 4603 4720
f 5764 5870 5851
f 5851 5765 5764
f 5851 5870 5871
f 5785 5871 5782
f 5872 5871 5873
f 5783 5782 5872
f 5785 5851 5871
f 5872 5782 5871
f 5870 5873 5871
f 456 697 4608
f 4609 5770 4608
f 5773 4610 5874
f 5773 5771 4610
f 4610 4609 4607
f 4610 4611 5874
f 5783 5875 5784
f 5872 5873 5783
f 5873 5876 5783
f 5876 5875 5783
f 5873 5877 5876
f 5788 5773 5809
f 5773 5874 5809
f 5878 5874 4611
f 5879 5878 5880
f 5764 5809 5874
f 5764 5874 5879
f 5764 5879 5870
f 5879 5874 5878
f 5870 5879 5881
f 5881 5879 5880
f 5870 5881 5873
f 5881 5880 5877
f 5881 5877 5873
f 882 831 825
f 4649 830 831
f 768 825 800
f 5784 5875 5829
f 5832 5882 5883
f 5883 5830 5832
f 5830 5883 5744
f 5875 5832 5829
f 5882 5744 5883
f 5884 5885 5742
f 5884 5886 5885
f 5887 5884 5742
f 5884 5888 5886
f 5888 5889 5886
f 5852 5889 5888
f 5884 5887 5866
f 5882 5742 5744
f 5882 5887 5742
f 5877 5890 5876
f 5876 5891 5875
f 5876 5890 5892
f 5891 5892 5882
f 5882 5892 5887
f 5892 5891 5876
f 5891 5832 5875
f 5891 5882 5832
f 5892 5893 5887
f 5892 5890 5893
f 4611 4655 5894
f 5878 4611 5894
f 5878 5894 5880
f 5895 5896 5897
f 4655 4656 5894
f 5894 5896 5895
f 4656 5896 5894
f 5880 5894 5895
f 5877 5895 5890
f 5880 5895 5877
f 5897 5890 5895
f 5896 4657 4647
f 4647 5898 5896
f 4656 4657 5896
f 5852 5888 5853
f 5888 5884 5866
f 5899 868 870
f 5899 4651 872
f 5899 872 868
f 5899 5898 4651
f 5867 873 5856
f 873 853 4689
f 4689 853 856
f 5900 5899 870
f 5900 870 874
f 874 873 5867
f 881 831 882
f 876 881 879
f 4651 876 872
f 876 4651 881
f 872 876 875
f 5893 5900 5866
f 5887 5893 5866
f 5853 5888 5866
f 5866 5900 874
f 5866 874 5867
f 5866 5867 5865
f 5901 5893 5890
f 5897 5896 5898
f 5890 5897 5901
f 5897 5902 5901
f 5901 5900 5893
f 5902 5899 5901
f 5900 5901 5899
f 5897 5898 5902
f 5902 5898 5899
f 5898 4647 4651
f 4651 831 881
f 4651 4649 831
f 4702 4875 886
f 5903 4879 888
f 740 4721 5903
f 888 4702 887
f 4702 886 887
f 890 5903 888
f 890 888 889
f 890 740 5903
f 5903 4721 4879
f 4721 4722 4879
f 741 4721 740
f 4074 4819 4818
f 4077 4076 4078
f 5904 5905 4078
f 4079 4078 4082
f 5824 5904 4078
f 5818 5838 5904
f 5904 5838 5905
f 4078 5906 4082
f 4076 5824 4078
f 4076 4024 5824
f 5825 5904 5824
f 5825 5818 5904
f 5907 5837 5908
f 5908 5769 5766
f 5737 5909 5910
f 5837 5769 5908
f 5837 5907 5911
f 5907 5908 5766
f 5766 5910 5907
f 5737 5750 5909
f 5835 5836 5911
f 5910 5909 5912
f 5912 5909 5913
f 5835 5911 5914
f 5914 5911 5915
f 5836 5837 5911
f 5915 5911 5916
f 5911 5907 5916
f 5916 5907 4871
f 5907 5912 4871
f 4873 5916 4871
f 4073 5917 4819
f 4820 5917 4873
f 5918 5917 4073
f 5919 4873 5917
f 5912 5920 5921
f 4872 5922 4875
f 5922 4872 5921
f 5922 5921 5923
f 5923 5921 1028
f 893 5922 5923
f 5922 893 886
f 4871 5912 4872
f 5912 5913 5920
f 4872 5912 5921
f 5921 5920 1028
f 4875 5922 886
f 4819 5917 4820
f 5919 5916 4873
f 5924 5915 5919
f 5924 5919 5918
f 5918 5919 5917
f 5919 5915 5916
f 5766 5737 5910
f 5907 5910 5912
f 4872 4876 4701
f 4872 4701 4874
f 5905 5838 5914
f 5906 5905 5914
f 5906 5914 5915
f 5905 5906 4078
f 5838 5834 5835
f 5838 5835 5914
f 5837 5781 5769
f 5906 5918 4082
f 5906 5915 5918
f 5918 5915 5924
f 4073 4082 5918
f 4074 4073 4819
f 4082 4073 4060
f 5750 5739 5746
f 5731 5750 5737
f 5750 5746 5909
f 5748 5909 5746
f 5920 5913 1027
f 5909 5748 5913
f 5748 1027 5913
f 1027 5748 5749
f 5749 452 1027
f 1028 5920 1026
f 5923 1028 893
f 5920 1027 1026
f 1028 1026 453
f 4993 5789 5843
f 5003 4993 5843
f 4993 4974 5789
f 5703 5691 5925
f 5926 5693 5690
f 5926 5925 5691
f 5691 5693 5926
f 5690 5752 5927
f 5928 5926 5690
f 5690 5927 5928
f 5927 5752 5798
f 5004 5927 5798
f 5004 5798 5801
f 5005 5004 5801
f 5004 4928 5206
f 5828 5827 5509
f 5826 4041 5929
f 5929 5930 5827
f 4041 4040 5929
f 4084 5931 4040
f 4040 5931 5929
f 4084 5414 5931
f 5414 5471 5931
f 5931 5930 5929
f 5931 5471 5930
f 5826 5827 5819
f 5929 5827 5826
f 5757 5932 5758
f 5933 5934 5932
f 5935 1248 5933
f 5683 5935 5679
f 5680 5933 5681
f 5681 5933 5932
f 5681 5932 5757
f 5683 5712 5935
f 5679 5933 5680
f 5679 5935 5933
f 5936 1170 5811
f 1170 1169 5804
f 1170 5804 5811
f 5811 5799 5810
f 5937 5936 5812
f 5812 5936 5811
f 5799 5811 5804
f 1175 1170 1228
f 5938 1170 5936
f 1228 1170 5938
f 5932 5939 5758
f 1248 5940 5934
f 5940 5941 5934
f 1247 5940 1245
f 1247 5942 5940
f 1248 1245 5940
f 5940 5942 5941
f 1248 5934 5933
f 5934 5939 5932
f 5934 5941 5939
f 1287 1278 5942
f 5942 1278 1291
f 5943 5942 1291
f 5941 5942 5943
f 5941 5943 5944
f 5941 5944 5939
f 5945 5936 5937
f 5945 5938 5936
f 5943 1226 5945
f 1226 1228 5945
f 5945 1228 5938
f 5937 5944 5943
f 5937 5943 5945
f 1291 1226 5943
f 5713 1392 1391
f 5713 1391 5712
f 5712 1391 1248
f 5712 1248 5935
f 1246 1248 1391
f 5711 5713 5712
f 114 1392 5713
f 5758 5939 5812
f 5939 5937 5812
f 5939 5944 5937
f 5946 5925 5947
f 5946 5703 5925
f 5697 5696 5695
f 5695 5946 5361
f 5695 5702 5946
f 5361 5946 5948
f 5702 5703 5946
f 5361 5948 5362
f 5949 5950 5951
f 5952 5950 5953
f 5951 4039 4018
f 4018 4039 4019
f 5949 5951 4018
f 5377 5954 5375
f 5377 5387 5954
f 5955 5374 5375
f 5411 5956 5954
f 5955 5375 5957
f 5375 5954 5957
f 5952 5958 5950
f 5954 5956 5957
f 5957 5956 5959
f 5960 5959 5952
f 5959 5956 5961
f 5959 5958 5952
f 5961 5958 5959
f 5958 5962 5950
f 5958 4084 5962
f 5957 5959 5960
f 5961 4084 5958
f 4084 4042 5962
f 5962 5951 5950
f 5962 4042 5951
f 4042 4039 5951
f 5954 5387 5411
f 5411 5412 5956
f 5412 5418 5956
f 5956 5418 5961
f 5414 5961 5418
f 5961 5414 4084
f 5963 5964 5715
f 5965 5966 5963
f 5717 5965 5715
f 5719 5965 5717
f 5963 5967 5964
f 5715 5964 5716
f 5965 5963 5715
f 5964 3795 5716
f 5716 3795 3516
f 5724 5719 5720
f 5964 5967 3800
f 3798 5964 3800
f 5964 3798 3795
f 5968 5969 5970
f 5969 5971 5970
f 5972 5973 5974
f 5974 5973 5975
f 5970 5971 5973
f 5976 5970 5973
f 5973 5971 5975
f 5977 5975 5978
f 5971 5979 5975
f 5979 5978 5975
f 5971 5969 5979
f 5978 5980 5981
f 5978 5979 5982
f 5969 5982 5979
f 5982 5980 5978
f 5977 5978 5981
f 5972 5974 5983
f 5983 5974 5984
f 5983 5984 5985
f 5975 5977 5974
f 5974 5977 5984
f 5969 3847 5982
f 5044 5980 5042
f 5977 5981 5986
f 5986 5981 5044
f 5981 5980 5044
f 5985 5984 5987
f 5977 5986 5988
f 5988 5986 5044
f 5989 5988 5990
f 5985 5987 5991
f 5984 5977 5987
f 5991 5989 3819
f 5991 5987 5989
f 5977 5989 5987
f 5992 3819 5989
f 5977 5988 5989
f 5993 5992 5989
f 5994 5992 5993
f 5990 5993 5989
f 5988 5044 5990
f 5990 5995 5993
f 5965 5996 5966
f 5996 5965 5719
f 5966 5967 5963
f 5997 5998 5985
f 5997 5985 5999
f 5999 5991 5996
f 5997 5999 6000
f 6000 5999 5996
f 5831 5997 6000
f 6001 5998 6002
f 5983 5985 5998
f 5744 6002 5833
f 5997 6002 5998
f 6002 5997 5833
f 5999 5985 5991
f 5833 5997 5831
f 5996 5719 6000
f 6000 5719 5724
f 5831 6000 5724
f 5767 5831 5724
f 6003 5976 6004
f 6005 6006 6003
f 6003 6006 5976
f 6006 5970 5976
f 5968 5970 6006
f 3840 6006 6005
f 5976 5972 6004
f 6004 5972 6001
f 5976 5973 5972
f 3840 5968 6006
f 3839 5968 3840
f 6007 3840 6005
f 3840 6007 3838
f 5743 6002 5744
f 6001 5983 5998
f 5885 5743 5742
f 6004 6001 6002
f 6004 6002 5743
f 5885 6004 5743
f 5885 5886 6003
f 6005 6003 5886
f 6003 6004 5885
f 6005 5886 5889
f 5889 6007 6005
f 5852 6007 5889
f 3794 6007 5852
f 6001 5972 5983
f 3817 3800 5967
f 5996 5991 5966
f 3817 5967 5966
f 5991 3817 5966
f 3819 3817 5991
f 5080 5003 5844
f 3839 3842 5968
f 5968 3842 5969
f 3838 6007 3794
f 5969 3842 3847
f 5980 5982 6008
f 5982 3847 3853
f 3853 6008 5982
f 6009 6010 6011
f 1450 6012 6013
f 1449 1450 5085
f 1449 5085 6014
f 6015 6010 6012
f 6012 6010 6013
f 5085 6013 5087
f 6013 6010 5087
f 5087 6010 6009
f 1450 6013 5085
f 6012 1499 6015
f 1450 1454 6012
f 6012 1454 1499
f 5086 6009 6016
f 6009 6011 6016
f 6008 3853 1447
f 1449 6008 1447
f 3853 3847 3846
f 6017 1449 6018
f 1449 6014 6018
f 1450 1448 1454
f 6019 6008 1449
f 6016 6011 6020
f 6015 1491 1492
f 6011 1493 6020
f 1493 6011 1492
f 6020 1493 1487
f 1493 1460 1487
f 6015 1492 6011
f 1493 1482 1460
f 1435 6020 1500
f 6020 1487 1500
f 1500 1487 1489
f 6015 6011 6010
f 1498 1491 6015
f 1499 1498 6015
f 6020 1435 6016
f 1435 1500 1436
f 1560 1564 1563
f 1560 1565 1564
f 1565 1560 4114
f 1629 1565 4114
f 4122 4221 4121
f 4221 6021 4121
f 4121 6021 4026
f 4223 6022 4225
f 6022 6023 4225
f 4226 4225 6023
f 4234 6022 4223
f 4221 4226 6024
f 6025 5370 5374
f 6022 6026 6023
f 6027 6023 6026
f 6025 5374 6026
f 6022 6025 6026
f 5374 5955 6026
f 6027 6026 6028
f 4226 6023 6027
f 6027 6024 4226
f 5957 6026 5955
f 5957 5960 6029
f 5957 6029 6026
f 6026 6029 6028
f 6027 6028 6024
f 6029 5960 5952
f 6029 5952 6028
f 6030 6031 6024
f 6024 6028 5953
f 6030 6024 5953
f 6028 5952 5953
f 5950 6031 6030
f 6030 5953 5950
f 5950 5949 6031
f 4018 6031 5949
f 4026 6021 4029
f 6031 4221 6024
f 6031 6021 4221
f 6021 6031 4018
f 4029 6021 4018
f 4018 4020 4029
f 5373 5374 5370
f 6032 5371 5370
f 6032 5370 6033
f 6033 5370 6025
f 6025 4233 6033
f 6034 5371 6035
f 6034 5388 5371
f 6035 5371 6032
f 6025 4234 4233
f 6025 6022 4234
f 6036 6037 6034
f 6037 5388 6034
f 1523 1562 1528
f 1620 1614 1616
f 1562 1620 1528
f 1620 1616 1528
f 1528 1616 1573
f 1573 1616 1593
f 1573 1593 1575
f 6038 6039 6036
f 6037 5391 5388
f 4221 4122 4222
f 4228 6040 6041
f 4228 6041 4229
f 6041 6036 6035
f 6036 6034 6035
f 4229 6032 4233
f 4233 6032 6042
f 6032 6033 6042
f 4229 4233 4230
f 6033 4233 6042
f 6041 6035 6032
f 6041 6032 4229
f 1575 6043 1574
f 379 6043 1663
f 1575 6044 6043
f 6044 6045 6043
f 6043 6045 1663
f 6043 379 1574
f 1039 379 1663
f 1663 6045 6044
f 6044 1575 1665
f 1663 6044 1665
f 5458 5391 6037
f 6039 6046 6036
f 6046 5458 6036
f 6036 5458 6037
f 6046 5431 5458
f 5424 5458 5431
f 5472 5509 5471
f 5930 5471 5827
f 5842 5840 5841
f 5524 5841 5509
f 5509 5841 5828
f 5524 5842 5841
f 1247 1287 5942
f 1247 1390 1287
f 1755 2143 1754
f 1288 1387 1755
f 1390 1387 1288
f 1287 1390 1288
f 5675 5678 5673
f 6047 6048 5678
f 6047 5678 5675
f 6049 6050 6051
f 6047 6051 6048
f 6050 6048 6051
f 6050 6052 6053
f 6048 6050 6053
f 6048 6053 5683
f 6048 5683 5678
f 5948 5946 5947
f 6054 5925 5926
f 5947 5925 6054
f 6054 5926 5928
f 6055 5697 5695
f 6056 5363 6057
f 6058 5695 6056
f 6047 5675 5697
f 6059 5697 6055
f 5695 6058 6055
f 6060 6050 6061
f 6060 6061 6062
f 6060 6063 6050
f 5355 6064 5368
f 5363 6056 5361
f 6056 5695 5361
f 6057 5363 5353
f 6059 6047 5697
f 6061 6049 6065
f 6061 6050 6049
f 6050 6063 6052
f 6066 6067 6057
f 6067 6056 6057
f 6068 6066 6069
f 6069 6066 6057
f 6070 6069 5358
f 6069 6057 5358
f 5358 5353 5352
f 5358 6057 5353
f 6058 6056 6067
f 6071 6067 6066
f 6055 6072 6059
f 6071 6058 6067
f 6072 6055 6058
f 6073 6060 6062
f 6065 6062 6061
f 6062 6065 6074
f 6072 6058 6071
f 6075 6074 6076
f 6077 6076 6078
f 6079 6077 6078
f 6079 6078 6071
f 6078 6080 6072
f 6071 6078 6072
f 6081 6079 6071
f 6081 6071 6066
f 6081 6066 6082
f 6059 6051 6047
f 6080 6059 6072
f 6076 6074 6065
f 6065 6049 6076
f 6076 6049 6080
f 6076 6080 6078
f 6080 6049 6051
f 6080 6051 6059
f 6083 6064 6084
f 6064 6085 6084
f 5364 6085 6064
f 5364 5947 6085
f 5947 6054 6085
f 5355 5525 6064
f 5525 5364 6064
f 5364 5362 5948
f 5948 5947 5364
f 6054 5928 5004
f 6054 5004 6086
f 5004 5928 5927
f 5210 6054 6086
f 6084 6085 5209
f 5209 6085 5210
f 6085 6054 5210
f 5004 5206 6086
f 6086 5206 5210
f 5369 6083 6087
f 6088 6087 6083
f 6083 6084 6088
f 5423 5369 6087
f 5368 6064 6083
f 5368 6083 5369
f 5206 5202 5211
f 5206 5211 5210
f 5382 5421 5532
f 5423 6087 5421
f 6089 5421 6087
f 6090 4248 1901
f 4249 4248 6090
f 6091 6092 6093
f 6094 6092 6095
f 6096 6094 6095
f 6094 6097 6092
f 5622 6096 6095
f 6092 6097 6093
f 6098 6099 6100
f 6100 6099 6101
f 6102 6103 6104
f 6100 6103 6102
f 6101 6103 6100
f 6104 6103 6075
f 6104 6075 6094
f 6104 6094 6096
f 6094 6075 6097
f 6105 6106 6107
f 6106 6108 6107
f 6106 6105 6109
f 6110 6111 6108
f 6106 6110 6108
f 113 5683 6053
f 5711 5683 113
f 6063 2156 6052
f 2156 110 113
f 2156 113 6052
f 6052 113 6053
f 6073 6108 6060
f 6108 6063 6060
f 6112 1691 2156
f 6110 6113 6111
f 6114 1691 6112
f 6113 6114 6112
f 6113 6112 6111
f 6111 6112 6063
f 6111 6063 6108
f 6112 2156 6063
f 6068 6082 6066
f 5428 6070 5358
f 6109 6115 6116
f 6116 6110 6109
f 6110 6106 6109
f 6117 6109 6105
f 6115 6118 6116
f 6116 6118 6110
f 1901 2155 6090
f 4429 4249 6090
f 6115 6090 2155
f 4429 6090 6115
f 2155 6118 6115
f 2155 6119 6118
f 2154 1692 6119
f 1692 1691 6114
f 6119 1692 6114
f 6113 6119 6114
f 6119 6113 6118
f 6118 6113 6110
f 2154 6119 2155
f 6093 6082 6091
f 6093 6081 6082
f 6097 6077 6079
f 6075 6077 6097
f 6077 6075 6076
f 6097 6079 6081
f 6097 6081 6093
f 6107 6108 6099
f 6105 6107 6099
f 6099 6108 6073
f 6099 6073 6101
f 6101 6073 6062
f 6103 6062 6074
f 6105 6099 6098
f 6101 6062 6103
f 6075 6103 6074
f 6120 6069 6070
f 6121 6068 6069
f 6121 6069 6120
f 6122 6038 6036
f 6036 6123 6122
f 6122 6124 6038
f 6038 6124 6039
f 6125 6126 6127
f 6095 6091 6126
f 6095 6092 6091
f 6126 5622 6095
f 5622 6126 5623
f 5623 6126 6125
f 6128 6129 6130
f 6128 2300 6129
f 2300 6128 2301
f 6128 4282 2301
f 6130 6131 6128
f 4376 6132 4311
f 4309 4311 6133
f 6134 4314 4309
f 6135 6133 4311
f 6135 4311 6132
f 6135 6132 6136
f 6136 6132 6137
f 4316 4314 6134
f 4323 4316 6134
f 4316 4323 4321
f 2304 4322 2303
f 2303 4322 4324
f 4322 4323 4324
f 6134 4309 6133
f 4323 6134 6133
f 6129 6136 6130
f 6136 6137 6130
f 4323 6133 6135
f 4324 6129 2300
f 4324 6135 6129
f 6129 6135 6136
f 4323 6135 4324
f 6138 6098 5328
f 6138 6139 6098
f 5328 6098 6100
f 5328 6100 6102
f 5625 5327 5319
f 5324 5325 5328
f 6140 5324 5328
f 6140 5328 6102
f 6141 6123 6041
f 6041 6123 6036
f 5431 6142 5430
f 6143 6144 6145
f 6145 6144 6146
f 6143 6145 6147
f 6148 6143 6147
f 6148 6147 6149
f 6149 6147 6150
f 6150 6151 6152
f 6153 6152 6154
f 6142 5431 6152
f 6153 6150 6152
f 6150 6153 6149
f 6120 6070 6155
f 6155 6070 5428
f 6155 6156 6120
f 6157 6156 6158
f 6159 6156 6155
f 6151 6157 6158
f 6155 5426 6159
f 6155 5428 5426
f 6160 6158 5426
f 6156 6159 6158
f 6158 6159 5426
f 6160 5426 5425
f 6161 6162 6091
f 6145 6163 6157
f 6162 6163 6164
f 6161 6156 6163
f 6161 6120 6156
f 6163 6156 6157
f 6162 6161 6163
f 6161 6121 6120
f 6091 6121 6161
f 6091 6068 6121
f 6160 6151 6158
f 6152 6151 6160
f 6152 6160 6142
f 6160 5425 6142
f 5430 6142 5425
f 6145 6157 6147
f 6146 6164 6145
f 6145 6164 6163
f 6147 6157 6150
f 6150 6157 6151
f 4275 6165 4356
f 4357 4356 4358
f 4358 6166 6167
f 4356 6166 4358
f 4228 4359 6040
f 4359 4243 4358
f 4358 6167 4359
f 4359 6167 6168
f 6167 6169 6141
f 6141 6169 6122
f 6123 6141 6122
f 6167 6141 6168
f 4359 6168 6040
f 6168 6141 6041
f 6040 6168 6041
f 4376 6170 6132
f 4376 4362 6170
f 4362 4361 6170
f 4360 4366 4361
f 4374 4362 4376
f 6171 6131 6130
f 6131 4392 6128
f 6131 4276 4392
f 4276 6131 6171
f 4276 6171 6165
f 4275 4276 6165
f 4392 4282 6128
f 6165 6171 6166
f 6166 6171 6172
f 6172 6171 6130
f 6165 6166 4356
f 6169 6172 6173
f 6166 6172 6169
f 6169 6173 6122
f 6046 6154 5431
f 6122 6046 6124
f 6039 6124 6046
f 6122 6154 6046
f 6154 6152 5431
f 6174 4394 6175
f 4394 4393 6175
f 5327 5625 5329
f 4364 4394 5624
f 4394 5625 5624
f 5326 5329 4394
f 5329 5625 4394
f 5624 4366 4364
f 4366 5620 6176
f 5620 6177 6176
f 4366 6176 4361
f 6177 4361 6176
f 6177 6178 4361
f 5620 5623 6177
f 6179 4396 4395
f 4371 6179 4395
f 4396 6175 4393
f 6180 4394 6174
f 6130 6137 6181
f 6130 6181 6172
f 6181 6173 6172
f 6181 6148 6173
f 6148 6149 6173
f 6149 6153 6173
f 6173 6153 6154
f 6122 6173 6154
f 6137 6148 6181
f 6132 6144 6137
f 6137 6144 6143
f 6143 6148 6137
f 6144 6170 6146
f 6178 6182 6146
f 6182 6164 6146
f 6170 6144 6132
f 6146 6170 6178
f 6170 4361 6178
f 6178 6183 6182
f 6162 6183 6127
f 6127 6091 6162
f 6183 6162 6182
f 6182 6162 6164
f 6091 6082 6068
f 6184 6117 6185
f 6184 6115 6117
f 6186 6115 6184
f 6117 6115 6109
f 4429 6115 6186
f 6187 4421 4420
f 4415 4421 4413
f 4421 6187 4413
f 6179 4413 6187
f 4367 4413 6179
f 4371 4367 6179
f 6167 6166 6169
f 4420 4418 4424
f 6183 6178 6127
f 6178 6125 6127
f 6126 6091 6127
f 6177 6125 6178
f 6177 5623 6125
f 4423 6185 4424
f 4423 6184 6185
f 4423 4428 6186
f 4423 6186 6184
f 4428 4429 6186
f 6138 5328 6188
f 6139 6138 6189
f 5328 5326 6188
f 5326 4394 6180
f 6189 6138 6190
f 6175 6190 6174
f 6174 6138 6188
f 6190 6138 6174
f 6180 6174 6188
f 6188 5326 6180
f 6185 6191 6189
f 6185 6189 4424
f 6189 4420 4424
f 6139 6105 6098
f 6187 4420 6189
f 6190 6187 6189
f 4396 6179 6187
f 4396 6187 6175
f 6187 6190 6175
f 6191 6139 6189
f 6191 6117 6139
f 6117 6105 6139
f 6117 6191 6185
f 3554 2423 2419
f 2419 6192 3554
f 3910 3553 6193
f 5491 6193 6194
f 6194 3553 6192
f 3312 6192 2419
f 6192 3553 3554
f 6193 3553 6194
f 2423 2424 2422
f 2426 3557 3668
f 3668 3556 3558
f 5338 3559 5495
f 3559 3555 5495
f 3557 3556 3668
f 3668 2894 2426
f 6195 6196 6197
f 6197 6198 6199
f 6199 6198 5039
f 6196 6200 6197
f 3815 5994 3820
f 6197 6199 6195
f 5043 6196 5044
f 5043 6200 6196
f 3819 5992 3818
f 3815 3818 5994
f 5992 5994 3818
f 5993 5995 5994
f 5995 5990 6196
f 6195 6199 6201
f 6195 6201 5995
f 6201 6199 5038
f 6202 6201 5038
f 6202 5038 6203
f 6196 6195 5995
f 5994 5995 6201
f 5994 6201 6202
f 5044 6196 5990
f 3826 6202 6203
f 5994 3825 3820
f 5994 6202 3825
f 3825 6202 3826
f 5036 5127 6204
f 6200 6204 6205
f 6197 6200 6205
f 6205 6198 6197
f 6199 5039 5038
f 5038 6206 6207
f 5038 5040 6206
f 5043 5036 6204
f 6204 6200 5043
f 5980 6019 5042
f 6203 6207 3826
f 6203 5038 6207
f 3820 3825 3827
f 3824 3820 3827
f 6206 3835 3826
f 6207 6206 3826
f 6208 6209 5083
f 5051 5056 5050
f 5050 5083 6210
f 6206 5051 3836
f 5050 6210 3836
f 6210 1434 3836
f 3837 1434 6210
f 6211 3837 6210
f 5040 5051 6206
f 5446 5081 5083
f 6212 5064 5435
f 5446 5439 5081
f 5446 5083 6213
f 6213 5083 6209
f 5056 5064 5050
f 5064 6212 5050
f 6212 6214 5050
f 5083 5050 6208
f 6208 6213 6209
f 5446 6213 6215
f 6215 6213 6208
f 6216 6208 6214
f 6216 6217 6208
f 6218 6215 6217
f 5447 5446 6218
f 5447 6218 5448
f 6218 6217 6219
f 5077 5447 5448
f 6208 5050 6214
f 6216 6214 6212
f 6216 6212 5435
f 6215 6208 6217
f 5446 6215 6218
f 6216 5435 6217
f 6217 5435 5450
f 5448 6218 6219
f 6217 5450 6219
f 5448 6219 5078
f 5078 6219 5450
f 5076 5078 5450
f 6206 3836 3835
f 5087 5082 5085
f 5084 6220 5085
f 6014 5085 6220
f 6210 5083 5086
f 5087 6009 5086
f 5086 1435 6221
f 5086 6222 6211
f 3837 6211 6223
f 6222 5086 6223
f 5086 6221 6223
f 6210 5086 6211
f 6016 1435 5086
f 6221 1426 3837
f 6223 6221 3837
f 6222 6223 6211
f 1435 1426 6221
f 5042 6019 6017
f 5042 6017 5097
f 6220 6018 6014
f 5980 6008 6019
f 6019 1449 6017
f 5097 6017 5084
f 5084 6017 6220
f 6017 6018 6220
f 5199 5115 5113
f 5115 5199 5511
f 5511 5460 5115
f 5121 5115 5460
f 5126 5122 5121
f 6224 5121 5459
f 5126 5121 6224
f 5127 5126 6224
f 5127 6224 6204
f 5468 5484 6225
f 5469 5459 5462
f 5459 5469 6226
f 5459 6227 6224
f 5469 5468 6226
f 6227 6226 6228
f 6226 5468 6225
f 6226 6225 6228
f 6224 6229 6204
f 6225 5484 5153
f 6225 5130 6228
f 6226 6227 5459
f 6229 6224 6227
f 6227 6228 6198
f 6204 6229 6205
f 6229 6227 6198
f 6205 6229 6198
f 6225 5129 5130
f 6228 5130 6198
f 5130 5059 5039
f 6198 5130 5039
f 5509 5827 5471
f 5156 5157 5171
f 5152 5156 6230
f 6225 5153 5129
f 5170 5152 6230
f 6230 5171 5170
f 5170 5171 5172
f 5153 5170 5129
f 6230 5156 5171
f 5129 5170 5172
f 3555 3910 5491
f 3555 5491 5490
f 3910 6193 5491
f 5491 6194 3311
f 3312 6194 6192
f 3311 6194 3312
f 5495 3555 5494
f 5477 5513 5509
f 5519 5518 5521
f 5521 5114 5080
f 5524 5509 5513
f 5519 5524 5517
f 5521 5080 5844
f 5844 5524 5521
f 5512 5524 5513
f 5521 5524 5519
f 5524 5844 5848
f 5847 5848 5844
f 5848 5842 5524
f 5848 5850 5842
f 5522 5517 5514
f 5198 5114 5521
f 5520 5198 5521
f 5199 5198 5523
f 5198 5520 5523
f 6084 5209 5526
f 6087 6088 6089
f 6089 6088 5528
f 5528 6088 5526
f 6084 5526 6088
f 5532 5378 5382
f 5532 5421 5528
f 5421 6089 5528
f 5527 5547 5529
f 5243 5551 5244
f 5242 5244 5248
f 6231 6232 5252
f 5250 6232 5251
f 5243 5251 5551
f 5287 6231 5252
f 6232 5250 5252
f 5239 5253 5570
f 5253 5556 5570
f 5239 5570 5573
f 5573 5569 5240
f 5239 5573 5240
f 5569 5573 5565
f 5248 5556 5249
f 5253 5249 5556
f 6233 5590 5586
f 5586 5590 5587
f 6233 5586 5589
f 6234 5590 6233
f 6234 6233 5251
f 6235 6236 6234
f 6231 6235 6232
f 6232 6235 5251
f 6235 6234 5251
f 5251 6233 5589
f 5251 5589 5551
f 5591 6237 6096
f 6237 5591 5590
f 6237 6238 6096
f 5590 6238 6237
f 6236 5590 6234
f 6239 6238 6236
f 6236 6238 5590
f 5288 6240 5286
f 6241 6231 5287
f 6240 6241 5287
f 5286 6240 5287
f 5311 5292 5288
f 5292 6240 5288
f 5616 5293 5264
f 5292 5296 6240
f 5293 5292 5312
f 5293 5312 5264
f 5312 5292 5311
f 6240 5296 5300
f 5297 5300 5296
f 6140 5304 5324
f 6140 6102 6239
f 6239 6104 6238
f 6238 6104 6096
f 6242 6140 6239
f 6239 6102 6104
f 6242 5304 6140
f 5301 5304 6243
f 6242 6243 5304
f 6243 6242 6239
f 6241 6244 6231
f 6244 6236 6235
f 6231 6244 6235
f 6244 6241 6240
f 6240 5300 6243
f 6244 6240 6243
f 6244 6243 6236
f 6236 6243 6239
f 5301 6243 5300
f 5264 5312 5265
f 6096 5622 5591
