# Optimized for Cats vs Demons
# Source: demo2.obj
# Simplification error: 0.0009291923488490283
v 37.1358757019043 -9.000961303710938 62.81827163696289
v 37.604209899902344 -5.629140377044678 61.98094177246094
v 36.69113540649414 -7.5775651931762695 64.61112213134766
v 37.99220657348633 -6.992834091186523 60.321109771728516
v 35.92948913574219 -10.06937026977539 66.07421875
v 35.945255279541016 -6.630813121795654 66.76622009277344
v 36.84805679321289 -10.905847549438477 62.91106033325195
v 36.8726692199707 -2.540071964263916 64.08958435058594
v 35.689781188964844 -2.519984722137451 67.23848724365234
v 33.97681427001953 -5.030682563781738 71.02499389648438
v 38.65459060668945 -5.493568420410156 57.4664192199707
v 37.33103942871094 -1.3661184310913086 62.402099609375
v 38.91616439819336 -2.9743080139160156 56.03194046020508
v 38.145668029785156 -2.133856773376465 59.67914581298828
v 39.23042297363281 -3.510317802429199 53.46588897705078
v 39.04959487915039 -1.015688419342041 54.268985748291016
v 39.43036651611328 -2.320572853088379 50.49279022216797
v 39.42985916137695 -5.118312835693359 50.17925262451172
v 39.50878143310547 -3.6737613677978516 45.9969482421875
v 39.306087493896484 0.2976861000061035 46.657989501953125
v 39.300899505615234 -1.4731025695800781 43.207149505615234
v 37.784629821777344 -10.369985580444336 59.46605682373047
v 36.26235580444336 -13.952705383300781 62.75080871582031
v 37.40589141845703 -12.426895141601562 59.305782318115234
v 36.67648696899414 -15.07032585144043 59.20555877685547
v 37.463356018066406 -13.907896041870117 55.86787414550781
v 38.39829635620117 -11.138777732849121 53.73553466796875
v 36.48579788208008 -16.749862670898438 55.66664505004883
v 38.08271789550781 -13.332995414733887 49.32230758666992
v 35.47437286376953 -19.644187927246094 51.30241012573242
v 34.85114669799805 -20.19855499267578 56.274742126464844
v 34.64885711669922 -21.145225524902344 52.04915237426758
v 36.574886322021484 -17.459716796875 49.08613967895508
v 37.397552490234375 -15.247032165527344 50.1843147277832
v 36.85782241821289 -16.80234146118164 47.83311080932617
v 38.515663146972656 -9.013970375061035 56.40043640136719
v 38.91769027709961 -9.946020126342773 49.22688293457031
v 39.0588493347168 -7.3726654052734375 53.34627151489258
v 38.52054214477539 -11.713813781738281 44.46118927001953
v 39.105228424072266 -9.088543891906738 45.98996353149414
v 38.71164321899414 -9.843307495117188 41.895145416259766
v 39.098819732666016 -7.716808319091797 42.602359771728516
v 39.42670822143555 -6.413809776306152 47.146812438964844
v 37.89039993286133 -14.025442123413086 45.37709426879883
v 38.520851135253906 -9.597399711608887 40.33091735839844
v 37.99312210083008 -9.87671947479248 38.14064407348633
v 38.776729583740234 -6.733170509338379 39.645774841308594
v 37.79215621948242 -7.141775608062744 36.095603942871094
v 37.2985954284668 -10.693673133850098 36.37728500366211
v 39.312599182128906 -4.527894020080566 42.57377243041992
v 38.2373046875 -12.16172981262207 42.19210433959961
v 35.821685791015625 -10.642739295959473 32.5576171875
v -12.06194019317627 -23.92466163635254 92.40811157226562
v -11.084382057189941 -24.07285499572754 92.50942993164062
v -12.963220596313477 -22.529285430908203 96.36601257324219
v -12.660049438476562 -20.846895217895508 101.57038879394531
v -13.449763298034668 -20.968626022338867 100.1156997680664
v -12.225171089172363 -21.55634307861328 100.19476318359375
v -10.93712043762207 -21.643917083740234 100.04424285888672
v -11.030278205871582 -20.813785552978516 101.95201873779297
v -12.493562698364258 -19.893856048583984 103.17487335205078
v -11.998580932617188 -20.52044677734375 102.64105224609375
v -11.821414947509766 -19.824241638183594 103.45196533203125
v -11.373318672180176 -20.145814895629883 103.08949279785156
v -10.471936225891113 -20.69120216369629 101.6943359375
v -9.630861282348633 -21.337339401245117 99.55148315429688
v -12.32707691192627 -18.43291664123535 103.55363464355469
v -12.725238800048828 -19.18047332763672 103.41787719726562
v -12.229341506958008 -19.101791381835938 103.67198181152344
v -11.669473648071289 -19.406532287597656 103.65858459472656
v -12.124588012695312 -19.481670379638672 103.60379028320312
v -11.543871879577637 -18.85759735107422 103.69636535644531
v -11.287482261657715 -19.710817337036133 103.41172790527344
v -11.149369239807129 -18.89169692993164 103.56739807128906
v -10.604249000549316 -19.933124542236328 102.76417541503906
v -13.285513877868652 -20.182172775268555 101.91986083984375
v -12.760021209716797 -18.15102767944336 103.204345703125
v -14.308632850646973 -18.26338005065918 101.05143737792969
v -14.716153144836426 -18.728286743164062 100.06817626953125
v -13.582991600036621 -19.093971252441406 102.39974975585938
v -13.870402336120605 -17.916805267333984 101.74369812011719
v -14.636012077331543 -20.381929397583008 98.50811767578125
v -14.4042329788208 -19.51364517211914 100.37457275390625
v -10.615234375 -23.019542694091797 96.05776977539062
v -10.50386905670166 -23.81621551513672 93.03660583496094
v -13.582076072692871 -22.96291732788086 93.74102020263672
v 15.532183647155762 -36.9970817565918 71.22473907470703
v 18.23002815246582 -35.66268539428711 70.64566040039062
v 17.66568374633789 -36.01655960083008 71.28544616699219
v 16.341323852539062 -36.6443977355957 71.70741271972656
v 17.08883285522461 -36.253963470458984 70.71915435791016
v 14.867361068725586 -37.16825485229492 71.74742126464844
v 15.49669075012207 -36.83293151855469 71.98231506347656
v 14.14944839477539 -36.441219329833984 69.86393737792969
v 15.285354614257812 -35.911277770996094 69.989013671875
v 16.839561462402344 -35.87009048461914 70.0357666015625
v -11.040549278259277 -24.32649040222168 90.67390441894531
v -10.318975448608398 -24.613571166992188 88.92864990234375
v -9.40579605102539 -24.12923812866211 91.26545715332031
v 1.2700403928756714 -37.29299545288086 77.19660186767578
v 2.0947396755218506 -36.37465286254883 75.34681701660156
v 2.357841968536377 -36.355796813964844 76.87458038330078
v 2.939474582672119 -35.58787155151367 75.49125671386719
v 4.29322624206543 -34.17913818359375 75.81993103027344
v 3.4837822914123535 -34.88642883300781 74.91802978515625
v -3.5546905994415283 -40.36274719238281 83.49656677246094
v -2.944988489151001 -40.45512390136719 83.07984161376953
v -2.8790857791900635 -40.495880126953125 84.03411865234375
v -3.144425630569458 -40.369319915771484 84.54922485351562
v -3.3727457523345947 -40.20646286010742 84.71847534179688
v -2.4355642795562744 -40.003944396972656 84.91646575927734
v -3.2280242443084717 -39.57924270629883 85.20726013183594
v -2.6475107669830322 -40.38212585449219 84.48363494873047
v -2.2047016620635986 -40.306846618652344 83.48619079589844
v -1.6223571300506592 -39.94263458251953 83.28575897216797
v -2.722261667251587 -39.67991256713867 85.18980407714844
v -1.98685622215271 -39.73244857788086 84.7729721069336
v -2.1643259525299072 -39.063106536865234 85.11408996582031
v -1.4813988208770752 -39.596275329589844 84.037109375
v -2.4509212970733643 -38.52621841430664 85.19187927246094
v -3.0438425540924072 -39.13260269165039 85.30913543701172
v -0.883392333984375 -36.54497146606445 83.86239624023438
v -1.9366157054901123 -36.84895324707031 84.54440307617188
v 0.5733833312988281 -36.307132720947266 82.38241577148438
v -1.6029324531555176 -38.827354431152344 84.70518493652344
v -3.274400472640991 -36.51750564575195 84.58685302734375
v -2.0190956592559814 -32.99248123168945 83.10618591308594
v -1.1509697437286377 -38.97939682006836 84.00166320800781
v -4.304130554199219 -29.969741821289062 81.69766235351562
v -1.3805105686187744 -29.865812301635742 81.72074890136719
v 2.303126811981201 -30.79308319091797 80.55815124511719
v 1.0741629600524902 -30.353134155273438 81.15328979492188
v 0.9726645946502686 -34.851661682128906 82.16853332519531
v 3.5661609172821045 -31.584779739379883 79.50848388671875
v -3.8013174533843994 -39.862152099609375 80.81207275390625
v -1.7768423557281494 -39.8993034362793 80.83152770996094
v -2.894239664077759 -29.71023178100586 81.79658508300781
v 0.44208645820617676 -30.213970184326172 81.35800170898438
v 0.7731257677078247 -37.80473709106445 80.48265075683594
v -3.307352304458618 -39.012271881103516 77.31768798828125
v -1.825150728225708 -39.391544342041016 78.69837951660156
v -0.5752360820770264 -38.6508674621582 78.45716857910156
v -0.6696152687072754 -38.69611358642578 77.35953521728516
v 0.4766651391983032 -37.403541564941406 75.12775421142578
v -3.900273084640503 -44.0445671081543 77.36914825439453
v -3.8709828853607178 -44.30698013305664 76.88006591796875
v -3.3084704875946045 -45.011741638183594 77.2083969116211
v -3.362169027328491 -44.164974212646484 77.63565063476562
v -2.6670377254486084 -44.29483413696289 76.59578704833984
v -1.722330093383789 -42.61668014526367 74.93660736083984
v -2.4261062145233154 -43.92387771606445 77.08370208740234
v 1.9433060884475708 -36.14875030517578 73.0670394897461
v -1.8200652599334717 -41.79623031616211 77.13680267333984
v -2.006688356399536 -43.085384368896484 77.06050109863281
v -2.917834520339966 -43.17998504638672 77.81659698486328
v -3.57157301902771 -43.099388122558594 77.80455017089844
v -3.563335657119751 -42.34144973754883 77.74030303955078
v -2.8790857791900635 -42.17565155029297 77.72480773925781
v -2.8000638484954834 -43.61529541015625 77.70106506347656
v -2.5200788974761963 -43.83354568481445 77.39338684082031
v -2.96197247505188 -39.187137603759766 77.03231048583984
v -2.2480266094207764 -39.07557678222656 76.9305419921875
v -0.09581398963928223 -40.12335968017578 74.92171478271484
v -2.4015963077545166 -39.02552795410156 77.2794418334961
v -1.1254425048828125 -38.60640335083008 76.66883850097656
v -1.2431113719940186 -38.7480583190918 76.42304229736328
v -0.2203986644744873 -38.09010314941406 75.56864166259766
v 3.0795178413391113 -35.22805404663086 78.407470703125
v 4.545548439025879 -32.554656982421875 78.06558227539062
v 4.460729598999023 -33.134803771972656 77.52925872802734
v 0.7047820091247559 -37.936710357666016 78.21785736083984
v 0.06670522689819336 -28.39215087890625 84.55416870117188
v 1.3697080612182617 -28.118215560913086 83.41242980957031
v 1.4989712238311768 -28.548730850219727 86.34388732910156
v 12.005575180053711 -37.65083312988281 71.14070129394531
v 13.492353439331055 -37.5254020690918 71.40341186523438
v 13.49031925201416 -37.25041198730469 71.95440673828125
v 11.970080375671387 -36.61043930053711 72.27540588378906
v 13.585103988647461 -36.00031661987305 72.81480407714844
v 13.796441078186035 -36.92615509033203 69.95719146728516
v -3.56313157081604 -39.63890075683594 85.0487289428711
v -4.069911003112793 -39.89885711669922 84.07931518554688
v -4.214328765869141 -39.884010314941406 82.6887435913086
v -4.191953659057617 -38.820404052734375 84.70303344726562
v -3.929156541824341 -38.580848693847656 84.93125915527344
v -3.4984495639801025 -39.14910888671875 85.19679260253906
v -6.863150596618652 -30.217382431030273 80.8648681640625
v -5.318504333496094 -30.765146255493164 81.74972534179688
v -6.476683616638184 -35.00932312011719 82.1394271850586
v -6.795517921447754 -36.79313278198242 80.894775390625
v -7.649101257324219 -36.393550872802734 78.2271728515625
v -6.046994209289551 -38.165985107421875 79.6556396484375
v -5.015026092529297 -39.10325241088867 79.95970153808594
v -8.443799018859863 -33.949153900146484 79.53192901611328
v -8.27527904510498 -35.01876449584961 79.00228118896484
v -6.599132537841797 -37.47652053833008 77.05247497558594
v -9.631878852844238 -33.73115158081055 75.92475891113281
v -5.78256893157959 -40.207977294921875 75.65065002441406
v -6.6291351318359375 -38.97320556640625 74.25068664550781
v -4.729345321655273 -41.52814483642578 76.91830444335938
v -4.456173896789551 -42.787132263183594 77.08866882324219
v -5.162900924682617 -38.21088790893555 76.42395782470703
v -4.88616943359375 -38.527034759521484 76.39450073242188
v -4.032993316650391 -38.883384704589844 76.91419982910156
v -5.876643180847168 -37.740928649902344 75.65599060058594
v -5.665103912353516 -38.09259033203125 76.93731689453125
v -3.1757500171661377 -27.354963302612305 83.63197326660156
v -2.320235013961792 -27.755096435546875 83.25969696044922
v -1.4906535148620605 -28.379465103149414 88.05467224121094
v -0.7397894859313965 -28.465681076049805 86.05877685546875
v -8.181714057922363 -35.58397674560547 75.27555847167969
v -14.29531192779541 32.130714416503906 48.49615478515625
v -17.862600326538086 30.78360939025879 50.32322692871094
v -15.438946723937988 31.651517868041992 51.83615493774414
v -14.877350807189941 31.63615608215332 43.054656982421875
v -16.609634399414062 31.274728775024414 46.283016204833984
v -12.602992057800293 32.603065490722656 46.76012420654297
v -10.028109550476074 33.153160095214844 45.165184020996094
v -11.199813842773438 33.000816345214844 49.25192642211914
v -12.756766319274902 32.47349548339844 52.074764251708984
v -13.974543571472168 31.767412185668945 55.33456039428711
v -11.482240676879883 32.35365676879883 56.17074966430664
v -6.005600929260254 33.700828552246094 43.72279357910156
v -6.100489616394043 33.896087646484375 46.73009490966797
v -10.432170867919922 33.06045150756836 52.06111526489258
v -6.291078567504883 33.67247009277344 53.34920883178711
v -9.456341743469238 32.23149108886719 59.29887390136719
v -6.872506141662598 33.005889892578125 57.63361358642578
v -7.429323196411133 33.68472671508789 51.23124313354492
v -3.795520067214966 34.13911437988281 50.00244140625
v 0.7109860181808472 34.27314758300781 49.24393081665039
v -3.5357744693756104 34.123783111572266 46.36805725097656
v -19.93050193786621 24.948610305786133 68.3450698852539
v -21.37334442138672 23.38675308227539 69.54226684570312
v -19.14373779296875 23.830734252929688 71.01066589355469
v -6.446885108947754 33.308292388916016 41.070823669433594
v -3.83579421043396 33.71684646606445 41.914283752441406
v -10.091468811035156 32.04343795776367 37.73658752441406
v -11.838908195495605 32.282875061035156 41.32185745239258
v -4.573233604431152 32.12446594238281 34.458946228027344
v -9.822772979736328 30.90667152404785 33.19195556640625
v -4.51973819732666 32.68525695800781 36.644832611083984
v -0.14849567413330078 34.045963287353516 43.65604782104492
v -17.207944869995117 29.808012008666992 59.36082458496094
v -20.92585563659668 27.270517349243164 61.98210906982422
v -17.486101150512695 28.663576126098633 62.7894172668457
v -19.55878257751465 29.792070388793945 53.394287109375
v -19.594989776611328 29.191736221313477 57.263736724853516
v -16.34836196899414 30.70350456237793 56.695003509521484
v -20.16675567626953 26.670969009399414 64.5616683959961
v -14.26256275177002 29.995683670043945 62.56578826904297
v -14.323685646057129 30.923974990844727 59.329288482666016
v -11.792227745056152 31.185972213745117 61.22746658325195
v -7.937426567077637 29.857831954956055 67.10426330566406
v -10.023531913757324 30.80201530456543 63.701995849609375
v -12.781275749206543 28.557477951049805 67.30359649658203
v -7.608828544616699 31.134305953979492 64.06196594238281
v -7.739616394042969 31.93451499938965 61.59489822387695
v -10.256632804870605 28.6346492767334 68.6672134399414
v -4.437969207763672 29.765722274780273 68.43617248535156
v -15.590888023376465 27.607572555541992 67.20858764648438
v -22.1147518157959 20.848407745361328 72.68293762207031
v 3.0493125915527344 33.75131607055664 41.75133514404297
v 0.74383544921875 33.35306167602539 38.919342041015625
v -20.826393127441406 25.687856674194336 65.90652465820312
v -15.294734001159668 25.16688346862793 71.95379638671875
v 37.20157241821289 -15.834419250488281 44.602325439453125
v 36.573158264160156 -17.269254684448242 43.9317741394043
v 35.73076248168945 -18.785856246948242 42.51402282714844
v 36.93063735961914 -16.69374656677246 46.03306198120117
v 36.54478454589844 -16.412446975708008 40.595001220703125
v 37.602176666259766 -12.605600357055664 39.14065170288086
v 30.453153610229492 -18.245107650756836 28.396995544433594
v 33.24751281738281 -14.667339324951172 29.92243194580078
v 32.32518005371094 -18.257568359375 31.224262237548828
v 29.55848503112793 -15.931190490722656 25.62811851501465
v 28.311416625976562 -15.46639633178711 23.969324111938477
v 29.29121208190918 -12.880300521850586 23.65593910217285
v 27.045738220214844 -19.62160301208496 25.59394645690918
v 29.884742736816406 -10.835028648376465 23.49544334411621
v 31.27459716796875 -12.70225715637207 25.95825958251953
v 31.440576553344727 -9.668228149414062 24.98685646057129
v 31.972373962402344 -14.30219841003418 27.736555099487305
v 34.5357666015625 -11.777353286743164 30.54417610168457
v 25.60747528076172 -21.503618240356445 25.939430236816406
v 24.936952590942383 -19.57142448425293 23.605504989624023
v 35.97047424316406 -13.081693649291992 34.4159049987793
v 35.046409606933594 -8.03802490234375 29.98954963684082
v 33.445831298828125 -19.95541763305664 35.83953094482422
v 34.631263732910156 -16.79545783996582 34.48240661621094
v 35.292633056640625 -16.87200355529785 36.46186828613281
v 32.458919525146484 -19.78242301940918 33.22983932495117
v 30.803312301635742 -20.444923400878906 31.105478286743164
v 30.054485321044922 -22.64016342163086 32.96375274658203
v 32.424842834472656 -21.531009674072266 36.016448974609375
v 33.58119583129883 -21.2325496673584 39.06669616699219
v 34.92772674560547 -20.321388244628906 42.150901794433594
v 34.19221878051758 -21.378822326660156 42.077423095703125
v 36.28086853027344 -16.178054809570312 38.88172149658203
v 28.750362396240234 -21.30589485168457 29.227195739746094
v 29.03126335144043 -22.497814178466797 31.100950241088867
v 34.10841751098633 -8.661486625671387 70.52767181396484
v -0.3430511951446533 -28.11647605895996 83.25598907470703
v -0.2771482467651367 -28.22725486755371 82.88835144042969
v 1.9235758781433105 -28.42986488342285 86.66836547851562
v 2.4819180965423584 -28.25599479675293 84.95914459228516
v 4.3390936851501465 -27.477888107299805 84.61219787597656
v 32.65886306762695 -1.5296721458435059 72.94853973388672
v 30.745141983032227 -4.196582794189453 76.15660095214844
v 32.04804229736328 -5.277091026306152 74.31764221191406
v 32.26263427734375 -9.85086441040039 73.6112060546875
v 30.717987060546875 -8.265410423278809 76.14215850830078
v 30.426406860351562 -10.154098510742188 76.29167938232422
v 29.460647583007812 -4.960319519042969 77.86356353759766
v 26.72985076904297 -5.67782735824585 80.97067260742188
v 28.117673873901367 -7.667884826660156 79.4442138671875
v 26.746328353881836 -2.3142099380493164 80.69534301757812
v 26.141712188720703 -7.6971306800842285 81.52501678466797
v -25.704111099243164 9.78653335571289 79.18138122558594
v -25.85025405883789 5.745325565338135 80.84518432617188
v -24.254554748535156 9.441879272460938 80.64653015136719
v -24.023488998413086 5.77842378616333 82.36238098144531
v -25.835508346557617 3.1478171348571777 81.75624084472656
v -12.460713386535645 -17.533205032348633 102.92706298828125
v -13.515358924865723 -17.696578979492188 102.11824798583984
v -15.195982933044434 -14.585830688476562 96.41157531738281
v -13.719271659851074 -16.13632583618164 100.35324096679688
v -12.320364952087402 -15.413751602172852 100.54411315917969
v -13.64848804473877 -12.722890853881836 96.05923461914062
v 1.9005911350250244 -35.95559310913086 73.56802368164062
v 2.4514079093933105 -35.534759521484375 74.02897644042969
v -5.173783302307129 -41.52751922607422 74.10768127441406
v -3.3087761402130127 -45.04705810546875 77.00694274902344
v -2.525061845779419 -40.38431930541992 71.85453033447266
v -1.469702959060669 -40.8037223815918 72.58653259277344
v -1.2275512218475342 -41.10932540893555 73.18433380126953
v 1.599757432937622 -36.905521392822266 71.46987915039062
v 1.9621208906173706 -36.44620132446289 72.28207397460938
v -5.331725120544434 -37.65310287475586 69.51954650878906
v -4.987057685852051 -37.73646545410156 69.55747985839844
v -4.19663143157959 -38.22974395751953 69.76156616210938
v -4.353761672973633 -37.836490631103516 69.30941009521484
v -3.729414224624634 -38.04197311401367 69.4600601196289
v -1.6604955196380615 -37.921688079833984 69.2994384765625
v -1.495840311050415 -37.93742370605469 69.53178405761719
v 0.06772255897521973 -37.660274505615234 69.9790267944336
v 1.0056159496307373 -37.32651138305664 70.6214828491211
v -3.427258253097534 -37.95404815673828 69.4075927734375
v -2.568488359451294 -37.963279724121094 69.3470458984375
v -1.1392741203308105 -37.91926956176758 69.60365295410156
v -5.467089653015137 -40.11504364013672 72.4510498046875
v -7.205783843994141 -36.10065841674805 74.39633178710938
v -5.82670783996582 -37.55469512939453 69.75376892089844
v -6.802840232849121 -37.25782012939453 70.3674087524414
v -7.546891212463379 -36.75977325439453 71.2024154663086
v -7.593165397644043 -35.79916763305664 73.72013854980469
v -7.892880439758301 -36.3323860168457 72.02323913574219
v 10.608295440673828 -36.95707321166992 68.60111999511719
v 10.528255462646484 -37.02814865112305 68.99337768554688
v 9.368144035339355 -36.82132339477539 70.24717712402344
v 11.116803169250488 -37.313079833984375 68.8902587890625
v 9.537375450134277 -37.25199890136719 70.75416564941406
v 10.873329162597656 -37.631103515625 70.68624114990234
v 11.78874683380127 -37.661231994628906 69.9185791015625
v 11.383668899536133 -37.24992370605469 68.87943267822266
v 11.90773868560791 -37.49064254760742 69.39134979248047
v 9.696335792541504 -37.227474212646484 70.92076110839844
v 10.872515678405762 -37.01327896118164 68.77667999267578
v 11.264982223510742 -36.72043991088867 68.93282318115234
v 14.321831703186035 -35.43553161621094 70.27938079833984
v 35.294769287109375 -18.676912307739258 59.26142120361328
v 34.11146926879883 -21.10848617553711 58.67595672607422
v 33.520172119140625 -19.753032684326172 65.30186462402344
v 34.669403076171875 -18.117923736572266 63.76459884643555
v 34.96444320678711 -16.162818908691406 65.16017150878906
v 34.105262756347656 -20.40782928466797 61.541481018066406
v 35.35660171508789 -13.141942977905273 66.28996276855469
v 34.118892669677734 -12.334659576416016 69.54584503173828
v 33.69021987915039 -16.14702796936035 68.43757629394531
v 32.000038146972656 -17.811933517456055 70.60179901123047
v 32.453426361083984 -19.634653091430664 68.21109008789062
v 32.103363037109375 -12.792325973510742 73.08642578125
v 33.284324645996094 -21.098054885864258 63.7250862121582
v 31.174524307250977 -22.66510009765625 67.38898468017578
v 29.75659942626953 -21.29054832458496 71.70962524414062
v 31.76572036743164 -22.930818557739258 65.2723159790039
v 29.560518264770508 -16.994585037231445 75.28815460205078
v 28.52570343017578 -14.943964004516602 77.57918548583984
v 29.47814178466797 -16.43578338623047 75.53826904296875
v 29.775108337402344 -17.68207359313965 75.0069351196289
v 29.892879486083984 -19.238412857055664 73.27481079101562
v 28.769479751586914 -24.00518226623535 70.6878662109375
v 29.730871200561523 -21.610809326171875 72.10894775390625
v 31.295347213745117 -24.163240432739258 75.3682861328125
v 29.856874465942383 -20.333595275878906 72.61944580078125
v 31.437118530273438 -23.135107040405273 75.56373596191406
v 29.432680130004883 -16.515029907226562 76.3943099975586
v 29.443561553955078 -22.537826538085938 71.06084442138672
v 31.210424423217773 -20.63303565979004 75.84854125976562
v 1.7423433065414429 -28.099536895751953 82.84600830078125
v 32.71764373779297 -29.233707427978516 87.70040130615234
v 32.9188117980957 -27.76633071899414 85.15040588378906
v 33.39711380004883 -27.821704864501953 87.64701843261719
v 33.19076156616211 -28.675962448120117 89.74254608154297
v 31.709882736206055 -27.29473114013672 78.3656997680664
v 32.39372634887695 -26.441349029541016 79.56549072265625
v 32.78761672973633 -26.602128982543945 81.736083984375
v 32.63984298706055 -24.743749618530273 79.28340148925781
v 32.14628219604492 -25.927465438842773 78.2237548828125
v 31.83456802368164 -28.5572566986084 81.16089630126953
v 32.76046371459961 -23.959640502929688 79.74710083007812
v 33.42864227294922 -25.857133865356445 86.43614196777344
v 23.5622501373291 -17.692115783691406 86.8363037109375
v 21.671817779541016 -17.57636260986328 86.41044616699219
v 22.86518669128418 -19.86190414428711 87.93403625488281
v 23.60008430480957 -19.083492279052734 87.70889282226562
v 25.698392868041992 -19.421581268310547 87.93684387207031
v 20.868070602416992 -15.435522079467773 84.6548080444336
v 25.67398452758789 -17.282821655273438 86.2730712890625
v 19.272064208984375 -17.18967628479004 85.07533264160156
v 21.0791015625 -20.336715698242188 87.39596557617188
v 20.012758255004883 -19.23862075805664 86.43907165527344
v 20.70046615600586 -21.567264556884766 87.41073608398438
v 22.36644172668457 -22.2205867767334 88.32948303222656
v 21.381460189819336 -23.453351974487305 87.79989624023438
v 23.68398666381836 -22.216129302978516 88.82914733886719
v 24.44410514831543 -20.694643020629883 88.5579833984375
v 27.58811378479004 -24.443748474121094 90.34097290039062
v 29.497364044189453 -24.990400314331055 90.97210693359375
v 29.7608699798584 -26.7396183013916 91.48387908935547
v 30.419593811035156 -27.474668502807617 91.67793273925781
v 31.720664978027344 -27.12755012512207 91.74952697753906
v 32.40074157714844 -28.143291473388672 91.61087036132812
v 31.288328170776367 -27.46299934387207 91.79153442382812
v 31.90179443359375 -28.654226303100586 91.52622985839844
v 32.72954177856445 -28.508262634277344 91.15690612792969
v 32.92542266845703 -28.683874130249023 90.71675109863281
v 32.71916961669922 -29.293569564819336 90.05210876464844
v 33.384498596191406 -28.063629150390625 90.05963134765625
v 32.14872741699219 -22.816316604614258 87.52967834472656
v 31.07801055908203 -19.284440994262695 83.50382995605469
v 30.153541564941406 -18.587055206298828 84.29625701904297
v 29.29670524597168 -18.276201248168945 85.06295776367188
v 32.00105667114258 -21.67580795288086 85.7989273071289
v 32.09421157836914 -20.80491065979004 83.19041442871094
v 31.60512924194336 -19.587615966796875 81.78443908691406
v 32.36280822753906 -21.205862045288086 81.1630630493164
v 32.9200325012207 -23.03781509399414 83.33865356445312
v 30.93115234375 -24.376737594604492 90.54706573486328
v 30.88071060180664 -26.254653930664062 91.57878112792969
v 27.518346786499023 -17.626325607299805 85.80262756347656
v 32.048851013183594 -24.607667922973633 90.16159057617188
v 32.2835807800293 -21.621776580810547 79.02041625976562
v 31.233003616333008 -19.06709098815918 78.39945220947266
v 32.78151321411133 -23.1182918548584 80.40953063964844
v 33.60794448852539 -26.68328857421875 88.22483825683594
v 33.15120315551758 -24.6269588470459 87.63217163085938
v 32.72578048706055 -25.44106101989746 90.30977630615234
v 33.209983825683594 -25.869443893432617 89.88858032226562
v 32.84060287475586 -27.523157119750977 91.35549926757812
v 32.82300567626953 -26.30865478515625 90.92933654785156
v 32.06644821166992 -26.815160751342773 91.62474060058594
v 33.113162994384766 -27.408540725708008 91.00926208496094
v 33.5295295715332 -27.271635055541992 89.87579345703125
v 33.07207489013672 -28.015798568725586 90.97103881835938
v 32.16072463989258 -25.59061622619629 90.9556655883789
v 25.67306900024414 -13.370223999023438 81.1939697265625
v 27.223819732666016 -10.295166969299316 80.17938995361328
v 26.045398712158203 -10.242862701416016 81.39846801757812
v 27.04939842224121 -13.71038818359375 79.64375305175781
v 12.951299667358398 -34.74214172363281 72.40087890625
v 12.77322006225586 -35.77583694458008 72.671142578125
v 13.642870903015137 -35.44532775878906 72.83829498291016
v 9.482048988342285 -36.514320373535156 70.74079132080078
v 10.528966903686523 -35.69356155395508 71.61441802978516
v 11.356921195983887 -36.13369369506836 72.15911865234375
v 14.422313690185547 -34.50371551513672 72.57705688476562
v 14.894515037536621 -34.006690979003906 72.57811737060547
v 14.88322639465332 -36.06886672973633 72.71887969970703
v 15.63114070892334 -35.008296966552734 72.94599151611328
v 16.58632469177246 -34.42168426513672 72.76406860351562
v 18.548049926757812 -32.781673431396484 71.66162872314453
v 18.311389923095703 -33.870548248291016 72.28602600097656
v 19.185516357421875 -33.689598083496094 71.79476928710938
v 19.750368118286133 -33.69832229614258 69.55543518066406
v 19.205652236938477 -33.370033264160156 69.50736999511719
v 19.2048397064209 -33.09395980834961 69.47943878173828
v 20.02872657775879 -33.40852737426758 71.11225891113281
v 19.452381134033203 -32.57877731323242 70.9024429321289
v 20.381935119628906 -33.41807556152344 70.6791763305664
v 19.630155563354492 -32.546600341796875 70.32764434814453
v 19.878612518310547 -34.00739669799805 69.78218841552734
v 20.296913146972656 -33.51958084106445 70.29328918457031
v 20.34125328063965 -33.67990493774414 70.52376556396484
v 17.54913330078125 -33.154788970947266 72.09857177734375
v 21.084287643432617 -30.9399356842041 72.26786804199219
v 19.81179428100586 -32.31955337524414 70.26179504394531
v 19.300642013549805 -34.52444839477539 69.5070571899414
v 20.24677276611328 -33.666717529296875 70.81523895263672
v 17.386411666870117 -35.043460845947266 69.71041870117188
v 19.089611053466797 -34.38531494140625 69.1774673461914
v 18.37312126159668 -35.42628479003906 71.19220733642578
v 16.846782684326172 -35.784542083740234 72.23170471191406
v 18.362037658691406 -34.39821243286133 72.12057495117188
v 16.56049156188965 -35.05633544921875 72.74327087402344
v 17.11334228515625 -34.40016174316406 72.69635009765625
v 18.87227439880371 -34.27162170410156 69.1592788696289
v 31.208595275878906 -26.837156295776367 76.67884826660156
v 30.32135009765625 -26.477102279663086 74.77218627929688
v 32.26344299316406 -22.41057586669922 78.16170501708984
v 29.69283103942871 -27.849210739135742 75.11801147460938
v 23.74205780029297 -16.487781524658203 85.8669662475586
v 23.642290115356445 -14.206459045410156 83.37709045410156
v 24.516414642333984 -15.714422225952148 84.98064422607422
v 22.020858764648438 -14.515774726867676 84.08563232421875
v 27.85782814025879 -14.48417854309082 78.91993713378906
v 24.374948501586914 -13.587132453918457 82.43479919433594
v 21.620052337646484 -12.931402206420898 84.57698059082031
v 23.19053077697754 -13.89340591430664 83.34274291992188
v 26.416614532470703 -13.878578186035156 80.72686767578125
v 30.481733322143555 -17.676143646240234 78.74789428710938
v 29.922475814819336 -16.856578826904297 79.46424865722656
v 29.106216430664062 -16.181636810302734 81.06645202636719
v 30.382369995117188 -17.83683204650879 81.8795166015625
v 28.904541015625 -16.509523391723633 82.54702758789062
v 27.748088836669922 -16.18290901184082 83.65670776367188
v 25.928138732910156 -15.428268432617188 84.04350280761719
v 10.715692520141602 15.60850715637207 15.481910705566406
v 6.935946464538574 15.300115585327148 14.539417266845703
v 8.428114891052246 17.691041946411133 16.20276641845703
v 10.359837532043457 9.432519912719727 12.68947982788086
v 10.565377235412598 12.96476936340332 14.116050720214844
v 14.220640182495117 11.997182846069336 14.749523162841797
v 27.514888763427734 16.527555465698242 27.167583465576172
v 24.997770309448242 19.488319396972656 27.34559440612793
v 25.2109375 20.84109878540039 29.45306396484375
v 22.932817459106445 17.908733367919922 23.537179946899414
v 21.650766372680664 20.369050979614258 24.747737884521484
v 22.51492691040039 21.51243019104004 26.946762084960938
v 24.529129028320312 17.73055076599121 24.92206382751465
v 20.48709487915039 19.574752807617188 22.984621047973633
v 15.987707138061523 19.25588607788086 19.856700897216797
v 18.486112594604492 21.145864486694336 23.00718116760254
v 6.014427185058594 18.611629486083984 16.390941619873047
v 6.824379920959473 21.290525436401367 18.493839263916016
v 10.46509838104248 18.988771438598633 17.557598114013672
v 6.67243766784668 23.342065811157227 20.275272369384766
v 9.60653305053711 24.58399772644043 22.220321655273438
v 12.2616605758667 20.45176124572754 19.245250701904297
v 3.6674559116363525 23.569604873657227 20.030057907104492
v 5.9841203689575195 25.84819984436035 22.703266143798828
v 13.40966796875 23.9698486328125 23.027963638305664
v 13.057984352111816 17.740297317504883 17.513465881347656
v 32.42657470703125 5.442732334136963 26.4228515625
v 34.07383728027344 6.50580358505249 29.64818572998047
v 33.74493408203125 4.73994779586792 28.301544189453125
v 37.82388687133789 -1.9752583503723145 35.63930892944336
v 36.88822937011719 0.4652867317199707 33.58153533935547
v 37.72889709472656 1.826521396636963 36.41753005981445
v 37.458370208740234 -5.198472023010254 34.692665100097656
v 35.74998474121094 -0.8930177688598633 30.70886993408203
v 38.63851547241211 -0.1026310920715332 39.21966552734375
v 35.619503021240234 9.72526741027832 35.85929870605469
v 36.287071228027344 9.374916076660156 37.8719596862793
v 35.786800384521484 6.727006435394287 33.65068054199219
v 37.629127502441406 4.082112789154053 37.43750762939453
v 36.80300521850586 3.543764591217041 34.483367919921875
v 38.323143005371094 3.1854262351989746 39.88688659667969
v 35.457794189453125 3.139580249786377 30.999853134155273
v 37.24296569824219 7.09761381149292 38.88177490234375
v 33.808902740478516 -0.24624395370483398 27.31072235107422
v 36.14957046508789 -4.730927467346191 31.509733200073242
v 34.535057067871094 9.127893447875977 32.412841796875
v 32.98308563232422 12.017799377441406 31.579315185546875
v 18.208568572998047 23.561676025390625 25.506866455078125
v 17.771556854248047 24.93222999572754 26.996532440185547
v 20.80470848083496 21.97930145263672 25.79114532470703
v 19.54462432861328 24.509599685668945 28.032915115356445
v 16.155311584472656 23.793821334838867 24.339557647705078
v 13.145142555236816 25.621206283569336 24.868499755859375
v 15.728062629699707 25.369916915893555 26.06778335571289
v 8.527376174926758 26.66776466369629 24.32623291015625
v 10.06225872039795 27.426870346069336 25.972352981567383
v 12.781153678894043 27.050809860229492 26.697738647460938
v 5.4727630615234375 27.233518600463867 24.32292938232422
v 4.662302017211914 28.69573402404785 26.35936164855957
v 7.98988151550293 27.79026985168457 25.78724479675293
v 4.721289157867432 29.694719314575195 28.219192504882812
v 7.961404800415039 29.19524574279785 28.24344253540039
v 1.9622225761413574 28.884260177612305 26.295242309570312
v 14.219114303588867 26.9211483001709 27.376781463623047
v 10.541171073913574 29.07096290588379 29.15389633178711
v 12.342411041259766 29.41657829284668 30.98983383178711
v 8.984829902648926 30.637155532836914 31.91120719909668
v 3.996359348297119 31.215654373168945 31.52686309814453
v 2.0685007572174072 30.753103256225586 30.050378799438477
v 6.837193489074707 31.570253372192383 33.53439712524414
v 38.4554557800293 4.330051898956299 42.56269454956055
v 38.71916580200195 -4.595446586608887 38.77675247192383
v 39.047157287597656 -2.152371883392334 40.632179260253906
v 28.489601135253906 16.313222885131836 28.30469512939453
v 28.41942596435547 12.659942626953125 24.961793899536133
v 30.127506256103516 9.855203628540039 25.317237854003906
v 31.417997360229492 8.253976821899414 26.176342010498047
v 31.139846801757812 5.776272296905518 24.79628562927246
v 29.958274841308594 3.722602367401123 22.7930908203125
v 32.09706115722656 3.562117099761963 25.433311462402344
v 31.434167861938477 1.450451374053955 24.14723014831543
v 31.299823760986328 -3.1054563522338867 23.70728302001953
v 30.488239288330078 12.345090866088867 27.47153663635254
v 31.53658103942871 -6.7662739753723145 24.378602981567383
v 33.31351852416992 -8.066485404968262 27.152767181396484
v 33.908775329589844 -5.664042949676514 27.59528160095215
v 29.455764770507812 -6.534114837646484 21.901824951171875
v 35.110687255859375 -4.328501224517822 29.437488555908203
v 14.549440383911133 15.183649063110352 16.455280303955078
v 26.026180267333984 14.427576065063477 23.634960174560547
v 22.699617385864258 14.436012268066406 20.647815704345703
v 25.046180725097656 11.347389221191406 20.77603530883789
v 18.983840942382812 16.96864128112793 19.793426513671875
v 17.563880920410156 15.738508224487305 18.138446807861328
v 24.495771408081055 4.803353786468506 17.971355438232422
v 26.462377548217773 5.72212553024292 19.76922035217285
v 27.599098205566406 2.709068775177002 20.149728775024414
v 20.880577087402344 8.188543319702148 16.390491485595703
v 22.198532104492188 4.5487141609191895 16.278308868408203
v 20.187685012817383 10.45846176147461 16.8258056640625
v 17.85474967956543 7.6934075355529785 14.673553466796875
v 20.019163131713867 3.9082674980163574 14.895156860351562
v 27.869829177856445 8.53883171081543 22.091434478759766
v 26.593473434448242 8.156843185424805 20.678815841674805
v 26.813858032226562 10.297191619873047 21.849960327148438
v 28.542484283447266 6.032434940338135 21.85003662109375
v 24.160358428955078 7.743770122528076 18.506031036376953
v 23.696191787719727 10.366205215454102 19.15017318725586
v 19.90169906616211 13.065431594848633 17.897632598876953
v 3.1400303840637207 32.096282958984375 33.95180130004883
v -0.9688220024108887 32.857704162597656 36.5516357421875
v -2.8821370601654053 31.39693260192871 31.795934677124023
v -1.072761058807373 32.011634826660156 33.417842864990234
v 2.4318811893463135 34.05069351196289 44.25098419189453
v 28.04729652404785 0.4691505432128906 20.290433883666992
v 29.159404754638672 -2.7334442138671875 21.26460838317871
v 31.937490463256836 9.916397094726562 27.916200637817383
v 30.75876808166504 14.542030334472656 30.002586364746094
v -20.374530792236328 -35.534942626953125 71.30689239501953
v -21.441282272338867 -34.8480224609375 71.11750793457031
v -20.23072624206543 -36.06260299682617 70.86324310302734
v -20.072681427001953 -34.73481750488281 71.91824340820312
v -18.743133544921875 -35.20243453979492 72.00431060791016
v -20.69733428955078 -33.84571838378906 71.94601440429688
v -19.166213989257812 -34.388450622558594 72.09861755371094
v -18.800594329833984 -35.97926330566406 71.53560638427734
v -18.40456771850586 -36.605377197265625 71.033203125
v -18.9892520904541 -36.64822769165039 70.61331176757812
v -17.605802536010742 -35.865169525146484 71.73638153076172
v -17.868906021118164 -36.91360092163086 70.65504455566406
v -17.931148529052734 -35.023399353027344 72.00702667236328
v -8.584553718566895 -24.393505096435547 88.27558898925781
v -8.186697006225586 -21.66925811767578 96.88955688476562
v -8.398643493652344 -20.76873779296875 98.77718353271484
v -9.632692337036133 -18.59103775024414 102.10928344726562
v -9.929458618164062 -19.259023666381836 102.39375305175781
v -5.321046829223633 -17.438762664794922 96.06439208984375
v -10.557364463806152 -19.087371826171875 103.13119506835938
v -10.160524368286133 -18.010793685913086 102.54191589355469
v -8.567468643188477 -19.537511825561523 100.29544067382812
v -5.517025947570801 -19.47772216796875 95.60415649414062
v -7.160831451416016 -23.652996063232422 89.70967102050781
v -6.699715614318848 -22.50543975830078 92.49112701416016
v -8.702120780944824 -23.235570907592773 93.69346618652344
v -7.712563514709473 -24.426923751831055 85.59871673583984
v -6.332164764404297 -21.46904182434082 94.12852478027344
v 5.533580780029297 -29.826433181762695 80.88691711425781
v 4.266885757446289 -27.33020782470703 83.39049530029297
v 16.05828857421875 -9.737565994262695 96.32792663574219
v 15.598189353942871 -9.032344818115234 96.88072204589844
v 15.796404838562012 -9.381850242614746 96.97714233398438
v 16.17544937133789 -10.534387588500977 95.56954956054688
v 15.992690086364746 -10.318798065185547 96.76995849609375
v 15.728062629699707 -10.620645523071289 97.10035705566406
v 15.5194730758667 -9.870598793029785 97.58349609375
v 15.502182960510254 -10.399900436401367 97.49249267578125
v 16.095308303833008 -9.850953102111816 94.89303588867188
v 15.33508586883545 -9.500819206237793 97.63250732421875
v 14.851188659667969 -9.662203788757324 97.86048889160156
v 13.69657039642334 -9.65190315246582 97.66297912597656
v 13.956722259521484 -10.067012786865234 97.79730987548828
v 15.116631507873535 -17.2697696685791 86.43962097167969
v 16.152667999267578 -14.368232727050781 87.32133483886719
v 15.861800193786621 -12.302173614501953 94.07959747314453
v 14.39342975616455 -16.56001853942871 89.73799896240234
v 14.95970630645752 -17.17542839050293 86.71286010742188
v 15.500861167907715 -12.121976852416992 95.46408081054688
v 9.708335876464844 -16.622028350830078 92.41310119628906
v 14.544254302978516 -11.459089279174805 97.19646453857422
v 13.225486755371094 -11.555116653442383 96.99156951904297
v 14.412550926208496 -10.716041564941406 97.71429443359375
v 13.974013328552246 -13.456750869750977 95.14311981201172
v 13.918381690979004 -16.279300689697266 91.06002807617188
v 15.271319389343262 -11.416540145874023 96.83628845214844
v 15.003233909606934 -11.008270263671875 97.42864227294922
v 8.746034622192383 -15.917314529418945 92.79786682128906
v 11.17131519317627 -16.993797302246094 91.92584991455078
v 14.940686225891113 -10.063647270202637 97.86558532714844
v 18.002622604370117 -18.70842170715332 84.87066650390625
v 17.52360725402832 -19.864709854125977 84.64009094238281
v 18.627378463745117 -21.69350814819336 85.80339050292969
v 20.127376556396484 -23.12974739074707 87.00837707519531
v 7.264544486999512 -16.902368545532227 95.12382507324219
v 6.783801078796387 -15.649980545043945 94.71576690673828
v 5.296006202697754 -19.492307662963867 99.28791809082031
v -4.723548889160156 -16.500181198120117 95.49779510498047
v -4.657443046569824 -17.306501388549805 95.73507690429688
v -4.190021514892578 -15.530874252319336 95.1476058959961
v -4.001669883728027 -13.830541610717773 94.02534484863281
v -1.061065435409546 -17.152238845825195 98.54679107666016
v -1.6273407936096191 -14.491004943847656 96.01461791992188
v -0.20656728744506836 -21.242704391479492 102.04025268554688
v -5.384203910827637 -20.428110122680664 95.36175537109375
v -5.873897552490234 -20.69609260559082 94.90493774414062
v -5.089980125427246 -19.20452308654785 95.80765533447266
v -5.084081649780273 -18.100778579711914 95.81462097167969
v -0.9299716949462891 -22.351722717285156 101.76385498046875
v 0.5087010860443115 -22.96251678466797 103.4210205078125
v 0.11369156837463379 -23.37129783630371 103.09282684326172
v 2.3843865394592285 -23.30476951599121 104.15129089355469
v 1.6346410512924194 -23.25283432006836 104.13717651367188
v 1.6634228229522705 -23.95115089416504 104.18988037109375
v 1.0338890552520752 -22.728286743164062 103.70512390136719
v 1.1721017360687256 -23.69386863708496 104.01438903808594
v 1.0756884813308716 -16.467283248901367 98.57762145996094
v -0.002350330352783203 -15.805948257446289 97.79976654052734
v 0.7035616636276245 -19.422500610351562 101.14450073242188
v 2.2095611095428467 -21.053543090820312 102.7247314453125
v 2.6112828254699707 -21.934619903564453 103.33282470703125
v 1.5794172286987305 -21.938051223754883 103.43402099609375
v 3.72145938873291 -22.286958694458008 102.84390258789062
v 2.8196702003479004 -23.108078002929688 103.91151428222656
v 4.665658950805664 -23.061145782470703 101.88357543945312
v 3.769869327545166 -23.42520523071289 103.16780090332031
v 4.657115459442139 -24.105512619018555 101.59783935546875
v 5.4204888343811035 -14.68576431274414 95.16836547851562
v 3.9734764099121094 -20.30160903930664 101.20149993896484
v 3.3440442085266113 -17.760812759399414 99.35562133789062
v 3.0456509590148926 -24.066640853881836 103.84765625
v 3.4752395153045654 -24.74705696105957 102.95878601074219
v 2.167253017425537 -15.784992218017578 97.86825561523438
v 6.246103286743164 -26.272705078125 83.94345092773438
v 7.164368629455566 -25.58634376525879 84.64930725097656
v 6.608365058898926 -26.279979705810547 87.20364379882812
v 2.983511447906494 -28.063486099243164 85.8218994140625
v 3.89821720123291 -28.059057235717773 87.39321899414062
v 8.139485359191895 -24.600940704345703 88.89016723632812
v 8.909773826599121 -23.75724983215332 84.95952606201172
v 8.94547176361084 -23.39275360107422 88.65721130371094
v 7.561208724975586 -25.35639762878418 87.75552368164062
v 6.839634895324707 -25.832509994506836 91.33147430419922
v 5.058328628540039 -27.36465835571289 90.78372955322266
v 4.8706889152526855 -27.484949111938477 87.41445922851562
v 4.136605739593506 -27.924915313720703 90.26300048828125
v 2.1307425498962402 -28.610586166381836 87.4976806640625
v 1.8636735677719116 -28.701398849487305 88.81057739257812
v -11.62147045135498 -12.180290222167969 96.49623107910156
v -11.623808860778809 -16.800254821777344 102.34745788574219
v -9.630861282348633 -10.87126350402832 94.79701232910156
v -12.38830280303955 -11.371683120727539 95.01504516601562
v -7.737277030944824 -12.72235107421875 96.24853515625
v -6.672459602355957 -10.527280807495117 93.10198974609375
v -8.582621574401855 -11.725790977478027 95.59901428222656
v -10.554821968078613 -8.889908790588379 91.81651306152344
v -5.6758832931518555 -13.589876174926758 95.27894592285156
v -10.477630615234375 -17.58652114868164 102.58193969726562
v -10.620927810668945 -16.81496238708496 102.06492614746094
v -11.538888931274414 -18.044918060302734 103.42015838623047
v 12.369261741638184 -17.5711727142334 90.55894470214844
v 12.266440391540527 -18.721498489379883 88.5975341796875
v 13.816171646118164 -17.376380920410156 89.18507385253906
v 12.641109466552734 -19.501502990722656 86.32627868652344
v 9.4670991897583 -21.715740203857422 90.29534912109375
v 10.253355026245117 -19.902223587036133 88.09718322753906
v 9.816953659057617 -18.92293930053711 90.32844543457031
v 10.531307220458984 -20.656770706176758 86.36154174804688
v 10.163248062133789 -18.866670608520508 89.85163116455078
v 9.341395378112793 -17.272472381591797 91.96011352539062
v 8.567140579223633 -16.136117935180664 92.7353515625
v 10.262508392333984 -20.787607192993164 86.5448989868164
v 18.858951568603516 -17.1746826171875 85.03385925292969
v 20.63008689880371 -15.428298950195312 84.69577026367188
v 17.08201789855957 -20.90213394165039 84.27247619628906
v -4.247279167175293 -12.313034057617188 93.12544250488281
v -4.399628639221191 -14.67324447631836 94.60157775878906
v 8.811224937438965 -18.687591552734375 93.42781829833984
v 8.975778579711914 -21.119274139404297 92.95008087158203
v 9.107787132263184 -17.579004287719727 92.17784881591797
v 8.116093635559082 -18.141624450683594 94.59785461425781
v 8.809292793273926 -23.232160568237305 90.65557861328125
v 7.824108123779297 -20.405746459960938 95.87396240234375
v 7.478525161743164 -15.066844940185547 93.3415756225586
v 8.511713027954102 -22.550012588500977 93.29840087890625
v 8.543037414550781 -20.18102264404297 94.34889221191406
v 7.856449127197266 -21.8325138092041 95.655029296875
v 7.459404945373535 -23.149629592895508 95.81901550292969
v 7.823091506958008 -24.15379524230957 93.04254150390625
v 5.680743217468262 -26.520475387573242 93.46934509277344
v 6.227899551391602 -25.848892211914062 94.16521453857422
v 6.869637489318848 -24.45659065246582 95.70207214355469
v 5.678709983825684 -25.35741424560547 97.2828369140625
v 4.465305805206299 -26.370065689086914 97.5611572265625
v 4.333297252655029 -25.360891342163086 100.62725830078125
v -3.8722035884857178 -26.19078254699707 92.68367004394531
v -4.953394889831543 -25.222248077392578 92.30799865722656
v -4.292943000793457 -26.224868774414062 91.16787719726562
v -3.296978235244751 -27.052968978881836 91.75196838378906
v -4.429936408996582 -26.446943283081055 90.45956420898438
v -2.451124906539917 -26.997106552124023 93.62784576416016
v -0.852576732635498 -28.045839309692383 92.03939819335938
v -3.7453815937042236 -27.313426971435547 88.86686706542969
v -2.939293622970581 -27.826370239257812 88.53245544433594
v -2.26012921333313 -27.896699905395508 89.58840942382812
v 0.12335324287414551 -28.723155975341797 88.38552856445312
v 2.4837491512298584 -28.369020462036133 91.53015899658203
v 3.6422338485717773 -27.854230880737305 91.67122650146484
v 3.47981595993042 -27.858903884887695 93.29691314697266
v -0.1317148208618164 -28.118741989135742 93.32321166992188
v 0.8591654300689697 -28.38324737548828 92.43751525878906
v -1.2620279788970947 -27.779296875 93.35598754882812
v -1.377256155014038 -25.803319931030273 98.39044952392578
v 1.8143481016159058 -27.879186630249023 95.15388488769531
v 0.023380279541015625 -27.38705062866211 96.34074401855469
v -1.9680416584014893 -25.222326278686523 98.30783081054688
v -0.9319040775299072 -24.716434478759766 100.84129333496094
v 0.4196103811264038 -25.997758865356445 100.79768371582031
v -1.0015699863433838 -23.91830062866211 101.41146850585938
v 0.11816644668579102 -24.945280075073242 102.22819519042969
v 2.378488063812256 -26.836576461791992 99.09364318847656
v 1.4260509014129639 -26.307872772216797 100.91898345947266
v 3.3441457748413086 -26.25242805480957 100.12239074707031
v 1.1604058742523193 -25.330686569213867 102.87652587890625
v 0.584977388381958 -24.26617431640625 103.37258911132812
v 1.1710845232009888 -24.26200294494629 103.88117980957031
v 1.7776339054107666 -25.485219955444336 102.92433166503906
v 1.5705690383911133 -24.773035049438477 103.76846313476562
v 1.6647448539733887 -24.31369400024414 104.08877563476562
v 2.0985028743743896 -24.832094192504883 103.80191040039062
v 2.5223960876464844 -25.323747634887695 103.0833969116211
v 2.3589611053466797 -24.533842086791992 103.99581909179688
v 2.646573305130005 -25.69639015197754 102.31942749023438
v 2.841332197189331 -24.66179847717285 103.67190551757812
v 3.4739174842834473 -25.268301010131836 102.27801513671875
v -1.1801581382751465 -23.125534057617188 101.44229125976562
v -5.903390884399414 -21.509851455688477 94.26956176757812
v -2.6677496433258057 -27.705110549926758 90.53910827636719
v -2.0535728931427 -27.912525177001953 91.27503967285156
v -1.7873175144195557 -28.171829223632812 90.36787414550781
v -0.9029192924499512 -28.393638610839844 90.89680480957031
v -3.0364186763763428 -27.36686897277832 89.97994995117188
v -1.0539464950561523 -28.429655075073242 88.67901611328125
v -6.7364301681518555 -23.258487701416016 91.14289855957031
v -6.372845649719238 -22.16680145263672 93.14656829833984
v -5.433223724365234 -25.54221534729004 89.65821075439453
v -5.0850982666015625 -24.268112182617188 93.54505920410156
v -4.494415283203125 -26.453102111816406 89.61817932128906
v -7.328944206237793 -24.488704681396484 85.09428405761719
v -7.059638023376465 -24.051651000976562 88.22480773925781
v -5.295519828796387 -26.03455924987793 88.90884399414062
v -6.662594795227051 -24.88005828857422 85.12673950195312
v -5.500245094299316 -26.052701950073242 84.16386413574219
v -4.548011779785156 -26.70728302001953 87.34321594238281
v -4.599676132202148 -26.544954299926758 88.81729125976562
v -2.3849170207977295 -28.016868591308594 87.65354919433594
v 6.58131217956543 33.69544982910156 52.45930099487305
v 3.907979965209961 34.14393997192383 49.28251647949219
v 0.37374281883239746 33.961944580078125 54.04853820800781
v 0.7865501642227173 34.17856216430664 51.6136360168457
v -2.2687737941741943 33.589813232421875 56.518089294433594
v -2.6362221240997314 34.037471771240234 52.77552032470703
v -5.20927619934082 32.77894973754883 59.7405891418457
v 7.284479141235352 33.17604446411133 55.796165466308594
v 4.963746070861816 32.766117095947266 59.67366027832031
v 6.6152801513671875 32.9251708984375 57.93369674682617
v 4.291802406311035 33.44428253173828 56.48106002807617
v 10.431334495544434 33.085227966308594 51.232330322265625
v -0.09601736068725586 33.2945556640625 58.50585174560547
v -0.6805992126464844 32.84117126464844 60.46769714355469
v 9.355533599853516 32.41887664794922 57.99250793457031
v 12.102802276611328 32.25585174560547 54.85291290283203
v 3.3874709606170654 32.314659118652344 61.81103515625
v 32.487186431884766 18.261959075927734 54.0406379699707
v 31.010988235473633 20.452777862548828 52.24396896362305
v 30.34504508972168 20.666946411132812 55.44343566894531
v 30.28422737121582 21.419677734375 48.06678771972656
v 28.311824798583984 23.436382293701172 49.61786651611328
v 31.731136322021484 19.710533142089844 47.49861526489258
v 33.14814758300781 17.767974853515625 50.158531188964844
v 31.520313262939453 19.638324737548828 43.647064208984375
v 30.006479263305664 21.481721878051758 44.71132278442383
v 31.05258560180664 19.114501953125 38.732452392578125
v 29.525226593017578 20.423913955688477 37.305999755859375
v 33.83524703979492 16.081058502197266 42.202178955078125
v 33.13106155395508 17.838613510131836 48.17484664916992
v 26.527976989746094 21.01321029663086 31.7293701171875
v 25.25019645690918 23.296655654907227 33.96271514892578
v 27.18181610107422 22.397357940673828 36.18876647949219
v 24.755516052246094 25.229887008666992 38.92107009887695
v 23.946989059448242 26.488786697387695 42.26078796386719
v 25.749956130981445 25.248308181762695 43.2769775390625
v 23.5372314453125 27.271909713745117 51.261024475097656
v 21.329389572143555 28.476770401000977 53.545143127441406
v 25.608997344970703 25.671533584594727 52.06049728393555
v 24.359798431396484 26.49290657043457 53.29370880126953
v 27.994718551635742 23.51401138305664 53.21080780029297
v 23.09584617614746 27.496686935424805 45.75775146484375
v 20.466754913330078 29.135499954223633 45.541690826416016
v 21.739856719970703 28.481122970581055 47.82493591308594
v 22.039369583129883 27.87151527404785 42.58135223388672
v 25.859081268310547 25.510351181030273 46.98807144165039
v 20.534284591674805 29.136587142944336 51.61195373535156
v 27.64293098449707 23.773530960083008 44.37413024902344
v 28.372947692871094 22.331384658813477 57.22578811645508
v 25.15561294555664 24.048147201538086 61.02385330200195
v 26.078149795532227 22.606277465820312 62.63269805908203
v 27.272533416748047 23.828039169311523 55.19792556762695
v 29.887285232543945 18.336095809936523 33.531333923339844
v 23.887798309326172 26.32831382751465 56.28721618652344
v 21.48478889465332 27.040334701538086 60.03948211669922
v 18.340679168701172 29.714200973510742 55.9853401184082
v 27.929630279541016 22.716415405273438 39.7236442565918
v 29.9870548248291 20.65721893310547 56.96549987792969
v 24.028553009033203 24.930776596069336 35.71778869628906
v 36.7878532409668 9.980522155761719 42.1574821472168
v 35.48434066772461 12.476472854614258 40.279232025146484
v 35.91952133178711 12.780941009521484 46.44306182861328
v 37.593231201171875 7.338128566741943 41.519649505615234
v 36.39579391479492 11.693330764770508 49.60593032836914
v 35.48515319824219 13.438104629516602 51.90597152709961
v 37.361446380615234 9.214670181274414 46.673675537109375
v 37.321075439453125 9.057506561279297 51.11610794067383
v 38.25184631347656 6.252228260040283 47.55851364135742
v 38.58441162109375 4.754908084869385 46.189208984375
v 33.5819091796875 13.315109252929688 34.51136779785156
v 34.568416595458984 13.649511337280273 38.51042556762695
v 34.916133880615234 14.832708358764648 46.7873420715332
v 32.62519836425781 15.487615585327148 35.27625274658203
v 34.74333953857422 15.168720245361328 49.05901336669922
v 3.1503021717071533 34.16352081298828 46.723426818847656
v 36.34748077392578 -0.25650644302368164 64.96366882324219
v 35.552886962890625 1.4639019966125488 66.35653686523438
v 34.83456802368164 -0.7571616172790527 68.73602294921875
v 32.17445755004883 1.403578281402588 72.96875
v 31.536378860473633 -0.779015064239502 74.55143737792969
v 33.994407653808594 1.2039446830749512 69.81071472167969
v 28.773042678833008 2.8285088539123535 77.26470947265625
v 28.970645904541016 -0.4848475456237793 77.91586303710938
v 20.211483001708984 26.095083236694336 31.68558692932129
v 17.8846492767334 27.27475929260254 31.29034996032715
v 16.50425148010254 28.863245010375977 33.538631439208984
v 18.221994400024414 28.531049728393555 35.10723114013672
v 21.72287368774414 23.400854110717773 28.747249603271484
v 15.230435371398926 28.32206153869629 30.811466217041016
v 17.572729110717773 29.17079734802246 36.24276351928711
v 14.827492713928223 29.170679092407227 32.449241638183594
v 11.715115547180176 30.570642471313477 33.569793701171875
v 13.555815696716309 30.526456832885742 35.275360107421875
v 9.901163101196289 31.833662033081055 36.5445556640625
v 12.855802536010742 31.62040901184082 39.144405364990234
v 38.9108772277832 2.9174418449401855 49.96171569824219
v 38.07234573364258 6.482469081878662 51.334075927734375
v 37.89263916015625 5.705562114715576 54.89439010620117
v 38.518104553222656 3.054652690887451 54.40211486816406
v 37.53322219848633 4.301380634307861 58.33986282348633
v 38.37754821777344 1.4514374732971191 56.91267013549805
v 39.2015380859375 0.6966395378112793 50.53351593017578
v 37.29188537597656 7.7381911277771 55.05812072753906
v 35.9547119140625 10.656593322753906 56.77458572387695
v 36.637229919433594 7.48699426651001 58.47998046875
v 36.740966796875 4.771792888641357 60.82556915283203
v 37.19974136352539 2.3853259086608887 61.073387145996094
v 34.27266311645508 5.574244022369385 67.06031799316406
v 35.16011428833008 6.635063648223877 64.11273193359375
v 34.122249603271484 9.053865432739258 64.70014953613281
v 35.43216323852539 9.514827728271484 60.343666076660156
v 33.4465446472168 11.946329116821289 63.408470153808594
v 35.227237701416016 4.043175220489502 65.79361724853516
v 32.51190185546875 10.901691436767578 66.68386840820312
v 32.519935607910156 8.037206649780273 69.01974487304688
v 30.416034698486328 12.338312149047852 69.42788696289062
v 28.11177635192871 17.740392684936523 67.40784454345703
v 27.187307357788086 20.89052391052246 64.0394058227539
v 25.89406967163086 19.94976043701172 67.73403930664062
v 21.788978576660156 25.802873611450195 63.04474639892578
v 21.451635360717773 24.799814224243164 65.69908142089844
v 24.269079208374023 22.191267013549805 66.50128173828125
v 19.46041488647461 27.822816848754883 61.43218994140625
v 19.483198165893555 26.58473014831543 64.57801818847656
v 28.04821014404297 19.094451904296875 31.252683639526367
v 15.447467803955078 30.801279067993164 39.45603942871094
v 17.31460952758789 29.985509872436523 39.33230209350586
v 9.5554780960083 33.356178283691406 47.356727600097656
v 6.833329200744629 33.84320068359375 49.0838737487793
v 9.774543762207031 33.250221252441406 45.725040435791016
v 6.980084419250488 33.61948013305664 44.01286697387695
v 13.671652793884277 32.27202224731445 48.01725387573242
v 12.557917594909668 32.375606536865234 52.913536071777344
v 15.492521286010742 31.614267349243164 46.90669250488281
v 12.869022369384766 32.38068389892578 44.60813522338867
v 11.262948989868164 32.54533767700195 42.029659271240234
v 5.683387756347656 33.473175048828125 41.29259490966797
v 14.491470336914062 31.612581253051758 42.31888198852539
v 6.7708845138549805 32.541053771972656 37.143646240234375
v 18.385021209716797 30.354467391967773 47.11457824707031
v 15.59127426147461 31.493894577026367 51.415443420410156
v 18.40831184387207 30.18632698059082 44.49068832397461
v 32.264869689941406 3.60548734664917 71.97821044921875
v 32.44986343383789 6.4033589363098145 70.20690155029297
v 30.069231033325195 7.17235803604126 73.6661605834961
v 30.494140625 9.846735000610352 71.32333374023438
v -1.6947689056396484 31.36309242248535 64.98699951171875
v 2.7033228874206543 30.775968551635742 66.22494506835938
v 5.567142486572266 31.802934646606445 62.75211715698242
v 10.625685691833496 31.101041793823242 61.978660583496094
v 7.627315521240234 31.990476608276367 61.1602783203125
v 6.083380699157715 31.054250717163086 64.67329406738281
v 35.95267868041992 11.593910217285156 54.91525650024414
v 34.319244384765625 14.540555953979492 56.23256301879883
v 33.70903396606445 16.378267288208008 54.01877212524414
v 30.092214584350586 19.740739822387695 59.370548248291016
v 32.19225311279297 17.183942794799805 58.645957946777344
v 32.58970642089844 17.195701599121094 57.128387451171875
v 29.609333038330078 19.230220794677734 61.922645568847656
v 30.87419891357422 17.81650733947754 61.43043518066406
v 33.359283447265625 15.250909805297852 58.58321762084961
v 34.166893005371094 11.85335922241211 61.42347717285156
v 32.86480712890625 13.62807846069336 62.836204528808594
v 29.16510009765625 18.468515396118164 64.33458709716797
v 31.212358474731445 15.332685470581055 64.57636260986328
v 30.02031135559082 17.73103904724121 63.69081497192383
v 28.048315048217773 14.080671310424805 71.6685562133789
v -3.0108911991119385 32.41937255859375 61.72844696044922
v 11.915366172790527 31.24320411682129 60.30983352661133
v 13.928349494934082 30.956697463989258 58.89112854003906
v 18.474925994873047 28.967912673950195 59.22496795654297
v 16.107511520385742 29.1433162689209 62.36857604980469
v 16.038965225219727 30.131181716918945 59.0517578125
v 14.084663391113281 29.067304611206055 64.68843078613281
v 14.447535514831543 31.291593551635742 56.22800064086914
v 17.069610595703125 30.71843147277832 53.0096321105957
v 22.63524055480957 26.95811653137207 39.665462493896484
v 19.415462493896484 28.966970443725586 39.64573669433594
v 23.898578643798828 23.350343704223633 31.632244110107422
v 32.85636520385742 17.494117736816406 41.71725082397461
v 32.1611328125 17.021690368652344 37.029136657714844
v -13.578516006469727 -23.57322120666504 90.64879608154297
v -15.252018928527832 -21.529678344726562 93.84613037109375
v -15.460709571838379 -22.187192916870117 89.98831939697266
v -14.37300968170166 -23.301021575927734 88.03069305419922
v -11.731307029724121 -24.520233154296875 87.94227600097656
v -9.24663257598877 -24.74320411682129 84.39592742919922
v -14.278428077697754 -21.25592613220215 97.5082778930664
v -22.382328033447266 4.467830181121826 83.96253967285156
v -24.579797744750977 -0.6875224113464355 83.70027160644531
v -25.522470474243164 -18.51246452331543 86.20982360839844
v -27.69024085998535 -18.48040008544922 87.20341491699219
v -27.55721664428711 -20.168853759765625 87.63693237304688
v -24.72218132019043 -20.14923095703125 85.9935302734375
v -22.908735275268555 -17.809141159057617 84.01966857910156
v -22.063695907592773 -19.499841690063477 83.53498840332031
v -26.00128173828125 -22.001850128173828 86.85948181152344
v -24.846763610839844 -21.986234664916992 86.0220947265625
v -23.66112518310547 -21.492443084716797 85.03202819824219
v -26.164413452148438 -20.350872039794922 86.97071075439453
v -29.284317016601562 -21.34217071533203 88.47470092773438
v -29.084880828857422 -20.48565673828125 88.25851440429688
v -31.682647705078125 -24.713613510131836 89.37744140625
v -35.988494873046875 -24.410593032836914 91.2728271484375
v -34.789432525634766 -24.58794593811035 90.97859954833984
v -34.210853576660156 -25.35521697998047 90.72341918945312
v -22.789236068725586 -17.035253524780273 83.91471099853516
v -24.067729949951172 -15.556442260742188 83.92627716064453
v -18.458877563476562 -15.16900634765625 86.77598571777344
v -21.9819278717041 -18.854223251342773 83.6624984741211
v -26.440025329589844 -16.740015029907227 85.86083984375
v -15.593533515930176 -12.726811408996582 93.42838287353516
v -16.379587173461914 -12.92678165435791 92.09282684326172
v -16.585124969482422 -11.184520721435547 88.9066390991211
v -17.455997467041016 -12.40734577178955 88.32273864746094
v -17.71014976501465 -12.353925704956055 87.87720489501953
v -14.963288307189941 -11.619722366333008 92.85106658935547
v -14.66855525970459 -13.596868515014648 96.04459381103516
v -17.46586036682129 -19.121543884277344 88.53443908691406
v -17.256254196166992 -20.129907608032227 85.19122314453125
v -16.44416618347168 -21.17903709411621 87.69908142089844
v -16.73472785949707 -20.77324676513672 85.62542724609375
v -15.496508598327637 -22.361539840698242 84.58238220214844
v -16.408266067504883 -20.760467529296875 90.98890686035156
v -18.20380973815918 -17.5748233795166 86.06834411621094
v -17.985963821411133 -15.589799880981445 89.20732879638672
v -18.398670196533203 -15.911394119262695 86.63673400878906
v -17.601226806640625 -17.992849349975586 90.24488830566406
v -16.986337661743164 -17.35932159423828 93.516845703125
v -17.20631980895996 -18.742708206176758 91.50111389160156
v -15.802327156066895 -18.548734664916992 97.06697082519531
v -16.315309524536133 -20.355361938476562 92.77098083496094
v -15.92884349822998 -19.961362838745117 95.14076232910156
v -16.612075805664062 -16.11262321472168 94.49795532226562
v -15.822361946105957 -15.529869079589844 96.08512115478516
v -17.141027450561523 -14.009730339050293 91.40494537353516
v -17.6653995513916 -14.556390762329102 90.11265563964844
v -14.130858421325684 -9.306487083435059 90.21243286132812
v -15.625672340393066 -10.149965286254883 89.38566589355469
v -13.344703674316406 -9.534778594970703 91.21826934814453
v -14.067399024963379 -11.227275848388672 93.40696716308594
v -11.993597984313965 -8.867012023925781 91.24356079101562
v -20.272930145263672 -8.651409149169922 86.96504211425781
v -13.889317512512207 -23.515771865844727 84.41795349121094
v -11.869317054748535 -24.546937942504883 84.04365539550781
v -13.089433670043945 -23.931856155395508 84.35757446289062
v -12.810261726379395 -24.182952880859375 87.548095703125
v -10.965086936950684 -24.64982795715332 84.31698608398438
v -8.045433044433594 -30.653337478637695 80.115478515625
v -5.250567436218262 -29.7039852142334 81.50054168701172
v -18.655670166015625 -33.641109466552734 71.72187805175781
v -17.272321701049805 -34.260658264160156 71.59050750732422
v -15.337042808532715 -35.090145111083984 71.12891387939453
v -17.02823829650879 -35.638267517089844 71.7657699584961
v -27.69949722290039 -17.091144561767578 86.529052734375
v -28.995586395263672 -17.313302993774414 86.93421936035156
v -26.930532455444336 -14.990039825439453 84.7618408203125
v -25.741130828857422 -13.318318367004395 82.98884582519531
v -36.30967330932617 -23.495426177978516 90.91545104980469
v -20.654109954833984 27.43946647644043 34.79967498779297
v -24.05125617980957 25.937334060668945 37.270294189453125
v -19.834190368652344 28.89872169494629 38.888511657714844
v -18.258220672607422 28.7816219329834 35.17478561401367
v -20.235200881958008 29.55168342590332 44.851783752441406
v -18.455724716186523 30.25714683532715 43.163978576660156
v -17.726015090942383 30.032285690307617 39.625091552734375
v -17.921892166137695 28.249483108520508 32.93346405029297
v -13.435015678405762 31.13762855529785 37.557273864746094
v -2.9779398441314697 27.088895797729492 23.69834327697754
v -4.561944007873535 27.98911476135254 25.180164337158203
v -0.5077061653137207 28.119321823120117 24.989700317382812
v 1.6958656311035156 26.881513595581055 23.350948333740234
v -17.107057571411133 26.861299514770508 28.96892547607422
v -20.293882369995117 25.917776107788086 30.334474563598633
v -17.26001739501953 28.022371292114258 31.55116081237793
v -19.832969665527344 24.843181610107422 27.843250274658203
v -22.369718551635742 23.70284080505371 28.775482177734375
v -14.780426979064941 26.958066940307617 27.415708541870117
v -17.87775421142578 24.455459594726562 25.629131317138672
v -14.6449613571167 29.544172286987305 33.05990982055664
v -12.749748229980469 28.387300491333008 28.904325485229492
v -10.430542945861816 29.75006675720215 30.50152587890625
v -10.451290130615234 27.740140914916992 26.51381492614746
v -5.975192070007324 29.359426498413086 27.857383728027344
v -6.418103218078613 28.463205337524414 26.350791931152344
v -10.807754516601562 26.6008358001709 24.90540313720703
v -7.772465705871582 26.196165084838867 23.43740463256836
v -4.882102012634277 25.954267501831055 22.55278778076172
v -22.608409881591797 14.164270401000977 19.413005828857422
v -24.902904510498047 13.604726791381836 20.86007308959961
v -23.639768600463867 15.714853286743164 21.233718872070312
v -25.440500259399414 16.868854522705078 23.75244903564453
v -22.19723129272461 19.62171173095703 23.33293342590332
v -20.529220581054688 15.772153854370117 19.06546401977539
v -24.122650146484375 10.691129684448242 18.68826675415039
v -27.075761795043945 11.746818542480469 21.725297927856445
v -22.539457321166992 8.548017501831055 16.79336929321289
v -19.3847713470459 12.660329818725586 16.691295623779297
v -20.69692611694336 21.21673011779785 23.755786895751953
v -22.28276252746582 20.93091583251953 24.770423889160156
v -20.481624603271484 22.843597412109375 25.493755340576172
v -18.712827682495117 18.666719436645508 20.13016128540039
v -20.895753860473633 18.525527954101562 21.386350631713867
v -15.80883502960205 21.005168914794922 20.69001579284668
v -17.302934646606445 22.353599548339844 22.740623474121094
v -16.660078048706055 17.03369903564453 17.913375854492188
v -20.563087463378906 9.830842971801758 16.098743438720703
v -17.330291748046875 11.911935806274414 15.399360656738281
v -17.691537857055664 8.93348503112793 14.453346252441406
v -17.953014373779297 14.639032363891602 17.027698516845703
v -14.020920753479004 13.655023574829102 15.02322769165039
v -13.444474220275879 17.9437198638916 17.344688415527344
v -13.674931526184082 20.279048919677734 19.20754623413086
v -8.732327461242676 22.046255111694336 19.363548278808594
v -10.534074783325195 20.552045822143555 18.49331283569336
v -15.970541954040527 10.46450424194336 14.30710220336914
v -11.794160842895508 12.377546310424805 13.843585968017578
v -9.913897514343262 10.047853469848633 12.521076202392578
v -0.14544463157653809 29.74864387512207 27.78937339782715
v -6.677544593811035 31.016538619995117 31.861249923706055
v -1.8362362384796143 30.30878257751465 29.053264617919922
v -2.6814796924591064 18.96876335144043 16.206005096435547
v -2.187514066696167 22.811769485473633 19.164230346679688
v -0.11249327659606934 20.94809913635254 17.600204467773438
v 0.9146944284439087 23.71454429626465 19.970624923706055
v 1.4025577306747437 17.274232864379883 15.13150405883789
v 4.599043369293213 22.197052001953125 18.905080795288086
v -11.719408988952637 15.624044418334961 15.411323547363281
v -7.656119346618652 13.186300277709961 13.418018341064453
v -2.6814796924591064 15.574653625488281 14.149593353271484
v -3.7311432361602783 11.998374938964844 12.499664306640625
v -6.10689640045166 16.506484985351562 14.928665161132812
v -7.452816963195801 19.502241134643555 17.068016052246094
v -10.354267120361328 17.90924644470215 16.496719360351562
v -4.136933326721191 22.04550552368164 18.635414123535156
v -23.232555389404297 21.967870712280273 27.06928062438965
v -15.588040351867676 24.305002212524414 24.0162353515625
v -9.673779487609863 24.332990646362305 21.802963256835938
v 19.486248016357422 -8.70050048828125 86.48223114013672
v 18.975299835205078 -6.558659553527832 86.85359191894531
v 15.786846160888672 -9.434415817260742 88.45729064941406
v 16.127952575683594 -11.308323860168457 88.3216552734375
v 15.701008796691895 -10.006963729858398 88.72016906738281
v 16.3828182220459 -11.70152759552002 87.79718017578125
v 15.73172378540039 -9.021644592285156 95.59961700439453
v 15.234402656555176 -8.53774356842041 96.08734130859375
v 14.948722839355469 -8.943042755126953 97.46858215332031
v 13.1549072265625 -8.078428268432617 95.59635925292969
v 13.501506805419922 -8.638554573059082 96.87262725830078
v 14.379599571228027 -8.155057907104492 95.85638427734375
v 14.693756103515625 -8.452433586120605 96.78610229492188
v 13.046696662902832 -7.214194297790527 90.16458129882812
v 11.701181411743164 -6.898688793182373 90.78195190429688
v 14.718366622924805 -8.55417251586914 89.55816650390625
v 16.62456512451172 -0.8217368125915527 87.69303131103516
v 16.156837463378906 -4.96090841293335 88.35203552246094
v 19.671649932861328 -3.8460545539855957 86.3446044921875
v 13.580629348754883 -7.337863922119141 89.7988052368164
v 15.045439720153809 -8.824954986572266 89.04917907714844
v 10.863566398620605 -6.9853129386901855 91.30801391601562
v 9.377195358276367 -7.4802751541137695 92.02378845214844
v 14.202435493469238 -8.990791320800781 97.53865814208984
v 13.26626968383789 -9.093424797058105 97.15513610839844
v 16.330848693847656 -14.243940353393555 87.13893127441406
v 7.7428483963012695 -14.714176177978516 93.14947509765625
v 12.569816589355469 -10.95720100402832 96.95161437988281
v 6.7712907791137695 -13.16191291809082 93.09149932861328
v 6.807394981384277 -10.120620727539062 92.69073486328125
v 1.4190332889556885 -13.173282623291016 95.29183197021484
v 0.22098684310913086 -11.262897491455078 93.1961669921875
v -1.3078956604003906 -11.430808067321777 93.15638732910156
v 4.356383323669434 -14.580023765563965 95.82077026367188
v -21.943382263183594 10.07535171508789 81.99012756347656
v -22.536609649658203 7.7926411628723145 82.63954162597656
v -22.469995498657227 12.213375091552734 80.48851776123047
v -24.314762115478516 11.681539535522461 79.37753295898438
v -23.259199142456055 15.801492691040039 77.3122787475586
v -20.05315399169922 -2.1321492195129395 86.8876724243164
v -23.163497924804688 -2.996647834777832 85.04853057861328
v -20.235912322998047 1.3536734580993652 86.15044403076172
v -18.7880859375 -3.8115742206573486 87.76655578613281
v -20.23001480102539 -6.295937538146973 87.06326293945312
v -17.695810317993164 -0.336916446685791 87.91715240478516
v -18.05735969543457 2.3369879722595215 87.11665344238281
v -20.19512939453125 7.202280521392822 84.32357788085938
v -15.880536079406738 4.134284496307373 87.6658706665039
v -18.037731170654297 8.985879898071289 84.73713684082031
v -19.915143966674805 11.392868041992188 82.53532409667969
v -17.76333999633789 12.202972412109375 83.23548889160156
v -8.280669212341309 18.806476593017578 82.20216369628906
v -9.942679405212402 16.785490036010742 83.30567932128906
v -6.765618324279785 13.543954849243164 86.20260620117188
v -9.762565612792969 14.255578994750977 85.09677124023438
v -9.163949012756348 9.60871696472168 87.81786346435547
v -13.441422462463379 12.276241302490234 85.10993957519531
v -15.381993293762207 -1.8448877334594727 89.28639221191406
v -13.901623725891113 0.6985683441162109 89.47499084472656
v -13.722527503967285 -6.1491546630859375 90.38191223144531
v -11.41898250579834 4.0580010414123535 89.42190551757812
v -14.094857215881348 6.3302388191223145 87.64775085449219
v -13.951252937316895 10.051515579223633 86.08705139160156
v -14.826193809509277 15.29509162902832 82.67611694335938
v -11.272226333618164 -8.475811004638672 91.4105453491211
v -12.583263397216797 -2.8541259765625 90.56974792480469
v -8.643033027648926 -9.078432083129883 92.25663757324219
v -9.579604148864746 -9.440718650817871 92.67121887207031
v 20.932649612426758 -5.590724468231201 85.63760375976562
v 21.033843994140625 -1.4416356086730957 85.20880126953125
v 23.12930679321289 -1.5488548278808594 83.74681091308594
v 23.528892517089844 -7.6939897537231445 83.79826354980469
v -6.633914947509766 -10.008556365966797 92.6714859008789
v 5.858416557312012 -11.53890609741211 92.57554626464844
v 6.689624786376953 -13.673049926757812 93.15095520019531
v 7.565886497497559 -8.087730407714844 91.9949951171875
v 6.3759765625 -9.751510620117188 92.35115051269531
v 7.355059623718262 -8.939781188964844 92.37821960449219
v 3.8993353843688965 -11.478974342346191 92.83636474609375
v 5.544463634490967 -9.121545791625977 92.46954345703125
v 4.942185401916504 -12.897850036621094 93.652587890625
v 3.4506278038024902 -11.66789436340332 93.08799743652344
v 2.9804601669311523 -13.918142318725586 95.7640609741211
v 1.9330341815948486 -11.45111083984375 93.2520751953125
v 1.435509204864502 -11.009088516235352 93.06715393066406
v -3.7519915103912354 -12.262495040893555 93.07119750976562
v -4.34481143951416 -11.728717803955078 92.96912384033203
v 27.052959442138672 1.1967206001281738 79.71161651611328
v 25.34436798095703 0.9878010749816895 81.44168090820312
v 24.022653579711914 -4.4923996925354 83.36540985107422
v 28.635438919067383 5.082550525665283 76.59266662597656
v 26.631101608276367 3.226566791534424 79.56788635253906
v -1.6944639682769775 29.9217586517334 68.45079803466797
v -2.835150957107544 28.48090934753418 71.40249633789062
v 1.0053106546401978 29.976408004760742 68.3284912109375
v 15.59798526763916 25.003644943237305 71.41986083984375
v 11.482930183410645 25.109609603881836 73.88968658447266
v 14.542627334594727 22.756288528442383 75.35511779785156
v 12.573477745056152 27.13222312927246 69.95895385742188
v 8.878551483154297 26.855825424194336 72.4255599975586
v 8.520968437194824 29.850221633911133 66.58439636230469
v 6.396927833557129 29.345243453979492 68.62380981445312
v 6.242645263671875 27.838430404663086 71.7056884765625
v 2.3498077392578125 27.357500076293945 73.40182495117188
v 6.193625450134277 25.813650131225586 75.03845977783203
v 6.194845676422119 26.748632431030273 73.60336303710938
v 14.600698471069336 26.904664993286133 68.93312072753906
v 1.435509204864502 28.617998123168945 71.18313598632812
v -1.133476972579956 27.41987419128418 73.4756088256836
v 2.6652870178222656 25.620534896850586 76.0528564453125
v 21.234094619750977 21.889280319213867 70.84686279296875
v 18.423059463500977 22.766677856445312 72.4054183959961
v 18.782777786254883 20.659406661987305 74.88732147216797
v 18.624019622802734 24.21961212158203 70.01069641113281
v 7.954388618469238 2.6121201515197754 90.35730743408203
v 5.799632549285889 -0.18646621704101562 91.54475402832031
v 8.76901912689209 1.1708989143371582 90.50093078613281
v 5.285937309265137 2.399580478668213 91.0372314453125
v 3.4787991046905518 -2.1285500526428223 92.3062744140625
v 8.534290313720703 -1.918436050415039 91.14697265625
v 7.258035659790039 -3.9483063220977783 91.76203918457031
v 5.438694000244141 -5.208004474639893 92.31607055664062
v 3.0446343421936035 5.925039768218994 90.22785186767578
v 5.161657333374023 5.288896083831787 90.13884735107422
v 7.24135684967041 6.276560306549072 89.32876586914062
v 2.3906919956207275 -8.616714477539062 92.97815704345703
v 5.292853355407715 9.765291213989258 88.25662994384766
v 1.8191280364990234 1.8427987098693848 91.67416381835938
v 0.9558836221694946 -0.24412155151367188 92.23743438720703
v 2.3495030403137207 -4.895606994628906 92.79107666015625
v -0.31833744049072266 1.617753505706787 91.84274291992188
v 2.6501331329345703 10.527711868286133 88.24301147460938
v 5.464322090148926 12.251581192016602 86.97016906738281
v -0.5406575202941895 -7.787117958068848 93.13114929199219
v -3.6509006023406982 -7.448295593261719 93.00108337402344
v -8.535940170288086 -6.1761155128479 92.12016296386719
v -5.382270812988281 -4.53731632232666 92.59396362304688
v -7.845894813537598 -2.0620522499084473 91.83767700195312
v -3.5364859104156494 -1.9541773796081543 92.4927978515625
v -0.31009960174560547 -3.920982837677002 92.8652114868164
v -3.8013174533843994 0.8924465179443359 91.90226745605469
v 9.326038360595703 20.05954933166504 80.57684326171875
v 10.118600845336914 21.993242263793945 78.43472290039062
v 6.294106483459473 21.74383544921875 79.87895202636719
v 4.399809837341309 22.70743179321289 79.3037109375
v 4.895097732543945 20.084259033203125 81.66167449951172
v 2.4322879314422607 19.872882843017578 82.16954803466797
v 0.13454031944274902 21.001752853393555 81.34912109375
v -0.03011488914489746 17.9853458404541 83.78684997558594
v 4.896927833557129 15.764650344848633 84.91918182373047
v 7.326175689697266 16.659692764282227 83.80342102050781
v 13.224369049072266 19.755279541015625 79.36077117919922
v -1.9075286388397217 23.10564613342285 79.29844665527344
v 2.052025079727173 23.423416137695312 78.85979461669922
v -6.10689640045166 28.290395736694336 71.09745788574219
v 8.073175430297852 24.048460006713867 76.82896423339844
v 10.999643325805664 23.400142669677734 76.45655822753906
v 5.6932525634765625 24.310468673706055 77.2120590209961
v -3.891526937484741 24.98589515686035 76.8708267211914
v -0.7217884063720703 25.388917922973633 76.57246398925781
v 16.79267692565918 20.430723190307617 76.6693115234375
v 13.806204795837402 21.5427188873291 77.23609924316406
v 10.910857200622559 18.056482315063477 81.7333755493164
v 26.54252052307129 16.55043601989746 71.27757263183594
v 26.091371536254883 15.516307830810547 72.97149658203125
v 22.973499298095703 21.567964553833008 69.2899169921875
v 23.04265785217285 19.62873077392578 71.92828369140625
v 24.09079360961914 16.942237854003906 73.90137481689453
v 23.33077621459961 13.178678512573242 77.94978332519531
v 20.736265182495117 15.94925308227539 78.09461975097656
v 21.519977569580078 13.536121368408203 79.2677001953125
v 24.974483489990234 14.37217903137207 75.32890319824219
v 18.793964385986328 16.490135192871094 79.070068359375
v 17.331188201904297 15.878713607788086 80.44666290283203
v 19.136394500732422 13.915193557739258 80.70944213867188
v 13.084223747253418 16.745346069335938 81.89671325683594
v 15.098426818847656 12.658117294311523 83.63978576660156
v 16.7802677154541 12.96742057800293 82.62895965576172
v 15.262675285339355 18.932119369506836 79.10429382324219
v 21.18975067138672 18.585796356201172 75.1424560546875
v -2.6814796924591064 18.88355255126953 83.05511474609375
v -3.8315227031707764 21.83681297302246 80.39863586425781
v 10.99486255645752 16.32016944885254 82.98600769042969
v 10.779458999633789 12.850976943969727 85.29403686523438
v 2.7596659660339355 13.455665588378906 86.65655517578125
v 8.067582130432129 12.415254592895508 86.3340835571289
v 9.307732582092285 8.635955810546875 87.84449768066406
v 12.321562767028809 11.90306282043457 85.26011657714844
v -13.054651260375977 26.96086311340332 70.3394546508789
v -12.982036590576172 25.0507869720459 73.60295104980469
v -10.669642448425293 26.525484085083008 72.47782135009766
v -7.36942195892334 27.09977912902832 72.88021087646484
v -5.464649200439453 26.691648483276367 74.10250091552734
v -12.297074317932129 18.196985244750977 81.48770141601562
v -11.065262794494629 21.570415496826172 78.90481567382812
v -13.106620788574219 20.10296058654785 79.56147003173828
v -8.077570915222168 23.048816680908203 78.31314849853516
v -5.161985397338867 23.275442123413086 78.743896484375
v -8.299585342407227 25.405149459838867 75.21965026855469
v -9.193747520446777 24.226472854614258 76.49850463867188
v -13.798599243164062 23.057998657226562 75.96511840820312
v -16.283681869506836 22.79517936706543 74.813720703125
v -17.744117736816406 19.222675323486328 78.10018920898438
v 23.22022819519043 10.44149398803711 79.72559356689453
v 24.814708709716797 10.897699356079102 77.97649383544922
v 27.14520263671875 12.40335464477539 74.31526184082031
v 22.784740447998047 3.246659755706787 82.96690368652344
v 23.115678787231445 5.9212117195129395 81.83271789550781
v 20.041946411132812 4.544105052947998 84.451904296875
v 22.36430549621582 8.477293014526367 81.38367462158203
v 25.544418334960938 5.3606953620910645 79.89433288574219
v 28.305112838745117 9.146793365478516 75.00505065917969
v 26.33260726928711 9.854227066040039 76.95903778076172
v 26.07357406616211 8.201101303100586 78.12471771240234
v 11.302001953125 -0.9958939552307129 90.1075439453125
v 13.279287338256836 -3.1232948303222656 89.61250305175781
v 14.395159721374512 1.1374688148498535 88.4354248046875
v 12.982827186584473 -6.9937849044799805 90.04350280761719
v 9.159146308898926 -7.147988796234131 91.57845306396484
v 10.447402000427246 -6.618657112121582 91.03299713134766
v 10.297391891479492 -6.870373725891113 91.20492553710938
v 16.766233444213867 0.947990894317627 87.28587341308594
v 14.753758430480957 4.520186901092529 87.35359191894531
v 10.427469253540039 1.351759433746338 89.95000457763672
v 11.706775665283203 4.636524677276611 88.58265686035156
v -2.9866864681243896 12.554374694824219 87.28235626220703
v 11.455368995666504 6.7005391120910645 87.94979858398438
v 15.13219165802002 6.411357402801514 86.51709747314453
v -0.7053127288818359 14.058111190795898 86.4847412109375
v 12.012186050415039 29.159360885620117 66.1235580444336
v 17.325796127319336 26.560503005981445 67.1458740234375
v 20.187175750732422 11.137481689453125 81.64979553222656
v 16.853290557861328 8.449804306030273 84.83673095703125
v 20.100017547607422 7.6564459800720215 83.30146789550781
v 19.0811710357666 -0.3389701843261719 86.24628448486328
v 18.64598846435547 4.828331470489502 85.19996643066406
v 13.84302043914795 9.81251335144043 85.68450164794922
v -19.277475357055664 18.681650161743164 77.67737579345703
v -19.231403350830078 16.356258392333984 79.7422103881836
v -21.587631225585938 17.268869400024414 77.34919738769531
v -21.419822692871094 19.225011825561523 75.44158935546875
v -18.722793579101562 21.411239624023438 74.92494201660156
v -20.83147621154785 14.142934799194336 80.3541030883789
v -15.110146522521973 18.042556762695312 80.51114654541016
v -10.270768165588379 -5.090749263763428 91.56547546386719
v -10.458307266235352 -2.6933608055114746 91.25191497802734
v -1.326608657836914 8.240018844604492 89.47505187988281
v 0.8756411075592041 5.9141716957092285 90.41337585449219
v -7.16042423248291 6.904388904571533 89.42976379394531
v -8.967155456542969 4.814276218414307 89.85252380371094
v -5.181613922119141 3.1902947425842285 91.1055908203125
v -3.537909746170044 5.525282382965088 90.48381042480469
v -5.394780158996582 11.25065803527832 87.71795654296875
v -9.21713924407959 1.5663838386535645 90.79295349121094
v -20.34005355834961 29.659582138061523 48.80207061767578
v -30.964427947998047 21.329980850219727 43.793357849121094
v -32.23356628417969 19.754884719848633 42.9756965637207
v -33.15813446044922 18.86589813232422 45.22275161743164
v -25.0611515045166 24.302804946899414 34.334503173828125
v -27.870054244995117 21.96405601501465 34.491600036621094
v -27.708953857421875 23.970125198364258 41.0953254699707
v -30.452667236328125 21.361722946166992 40.852909088134766
v -24.609394073486328 26.68895149230957 43.05744552612305
v -28.27889060974121 24.25019073486328 48.16851806640625
v -26.396799087524414 25.49937629699707 44.0530891418457
v -24.145633697509766 23.87335205078125 31.597335815429688
v -24.585086822509766 22.161165237426758 29.104944229125977
v -24.418092727661133 23.21929931640625 66.11924743652344
v -26.24048614501953 20.3974609375 68.3661117553711
v -24.402530670166016 20.05449104309082 71.31671905517578
v -27.216211318969727 17.128524780273438 71.52872467041016
v -29.192785263061523 16.81215476989746 68.97547912597656
v -28.476703643798828 15.086374282836914 72.00033569335938
v -27.9404296875 18.979496002197266 67.9909439086914
v -23.528505325317383 17.54636573791504 75.40360260009766
v -32.22298812866211 14.510114669799805 66.16988372802734
v -30.709564208984375 12.49062728881836 71.01091003417969
v -28.4700927734375 12.145235061645508 74.56742095947266
v -25.44955062866211 16.234682083129883 74.70875549316406
v -25.767065048217773 12.454072952270508 77.4979019165039
v -30.38076400756836 9.921499252319336 73.50495910644531
v -28.20607566833496 10.619140625 75.9562759399414
v -30.67559814453125 5.1855149269104 75.65911865234375
v -31.901206970214844 7.6577677726745605 72.62387084960938
v -27.595355987548828 8.215263366699219 78.0176010131836
v -29.723159790039062 2.859236240386963 77.79505920410156
v -26.29998016357422 18.869823455810547 26.738779067993164
v -26.56898307800293 14.850099563598633 23.255084991455078
v -34.225189208984375 9.058006286621094 67.40428161621094
v -35.250953674316406 9.506772994995117 64.5435562133789
v -36.05805969238281 4.848693370819092 66.37055206298828
v -33.477481842041016 11.565740585327148 66.69452667236328
v -32.9895133972168 9.47085952758789 69.53073120117188
v -21.86446189880371 28.818750381469727 49.04978561401367
v -22.950637817382812 27.9508113861084 53.580875396728516
v -23.16461944580078 25.201833724975586 63.817237854003906
v -24.62891960144043 25.02220344543457 61.714412689208984
v -25.16387176513672 23.97003746032715 63.38920211791992
v -24.311508178710938 26.08164405822754 59.01905822753906
v -27.610103607177734 23.901103973388672 57.58660125732422
v -25.585830688476562 25.923974990844727 55.44715118408203
v -23.265100479125977 27.322114944458008 56.4876823425293
v -27.679262161254883 24.693761825561523 52.20160675048828
v -28.92490005493164 23.340877532958984 54.61555862426758
v -24.812084197998047 26.876699447631836 52.44820022583008
v -24.794490814208984 26.952653884887695 48.09517288208008
v -29.851306915283203 22.721393585205078 52.407188415527344
v -30.511043548583984 20.19408416748047 60.45282745361328
v -29.265094757080078 21.0107364654541 61.802738189697266
v -26.24648666381836 24.053613662719727 60.99510955810547
v -25.985721588134766 22.229169845581055 65.61751556396484
v -30.33062744140625 21.85724449157715 55.22848892211914
v -38.019073486328125 8.110456466674805 55.51420211791992
v -38.28105545043945 8.663228988647461 49.37963104248047
v -39.40638732910156 4.385283946990967 50.140663146972656
v -38.88180923461914 6.551842212677002 47.059661865234375
v -37.35526657104492 11.275924682617188 47.16313552856445
v -36.20695114135742 13.90008544921875 46.41612243652344
v -37.06053161621094 11.425849914550781 43.10542678833008
v -37.72098922729492 8.924678802490234 40.80513000488281
v -36.20867919921875 13.733366012573242 51.89841842651367
v -35.35458755493164 15.57573127746582 50.10164260864258
v -34.72261428833008 16.702770233154297 47.52727508544922
v -36.146236419677734 13.420051574707031 54.38465118408203
v -37.26169967651367 11.224061965942383 52.02589416503906
v -38.416015625 6.380093097686768 56.29631423950195
v -34.85014724731445 15.992582321166992 54.17414474487305
v -33.776790618896484 17.971372604370117 52.34050750732422
v -33.33479309082031 18.7972469329834 49.40988540649414
v -35.175594329833984 14.699060440063477 56.609642028808594
v -36.999820709228516 10.219362258911133 57.274261474609375
v -32.452430725097656 19.857694625854492 51.68796920776367
v -30.967071533203125 21.67775535583496 47.65332794189453
v -32.847740173339844 18.097007751464844 57.87256622314453
v -28.764617919921875 20.337902069091797 64.30693054199219
v -30.050945281982422 18.325231552124023 65.3205795288086
v -31.061756134033203 18.554670333862305 62.616363525390625
v -30.835773468017578 16.714099884033203 66.14869689941406
v -37.2292594909668 7.741195201873779 60.05165481567383
v -38.09962463378906 3.933342456817627 60.753543853759766
v -35.84458541870117 9.499551773071289 62.83342742919922
v -36.77109146118164 5.734022617340088 63.77653121948242
v -35.45456314086914 12.34223747253418 60.27317428588867
v -39.2059326171875 3.5802664756774902 55.3917236328125
v -39.46944046020508 0.09964323043823242 57.58104705810547
v -33.76234817504883 14.068147659301758 63.03083038330078
v -32.75428009033203 16.366140365600586 62.155330657958984
v -34.36146926879883 14.99271011352539 59.503761291503906
v -28.467041015625 15.106246948242188 25.540016174316406
v -28.403884887695312 17.371309280395508 27.745832443237305
v -30.021759033203125 14.526323318481445 27.035499572753906
v -35.15433883666992 14.569818496704102 39.57025909423828
v -35.29560089111328 12.725988388061523 36.08293151855469
v -36.017581939697266 12.143377304077148 37.98721694946289
v -26.754892349243164 21.178499221801758 30.75922203063965
v -30.182445526123047 16.531539916992188 29.432743072509766
v -32.48720932006836 13.908742904663086 30.499656677246094
v -31.9010009765625 15.541341781616211 31.35881233215332
v -32.49372100830078 11.761604309082031 28.40740203857422
v -30.01900863647461 19.784801483154297 34.40763473510742
v -29.481924057006836 18.164337158203125 30.492725372314453
v -33.86821746826172 14.939584732055664 35.22954559326172
v -32.256752014160156 16.860244750976562 34.14857482910156
v -33.21142578125 17.747037887573242 39.751197814941406
v -33.357269287109375 16.670499801635742 37.19154357910156
v -34.368797302246094 15.994985580444336 39.77541732788086
v -30.97663116455078 20.384111404418945 39.1190185546875
v -31.132137298583984 19.61264991760254 37.173213958740234
v -33.866390228271484 12.528949737548828 31.826261520385742
v -28.875986099243164 12.975700378417969 24.358884811401367
v -37.2268180847168 9.23170280456543 38.38981628417969
v -39.99849319458008 0.5320515632629395 52.11675262451172
v -39.9970703125 0.32750654220581055 44.85572052001953
v -40.19620132446289 -2.0637192726135254 52.744239807128906
v -39.99188232421875 -3.5273966789245605 55.8347282409668
v -39.667964935302734 -4.17613410949707 58.22551727294922
v -40.3536376953125 -4.370039939880371 49.349205017089844
v 26.366268157958984 -13.032857894897461 20.899595260620117
v 26.856674194335938 -7.636861324310303 19.583589553833008
v 26.06523323059082 -10.625503540039062 19.709566116333008
v 18.062118530273438 -13.790284156799316 15.450233459472656
v 19.51746940612793 -11.955690383911133 15.458965301513672
v 22.909629821777344 -14.797750473022461 19.035396575927734
v 22.289249420166016 -19.476858139038086 21.501005172729492
v 21.656259536743164 -16.699201583862305 19.237865447998047
v 23.98777198791504 -16.74140167236328 20.891441345214844
v 18.979774475097656 -4.365500450134277 13.74997329711914
v 23.754058837890625 -5.514774322509766 16.87177276611328
v 20.389053344726562 -6.6105055809021 14.782493591308594
v 20.40593719482422 -9.101760864257812 15.16403579711914
v 23.60008430480957 -11.20063591003418 18.013343811035156
v 25.440582275390625 -17.947795867919922 22.838903427124023
v 22.413427352905273 -0.24351739883422852 15.856285095214844
v 25.948070526123047 1.152637004852295 18.537723541259766
v 26.06451988220215 -2.6954402923583984 18.445743560791016
v 26.32141876220703 -5.247332572937012 18.76744842529297
v 16.893667221069336 -2.9845314025878906 12.598724365234375
v 15.665616989135742 -2.799978256225586 11.969173431396484
v 20.07611846923828 -0.49573802947998047 14.440509796142578
v -22.565900802612305 -34.61518859863281 69.78660583496094
v -22.71763801574707 -34.0615119934082 68.41636657714844
v -21.819204330444336 -35.141876220703125 69.44336700439453
v -21.21753692626953 -35.67966079711914 70.18218231201172
v -18.957317352294922 -36.15614700317383 69.2568359375
v -17.00067901611328 -36.60750961303711 71.15522766113281
v -16.512104034423828 -37.07136917114258 70.52052307128906
v -17.080108642578125 -37.11935806274414 69.989501953125
v -15.949692726135254 -36.93545913696289 68.35823822021484
v -16.045495986938477 -37.22386169433594 69.81852722167969
v -14.272427558898926 -36.662471771240234 70.41712951660156
v -15.336533546447754 -37.055843353271484 68.81640625
v -15.609095573425293 -36.799869537353516 68.13563537597656
v -15.131503105163574 -36.52309799194336 68.02207946777344
v -14.11011028289795 -36.97665786743164 70.03507995605469
v -13.944642066955566 -36.61478805541992 69.70596313476562
v -14.64953899383545 -36.55875778198242 67.50065612792969
v -13.946269035339355 -36.156578063964844 70.1235580444336
v -19.524812698364258 -36.44198989868164 70.21271514892578
v -15.946743965148926 -36.20344161987305 71.28742218017578
v -15.704388618469238 -35.698246002197266 71.30905151367188
v -14.391114234924316 -35.716026306152344 70.57100677490234
v -22.59834098815918 -33.769432067871094 68.13189697265625
v -18.388601303100586 -35.807151794433594 68.91388702392578
v -24.324220657348633 -32.775787353515625 69.61996459960938
v -23.232555389404297 -33.73922348022461 68.56443786621094
v -22.280624389648438 -34.72257614135742 70.31146240234375
v -22.273813247680664 -33.43906784057617 71.2811279296875
v -21.16160011291504 -35.59616470336914 70.666259765625
v -23.723468780517578 -8.13589859008789 84.81317138671875
v -25.50152015686035 -8.371784210205078 83.44903564453125
v -25.47294044494629 -12.920734405517578 82.98411560058594
v -26.19817543029785 -12.983362197875977 82.72850799560547
v -26.691635131835938 -5.18980073928833 82.4235610961914
v -29.12566375732422 -11.246879577636719 79.88496398925781
v -30.395408630371094 -6.875344753265381 78.58467102050781
v -24.778623580932617 -5.725216865539551 84.0543212890625
v -27.126510620117188 -0.2662801742553711 81.41847229003906
v -27.41025733947754 -2.993112564086914 81.57852935791016
v -33.28068542480469 -5.527220249176025 74.72639465332031
v -34.26932907104492 -8.917634963989258 73.07456970214844
v -30.213871002197266 -11.265301704406738 78.65247344970703
v -33.4406623840332 -0.35922813415527344 73.70742797851562
v -34.52683639526367 -1.189753532409668 72.14588165283203
v -30.756549835205078 -4.292018890380859 78.02423858642578
v -31.033077239990234 -0.9660582542419434 77.189208984375
v -33.218448638916016 -13.328271865844727 73.99789428710938
v -32.5592155456543 -12.503182411193848 75.30078125
v -31.128780364990234 2.570946216583252 76.0833740234375
v -35.78834915161133 -4.701152801513672 70.35025787353516
v -29.681564331054688 -11.485164642333984 79.68326568603516
v -27.457956314086914 -11.998120307922363 81.63351440429688
v -30.443817138671875 -12.80124282836914 81.8321304321289
v -29.059049606323242 -1.8622465133666992 79.70934295654297
v -23.308629989624023 -31.543190002441406 69.5793228149414
v -25.079254150390625 -30.885234832763672 65.98514556884766
v -23.172855377197266 -32.04227066040039 68.42745208740234
v -23.323476791381836 -31.799474716186523 69.19004821777344
v -22.83734130859375 -31.75511360168457 70.36054992675781
v -33.937984466552734 -22.60489845275879 64.28778839111328
v -34.03144836425781 -23.31864356994629 60.67100524902344
v -33.123252868652344 -24.137392044067383 63.00832748413086
v -34.45880126953125 -23.14141845703125 55.659423828125
v -32.48242950439453 -25.239212036132812 61.44442367553711
v -39.18233871459961 -27.561199188232422 88.34194946289062
v -38.558902740478516 -28.436735153198242 88.93110656738281
v -39.09273910522461 -27.708276748657227 89.62211608886719
v -39.57246780395508 -26.65685272216797 88.91828918457031
v -39.511444091796875 -26.76193618774414 89.8398208618164
v -38.945167541503906 -27.491901397705078 90.63607788085938
v -38.37004852294922 -28.082643508911133 90.57438659667969
v -38.137657165527344 -25.692293167114258 91.63824462890625
v -37.03409194946289 -26.243337631225586 91.64825439453125
v -36.25200271606445 -25.42131233215332 91.51580810546875
v -38.45048904418945 -26.45676612854004 91.57052612304688
v -38.683082580566406 -27.43354606628418 91.1632080078125
v -38.23173141479492 -27.70427894592285 91.2278823852539
v -39.315975189208984 -26.651596069335938 90.65592956542969
v -37.552974700927734 -27.415597915649414 91.3745346069336
v -36.375572204589844 -26.761465072631836 91.36524963378906
v -24.321168899536133 -14.443523406982422 83.58700561523438
v -22.150243759155273 -12.405420303344727 85.37071228027344
v -24.22201156616211 -14.90118408203125 83.7020034790039
v -37.10650634765625 -10.789521217346191 66.5425033569336
v -37.2324104309082 -13.624252319335938 64.78340148925781
v -35.97720718383789 -14.689861297607422 67.76941680908203
v -37.92154312133789 -7.190651893615723 65.07825469970703
v -36.898216247558594 -7.7158355712890625 67.80838775634766
v -35.46717071533203 -9.499359130859375 70.74533081054688
v -34.926727294921875 2.8481602668762207 69.97085571289062
v -37.22956466674805 -0.840172290802002 66.33309936523438
v -36.137691497802734 -1.665351390838623 69.14525604248047
v -37.327911376953125 -3.948532819747925 66.78865814208984
v -32.566131591796875 4.061991214752197 73.46083068847656
v -34.618064880371094 5.327305316925049 69.25415802001953
v -37.11433410644531 2.8606982231140137 64.8786392211914
v -38.41774368286133 1.1549019813537598 61.70735549926758
v -38.34919738769531 -3.373363733291626 63.726463317871094
v -39.007713317871094 -1.8308539390563965 60.81715393066406
v -38.61534881591797 -6.1260786056518555 62.92447280883789
v -38.22867965698242 -8.947145462036133 63.683380126953125
v -38.09819793701172 -13.301369667053223 61.41902160644531
v -37.10426330566406 -15.443597793579102 63.65583038330078
v -35.4202880859375 -17.19222640991211 67.48352813720703
v -37.330448150634766 -17.04067039489746 59.01731872558594
v -36.105655670166016 -19.03936767578125 62.424800872802734
v -38.742679595947266 -10.71049690246582 60.64720916748047
v -39.14155578613281 -7.560728549957275 60.4311637878418
v -39.7349853515625 -6.466479301452637 57.46467590332031
v -23.71817970275879 -32.196998596191406 70.02734375
v -23.397005081176758 -32.4163703918457 70.50161743164062
v -23.846120834350586 -32.53432846069336 68.98399353027344
v -23.727739334106445 -33.07443618774414 68.6448745727539
v -22.0721378326416 -33.18373489379883 71.43893432617188
v -20.114988327026367 -32.98670196533203 71.60813903808594
v -21.864158630371094 -32.18111801147461 71.02873992919922
v -28.301979064941406 -14.966146469116211 85.02735900878906
v -29.82120132446289 -15.685052871704102 85.74224853515625
v -29.909679412841797 -14.275747299194336 84.22517395019531
v -31.294757843017578 -16.646574020385742 86.42825317382812
v -37.088294982910156 -22.72935676574707 90.22323608398438
v -32.87255859375 -15.75715446472168 84.95089721679688
v -38.92716979980469 -27.16918182373047 86.37057495117188
v -37.11647033691406 -28.255441665649414 80.98963928222656
v -38.14599609375 -28.761520385742188 87.7509765625
v -38.048973083496094 -23.449859619140625 77.23242950439453
v -38.023040771484375 -24.773597717285156 77.89884948730469
v -38.547821044921875 -24.941898345947266 79.82530212402344
v -37.72372817993164 -26.121374130249023 78.49980163574219
v -38.61219787597656 -26.33112144470215 82.37226104736328
v -36.90269470214844 -27.667098999023438 78.82853698730469
v -37.167320251464844 -25.396255493164062 76.37644958496094
v -36.103721618652344 -27.584840774536133 76.9535140991211
v -36.01127624511719 -26.385818481445312 75.26118469238281
v -39.693389892578125 -25.861299514770508 89.4468994140625
v -39.568599700927734 -24.367258071899414 88.24700927734375
v -39.06497573852539 -23.662240982055664 81.43374633789062
v -38.47591781616211 -20.609949111938477 79.75885009765625
v -38.68115234375 -22.5831241607666 79.2031478881836
v -39.13820266723633 -23.08787727355957 82.0128173828125
v -38.481204986572266 -20.5151424407959 84.51457214355469
v -39.155792236328125 -23.70490264892578 89.14411926269531
v -38.61005783081055 -20.444664001464844 81.93669128417969
v -37.3646240234375 -24.104997634887695 75.92466735839844
v -36.007511138916016 -24.02570343017578 73.58771514892578
v -37.42330551147461 -18.146451950073242 82.04285430908203
v -37.373878479003906 -17.935924530029297 80.043701171875
v -38.244140625 -20.99874496459961 78.1629867553711
v -37.281227111816406 -24.02508544921875 91.13577270507812
v -38.35550308227539 -24.498226165771484 91.04817199707031
v -35.3831672668457 -18.737550735473633 86.96558380126953
v -37.76909255981445 -22.820453643798828 89.95375061035156
v -38.94099807739258 -25.656095504760742 91.17994689941406
v -38.647281646728516 -23.53203773498535 89.9130630493164
v -36.43171310424805 -18.554529190063477 85.69892120361328
v -39.5112419128418 -25.647798538208008 90.27879333496094
v -39.203189849853516 -24.892728805541992 90.48294067382812
v -37.84597396850586 -20.535825729370117 86.71127319335938
v -36.054195404052734 -16.124101638793945 80.43400573730469
v -37.0147705078125 -18.152986526489258 83.84422302246094
v -35.04948425292969 -15.19285774230957 80.9578857421875
v -35.2879753112793 -15.819538116455078 82.29069519042969
v -32.09321594238281 -13.435941696166992 81.77066040039062
v -34.14281463623047 -16.095739364624023 84.486083984375
v -34.145965576171875 -15.135372161865234 82.7791519165039
v -33.68332290649414 -13.899869918823242 80.26994323730469
v -35.0947380065918 -20.32406997680664 64.66727447509766
v -34.40876388549805 -20.66876792907715 66.55325317382812
v -33.8886604309082 -18.789657592773438 69.80551147460938
v -33.0548095703125 -21.712520599365234 68.78236389160156
v -34.89500045776367 -14.059150695800781 70.57209014892578
v -33.7198371887207 -14.809967041015625 72.69905090332031
v -33.37577819824219 -13.71656608581543 74.2620620727539
v -33.87065887451172 -19.02035903930664 69.94316101074219
v -32.8372688293457 -23.471858978271484 66.40031433105469
v -33.89048767089844 -15.906993865966797 71.73863983154297
v -36.76763153076172 -23.33613395690918 74.52557373046875
v -35.997344970703125 -22.790756225585938 73.18087768554688
v -37.4907341003418 -21.371877670288086 75.79148864746094
v -35.841434478759766 -20.207496643066406 72.9111557006836
v -37.69108581542969 -19.45622444152832 77.62455749511719
v -35.976802825927734 -15.958051681518555 78.87136840820312
v -36.92964553833008 -17.491958618164062 78.17190551757812
v -36.26319122314453 -17.013858795166016 76.277587890625
v -36.89089584350586 -19.13270378112793 75.47380828857422
v -36.134033203125 -19.175779342651367 73.8180160522461
v -35.35377883911133 -16.312589645385742 74.75575256347656
v -32.595726013183594 -22.627670288085938 68.70993041992188
v -34.179222106933594 -14.061969757080078 78.92367553710938
v -31.700546264648438 -11.920979499816895 77.025390625
v -34.92164611816406 -26.40631103515625 73.79557037353516
v -36.110843658447266 -19.95145034790039 58.83988952636719
v -34.991615295410156 -21.63978385925293 61.41181945800781
v 23.58869171142578 -22.330142974853516 25.00557518005371
v 21.65839385986328 -22.01506233215332 23.250904083251953
v -27.078914642333984 7.895079135894775 19.958602905273438
v -28.603219985961914 9.24852180480957 21.951528549194336
v -25.030744552612305 5.327953815460205 17.568317413330078
v -24.830900192260742 3.0276036262512207 16.990280151367188
v -23.085594177246094 3.7019104957580566 15.93988037109375
v -28.73075294494629 5.559223651885986 20.73357391357422
v -27.481246948242188 2.926424503326416 19.054943084716797
v -28.699024200439453 0.66748046875 19.835050582885742
v -21.787168502807617 -9.112367630004883 15.312969207763672
v -21.271236419677734 -11.420001983642578 15.68692398071289
v -24.779945373535156 -11.6044921875 18.138877868652344
v -26.48365592956543 -10.929866790771484 19.164159774780273
v -21.469148635864258 -9.907045364379883 15.194602966308594
v -20.716148376464844 -11.941413879394531 15.371253967285156
v -27.61203384399414 -20.397794723510742 25.576318740844727
v -25.166006088256836 -20.40596580505371 23.454925537109375
v -25.112712860107422 -22.902402877807617 25.81419563293457
v -26.3300838470459 -17.274925231933594 22.094850540161133
v -24.845544815063477 -18.646121978759766 21.855491638183594
v -22.392498016357422 -20.247997283935547 21.410715103149414
v -22.215740203857422 -16.77356719970703 18.928565979003906
v -20.449182510375977 -19.254119873046875 19.554119110107422
v -21.007728576660156 -23.523462295532227 23.558807373046875
v -23.68543243408203 -14.395336151123047 18.556724548339844
v -25.956941604614258 -14.602441787719727 20.291221618652344
v -19.531221389770508 -13.907804489135742 15.732536315917969
v -29.124645233154297 -14.349320411682129 22.934415817260742
v -27.441987991333008 -15.090946197509766 21.76108169555664
v -28.47110939025879 -17.86825942993164 24.392215728759766
v -17.7122859954834 -14.993332862854004 15.343360900878906
v -34.62192916870117 -19.97284698486328 35.64814376831055
v -35.286956787109375 -18.714937210083008 35.49863052368164
v -33.62321472167969 -19.579313278198242 32.77464294433594
v -35.0618896484375 -16.11916732788086 32.10380554199219
v -32.9993782043457 -19.371509552001953 31.413660049438477
v -32.362728118896484 -23.14003562927246 35.9715576171875
v -33.87065887451172 -21.785144805908203 37.06019973754883
v -31.43439483642578 -22.706335067749023 33.1729736328125
v -35.679935455322266 -20.473812103271484 40.30486297607422
v -36.847469329833984 -18.173377990722656 40.78147506713867
v -37.09724807739258 -17.10333824157715 39.652000427246094
v -38.549957275390625 6.091603755950928 40.76209259033203
v -36.6978645324707 -19.12324333190918 54.58833312988281
v -37.647457122802734 -17.042749404907227 48.22672653198242
v -36.568092346191406 -19.63770294189453 49.406455993652344
v -38.61005783081055 -14.148004531860352 54.873374938964844
v -34.75271987915039 -22.81900405883789 50.14823532104492
v -35.67149353027344 -21.74475860595703 49.82683181762695
v -34.968021392822266 -22.862483978271484 49.89637756347656
v -34.38984680175781 -7.508952617645264 26.99507713317871
v -33.66695022583008 -6.297768592834473 25.707908630371094
v -32.22329330444336 -7.279609203338623 23.933042526245117
v -32.451107025146484 -11.901063919067383 25.645036697387695
v -35.98117446899414 -7.225933074951172 29.604598999023438
v -34.92378234863281 -4.428404808044434 27.378023147583008
v -35.86279296875 -10.485457420349121 30.365434646606445
v -34.19966506958008 -11.158842086791992 27.827943801879883
v -35.74288558959961 -13.121152877807617 31.39434814453125
v -36.96737289428711 -13.592290878295898 34.57740020751953
v -37.6497917175293 -6.05204963684082 32.95177459716797
v -37.65671157836914 -9.947542190551758 34.14117431640625
v -36.569923400878906 -3.7015774250030518 30.32929229736328
v -38.41448974609375 -9.966314315795898 36.36159896850586
v -38.218711853027344 5.366130352020264 37.828453063964844
v -36.10881042480469 10.60806655883789 35.709007263183594
v -39.017887115478516 3.1154675483703613 39.580318450927734
v -39.40547180175781 3.5236105918884277 43.66902542114258
v -36.208984375 7.981490612030029 33.31949996948242
v -37.956016540527344 3.6893296241760254 35.50920104980469
v -36.19353103637695 3.4279637336730957 30.67275619506836
v -38.5483283996582 -0.7966732978820801 35.51607131958008
v -38.27678298950195 -3.575408458709717 34.36268997192383
v -37.26108932495117 -0.3099794387817383 32.10906982421875
v -38.6756591796875 -7.034595489501953 35.94441604614258
v -39.273563385009766 -7.765739440917969 38.39847946166992
v -38.94313430786133 -0.3065052032470703 36.98696517944336
v -39.27376937866211 -3.421276569366455 37.56488800048828
v -39.66867446899414 -0.8146066665649414 40.259666442871094
v -36.141456604003906 -0.5145373344421387 29.634111404418945
v -34.72505569458008 1.7156825065612793 27.434247970581055
v -39.800682067871094 -4.576753616333008 40.09335708618164
v -40.12928009033203 -6.692753791809082 43.48744201660156
v -40.194068908691406 -3.8525290489196777 43.32329559326172
v -39.58324432373047 -8.114439010620117 40.16279220581055
v -39.470458984375 2.1394381523132324 41.63359832763672
v -39.207862854003906 -10.034470558166504 39.60041046142578
v -38.512428283691406 -12.016849517822266 38.309608459472656
v -38.08467102050781 -14.74163818359375 59.12519073486328
v -36.438323974609375 -17.054039001464844 36.73262405395508
v -37.85492706298828 -13.163982391357422 36.96839141845703
v -39.8659782409668 -8.999927520751953 53.02927017211914
v -39.53422546386719 -11.352594375610352 48.36050796508789
v -38.94252395629883 -12.430601119995117 56.694313049316406
v -39.40577697753906 -10.141317367553711 56.643829345703125
v -38.146202087402344 -16.072900772094727 46.14014434814453
v -39.272037506103516 -11.55813217163086 42.2927360534668
v -39.8659782409668 -9.462804794311523 44.52631378173828
v -39.338958740234375 -11.944421768188477 44.495140075683594
v -38.21261215209961 -15.585235595703125 43.92523193359375
v -38.217594146728516 -14.3526611328125 40.1050910949707
v -37.81404113769531 -16.36884117126465 42.18584060668945
v -40.131011962890625 -6.807305335998535 53.03032684326172
v -40.17484664916992 -7.6754631996154785 47.009788513183594
v -31.368999481201172 -4.090145111083984 22.498428344726562
v -35.260005950927734 10.52846908569336 33.08179473876953
v -35.221561431884766 8.021453857421875 30.875473022460938
v -34.342044830322266 9.539773941040039 30.077972412109375
v -35.186683654785156 5.9559006690979 29.63010597229004
v -34.034603118896484 4.403794765472412 26.991344451904297
v -32.20824432373047 -0.7012300491333008 23.52387237548828
v -31.23770523071289 9.038930892944336 24.8649845123291
v -30.249874114990234 7.288233280181885 22.899145126342773
v -32.426902770996094 8.331878662109375 26.12088394165039
v -32.516300201416016 3.9847283363342285 24.655109405517578
v -31.242176055908203 4.193464756011963 23.104970932006836
v -40.308990478515625 -2.242237091064453 49.0283317565918
v -26.37778091430664 -0.904637336730957 17.77389907836914
v -23.13329315185547 0.44610071182250977 15.61251449584961
v -27.374155044555664 -7.901658535003662 19.04938316345215
v -24.606544494628906 -5.095226287841797 16.59569549560547
v -20.566850662231445 -4.911991119384766 14.013629913330078
v -21.55051040649414 -7.319122791290283 14.794361114501953
v -24.044031143188477 -1.6181082725524902 16.097835540771484
v -18.649364471435547 -3.3784961700439453 12.810802459716797
v -26.36151123046875 -3.7930073738098145 17.764568328857422
v -28.750280380249023 -5.702983379364014 19.9234561920166
v -34.00236129760742 -13.628153800964355 28.664247512817383
v -32.35275650024414 -17.726882934570312 28.921833038330078
v -31.203125 -15.461175918579102 25.876020431518555
v -30.247737884521484 -13.319910049438477 23.592182159423828
v -30.44585418701172 -20.26245880126953 28.62858009338379
v -30.729400634765625 -22.090057373046875 31.09535026550293
v -30.032329559326172 -17.8963565826416 26.089466094970703
v -30.331130981445312 -8.580085754394531 22.010913848876953
v -28.473041534423828 -22.69070816040039 28.919391632080078
v -29.598779678344727 -23.11794090270996 30.894285202026367
v -26.23997688293457 -24.7569637298584 29.284765243530273
v -33.177764892578125 1.2831406593322754 25.032121658325195
v -30.382186889648438 -1.742854118347168 21.347288131713867
v -28.272281646728516 -11.020038604736328 20.71084213256836
v -3.7793495655059814 -27.293607711791992 86.3782730102539
v 30.268665313720703 -24.892000198364258 38.88072967529297
v 32.881080627441406 -23.10884666442871 42.414588928222656
v 30.55190658569336 -25.818099975585938 45.34384536743164
v 28.571670532226562 -26.48200035095215 39.63014221191406
v 25.21246337890625 -26.13103485107422 32.14020919799805
v 24.089879989624023 -25.60799217224121 29.861225128173828
v 25.94532585144043 -24.586427688598633 30.2366943359375
v 27.71697235107422 -25.693458557128906 35.00543975830078
v 28.038652420043945 -24.00112533569336 32.04037857055664
v 26.921560287475586 -23.099334716796875 29.201187133789062
v 29.301076889038086 -24.132352828979492 34.391448974609375
v 30.99970245361328 -22.871004104614258 35.26763153076172
v 29.741647720336914 -24.5902099609375 36.41872787475586
v 33.40565872192383 -22.524696350097656 42.27430725097656
v 11.547001838684082 -3.1282711029052734 10.614521026611328
v 5.993069648742676 1.0707306861877441 9.884864807128906
v 10.132635116577148 1.923281192779541 10.712718963623047
v 2.3705549240112305 3.933729648590088 9.916637420654297
v 4.893877029418945 5.900789737701416 10.576473236083984
v 1.0567717552185059 2.2446694374084473 9.615802764892578
v 4.926116466522217 -1.491501808166504 9.585670471191406
v -0.6850738525390625 -1.2992825508117676 9.290092468261719
v 4.252952575683594 -4.066033363342285 9.518939971923828
v 10.489202499389648 -4.228616714477539 10.048782348632812
v 10.128973960876465 -5.816923141479492 8.241947174072266
v 9.55863094329834 -5.093663692474365 9.986404418945312
v 9.537883758544922 -4.558845043182373 10.153793334960938
v -4.064826965332031 -37.84891891479492 69.33029174804688
v -3.6275088787078857 -37.92802810668945 69.23363494873047
v -2.2203633785247803 -37.948673248291016 69.20381164550781
v -0.4130218029022217 -37.874977111816406 69.27973937988281
v 30.120590209960938 -26.544132232666016 48.780967712402344
v 30.445322036743164 -26.35820960998535 49.902748107910156
v 27.629404067993164 -28.354820251464844 47.34463882446289
v 28.171884536743164 -28.246234893798828 51.60688781738281
v -0.008960723876953125 -38.97067642211914 50.42094802856445
v -0.012927055358886719 -39.15587615966797 50.08513641357422
v 0.24854803085327148 -39.29193878173828 50.280452728271484
v 0.24997186660766602 -39.13700485229492 50.95237731933594
v 0.0383305549621582 -39.16999435424805 51.32697296142578
v 0.18376421928405762 -39.51184844970703 51.486083984375
v 0.3330622911453247 -41.62406539916992 51.54861068725586
v -0.07954168319702148 -39.57157516479492 51.666290283203125
v 0.5972833633422852 -41.47938919067383 51.562652587890625
v 0.5773497819900513 -41.004268646240234 49.87456512451172
v 0.8476729393005371 -41.458343505859375 51.20234680175781
v -0.9505155086517334 -39.5150260925293 50.51693344116211
v -0.869560956954956 -39.2406005859375 50.37012481689453
v -0.8071160316467285 -39.144371032714844 50.89243698120117
v -0.8055906295776367 -39.88148880004883 51.121036529541016
v -0.8034548759460449 -39.39881896972656 51.19764709472656
v -0.3473224639892578 -38.91080093383789 50.7148323059082
v -0.5375046730041504 -39.32185363769531 51.45082473754883
v -0.4095640182495117 -39.09305191040039 51.28129196166992
v -0.37946033477783203 -39.16712188720703 50.02019500732422
v -0.5765583515167236 -39.57423782348633 51.50885772705078
v -0.0011298656463623047 -41.83254623413086 51.37893295288086
v -0.7327721118927002 -39.29080581665039 50.115848541259766
v 21.55883026123047 -33.716156005859375 57.30035400390625
v 21.522010803222656 -32.597312927246094 58.783905029296875
v 21.389801025390625 -32.63740158081055 59.057308197021484
v 8.171012878417969 -37.43221664428711 68.76163482666016
v 8.754983901977539 -37.70635223388672 65.44871520996094
v 10.163959503173828 -37.0008430480957 67.96866607666016
v 8.352245330810547 -36.84492874145508 69.99966430664062
v 4.716102600097656 -38.75736999511719 64.09561920166016
v 2.521988868713379 -38.83113098144531 65.54676818847656
v -1.1159844398498535 -38.665252685546875 67.16458129882812
v 32.68560791015625 -23.401836395263672 58.011688232421875
v 31.65811538696289 -23.645832061767578 63.8510856628418
v 30.49363136291504 -23.981273651123047 66.8443603515625
v 27.889148712158203 -25.404651641845703 70.24188995361328
v 28.7332763671875 -24.680734634399414 69.60460662841797
v 15.250572204589844 -30.18475914001465 77.79115295410156
v 10.62863540649414 -31.532331466674805 77.90597534179688
v 12.925874710083008 -33.20711135864258 74.80812072753906
v 9.012696266174316 -33.08733367919922 76.35010528564453
v 8.859025001525879 -35.06657028198242 73.27557373046875
v 26.012754440307617 -29.73035430908203 51.72627258300781
v 27.021026611328125 -29.038658142089844 57.31238555908203
v 25.06133270263672 -30.11468505859375 61.35504150390625
v 28.562923431396484 -27.90576171875 55.91096496582031
v 20.820472717285156 -29.359153747558594 83.06904602050781
v 19.22609519958496 -28.31395149230957 82.33926391601562
v 19.936786651611328 -29.331478118896484 81.5691146850586
v 20.526046752929688 -28.536439895629883 84.02577209472656
v 22.730533599853516 -30.74223518371582 82.58186340332031
v 21.912038803100586 -29.572370529174805 84.12054443359375
v 18.39783477783203 -28.71887969970703 78.04448699951172
v 20.044591903686523 -29.643266677856445 75.79952239990234
v 19.646326065063477 -29.678979873657227 78.99977111816406
v 20.23040008544922 -29.96232032775879 79.23365783691406
v 18.537981033325195 -28.6314697265625 79.56749725341797
v 21.333763122558594 -30.63714027404785 79.04241943359375
v 20.622053146362305 -30.18168067932129 79.87429809570312
v 20.992246627807617 -30.352293014526367 77.95732116699219
v 20.641782760620117 -30.219575881958008 77.04609680175781
v 21.859052658081055 -30.50790023803711 75.9878158569336
v 21.362136840820312 -30.585132598876953 77.63775634765625
v 23.50550079345703 -31.140594482421875 82.21733856201172
v 22.68354606628418 -30.91506576538086 77.05978393554688
v 21.16452980041504 -29.80233383178711 74.52316284179688
v 24.48387336730957 -29.923582077026367 73.61003875732422
v 25.017499923706055 -29.101600646972656 72.29081726074219
v 25.422170639038086 -30.313085556030273 74.78041076660156
v 22.67876625061035 -30.466094970703125 75.16893768310547
v 23.175785064697266 -29.335693359375 72.3664779663086
v 25.031131744384766 -30.913841247558594 76.30827331542969
v 21.13208770751953 -28.07179069519043 85.25413513183594
v 23.787012100219727 -28.846837997436523 86.7253646850586
v 24.55912971496582 -31.063919067382812 83.83642578125
v 24.068218231201172 -30.413827896118164 84.87016296386719
v 29.072959899902344 -29.84015464782715 89.44314575195312
v 30.869829177856445 -30.674697875976562 87.82074737548828
v 30.599811553955078 -30.39311408996582 82.97056579589844
v 32.24737548828125 -29.882339477539062 88.26390075683594
v 31.043025970458984 -29.945714950561523 82.58123779296875
v 32.28978729248047 -29.84517478942871 89.22550201416016
v 28.53200912475586 -30.813180923461914 87.52967834472656
v 29.133066177368164 -31.096385955810547 86.80498504638672
v 30.42782974243164 -30.57189178466797 88.78916931152344
v 25.193140029907227 -31.63343620300293 82.07012939453125
v 26.137849807739258 -31.518451690673828 83.01976013183594
v 25.742633819580078 -31.58378791809082 80.69013977050781
v 26.50020980834961 -31.67302703857422 82.06874084472656
v 26.00614356994629 -31.651426315307617 80.26730346679688
v 27.158832550048828 -31.58018684387207 80.50558471679688
v 27.91437530517578 -31.25946617126465 80.54930114746094
v 28.50068473815918 -31.2849063873291 81.43169403076172
v 27.620046615600586 -31.586278915405273 82.60521697998047
v 29.20975112915039 -30.474956512451172 79.24360656738281
v 26.533672332763672 -31.415592193603516 79.16192626953125
v 28.254159927368164 -31.07512092590332 79.58705139160156
v 26.895423889160156 -31.571592330932617 83.53071594238281
v 30.002107620239258 -30.992446899414062 84.9902572631836
v 30.613128662109375 -29.527151107788086 79.63300323486328
v 23.933055877685547 -31.445024490356445 80.4498291015625
v 25.174528121948242 -31.345247268676758 78.01116943359375
v 26.648794174194336 -30.52094841003418 76.09245300292969
v 27.486209869384766 -29.773221969604492 75.22180938720703
v 28.44352912902832 -30.024791717529297 76.83650207519531
v 26.068689346313477 -31.12333106994629 77.43244934082031
v 29.06777572631836 -28.795839309692383 75.45098876953125
v 30.61486053466797 -28.47126007080078 77.46981048583984
v 30.042076110839844 -30.101755142211914 89.6615219116211
v 31.11126708984375 -29.503070831298828 90.87751770019531
v 30.046142578125 -28.666677474975586 91.17739868164062
v 32.257747650146484 -29.422618865966797 90.575927734375
v 31.704187393188477 -30.098966598510742 89.57542419433594
v 31.67123794555664 -29.537418365478516 90.83090209960938
v 27.258398056030273 -28.406713485717773 89.42759704589844
v 26.607202529907227 -28.59326934814453 72.59319305419922
v 26.80185890197754 -27.815650939941406 71.55999755859375
v 20.675954818725586 -26.575563430786133 86.12236022949219
v 19.436922073364258 -26.04507827758789 85.26307678222656
v 19.02431869506836 -26.842565536499023 84.06696319580078
v 18.697450637817383 -24.731765747070312 85.19642639160156
v 20.015199661254883 -25.27483558654785 86.29649353027344
v 19.122055053710938 -23.660526275634766 86.04922485351562
v 20.3714599609375 -24.437528610229492 86.92369079589844
v 21.92536163330078 -25.294713973999023 87.70591735839844
v 22.97827911376953 -24.551082611083984 88.51228332519531
v 26.423629760742188 -25.177719116210938 89.9906005859375
v 27.72510528564453 -26.95914649963379 90.38764190673828
v 30.946611404418945 -28.435346603393555 91.56632232666016
v 29.482105255126953 -27.759553909301758 91.27810668945312
v 22.613679885864258 -31.163984298706055 66.00083923339844
v 21.92719268798828 -32.46501541137695 64.92594146728516
v 22.42542839050293 -32.598819732666016 62.10669708251953
v 23.241687774658203 -31.614931106567383 61.523536682128906
v 19.61012077331543 -33.73460388183594 64.51551055908203
v 20.46075439453125 -33.50608825683594 63.48340606689453
v 21.049606323242188 -33.445411682128906 63.2108154296875
v 21.01299476623535 -33.370849609375 62.70362091064453
v 20.60364532470703 -33.642372131347656 64.47280883789062
v 21.7154483795166 -33.05409622192383 63.40773391723633
v 20.11039161682129 -33.57475280761719 66.2531509399414
v 23.967939376831055 -30.809123992919922 58.940025329589844
v 17.4439754486084 -27.41146469116211 79.8115234375
v 18.514995574951172 -28.95357894897461 77.52810668945312
v 17.019575119018555 -26.494325637817383 80.7550048828125
v 19.93160057067871 -29.813343048095703 75.33866882324219
v 18.08306884765625 -31.381223678588867 74.61990356445312
v 11.109990119934082 -29.287036895751953 80.24861145019531
v 20.96682357788086 -29.8945255279541 74.3722152709961
v 34.07149887084961 -22.159894943237305 52.30489730834961
v 31.132930755615234 -24.79311752319336 61.96783447265625
v 24.41990089416504 -28.66190528869629 71.41386413574219
v 23.737178802490234 -29.5186824798584 70.67567443847656
v 26.216360092163086 -27.564382553100586 69.73335266113281
v 29.861557006835938 -26.59601402282715 58.35597610473633
v 31.739782333374023 -25.10579490661621 51.822303771972656
v 28.084930419921875 -27.918970108032227 61.83338928222656
v 28.045974731445312 -27.19904136657715 65.91514587402344
v 30.298669815063477 -25.053735733032227 64.88997650146484
v 25.113710403442383 -29.42951202392578 67.01604461669922
v 25.56302833557129 -27.82846450805664 70.61526489257812
v 26.610353469848633 -26.862510681152344 70.35148620605469
v 27.388473510742188 -25.993568420410156 70.10212707519531
v 16.566797256469727 -34.60934066772461 66.34087371826172
v 17.766878128051758 -34.22834396362305 65.87249755859375
v 18.19738006591797 -34.37898635864258 66.0782241821289
v 19.123069763183594 -33.88010025024414 64.97180938720703
v 17.014488220214844 -34.81850051879883 67.28065490722656
v 17.557373046875 -34.337223052978516 68.2659912109375
v 12.526592254638672 -35.910125732421875 69.53462982177734
v 15.743825912475586 -34.503753662109375 69.98579406738281
v 12.157821655273438 -36.5157585144043 65.91014099121094
v 12.422143936157227 -36.11914825439453 65.7376708984375
v 13.885226249694824 -35.54847717285156 66.37252807617188
v 14.183823585510254 -35.69282913208008 66.66958618164062
v 12.931161880493164 -36.295719146728516 67.11121368408203
v 15.510930061340332 -34.97577667236328 66.54273986816406
v 10.254575729370117 -37.272525787353516 64.75228118896484
v 10.545748710632324 -37.090003967285156 64.47256469726562
v 22.307252883911133 -30.653793334960938 70.57633972167969
v 24.09669303894043 -28.847013473510742 71.37844848632812
v 22.5772705078125 -29.61965560913086 72.76023864746094
v 18.23318099975586 -33.68344497680664 69.55311584472656
v 8.588396072387695 4.466740131378174 10.82345199584961
v 12.98709774017334 7.294239521026611 12.734806060791016
v 7.875873565673828 7.94266939163208 11.648902893066406
v 13.289864540100098 2.8482823371887207 11.777503967285156
v 6.755832672119141 10.72683334350586 12.463523864746094
v 19.90566635131836 15.180074691772461 19.139087677001953
v 16.047914505004883 9.539310455322266 14.481082916259766
v 16.391666412353516 3.4188084602355957 13.079216003417969
v 16.25711441040039 12.243158340454102 15.642608642578125
v -8.050518035888672 -35.270198822021484 74.02301025390625
v 5.4954423904418945 -26.867435455322266 83.37654113769531
v 9.571852684020996 -27.292428970336914 82.35432434082031
v 16.983570098876953 -25.366090774536133 81.9960708618164
v 16.715688705444336 -26.689960479736328 80.60660552978516
v 16.553373336791992 -24.2635555267334 82.53675079345703
v 13.539134979248047 -26.048364639282227 82.28326416015625
v 16.758808135986328 -23.100204467773438 83.3204345703125
v 14.948416709899902 -28.4057559967041 79.81385803222656
v 7.626908302307129 -25.32546043395996 84.13229370117188
v 16.553373336791992 -22.320730209350586 83.61260223388672
v -24.96982192993164 -23.965381622314453 85.51041412353516
v -23.170108795166016 -23.539236068725586 83.81692504882812
v -23.647703170776367 -23.1092472076416 84.59452819824219
v -21.80242347717285 -21.718082427978516 82.77838134765625
v -28.158784866333008 -25.49416160583496 87.10308837890625
v -27.35544204711914 -23.258365631103516 87.48017883300781
v -26.025894165039062 -23.388418197631836 86.58566284179688
v -26.171024322509766 -26.140954971313477 85.17557525634766
v -27.617324829101562 -28.79229164123535 83.43690490722656
v -24.653024673461914 -26.45387077331543 83.22523498535156
v -27.349443435668945 -27.458404541015625 84.94760131835938
v -24.582950592041016 -25.691896438598633 83.96754455566406
v -24.618242263793945 -27.466527938842773 81.666259765625
v -24.39276695251465 -27.927095413208008 79.97844696044922
v -22.235166549682617 -25.835351943969727 79.53680419921875
v -23.353984832763672 -25.35932731628418 82.58497619628906
v -23.53389549255371 -26.283462524414062 81.71893310546875
v -21.74567413330078 -24.118562698364258 81.18209075927734
v -26.366291046142578 -28.85377311706543 81.56781005859375
v -27.61539077758789 -29.80056381225586 80.76069641113281
v -28.473247528076172 -29.462556838989258 83.05247497558594
v -28.26292610168457 -26.910335540771484 86.19575500488281
v -26.49514389038086 -29.493961334228516 79.08621978759766
v -21.587020874023438 -22.808509826660156 82.03987121582031
v -17.992067337036133 -17.890872955322266 86.5583267211914
v -10.646556854248047 -28.437850952148438 81.46441650390625
v -9.577875137329102 -31.97818374633789 78.33685302734375
v -9.14157485961914 -31.577207565307617 78.99678039550781
v -21.916431427001953 -25.54402732849121 79.7868881225586
v -22.445688247680664 -26.634931564331055 78.49690246582031
v -23.42344856262207 -27.600183486938477 76.95259857177734
v -23.1679744720459 -27.62946891784668 76.78416442871094
v -24.136579513549805 -28.099533081054688 77.83500671386719
v -22.589290618896484 -26.582155227661133 78.63165283203125
v -25.751096725463867 -29.10222625732422 77.71356201171875
v -19.500913619995117 -28.040742874145508 78.65803527832031
v -17.20357322692871 -30.10420799255371 77.51763916015625
v -17.05793571472168 -27.728042602539062 80.08122253417969
v -16.448945999145508 -25.328813552856445 82.27132415771484
v -6.997802734375 -24.905136108398438 84.63019561767578
v -19.128379821777344 -22.5994930267334 83.08354187011719
v -15.067938804626465 -22.865013122558594 84.28997802734375
v -13.167132377624512 -27.938838958740234 81.24661254882812
v -12.862231254577637 -26.256074905395508 82.66140747070312
v -16.137941360473633 -29.23293113708496 78.97998809814453
v -10.010616302490234 -32.939544677734375 76.81695556640625
v -11.713205337524414 -32.16966247558594 77.29659271240234
v -13.694863319396973 -33.3868522644043 74.80842590332031
v -17.29764747619629 -31.665544509887695 75.48133087158203
v -17.26093292236328 -33.109004974365234 73.35680389404297
v 24.489770889282227 -30.58049201965332 50.818992614746094
v 8.523917198181152 -37.10979461669922 55.292293548583984
v 8.779900550842285 -36.673770904541016 54.8349609375
v 8.485880851745605 -36.530250549316406 56.23634338378906
v 9.142976760864258 -36.64262008666992 53.72312927246094
v 9.57337760925293 -36.601383209228516 52.95196533203125
v 10.388822555541992 -37.297611236572266 53.229122161865234
v 11.067376136779785 -36.377403259277344 51.31611633300781
v 9.98638916015625 -37.03120422363281 52.10152053833008
v 11.9044828414917 -36.2846794128418 50.78072738647461
v 12.436689376831055 -36.85577392578125 50.13994598388672
v 9.44075870513916 -37.38446044921875 55.392051696777344
v 0.7131215333938599 -41.67301559448242 51.62653350830078
v 21.520893096923828 -33.26030731201172 61.80952453613281
v 22.085847854614258 -33.080810546875 60.45260238647461
v 23.33881187438965 -32.13975524902344 57.139705657958984
v 21.608762741088867 -32.88299560546875 59.10877227783203
v 22.127544403076172 -33.082374572753906 59.30575180053711
v 22.321184158325195 -33.59966278076172 59.270565032958984
v 21.42793846130371 -33.411922454833984 58.95429229736328
v 21.862001419067383 -32.656612396240234 57.30086135864258
v 22.000722885131836 -32.72914123535156 56.34600830078125
v 22.002756118774414 -33.385738372802734 60.72509765625
v 22.355558395385742 -33.8420295715332 59.54999542236328
v 21.942243576049805 -32.95228576660156 53.83301544189453
v 22.586217880249023 -32.9064826965332 54.25206756591797
v 21.92525863647461 -32.67372512817383 54.94600296020508
v 21.329286575317383 -32.599422454833984 52.74005126953125
v 21.671207427978516 -32.60886764526367 53.64698791503906
v 21.09811782836914 -33.981895446777344 53.4388313293457
v 20.75070571899414 -32.72439193725586 51.72266387939453
v 20.121681213378906 -33.57219696044922 50.63239288330078
v 21.16473388671875 -33.07746124267578 51.92185974121094
v 19.42593765258789 -33.373313903808594 50.50696563720703
v 20.11029052734375 -33.89484786987305 51.56636428833008
v 9.076767921447754 -35.18395233154297 43.59366989135742
v 8.88160228729248 -34.41793441772461 43.56414031982422
v 9.340683937072754 -33.96173095703125 43.88542556762695
v 11.87498950958252 -33.89292907714844 47.09389114379883
v 11.399737358093262 -34.443206787109375 45.89765930175781
v 11.235081672668457 -32.9950065612793 46.33710861206055
v 8.37441635131836 -35.84163284301758 44.68450927734375
v 8.33932876586914 -35.478553771972656 43.7004508972168
v 9.342107772827148 -35.252838134765625 43.77755355834961
v 9.404959678649902 -35.89269256591797 46.96897888183594
v 10.11534595489502 -35.214664459228516 44.94108581542969
v 9.884077072143555 -35.03541564941406 44.05656433105469
v 10.976759910583496 -35.08675003051758 47.04404830932617
v 10.737456321716309 -34.747406005859375 44.93150329589844
v 9.850617408752441 -33.9429931640625 44.233551025390625
v 11.8167142868042 -34.429161071777344 47.1158447265625
v 7.604126930236816 -35.777400970458984 44.351806640625
v 7.879331588745117 -34.59524154663086 43.80080795288086
v 6.383400917053223 -36.1282958984375 46.68759536743164
v 7.133553504943848 -36.37688446044922 46.792354583740234
v 8.434013366699219 -34.34040451049805 43.613773345947266
v 7.953166961669922 -37.70849609375 47.004127502441406
v 8.400654792785645 -38.71644592285156 48.20578384399414
v 4.1115875244140625 -38.4126091003418 46.781497955322266
v 5.6394524574279785 -35.99153137207031 46.62454605102539
v 2.0592458248138428 -38.367313385009766 46.45915603637695
v 5.025580883026123 -36.404930114746094 46.59933090209961
v 3.8304836750030518 -36.66223907470703 44.89406204223633
v 4.8776044845581055 -36.33540344238281 45.382423400878906
v 0.11684417724609375 -37.25922393798828 46.24125671386719
v 1.0655182600021362 -37.11513900756836 44.97515869140625
v 2.0092086791992188 -37.17194747924805 46.35319900512695
v 1.3052293062210083 -35.55796813964844 44.702545166015625
v 2.785904884338379 -35.328365325927734 44.60257339477539
v 2.9454751014709473 -36.818809509277344 44.724727630615234
v 3.5155134201049805 -35.0822868347168 44.75416564941406
v 4.216340065002441 -35.1680793762207 44.94113540649414
v 0.07392621040344238 -37.188011169433594 45.71389389038086
v 3.5401248931884766 -36.85013961791992 46.4692268371582
v 10.141585350036621 -33.40507888793945 44.8079948425293
v 11.410924911499023 -32.78456115722656 46.9876823425293
v -0.31009960174560547 -37.12595748901367 46.236244201660156
v 1.1739321947097778 6.281818866729736 10.36832046508789
v 3.3500447273254395 8.662900924682617 11.257221221923828
v 3.4271345138549805 15.57403564453125 14.270843505859375
v 0.11806464195251465 8.310256958007812 10.955169677734375
v -10.036042213439941 6.6878743171691895 11.437763214111328
v -4.740838050842285 7.572700023651123 10.877853393554688
v -2.7309062480926514 5.009623050689697 10.063179016113281
v -6.125405311584473 4.651944637298584 10.256160736083984
v -2.2203633785247803 2.264342784881592 9.606136322021484
v 4.169252395629883 12.539617538452148 12.879791259765625
v -1.265282392501831 12.054174423217773 12.434261322021484
v -0.40885210037231445 15.718912124633789 14.188186645507812
v -9.285685539245605 2.3195157051086426 10.334278106689453
v -6.10689640045166 2.098177433013916 9.838054656982422
v -17.329988479614258 5.956892490386963 13.506175994873047
v -19.208112716674805 3.963818073272705 13.924636840820312
v -13.908843040466309 7.667073726654053 12.747241973876953
v -14.744833946228027 2.8472046852111816 11.883853912353516
v -11.54661750793457 4.515230655670166 11.256587982177734
v -11.709441184997559 0.4977073669433594 10.644050598144531
v -8.856606483459473 -1.0281877517700195 9.919746398925781
v -4.273721694946289 -1.1112737655639648 9.402862548828125
v -13.21666145324707 -2.9346656799316406 10.72857666015625
v -15.126519203186035 -2.743213653564453 11.158401489257812
v -16.252559661865234 -2.63840913772583 11.739303588867188
v -13.385893821716309 -3.1854066848754883 10.575130462646484
v 23.298233032226562 -28.84211540222168 36.10104751586914
v 23.10489845275879 -27.621912002563477 32.603126525878906
v 22.416784286499023 -32.2899055480957 45.94334411621094
v 21.827524185180664 -31.401464462280273 43.164337158203125
v 24.030792236328125 -30.698932647705078 46.6536979675293
v 23.39515495300293 -32.470603942871094 47.37958908081055
v 23.92705535888672 -31.600393295288086 49.52639389038086
v 22.99038314819336 -33.11872863769531 47.62089157104492
v 19.234027862548828 -31.95582389831543 39.69770050048828
v 29.61228370666504 -26.49302101135254 44.80946350097656
v 25.9825496673584 -28.091659545898438 38.94911193847656
v 10.83651351928711 -38.02421951293945 49.01636505126953
v 20.226634979248047 -34.72312927246094 48.125823974609375
v 21.915802001953125 -33.95365524291992 48.46611785888672
v 22.18714141845703 -33.79558563232422 47.868499755859375
v 11.904788970947266 -37.72942352294922 48.309234619140625
v 16.858985900878906 -35.90910720825195 47.83872985839844
v 17.978721618652344 -35.38792419433594 48.84831237792969
v 20.805727005004883 -33.828269958496094 49.684391021728516
v 23.10072898864746 -32.57954406738281 49.949581146240234
v 12.82813835144043 -36.16216278076172 50.361019134521484
v 14.067578315734863 -35.88959503173828 49.97288513183594
v 16.887563705444336 -35.35805130004883 49.42477035522461
v 15.134734153747559 -35.530086517333984 49.780921936035156
v 16.703685760498047 -34.864173889160156 49.7301139831543
v 18.088764190673828 -34.16078567504883 49.93810272216797
v 19.31427001953125 -33.88775634765625 50.214439392089844
v 21.378917694091797 -33.30025863647461 51.41618728637695
v 20.93397331237793 -33.528377532958984 47.36802673339844
v 16.70572280883789 -35.03239440917969 47.30017852783203
v 11.832071304321289 -37.606353759765625 47.93775939941406
v 21.264503479003906 -32.75389099121094 46.18120193481445
v 21.42946434020996 -32.7022819519043 45.66741943359375
v 21.65849494934082 -32.85232162475586 46.22386169433594
v 16.513505935668945 -33.64163589477539 40.3951301574707
v 17.385393142700195 -33.08549880981445 39.44178009033203
v 19.22121238708496 -32.68135452270508 41.28515625
v 17.26080894470215 -33.282569885253906 41.66834259033203
v 20.009807586669922 -32.28036880493164 47.13248062133789
v 20.1763973236084 -33.11381912231445 47.272727966308594
v 20.414583206176758 -31.675479888916016 46.28226852416992
v 20.37430763244629 -31.52189826965332 45.96376419067383
v 20.216365814208984 -32.47867965698242 45.117008209228516
v 12.906245231628418 -33.75361633300781 38.59865188598633
v 10.299731254577637 -34.6369743347168 37.073062896728516
v 14.187687873840332 -33.849754333496094 39.23708724975586
v 20.209449768066406 -30.133399963378906 35.250694274902344
v -17.961454391479492 -33.3890495300293 40.324771881103516
v -19.809885025024414 -31.986717224121094 42.38178253173828
v -20.05173110961914 -32.91972351074219 42.25083923339844
v 13.82949447631836 -2.597628593444824 11.274211883544922
v 11.792305946350098 -4.495102882385254 8.311973571777344
v 10.895195007324219 -5.664201259613037 5.585231781005859
v 11.362107276916504 -3.628136157989502 10.239494323730469
v -0.3430511951446533 -38.98686218261719 59.18632507324219
v 0.5479578971862793 -39.015010833740234 59.65630340576172
v 1.8554356098175049 -39.22454071044922 61.32141876220703
v -3.0839130878448486 -39.011417388916016 59.28194046020508
v -3.274400472640991 -39.44917297363281 58.6764030456543
v -2.253314733505249 -38.99119567871094 59.12016296386719
v 0.6436593532562256 -39.462886810302734 58.96993637084961
v 1.1013171672821045 -39.40755081176758 58.892539978027344
v 2.7201037406921387 -38.86579132080078 59.8050422668457
v 1.8432316780090332 -38.75182342529297 59.224388122558594
v 3.6106042861938477 -38.50006103515625 59.05328369140625
v 3.6145706176757812 -39.06666946411133 59.70124816894531
v 1.5505338907241821 -38.946109771728516 58.958858489990234
v 3.0988411903381348 -39.01915740966797 60.51305389404297
v 0.382387638092041 -39.421512603759766 58.820960998535156
v 0.74383544921875 -39.50048828125 58.517738342285156
v 1.6036221981048584 -38.823890686035156 58.51637649536133
v -9.007023811340332 -38.130714416503906 59.827857971191406
v -7.313689231872559 -38.18101119995117 56.85023498535156
v -6.946748733520508 -38.36283874511719 58.746849060058594
v -0.08310127258300781 -39.05290985107422 58.595069885253906
v -4.129915237426758 -38.69810485839844 57.955326080322266
v -3.705310583114624 -39.281620025634766 58.300079345703125
v -4.24229621887207 -38.87809371948242 58.80754470825195
v -3.048419237136841 -39.4222412109375 58.43144607543945
v 0.6490495204925537 -39.91610336303711 53.627010345458984
v -0.3026754856109619 -41.2564697265625 53.166587829589844
v 1.236783742904663 -40.890098571777344 52.765220642089844
v 1.7017642259597778 -40.801326751708984 52.34505844116211
v 2.2503435611724854 -39.58177947998047 52.56891632080078
v 2.4996142387390137 -40.05142593383789 51.04690170288086
v 3.4060821533203125 -39.2564697265625 52.16425704956055
v 2.3633341789245605 -40.34991455078125 50.00362777709961
v 0.07880783081054688 -38.93625259399414 58.17432403564453
v 0.4829704761505127 -39.45003890991211 58.46650695800781
v -2.3750522136688232 -38.73748779296875 57.49477005004883
v 0.8039413690567017 -38.67372131347656 57.48858642578125
v 1.2908892631530762 -38.778446197509766 58.19369888305664
v 0.6450831890106201 -39.30588150024414 58.27843475341797
v -2.5538437366485596 -38.84300994873047 56.263797760009766
v -0.6291382312774658 -38.98277282714844 55.76165771484375
v 0.0413815975189209 -39.438053131103516 54.41948699951172
v 4.802040100097656 -38.174354553222656 57.696815490722656
v 4.944219589233398 -38.22949981689453 55.97200393676758
v 7.54859733581543 -37.69270324707031 54.72918701171875
v 7.700844764709473 -37.534576416015625 57.94875717163086
v -10.661913871765137 -37.39820861816406 57.8289794921875
v -10.981765747070312 -37.1650276184082 57.399051666259766
v -6.627202033996582 -38.508975982666016 54.75776672363281
v -6.118694305419922 -39.43410110473633 51.59082794189453
v -9.237071990966797 -38.47337341308594 51.25877380371094
v -5.668052673339844 -40.22307586669922 49.83916091918945
v -4.737176895141602 -39.1403923034668 53.99801254272461
v -5.779212951660156 -39.75578308105469 51.637733459472656
v -5.219548225402832 -40.7702522277832 51.948490142822266
v -5.181003570556641 -41.00643539428711 51.345211029052734
v -5.460784912109375 -39.50489044189453 52.54988479614258
v -3.942478895187378 -39.692726135253906 53.69027328491211
v -4.745719909667969 -40.828529357910156 52.525203704833984
v -4.061368942260742 -41.315208435058594 52.63022994995117
v -4.779078483581543 -41.13731384277344 52.17668914794922
v -3.885221242904663 -40.8420295715332 53.082359313964844
v -8.423662185668945 -38.26680374145508 53.43647384643555
v -6.10689640045166 -38.56720733642578 58.95948028564453
v -3.73866868019104 -41.64279556274414 52.300418853759766
v -0.9708559513092041 -39.81779098510742 54.1383171081543
v -2.68300461769104 -39.82890701293945 54.01728439331055
v -2.526078939437866 -41.17729187011719 53.21562194824219
v -2.17927622795105 -41.5890998840332 52.86265563964844
v -3.3448798656463623 -38.7884521484375 57.849395751953125
v -2.5703189373016357 -38.93812942504883 58.070560455322266
v -2.207956075668335 -39.35795211791992 54.77011489868164
v 8.919029235839844 -37.63899230957031 52.03746795654297
v 8.920656204223633 -37.07073974609375 54.01094436645508
v 8.20864200592041 -37.297019958496094 57.85874557495117
v 8.284918785095215 -37.31908416748047 59.34714889526367
v 8.335972785949707 -37.09367752075195 57.73634719848633
v 8.482525825500488 -37.75541687011719 57.663841247558594
v 8.480490684509277 -36.31254577636719 57.82126235961914
v 9.034765243530273 -37.25611877441406 57.65263366699219
v 9.177961349487305 -37.45066452026367 62.41487121582031
v 8.878754615783691 -37.25035095214844 61.25679016113281
v -19.096242904663086 -34.76579666137695 48.77289962768555
v -20.155771255493164 -34.14561462402344 48.868019104003906
v -20.31696891784668 -34.44599533081055 48.71826934814453
v -17.99359130859375 -35.25652313232422 48.86201095581055
v -24.054101943969727 -33.727088928222656 46.724266052246094
v -23.012876510620117 -33.8599739074707 46.41692352294922
v -18.770898818969727 -35.865047454833984 46.82179641723633
v -23.279029846191406 -34.05122756958008 47.479942321777344
v -18.977352142333984 -35.9219970703125 47.24203109741211
v -25.737571716308594 -31.805702209472656 49.19485092163086
v -25.13153076171875 -32.36750793457031 49.494049072265625
v -25.217975616455078 -32.583457946777344 55.4766960144043
v -23.910701751708984 -33.059242248535156 49.34514236450195
v -25.00857162475586 -32.859439849853516 46.598751068115234
v -24.55254364013672 -33.36387252807617 47.25846862792969
v -23.234588623046875 -32.727317810058594 44.67268753051758
v -23.102170944213867 -32.83658218383789 44.94734191894531
v -22.4822998046875 -33.37642288208008 45.99778747558594
v -26.589933395385742 -30.337623596191406 48.53881072998047
v -26.082948684692383 -30.451904296875 45.8753662109375
v -26.29703140258789 -31.20047378540039 51.96018981933594
v -25.76930046081543 -32.019195556640625 55.65644073486328
v -14.436270713806152 -37.52655029296875 47.40113067626953
v -15.19201374053955 -37.260650634765625 48.182891845703125
v -0.31009960174560547 -41.927772521972656 51.32260513305664
v 1.0073448419570923 -41.526817321777344 51.07583236694336
v 1.3036020994186401 -41.474117279052734 51.73428726196289
v 1.607588529586792 -41.262176513671875 51.27350997924805
v 0.5740952491760254 -41.785987854003906 51.85382080078125
v -0.5425899028778076 -41.709381103515625 52.67597961425781
v 0.1331164836883545 -41.565895080566406 52.737117767333984
v 1.5370073318481445 -41.19630813598633 52.06760787963867
v 0.7503445148468018 -41.27984619140625 49.72725296020508
v 1.7475299835205078 -40.57025146484375 48.901023864746094
v 1.9303897619247437 -40.922908782958984 51.52607727050781
v -0.46499133110046387 -41.38501739501953 50.73616027832031
v -4.0970659255981445 -41.687774658203125 51.58793258666992
v -3.245314359664917 -41.69853210449219 51.03144454956055
v -3.080861806869507 -41.82064437866211 50.92399215698242
v -3.2414491176605225 -41.8896598815918 51.5376091003418
v -1.5328595638275146 -41.90317153930664 52.175514221191406
v -0.4587876796722412 -41.799781799316406 50.737728118896484
v 0.44656145572662354 -41.19845962524414 49.124671936035156
v 7.989272117614746 -38.92057418823242 48.841468811035156
v -8.389083862304688 -37.91566467285156 46.3217887878418
v -2.8523380756378174 -38.20204162597656 46.20343780517578
v -2.642425775527954 -38.58817672729492 46.305294036865234
v -3.1191022396087646 -40.008243560791016 47.89603805541992
v -7.045602798461914 -38.23794937133789 46.37872314453125
v 0.027143239974975586 -38.63177490234375 46.42234420776367
v 0.05582308769226074 -40.05851364135742 47.99867248535156
v 0.2681766748428345 -41.024356842041016 48.744503021240234
v -5.376169204711914 -40.35681915283203 48.88621520996094
v -10.292839050292969 -38.745609283447266 47.672576904296875
v -3.868847131729126 -40.96731948852539 48.732383728027344
v -4.606082916259766 -41.078670501708984 49.60782241821289
v -4.50621223449707 -41.51725769042969 51.67001724243164
v -4.394238471984863 -41.34901809692383 50.42082977294922
v -4.260296821594238 -41.357364654541016 51.04409408569336
v -3.839556932449341 -41.10988998413086 49.29783248901367
v -2.9244449138641357 -41.11359405517578 48.708709716796875
v -2.5116374492645264 -41.59378433227539 49.71445083618164
v -2.70588755607605 -41.32277297973633 49.36903762817383
v -0.7053127288818359 -41.4053840637207 49.244911193847656
v -0.07954168319702148 -40.98987579345703 49.3453483581543
v -3.6929032802581787 -40.534305572509766 49.72746276855469
v -3.406104326248169 -41.069671630859375 49.12705612182617
v -0.6694118976593018 -41.39543914794922 49.435447692871094
v -2.4503109455108643 -39.454097747802734 51.07624435424805
v -2.3850185871124268 -39.3946647644043 50.16111373901367
v 7.015680313110352 -38.26952362060547 62.67182540893555
v -6.288026809692383 -38.61536407470703 66.78215026855469
v -2.238771677017212 -39.389373779296875 62.869285583496094
v -2.2203633785247803 -39.54668426513672 62.02748107910156
v -1.5163841247558594 -39.38642120361328 63.45823669433594
v 3.306211233139038 -39.07818603515625 62.28380584716797
v 4.531615734100342 -38.82264709472656 61.96662902832031
v 4.267801284790039 -39.22639465332031 61.06842803955078
v 4.6378936767578125 -39.14100646972656 60.81181716918945
v 4.606366157531738 -38.377906799316406 59.41808319091797
v -3.38759446144104 -39.32448959350586 63.721595764160156
v -3.1096436977386475 -39.075340270996094 65.52291107177734
v 5.3563151359558105 -38.709251403808594 60.85444641113281
v 5.0436835289001465 -38.964237213134766 61.423095703125
v -6.131609916687012 -39.01182174682617 60.57867431640625
v 6.062532424926758 -38.10111618041992 59.865699768066406
v 9.509610176086426 -37.1129150390625 62.604923248291016
v 10.012831687927246 -36.959041595458984 63.359859466552734
v -22.143226623535156 -32.43203353881836 45.36922836303711
v -21.75503158569336 -32.6351432800293 45.9281120300293
v -24.945415496826172 -32.69200897216797 56.611061096191406
v -24.382394790649414 -32.77100372314453 58.59363555908203
v -24.729907989501953 -32.79179000854492 58.814273834228516
v -24.457246780395508 -32.4709358215332 57.19303894042969
v -24.186922073364258 -32.41603088378906 58.331417083740234
v -24.914295196533203 -33.3026237487793 58.617149353027344
v -23.95585823059082 -33.04056930541992 58.40312576293945
v -24.649259567260742 -32.540340423583984 55.35280990600586
v -21.676822662353516 -33.251625061035156 49.37916946411133
v -20.72580909729004 -34.365909576416016 49.27729797363281
v -22.704418182373047 -33.63076400756836 48.844261169433594
v -23.92565155029297 -32.4620361328125 51.936134338378906
v -22.42839813232422 -32.89777374267578 49.81929016113281
v -23.316762924194336 -33.9328727722168 51.73902130126953
v -23.104412078857422 -33.30131912231445 49.61977005004883
v -24.13607406616211 -32.80851364135742 51.70476531982422
v -24.546743392944336 -32.5826416015625 54.17699432373047
v -24.292081832885742 -32.530155181884766 52.93375778198242
v -23.387039184570312 -32.92021942138672 50.552337646484375
v -22.196517944335938 -33.714073181152344 50.07610321044922
v -23.385818481445312 -32.46284866333008 50.96222686767578
v -22.616851806640625 -33.1968994140625 49.758644104003906
v -24.387176513671875 -33.21067428588867 56.502471923828125
v -24.05745506286621 -34.28522872924805 55.71108627319336
v -24.02490997314453 -33.85884094238281 53.52174377441406
v -10.144150733947754 -37.6446533203125 67.76359558105469
v -14.84887409210205 -36.54690170288086 65.04712677001953
v -13.682251930236816 -36.711673736572266 63.73490524291992
v -12.628316879272461 -37.466773986816406 64.47000885009766
v -9.665846824645996 -38.36088943481445 62.08514404296875
v -6.670018196105957 -39.066627502441406 64.25279998779297
v -11.725104331970215 -37.438419342041016 61.35511779785156
v -10.598654747009277 -37.86272430419922 61.60890579223633
v -7.909763336181641 -39.10807418823242 60.621986389160156
v -7.556146621704102 -39.22528839111328 61.00090026855469
v -7.4423418045043945 -38.84946060180664 61.63594055175781
v -5.464649200439453 -39.279502868652344 63.66926574707031
v -6.419832229614258 -38.18782043457031 67.52363586425781
v -5.481125831604004 -39.03950119018555 64.17881774902344
v -6.035196304321289 -37.572933197021484 69.57770538330078
v -5.256974220275879 -37.77704620361328 69.27227783203125
v -23.06464385986328 -33.5402717590332 68.16119384765625
v -15.329110145568848 -36.49038314819336 68.04946899414062
v -16.243711471557617 -36.07025146484375 66.61882019042969
v -11.014615058898926 -37.23252487182617 58.712982177734375
v -11.34321403503418 -37.23550796508789 59.83286666870117
v -7.656119346618652 -36.232086181640625 46.15990447998047
v -7.460546493530273 -35.0556526184082 46.08888626098633
v -7.03156852722168 -35.140384674072266 46.06633758544922
v -7.819045066833496 -36.46866989135742 46.1611328125
v -7.007668495178223 -36.28953552246094 46.12283706665039
v -6.831521034240723 -34.60486602783203 46.076629638671875
v -4.034519195556641 -37.15068435668945 46.12824630737305
v -1.4154958724975586 -37.1995849609375 46.198211669921875
v -11.273853302001953 -36.595829010009766 55.04975891113281
v -11.688695907592773 -36.58993148803711 53.491294860839844
v -11.36253833770752 -36.947776794433594 54.233909606933594
v -12.302159309387207 -36.51231002807617 52.23247528076172
v -12.167914390563965 -36.89390563964844 52.2271614074707
v -12.930472373962402 -36.384647369384766 51.41911697387695
v -11.16666030883789 -36.512413024902344 56.154197692871094
v -11.21496868133545 -36.30622100830078 57.48462677001953
v -11.095468521118164 -36.89426040649414 56.372920989990234
v -6.92722225189209 -38.855369567871094 59.217552185058594
v -6.298094749450684 -39.03310012817383 59.52442169189453
v -4.2706708908081055 -39.30741882324219 62.37824249267578
v -6.785552024841309 -39.0925407409668 59.56743621826172
v -5.47197151184082 -36.84141540527344 46.1339225769043
v -4.661409378051758 -36.85301208496094 44.53485870361328
v -12.058279037475586 -35.462310791015625 46.2488899230957
v -10.261107444763184 -36.32048797607422 46.25005340576172
v -9.449527740478516 -36.533851623535156 46.227779388427734
v -13.287039756774902 -34.509254455566406 46.2821159362793
v -8.686052322387695 -36.04648208618164 43.94558334350586
v -8.146727561950684 -36.33437728881836 45.04970932006836
v -16.063091278076172 -36.24608612060547 49.15763473510742
v -16.4731502532959 -35.75926208496094 49.21916198730469
v -14.779208183288574 -36.15096664428711 49.9360466003418
v -13.220222473144531 -36.67185592651367 50.97509002685547
v -12.037734985351562 -37.33788299560547 51.34326934814453
v -10.99854564666748 -37.206878662109375 54.814334869384766
v -4.048859596252441 -41.599796295166016 51.46956253051758
v -25.934667587280273 -28.344282150268555 72.89483642578125
v -26.529319763183594 -28.268630981445312 72.01195526123047
v -24.64732551574707 -30.079391479492188 71.43382263183594
v -25.549728393554688 -31.377593994140625 62.652259826660156
v -24.814424514770508 -31.539764404296875 65.39594268798828
v -29.187191009521484 -26.730205535888672 69.7061538696289
v -29.71116065979004 -27.455577850341797 65.63920593261719
v -26.487010955810547 -29.882625579833984 66.61097717285156
v -26.159427642822266 -29.475610733032227 69.6829833984375
v -28.394935607910156 -28.967933654785156 63.43967056274414
v -26.234079360961914 -30.574752807617188 60.93044662475586
v -29.326623916625977 -28.527393341064453 60.28865432739258
v -31.01751708984375 -26.59549903869629 63.25865936279297
v -28.074373245239258 -29.398513793945312 61.4158935546875
v -26.691736221313477 -30.448509216308594 54.32427215576172
v -25.08993148803711 -32.5847053527832 58.540340423583984
v -29.179258346557617 -28.130794525146484 71.6246566772461
v -28.415477752685547 -27.27892303466797 70.32029724121094
v -27.054508209228516 -28.162038803100586 71.85684204101562
v -30.905643463134766 -25.037425994873047 68.76419067382812
v -31.296890258789062 -26.650136947631836 60.656471252441406
v -30.997177124023438 -25.979965209960938 66.05667877197266
v -32.19888687133789 -26.000356674194336 54.75285339355469
v -30.81777572631836 -26.070032119750977 69.71356964111328
v -30.313640594482422 -27.828243255615234 52.109127044677734
v -36.116336822509766 -29.46895408630371 82.28175354003906
v -35.51904296875 -29.922428131103516 83.10629272460938
v -33.93157958984375 -30.432340621948242 82.10091400146484
v -35.940494537353516 -29.86734390258789 86.45545959472656
v -34.201698303222656 -30.24733543395996 83.86582946777344
v -32.38195037841797 -30.58973503112793 82.99810791015625
v -32.682579040527344 -30.485210418701172 79.52981567382812
v -31.797367095947266 -30.560272216796875 80.22102355957031
v -31.533859252929688 -30.486337661743164 78.738037109375
v -31.830318450927734 -30.664255142211914 81.70693969726562
v -35.248817443847656 -29.25142478942871 78.91725158691406
v -37.85767364501953 -28.718017578125 89.78341674804688
v -37.30014419555664 -29.27107048034668 88.58489227294922
v -36.50727462768555 -29.384138107299805 88.69683837890625
v -34.6822395324707 -29.733816146850586 87.19632720947266
v -30.645084381103516 -30.642152786254883 80.9227294921875
v -30.265838623046875 -30.565114974975586 78.99935913085938
v -30.266246795654297 -30.41802406311035 81.76803588867188
v -29.79302978515625 -30.542346954345703 79.20694732666016
v -29.36008644104004 -30.38648223876953 79.60948944091797
v -29.22827911376953 -30.358652114868164 81.20982360839844
v -29.72031021118164 -29.801616668701172 83.57769775390625
v -31.290386199951172 -30.336448669433594 83.3996810913086
v -31.311233520507812 -29.134662628173828 86.03598022460938
v -29.045215606689453 -30.25868034362793 78.16552734375
v -28.24390983581543 -30.122638702392578 79.6304931640625
v -28.11932373046875 -30.23720359802246 78.75234985351562
v -33.675594329833984 -28.102739334106445 88.87149047851562
v -32.031890869140625 -29.880538940429688 85.23444366455078
v -36.58843231201172 -27.738628387451172 90.95108032226562
v -36.352386474609375 -28.457096099853516 90.13986206054688
v -35.860755920410156 -29.150789260864258 88.98182678222656
v -37.198951721191406 -28.604291915893555 90.23159790039062
v -24.354324340820312 -28.13147735595703 75.39488220214844
v -25.107730865478516 -28.362220764160156 74.5788345336914
v -24.946535110473633 -28.331655502319336 74.16355895996094
v -23.47714614868164 -29.302560806274414 74.2791976928711
v -24.320358276367188 -28.211881637573242 74.97811126708984
v -25.87883186340332 -28.900304794311523 75.53498840332031
v -27.41249656677246 -29.591617584228516 76.55337524414062
v -28.190818786621094 -30.10387420654297 77.67826843261719
v -26.611391067504883 -29.640369415283203 77.28775787353516
v -28.009689331054688 -29.813613891601562 75.9298324584961
v -29.211801528930664 -28.3466796875 72.31136322021484
v -28.185632705688477 -29.06123924255371 73.80467224121094
v -30.050945281982422 -29.35638999938965 74.17715454101562
v -27.225265502929688 -28.843021392822266 73.28814697265625
v -26.539182662963867 -28.674524307250977 73.448974609375
v -26.47602653503418 -28.317625045776367 72.48025512695312
v -28.696788787841797 -29.61317253112793 74.79414367675781
v -24.683124542236328 -32.72751998901367 61.318817138671875
v -24.44900894165039 -32.882118225097656 60.60253143310547
v -23.573863983154297 -32.57026672363281 66.2986831665039
v -23.993791580200195 -32.96617126464844 61.63218688964844
v -23.448772430419922 -33.318572998046875 63.458091735839844
v -22.400938034057617 -33.451698303222656 66.28215789794922
v -23.801170349121094 -33.067420959472656 63.93893051147461
v -21.093156814575195 -34.163734436035156 66.26116943359375
v -22.66770362854004 -32.51285171508789 68.41118621826172
v -22.80978012084961 -33.36687088012695 68.12844848632812
v -32.90235900878906 -30.02029037475586 77.8008804321289
v -35.65776443481445 -28.43750762939453 77.67411041259766
v -34.13884353637695 -29.477420806884766 77.67366027832031
v -34.06877136230469 -28.966594696044922 76.38368225097656
v -31.52358627319336 -29.91806983947754 76.28739166259766
v -32.280147552490234 -28.85567283630371 74.47035217285156
v -35.104095458984375 -27.706703186035156 75.54551696777344
v -30.16678237915039 -28.339977264404297 72.33063507080078
v -33.64132308959961 -28.32964324951172 74.78231811523438
v -33.28933334350586 -27.278854370117188 73.02359771728516
v -31.831134796142578 -27.863142013549805 72.58208465576172
v -30.24803924560547 -26.98175048828125 70.38097381591797
v -31.896015167236328 -25.13155174255371 69.68637084960938
v -30.922222137451172 -30.362051010131836 77.56991577148438
v -29.919952392578125 -30.26812744140625 76.95582580566406
v -31.562435150146484 -30.260391235351562 78.15055084228516
v -28.956634521484375 -30.262868881225586 77.5549087524414
v -29.20732879638672 -29.886579513549805 75.95292663574219
v -29.62827491760254 -29.628992080688477 75.29304504394531
v -24.436397552490234 -31.862607955932617 44.830955505371094
v -22.54220199584961 -32.74129104614258 44.48978042602539
v -18.630958557128906 -33.55152130126953 39.975555419921875
v 15.606122970581055 -33.148929595947266 37.30451965332031
v 16.05727195739746 -32.53229904174805 36.81255340576172
v 10.690672874450684 -34.79607009887695 36.74183654785156
v 12.165042877197266 -33.79940414428711 35.299896240234375
v 11.908857345581055 -32.92308807373047 33.91748809814453
v 12.198705673217773 -34.386962890625 36.735687255859375
v 8.69447135925293 -35.05806350708008 35.574607849121094
v 9.019611358642578 -33.22650909423828 32.693946838378906
v -10.82921314239502 -13.579011917114258 12.23709487915039
v -5.797519683837891 -14.438311576843262 11.94961166381836
v -6.080860137939453 -16.544635772705078 13.112686157226562
v -10.989697456359863 -34.773014068603516 36.25529098510742
v -9.08279037475586 -35.24140167236328 35.09532928466797
v -3.5736067295074463 -35.87623977661133 34.54168701171875
v -5.813079833984375 -35.1993408203125 35.23724365234375
v -2.775858163833618 -35.40244674682617 34.97852325439453
v 3.6602349281311035 -35.77168273925781 34.80548858642578
v 4.862857818603516 -35.37435531616211 35.5097541809082
v 1.1537952423095703 -35.232521057128906 35.16677474975586
v 5.645961284637451 -35.252777099609375 34.28232192993164
v 3.8103466033935547 -35.334877014160156 33.826087951660156
v -1.457397222518921 -35.96641540527344 34.40918731689453
v 4.376825332641602 -34.80740737915039 35.66021728515625
v 1.7830240726470947 -35.057960510253906 32.939632415771484
v -3.142900228500366 -34.87443923950195 35.10786819458008
v 9.57337760925293 -34.37577819824219 34.526100158691406
v 7.683555603027344 -34.98031234741211 36.20530319213867
v 8.944759368896484 -34.43532180786133 36.76714324951172
v 5.452117919921875 -34.593318939208984 33.09440231323242
v -19.1196346282959 -33.26301193237305 39.512115478515625
v -17.153636932373047 -33.17343521118164 36.77606964111328
v -14.505732536315918 -34.352455139160156 37.36595916748047
v -11.94132137298584 -34.68352508544922 35.596134185791016
v -16.773475646972656 -33.87799072265625 38.984405517578125
v -7.679917335510254 -34.51226043701172 32.96609878540039
v -6.66635799407959 -35.00210952758789 33.4338493347168
v -14.181811332702637 -33.57866287231445 34.89198684692383
v -11.419386863708496 -34.215049743652344 34.12629699707031
v -1.956956148147583 -34.89816665649414 32.5404052734375
v -5.423155784606934 -25.78660011291504 20.209545135498047
v -8.804229736328125 -23.649188995361328 18.838577270507812
v -6.624253273010254 -19.565107345581055 15.127933502197266
v -7.465326309204102 -34.618324279785156 35.600440979003906
v -16.425554275512695 -33.566253662109375 39.226654052734375
v -16.984914779663086 -33.0146369934082 39.78392028808594
v -12.791853904724121 -34.197364807128906 37.192481994628906
v -14.470440864562988 -33.57099914550781 38.09925842285156
v 13.02045726776123 -21.47822380065918 18.511234283447266
v 9.925265312194824 -18.651887893676758 15.368633270263672
v 12.997777938842773 -18.248458862304688 16.031341552734375
v 12.86434555053711 -15.225757598876953 13.95962142944336
v 14.403396606445312 -15.479116439819336 14.671009063720703
v 18.216602325439453 -18.9554500579834 18.765857696533203
v 17.12046241760254 -14.343866348266602 15.203956604003906
v 16.79644012451172 -21.12224578857422 19.737079620361328
v 19.068660736083984 -20.6573486328125 20.469600677490234
v 15.460586547851562 -24.24368667602539 21.97388458251953
v 11.80278205871582 -23.4836368560791 19.83310890197754
v -22.398193359375 -32.53508377075195 44.838104248046875
v -10.981459617614746 -4.107399940490723 10.205032348632812
v 18.52740478515625 -29.257287979125977 31.238019943237305
v 13.144125938415527 -30.781070709228516 30.02260398864746
v 17.90753173828125 -27.275562286376953 27.192533493041992
v 18.629003524780273 -25.05714988708496 24.589515686035156
v 20.331695556640625 -26.225746154785156 27.410799026489258
v 9.99828815460205 -26.322036743164062 22.035808563232422
v 7.877907752990723 -24.975317001342773 20.09644317626953
v 12.888651847839355 -26.48325538635254 23.306062698364258
v 10.753727912902832 -28.736135482788086 25.339941024780273
v 14.66812801361084 -27.716171264648438 25.798307418823242
v 8.421504020690918 -28.09894561767578 23.65384292602539
v 20.128902435302734 -24.20224952697754 24.531097412109375
v 4.893877029418945 -28.564054489135742 23.370485305786133
v 1.8152633905410767 -28.14360809326172 22.4277400970459
v 1.0828074216842651 -24.022438049316406 18.320087432861328
v 4.893877029418945 -25.977296829223633 20.524892807006836
v -1.3805105686187744 -24.777158737182617 18.96012306213379
v 4.408149719238281 -21.412132263183594 16.392242431640625
v 3.708136558532715 -29.7799015045166 24.69389533996582
v 7.509544372558594 -30.211286544799805 26.24053192138672
v 12.75776195526123 -29.49909782409668 27.450143814086914
v 8.447540283203125 -31.588651657104492 28.925029754638672
v 3.0109710693359375 -33.67462921142578 31.27058219909668
v 3.9716458320617676 -32.34590530395508 28.755352020263672
v 0.5791804790496826 -29.50465965270996 23.97658348083496
v 1.336756706237793 -31.2280216217041 26.409587860107422
v -3.368677854537964 -20.447187423706055 15.418750762939453
v -1.6851074695587158 -21.72407341003418 16.316917419433594
v -10.158185005187988 -18.91322135925293 15.337257385253906
v -2.8667800426483154 -18.073963165283203 13.761661529541016
v 2.093926191329956 -19.625242233276367 14.80270004272461
v -13.951050758361816 -33.011688232421875 34.05982208251953
v -18.133127212524414 -32.42772674560547 36.5938720703125
v -20.102479934692383 -32.59683609008789 39.099090576171875
v -4.55319881439209 -29.787553787231445 24.574935913085938
v -2.9120371341705322 -32.11311721801758 27.836505889892578
v -8.26236343383789 -26.852996826171875 21.79659080505371
v -7.345928192138672 -29.128400802612305 24.240392684936523
v -1.2982337474822998 -28.148738861083984 22.313703536987305
v -11.743919372558594 -31.4357967376709 29.39129638671875
v -10.975663185119629 -29.684532165527344 26.14021873474121
v -7.546382904052734 -31.458454132080078 27.720138549804688
v -10.363520622253418 -33.225440979003906 32.349761962890625
v -6.701648712158203 -33.670711517333984 31.693401336669922
v 0.05216193199157715 -32.7734489440918 28.968505859375
v -11.727952003479004 -25.738229751586914 21.55272674560547
v -0.9893655776977539 -33.84276580810547 31.14635467529297
v 6.476051330566406 -19.56635093688965 15.296588897705078
v 8.126771926879883 -16.750455856323242 13.733489990234375
v 4.3326873779296875 -17.373369216918945 13.536201477050781
v -0.6723613739013672 -13.746259689331055 11.35770034790039
v 23.754262924194336 -23.824296951293945 26.899471282958984
v -0.23595905303955078 -17.3875675201416 13.27236557006836
v 3.587111473083496 -14.077095985412598 11.686500549316406
v -28.663326263427734 -29.136608123779297 51.88347244262695
v -24.159360885620117 -31.163707733154297 43.06024932861328
v -20.89412498474121 -31.89859390258789 38.874351501464844
v -28.537824630737305 -29.00248908996582 48.308345794677734
v -31.90191650390625 -26.07271957397461 44.64189147949219
v -32.11335372924805 -25.564544677734375 43.59517288208008
v -31.473140716552734 -26.309276580810547 46.033660888671875
v -33.8751335144043 -23.31747817993164 41.0181884765625
v -31.29058837890625 -26.186302185058594 44.613277435302734
v -29.688579559326172 -27.278539657592773 42.140865325927734
v -27.41860008239746 -28.571331024169922 40.32323455810547
v -32.264991760253906 -25.84642219543457 48.47473907470703
v -31.813335418701172 -26.232688903808594 47.474205017089844
v -30.510940551757812 -27.31995391845703 47.4025764465332
v -32.2581787109375 -26.368694305419922 47.522247314453125
v -33.93818664550781 -24.50210189819336 49.54737854003906
v -24.702346801757812 -29.971662521362305 39.136756896972656
v -12.751579284667969 -23.784936904907227 20.02018165588379
v -13.913216590881348 -21.346952438354492 18.31686782836914
v -11.728765487670898 -18.718948364257812 15.61849594116211
v -15.172080039978027 -20.06760025024414 17.76009750366211
v -17.23642349243164 -17.37636947631836 16.678325653076172
v -15.55295467376709 -15.143022537231445 14.415943145751953
v -13.61645221710205 -15.077489852905273 13.72342300415039
v -17.305274963378906 -25.204030990600586 23.28972625732422
v -16.839176177978516 -22.862777709960938 20.741472244262695
v -15.530682563781738 -25.46382713317871 22.725309371948242
v -9.363895416259766 -17.15186309814453 14.000587463378906
v -20.16939926147461 -21.97572135925293 21.572328567504883
v -34.210243225097656 -22.675413131713867 40.6318244934082
v -30.444835662841797 -25.0022029876709 35.88786315917969
v -30.643661499023438 -25.794248580932617 38.838134765625
v -34.934356689453125 -27.86385154724121 41.88623809814453
v -32.81489562988281 -24.726909637451172 42.21886444091797
v -37.331363677978516 -26.443496704101562 41.477272033691406
v -35.1124382019043 -21.601560592651367 40.432350158691406
v -35.81560134887695 -27.921865463256836 41.58066940307617
v -36.062129974365234 -29.41646385192871 41.56857681274414
v -37.817298889160156 -29.2926025390625 41.573482513427734
v -33.01351547241211 -25.285924911499023 42.400360107421875
v -28.050674438476562 -27.1436710357666 36.628456115722656
v -35.583213806152344 -30.25704574584961 41.44054412841797
v -35.39150619506836 -29.337182998657227 41.82258224487305
v -36.51042938232422 -30.643098831176758 41.09367370605469
v -35.872352600097656 -32.07732009887695 41.24887466430664
v -34.088504791259766 -29.381338119506836 42.662109375
v -33.613861083984375 -29.305130004882812 43.19972610473633
v -15.977763175964355 1.1752209663391113 12.08572769165039
v -21.553966522216797 -28.484128952026367 30.94678497314453
v -20.49138832092285 -27.247758865356445 27.974552154541016
v -16.813039779663086 -30.255659103393555 30.38848114013672
v -14.335177421569824 -29.16221046447754 26.946575164794922
v -15.426541328430176 -27.498258590698242 25.154714584350586
v -24.467313766479492 -27.095806121826172 31.234657287597656
v -23.85425567626953 -23.99309730529785 26.059284210205078
v -29.190853118896484 -25.308700561523438 34.13848876953125
v -24.700517654418945 -27.97441864013672 33.3385009765625
v -26.55962562561035 -27.490808486938477 34.869415283203125
v -19.9101619720459 -30.30649757385254 33.1386604309082
v -22.372970581054688 -30.63493537902832 37.13335418701172
v -13.271479606628418 -27.3010196685791 23.898971557617188
v -28.134174346923828 -24.76764678955078 31.503042221069336
v 44.028812408447266 -38.327056884765625 46.58496856689453
v 44.63047790527344 -37.827938079833984 47.153141021728516
v 45.24445343017578 -39.61967849731445 47.86067581176758
v 38.8170051574707 -29.350526809692383 45.58192443847656
v 39.78794860839844 -27.804533004760742 47.42347717285156
v 40.39338302612305 -30.579139709472656 46.786651611328125
v 39.91192626953125 -32.665435791015625 44.99668502807617
v 38.291412353515625 -31.34598159790039 45.2547721862793
v 39.38582229614258 -31.057201385498047 45.66320037841797
v 41.0934944152832 -31.663484573364258 46.28645706176758
v 41.34968185424805 -33.95518112182617 45.09098815917969
v 40.42521286010742 -32.267860412597656 45.36320877075195
v 42.24353790283203 -33.499000549316406 45.94452667236328
v 42.40544891357422 -34.25200653076172 45.67888641357422
v 42.01786422729492 -32.39973449707031 46.64471435546875
v 40.77568054199219 -30.2255802154541 48.08252716064453
v 42.708927154541016 -32.634315490722656 47.78002166748047
v 40.06112289428711 -33.6387939453125 44.763389587402344
v 41.48301315307617 -35.115455627441406 44.959632873535156
v 42.93450164794922 -33.60957336425781 46.78337478637695
v 43.98945617675781 -34.63990783691406 48.3863639831543
v 43.264930725097656 -35.022918701171875 46.21303176879883
v 44.135498046875 -35.412513732910156 47.56269454956055
v 44.4518928527832 -36.558162689208984 47.350276947021484
v 45.293983459472656 -38.283634185791016 48.286643981933594
v 42.08091735839844 -36.07391357421875 45.19390106201172
v 42.86727523803711 -35.841209411621094 45.59001159667969
v 43.11725997924805 -36.64582443237305 45.73508834838867
v 45.466773986816406 -38.20431900024414 49.172767639160156
v 37.4351806640625 -22.431211471557617 50.48095703125
v 43.3974494934082 -35.025657653808594 52.63643264770508
v 41.995487213134766 -32.76382064819336 52.301429748535156
v 42.01979446411133 -34.66069793701172 54.333152770996094
v 43.298187255859375 -34.046112060546875 51.56009292602539
v 44.16376876831055 -34.87540054321289 49.56510543823242
v 43.561187744140625 -33.745460510253906 49.666175842285156
v 44.89815902709961 -36.70258331298828 50.25379180908203
v 42.22686004638672 -31.899110794067383 49.99401092529297
v 43.966060638427734 -35.61663818359375 52.0380859375
v 37.91114807128906 -20.502307891845703 45.998863220214844
v 38.23618698120117 -21.3048038482666 47.40635681152344
v 38.19336700439453 -22.213842391967773 49.04010772705078
v 39.76089859008789 -27.26979637145996 48.25748825073242
v 38.477115631103516 -26.82436752319336 51.009700775146484
v 38.05546188354492 -28.02497100830078 51.73899459838867
v 38.768798828125 -30.29679298400879 52.073585510253906
v 39.78652572631836 -28.35007095336914 49.95851516723633
v 40.498233795166016 -30.158992767333984 50.173274993896484
v 40.76001739501953 -30.14480972290039 49.23638153076172
v 39.51874923706055 -30.25611114501953 51.56224822998047
v 37.595157623291016 -28.50380516052246 52.08356475830078
v 40.895076751708984 -31.56551170349121 52.08507537841797
v 42.45853805541992 -32.07350158691406 48.686370849609375
v 37.896297454833984 -30.411548614501953 52.44710922241211
v 39.45213317871094 -32.56300735473633 54.44533920288086
v 40.964744567871094 -33.574989318847656 54.39008331298828
v 38.31602096557617 -32.669410705566406 55.0267219543457
v 36.5313606262207 -30.72410774230957 52.61427307128906
v 36.31209182739258 -32.02082443237305 54.410255432128906
v 36.7763557434082 -32.8007926940918 55.3481330871582
v 35.143131256103516 -32.46079635620117 54.53069305419922
v 36.34819412231445 -29.4755859375 52.44782257080078
v 46.09762954711914 -40.155059814453125 50.86503982543945
v 44.3402214050293 -37.12864303588867 52.61192321777344
v 46.516639709472656 -41.53614807128906 50.371620178222656
v 46.06304931640625 -40.99196243286133 49.08226776123047
v 46.62108612060547 -42.67094802856445 50.447998046875
v 46.592918395996094 -42.328887939453125 51.297393798828125
v 43.7252311706543 -37.415435791015625 54.09186553955078
v 46.09793472290039 -42.24808120727539 49.62730407714844
v 45.933074951171875 -44.1849479675293 49.726139068603516
v 46.598411560058594 -43.390132904052734 50.731990814208984
v 46.35615539550781 -44.02013397216797 50.80961608886719
v 46.61214065551758 -43.04286575317383 51.31278991699219
v 46.42348098754883 -43.33319854736328 51.58549880981445
v 44.314697265625 -43.931480407714844 48.488258361816406
v 37.32809066772461 -33.2869758605957 55.773414611816406
v 38.743675231933594 -34.27439498901367 56.317230224609375
v 39.834938049316406 -34.67399978637695 56.18280792236328
v 45.70964050292969 -40.86443328857422 52.299903869628906
v 44.40694046020508 -38.339759826660156 53.05670166015625
v 46.296356201171875 -42.912967681884766 51.92066192626953
v 46.03447341918945 -43.15843963623047 52.064735412597656
v 45.44022750854492 -44.67839813232422 51.11054229736328
v 46.00538635253906 -44.386844635009766 50.998817443847656
v 45.47389221191406 -41.84867477416992 52.59995651245117
v 45.77299880981445 -41.388179779052734 48.87041091918945
v 44.82137680053711 -40.94810485839844 48.20706558227539
v 44.5206413269043 -42.262168884277344 48.75849914550781
v 42.935516357421875 -43.46316909790039 48.04888153076172
v 44.302391052246094 -41.40314483642578 48.91322326660156
v 44.079254150390625 -39.90119934082031 47.308349609375
v 42.51355743408203 -37.5427131652832 45.7158203125
v 34.1846923828125 -34.93235397338867 47.453453063964844
v 33.79425811767578 -35.68635559082031 48.535667419433594
v 33.177032470703125 -34.41785430908203 48.6968879699707
v 33.553428649902344 -34.029396057128906 47.96043395996094
v 34.6833381652832 -33.768455505371094 46.5423698425293
v 35.58146286010742 -34.39324188232422 45.98716354370117
v 36.01705551147461 -33.78566360473633 45.572696685791016
v 32.72333908081055 -34.82730484008789 50.031150817871094
v 33.50136184692383 -36.12723159790039 49.605628967285156
v 33.83026123046875 -32.473384857177734 47.76558303833008
v 32.704017639160156 -33.96066665649414 50.076210021972656
v 33.52434539794922 -32.483421325683594 48.8343505859375
v 38.545257568359375 -34.416893005371094 44.814048767089844
v 40.06590270996094 -34.679508209228516 44.72383117675781
v 40.35392379760742 -36.03961181640625 45.09150314331055
v 41.11576843261719 -35.63838195800781 44.92822265625
v 38.14404296875 -35.17338180541992 45.16761016845703
v 35.044986724853516 -35.644100189208984 47.07333755493164
v 34.997901916503906 -36.935699462890625 48.45265579223633
v 36.050819396972656 -35.1562385559082 46.03557586669922
v 36.12180709838867 -36.70309829711914 47.18426513671875
v 36.81907272338867 -34.65727996826172 45.419776916503906
v 37.65058898925781 -36.63461685180664 46.351497650146484
v 37.15407943725586 -38.263641357421875 48.60676956176758
v 37.64916229248047 -38.30952835083008 48.508182525634766
v 38.45616912841797 -37.170684814453125 46.8206901550293
v 38.01030349731445 -38.33868408203125 48.604618072509766
v 42.53573226928711 -42.612327575683594 48.22043991088867
v 42.272216796875 -42.179481506347656 48.47602844238281
v 42.878360748291016 -40.911624908447266 49.03010177612305
v 43.79530334472656 -40.477474212646484 47.827693939208984
v 36.550479888916016 -39.477134704589844 53.18991470336914
v 35.42219924926758 -39.5607795715332 54.63362121582031
v 37.23604965209961 -39.378997802734375 52.02692794799805
v 36.96949005126953 -39.71985626220703 54.68728256225586
v 37.07597351074219 -39.34505081176758 54.065494537353516
v 38.039493560791016 -39.144351959228516 51.85832214355469
v 38.18869400024414 -39.01268768310547 50.88666915893555
v 35.40338897705078 -40.256370544433594 57.43397903442383
v 36.168182373046875 -40.24174880981445 56.22488784790039
v 36.669471740722656 -40.28102111816406 56.78462219238281
v 36.745948791503906 -40.29054641723633 57.69755935668945
v 37.27022171020508 -39.79005432128906 56.352508544921875
v 37.109230041503906 -40.01201629638672 57.27595138549805
v 36.910606384277344 -40.014442443847656 58.319313049316406
v 37.33988571166992 -39.35038757324219 58.225765228271484
v 36.833412170410156 -39.57762908935547 58.97282409667969
v 37.40070724487305 -38.77915954589844 58.64180374145508
v 37.6576042175293 -38.826629638671875 56.3537483215332
v 37.67824935913086 -38.097774505615234 57.495670318603516
v 37.72960662841797 -38.349998474121094 56.53025817871094
v 38.056480407714844 -39.11380386352539 56.3679313659668
v 38.00969696044922 -40.36125183105469 55.77029800415039
v 35.723236083984375 -40.41798400878906 57.95115280151367
v 36.24252700805664 -40.40122604370117 58.20844268798828
v 32.65916442871094 -33.76817321777344 52.09559631347656
v 32.819854736328125 -34.090301513671875 53.334739685058594
v 33.44959259033203 -33.295101165771484 53.734840393066406
v 32.499595642089844 -34.83870315551758 51.147247314453125
v 33.07624435424805 -36.20834732055664 53.765419006347656
v 32.95806884765625 -36.14179611206055 51.60627746582031
v 34.4083366394043 -38.519962310791016 53.986202239990234
v 32.526344299316406 -36.613685607910156 57.63673782348633
v 32.60506057739258 -36.100772857666016 56.08625411987305
v 32.55217361450195 -37.157798767089844 57.62630844116211
v 32.72659683227539 -36.388343811035156 58.22303009033203
v 32.70798110961914 -37.41001892089844 58.453678131103516
v 32.824737548828125 -37.869205474853516 57.755882263183594
v 32.73249435424805 -36.934425354003906 56.10530090332031
v 33.06932830810547 -38.05958557128906 57.07853698730469
v 33.654014587402344 -38.95585250854492 57.6268310546875
v 33.27985382080078 -38.604618072509766 58.46677017211914
v 33.41847229003906 -38.55430221557617 58.948326110839844
v 33.93115234375 -39.14713668823242 58.97726058959961
v 32.465728759765625 -34.83311080932617 52.10491943359375
v 32.57760238647461 -35.320560455322266 52.58392333984375
v 32.607398986816406 -34.54901123046875 53.06367874145508
v 32.9010124206543 -35.52041244506836 54.0140380859375
v 34.02522277832031 -37.02193832397461 50.15106964111328
v 35.292327880859375 -37.99892044067383 49.971595764160156
v 36.87612533569336 -38.59190368652344 49.44331359863281
v 35.92470932006836 -38.68756866455078 50.76438903808594
v 37.86385726928711 -38.93483352661133 49.978206634521484
v 32.84762191772461 -37.0081901550293 58.75883102416992
v 33.737918853759766 -37.71131134033203 59.497066497802734
v 33.28585433959961 -37.95994567871094 59.13825988769531
v 34.08939743041992 -38.811134338378906 59.35774230957031
v 33.1035041809082 -34.50314712524414 54.25384521484375
v 33.581398010253906 -33.92161560058594 54.704315185546875
v 34.56556701660156 -39.498809814453125 59.14222717285156
v 35.1069221496582 -38.257633209228516 59.82668685913086
v 35.232322692871094 -39.37979507446289 59.414222717285156
v 35.06522750854492 -39.81355285644531 59.06388854980469
v 36.208251953125 -38.93146514892578 59.61121368408203
v 36.0023078918457 -40.0125617980957 58.95429992675781
v 37.20818328857422 -38.233089447021484 59.277713775634766
v 36.844703674316406 -38.12143325805664 59.6374397277832
v 35.244224548339844 -40.24897766113281 58.30521011352539
v 35.76523971557617 -40.286773681640625 58.591636657714844
v 33.87725067138672 -28.234159469604492 51.9032096862793
v 35.46013641357422 -31.03166961669922 52.3623046875
v 35.294769287109375 -29.23263931274414 52.303470611572266
v 33.054073333740234 -32.93552017211914 51.59941482543945
v 34.1463508605957 -32.96259689331055 54.32330322265625
v 33.712493896484375 -32.565494537353516 52.93833923339844
v 34.61692428588867 -33.485870361328125 55.4893798828125
v 32.99112319946289 -35.761844635009766 57.977378845214844
v 33.29012680053711 -36.26656723022461 58.99447250366211
v 34.05766677856445 -35.09565734863281 58.441741943359375
v 34.04637908935547 -35.85746765136719 59.33500289916992
v 34.72981643676758 -36.11764907836914 59.70432662963867
v 34.342533111572266 -37.52852249145508 59.76411437988281
v 35.36005783081055 -36.91376495361328 59.95850372314453
v 35.621028900146484 -36.435001373291016 59.839599609375
v 36.4288444519043 -37.25224304199219 59.8404655456543
v 36.481929779052734 -36.59592056274414 59.468727111816406
v 35.37470626831055 -35.85680389404297 59.503944396972656
v 36.87033462524414 -37.16147994995117 59.49481964111328
v 35.09848403930664 -33.51313781738281 55.71601486206055
v 34.503936767578125 -35.38816452026367 59.09218978881836
v 34.89894485473633 -34.94042205810547 58.41902160644531
v 41.567325592041016 -42.572444915771484 49.70876693725586
v 41.54352951049805 -43.28861618041992 48.881858825683594
v 41.55379867553711 -43.436248779296875 49.9925422668457
v 41.921958923339844 -43.42877197265625 48.35520935058594
v 41.96345520019531 -44.09546661376953 48.631805419921875
v 41.68001174926758 -44.26858139038086 49.59796142578125
v 42.17489242553711 -44.83647155761719 49.37712860107422
v 41.74673080444336 -43.988948822021484 50.2947883605957
v 41.912803649902344 -44.48518753051758 50.22614288330078
v 42.7542839050293 -44.01591491699219 48.08376693725586
v 41.782325744628906 -42.388118743896484 48.77336883544922
v 41.564579010009766 -42.527427673339844 49.26069259643555
v 42.25014877319336 -44.98319625854492 50.112884521484375
v 42.47419738769531 -43.32276153564453 48.07792663574219
v 40.2286262512207 -45.151641845703125 53.11616134643555
v 41.159400939941406 -46.00778579711914 52.56839370727539
v 40.797340393066406 -45.48030090332031 53.472564697265625
v 42.206111907958984 -45.80464553833008 53.73392105102539
v 41.811920166015625 -44.86418533325195 54.35987091064453
v 39.306392669677734 -44.75167465209961 54.231903076171875
v 40.10434341430664 -45.486175537109375 54.96493148803711
v 39.545188903808594 -45.51127624511719 55.388328552246094
v 40.02888488769531 -44.8498420715332 54.13840866088867
v 40.60929489135742 -45.05430221557617 54.455352783203125
v 40.626075744628906 -45.45576095581055 54.94356155395508
v 41.199371337890625 -45.228118896484375 55.113582611083984
v 41.0141716003418 -44.81602096557617 54.59788513183594
v 37.9356575012207 -43.89342498779297 56.93342590332031
v 38.27157974243164 -44.787635803222656 56.396400451660156
v 38.58481979370117 -44.68794631958008 56.84932327270508
v 38.849246978759766 -45.194488525390625 56.43819046020508
v 38.05759811401367 -44.547752380371094 55.63554382324219
v 38.65336608886719 -44.52396774291992 54.544010162353516
v 39.09668731689453 -45.44150161743164 56.003082275390625
v 39.85273361206055 -45.618343353271484 56.31619644165039
v 40.20116424560547 -45.73430252075195 56.02693557739258
v 40.44880676269531 -45.70130920410156 55.503623962402344
v 38.55013656616211 -42.7454833984375 57.8780403137207
v 39.243133544921875 -41.32033157348633 58.696319580078125
v 38.061866760253906 -42.18355941772461 57.64274215698242
v 38.572208404541016 -40.660301208496094 58.258975982666016
v 39.18394470214844 -40.131385803222656 58.75074005126953
v 38.517391204833984 -43.90264892578125 54.03004837036133
v 38.46918487548828 -43.364505767822266 53.91171646118164
v 39.27537536621094 -44.1406364440918 53.80133819580078
v 38.633331298828125 -42.7073860168457 53.91998291015625
v 39.16645431518555 -43.580718994140625 53.738548278808594
v 40.370094299316406 -42.86574935913086 54.03330993652344
v 39.931148529052734 -44.365966796875 53.878662109375
v 39.93633270263672 -43.182395935058594 51.52008056640625
v 40.02054214477539 -44.18227005004883 51.45679473876953
v 39.658992767333984 -43.6700325012207 52.487060546875
v 39.80198669433594 -44.332275390625 52.13643264770508
v 39.774932861328125 -42.89933776855469 52.3516845703125
v 39.93541717529297 -44.736236572265625 52.93840408325195
v 39.901859283447266 -43.39708709716797 53.3158073425293
v 39.93887710571289 -44.05499267578125 53.3897819519043
v 39.5086784362793 -41.19575119018555 54.26996612548828
v 40.57319259643555 -41.67952346801758 54.28080749511719
v 40.23360824584961 -45.08357620239258 52.278717041015625
v 40.633705139160156 -44.22517013549805 54.147743225097656
v 40.28995132446289 -43.864768981933594 53.93269729614258
v 40.695030212402344 -41.50286865234375 54.043949127197266
v 40.56464767456055 -44.10738754272461 50.89223098754883
v 40.75706481933594 -44.534542083740234 50.90321350097656
v 41.22275924682617 -44.09497833251953 50.70436096191406
v 41.239234924316406 -44.642215728759766 50.74353790283203
v 42.04847717285156 -42.97134780883789 55.42047119140625
v 41.880767822265625 -44.55458450317383 50.77022171020508
v 42.22238540649414 -41.369537353515625 50.81047439575195
v 42.116920471191406 -43.99524688720703 50.87989044189453
v 42.08244705200195 -43.28984451293945 51.015541076660156
v 42.53948974609375 -44.366275787353516 51.07564163208008
v 38.0927848815918 -42.873661041259766 54.11845779418945
v 38.919620513916016 -40.96971130371094 54.39813232421875
v 40.12377166748047 -43.65525436401367 51.19688034057617
v 40.167198181152344 -43.24776840209961 51.240692138671875
v 40.01942443847656 -42.452938079833984 53.02499008178711
v 40.99443817138672 -45.21003341674805 51.30559158325195
v 40.79988479614258 -43.60833740234375 50.838623046875
v 41.757503509521484 -45.10725402832031 50.86705017089844
v 42.14224624633789 -41.0545654296875 50.03327941894531
v 42.304359436035156 -45.35465621948242 51.10565185546875
v 38.2867317199707 -39.53639602661133 57.20014190673828
v 38.4566764831543 -36.891841888427734 57.123992919921875
v 37.639705657958984 -42.45429992675781 56.940120697021484
v 37.40151596069336 -37.14120864868164 58.49116516113281
v 37.709373474121094 -37.11930847167969 56.71776580810547
v 38.076717376708984 -36.018104553222656 56.85612487792969
v 37.53413772583008 -36.29914855957031 56.65617752075195
v 37.37782287597656 -39.45559310913086 55.50661087036133
v 38.2081184387207 -40.6698112487793 54.968589782714844
v 37.33429718017578 -42.78816223144531 55.67866897583008
v 37.43711471557617 -43.55495834350586 55.7108154296875
v 37.66289138793945 -44.0635986328125 56.235374450683594
v 37.50637435913086 -41.8657112121582 55.442283630371094
v 37.60177230834961 -41.83113098144531 55.046234130859375
v 37.59719467163086 -42.94903564453125 54.62982177734375
v 37.60116195678711 -43.87742614746094 55.538307189941406
v 37.638484954833984 -43.20682144165039 56.87049865722656
v 37.76459503173828 -43.5373420715332 54.63761901855469
v 38.00003433227539 -41.884517669677734 54.46762466430664
v 36.942440032958984 -36.346649169921875 58.42201614379883
v 36.126075744628906 -34.28993606567383 56.25016403198242
v 36.6209602355957 -33.6514778137207 56.0249137878418
v 42.289100646972656 -46.34461212158203 52.37477493286133
v 42.7610969543457 -46.19600296020508 52.093074798583984
v 42.936431884765625 -46.28295135498047 52.644798278808594
v 43.06650924682617 -45.80759811401367 53.7060432434082
v 42.597869873046875 -46.284584045410156 53.081817626953125
v 43.56281280517578 -45.840450286865234 53.341712951660156
v 43.40487289428711 -44.92617416381836 54.4979248046875
v 42.60224151611328 -45.90861129760742 51.61217498779297
v 43.12824249267578 -45.792320251464844 51.86172103881836
v 43.388702392578125 -46.037288665771484 52.62771224975586
v 43.80832290649414 -45.57723617553711 52.50579833984375
v 44.386192321777344 -45.06935119628906 53.35972595214844
v 44.55918502807617 -44.68047332763672 54.000213623046875
v 42.07857894897461 -46.35337829589844 52.894325256347656
v 42.11204147338867 -45.70218276977539 51.30345153808594
v 42.77228546142578 -45.27455520629883 51.332664489746094
v 44.33768081665039 -44.74201583862305 54.268516540527344
v 42.896568298339844 -42.18150329589844 55.81480026245117
v 42.14479064941406 -41.048301696777344 55.636260986328125
v 42.43870544433594 -43.180660247802734 57.0411376953125
v 42.455589294433594 -41.8830451965332 56.52059555053711
v 42.437381744384766 -41.80546951293945 57.44254684448242
v 43.1151237487793 -43.68929672241211 55.296836853027344
v 42.36680221557617 -39.21818923950195 55.72850036621094
v 43.40690612792969 -42.457000732421875 55.80265426635742
v 42.33283233642578 -43.54535675048828 56.24964141845703
v 42.34086990356445 -42.465206146240234 57.72224807739258
v 43.827239990234375 -43.318817138671875 55.464599609375
v 42.230010986328125 -38.51860809326172 55.87096405029297
v 43.99016571044922 -42.180965423583984 55.703067779541016
v 44.34856414794922 -43.7592658996582 55.07630157470703
v 44.470603942871094 -42.77607727050781 55.38407897949219
v 44.206382751464844 -41.35246658325195 55.45505905151367
v 44.609527587890625 -42.27176284790039 55.260765075683594
v 44.680416107177734 -43.40022277832031 55.03044891357422
v 43.19831466674805 -37.62921142578125 54.96625518798828
v 44.30157470703125 -39.4942512512207 54.47503662109375
v 44.672889709472656 -44.5312385559082 53.40931701660156
v 44.71387481689453 -44.0524787902832 54.56073760986328
v 41.49928665161133 -46.208003997802734 52.760047912597656
v 41.64207458496094 -46.19474411010742 53.09117126464844
v 41.618377685546875 -45.10279846191406 55.815513610839844
v 41.652244567871094 -45.7189826965332 51.46121597290039
v 39.5001335144043 -45.20332717895508 56.7740364074707
v 40.79042434692383 -45.3152961730957 56.68720245361328
v 40.802833557128906 -44.51240158081055 57.410316467285156
v 40.93809509277344 -45.57174301147461 56.10432815551758
v 41.124515533447266 -45.49958038330078 55.65146255493164
v 41.73411560058594 -44.612518310546875 55.381866455078125
v 41.71529769897461 -44.97649002075195 56.330970764160156
v 42.016746520996094 -44.56107711791992 56.32309341430664
v 41.502845764160156 -44.99803924560547 56.693119049072266
v 41.4518928527832 -43.750099182128906 57.793704986572266
v 42.20967102050781 -43.960411071777344 56.96878433227539
v 40.72981262207031 -41.161598205566406 58.919490814208984
v 39.95473861694336 -40.38194274902344 59.01942825317383
v 40.891109466552734 -42.70870590209961 58.406394958496094
v 40.09102249145508 -43.36378479003906 58.065345764160156
v 42.05020523071289 -40.87256622314453 57.996917724609375
v 41.90222930908203 -41.54740524291992 58.337425231933594
v 39.77961349487305 -42.03116226196289 58.61832046508789
v 40.506980895996094 -40.1485595703125 58.94440460205078
v 41.482200622558594 -40.62031555175781 58.534366607666016
v 41.824222564697266 -42.84960174560547 58.109859466552734
v 41.9771842956543 -43.659034729003906 57.5821533203125
v 40.54339599609375 -38.49552536010742 58.2947883605957
v 39.978336334228516 -35.936668395996094 57.054405212402344
v 39.69916534423828 -37.33475875854492 57.984989166259766
v 40.86283493041992 -36.521873474121094 56.84726333618164
v 40.00081253051758 -38.92350387573242 58.67417907714844
v 41.2548942565918 -37.84451675415039 57.345367431640625
v 42.02132034301758 -37.051387786865234 55.76819610595703
v 39.49179458618164 -38.92892074584961 58.62236404418945
v 42.52077865600586 -36.31360626220703 54.97644805908203
v 45.04338836669922 -42.41933059692383 54.34010314941406
v 44.91189193725586 -43.65245056152344 54.55815505981445
v 45.05193328857422 -43.35560607910156 54.17070007324219
v 45.028541564941406 -42.611568450927734 53.87830352783203
v 38.63383865356445 -35.790348052978516 57.1152458190918
v 44.51525115966797 -40.890708923339844 52.86363983154297
v 43.72676086425781 -44.483245849609375 51.35929870605469
v 43.522945404052734 -45.225311279296875 50.65199661254883
v 43.97816467285156 -45.445072174072266 50.459320068359375
v 43.63594055175781 -44.9936408996582 51.97525405883789
v 44.944637298583984 -44.555580139160156 51.3853759765625
v 45.02833557128906 -42.92497253417969 52.51204299926758
v 43.74892807006836 -43.537452697753906 52.02075958251953
v 44.666378021240234 -43.21173095703125 53.05158996582031
v 44.33351135253906 -42.56333923339844 52.640769958496094
v 43.17695999145508 -45.56322479248047 50.027000427246094
v 43.128753662109375 -45.584991455078125 49.6751708984375
v 43.2127571105957 -45.30968475341797 48.94535446166992
v 43.138004302978516 -44.8215446472168 48.409332275390625
v 45.30374526977539 -45.2070198059082 50.10329818725586
v 45.43687438964844 -45.079872131347656 49.86328887939453
v 44.678382873535156 -45.52580261230469 50.07234573364258
v 44.35456466674805 -45.602630615234375 49.38127899169922
v 44.834999084472656 -45.228675842285156 49.18160629272461
v 44.097259521484375 -45.71507263183594 49.677146911621094
v 43.80832290649414 -45.42728042602539 48.91445541381836
v 44.74296188354492 -44.68631362915039 48.8260383605957
v 43.56413650512695 -44.68687057495117 48.32269287109375
v 43.60736083984375 -45.6853141784668 49.49159240722656
v 38.0056266784668 -28.06277084350586 45.04938507080078
v 37.24571228027344 -29.311481475830078 44.890869140625
v 34.65892791748047 -32.5802116394043 46.60042190551758
v -32.10796356201172 -36.876033782958984 52.839813232421875
v -30.842491149902344 -34.717403411865234 53.250755310058594
v -31.16681671142578 -35.864410400390625 54.72911834716797
v -30.816959381103516 -35.06840896606445 54.448524475097656
v -30.64905548095703 -34.13373947143555 53.70746612548828
v -30.710887908935547 -34.41965103149414 54.53292465209961
v -30.905139923095703 -34.0155143737793 54.88631057739258
v -31.039283752441406 -34.85451889038086 55.14733123779297
v -32.785396575927734 -37.62473678588867 53.176612854003906
v -32.76658248901367 -35.49738311767578 47.42926025390625
v -32.390289306640625 -37.48236083984375 54.07836151123047
v -31.997615814208984 -34.288230895996094 47.12796401977539
v -31.83763885498047 -34.81059646606445 49.520938873291016
v -31.23699188232422 -32.528865814208984 50.14037322998047
v -31.17007064819336 -32.910888671875 47.97264099121094
v -30.97887420654297 -32.176578521728516 47.70881271362305
v -30.965648651123047 -31.673328399658203 49.37278366088867
v -31.491958618164062 -32.419288635253906 45.938175201416016
v -32.32499313354492 -34.09284210205078 45.86231994628906
v -31.534774780273438 -31.143177032470703 45.39756774902344
v -31.076099395751953 -30.96782112121582 47.01990509033203
v -40.78953170776367 -38.68489074707031 43.279991149902344
v -40.093482971191406 -37.20317840576172 42.18409729003906
v -40.3938102722168 -39.6444091796875 43.824466705322266
v -41.05873489379883 -41.371463775634766 45.55423355102539
v -40.64806365966797 -43.1512451171875 47.07807540893555
v -40.55897521972656 -42.787357330322266 46.72940444946289
v -38.81753158569336 -44.196651458740234 46.07427978515625
v -39.934932708740234 -40.001495361328125 44.148502349853516
v -36.8781852722168 -34.19253921508789 41.613582611083984
v -34.72352981567383 -35.39310073852539 44.13471221923828
v -35.166748046875 -35.72434997558594 44.392642974853516
v -34.329437255859375 -34.79094314575195 43.760963439941406
v -36.4265251159668 -35.60655975341797 43.4354133605957
v -35.88404846191406 -35.60691833496094 44.12800979614258
v -39.34089279174805 -37.96745300292969 42.78636169433594
v -39.01188278198242 -39.45012283325195 44.23582458496094
v -34.28682327270508 -35.78337478637695 45.146080017089844
v -33.05897521972656 -34.850894927978516 45.504207611083984
v -33.34903335571289 -33.802284240722656 43.89479446411133
v -32.49015808105469 -32.63338088989258 44.18810272216797
v -31.897541046142578 -31.866716384887695 44.767242431640625
v -37.70939254760742 -44.39713668823242 45.7308349609375
v -38.35530090332031 -44.8224983215332 46.374549865722656
v -38.5409049987793 -43.46540451049805 45.661865234375
v -37.26475143432617 -43.68552017211914 45.32776641845703
v -39.76793670654297 -41.76313018798828 46.11259078979492
v -36.6928825378418 -42.847469329833984 45.17906951904297
v -36.47523880004883 -41.556358337402344 45.39237594604492
v -35.91272735595703 -42.007442474365234 45.669986724853516
v -38.99439239501953 -40.35342788696289 50.397186279296875
v -39.88387680053711 -41.6956901550293 50.16027069091797
v -39.37272262573242 -42.3115234375 50.082763671875
v -39.60988998413086 -43.331302642822266 49.55166244506836
v -38.930423736572266 -42.85689163208008 49.767704010009766
v -38.869197845458984 -42.01377868652344 50.115665435791016
v -38.25715637207031 -42.53080749511719 49.7088623046875
v -37.76756286621094 -41.876243591308594 49.710243225097656
v -38.6939697265625 -42.30513000488281 51.70969772338867
v -39.802616119384766 -38.579837799072266 51.090728759765625
v -38.57639694213867 -40.88142776489258 50.205780029296875
v -38.68104934692383 -44.9085693359375 47.5883903503418
v -38.07582473754883 -45.02985382080078 47.03290557861328
v -37.55673599243164 -44.93302917480469 47.298587799072266
v -37.758819580078125 -44.85422134399414 46.264896392822266
v -37.13162612915039 -44.13649368286133 45.61186981201172
v -36.50676727294922 -44.12092208862305 46.21149826049805
v -36.902286529541016 -44.753929138183594 46.79154968261719
v -36.29899215698242 -44.25407791137695 47.222145080566406
v -35.848758697509766 -43.52436065673828 46.743072509765625
v -37.56233215332031 -43.98460006713867 48.49504852294922
v -38.30231475830078 -44.73884963989258 47.96349334716797
v -36.579891204833984 -43.52303695678711 48.25461959838867
v -36.82122802734375 -42.13250732421875 49.0522575378418
v -36.608062744140625 -44.26558303833008 47.656463623046875
v -36.57358169555664 -43.508785247802734 45.502525329589844
v -35.75254821777344 -43.32435989379883 47.504852294921875
v -39.79305648803711 -44.22614288330078 48.63274383544922
v -39.04341506958008 -44.03769302368164 48.93484115600586
v -39.0675163269043 -44.85178756713867 47.31245422363281
v -39.870758056640625 -44.46852493286133 47.66694259643555
v -39.76926040649414 -44.31483459472656 47.0140266418457
v -37.177391052246094 -42.605613708496094 45.14271926879883
v -35.75224304199219 -36.6702995300293 48.138694763183594
v -35.01144790649414 -36.887367248535156 47.578826904296875
v -34.22438049316406 -37.10032272338867 50.026302337646484
v -35.3033332824707 -36.5594596862793 46.31800842285156
v -34.843536376953125 -36.10087585449219 45.1961784362793
v -34.86591339111328 -36.64387130737305 46.5004997253418
v -34.30919647216797 -36.42367935180664 46.45258712768555
v -33.83353805541992 -36.915611267089844 49.10539245605469
v -37.805904388427734 -41.96998596191406 45.331886291503906
v -41.61433029174805 -33.5389289855957 47.99168014526367
v -42.03974914550781 -33.31964111328125 46.040443420410156
v -42.2449836730957 -34.77434158325195 45.85050964355469
v -40.092769622802734 -34.27294921875 50.924903869628906
v -39.919063568115234 -36.88535690307617 51.51483917236328
v -38.93560791015625 -38.12245559692383 53.10368347167969
v -39.372928619384766 -38.837066650390625 52.47127151489258
v -40.95072937011719 -34.568809509277344 49.78522872924805
v -41.35997772216797 -36.843292236328125 49.3568115234375
v -38.585350036621094 -36.93915557861328 53.276004791259766
v -39.669795989990234 -39.158267974853516 50.82301330566406
v -38.78071975708008 -41.046913146972656 53.029048919677734
v -39.011783599853516 -41.36101531982422 52.317134857177734
v -38.64433670043945 -39.905330657958984 53.44976043701172
v -41.86878967285156 -32.39378356933594 45.11412048339844
v -41.952388763427734 -33.633934020996094 43.89020538330078
v -42.22942352294922 -34.95753860473633 44.745384216308594
v -40.95347595214844 -43.19642639160156 47.6552734375
v -42.18203353881836 -36.71839141845703 46.791229248046875
v -41.820987701416016 -39.88797378540039 45.83833694458008
v -41.407474517822266 -41.99824142456055 47.396602630615234
v -41.620025634765625 -40.30441665649414 48.10224151611328
v -41.51211929321289 -40.419708251953125 45.361629486083984
v -42.23847579956055 -36.44975280761719 44.991050720214844
v -41.68135452270508 -34.559120178222656 42.93739700317383
v -41.79505920410156 -37.234832763671875 43.69835662841797
v -41.77613830566406 -38.391544342041016 44.301143646240234
v -41.678096771240234 -35.66645812988281 42.99085998535156
v -41.15199661254883 -36.031856536865234 42.34354782104492
v -41.10114669799805 -37.27621078491211 42.74213790893555
v -41.28491973876953 -39.7845458984375 44.45878601074219
v -40.1336555480957 -36.21819305419922 41.74066925048828
v -40.1312141418457 -34.98661422729492 41.390289306640625
v -41.94232177734375 -34.604270935058594 47.511985778808594
v -41.15443420410156 -39.338104248046875 49.471614837646484
v -40.404693603515625 -43.9980354309082 47.728355407714844
v -41.736167907714844 -37.850860595703125 48.40768814086914
v -41.286956787109375 -42.20111083984375 48.18118667602539
v -40.65772247314453 -41.752288818359375 49.64129638671875
v -40.41160583496094 -42.85348129272461 49.518218994140625
v -40.722713470458984 -42.933109283447266 49.145713806152344
v -40.78413772583008 -43.42985534667969 48.562870025634766
v -40.430015563964844 -43.865543365478516 48.59983444213867
v -40.428794860839844 -43.45529556274414 49.1278076171875
v -32.060062408447266 -31.02640151977539 44.40354537963867
v -32.154441833496094 -30.124677658081055 44.73426055908203
v -32.760684967041016 -29.150638580322266 44.87593460083008
v -31.53304672241211 -30.26101303100586 46.231143951416016
v -39.22454071044922 -34.91690444946289 41.173011779785156
v -40.030120849609375 -33.09987258911133 41.259605407714844
v -39.010459899902344 -33.618751525878906 40.90032196044922
v -34.665863037109375 -33.444358825683594 42.42523956298828
v -37.15399932861328 -33.24250030517578 41.042274475097656
v -34.634544372558594 -32.62677001953125 42.06854248046875
v -38.41621780395508 -35.01648712158203 41.32863998413086
v -38.203460693359375 -33.15594482421875 40.82212448120117
v -33.17339324951172 -31.96705436706543 43.08365249633789
v -32.75173568725586 -30.400306701660156 43.59101104736328
v -33.51307678222656 -30.867507934570312 42.657413482666016
v -41.31756591796875 -33.677032470703125 42.42816162109375
v -40.62710952758789 -33.24501037597656 41.686920166015625
v -33.49507522583008 -29.991371154785156 51.04423904418945
v -34.89337158203125 -29.912012100219727 51.26941680908203
v -33.64183044433594 -30.721702575683594 51.983070373535156
v -37.04599380493164 -31.252540588378906 51.78730773925781
v -38.65359115600586 -31.224945068359375 50.80643081665039
v -37.49367904663086 -33.48186492919922 52.69675064086914
v -37.98622131347656 -30.089252471923828 50.40830993652344
v -35.606502532958984 -30.153453826904297 51.44221496582031
v -36.06263732910156 -32.30970764160156 52.59210205078125
v -35.97700500488281 -31.416175842285156 52.2654914855957
v -37.41954040527344 -28.49797821044922 49.26727294921875
v -34.56843185424805 -31.41652488708496 52.46383285522461
v -35.48801803588867 -33.27641296386719 52.70637512207031
v -33.85591125488281 -33.306339263916016 55.475589752197266
v -34.629966735839844 -33.632381439208984 54.906227111816406
v -33.471275329589844 -32.79615783691406 55.218021392822266
v -32.115692138671875 -32.72492599487305 55.00821304321289
v -33.26329803466797 -31.66893196105957 53.70948028564453
v -32.768924713134766 -32.81382751464844 55.364990234375
v -32.90937423706055 -30.67752456665039 51.52729415893555
v -32.25004196166992 -32.152740478515625 54.17750930786133
v -31.822078704833984 -31.24631690979004 50.96107482910156
v -31.331470489501953 -33.01676940917969 54.61933135986328
v -31.107120513916016 -32.64185333251953 53.28071975708008
v -33.739463806152344 -33.667388916015625 55.80641174316406
v -32.90225601196289 -33.47908401489258 55.83476257324219
v -32.360897064208984 -33.22087860107422 55.59714889526367
v -32.39730453491211 -33.63615417480469 55.7867546081543
v -33.39479446411133 -34.07967758178711 56.020591735839844
v -32.49198913574219 -34.98363494873047 55.904457092285156
v -31.276348114013672 -33.733219146728516 55.205833435058594
v -30.842288970947266 -33.61360549926758 54.49262237548828
v -30.775672912597656 -33.24275207519531 53.264503479003906
v -33.917236328125 -35.177093505859375 56.010860443115234
v -31.568439483642578 -34.63779830932617 55.57579803466797
v -35.05070114135742 -28.515182495117188 49.27454376220703
v -36.3589973449707 -28.46599578857422 49.44865798950195
v -35.329978942871094 -34.63230895996094 54.494728088378906
v -35.80095672607422 -34.51539611816406 52.67038345336914
v -35.5648078918457 -35.402034759521484 53.98139190673828
v -35.255428314208984 -35.6868782043457 54.958160400390625
v -34.933441162109375 -35.32286071777344 55.513912200927734
v -34.79461669921875 -34.53573226928711 55.42489242553711
v -34.69709014892578 -35.90585708618164 55.63436508178711
v -34.386085510253906 -34.581966400146484 55.836212158203125
v -31.550537109375 -30.77967643737793 50.079994201660156
v -32.46320724487305 -30.277746200561523 50.6447868347168
v -31.797672271728516 -30.17380142211914 49.43801498413086
v -31.10467529296875 -31.05947494506836 49.33012008666992
v -31.268619537353516 -30.492263793945312 48.5643196105957
v -31.38323974609375 -31.845550537109375 50.66966247558594
v -31.107013702392578 -30.6971492767334 47.62433624267578
v -30.89954376220703 -31.356956481933594 48.20466995239258
v -33.343231201171875 -28.648303985595703 48.035221099853516
v -34.13833999633789 -28.51583480834961 48.79703140258789
v -32.74674987792969 -28.864898681640625 46.71488952636719
v -32.6544075012207 -28.991409301757812 45.70985794067383
v -37.104774475097656 -35.0108757019043 53.11031723022461
v -35.74970245361328 -35.532875061035156 52.535953521728516
v -35.22074890136719 -38.69281768798828 52.542598724365234
v -35.55402374267578 -39.2960205078125 53.46562576293945
v -35.059959411621094 -39.309471130371094 52.852294921875
v -37.82787322998047 -39.6002311706543 54.045013427734375
v -38.016937255859375 -40.501708984375 53.80121612548828
v -37.20790100097656 -39.952030181884766 54.087425231933594
v -37.573211669921875 -37.8635368347168 54.003990173339844
v -38.156368255615234 -39.43108367919922 53.881561279296875
v -37.03022766113281 -38.90421676635742 54.188934326171875
v -36.256072998046875 -38.494293212890625 53.84009552001953
v -36.902488708496094 -37.81145477294922 53.966094970703125
v -36.50910568237305 -38.981380462646484 54.06756591796875
v -35.385101318359375 -36.25011444091797 53.63688659667969
v -34.92591857910156 -36.729637145996094 54.74009704589844
v -39.06039810180664 -33.811073303222656 51.8610954284668
v -35.95106887817383 -36.219539642333984 52.403499603271484
v -35.48863220214844 -37.442527770996094 51.941070556640625
v -35.381744384765625 -36.42352294921875 52.27568054199219
v -41.3647575378418 -30.889982223510742 45.698463439941406
v -40.9193000793457 -30.754594802856445 47.39693832397461
v -40.49287033081055 -30.827030181884766 48.3835563659668
v -39.754005432128906 -31.51827621459961 49.954017639160156
v -39.63938903808594 -28.808805465698242 47.70713806152344
v -38.35275650024414 -28.72159767150879 48.916236877441406
v -40.357505798339844 -32.58724594116211 49.859649658203125
v -33.370994567871094 -35.91710662841797 55.84991455078125
v -31.69759750366211 -36.747291564941406 54.271575927734375
v -34.06694412231445 -36.292659759521484 55.70081329345703
v -33.22343063354492 -36.88341522216797 55.42236328125
v -32.07643508911133 -36.71396255493164 55.18625259399414
v -31.49765396118164 -35.61478805541992 55.3834228515625
v -31.43531036376953 -36.065711975097656 55.09208679199219
v -32.07572555541992 -37.12337112426758 54.67764663696289
v -34.063385009765625 -37.46748733520508 54.83157730102539
v -33.27946472167969 -37.40991973876953 55.041500091552734
v -33.34832000732422 -37.758480072021484 54.595069885253906
v -33.756446838378906 -37.915889739990234 54.076629638671875
v -33.738853454589844 -37.955631256103516 53.39616394042969
v -33.00395584106445 -37.84415054321289 54.123878479003906
v -32.507144927978516 -37.36787796020508 54.8195915222168
v -34.63209915161133 -36.836551666259766 55.097782135009766
v -38.45181655883789 -42.50809097290039 52.28290557861328
v -37.51259994506836 -43.736087799072266 51.23158264160156
v -37.88065719604492 -42.967464447021484 52.336639404296875
v -38.170101165771484 -43.09700393676758 51.300960540771484
v -38.17294692993164 -42.447654724121094 50.439918518066406
v -37.310821533203125 -43.830074310302734 50.61190414428711
v -38.17325210571289 -42.065818786621094 52.9925651550293
v -37.585113525390625 -42.20688247680664 53.062259674072266
v -37.885032653808594 -40.980594635009766 53.67518997192383
v -37.23098373413086 -43.7411003112793 51.679317474365234
v -37.026058197021484 -43.27855682373047 52.29483413696289
v -36.91672897338867 -43.59100341796875 49.71580123901367
v -36.778106689453125 -44.129512786865234 51.00456237792969
v -36.3961181640625 -44.005924224853516 51.48642349243164
v -36.69979476928711 -40.32475280761719 53.90519714355469
v -36.66094970703125 -42.32475662231445 52.94373321533203
v -35.830352783203125 -43.241943359375 52.144622802734375
v -36.785125732421875 -44.04576110839844 50.23086166381836
v -36.00324249267578 -44.241722106933594 50.460697174072266
v -35.97608947753906 -44.02241516113281 49.80570983886719
v -35.65074157714844 -44.139991760253906 51.03181838989258
v -35.56846618652344 -44.157440185546875 50.586700439453125
v -35.1934928894043 -43.62856674194336 49.741119384765625
v -34.57128143310547 -43.31753158569336 50.24940872192383
v -34.60647201538086 -43.53289794921875 50.95781707763672
v -33.87035369873047 -42.3425407409668 50.441001892089844
v -33.942665100097656 -42.66447448730469 51.00534439086914
v -34.816078186035156 -43.58995819091797 51.30247497558594
v -35.820587158203125 -41.68860626220703 53.047393798828125
v -35.12810134887695 -42.87419509887695 52.127079010009766
v -34.73135757446289 -41.55883026123047 52.57982635498047
v -34.25498962402344 -42.679325103759766 51.6807746887207
v -33.84177780151367 -42.1822395324707 51.48189926147461
v -34.003990173339844 -41.406166076660156 52.02127456665039
v -35.93449020385742 -42.08851623535156 48.1309700012207
v -37.03622817993164 -40.80674362182617 49.108890533447266
v -36.58253479003906 -41.88408279418945 48.841156005859375
v -35.74858093261719 -41.49921417236328 47.30829620361328
v -37.23291778564453 -40.22090148925781 49.00517654418945
v -36.345367431640625 -40.5062255859375 47.18556213378906
v -35.84855651855469 -41.14775085449219 46.757957458496094
v -35.49320983886719 -42.21854019165039 46.75457763671875
v -35.584434509277344 -42.83277893066406 47.458656311035156
v -34.71844482421875 -42.16878890991211 48.776214599609375
v -34.676849365234375 -41.35403823852539 48.69977569580078
v -34.19966506958008 -41.215240478515625 49.041812896728516
v -33.84503173828125 -41.498416900634766 49.657875061035156
v -35.842044830322266 -40.795143127441406 48.77059555053711
v -36.32004165649414 -39.44423294067383 49.276771545410156
v -35.67332458496094 -41.87691879272461 48.55847930908203
v -35.190032958984375 -42.612998962402344 48.68868637084961
v -35.09972381591797 -41.47190856933594 48.5736083984375
v -33.8781852722168 -40.94801712036133 49.491939544677734
v -34.06724548339844 -40.290130615234375 49.51215362548828
v -34.444969177246094 -40.54066467285156 52.52432632446289
v -34.0531120300293 -40.46226119995117 51.87198257446289
v -35.97751235961914 -39.986122131347656 53.74531173706055
v -33.66583251953125 -40.74324035644531 50.96080017089844
v -33.77709197998047 -40.508785247802734 49.937767028808594
v -34.16213607788086 -39.83143615722656 49.91024398803711
v -34.03755187988281 -39.955352783203125 51.06052780151367
v -33.651798248291016 -41.46187210083008 51.36799240112305
v -33.567893981933594 -41.46514129638672 50.71868896484375
v -36.494258880615234 -42.96098709106445 49.044368743896484
v -36.07046890258789 -43.210323333740234 48.95222091674805
v -35.552398681640625 -43.4640007019043 49.17333984375
v -35.88180923461914 -42.66813659667969 45.831199645996094
v -35.54019546508789 -42.84999084472656 46.98386001586914
v -35.12626647949219 -43.137088775634766 49.11744689941406
v -35.14548873901367 -38.16568374633789 51.11611557006836
v -34.28895950317383 -37.64372634887695 54.259037017822266
v -34.57555389404297 -37.55412673950195 53.31060028076172
v -34.139862060546875 -37.82741165161133 52.889320373535156
v -34.192138671875 -37.499969482421875 51.12214660644531
v -34.95144271850586 -37.10798263549805 51.736366271972656
v -34.96171569824219 -36.23366165161133 55.210201263427734
v -28.43785285949707 -13.616799354553223 7.624362945556641
v -29.51812744140625 -12.967056274414062 7.070686340332031
v -29.515382766723633 -13.757593154907227 7.5450897216796875
v -29.254314422607422 -15.287382125854492 8.039752960205078
v -30.05419921875 -16.476133346557617 8.02743911743164
v -28.930091857910156 -16.979820251464844 8.182445526123047
v -27.894357681274414 -16.297847747802734 8.162368774414062
v -27.63085174560547 -15.468696594238281 8.07564926147461
v -26.082847595214844 -15.98499870300293 7.796566009521484
v -26.379308700561523 -14.789024353027344 7.684101104736328
v -26.610273361206055 -12.704158782958984 6.703884124755859
v -28.008670806884766 -17.382965087890625 7.9863739013671875
v -30.828048706054688 -16.930213928222656 7.640308380126953
v -31.830013275146484 -16.623228073120117 6.781490325927734
v -31.43947982788086 -17.528642654418945 7.012599945068359
v -30.855403900146484 -18.412193298339844 7.061408996582031
v -29.963176727294922 -17.50969123840332 7.906063079833984
v -29.59908676147461 -18.504043579101562 7.516815185546875
v -28.46856689453125 -18.056560516357422 7.771064758300781
v -32.23672103881836 -18.38619041442871 5.7716217041015625
v -31.386184692382812 -15.445335388183594 7.088909149169922
v -31.195392608642578 -15.870380401611328 7.409954071044922
v -30.751976013183594 -13.987552642822266 6.869354248046875
v -31.699020385742188 -15.062941551208496 6.340312957763672
v -30.650882720947266 -15.59381103515625 7.735645294189453
v -30.09457778930664 -13.304427146911621 6.967109680175781
v -31.684680938720703 -14.296441078186035 5.09881591796875
v -30.709667205810547 -14.520280838012695 7.346935272216797
v -29.78407859802246 -12.42524528503418 5.966403961181641
v -30.646610260009766 -12.927545547485352 4.597721099853516
v -28.934663772583008 -11.945291519165039 6.192207336425781
v -28.43785285949707 -12.228401184082031 6.690940856933594
v -27.749229431152344 -10.998871803283691 4.988903045654297
v -26.97222900390625 -11.946249008178711 6.136402130126953
v -30.41595458984375 -13.358116149902344 2.1564178466796875
v -31.369815826416016 -13.889471054077148 3.3451919555664062
v -30.041183471679688 -12.53988265991211 2.719959259033203
v -27.842796325683594 -10.72354507446289 2.1355209350585938
v -32.1185417175293 -14.802821159362793 4.161495208740234
v -32.14590072631836 -15.028505325317383 3.4584617614746094
v -32.75498962402344 -16.12624168395996 4.633506774902344
v -32.422325134277344 -15.663908004760742 5.322795867919922
v -32.75234603881836 -16.583009719848633 5.185787200927734
v -32.75600814819336 -17.34917640686035 5.3099365234375
v -28.467552185058594 -11.94441032409668 1.4772300720214844
v -28.02474021911621 -20.42275047302246 7.717475891113281
v -28.866729736328125 -21.032875061035156 6.424293518066406
v -28.702783584594727 -21.758209228515625 7.020729064941406
v -30.360218048095703 -19.577178955078125 6.451198577880859
v -29.096574783325195 -19.28329849243164 6.884437561035156
v -29.60650634765625 -20.267316818237305 5.518909454345703
v -28.17353057861328 -19.382999420166016 6.088245391845703
v -28.537315368652344 -20.35004234313965 6.604717254638672
v -27.21041488647461 -18.158369064331055 6.780784606933594
v -29.98178482055664 -19.918745040893555 6.199649810791016
v -28.023517608642578 -18.217391967773438 7.432918548583984
v -26.85517120361328 -19.103347778320312 8.22125244140625
v -27.418394088745117 -20.47140884399414 8.397933959960938
v -26.535419464111328 -17.333812713623047 7.17694091796875
v -31.65935516357422 -19.830202102661133 5.1743621826171875
v -30.80841827392578 -20.468788146972656 4.734153747558594
v -30.61284637451172 -20.171897888183594 5.636020660400391
v -31.05474090576172 -19.202531814575195 6.3825531005859375
v -30.14227294921875 -20.377065658569336 5.378498077392578
v -29.57721710205078 -20.46791648864746 3.9736175537109375
v -30.588542938232422 -20.54067611694336 3.5879249572753906
v -28.079153060913086 -21.50663185119629 7.847766876220703
v -33.02134704589844 -17.4869327545166 4.358837127685547
v -32.8682861328125 -18.462522506713867 3.5477218627929688
v -32.71766662597656 -18.965566635131836 3.917217254638672
v -32.45659637451172 -19.164947509765625 3.0986328125
v -32.75204086303711 -18.21571922302246 4.993679046630859
v -32.362117767333984 -19.34761619567871 4.654289245605469
v -32.356014251708984 -17.56451988220215 2.2666244506835938
v -32.20549774169922 -18.279071807861328 2.3320999145507812
v -32.15372848510742 -19.75706672668457 4.157157897949219
v -31.985107421875 -19.69583511352539 2.9687652587890625
v -31.964969635009766 -19.27155113220215 5.447628021240234
v -32.09657287597656 -19.10542869567871 2.602764129638672
v -31.501209259033203 -19.25368309020996 2.496410369873047
v -31.527450561523438 -20.216222763061523 4.438770294189453
v -31.33422088623047 -20.27859878540039 3.315448760986328
v -30.808521270751953 -20.40563201904297 3.1683807373046875
v -30.183460235595703 -20.508033752441406 3.351360321044922
v -32.94914245605469 -17.2022705078125 3.5444412231445312
v -30.962291717529297 -20.067583084106445 2.838306427001953
v -31.499279022216797 -15.340328216552734 1.9418754577636719
v -29.986770629882812 -13.997979164123535 1.5695838928222656
v -32.655426025390625 -16.525774002075195 3.0622634887695312
v -31.994869232177734 -16.32285499572754 2.046649932861328
v -25.792898178100586 -10.005311965942383 1.0033340454101562
v -29.06270980834961 -21.59795570373535 4.389739990234375
v -28.999248504638672 -22.754365921020508 3.5798377990722656
v -29.19776725769043 -23.08707046508789 4.632484436035156
v -29.127696990966797 -21.51739501953125 5.644317626953125
v -28.867645263671875 -23.967031478881836 3.859447479248047
v -28.99772071838379 -23.66887855529785 5.146812438964844
v -28.539350509643555 -20.1114559173584 4.639957427978516
v -29.177734375 -22.36572265625 5.804435729980469
v -28.805912017822266 -23.125925064086914 6.4022674560546875
v -28.62376594543457 -21.342729568481445 3.437091827392578
v -28.60555648803711 -24.015947341918945 3.6019439697265625
v -28.654170989990234 -23.18492889404297 3.3787879943847656
v -28.42748260498047 -21.715866088867188 3.1658096313476562
v -29.45853042602539 -20.244121551513672 3.1390724182128906
v -28.571182250976562 -19.95296287536621 5.2260589599609375
v -27.91958236694336 -19.653514862060547 3.5033721923828125
v -28.63454246520996 -20.0394344329834 4.574588775634766
v -27.44148063659668 -18.75977897644043 2.4821319580078125
v -26.839509963989258 -19.379749298095703 2.5861778259277344
v 30.813383102416992 -15.67861557006836 6.110870361328125
v 29.613910675048828 -14.73655891418457 7.286449432373047
v 30.05306053161621 -15.603517532348633 7.216148376464844
v 31.3084659576416 -16.816652297973633 5.694492340087891
v 31.571060180664062 -17.836315155029297 5.09552001953125
v 31.6375732421875 -16.92734146118164 4.939064025878906
v 30.227275848388672 -16.68480682373047 7.132728576660156
v 28.570148468017578 -13.129150390625 7.004158020019531
v 29.299551010131836 -15.333412170410156 7.7049102783203125
v 31.534244537353516 -18.276113510131836 2.9714431762695312
v 31.274904251098633 -16.98263931274414 2.4994430541992188
v 31.80690574645996 -17.483789443969727 3.9081268310546875
v 30.72011947631836 -16.909194946289062 2.0175437927246094
v 29.364946365356445 -14.018566131591797 1.8417167663574219
v 30.485700607299805 -15.395257949829102 2.1838150024414062
v 29.793922424316406 -13.628825187683105 2.984363555908203
v 30.860774993896484 -15.149345397949219 3.1766738891601562
v 31.30927848815918 -16.190570831298828 3.0756492614746094
v 31.554889678955078 -16.237350463867188 4.025627136230469
v 31.474035263061523 -16.058141708374023 4.677677154541016
v 30.77839469909668 -14.733139991760254 4.741153717041016
v 31.11177635192871 -18.9825439453125 2.7157630920410156
v 30.812467575073242 -19.582231521606445 2.8909034729003906
v 31.622417449951172 -18.722631454467773 3.949665069580078
v 31.36897850036621 -19.24054527282715 3.978302001953125
v 31.78554916381836 -17.645755767822266 4.453762054443359
v 31.653743743896484 -18.42180824279785 4.484951019287109
v 31.226598739624023 -19.041017532348633 4.933586120605469
v 31.014650344848633 -18.528043746948242 5.682826995849609
v 31.13241958618164 -18.040678024291992 2.356365203857422
v -34.258853912353516 -26.60403823852539 49.1785888671875
v -37.03429412841797 -26.55729866027832 49.272071838378906
v -38.02202224731445 -27.415672302246094 48.89788055419922
v -32.48609161376953 -26.023366928100586 48.19220733642578
v -31.76818084716797 -26.301321029663086 45.7642707824707
v -32.075416564941406 -26.81818389892578 46.03313446044922
v -38.848960876464844 -21.699831008911133 42.80693817138672
v -39.371604919433594 -27.525148391723633 42.81264877319336
v -37.61887741088867 -31.242860794067383 40.89240264892578
v -38.74990463256836 -31.175851821899414 41.0855827331543
v -39.76356506347656 -32.014976501464844 41.29963684082031
v -32.75478744506836 -27.75039291381836 44.09522247314453
v -38.75712203979492 -27.634544372558594 42.19868469238281
v -37.49845886230469 -32.108333587646484 40.816471099853516
v -34.376625061035156 -31.61944007873535 41.996673583984375
v -33.134132385253906 -29.239459991455078 43.924156188964844
v -40.46561050415039 -28.989368438720703 44.59809875488281
v -40.96781539916992 -29.904865264892578 45.09474563598633
v -40.45930480957031 -28.916196823120117 45.6889533996582
v -40.138336181640625 -27.17875099182129 44.89722442626953
v -38.94486618041992 -20.471200942993164 43.378662109375
v -39.88784408569336 -26.521474838256836 44.043663024902344
v -41.43350601196289 -31.660419464111328 43.72159957885742
v -40.24003601074219 -29.057260513305664 43.74042892456055
v -40.560699462890625 -31.049592971801758 42.424217224121094
v -39.31953430175781 -29.120790481567383 42.41727066040039
v -39.68230438232422 -30.92975616455078 41.633209228515625
v -38.520973205566406 -29.22713851928711 41.83757019042969
v -41.21525192260742 -32.07492446899414 42.85492706298828
v -37.65315246582031 -17.111377716064453 47.8375129699707
v -36.9520149230957 -18.8139591217041 48.99095153808594
v -39.7276611328125 -26.775888442993164 46.87858963012695
v -40.032466888427734 -26.93198585510254 45.96697235107422
v -39.1608772277832 -21.64957046508789 46.482460021972656
v -38.7243766784668 -18.39579200744629 45.861228942871094
v -39.359703063964844 -21.460140228271484 44.891944885253906
v 41.88066864013672 -38.55634689331055 46.55083465576172
v 37.13923263549805 -33.076114654541016 45.03667068481445
v 38.48240661621094 -33.277095794677734 44.75310516357422
v 38.954097747802734 -36.94034957885742 46.35181427001953
v 38.62204360961914 -38.140342712402344 48.879661560058594
v 38.848838806152344 -38.024986267089844 48.44685745239258
v 42.438907623291016 -40.16470718383789 48.17127227783203
v 42.43250274658203 -40.859832763671875 49.3232421875
v 38.55379867553711 -38.71950912475586 51.88286209106445
v 38.71967315673828 -38.530887603759766 50.58412551879883
v 38.256935119628906 -38.690673828125 53.088314056396484
v 39.105838775634766 -40.076759338378906 52.50914001464844
v 40.11248016357422 -40.17793273925781 50.991859436035156
v 38.39280700683594 -40.420467376708984 54.0915412902832
v 37.40070724487305 -38.751220703125 54.645469665527344
v 37.75543975830078 -38.68745803833008 54.14028549194336
v 37.343345642089844 -39.16188430786133 54.88817596435547
v 33.52159881591797 -32.203651428222656 49.95538330078125
v 34.62058639526367 -31.376697540283203 51.83811569213867
v 33.90287780761719 -31.793025970458984 50.97868347167969
v 32.956336975097656 -29.883018493652344 50.46220397949219
v 33.02173614501953 -30.65920066833496 49.90581130981445
v 33.234291076660156 -23.46637535095215 52.338844299316406
v 40.169029235839844 -42.24753189086914 51.902259826660156
v 40.58386993408203 -41.180320739746094 53.05143737792969
v 40.840057373046875 -41.207462310791016 52.309471130371094
v 41.8814811706543 -41.4407958984375 51.73408889770508
v 42.53694534301758 -41.78733825683594 51.68624496459961
v 40.57217025756836 -41.987796783447266 51.713741302490234
v 40.65312957763672 -42.84590530395508 51.134307861328125
v 42.478878021240234 -41.60674285888672 51.72359085083008
v 39.779815673828125 -40.73085021972656 52.71720886230469
v 37.463966369628906 -31.68234634399414 45.196144104003906
v 36.00647735595703 -29.135082244873047 44.72871780395508
v 36.034446716308594 -30.572765350341797 45.161808013916016
v 32.166419982910156 -24.5044002532959 43.47608947753906
v 30.505224227905273 -26.437965393066406 47.18210220336914
v 30.711885452270508 -26.09953498840332 46.040672302246094
v 31.304296493530273 -26.321697235107422 45.535091400146484
v 33.48142623901367 -30.880796432495117 46.98752212524414
v 32.887081146240234 -30.518308639526367 47.91820526123047
v 31.11126708984375 -25.44481086730957 44.76033020019531
v 33.71757507324219 -29.3018856048584 45.57138442993164
v 30.49953269958496 -26.477052688598633 49.12098693847656
v 32.24839401245117 -29.438745498657227 48.170467376708984
v 31.056346893310547 -26.207067489624023 50.43427658081055
v 31.451967239379883 -25.713685989379883 51.16787338256836
v 31.49854850769043 -27.807222366333008 49.48854064941406
v 36.04655075073242 -32.09531021118164 45.556983947753906
v 32.46613693237305 -27.62840461730957 51.125244140625
v 32.11587905883789 -24.8969783782959 51.869754791259766
v -36.082977294921875 -35.89714050292969 44.505001068115234
v -38.89452362060547 -40.772369384765625 45.9520378112793
v -37.164981842041016 -39.5171012878418 47.475460052490234
v -37.592533111572266 -39.75907897949219 46.47736358642578
v -35.48863220214844 -38.38418197631836 49.23329544067383
v -36.57185745239258 -40.92945098876953 45.71536636352539
v -36.571144104003906 -40.35003662109375 46.48356246948242
v -36.03131103515625 -41.02640914916992 46.200382232666016
v -37.06633377075195 -39.893104553222656 49.04393768310547
v -37.10009765625 -41.23432540893555 45.42595291137695
v -36.07697677612305 -38.139915466308594 47.76694869995117
v -35.09362030029297 -38.025123596191406 49.978797912597656
v -38.242408752441406 -39.420413970947266 45.12294387817383
v -35.88455581665039 -36.43519592285156 46.73045349121094
v -35.19623947143555 -36.711029052734375 49.872047424316406
v -34.729530334472656 -36.7647590637207 50.73753356933594
v -35.652984619140625 -41.70948791503906 46.26454544067383
v -35.34462356567383 -38.68211364746094 49.92972183227539
v -34.86591339111328 -40.024654388427734 49.133636474609375
v -34.6279296875 -40.633697509765625 48.907257080078125
v -35.14955520629883 -38.48989486694336 50.453487396240234
v -34.698509216308594 -37.230613708496094 51.183807373046875
v -24.504840850830078 -17.234209060668945 8.246097564697266
v -25.631797790527344 -17.096282958984375 7.77203369140625
v -22.738487243652344 -11.353935241699219 7.607357025146484
v -22.609224319458008 -13.057024002075195 8.072681427001953
v -21.932601928710938 -14.251089096069336 8.39569091796875
v -22.179229736328125 -16.37378692626953 8.610218048095703
v -20.05610466003418 -12.946270942687988 9.176944732666016
v -19.99060821533203 -14.20859146118164 8.838768005371094
v -19.064918518066406 -13.96009635925293 9.265865325927734
v -18.176044464111328 -14.512960433959961 9.226310729980469
v -28.17454719543457 -23.026315689086914 7.275829315185547
v -28.07925033569336 -24.331270217895508 6.340930938720703
v -27.309978485107422 -23.621564865112305 7.597969055175781
v -27.469751358032227 -22.623987197875977 8.059967041015625
v -27.466602325439453 -24.847253799438477 6.242305755615234
v -27.015249252319336 -24.432817459106445 7.071094512939453
v -26.35896873474121 -23.443262100219727 8.1552734375
v -25.720584869384766 -24.662981033325195 7.095256805419922
v -25.62173080444336 -23.775671005249023 8.010128021240234
v -25.105087280273438 -23.92719268798828 7.794471740722656
v -22.227027893066406 -21.809255599975586 7.416477203369141
v -23.004741668701172 -22.956436157226562 6.891422271728516
v -22.3768367767334 -22.706825256347656 8.054019927978516
v -25.141496658325195 -24.625322341918945 6.953330993652344
v -24.45399284362793 -24.401655197143555 6.676784515380859
v -23.627765655517578 -22.785442352294922 7.982994079589844
v -26.856897354125977 -20.371292114257812 8.675224304199219
v -24.12559700012207 -18.607534408569336 8.804054260253906
v -20.559324264526367 -19.94723892211914 8.463924407958984
v -21.583765029907227 -20.112165451049805 8.140029907226562
v -21.176246643066406 -20.496070861816406 8.155570983886719
v -20.675264358520508 -20.547014236450195 8.499767303466797
v -19.779678344726562 -20.060571670532227 8.540397644042969
v -17.96867561340332 -19.988122940063477 8.18228530883789
v -17.81581687927246 -21.848459243774414 8.927734375
v -22.146989822387695 -18.777673721313477 8.466407775878906
v -16.829614639282227 -16.85227394104004 8.341194152832031
v -18.462234497070312 -16.246967315673828 8.640113830566406
v -17.85161590576172 -15.331623077392578 8.862983703613281
v -27.29960823059082 -21.35723114013672 8.5181884765625
v -26.754281997680664 -22.252609252929688 8.608840942382812
v -26.36405372619629 -21.609743118286133 8.865402221679688
v -25.42595672607422 -22.777956008911133 8.714794158935547
v -25.374698638916016 -21.959230422973633 8.963687896728516
v -24.804658889770508 -23.10642433166504 8.435638427734375
v -24.119089126586914 -22.196426391601562 8.769332885742188
v -23.03545570373535 -20.885705947875977 8.704376220703125
v -22.053220748901367 -23.397111892700195 8.682903289794922
v -23.022438049316406 -23.83031463623047 7.625270843505859
v -21.682518005371094 -22.194116592407227 8.630748748779297
v -21.883073806762695 -24.458738327026367 8.631332397460938
v -21.22323226928711 -23.027902603149414 9.114635467529297
v -23.59786605834961 -19.657257080078125 8.921920776367188
v -23.33598518371582 -21.935617446899414 8.4937744140625
v -20.849376678466797 -21.994565963745117 9.00048828125
v -22.930091857910156 -17.510177612304688 8.474346160888672
v -20.364259719848633 -22.36676788330078 9.165565490722656
v -19.29415512084961 -23.950298309326172 9.275211334228516
v -18.987218856811523 -21.587444305419922 8.994792938232422
v -14.198592185974121 -16.69939422607422 7.467010498046875
v -14.719407081604004 -18.589252471923828 7.261993408203125
v -16.56244468688965 -20.08246612548828 7.664806365966797
v -21.22353744506836 -24.395448684692383 8.987918853759766
v -18.191402435302734 -23.29833221435547 9.163455963134766
v -17.201946258544922 -23.08837127685547 8.860721588134766
v -21.527421951293945 -10.951473236083984 8.313190460205078
v -22.712858200073242 -9.137001037597656 6.653419494628906
v -20.89229393005371 -11.48482894897461 8.984004974365234
v -10.274126052856445 -14.096866607666016 3.928375244140625
v -9.559670448303223 -11.666633605957031 3.6294631958007812
v -10.308196067810059 -13.358787536621094 4.980266571044922
v -12.779243469238281 -18.645843505859375 2.7745323181152344
v -12.072009086608887 -17.07124900817871 2.3149261474609375
v -10.732595443725586 -14.899627685546875 2.346233367919922
v -9.942476272583008 -13.273662567138672 2.9135818481445312
v -9.679576873779297 -12.461099624633789 3.1614913940429688
v -9.762971878051758 -11.777288436889648 1.6466598510742188
v -9.443731307983398 -10.339495658874512 2.596965789794922
v -10.192052841186523 -13.257043838500977 1.7749786376953125
v -20.13787269592285 -7.365132808685303 0.2704315185546875
v -16.218387603759766 -5.934047222137451 0.02129364013671875
v -15.880841255187988 -8.363615036010742 0.3356781005859375
v -13.794734954833984 -20.814847946166992 4.878822326660156
v -14.690320014953613 -22.39282989501953 4.535579681396484
v -11.231850624084473 -15.253360748291016 5.432579040527344
v -15.037632942199707 -22.494869232177734 6.0629730224609375
v -27.450532913208008 -25.155988693237305 5.530372619628906
v -27.546133041381836 -25.28830909729004 4.303199768066406
v -26.83218765258789 -25.26178550720215 5.821765899658203
v -25.77245330810547 -25.3427734375 4.3755950927734375
v -26.033218383789062 -25.367090225219727 5.3797454833984375
v -26.036775588989258 -25.13041877746582 6.341289520263672
v -25.15837860107422 -24.979463577270508 6.1314697265625
v -28.539047241210938 -24.275724411010742 5.612266540527344
v -28.186954498291016 -24.77170753479004 3.8015060424804688
v -28.569555282592773 -24.536714553833008 4.206508636474609
v -28.221128463745117 -24.758398056030273 5.189491271972656
v -27.450124740600586 -25.22938346862793 3.8847885131835938
v -26.555559158325195 -25.184551239013672 3.7337493896484375
v -28.178918838500977 -22.008235931396484 3.050373077392578
v -25.568744659423828 -25.101346969604492 3.8606643676757812
v -24.79326820373535 -24.914560317993164 5.088665008544922
v -25.015792846679688 -24.6865291595459 3.723491668701172
v -24.523353576660156 -24.54062843322754 3.9693679809570312
v -23.505319595336914 -23.95897674560547 5.171939849853516
v -23.529220581054688 -24.71769142150879 4.534809112548828
v -23.662141799926758 -25.26755714416504 4.827358245849609
v -23.727941513061523 -24.98161506652832 6.048408508300781
v -23.36202049255371 -23.531057357788086 6.4842376708984375
v -23.234487533569336 -23.60566520690918 4.560035705566406
v -15.664826393127441 -22.934795379638672 3.2822189331054688
v -27.696752548217773 -24.341569900512695 3.4191513061523438
v -25.903547286987305 -24.604719161987305 3.4401473999023438
v -27.861408233642578 -22.828304290771484 3.0861282348632812
v -26.725093841552734 -18.70093536376953 2.3578414916992188
v -16.61197280883789 -25.056840896606445 4.995090484619141
v -16.191131591796875 -24.508520126342773 5.655487060546875
v -17.732013702392578 -26.167722702026367 5.742435455322266
v -16.213302612304688 -24.432722091674805 4.268001556396484
v -17.188215255737305 -25.353147506713867 3.989948272705078
v -15.049429893493652 -22.39794158935547 3.386768341064453
v -16.460947036743164 -24.416271209716797 6.705181121826172
v -19.93243408203125 -27.5085506439209 5.660064697265625
v -19.216962814331055 -26.932437896728516 6.741031646728516
v -20.061391830444336 -27.27570152282715 6.663177490234375
v -18.132413864135742 -26.10285186767578 3.840831756591797
v -22.462671279907227 -22.76783561706543 3.4290618896484375
v -23.211503982543945 -22.91545295715332 3.449310302734375
v -23.314624786376953 -25.740549087524414 4.067653656005859
v -23.075122833251953 -24.991559982299805 3.771697998046875
v -19.449554443359375 -26.917203903198242 3.781909942626953
v -21.75442123413086 -27.54292106628418 4.424396514892578
v -20.496471405029297 -27.428056716918945 3.937255859375
v -20.182518005371094 -27.495115280151367 4.292560577392578
v -21.257709503173828 -27.68004035949707 4.952228546142578
v -19.425146102905273 -27.176433563232422 4.216953277587891
v -18.367448806762695 -26.686288833618164 5.261341094970703
v -21.48969268798828 -27.363004684448242 3.926097869873047
v -21.410057067871094 -27.626636505126953 5.6451568603515625
v -18.11248207092285 -26.066354751586914 7.008426666259766
v -23.39741325378418 -26.103118896484375 4.409183502197266
v -23.072067260742188 -26.355268478393555 4.080833435058594
v -22.969350814819336 -26.763818740844727 4.374183654785156
v -22.937620162963867 -26.92025375366211 4.917808532714844
v -22.497657775878906 -27.14209747314453 4.250038146972656
v -22.27991485595703 -26.963186264038086 3.922313690185547
v -22.787202835083008 -25.419763565063477 3.6584243774414062
v -21.653228759765625 -26.834177017211914 3.699321746826172
v -23.6452579498291 -25.639867782592773 5.9054718017578125
v -23.151193618774414 -26.644792556762695 5.622596740722656
v -22.07172966003418 -27.454483032226562 5.518653869628906
v -22.69170379638672 -27.05378532409668 5.699668884277344
v -21.881649017333984 -27.274778366088867 6.316432952880859
v -17.209775924682617 -4.188243389129639 9.123382568359375
v -19.61146354675293 -5.7457098960876465 9.96124267578125
v -17.923927307128906 -4.044085502624512 10.46805191040039
v -18.210216522216797 -5.039668083190918 6.605197906494141
v -20.472370147705078 -6.688099384307861 6.678272247314453
v -21.085935592651367 -8.441542625427246 8.015304565429688
v -20.12820816040039 -6.613083839416504 7.357887268066406
v -24.512775421142578 -8.258076667785645 4.565422058105469
v -21.57522201538086 -8.141945838928223 6.9482574462890625
v -21.502302169799805 -9.358965873718262 7.9165191650390625
v -19.691299438476562 -5.693703651428223 5.82672119140625
v -19.4639949798584 -5.8763108253479 6.870246887207031
v -16.94291114807129 -4.297318935394287 8.382953643798828
v -23.527185440063477 -24.40838050842285 6.822551727294922
v -23.529422760009766 -24.927536010742188 6.806072235107422
v -22.86988639831543 -25.771974563598633 7.1973419189453125
v -23.38418960571289 -25.992284774780273 6.309852600097656
v -22.941787719726562 -26.278345108032227 6.684665679931641
v -21.60024070739746 -26.279211044311523 7.690055847167969
v -22.047527313232422 -25.306074142456055 8.13467788696289
v -20.950061798095703 -25.24521255493164 8.699478149414062
v -20.849580764770508 -27.148956298828125 6.975528717041016
v -17.403112411499023 -23.80381202697754 8.751304626464844
v -16.758831024169922 -23.57709503173828 8.256633758544922
v -19.93375587463379 -26.475406646728516 7.770397186279297
v -18.9343318939209 -25.911497116088867 7.985630035400391
v -18.99311637878418 -25.01775550842285 8.860851287841797
v -19.824935913085938 -25.360506057739258 8.777118682861328
v -18.38066864013672 -24.086585998535156 9.113151550292969
v -20.914262771606445 -26.29324722290039 7.922615051269531
v -16.08719253540039 -22.25755500793457 8.11752700805664
v -16.62458610534668 -21.937959671020508 8.515045166015625
v -16.047834396362305 -21.514827728271484 7.947113037109375
v -14.996138572692871 -20.864425659179688 6.754695892333984
v -16.46440315246582 -22.876895904541016 8.370380401611328
v 17.4348201751709 -5.198597431182861 8.646900177001953
v 14.897160530090332 -3.910703659057617 8.991310119628906
v 16.26504898071289 -4.314732074737549 9.25876235961914
v 16.076391220092773 -4.64314603805542 5.890460968017578
v 24.589845657348633 -22.834684371948242 8.670684814453125
v 25.545942306518555 -23.80682945251465 7.781303405761719
v 25.753211975097656 -22.28162384033203 8.521011352539062
v 26.169475555419922 -23.598527908325195 7.626121520996094
v 25.988855361938477 -20.772127151489258 8.58304214477539
v 25.297992706298828 -21.6137638092041 8.836162567138672
v 26.467361450195312 -21.723281860351562 8.216228485107422
v 26.795961380004883 -22.691333770751953 7.6504974365234375
v 26.716630935668945 -21.164104461669922 8.019828796386719
v 26.453125 -20.300596237182617 8.126781463623047
v 27.661848068237305 -21.688011169433594 6.755855560302734
v 26.944849014282227 -12.405359268188477 6.877464294433594
v 25.693206787109375 -12.06313705444336 6.282901763916016
v 26.41223907470703 -12.833517074584961 7.118190765380859
v 25.18470001220703 -13.01749324798584 6.943370819091797
v 27.20754623413086 -20.451017379760742 7.003696441650391
v 27.657577514648438 -20.831104278564453 6.046993255615234
v 27.988412857055664 -22.854963302612305 5.592144012451172
v 27.788162231445312 -23.10409927368164 6.128364562988281
v 27.39386558532715 -23.972415924072266 6.114795684814453
v 27.81846809387207 -22.298770904541016 6.423099517822266
v 28.004377365112305 -22.19192123413086 4.4192962646484375
v 28.005802154541016 -22.071945190429688 5.668987274169922
v 28.051467895507812 -22.755176544189453 4.549797058105469
v 26.3032169342041 -24.65220069885254 6.588878631591797
v 26.9968204498291 -24.090612411499023 6.563694000244141
v 27.48854637145996 -22.719057083129883 6.878894805908203
v 24.754600524902344 -14.952535629272461 7.7781982421875
v 21.1394100189209 -12.738253593444824 8.056129455566406
v 22.245010375976562 -15.506645202636719 8.389884948730469
v 25.10272789001465 -16.55575180053711 7.657310485839844
v 23.78131675720215 -16.976537704467773 8.011886596679688
v 21.680566787719727 -9.564255714416504 6.751678466796875
v 21.62798500061035 -11.658737182617188 7.629913330078125
v 24.873083114624023 -17.342388153076172 7.5318450927734375
v 25.771617889404297 -17.969669342041016 6.927925109863281
v 26.33098030090332 -14.678443908691406 7.911212921142578
v 25.006311416625977 -15.802652359008789 7.836803436279297
v 21.75735092163086 -17.597728729248047 8.472126007080078
v 24.297657012939453 -10.470481872558594 6.000110626220703
v 26.51028060913086 -18.854578018188477 6.505748748779297
v 26.061569213867188 -19.221935272216797 7.922954559326172
v 27.32338523864746 -19.95931053161621 5.408519744873047
v 21.738840103149414 -22.88614273071289 7.001918792724609
v 20.999366760253906 -21.793384552001953 7.4239044189453125
v 21.740163803100586 -23.4363956451416 7.572231292724609
v 22.304607391357422 -24.12928009033203 6.698154449462891
v 22.27999496459961 -23.184782028198242 7.348175048828125
v 22.21449851989746 -23.592073440551758 6.500160217285156
v 22.347627639770508 -24.068758010864258 5.348785400390625
v 23.073776245117188 -24.100605010986328 7.065181732177734
v 23.152494430541992 -22.84307098388672 8.516532897949219
v 23.489839553833008 -23.975631713867188 7.580669403076172
v 24.057741165161133 -25.215730667114258 4.715980529785156
v 24.355932235717773 -25.09012794494629 6.291015625
v 24.6227970123291 -24.668180465698242 7.111457824707031
v 21.263181686401367 -23.779401779174805 8.31109619140625
v 22.258840560913086 -24.906389236450195 6.957038879394531
v 24.68280029296875 -23.607755661010742 8.14657974243164
v 20.446414947509766 -20.245946884155273 8.122203826904297
v 20.116798400878906 -19.530597686767578 8.334178924560547
v 22.113000869750977 -22.043210983276367 8.442310333251953
v 20.60456085205078 -19.322965621948242 8.373161315917969
v 18.75816535949707 -20.11652183532715 8.539939880371094
v 19.7601318359375 -20.41098403930664 8.260360717773438
v 19.20473861694336 -17.786624908447266 8.678199768066406
v 21.95810890197754 -19.969202041625977 8.842464447021484
v 22.679580688476562 -19.522645950317383 8.9356689453125
v 23.415699005126953 -18.647680282592773 8.757946014404297
v 25.018009185791016 -20.555631637573242 8.862632751464844
v 23.107746124267578 -17.23186683654785 8.27109146118164
v 24.704668045043945 -18.810302734375 8.522663116455078
v 25.60747528076172 -18.989246368408203 8.20009994506836
v 25.613065719604492 -19.72108268737793 8.533000946044922
v 23.35610008239746 -22.002376556396484 8.936283111572266
v 20.539369583129883 -22.20216941833496 8.535297393798828
v 23.667613983154297 -22.835792541503906 8.670257568359375
v 24.232973098754883 -22.410730361938477 8.872905731201172
v 19.66707420349121 -21.831302642822266 8.917274475097656
v 19.7528076171875 -22.92179298400879 9.161190032958984
v 20.246368408203125 -24.208372116088867 8.940784454345703
v 26.790874481201172 -17.52629852294922 7.946586608886719
v 26.93732261657715 -13.791559219360352 7.686882019042969
v 28.015974044799805 -14.093976974487305 7.722957611083984
v 26.33006477355957 -15.865753173828125 8.109729766845703
v 28.132423400878906 -16.352018356323242 8.148582458496094
v 19.234840393066406 -14.922172546386719 8.636810302734375
v 20.69751739501953 -11.32186508178711 8.003009796142578
v 19.241451263427734 -13.398649215698242 8.793025970458984
v 19.743961334228516 -10.939718246459961 8.895835876464844
v 19.3456974029541 -12.009256362915039 9.082878112792969
v 19.80792999267578 -10.826478958129883 9.187232971191406
v 19.216026306152344 -12.602184295654297 9.527706146240234
v 19.881359100341797 -9.781990051269531 8.650806427001953
v 20.175277709960938 -10.134008407592773 8.22812271118164
v 18.52303123474121 -13.56552505493164 9.519317626953125
v 18.890174865722656 -13.101930618286133 9.74428939819336
v 17.802982330322266 -14.319708824157715 9.687419891357422
v 17.223892211914062 -16.20061683654785 8.631214141845703
v 16.20768928527832 -15.130807876586914 9.543861389160156
v 17.787931442260742 -13.980825424194336 9.200431823730469
v 16.97116470336914 -14.452871322631836 9.20806884765625
v 15.050728797912598 -15.028518676757812 8.973121643066406
v 13.897432327270508 -15.01119613647461 8.705894470214844
v 14.32539176940918 -16.028276443481445 8.262718200683594
v 16.189279556274414 -15.844419479370117 8.663520812988281
v 21.63408851623535 -8.486590385437012 6.074840545654297
v 20.40441131591797 -8.958122253417969 7.421913146972656
v 19.738773345947266 -8.498509407043457 8.157848358154297
v 19.863561630249023 -7.870428562164307 7.213081359863281
v 19.321287155151367 -7.387300968170166 7.661289215087891
v 29.4232177734375 -17.025150299072266 7.688751220703125
v 30.089672088623047 -18.085712432861328 6.838504791259766
v 27.85009765625 -22.378564834594727 3.6840744018554688
v 27.520689010620117 -21.448728561401367 3.5200157165527344
v 27.2564640045166 -20.050430297851562 4.245750427246094
v 27.278329849243164 -19.233186721801758 6.6778411865234375
v 28.67398452758789 -20.116329193115234 5.9681549072265625
v 27.427425384521484 -20.01091766357422 5.068977355957031
v 28.641033172607422 -20.459943771362305 4.983440399169922
v 27.854063034057617 -19.181184768676758 6.987983703613281
v 29.185544967651367 -19.626876831054688 6.359683990478516
v 29.39718246459961 -20.261987686157227 5.498756408691406
v 30.192798614501953 -19.670063018798828 5.650909423828125
v 28.999122619628906 -18.316133499145508 7.398277282714844
v 21.356542587280273 -25.12123680114746 7.873958587646484
v 21.938684463500977 -25.24274444580078 7.260993957519531
v 17.78976058959961 -19.947959899902344 8.429973602294922
v 18.826000213623047 -23.97490119934082 9.283267974853516
v 17.855154037475586 -24.28533935546875 9.20065689086914
v 18.69429588317871 -25.020200729370117 9.004520416259766
v 17.472248077392578 -22.112213134765625 9.09640884399414
v 19.43794059753418 -25.104894638061523 8.863304138183594
v 19.95244789123535 -25.568248748779297 8.428863525390625
v 30.81307601928711 -15.19449234008789 5.622951507568359
v 29.13194465637207 -13.572418212890625 6.858734130859375
v 27.135440826416016 -17.116971969604492 8.147247314453125
v 27.743515014648438 -18.303653717041016 7.692775726318359
v 28.67093276977539 -16.844112396240234 8.033145904541016
v 28.096824645996094 -17.81183624267578 7.928462982177734
v 12.067206382751465 -15.712547302246094 7.305912017822266
v 13.616328239440918 -21.4930362701416 6.4636077880859375
v 15.0977144241333 -20.127235412597656 7.57666015625
v 16.706533432006836 -22.805992126464844 9.092857360839844
v 16.52835464477539 -23.581321716308594 9.008674621582031
v 16.942787170410156 -24.562410354614258 8.76083755493164
v 18.224842071533203 -25.263296127319336 8.805419921875
v 14.72619915008545 -21.48583984375 7.879005432128906
v 14.520761489868164 -22.215389251708984 7.7411041259765625
v 15.148259162902832 -22.236560821533203 8.39120864868164
v 15.139108657836914 -22.73636245727539 8.325775146484375
v 16.009777069091797 -22.36851692199707 8.86514663696289
v 15.73335075378418 -21.21802520751953 8.460186004638672
v 27.918542861938477 -20.240684509277344 3.3412933349609375
v 28.995159149169922 -20.44114112854004 3.172576904296875
v 29.35202980041504 -20.559541702270508 4.070117950439453
v 29.763107299804688 -20.395389556884766 3.2317352294921875
v 26.894712448120117 -19.817657470703125 3.635478973388672
v 30.149473190307617 -20.263511657714844 4.714683532714844
v 30.358266830444336 -20.169757843017578 3.3856849670410156
v 30.68635368347168 -19.762924194335938 4.935096740722656
v 27.73120880126953 -12.473724365234375 6.847591400146484
v 26.252975463867188 -11.17432975769043 5.365486145019531
v 28.08635139465332 -12.417314529418945 6.601154327392578
v 19.386884689331055 -5.533914566040039 13.905704498291016
v 18.309661865234375 -4.264456748962402 13.163963317871094
v 19.222332000732422 -7.091093063354492 10.758506774902344
v 20.030250549316406 -7.103645324707031 14.427448272705078
v 19.636869430541992 -10.341461181640625 10.45672607421875
v 18.974687576293945 -11.881665229797363 11.154705047607422
v 19.57228660583496 -8.347809791564941 9.955448150634766
v 19.72545051574707 -9.437345504760742 11.601615905761719
v 19.52540397644043 -10.720696449279785 12.00335693359375
v 20.01814842224121 -10.441661834716797 15.098644256591797
v 19.682025909423828 -7.874092102050781 12.028827667236328
v 17.944347381591797 -5.716958999633789 6.817573547363281
v 18.534116744995117 -6.264794826507568 8.537788391113281
v 18.722570419311523 -6.488506317138672 7.207557678222656
v 18.624427795410156 -5.8814544677734375 5.903404235839844
v 19.308574676513672 -7.547749042510986 9.83492660522461
v 18.29135513305664 -5.640987873077393 10.330245971679688
v 16.904651641845703 -3.2334299087524414 12.497310638427734
v 8.907739639282227 -9.877979278564453 5.688163757324219
v 8.377874374389648 -10.466949462890625 4.236759185791016
v 9.104634284973145 -10.425200462341309 6.591922760009766
v 9.06151294708252 -9.370481491088867 6.456134796142578
v 9.107787132263184 -13.385087966918945 5.0782623291015625
v 8.550766944885254 -11.724102020263672 4.577400207519531
v 8.491983413696289 -12.482887268066406 3.8543548583984375
v 8.30322551727295 -11.320808410644531 2.1077232360839844
v 8.909875869750977 -13.825441360473633 3.8805160522460938
v 8.166537284851074 -10.784322738647461 2.94287109375
v 14.708909034729004 -15.374053955078125 9.330432891845703
v 12.924450874328613 -14.801727294921875 8.495262145996094
v 10.579411506652832 -13.349836349487305 7.796012878417969
v 11.213419914245605 -13.922307968139648 8.072208404541016
v 10.045578956604004 -13.234941482543945 6.781360626220703
v 9.736507415771484 -14.501258850097656 5.536140441894531
v 9.570326805114746 -11.891067504882812 7.218345642089844
v 9.414215087890625 -15.02044677734375 3.4192466735839844
v 9.288918495178223 -14.2054443359375 1.9385948181152344
v 10.694232940673828 -17.170225143432617 2.6116256713867188
v 10.772542953491211 -16.965679168701172 2.2934226989746094
v 27.354808807373047 -22.163297653198242 3.211139678955078
v 27.652286529541016 -23.668771743774414 3.6100234985351562
v 27.25849723815918 -24.5817928314209 3.769878387451172
v 27.849489212036133 -23.67466926574707 3.9490699768066406
v 27.06089210510254 -23.850082397460938 3.3735923767089844
v 26.202733993530273 -19.114654541015625 2.6869049072265625
v 28.29219627380371 -20.089038848876953 2.912830352783203
v 29.884742736816406 -19.725637435913086 2.6474761962890625
v 26.92755889892578 -24.790754318237305 5.609828948974609
v 25.874744415283203 -25.316543579101562 5.5973052978515625
v 26.29782485961914 -25.381406784057617 4.151805877685547
v 25.256805419921875 -25.09578514099121 6.438144683837891
v 25.806604385375977 -25.49614715576172 4.267147064208984
v 25.084318161010742 -25.466737747192383 4.144023895263672
v 26.06533432006836 -25.35735511779785 3.9086952209472656
v 26.897253036499023 -25.080244064331055 4.117393493652344
v 27.3228759765625 -24.673198699951172 3.984172821044922
v 27.518245697021484 -24.223684310913086 5.390251159667969
v 24.898000717163086 -25.18421745300293 3.7444305419921875
v 26.00899314880371 -25.069883346557617 3.6554908752441406
v 25.0097713470459 -25.347257614135742 5.736461639404297
v 22.51482582092285 -25.3173828125 6.04058837890625
v 24.406068801879883 -25.278867721557617 4.074440002441406
v 22.45685577392578 -23.984853744506836 5.056812286376953
v 23.534893035888672 -24.816850662231445 4.12237548828125
v 22.190397262573242 -25.482234954833984 4.039150238037109
v 22.36796760559082 -25.714502334594727 4.489467620849609
v 22.184091567993164 -26.065553665161133 4.2356719970703125
v 22.439159393310547 -25.85318946838379 5.534343719482422
v 22.409257888793945 -25.0357723236084 4.596260070800781
v 21.42519187927246 -26.181745529174805 3.719043731689453
v 21.884986877441406 -26.363100051879883 4.021183013916016
v 21.265928268432617 -27.076784133911133 4.041790008544922
v 21.788978576660156 -25.022382736206055 3.6818161010742188
v 21.789487838745117 -26.85758399963379 4.508338928222656
v 21.86688232421875 -23.355587005615234 4.147468566894531
v 23.966108322143555 -24.73166847229004 3.663707733154297
v 14.201824188232422 -23.407316207885742 5.603519439697266
v 13.202503204345703 -21.670330047607422 5.595176696777344
v 13.556221008300781 -22.533878326416016 4.897624969482422
v 14.94160270690918 -23.044878005981445 7.909671783447266
v 9.73437213897705 -15.214183807373047 4.932037353515625
v 15.224334716796875 -24.62953758239746 6.192043304443359
v 15.827527046203613 -23.49126625061035 8.62917709350586
v 19.457263946533203 -27.017770767211914 7.2105712890625
v 19.57777976989746 -27.451913833618164 6.4767608642578125
v 20.865018844604492 -27.198129653930664 6.3680877685546875
v 20.71978759765625 -27.559188842773438 5.374050140380859
v 20.926549911499023 -27.460756301879883 4.488597869873047
v 21.377290725708008 -27.252466201782227 5.303234100341797
v 20.7017879486084 -26.56676483154297 7.2967987060546875
v 21.57754135131836 -26.75847053527832 6.314418792724609
v 18.597883224487305 -27.200462341308594 6.737892150878906
v 18.93349838256836 -27.501619338989258 6.142147064208984
v 19.797658920288086 -27.686786651611328 5.639030456542969
v 18.3747501373291 -27.39038848876953 5.116680145263672
v 21.731721878051758 -26.119619369506836 6.891414642333984
v 22.182260513305664 -26.138256072998047 6.193595886230469
v 18.39783477783203 -26.542654037475586 7.627967834472656
v 18.067712783813477 -26.90707778930664 6.890125274658203
v 22.119611740112305 -26.50881004333496 5.379993438720703
v 20.328847885131836 -27.078365325927734 3.750537872314453
v 20.3427791595459 -27.481298446655273 4.013668060302734
v 19.50089454650879 -27.588979721069336 4.164943695068359
v 19.217348098754883 -27.374784469604492 3.8610458374023438
v 15.307119369506836 -24.919008255004883 5.14190673828125
v 17.340238571166992 -26.606029510498047 6.5300140380859375
v 16.817289352416992 -26.39143180847168 5.5349578857421875
v 18.0577449798584 -27.15066146850586 6.223808288574219
v 16.23270606994629 -25.44256019592285 6.939533233642578
v 17.05282974243164 -26.421419143676758 4.3048248291015625
v 15.995434761047363 -25.440462112426758 4.192890167236328
v 14.625106811523438 -23.941526412963867 4.195018768310547
v 13.614191055297852 -21.983814239501953 3.2404251098632812
v 16.65009117126465 -25.785093307495117 3.780467987060547
v 16.935161590576172 -25.385414123535156 7.917236328125
v 18.153854370117188 -27.10919761657715 4.119174957275391
v 18.756336212158203 -27.374174118041992 4.059528350830078
v 17.94353485107422 -26.519229888916016 3.6423416137695312
v 29.480987548828125 -18.877456665039062 2.328968048095703
v 30.92962646484375 -19.776504516601562 3.7944869995117188
v -23.5440673828125 -33.09367370605469 62.44707107543945
v -22.668720245361328 -33.39225769042969 63.718414306640625
v -22.92928123474121 -33.274227142333984 63.29608917236328
v -21.618444442749023 -33.712181091308594 64.64385223388672
v -21.329612731933594 -34.53287124633789 64.57768249511719
v -16.29334259033203 -35.86012268066406 65.7032470703125
v -19.688451766967773 -34.682193756103516 66.1777572631836
v -19.82015609741211 -34.3693962097168 65.66407775878906
v -17.252288818359375 -35.347537994384766 65.83417510986328
v -15.953251838684082 -35.84931182861328 65.4225082397461
v -18.245813369750977 -35.091670989990234 67.8873062133789
v -21.07657814025879 -34.136924743652344 65.45506286621094
v -19.055561065673828 -34.316078186035156 69.20584106445312
v -16.640350341796875 -35.622955322265625 68.79651641845703
v -17.952911376953125 -34.96696472167969 69.2598876953125
v -22.09949493408203 -33.8325309753418 68.27190399169922
v -20.49718475341797 -34.773101806640625 68.83834075927734
v -15.263001441955566 -36.15081024169922 65.04916381835938
v -20.02193260192871 -34.211822509765625 69.27937316894531
v -18.4663028717041 -34.86884689331055 69.35659790039062
v -17.43708038330078 -35.45779037475586 69.07844543457031
v -22.533863067626953 -32.711029052734375 68.42991638183594
v -21.441585540771484 -33.26448440551758 68.78878021240234
v -19.511999130249023 -34.22493362426758 69.32742309570312
v -17.460063934326172 -14.80256462097168 9.136512756347656
v -15.527222633361816 -15.068811416625977 8.814884185791016
v -12.175745010375977 -14.50840950012207 7.008388519287109
v -13.481799125671387 -14.913801193237305 7.921730041503906
v -9.631268501281738 -9.55411148071289 3.804096221923828
v -10.384980201721191 -10.270098686218262 6.522747039794922
v -10.686423301696777 -11.95669937133789 6.462516784667969
v -11.191983222961426 -13.155590057373047 6.618762969970703
v -11.050822257995605 -12.257917404174805 7.317729949951172
v -17.830259323120117 -15.019079208374023 9.67617416381836
v -16.287240982055664 -15.366352081298828 9.36883544921875
v -16.745405197143555 -15.286430358886719 9.589580535888672
v -18.315174102783203 -14.769868850708008 9.531024932861328
v -13.404810905456543 -14.49138069152832 8.295650482177734
v -12.288633346557617 -13.755308151245117 7.936393737792969
v -14.325211524963379 -14.835615158081055 8.547294616699219
v -21.195161819458008 -10.03550910949707 8.730514526367188
v -20.76110076904297 -12.095858573913574 9.411674499511719
v -21.111055374145508 -10.901813507080078 9.318138122558594
v -20.893007278442383 -10.349148750305176 11.424591064453125
v -21.55345916748047 -9.100727081298828 14.98013687133789
v -21.037933349609375 -9.409187316894531 11.571552276611328
v -34.52897262573242 -30.90030288696289 41.87286376953125
v -20.554338455200195 -6.833669662475586 11.281929016113281
v -20.3483943939209 -6.91720724105835 9.610454559326172
v -20.864225387573242 -8.163865089416504 9.76346206665039
v -20.969894409179688 -7.841261386871338 11.871231079101562
v -20.652788162231445 -5.42221736907959 13.886730194091797
v -17.900739669799805 -3.010124683380127 12.472904205322266
v -20.34768295288086 -11.760787963867188 11.342411041259766
v -20.445926666259766 -12.756097793579102 9.614742279052734
v -19.61461639404297 -13.86698055267334 9.67037582397461
v -18.69716453552246 -14.568394660949707 9.79043960571289
v 13.836105346679688 -35.80604553222656 70.15592956542969
v 12.503202438354492 -36.231597900390625 69.70336151123047
v 13.479741096496582 -35.638912200927734 70.07183074951172
v 17.44417953491211 -34.05186462402344 69.92180633544922
v 15.740877151489258 -34.9979362487793 70.28721618652344
v 15.532388687133789 -34.79177474975586 70.28565979003906
v -29.221973419189453 -11.566889762878418 4.202171325683594
v -30.309776306152344 -12.542999267578125 3.7881202697753906
v -30.39449691772461 -16.476667404174805 1.8256111145019531
v -29.926158905029297 -18.75455093383789 2.2909812927246094
v -21.993419647216797 -6.170863628387451 3.8620681762695312
v -21.98691177368164 -6.0606608390808105 2.9461402893066406
v -20.11722755432129 -4.992488384246826 2.1557273864746094
v -22.80672836303711 -6.853573322296143 1.8772773742675781
v -29.06403350830078 -11.47321891784668 2.9927749633789062
v -22.732688903808594 -7.28956937789917 0.9051322937011719
v -12.064279556274414 -9.937089920043945 0.670440673828125
v -11.011666297912598 -14.448217391967773 1.7149620056152344
v -21.175331115722656 -26.117979049682617 3.4920730590820312
v -10.291109085083008 -12.16337776184082 1.3136329650878906
v -17.44002914428711 -4.151831150054932 1.2674598693847656
v -17.308223724365234 -3.9104952812194824 2.63671875
v -15.909419059753418 -3.8136134147644043 2.1061744689941406
v -17.419992446899414 -4.955399036407471 0.10711288452148438
v -16.659467697143555 -4.429673671722412 0.3640861511230469
v -15.510239601135254 -4.5915608406066895 0.17514801025390625
v -15.75727367401123 -4.3059983253479 0.472198486328125
v -14.656046867370605 -4.418872356414795 0.5172958374023438
v -14.250054359436035 -4.249775409698486 1.1500625610351562
v -13.192864418029785 -5.621290683746338 0.16039657592773438
v -13.433693885803223 -5.021850109100342 0.3223762512207031
v -13.726186752319336 -4.722726345062256 0.505401611328125
v -13.08739948272705 -4.720340251922607 1.1233634948730469
v -12.817482948303223 -5.142259120941162 0.5853652954101562
v -15.502001762390137 -3.9911704063415527 1.2684593200683594
v -13.763004302978516 -4.217294216156006 2.100933074951172
v -12.194559097290039 -5.6880879402160645 0.5007858276367188
v -12.006309509277344 -5.459364414215088 1.0804901123046875
v -11.468916893005371 -5.6585516929626465 2.1728973388671875
v -11.578957557678223 -6.669628620147705 0.41320037841796875
v -11.276496887207031 -6.454533100128174 0.7076988220214844
v -11.28483772277832 -8.31472110748291 0.5016899108886719
v -20.61607551574707 -5.778968334197998 0.8229026794433594
v -19.651636123657227 -4.761801242828369 3.5255203247070312
v -18.842496871948242 -4.336816310882568 2.7701339721679688
v -18.91043472290039 -4.7344231605529785 1.0229873657226562
v -19.323444366455078 -5.424557209014893 0.3191337585449219
v -18.244693756103516 -4.801811695098877 0.4112205505371094
v -10.160931587219238 -9.42030143737793 0.8978042602539062
v -9.82846736907959 -10.774369239807129 1.268646240234375
v -9.697171211242676 -9.538772583007812 1.452911376953125
v -9.958341598510742 -9.169984817504883 1.0506057739257812
v -9.631268501281738 -8.91693115234375 3.0807952880859375
v -11.048279762268066 -6.3567633628845215 1.292633056640625
v -9.96342658996582 -8.099489212036133 1.6854286193847656
v -10.38945484161377 -7.974850177764893 0.8431739807128906
v -10.494004249572754 -6.854249477386475 2.316814422607422
v -9.89416790008545 -8.224090576171875 3.3958740234375
v -19.2598819732666 -5.757745265960693 0.18714523315429688
v -23.368528366088867 -21.933006286621094 2.9065780639648438
v -21.822256088256836 -22.086292266845703 2.9304046630859375
v -19.981351852416992 -20.713603973388672 2.560924530029297
v -30.328693389892578 -19.643293380737305 2.5651092529296875
v -15.226187705993652 -4.059558391571045 8.161754608154297
v -13.741747856140137 -4.325225830078125 8.06597900390625
v -14.604788780212402 -4.031681537628174 3.173511505126953
v -16.43246841430664 -3.8722777366638184 3.231220245361328
v -14.446846961975098 -4.505242347717285 5.273372650146484
v -13.014580726623535 -4.5398850440979 2.3587799072265625
v -12.073330879211426 -5.265896320343018 3.3678016662597656
v -12.375182151794434 -5.484476089477539 5.8378448486328125
v -15.69960880279541 -4.284604549407959 4.9398345947265625
v -16.08668327331543 -4.38483190536499 6.229183197021484
v -13.389554977416992 -4.881328105926514 5.614387512207031
v -11.911930084228516 -4.100448131561279 10.13668441772461
v -12.759919166564941 -4.817023754119873 7.9106292724609375
v -11.625334739685059 -6.155220031738281 5.028434753417969
v -11.874198913574219 -5.238532066345215 8.464336395263672
v -11.694084167480469 -6.130826473236084 5.8139495849609375
v -10.846299171447754 -6.481632232666016 8.56549072265625
v -17.231948852539062 -4.585970878601074 5.6811676025390625
v -18.037628173828125 -4.099063396453857 3.075408935546875
v -10.648488998413086 -7.544406414031982 4.899650573730469
v -10.45871353149414 -8.632341384887695 6.351078033447266
v -21.768253326416016 -31.822824478149414 44.54469680786133
v 16.750978469848633 -4.098057270050049 3.118602752685547
v 14.197755813598633 -4.374360084533691 5.418830871582031
v 26.947595596313477 -10.804927825927734 4.230464935302734
v 27.509395599365234 -11.753166198730469 5.984523773193359
v 28.407833099365234 -12.352777481079102 5.989665985107422
v 29.75283432006836 -13.417299270629883 4.924282073974609
v 29.103370666503906 -12.608160972595215 4.1389617919921875
v 18.442686080932617 -13.086528778076172 10.414382934570312
v 22.71415901184082 -7.492505073547363 3.358478546142578
v 20.365968704223633 -6.022895812988281 4.076908111572266
v 16.886749267578125 -14.06961441040039 11.013824462890625
v 17.909259796142578 -13.276762008666992 11.124763488769531
v 16.782711029052734 -14.392827987670898 14.884700775146484
v 14.099614143371582 -14.890056610107422 10.355766296386719
v 15.75145435333252 -14.666475296020508 10.513896942138672
v 17.17426300048828 -5.004371166229248 5.6949462890625
v 17.450990676879883 -4.443544387817383 3.7713661193847656
v 8.490355491638184 -11.284639358520508 1.5040283203125
v 8.779698371887207 -12.484855651855469 1.5707664489746094
v 10.366244316101074 -6.179492950439453 5.7095489501953125
v 9.38146686553955 -7.812900066375732 5.822727203369141
v 9.653620719909668 -6.772955894470215 7.71685791015625
v 12.076868057250977 -4.897902011871338 5.751148223876953
v 12.034967422485352 -4.862959861755371 4.777961730957031
v 9.145009994506836 -8.062345504760742 7.779804229736328
v 9.43862247467041 -6.582520008087158 8.674468994140625
v 12.369158744812012 -14.8158597946167 8.70150375366211
v 13.201179504394531 -15.158878326416016 9.013351440429688
v 13.45695972442627 -2.757540225982666 11.026779174804688
v 13.243284225463867 -4.114195823669434 8.121295928955078
v 13.383227348327637 -4.407240390777588 4.865726470947266
v 14.402278900146484 -4.129168510437012 7.8940582275390625
v 19.14707374572754 -8.19943618774414 0.3660087585449219
v 29.565298080444336 -16.55098533630371 1.8545150756835938
v 12.074020385742188 -11.998405456542969 0.9654350280761719
v 24.816335678100586 -23.585886001586914 3.1523780822753906
v 26.863183975219727 -22.326873779296875 3.0401573181152344
v 21.227584838867188 -22.297117233276367 3.0964584350585938
v 20.67046356201172 -22.64190101623535 3.0527420043945312
v 21.976110458374023 -21.807043075561523 2.8736228942871094
v 25.433868408203125 -19.906982421875 2.5713272094726562
v 21.883663177490234 -22.685359954833984 3.3392372131347656
v 24.50716209411621 -24.49803352355957 3.423198699951172
v 21.293081283569336 -23.09955406188965 3.4447975158691406
v 25.83935546875 -17.982948303222656 2.1437721252441406
v 26.2403621673584 -19.446449279785156 2.918903350830078
v 28.542280197143555 -19.618017196655273 2.5661277770996094
v 16.075780868530273 -21.497692108154297 2.7140541076660156
v 18.743621826171875 -26.34870719909668 3.5112762451171875
v 18.29857635498047 -5.455904483795166 0.3926124572753906
v 16.814950942993164 -4.9038262367248535 0.23443984985351562
v 16.808643341064453 -4.651489734649658 0.5240287780761719
v 19.0268611907959 -6.265946865081787 0.2726249694824219
v 17.886072158813477 -4.582748889923096 1.8409996032714844
v 19.562116622924805 -5.756076335906982 1.1418952941894531
v 17.195314407348633 -5.39348840713501 0.12343215942382812
v 19.864477157592773 -6.407512187957764 0.4993782043457031
v 14.066662788391113 -5.861341953277588 0.016628265380859375
v 13.449028015136719 -4.895877361297607 0.0997161865234375
v 15.476248741149902 -4.537510395050049 0.240386962890625
v 15.908177375793457 -4.049245357513428 1.4105758666992188
v 12.623920440673828 -5.5305047035217285 0.07612991333007812
v 22.86559295654297 -8.487590789794922 0.8601608276367188
v 22.084423065185547 -24.86334800720215 3.923107147216797
v 9.007306098937988 -7.281506538391113 3.207469940185547
v 8.785697937011719 -7.6015825271606445 2.584075927734375
v 8.467168807983398 -8.501489639282227 3.0725021362304688
v 9.731727600097656 -6.1353535652160645 2.2402420043945312
v 10.170774459838867 -5.79400110244751 1.5300674438476562
v 9.673148155212402 -6.4059224128723145 1.4349365234375
v 10.29362964630127 -5.560088634490967 2.7588462829589844
v 9.142772674560547 -7.374471187591553 1.2049217224121094
v 8.712065696716309 -8.769058227539062 1.1116828918457031
v 9.110024452209473 -8.115219116210938 0.8002853393554688
v 9.666434288024902 -7.1372857093811035 0.6249580383300781
v 10.666874885559082 -5.543872356414795 1.005340576171875
v 8.226033210754395 -9.922418594360352 2.2483062744140625
v 8.375738143920898 -10.036430358886719 1.5501632690429688
v 8.395264625549316 -9.31103515625 3.7893218994140625
v 11.43268871307373 -4.866715908050537 1.3292808532714844
v 11.844785690307617 -5.108058452606201 0.4044990539550781
v 13.572494506835938 -4.347303867340088 0.569427490234375
v 12.617514610290527 -4.180507183074951 2.0460128784179688
v 14.078664779663086 -3.8352103233337402 2.2601394653320312
v 15.186500549316406 -3.880222797393799 1.7254905700683594
v 14.610156059265137 -4.0477986335754395 1.0193405151367188
v 17.12076759338379 -4.178011417388916 2.5808258056640625
v 29.011938095092773 -14.63420581817627 1.6142311096191406
v 27.17612075805664 -12.107477188110352 1.3764801025390625
v 9.916723251342773 -12.300212860107422 1.1502227783203125
v 11.460555076599121 -17.616762161254883 2.2356605529785156
v 9.935944557189941 -7.743272304534912 0.4674339294433594
v 19.1353759765625 -5.116383075714111 2.478607177734375
v 18.736400604248047 -4.87468957901001 2.9561614990234375
v 15.118969917297363 -3.81312894821167 2.7672271728515625
v 26.334436416625977 -10.935213088989258 1.4991073608398438
v 28.20585060119629 -12.045801162719727 2.4911537170410156
v 25.690563201904297 -9.893239974975586 2.3177261352539062
v 21.08052635192871 -6.432072162628174 2.217273712158203
v 27.55292510986328 -11.198928833007812 4.027103424072266
v 12.361531257629395 -4.359938144683838 3.2533912658691406
v 11.315936088562012 -4.786558628082275 2.2219619750976562
v 8.667520523071289 -10.601015090942383 1.1612472534179688
v 8.846108436584473 -9.1636381149292 0.9179191589355469
v 9.277222633361816 -13.693532943725586 1.6516036987304688
v 14.265997886657715 -22.11681365966797 3.002704620361328
v 30.314128875732422 -14.022743225097656 3.9979248046875
v -2.5798795223236084 -39.48863983154297 49.874168395996094
v -3.3014533519744873 -39.22163009643555 49.93479919433594
v -2.9043076038360596 -39.34095764160156 49.78224182128906
v -21.87229347229004 -31.595266342163086 45.194522857666016
v -21.685365676879883 -30.614404678344727 45.43404006958008
v -21.156822204589844 -30.942562103271484 46.02870178222656
v -3.637272596359253 -39.26517105102539 50.9769401550293
v -3.5705559253692627 -39.40534973144531 51.3333625793457
v -3.3725426197052 -39.03843307495117 51.13482666015625
v -3.3821027278900146 -38.929054260253906 50.59608840942383
v -3.076793909072876 -38.962642669677734 50.10982131958008
v -2.717583417892456 -38.90597152709961 50.646751403808594
v -2.6632750034332275 -39.075321197509766 51.109519958496094
v -3.2769429683685303 -39.33495330810547 51.522945404052734
v -2.917630910873413 -39.48405075073242 51.54593276977539
v -2.552419900894165 -39.163814544677734 50.057106018066406
v -2.3842051029205322 -39.142372131347656 50.5353889465332
v -3.512484312057495 -39.23496627807617 50.19532775878906
v -15.212862968444824 -15.32448959350586 9.209747314453125
v -13.71479606628418 -14.878801345825195 8.84881591796875
v -12.19049072265625 -13.725584030151367 9.318489074707031
v -13.23384952545166 -14.390430450439453 9.734378814697266
v -14.238663673400879 -14.800647735595703 9.802169799804688
v -12.656895637512207 -14.20938491821289 8.358695983886719
v -11.771987915039062 -13.914387702941895 12.370899200439453
v -11.01797103881836 -12.991006851196289 11.43344497680664
v -12.463662147521973 -14.730579376220703 13.220466613769531
v -11.043396949768066 -12.38766860961914 9.083301544189453
v -10.60760498046875 -11.274452209472656 6.910205841064453
v -10.41823673248291 -10.94070816040039 8.683483123779297
v -10.295686721801758 -12.02151107788086 11.07144546508789
v -10.414575576782227 -7.754430294036865 8.340072631835938
v -10.281041145324707 -9.505212783813477 7.949226379394531
v -9.907591819763184 -10.138452529907227 9.842819213867188
v -9.570653915405273 -10.443061828613281 10.646583557128906
v -9.473936080932617 -10.939393043518066 10.913585662841797
v 14.654296875 -15.033214569091797 14.26852798461914
v -9.889081954956055 -7.500982284545898 9.779796600341797
v -10.69903564453125 -5.490324974060059 9.884506225585938
v -10.117096900939941 -5.611648082733154 10.07143783569336
v -7.589707374572754 -2.649533748626709 9.680809020996094
v -15.157843589782715 -14.893083572387695 10.256023406982422
v -13.517597198486328 -14.80459976196289 13.341846466064453
v -12.82470417022705 -14.493106842041016 12.833049774169922
v -9.371420860290527 -8.572402954101562 10.247234344482422
v -3.4040706157684326 -5.910384178161621 9.459571838378906
v -4.635271072387695 -10.394515991210938 10.298164367675781
v -0.8473899364471436 -7.163822650909424 9.53662109375
v 0.23268258571624756 -4.940006256103516 9.337417602539062
v -1.215855360031128 -9.873651504516602 10.027969360351562
v -1.956956148147583 -11.851240158081055 10.62503433227539
v 2.57487416267395 -12.14173698425293 10.817737579345703
v -5.585165977478027 -12.80978775024414 11.196708679199219
v 4.343873977661133 -8.495068550109863 9.974803924560547
v 8.439301490783691 -6.917337894439697 10.082942962646484
v 8.002391815185547 -9.307535171508789 10.464225769042969
v 8.185861587524414 -8.443370819091797 10.220558166503906
v 8.53276538848877 -10.909156799316406 10.700267791748047
v 8.894315719604492 -12.671773910522461 11.69244384765625
v 8.972625732421875 -9.57037353515625 7.954517364501953
v 8.574361801147461 -9.096848487854004 9.549480438232422
v 9.020323753356934 -10.507286071777344 8.586814880371094
v 9.504118919372559 -11.988237380981445 9.177486419677734
v 8.816106796264648 -6.445834636688232 9.907066345214844
v 9.17775821685791 -12.56812858581543 11.490760803222656
v 13.852581024169922 -15.093961715698242 13.969120025634766
v 10.196605682373047 -14.213020324707031 12.683799743652344
v 11.71257209777832 -14.59539794921875 12.979759216308594
v 10.8643798828125 -14.206871032714844 12.569320678710938
v 13.181349754333496 -14.777944564819336 10.833454132080078
v 12.05327320098877 -14.421611785888672 10.017879486083984
v 10.946758270263672 -13.751995086669922 9.452751159667969
v -11.810635566711426 -13.441473007202148 8.108562469482422
v 10.327089309692383 -13.192787170410156 8.04653549194336
v 10.912077903747559 -13.840261459350586 8.398124694824219
v 10.160196304321289 -12.993463516235352 9.530704498291016
v 9.805461883544922 -13.303147315979004 11.95145034790039
v -9.631166458129883 -8.53135871887207 10.006195068359375
v -19.381210327148438 -13.530035018920898 15.23415756225586
v -18.05929183959961 -14.421695709228516 15.092304229736328
v -17.139196395874023 -14.751548767089844 14.747299194335938
v -15.395012855529785 -15.038908004760742 13.895381927490234
v -15.197405815124512 -15.127079010009766 14.201225280761719
v -14.538683891296387 -15.058001518249512 13.76718521118164
v -19.069799423217773 -13.430606842041016 10.967964172363281
v -17.453351974487305 -14.510149955749512 10.623271942138672
v 13.146973609924316 -38.68525695800781 60.94367980957031
v 12.046866416931152 -38.63307189941406 60.22407531738281
v 12.424077033996582 -38.21743392944336 61.471412658691406
v 13.686196327209473 -37.76173400878906 62.5494499206543
v 14.774505615234375 -38.54380798339844 61.609413146972656
v 14.66721248626709 -37.576072692871094 62.852134704589844
v 16.750978469848633 -38.046531677246094 61.87956237792969
v 17.183923721313477 -38.66307067871094 62.376155853271484
v 11.236303329467773 -38.47434997558594 59.57863235473633
v 11.088733673095703 -38.033226013183594 60.61792755126953
v 12.368549346923828 -37.80070495605469 61.95477294921875
v 13.025846481323242 -36.652809143066406 61.618831634521484
v 16.828678131103516 -35.493072509765625 62.08859634399414
v 17.913022994995117 -35.01641845703125 61.83064270019531
v 18.4965877532959 -35.979557037353516 62.601192474365234
v 18.957399368286133 -34.41426086425781 61.42353820800781
v 19.476078033447266 -35.367218017578125 62.128257751464844
v 17.804609298706055 -36.54582977294922 62.80245590209961
v 16.804473876953125 -36.84495162963867 62.99017333984375
v 18.34322166442871 -37.329471588134766 61.6737060546875
v 18.96675682067871 -36.38470458984375 62.06230545043945
v 15.746471405029297 -37.2895393371582 63.007118225097656
v 14.7246732711792 -36.23326873779297 62.07598114013672
v 21.198701858520508 -36.087650299072266 61.049922943115234
v 21.19666862487793 -34.4653434753418 59.6257209777832
v 21.979263305664062 -35.02579116821289 60.34199905395508
v 20.561742782592773 -34.74329376220703 62.93157958984375
v 20.438684463500977 -35.722137451171875 60.651283264160156
v 19.821151733398438 -37.297149658203125 61.794925689697266
v 21.125070571899414 -33.398590087890625 60.002098083496094
v 20.213109970092773 -34.69438552856445 61.54387664794922
v 19.81220245361328 -33.833030700683594 60.92056655883789
v 21.138900756835938 -32.925315856933594 59.541709899902344
v 20.739517211914062 -33.940635681152344 60.85908508300781
v 19.365018844604492 -34.97654724121094 60.579715728759766
v 20.529098510742188 -35.061641693115234 60.93695831298828
v 20.805828094482422 -34.11870574951172 59.14872741699219
v 19.25955581665039 -36.7739143371582 61.37126922607422
v -15.665946006774902 -23.358266830444336 40.420833587646484
v -13.884537696838379 -22.079519271850586 38.30973815917969
v -11.870436668395996 -20.686542510986328 37.606109619140625
v -14.449490547180176 -22.77885627746582 40.655433654785156
v -12.555499076843262 -21.29547882080078 38.99445343017578
v -11.700288772583008 -21.274700164794922 39.541015625
v -12.79724407196045 -21.61087417602539 37.20751190185547
v -11.802397727966309 -20.966569900512695 36.77469253540039
v -20.90622901916504 -29.03099822998047 44.34560775756836
v -21.443721771240234 -30.2685489654541 44.458900451660156
v -20.78194808959961 -29.363697052001953 43.58151626586914
v -18.067733764648438 -27.417905807495117 40.317928314208984
v -19.05047607421875 -26.788148880004883 42.087337493896484
v -20.31015396118164 -28.22357940673828 44.13270568847656
v -18.79368019104004 -26.35130500793457 42.20920944213867
v -17.543357849121094 -25.054616928100586 41.767730712890625
v -18.528339385986328 -26.26462745666504 43.135345458984375
v -16.70645523071289 -24.73300552368164 39.71097946166992
v -15.245001792907715 -23.30267906188965 38.81622314453125
v -21.231775283813477 -29.675695419311523 45.151611328125
v -16.019765853881836 -24.621299743652344 38.82876205444336
v 16.779863357543945 -26.80596160888672 45.03007888793945
v 15.935736656188965 -25.602956771850586 43.93489074707031
v 17.280946731567383 -26.887836456298828 44.79005813598633
v 2.498190402984619 -30.56114959716797 46.10210418701172
v 17.859529495239258 -31.525888442993164 47.282920837402344
v 7.245628356933594 -34.73204803466797 44.44930648803711
v -0.010384559631347656 -35.87528991699219 45.36335754394531
v 0.4841909408569336 -35.7166748046875 45.00016784667969
v -16.155332565307617 -24.060976028442383 41.607086181640625
v -14.442574501037598 -23.81795310974121 42.231571197509766
v -15.454201698303223 -24.957454681396484 43.196693420410156
v -16.765544891357422 -26.446483612060547 44.25753402709961
v -12.795209884643555 -24.980274200439453 43.6066780090332
v -13.176692962646484 -24.09484100341797 42.81068801879883
v -20.586578369140625 -30.311670303344727 45.95205307006836
v -17.715742111206055 -28.476850509643555 45.4466667175293
v -2.3156583309173584 -28.137460708618164 45.34324264526367
v -7.9729204177856445 -30.505699157714844 45.835594177246094
v -11.132793426513672 -22.04187774658203 40.82786178588867
v -18.92578887939453 -27.554529190063477 44.59749221801758
v -20.064952850341797 -29.02079200744629 45.42433166503906
v -20.714418411254883 -29.087488174438477 45.09117126464844
v -21.55142593383789 -30.601381301879883 45.697662353515625
v -21.262794494628906 -30.335094451904297 45.7899169921875
v 8.679826736450195 -33.48517990112305 45.0688362121582
v 10.608396530151367 -32.650455474853516 46.89783477783203
v 8.300580024719238 -34.11425018310547 43.98563766479492
v 8.352652549743652 -33.187828063964844 46.75930404663086
v 5.357535362243652 -34.52348709106445 46.56686019897461
v 4.59975528717041 -34.770362854003906 45.36412048339844
v 4.861841201782227 -34.33153533935547 46.51401138305664
v 6.216915130615234 -34.57803726196289 46.644020080566406
v 6.411979675292969 -34.94052505493164 45.827552795410156
v 6.668267250061035 -34.67570877075195 45.394317626953125
v 4.991612434387207 -34.93329620361328 45.59680938720703
v 7.425946235656738 -34.387447357177734 44.48788833618164
v -11.448271751403809 -32.2257194519043 46.101806640625
v -9.437525749206543 -33.5743293762207 46.09361267089844
v 2.917710304260254 -34.40830612182617 46.324005126953125
v 7.0406999588012695 -33.87350082397461 46.68223571777344
v -5.671611785888672 -34.80830764770508 44.981998443603516
v -5.8104352951049805 -34.40284729003906 46.046897888183594
v -3.840167284011841 -34.65735626220703 46.017311096191406
v -0.48207736015319824 -35.58391189575195 46.17655944824219
v 0.7870587110519409 -34.89512634277344 46.1968994140625
v -2.2754857540130615 -30.028474807739258 45.77943420410156
v 1.8422143459320068 -34.612335205078125 46.2767448425293
v 1.9007947444915771 -35.277828216552734 44.7474365234375
v 0.10494518280029297 -35.63861083984375 45.304683685302734
v 0.4479851722717285 -35.29011917114258 45.45845413208008
v -10.833283424377441 -33.06174087524414 46.10154342651367
v -12.08492374420166 -33.224246978759766 45.177005767822266
v -12.628316879272461 -32.96477508544922 46.189369201660156
v -6.865285873413086 -36.276092529296875 45.56301498413086
v -6.565978050231934 -35.17789077758789 45.273223876953125
v -6.442207336425781 -36.33452224731445 45.03486633300781
v -4.987057685852051 -35.55421829223633 44.43389892578125
v -4.3612871170043945 -35.352230072021484 44.40220642089844
v -5.876134872436523 -35.15122604370117 44.73099899291992
v -5.773822784423828 -36.60813522338867 44.70482635498047
v -5.208767890930176 -35.03746795654297 44.608909606933594
v -3.0618436336517334 -35.26919174194336 44.81985855102539
v -2.188734292984009 -35.046199798583984 46.08391189575195
v -3.768467664718628 -36.971378326416016 44.55582809448242
v -2.8481686115264893 -35.647605895996094 44.58482360839844
v -2.51651930809021 -37.12571716308594 44.911651611328125
v -2.099135160446167 -35.64658737182617 44.95022201538086
v -1.7593495845794678 -35.49284362792969 45.44669723510742
v -1.6026272773742676 -35.80915069580078 45.358924865722656
v -1.768197774887085 -37.12371063232422 45.490543365478516
v -1.2647740840911865 -35.52366256713867 46.12700271606445
v -1.151986837387085 -35.86830139160156 46.132728576660156
v -0.5393352508544922 -35.97822570800781 46.18226623535156
v -12.159980773925781 -33.3464241027832 45.055728912353516
v -6.466106414794922 -34.84964370727539 45.31686019897461
v -11.096790313720703 -33.49599075317383 44.394317626953125
v -11.285752296447754 -33.74783706665039 44.03369903564453
v 15.792237281799316 -24.974699020385742 42.89860153198242
v 18.084897994995117 -30.142314910888672 47.05424499511719
v 19.353017807006836 -31.159116744995117 47.262760162353516
v 19.745384216308594 -30.73149871826172 47.060543060302734
v 19.851051330566406 -30.18794822692871 46.56938171386719
v 19.945940017700195 -30.813932418823242 46.942684173583984
v 20.19429588317871 -30.6179256439209 46.00502014160156
v 17.65043067932129 -28.747529983520508 46.443450927734375
v 18.42824363708496 -28.454086303710938 45.923065185546875
v 17.741044998168945 -26.840126037597656 43.71826934814453
v 18.806880950927734 -28.294662475585938 45.14397430419922
v 19.79796600341797 -29.728971481323242 45.73385238647461
v 19.750164031982422 -29.799219131469727 45.291534423828125
v 16.256912231445312 -28.609416961669922 46.48994445800781
v 15.878988265991211 -27.08792495727539 45.572811126708984
v 14.817322731018066 -29.048715591430664 46.64991760253906
v 18.82488250732422 -29.486116409301758 43.70017623901367
v 18.441059112548828 -31.78092384338379 43.359718322753906
v 18.774335861206055 -32.367897033691406 43.6427001953125
v 16.830307006835938 -27.223413467407227 41.280399322509766
v 15.196771621704102 -28.81456184387207 39.50546646118164
v 15.572153091430664 -32.915828704833984 40.5135498046875
v 15.936958312988281 -27.382755279541016 40.19926834106445
v 16.867630004882812 -26.181106567382812 41.90821838378906
v 17.8365421295166 -27.059350967407227 43.2135124206543
v 13.28874683380127 -25.473936080932617 37.844058990478516
v 13.222946166992188 -28.042020797729492 37.8173942565918
v 14.180872917175293 -25.01555633544922 38.79790115356445
v 14.921363830566406 -24.25507354736328 40.323577880859375
v 15.13646411895752 -25.097997665405273 39.9157829284668
v 16.00062370300293 -24.97917938232422 41.86699295043945
v 12.818985939025879 -23.243783950805664 42.16822814941406
v 11.950960159301758 -22.19296646118164 40.811439514160156
v 13.628022193908691 -23.024011611938477 41.027992248535156
v 9.088362693786621 -30.24437141418457 37.264522552490234
v 9.471981048583984 -28.939090728759766 36.71247100830078
v 9.932791709899902 -28.204742431640625 37.45387268066406
v 10.12877082824707 -25.383750915527344 40.5963249206543
v 10.524798393249512 -23.585079193115234 39.87714385986328
v 9.85224437713623 -22.034404754638672 41.31945037841797
v 10.392584800720215 -26.66680145263672 38.31092071533203
v 10.42401123046875 -26.101612091064453 39.3697509765625
v 9.867093086242676 -28.012052536010742 39.692256927490234
v 10.65792465209961 -24.034454345703125 38.65692138671875
v 9.474320411682129 -24.74204444885254 41.62700271606445
v 9.04544448852539 -26.165740966796875 41.64278793334961
v 9.373126983642578 -27.1175479888916 40.972991943359375
v 10.141077041625977 -26.617633819580078 40.056304931640625
v 10.120532989501953 -24.636709213256836 36.057220458984375
v 10.3252592086792 -23.402496337890625 36.26878356933594
v 9.83759880065918 -28.806489944458008 38.44314193725586
v 9.436386108398438 -29.657697677612305 38.656639099121094
v 10.459708213806152 -21.284666061401367 39.91144943237305
v 10.322715759277344 -21.89420509338379 36.40187072753906
v 10.392788887023926 -21.362754821777344 36.76978302001953
v 10.525407791137695 -20.94004249572754 37.302894592285156
v 10.612260818481445 -20.84025764465332 37.79266357421875
v 11.779390335083008 -22.465389251708984 37.37471008300781
v 10.591310501098633 -20.936370849609375 38.84882354736328
v 12.899737358093262 -22.620376586914062 38.772850036621094
v 14.235282897949219 -23.431119918823242 40.30635070800781
v 9.2653226852417 -22.515933990478516 42.00539779663086
v 9.043816566467285 -22.74384307861328 42.301795959472656
v 8.76403522491455 -24.395450592041016 42.28248596191406
v 10.984794616699219 -34.035125732421875 37.594825744628906
v 9.2695951461792 -28.516138076782227 35.954345703125
v 9.459675788879395 -27.563936233520508 35.76837158203125
v 9.800274848937988 -26.422611236572266 35.799278259277344
v 9.551104545593262 -28.283283233642578 35.79669189453125
v 9.984048843383789 -24.99724006652832 35.80705261230469
v 10.330852508544922 -26.36524772644043 35.934261322021484
v 7.283359527587891 -31.84096336364746 35.95185089111328
v 6.67243766784668 -32.094425201416016 35.74900817871094
v 7.364110946655273 -32.07056427001953 35.83454132080078
v 7.886451721191406 -31.190933227539062 36.03820037841797
v 8.513237953186035 -30.931716918945312 36.75277328491211
v 6.971643447875977 -32.72010803222656 36.906494140625
v 8.187488555908203 -30.72399139404297 35.83235549926758
v 8.611584663391113 -29.939218521118164 35.880489349365234
v 7.626399040222168 -31.349279403686523 35.932594299316406
v 4.666370391845703 -33.577178955078125 35.71097183227539
v 4.253358840942383 -33.44681930541992 35.50674819946289
v 4.986425399780273 -33.48414993286133 35.57322692871094
v 5.106637001037598 -33.13113021850586 35.64141082763672
v 5.184337139129639 -33.5748291015625 36.196346282958984
v 6.2712249755859375 -32.540191650390625 35.79497528076172
v 6.194845676422119 -33.08976745605469 35.74420166015625
v 5.5856523513793945 -32.922847747802734 35.742652893066406
v 3.576432704925537 -33.821388244628906 35.564117431640625
v 3.2762088775634766 -33.61193084716797 35.3305549621582
v 3.8747236728668213 -34.056697845458984 35.465370178222656
v 10.450554847717285 -29.858074188232422 36.456058502197266
v 11.645246505737305 -26.41367530822754 36.63533401489258
v 10.55724048614502 -23.55895233154297 36.12587356567383
v 11.958893775939941 -24.200342178344727 36.94420623779297
v 10.194775581359863 -23.766653060913086 36.06366729736328
v 10.36136245727539 -24.696136474609375 35.92869567871094
v 6.058362007141113 -26.2498836517334 42.94252014160156
v 3.8143129348754883 -25.583669662475586 43.61321258544922
v 2.419473648071289 -26.999094009399414 43.12419509887695
v 5.172539710998535 -24.287151336669922 43.71485900878906
v 6.402521133422852 -23.952106475830078 43.490753173828125
v 7.266781806945801 -26.128599166870117 42.60543441772461
v 7.795732498168945 -23.389127731323242 42.98677062988281
v 2.3567233085632324 -24.796215057373047 43.90789031982422
v 5.381536960601807 -28.06585121154785 42.1644401550293
v 0.941543698310852 -24.655237197875977 43.79318618774414
v -2.5368592739105225 -25.720687866210938 44.289215087890625
v -7.988886833190918 -32.65315628051758 36.158164978027344
v -7.820468902587891 -31.894285202026367 35.134056091308594
v -6.574214935302734 -33.04795837402344 35.32829284667969
v -7.185646057128906 -32.294395446777344 35.09751892089844
v -6.733175277709961 -33.21662521362305 35.20457077026367
v -6.150424957275391 -33.077301025390625 35.155426025390625
v 2.3451294898986816 -33.92935562133789 35.31960678100586
v -3.4984495639801025 -34.416839599609375 35.6063232421875
v -4.624795913696289 -33.49562072753906 35.033180236816406
v -0.7053127288818359 -34.62871551513672 35.51397705078125
v -2.950277090072632 -33.94644546508789 35.03057098388672
v -8.639575004577637 -31.017683029174805 35.13956069946289
v -10.221444129943848 -28.719266891479492 35.2656135559082
v -9.795109748840332 -29.833248138427734 35.365169525146484
v -10.598859786987305 -28.13022804260254 35.420135498046875
v -9.49519157409668 -29.995840072631836 35.226131439208984
v -9.880132675170898 -30.139930725097656 35.30854034423828
v -8.850198745727539 -31.666362762451172 35.93996810913086
v -9.86375904083252 -30.7639102935791 36.627967834472656
v 10.14504337310791 -26.712913513183594 45.46992492675781
v -4.674324989318848 -24.766937255859375 43.667476654052734
v -3.9948556423187256 -27.16244888305664 42.86601257324219
v -2.6814796924591064 -24.79949951171875 43.750465393066406
v -2.498924493789673 -27.178970336914062 42.86954116821289
v -1.6217470169067383 -27.000850677490234 42.79444885253906
v -1.2314159870147705 -25.822755813598633 43.019840240478516
v -1.3414571285247803 -24.14252281188965 43.35847473144531
v -0.9456338882446289 -23.72185516357422 43.08932876586914
v -0.6057467460632324 -23.077245712280273 42.63539123535156
v -0.13161325454711914 -23.8848876953125 43.25408172607422
v -14.077569007873535 -27.27496337890625 44.98234558105469
v -6.527229309082031 -24.41094207763672 43.40580368041992
v -7.757209777832031 -24.05405616760254 43.11051940917969
v -7.316740036010742 -25.99726104736328 42.7458610534668
v -6.258635520935059 -25.656837463378906 43.153751373291016
v -9.762870788574219 -23.11944007873535 42.25669860839844
v -8.76416015625 -23.589506149291992 42.73004913330078
v -5.098217964172363 -28.119951248168945 42.17563247680664
v -8.913355827331543 -27.501296997070312 41.479042053222656
v -9.089707374572754 -25.304601669311523 42.2598991394043
v -11.049397468566895 -28.70560646057129 37.68696975708008
v -11.147031784057617 -27.93760871887207 36.81708908081055
v -11.723374366760254 -25.89708137512207 37.89006805419922
v -11.457119941711426 -26.2784481048584 36.60456848144531
v -11.53502368927002 -23.07960319519043 35.74207305908203
v -11.403523445129395 -24.455989837646484 35.51426696777344
v -11.802701950073242 -24.587360382080078 37.3175048828125
v -11.870638847351074 -23.280065536499023 38.923973083496094
v -11.585569381713867 -23.4084415435791 40.03084945678711
v -9.943594932556152 -22.965625762939453 42.07890701293945
v -10.258056640625 -25.319530487060547 41.50989532470703
v -9.694730758666992 -26.193777084350586 41.644840240478516
v -10.863791465759277 -22.301298141479492 41.24248504638672
v -11.603468894958496 -26.503623962402344 38.708656311035156
v -11.478071212768555 -26.398534774780273 39.417667388916016
v -11.144386291503906 -24.560670852661133 40.73694610595703
v -10.523496627807617 -26.654888153076172 40.84886169433594
v -10.884843826293945 -27.49309730529785 40.00629425048828
v -10.120555877685547 -28.07161521911621 40.46841049194336
v -11.212018013000488 -28.04265785217285 38.76140213012695
v 6.984865188598633 -23.695446014404297 43.282432556152344
v 13.681620597839355 -26.682554244995117 45.485740661621094
v 12.65687370300293 -24.57146644592285 43.83604049682617
v 13.839766502380371 -24.442834854125977 43.412357330322266
v -11.64028549194336 -24.276567459106445 35.563697814941406
v -11.975494384765625 -33.68307113647461 36.88679122924805
v -13.598653793334961 -29.09714126586914 36.764915466308594
v -12.306939125061035 -29.81507682800293 36.20207595825195
v -10.849757194519043 -28.308134078979492 35.3593864440918
v -11.212425231933594 -25.15934181213379 35.37793731689453
v -10.929695129394531 -26.711334228515625 35.35076904296875
v -10.68245792388916 -27.443706512451172 35.24372863769531
v -13.114248275756836 -25.84551239013672 36.23866271972656
v -11.244969367980957 -26.533592224121094 35.370758056640625
v -11.079095840454102 -25.683574676513672 35.3338508605957
v -17.487117767333984 -29.019968032836914 39.68585205078125
v -18.980607986450195 -29.556127548217773 41.240943908691406
v -11.867587089538574 -22.916728973388672 35.78491973876953
v -15.451151847839355 -28.956748962402344 37.95410919189453
v -14.626858711242676 -26.848840713500977 37.22346115112305
v -16.812124252319336 -26.298616409301758 39.15560531616211
v -14.438811302185059 -24.701831817626953 37.237003326416016
v -11.903693199157715 -21.504995346069336 36.329734802246094
v -14.243645668029785 -23.309003829956055 37.524078369140625
v -24.52305030822754 -35.11369323730469 59.807167053222656
v -24.847984313964844 -34.510528564453125 59.36652374267578
v -23.744518280029297 -34.58448028564453 59.231163024902344
v -24.0902042388916 -33.44116973876953 58.408912658691406
v -23.792524337768555 -33.20978546142578 59.401954650878906
v -23.80259132385254 -32.76262664794922 58.94275665283203
v -23.494029998779297 -33.97039031982422 58.59362030029297
v -24.684246063232422 -32.80598449707031 59.735260009765625
v -23.411649703979492 -33.00729751586914 59.48789978027344
v -23.39995574951172 -33.80598449707031 60.31372833251953
v -23.117122650146484 -34.88291931152344 60.550193786621094
v -23.233877182006836 -35.51869201660156 59.90398025512695
v -23.66570281982422 -36.19213104248047 60.464412689208984
v -22.54738998413086 -34.780540466308594 61.21517562866211
v -21.74821662902832 -34.25469970703125 60.79570770263672
v -21.07179832458496 -36.0507926940918 62.05371856689453
v -20.331817626953125 -35.12179946899414 61.36478042602539
v -22.155838012695312 -35.3199462890625 61.52426528930664
v -22.136005401611328 -36.51100158691406 60.591068267822266
v -21.345684051513672 -36.31366729736328 61.68853759765625
v -20.366191864013672 -37.020015716552734 61.81401443481445
v -21.025117874145508 -37.234989166259766 60.983726501464844
v -22.21675682067871 -37.398277282714844 61.21379089355469
v -7.941188812255859 -34.442405700683594 46.07380294799805
v -12.647539138793945 -34.7537727355957 45.2075309753418
v 1.5862311124801636 -34.01642990112305 35.1988525390625
v 0.5789769887924194 -34.012447357177734 35.07267761230469
v -5.083979606628418 -33.74365234375 35.1258659362793
v -5.2208709716796875 -33.65520477294922 35.25205993652344
v 1.1265392303466797 -34.70268630981445 35.86347579956055
v -1.650325059890747 -33.99066162109375 34.994171142578125
v 12.826207160949707 -37.995887756347656 63.851776123046875
v 12.008116722106934 -38.143619537353516 63.318511962890625
v 13.72392749786377 -37.77254104614258 64.32017517089844
v 13.947671890258789 -37.65693664550781 64.26829528808594
v 13.03123664855957 -39.517127990722656 61.3218879699707
v 14.86512279510498 -39.31709289550781 62.08562469482422
v 15.811763763427734 -39.09314727783203 62.24462127685547
v 15.460179328918457 -37.1861457824707 64.65763854980469
v 12.061917304992676 -39.483985900878906 60.733802795410156
v 11.481201171875 -38.217281341552734 62.8632698059082
v 8.788342475891113 -37.97578430175781 59.583770751953125
v 8.388653755187988 -37.70143127441406 58.6025505065918
v 9.400382995605469 -38.662750244140625 58.35319137573242
v 10.13131332397461 -38.280540466308594 61.50299072265625
v 10.90485668182373 -39.30352783203125 59.849693298339844
v 10.007136344909668 -38.20722961425781 61.162078857421875
v 21.322879791259766 -34.1263313293457 62.061988830566406
v 19.752300262451172 -35.29754638671875 63.650787353515625
v 18.072593688964844 -35.33600997924805 65.13465118408203
v 17.062288284301758 -35.47043991088867 65.67243957519531
v 13.036322593688965 -37.029273986816406 65.0805435180664
v 14.190229415893555 -36.427730560302734 65.74756622314453
v 15.48326587677002 -37.23378372192383 64.80215454101562
v 16.019742965698242 -35.94796371459961 65.78606414794922
v 11.575275421142578 -36.434791564941406 65.1200942993164
v 11.376041412353516 -37.80882263183594 63.43265914916992
v 17.67382049560547 -36.37328338623047 64.62966918945312
v 17.158193588256836 -36.545684814453125 64.59252166748047
v 18.6350040435791 -35.91940689086914 64.30343627929688
v 19.086763381958008 -37.73319625854492 62.1057243347168
v -6.3373517990112305 -33.63654327392578 37.005401611328125
v -5.200325965881348 -34.10551834106445 36.71126174926758
v -5.508889198303223 -33.69322204589844 37.247962951660156
v -3.8359978199005127 -34.35406494140625 36.73133087158203
v -4.758940696716309 -34.259464263916016 35.93073272705078
v -3.976346254348755 -34.512088775634766 36.216407775878906
v 0.9991068840026855 -34.176822662353516 37.168418884277344
v 2.028735399246216 -34.58285140991211 36.57061004638672
v 3.576432704925537 -33.935997009277344 37.282615661621094
v 3.164947509765625 -34.317745208740234 35.98851013183594
v 3.31119441986084 -34.384307861328125 36.37883758544922
v -1.1623601913452148 -34.79780578613281 36.307373046875
v -0.7300262451171875 -34.83171463012695 35.8901481628418
v 6.245697021484375 -32.980648040771484 37.69371032714844
v -6.195986747741699 -31.174470901489258 39.579444885253906
v 4.515139579772949 -31.564783096313477 39.489540100097656
v 6.836584091186523 -31.209869384765625 39.38689041137695
v -8.252904891967773 -31.860055923461914 38.367828369140625
v -7.787314414978027 -32.95876693725586 37.05876922607422
v -9.138320922851562 -30.901355743408203 38.86529541015625
v -9.494072914123535 -31.13670539855957 38.260318756103516
v 8.749289512634277 -38.133705139160156 57.7967414855957
v -24.45399284362793 -33.527984619140625 60.631736755371094
v -23.797710418701172 -34.23988723754883 61.786354064941406
v -22.821882247924805 -34.349029541015625 59.42149353027344
v -22.873342514038086 -34.98915100097656 62.728515625
v -20.9195499420166 -35.57147979736328 60.514739990234375
v -19.144346237182617 -35.6923828125 61.53923416137695
v -21.649667739868164 -35.72290802001953 63.517906188964844
v -21.602886199951172 -35.68862533569336 63.404869079589844
v -20.84541130065918 -38.18999099731445 61.54681396484375
v -20.401382446289062 -36.31765365600586 62.201255798339844
v -19.686416625976562 -36.840328216552734 62.32646179199219
v -19.3165283203125 -37.968467712402344 61.218292236328125
v -18.392160415649414 -37.22744369506836 62.35248565673828
v -19.84385108947754 -36.41655731201172 60.427978515625
v -18.65882110595703 -36.51017761230469 60.924903869628906
v -17.430877685546875 -36.307891845703125 61.45949935913086
v -17.46748924255371 -38.479679107666016 60.9763069152832
v -17.420604705810547 -37.96097183227539 61.799625396728516
v -16.934776306152344 -37.637451171875 62.127464294433594
v -16.014171600341797 -38.18552017211914 61.2892951965332
v -15.99169635772705 -37.76807403564453 61.78843688964844
v -20.48772430419922 -36.25905990600586 63.828487396240234
v -18.28984832763672 -37.18804931640625 63.95108413696289
v -18.988845825195312 -38.93000030517578 61.616676330566406
v -16.943012237548828 -37.64055252075195 63.83177185058594
v -17.207843780517578 -39.32232666015625 61.2851676940918
v -14.604485511779785 -38.11450958251953 62.577571868896484
v -15.52773380279541 -39.42816162109375 60.633399963378906
v -15.84015941619873 -38.606990814208984 60.33451843261719
v -15.039361000061035 -38.309967041015625 60.564186096191406
v -14.702628135681152 -39.38763427734375 60.1557502746582
v -14.263375282287598 -38.49805450439453 59.31885528564453
v -13.620315551757812 -39.19345474243164 59.35647964477539
v -15.573599815368652 -37.97418212890625 63.201786041259766
v -13.814057350158691 -38.17340850830078 61.91907501220703
v -13.109063148498535 -38.19283676147461 61.20446014404297
v -16.87710952758789 -36.96822738647461 64.57635498046875
v -19.58146095275879 -35.68735122680664 65.0279541015625
v -20.284320831298828 -36.42180633544922 64.0182876586914
v -18.539932250976562 -37.15733337402344 64.10770416259766
v -18.248050689697266 -35.834228515625 65.39971160888672
v -12.464271545410156 -37.01419448852539 62.214813232421875
v -11.950474739074707 -37.12250518798828 61.31180953979492
v -12.460102081298828 -38.13210678100586 60.46363067626953
v -11.287887573242188 -37.69743728637695 58.691383361816406
v -13.158793449401855 -37.48935317993164 62.37057876586914
v -10.883115768432617 -37.22959899902344 57.975223541259766
v -12.196694374084473 -38.61873245239258 58.08157730102539
v -11.307109832763672 -37.813411712646484 57.322635650634766
v -11.838398933410645 -36.97297668457031 57.356719970703125
v 10.92234992980957 -38.21372985839844 54.66987228393555
v 9.86577033996582 -37.53428268432617 53.91216278076172
v 10.720471382141113 -37.57981872558594 52.807037353515625
v 12.288610458374023 -37.85173416137695 52.1932258605957
v 12.501067161560059 -38.64579772949219 54.575660705566406
v 9.274374961853027 -37.56976318359375 56.42789840698242
v 9.401908874511719 -37.57861328125 55.2748908996582
v 10.77447509765625 -38.278900146484375 55.62742614746094
v 14.086596488952637 -38.13991928100586 52.44707107543945
v 14.45485782623291 -37.95584487915039 52.601951599121094
v 15.436888694763184 -38.10249710083008 53.19403839111328
v 15.862512588500977 -38.39829635620117 53.630157470703125
v 15.855392456054688 -37.5434455871582 52.16231155395508
v 17.236909866333008 -36.94569778442383 51.97501754760742
v 17.26711654663086 -37.545772552490234 53.12076187133789
v 16.3895320892334 -38.2442741394043 54.29109191894531
v 14.761284828186035 -38.78693771362305 54.73573303222656
v 13.764506340026855 -38.91506576538086 55.88851547241211
v 15.76864242553711 -38.75935363769531 56.3920783996582
v 16.85166358947754 -38.46167755126953 55.17593765258789
v 17.11680030822754 -38.2213134765625 56.22460174560547
v 17.045913696289062 -38.46124267578125 55.91868591308594
v 18.301116943359375 -37.56535720825195 55.125186920166016
v 18.391326904296875 -36.78230667114258 59.352882385253906
v 16.93821144104004 -36.66548156738281 60.84065628051758
v 16.34834098815918 -37.736671447753906 59.452796936035156
v 16.884716033935547 -37.89976119995117 58.53022766113281
v 18.546422958374023 -37.156166076660156 58.20599365234375
v 18.280675888061523 -36.00635528564453 60.64006042480469
v 19.300134658813477 -36.37337875366211 58.725494384765625
v 15.332747459411621 -37.49997329711914 60.41567611694336
v 17.11578369140625 -38.28007507324219 57.72392654418945
v 17.117511749267578 -38.03761672973633 57.66640090942383
v 18.56493377685547 -36.8285026550293 53.15094757080078
v 19.591508865356445 -36.37712478637695 54.13246154785156
v 20.14192008972168 -35.71129608154297 58.232425689697266
v 19.02614974975586 -37.06129455566406 57.199623107910156
v 20.71938133239746 -35.3654899597168 56.97589111328125
v 21.42732810974121 -34.26043701171875 55.84116744995117
v 19.8637638092041 -35.606422424316406 53.05474090576172
v 18.20612907409668 -36.27363967895508 51.837825775146484
v 19.347423553466797 -36.8890266418457 55.89891052246094
v 20.231416702270508 -35.999874114990234 55.331939697265625
v 20.49411392211914 -35.426979064941406 54.299110412597656
v 19.998620986938477 -36.27024841308594 56.608642578125
v -9.361148834228516 -35.75956726074219 43.19667434692383
v -10.456680297851562 -35.4195556640625 43.13837432861328
v -9.630048751831055 -35.58504104614258 43.03444290161133
v 11.058222770690918 -37.333290100097656 52.64315414428711
v 13.984285354614258 -37.370391845703125 51.5635986328125
v 12.211216926574707 -37.53388595581055 52.2335319519043
v 16.47140121459961 -36.5351448059082 51.01129913330078
v 15.00537109375 -36.52501678466797 50.59198760986328
v 19.217756271362305 -34.915069580078125 51.34783935546875
v -7.841724395751953 -35.049339294433594 44.9263916015625
v -8.582012176513672 -34.93185806274414 43.69565200805664
v -8.97010612487793 -34.60094451904297 43.47620391845703
v -10.536720275878906 -34.14628982543945 43.36701583862305
v -10.121979713439941 -34.062591552734375 43.500244140625
v -11.777480125427246 -34.92346954345703 44.12274932861328
v -9.225987434387207 -34.7376823425293 43.121826171875
v -9.993834495544434 -34.51176834106445 43.04605484008789
v -19.746217727661133 -35.288780212402344 49.36897277832031
v -23.826087951660156 -34.131229400634766 57.52390670776367
v -22.608510971069336 -34.437137603759766 51.05908966064453
v -21.416261672973633 -34.8038215637207 50.05892562866211
v -23.446533203125 -34.60837173461914 52.81545639038086
v -21.421449661254883 -36.1997184753418 59.26172637939453
v -20.003320693969727 -37.08389663696289 59.36495590209961
v -17.871753692626953 -37.46304702758789 59.892398834228516
v -16.943012237548828 -37.32220458984375 60.29758071899414
v -15.616314888000488 -36.70174789428711 60.956512451171875
v -14.771275520324707 -37.72382354736328 61.20303726196289
v -13.911181449890137 -36.85188674926758 60.11499786376953
v -13.741545677185059 -37.626834869384766 60.514984130859375
v -23.65909194946289 -34.83396530151367 54.083736419677734
v -22.492063522338867 -36.13538360595703 53.367462158203125
v -21.95639991760254 -35.80426025390625 51.693817138671875
v -21.376394271850586 -36.82732009887695 52.65690231323242
v -21.420738220214844 -37.23755645751953 54.131961822509766
v -20.87409210205078 -35.805171966552734 50.52082443237305
v -21.360836029052734 -37.12154769897461 57.32704544067383
v -21.28516960144043 -37.43303680419922 55.69638442993164
v -19.64217758178711 -38.0267333984375 57.33515548706055
v -20.473384857177734 -37.39908981323242 58.1484489440918
v -22.21614646911621 -36.21088409423828 57.89411163330078
v -23.411447525024414 -35.38475799560547 55.62788772583008
v -22.768386840820312 -36.16889572143555 54.899295806884766
v -23.011455535888672 -35.690547943115234 56.89936447143555
v -22.07935905456543 -36.766937255859375 56.42028045654297
v -20.682689666748047 -37.77005386352539 54.82172393798828
v -16.448945999145508 -38.875518798828125 54.32298278808594
v -17.76283073425293 -38.350093841552734 52.44519805908203
v -15.920502662658691 -38.587886810302734 53.147647857666016
v -18.61275291442871 -38.476810455322266 53.2534294128418
v -18.03112030029297 -38.20085144042969 52.659088134765625
v -17.044918060302734 -37.99134063720703 52.01584243774414
v -16.684587478637695 -38.1789665222168 51.85137176513672
v -18.3699893951416 -38.7830810546875 55.08441162109375
v -16.470609664916992 -38.936988830566406 56.13610076904297
v -15.953761100769043 -37.782711029052734 51.66810989379883
v -14.880400657653809 -38.565818786621094 53.72496032714844
v -14.686352729797363 -37.80904006958008 51.650550842285156
v -14.933794975280762 -37.6334342956543 51.67658996582031
v -13.32344913482666 -37.89151382446289 53.076900482177734
v -13.160930633544922 -38.1920051574707 55.16029357910156
v -12.146352767944336 -37.58749771118164 54.35125732421875
v -16.943012237548828 -37.352718353271484 50.83686447143555
v -14.38247013092041 -36.72823715209961 50.73439407348633
v -13.611671447753906 -37.31414031982422 52.14676284790039
v -11.934100151062012 -37.58291244506836 55.609527587890625
v -10.220325469970703 -35.9482536315918 44.37263870239258
v -11.624519348144531 -35.342201232910156 44.59613800048828
v -19.848224639892578 -37.83260726928711 53.05722427368164
v -18.85195541381836 -38.276702880859375 53.54489517211914
v -19.188995361328125 -38.5169563293457 54.11042785644531
v -19.713266372680664 -38.46322250366211 55.56016540527344
v -19.58034324645996 -38.22078323364258 57.688270568847656
v -19.738388061523438 -38.20214080810547 55.67151641845703
v -17.502880096435547 -38.86350631713867 56.52238464355469
v -19.57820701599121 -37.527320861816406 52.02242660522461
v -19.04742431640625 -36.157020568847656 49.82558059692383
v -18.057968139648438 -36.96783447265625 50.43388748168945
v -16.292631149291992 -36.68593215942383 50.05247497558594
v -12.8786039352417 -36.853912353515625 59.32161331176758
v -17.338226318359375 -36.136314392089844 49.47679901123047
v -20.092920303344727 -36.5203971862793 50.76518249511719
v -20.823341369628906 -36.827415466308594 51.88796615600586
v 8.695385932922363 -30.83306884765625 38.48943328857422
v 9.437809944152832 -28.715900421142578 39.86469650268555
v 8.13623046875 -31.717395782470703 37.37595748901367
v 8.184233665466309 -28.976245880126953 40.688743591308594
v 6.680167198181152 -29.208847045898438 41.07685089111328
v 8.744813919067383 -27.312124252319336 41.373497009277344
v 8.126771926879883 -30.857419967651367 39.1285285949707
v -0.6074755191802979 -27.34142303466797 41.57807922363281
v -0.6179509162902832 -26.07579803466797 42.12242126464844
v -0.7396879196166992 -25.422771453857422 42.57774353027344
v -0.606865406036377 -24.37754249572754 42.462528228759766
v -3.0438425540924072 -28.989459991455078 41.74825668334961
v -0.2058553695678711 -30.397579193115234 40.03327178955078
v -0.515639066696167 -31.223983764648438 39.423973083496094
v -0.04435276985168457 -31.702404022216797 39.21742248535156
v -2.0762522220611572 -30.089324951171875 40.81158447265625
v -1.462482213973999 -28.492719650268555 41.92225646972656
v -1.1397826671600342 -31.069862365722656 39.663753509521484
v -1.1005256175994873 -29.285234451293945 41.10457229614258
v -0.5736088752746582 -29.598957061767578 40.087318420410156
v -1.198871374130249 -27.32633399963379 42.44847106933594
v -0.8723068237304688 -27.435855865478516 42.07917022705078
v -6.203207969665527 -33.78369903564453 36.164390563964844
v 7.428691864013672 -32.27693176269531 37.85083770751953
v 6.2894287109375 -33.18694305419922 37.126991271972656
v -0.14341068267822266 -27.449047088623047 42.30012512207031
v 0.22719061374664307 -29.090383529663086 41.51148986816406
v 0.23369944095611572 -26.127256393432617 43.1120491027832
v 0.017278432846069336 -25.204113006591797 43.21282196044922
v 0.9683929681777954 -26.326513290405273 43.304466247558594
v 0.5911812782287598 -27.795888900756836 42.530540466308594
v 0.7767868041992188 -29.10016441345215 41.69321823120117
v 3.3739442825317383 -28.408245086669922 42.227394104003906
v 5.326719284057617 -29.493743896484375 41.159000396728516
v 1.6494896411895752 -29.50413703918457 41.459075927734375
v -9.303789138793945 -31.648271560668945 36.91640090942383
v -0.6219172477722168 -23.721588134765625 42.57602310180664
v -6.841996192932129 -29.634462356567383 40.75100326538086
v -8.127303123474121 -28.43183135986328 41.24614715576172
v -9.758395195007324 -31.101289749145508 37.69569396972656
v -10.451187133789062 -30.04310417175293 37.70665740966797
v -10.538448333740234 -28.654376983642578 39.66600036621094
v -10.555635452270508 -29.26355743408203 39.065185546875
v -9.232394218444824 -29.796703338623047 39.80453109741211
v 9.321157455444336 -36.995277404785156 58.46718978881836
v 9.272035598754883 -36.828651428222656 58.709930419921875
v 9.286375999450684 -37.14839172363281 58.42933654785156
v 9.437097549438477 -37.2540283203125 59.1210823059082
v 9.637247085571289 -37.211727142333984 58.282711029052734
v 10.552257537841797 -36.90283966064453 60.162193298339844
v 10.776407241821289 -37.11796569824219 59.950103759765625
v 9.529850006103516 -37.52911376953125 58.026588439941406
v 10.263321876525879 -37.75119400024414 58.43101501464844
v 10.96628475189209 -37.31291580200195 60.17047119140625
v 11.971911430358887 -38.08979415893555 59.22414779663086
v 9.831497192382812 -37.27444076538086 54.12834548950195
v 11.63680362701416 -37.69607925415039 52.3005485534668
v 9.105143547058105 -36.97465133666992 57.751922607421875
v 9.351363182067871 -37.53129959106445 57.74886703491211
v 9.340989112854004 -37.30744171142578 56.39228057861328
v 11.40817928314209 -38.44058609008789 57.3090934753418
v 12.996252059936523 -38.808631896972656 57.081321716308594
v 13.489201545715332 -38.68019104003906 58.096744537353516
v 14.1078519821167 -38.42287826538086 59.04297637939453
v 15.408820152282715 -38.72941589355469 57.428077697753906
v 10.452080726623535 -37.602638244628906 60.50049591064453
v 12.633074760437012 -37.375877380371094 60.94257354736328
v 14.01723575592041 -37.50952911376953 60.97584915161133
v 13.3167142868042 -37.20671463012695 60.95901107788086
v 14.510489463806152 -37.36893081665039 60.8150520324707
v 15.515913009643555 -37.75034713745117 60.343955993652344
v 16.25680923461914 -37.9399528503418 59.63703918457031
v 15.535743713378906 -36.68944549560547 61.42453384399414
v 12.222199440002441 -36.83451843261719 61.198028564453125
v 11.6643648147583 -37.07667922973633 60.552635192871094
v -18.75676155090332 -37.66898727416992 59.13972473144531
v -15.889081001281738 -37.23116683959961 60.43437194824219
v -18.92884063720703 -37.99660110473633 58.96379089355469
v -18.56200408935547 -38.529056549072266 57.48910140991211
v -16.87710952758789 -38.59104919433594 58.02949905395508
v -17.602041244506836 -37.62153625488281 60.1157341003418
v -16.64655113220215 -37.526084899902344 60.42688751220703
v -14.626959800720215 -37.2991943359375 60.26409912109375
v -13.921048164367676 -37.934810638427734 58.622535705566406
v -13.577397346496582 -37.27333068847656 59.65818786621094
v -14.249951362609863 -37.065982818603516 60.01416015625
v -14.767716407775879 -38.52320098876953 57.471336364746094
v -13.002884864807129 -38.000892639160156 58.2319450378418
v -12.798972129821777 -37.37910461425781 59.595359802246094
v -12.001935958862305 -37.07415771484375 58.483680725097656
v -12.632488250732422 -37.11375045776367 58.54612350463867
v -12.430710792541504 -36.84401321411133 58.80847930908203
v -12.501596450805664 -37.647979736328125 57.743106842041016
v -13.582076072692871 -37.598384857177734 52.08442687988281
v -12.855620384216309 -37.5539436340332 52.742374420166016
v -12.66737174987793 -37.311283111572266 53.175045013427734
v -14.951794624328613 -38.76739501953125 56.032562255859375
v -12.25710678100586 -37.28182601928711 54.107547760009766
v -12.132521629333496 -37.45106887817383 57.39567947387695
v -12.301549911499023 -37.4245719909668 57.83465576171875
v -12.064178466796875 -37.30697250366211 56.70241928100586
v -12.007225036621094 -37.31766128540039 55.44585037231445
v -11.7525634765625 -36.64284133911133 57.952205657958984
v 38.04774475097656 1.8974494934082031 1.5
v 38.04774475097656 1.8974494934082031 15
v 38.04774475097656 -1.8974494934082031 15
v 38.04774475097656 -1.8974494934082031 1.5
v 34.761268615722656 3.794902801513672 15
v 34.761268615722656 3.794902801513672 1.5
v 38.42704772949219 -1.8974494934082031 1.5
v 38.42704772949219 -1.8974494934082031 7.5
v 38.42704772949219 1.8974494934082031 7.5
v 38.42704772949219 1.8974494934082031 1.5
v 41.713523864746094 3.794902801513672 7.5
v 41.713523864746094 3.794902801513672 1.5
v -38.04774856567383 -1.8974494934082031 1.5
v -38.04774856567383 -1.8974494934082031 15
v -38.04774856567383 1.8974494934082031 15
v -38.04774856567383 1.8974494934082031 1.5
v -34.76127243041992 3.794902801513672 15
v -34.76127243041992 3.794902801513672 1.5
v -38.42704391479492 1.8974494934082031 1.5
v -38.42704391479492 1.8974494934082031 7.5
v -38.42704391479492 -1.8974494934082031 7.5
v -38.42704391479492 -1.8974494934082031 1.5
v -41.713523864746094 3.794902801513672 7.5
v -41.713523864746094 3.794902801513672 1.5
v -3.286479949951172 -46.2825813293457 7.5
v 0 -44.385128021240234 7.5
v -3.286479949951172 -46.2825813293457 1.5
v 0 -44.385128021240234 1.5
v 0 -39.92991256713867 15
v -3.286479949951172 -38.032470703125 15
v 0 -39.92991256713867 1.5
v -3.286479949951172 -38.032470703125 1.5
v 38.42704772949219 -22.192564010620117 1.5
v 41.713523864746094 -20.295114517211914 1.5
v 38.04774475097656 -22.192564010620117 1.5
v -10.238731384277344 38.032470703125 1.5
v -6.9522552490234375 39.92991638183594 1.5
v -10.618030548095703 38.032470703125 1.5
v -3.4762229919433594 38.361122131347656 1.5
v -6.762702941894531 40.258567810058594 1.5
v -3.6657752990722656 38.032470703125 1.5
v -3.286479949951172 38.032470703125 1.5
v -0.1897430419921875 40.258567810058594 1.5
v 0 39.92991638183594 1.5
v -0.1897430419921875 44.053466796875 1.5
v 0 44.3851318359375 1.5
v -3.4762229919433594 45.95091247558594 1.5
v -3.286479949951172 46.28257751464844 1.5
v -6.762702941894531 44.053466796875 1.5
v -7.144073486328125 44.054664611816406 1.5
v -10.238731384277344 34.237571716308594 1.5
v -10.618030548095703 34.237571716308594 1.5
v -10.428478240966797 33.905914306640625 1.5
v -13.714956283569336 32.008460998535156 1.5
v -13.90450668334961 32.340126037597656 1.5
v -14.09425163269043 32.008460998535156 1.5
v -17.19098663330078 34.237571716308594 1.5
v -17.3807315826416 33.905914306640625 1.5
v -17.570281982421875 34.237571716308594 1.5
v -17.570825576782227 38.03279113769531 1.5
v -17.19098663330078 38.032470703125 1.5
v -13.714956283569336 40.258567810058594 1.5
v -13.90450668334961 39.92991638183594 1.5
v -10.428478240966797 38.361122131347656 1.5
v -7.141998291015625 40.258567810058594 1.5
v -24.332984924316406 26.316116333007812 1.5
v -24.52253532409668 25.987464904785156 1.5
v -24.143239974975586 25.987464904785156 1.5
v -21.046504974365234 28.21356201171875 1.5
v -27.80901336669922 27.884918212890625 1.5
v -27.619461059570312 28.21356201171875 1.5
v -31.095495223999023 25.987464904785156 1.5
v -20.856761932373047 27.884918212890625 1.5
v -20.66720962524414 28.21356201171875 1.5
v -21.046504974365234 32.008460998535156 1.5
v -20.66720962524414 32.008460998535156 1.5
v -20.856761932373047 32.340126037597656 1.5
v -24.332984924316406 33.905914306640625 1.5
v -24.142696380615234 34.23725891113281 1.5
v -27.619461059570312 32.008460998535156 1.5
v -38.42704391479492 25.987464904785156 1.5
v -38.04774856567383 25.987464904785156 1.5
v -34.76127243041992 27.884918212890625 1.5
v -34.57171630859375 28.214073181152344 1.5
v -31.285240173339844 26.316116333007812 1.5
v -31.474788665771484 25.987464904785156 1.5
v -27.99875831604004 28.21356201171875 1.5
v -38.04774856567383 22.19256591796875 1.5
v -38.42704391479492 22.19256591796875 1.5
v -41.713523864746094 20.295120239257812 1.5
v -38.42704391479492 13.942459106445312 1.5
v -38.04774856567383 10.147560119628906 1.5
v -38.237491607666016 14.271102905273438 1.5
v -38.04774856567383 13.942459106445312 1.5
v -34.95101547241211 16.168556213378906 1.5
v -41.713523864746094 15.83990478515625 1.5
v -41.52397155761719 16.168556213378906 1.5
v -41.52397155761719 19.963455200195312 1.5
v -38.237491607666016 21.86090087890625 1.5
v -34.76127243041992 20.295120239257812 1.5
v -34.95101547241211 19.963455200195312 1.5
v -31.474788665771484 22.19256591796875 1.5
v -34.76127243041992 15.83990478515625 1.5
v -34.57171630859375 16.168556213378906 1.5
v -27.99875831604004 32.008460998535156 1.5
v -34.57171630859375 19.963455200195312 1.5
v -31.285240173339844 21.86090087890625 1.5
v -31.095495223999023 22.19256591796875 1.5
v 10.238731384277344 34.237571716308594 1.5
v 10.428474426269531 33.905914306640625 1.5
v 10.618026733398438 34.237571716308594 1.5
v 13.714958190917969 32.008460998535156 1.5
v 13.904502868652344 32.340126037597656 1.5
v 14.094249725341797 32.008460998535156 1.5
v 17.19098663330078 34.237571716308594 1.5
v 17.38072967529297 33.905914306640625 1.5
v 20.667205810546875 32.008460998535156 1.5
v 10.238731384277344 38.032470703125 1.5
v 10.428474426269531 38.361122131347656 1.5
v 10.618026733398438 38.032470703125 1.5
v 13.904502868652344 39.92991638183594 1.5
v 17.19098663330078 38.032470703125 1.5
v 17.57027816772461 34.237571716308594 1.5
v 17.57027816772461 38.032470703125 1.5
v 13.714958190917969 40.258567810058594 1.5
v 21.0465087890625 32.008460998535156 1.5
v 21.0465087890625 28.21356201171875 1.5
v 24.143234252929688 25.987464904785156 1.5
v 24.332977294921875 26.316116333007812 1.5
v 24.522537231445312 25.987464904785156 1.5
v 27.619461059570312 28.21356201171875 1.5
v 20.667205810546875 28.21356201171875 1.5
v 20.85675811767578 27.884918212890625 1.5
v 27.998756408691406 28.21356201171875 1.5
v 28.000289916992188 32.00933837890625 1.5
v 27.619461059570312 32.008460998535156 1.5
v 24.332977294921875 33.905914306640625 1.5
v 24.1427001953125 34.23725891113281 1.5
v 20.85675811767578 32.340126037597656 1.5
v 38.42704772949219 22.19256591796875 1.5
v 38.04774475097656 25.987464904785156 1.5
v 38.04774475097656 22.19256591796875 1.5
v 41.713523864746094 20.295120239257812 1.5
v 31.47478485107422 22.19256591796875 1.5
v 31.285240173339844 21.86090087890625 1.5
v 34.761268615722656 20.295120239257812 1.5
v 34.951011657714844 19.963455200195312 1.5
v 38.23748779296875 21.86090087890625 1.5
v 41.52397155761719 19.963455200195312 1.5
v 41.713523864746094 15.83990478515625 1.5
v 41.52397155761719 16.168556213378906 1.5
v 38.42704772949219 13.942459106445312 1.5
v 38.23748779296875 14.271102905273438 1.5
v 38.42704772949219 25.987464904785156 1.5
v 34.57171630859375 28.214073181152344 1.5
v 34.761268615722656 27.884918212890625 1.5
v 31.47478485107422 25.987464904785156 1.5
v 31.095489501953125 25.987464904785156 1.5
v 31.095489501953125 22.19256591796875 1.5
v 27.80901336669922 27.884918212890625 1.5
v 31.285240173339844 26.316116333007812 1.5
v -38.42704391479492 -22.192564010620117 1.5
v -38.04774856567383 -25.98746109008789 1.5
v -38.04774856567383 -22.192564010620117 1.5
v -41.713523864746094 -20.295114517211914 1.5
v -34.95101547241211 -16.168548583984375 1.5
v -34.95101547241211 -19.96344757080078 1.5
v -34.57171630859375 -19.96344757080078 1.5
v -38.237491607666016 -2.226093292236328 1.5
v -34.57171630859375 -16.168548583984375 1.5
v -34.76127243041992 -15.839900970458984 1.5
v -38.237491607666016 -14.271102905273438 1.5
v -38.04774856567383 -13.942451477050781 1.5
v -38.237491607666016 -9.815887451171875 1.5
v -38.04774856567383 -10.147552490234375 1.5
v -34.95101547241211 -7.918437957763672 1.5
v -34.76127243041992 -8.250106811523438 1.5
v -17.570281982421875 -34.23756790161133 1.5
v -17.570825576782227 -38.03278350830078 1.5
v -17.19098663330078 -38.032470703125 1.5
v -10.238731384277344 -34.23756790161133 1.5
v -10.428478240966797 -33.905906677246094 1.5
v -10.618030548095703 -34.23756790161133 1.5
v -13.714956283569336 -32.00845718383789 1.5
v -13.90450668334961 -32.34012222290039 1.5
v -14.09425163269043 -32.00845718383789 1.5
v -17.19098663330078 -34.23756790161133 1.5
v -17.3807315826416 -33.905906677246094 1.5
v -20.66720962524414 -32.00845718383789 1.5
v -0.1897430419921875 -40.25856399536133 1.5
v -3.4762229919433594 -38.361114501953125 1.5
v -3.6657752990722656 -38.032470703125 1.5
v -6.762702941894531 -40.25856399536133 1.5
v -6.9522552490234375 -39.92991256713867 1.5
v -10.238731384277344 -38.032470703125 1.5
v -10.618030548095703 -38.032470703125 1.5
v -13.90450668334961 -39.92991256713867 1.5
v -13.714956283569336 -40.25970458984375 1.5
v -10.428478240966797 -38.361114501953125 1.5
v -7.141998291015625 -40.25856399536133 1.5
v -7.141998291015625 -44.053466796875 1.5
v -6.762702941894531 -44.053466796875 1.5
v -3.4762229919433594 -45.95090866088867 1.5
v -0.1897430419921875 -44.053466796875 1.5
v -21.046504974365234 -32.00845718383789 1.5
v -21.046504974365234 -28.213560104370117 1.5
v -24.143239974975586 -25.98746109008789 1.5
v -24.332984924316406 -26.316110610961914 1.5
v -24.52253532409668 -25.98746109008789 1.5
v -27.619461059570312 -28.213560104370117 1.5
v -20.66720962524414 -28.213560104370117 1.5
v -20.856761932373047 -27.884910583496094 1.5
v -27.99875831604004 -28.213560104370117 1.5
v -27.619461059570312 -32.00845718383789 1.5
v -28.000288009643555 -32.00933837890625 1.5
v -24.332984924316406 -33.905906677246094 1.5
v -24.142696380615234 -34.23725891113281 1.5
v -20.856761932373047 -32.34012222290039 1.5
v -41.52397155761719 -4.123542785644531 1.5
v -41.713523864746094 -3.7948989868164062 1.5
v -41.52397155761719 -7.918437957763672 1.5
v -41.713523864746094 -8.250106811523438 1.5
v -38.42704391479492 -10.147552490234375 1.5
v -38.42704391479492 -13.942451477050781 1.5
v -41.52397155761719 -16.168548583984375 1.5
v -41.713523864746094 -15.839900970458984 1.5
v -41.52397155761719 -19.96344757080078 1.5
v -38.237491607666016 -21.860897064208984 1.5
v -34.76127243041992 -20.295114517211914 1.5
v -31.474788665771484 -22.192564010620117 1.5
v -31.285240173339844 -21.860897064208984 1.5
v -38.42704391479492 -25.98746109008789 1.5
v -34.57171630859375 -28.213560104370117 1.5
v -34.76127243041992 -27.884910583496094 1.5
v -31.474788665771484 -25.98746109008789 1.5
v -31.095495223999023 -25.98746109008789 1.5
v -31.095495223999023 -22.192564010620117 1.5
v -27.80901336669922 -27.884910583496094 1.5
v -31.285240173339844 -26.316110610961914 1.5
v 34.57171630859375 -7.918437957763672 1.5
v 34.761268615722656 -8.250106811523438 1.5
v 34.951011657714844 -7.918437957763672 1.5
v 38.04774475097656 -10.147552490234375 1.5
v 38.23748779296875 -9.815887451171875 1.5
v 34.57171630859375 -4.123542785644531 1.5
v 34.951011657714844 -4.123542785644531 1.5
v 34.761268615722656 -3.7948989868164062 1.5
v 38.23748779296875 -14.271102905273438 1.5
v 38.04774475097656 -13.942451477050781 1.5
v 34.951011657714844 -16.168548583984375 1.5
v 38.23748779296875 -2.226093292236328 1.5
v 41.713523864746094 -3.7948989868164062 1.5
v 41.52397155761719 -4.123542785644531 1.5
v 41.713523864746094 -8.250106811523438 1.5
v 41.52397155761719 -7.918437957763672 1.5
v 38.42704772949219 -10.147552490234375 1.5
v 38.42704772949219 -13.942451477050781 1.5
v 41.713523864746094 -15.839900970458984 1.5
v 41.52397155761719 -16.168548583984375 1.5
v 41.52397155761719 -19.96344757080078 1.5
v 34.761268615722656 -15.839900970458984 1.5
v 34.57171630859375 -16.168548583984375 1.5
v 34.57171630859375 -19.96344757080078 1.5
v 34.951011657714844 -19.96344757080078 1.5
v 20.667205810546875 -32.00845718383789 1.5
v 17.38072967529297 -33.905906677246094 1.5
v 17.19098663330078 -34.23756790161133 1.5
v 14.094249725341797 -32.00845718383789 1.5
v 13.904502868652344 -32.34012222290039 1.5
v 13.714958190917969 -32.00845718383789 1.5
v 10.618026733398438 -34.23756790161133 1.5
v 34.57171630859375 19.963455200195312 1.5
v 34.57171630859375 16.168556213378906 1.5
v 34.951011657714844 16.168556213378906 1.5
v 34.761268615722656 15.83990478515625 1.5
v 38.04774475097656 13.942459106445312 1.5
v 38.42704772949219 10.147560119628906 1.5
v 38.04774475097656 10.147560119628906 1.5
v 41.713523864746094 8.250110626220703 1.5
v 38.23748779296875 2.2260971069335938 1.5
v 34.951011657714844 4.1235504150390625 1.5
v 34.57171630859375 4.1235504150390625 1.5
v 34.951011657714844 7.918449401855469 1.5
v 34.57171630859375 7.918449401855469 1.5
v 41.52397155761719 4.1235504150390625 1.5
v 41.52397155761719 7.918449401855469 1.5
v 38.23748779296875 9.815895080566406 1.5
v 34.761268615722656 8.250110626220703 1.5
v 0.1897430419921875 40.258567810058594 1.5
v 3.286479949951172 38.032470703125 1.5
v 3.4762229919433594 38.361122131347656 1.5
v 3.665771484375 38.032470703125 1.5
v 6.762699127197266 40.258567810058594 1.5
v 6.9522552490234375 39.92991638183594 1.5
v 6.762699127197266 44.053466796875 1.5
v 7.141998291015625 40.258567810058594 1.5
v 7.144073486328125 44.054664611816406 1.5
v 3.4762229919433594 45.95091247558594 1.5
v 3.286479949951172 46.28257751464844 1.5
v 0.1897430419921875 44.053466796875 1.5
v -34.57171630859375 -7.918437957763672 1.5
v -34.57171630859375 -4.123542785644531 1.5
v -34.95101547241211 -4.123542785644531 1.5
v -34.76127243041992 -3.7948989868164062 1.5
v -38.237491607666016 2.2260971069335938 1.5
v -34.95101547241211 4.1235504150390625 1.5
v -38.237491607666016 9.815895080566406 1.5
v -34.95101547241211 7.918449401855469 1.5
v -34.76127243041992 8.250110626220703 1.5
v -41.52397155761719 4.1235504150390625 1.5
v -41.713523864746094 8.250110626220703 1.5
v -41.52397155761719 7.918449401855469 1.5
v -38.42704391479492 10.147560119628906 1.5
v -34.57171630859375 4.1235504150390625 1.5
v -34.57171630859375 7.918449401855469 1.5
v 6.762699127197266 -40.25856399536133 1.5
v 6.9522552490234375 -39.92991256713867 1.5
v 3.4762229919433594 -38.361114501953125 1.5
v 21.0465087890625 -32.00845718383789 1.5
v 17.57027816772461 -34.23756790161133 1.5
v 20.85675811767578 -32.34012222290039 1.5
v 24.332977294921875 -33.905906677246094 1.5
v 24.1427001953125 -34.23725891113281 1.5
v 27.619461059570312 -32.00845718383789 1.5
v 21.0465087890625 -28.213560104370117 1.5
v 20.667205810546875 -28.213560104370117 1.5
v 17.57027816772461 -38.032470703125 1.5
v 17.19098663330078 -38.032470703125 1.5
v 13.714958190917969 -40.25970458984375 1.5
v 13.904502868652344 -39.92991256713867 1.5
v 10.428474426269531 -38.361114501953125 1.5
v 10.618026733398438 -38.032470703125 1.5
v 7.141998291015625 -40.25856399536133 1.5
v 24.332977294921875 -26.316110610961914 1.5
v 24.143234252929688 -25.98746109008789 1.5
v 20.85675811767578 -27.884910583496094 1.5
v 27.998756408691406 -32.00845718383789 1.5
v 27.619461059570312 -28.213560104370117 1.5
v 27.998756408691406 -28.213560104370117 1.5
v 31.095489501953125 -25.98746109008789 1.5
v 31.47478485107422 -25.98746109008789 1.5
v 31.095489501953125 -22.192564010620117 1.5
v 31.47478485107422 -22.192564010620117 1.5
v 38.23748779296875 -21.860897064208984 1.5
v 34.761268615722656 -20.295114517211914 1.5
v 31.285240173339844 -21.860897064208984 1.5
v 10.428474426269531 -33.905906677246094 1.5
v 10.238731384277344 -34.23756790161133 1.5
v 10.238731384277344 -38.032470703125 1.5
v 7.141998291015625 -44.053466796875 1.5
v 6.762699127197266 -44.053466796875 1.5
v 3.665771484375 -38.032470703125 1.5
v 3.286479949951172 -38.032470703125 1.5
v 0.1897430419921875 -40.25856399536133 1.5
v 0.1897430419921875 -44.053466796875 1.5
v 3.4762229919433594 -45.95090866088867 1.5
v 3.286479949951172 -46.2825813293457 1.5
v 38.42704772949219 -25.98746109008789 1.5
v 38.04774475097656 -25.98746109008789 1.5
v 34.761268615722656 -27.884910583496094 1.5
v 34.57171630859375 -28.213560104370117 1.5
v 31.285240173339844 -26.316110610961914 1.5
v 27.80901336669922 -27.884910583496094 1.5
v 24.522537231445312 -25.98746109008789 1.5
v 41.713523864746094 -3.7948989868164062 0
v 41.713523864746094 -8.250106811523438 0
v 41.713523864746094 -20.295114517211914 0
v 41.713523864746094 -15.839900970458984 0
v 38.42704772949219 -25.98746109008789 0
v 34.57171630859375 -28.214069366455078 0
v 28.000289916992188 -32.00933837890625 0
v 24.1427001953125 -34.23725891113281 0
v 17.570823669433594 -38.03278350830078 0
v 13.714958190917969 -40.25970458984375 0
v 7.144073486328125 -44.05466079711914 0
v 3.286479949951172 -46.2825813293457 0
v 34.57171630859375 16.168556213378906 15
v 34.57171630859375 19.963455200195312 15
v 31.285240173339844 21.86090087890625 15
v 10.238731384277344 38.032470703125 15
v 6.9522552490234375 39.92991638183594 15
v 10.238731384277344 34.237571716308594 15
v 3.665771484375 38.032470703125 15
v 10.428474426269531 33.905914306640625 15
v -6.9522552490234375 39.92991638183594 15
v -10.238731384277344 38.032470703125 15
v -3.6657752990722656 38.032470703125 15
v -10.238731384277344 34.237571716308594 15
v -34.57171630859375 -16.168548583984375 15
v -34.57171630859375 -19.96344757080078 15
v -31.285240173339844 -21.860897064208984 15
v 38.04774475097656 10.147560119628906 15
v 38.04774475097656 13.942459106445312 15
v 34.57171630859375 7.918449401855469 15
v 34.761268615722656 15.83990478515625 15
v -31.285240173339844 21.86090087890625 15
v -34.57171630859375 19.963455200195312 15
v -34.57171630859375 16.168556213378906 15
v -38.04774856567383 13.942459106445312 15
v -38.04774856567383 10.147560119628906 15
v -34.76127243041992 15.83990478515625 15
v -34.76127243041992 8.250110626220703 15
v 3.665771484375 -38.032470703125 15
v 6.9522552490234375 -39.92991256713867 15
v 10.238731384277344 -38.032470703125 15
v -14.09425163269043 32.008460998535156 15
v -17.3807315826416 33.905914306640625 15
v -20.66720962524414 32.008460998535156 15
v -20.856761932373047 27.884918212890625 15
v -24.143239974975586 25.987464904785156 15
v -38.04774856567383 -10.147552490234375 15
v -38.04774856567383 -13.942451477050781 15
v -34.57171630859375 -7.918437957763672 15
v -34.76127243041992 -15.839900970458984 15
v -24.52253532409668 -25.98746109008789 15
v -24.143239974975586 -25.98746109008789 15
v 24.522537231445312 25.987464904785156 15
v 24.143234252929688 25.987464904785156 15
v 20.85675811767578 27.884918212890625 15
v -27.80901336669922 27.884918212890625 15
v -31.095495223999023 25.987464904785156 15
v 31.285240173339844 -21.860897064208984 15
v 34.57171630859375 -19.96344757080078 15
v 34.57171630859375 -16.168548583984375 15
v 38.04774475097656 -13.942451477050781 15
v 38.04774475097656 -10.147552490234375 15
v 34.761268615722656 -15.839900970458984 15
v 34.57171630859375 -7.918437957763672 15
v 31.095489501953125 25.987464904785156 15
v 27.80901336669922 27.884918212890625 15
v 31.095489501953125 22.19256591796875 15
v 20.667205810546875 32.008460998535156 15
v 17.38072967529297 33.905914306640625 15
v 20.667205810546875 28.21356201171875 15
v 14.094249725341797 32.008460998535156 15
v -20.66720962524414 28.21356201171875 15
v -13.714956283569336 32.008460998535156 15
v -10.428478240966797 33.905914306640625 15
v -31.095495223999023 22.19256591796875 15
v 14.094249725341797 -32.00845718383789 15
v 17.38072967529297 -33.905906677246094 15
v 20.667205810546875 -32.00845718383789 15
v 20.85675811767578 -27.884910583496094 15
v 24.143234252929688 -25.98746109008789 15
v 0 39.92991638183594 15
v -34.76127243041992 -3.7948989868164062 15
v -10.238731384277344 -38.032470703125 15
v -6.9522552490234375 -39.92991256713867 15
v -10.238731384277344 -34.23756790161133 15
v -10.428478240966797 -33.905906677246094 15
v -20.856761932373047 -27.884910583496094 15
v 27.80901336669922 -27.884910583496094 15
v 31.095489501953125 -25.98746109008789 15
v 34.761268615722656 -3.7948989868164062 15
v 34.57171630859375 -4.123542785644531 15
v 13.714958190917969 32.008460998535156 15
v -31.095495223999023 -25.98746109008789 15
v -27.80901336669922 -27.884910583496094 15
v -31.095495223999023 -22.192564010620117 15
v -20.66720962524414 -32.00845718383789 15
v -17.3807315826416 -33.905906677246094 15
v -20.66720962524414 -28.213560104370117 15
v -14.09425163269043 -32.00845718383789 15
v -13.714956283569336 -32.00845718383789 15
v 10.238731384277344 -34.23756790161133 15
v 10.428474426269531 -33.905906677246094 15
v 13.714958190917969 -32.00845718383789 15
v 20.667205810546875 -28.213560104370117 15
v 31.095489501953125 -22.192564010620117 15
v -34.57171630859375 4.1235504150390625 15
v -7.144073486328125 -44.05466079711914 0
v -10.428478240966797 -45.95090866088867 0
v -13.714956283569336 -44.053466796875 0
v 24.143234252929688 -38.032470703125 0
v 20.85675811767578 -39.92991256713867 0
v -20.856761932373047 -39.92991256713867 0
v -24.143239974975586 -38.032470703125 0
v -17.570825576782227 -38.03278350830078 0
v -24.143239974975586 -34.23756790161133 0
v 7.144073486328125 44.054664611816406 0
v 10.428474426269531 45.95091247558594 0
v 13.714958190917969 44.053466796875 0
v -28.000288009643555 -32.00933837890625 0
v -31.285240173339844 -33.905906677246094 0
v -34.57171630859375 -32.00845718383789 0
v -17.570825576782227 38.03279113769531 0
v -24.143239974975586 34.237571716308594 0
v -24.143239974975586 38.032470703125 0
v -20.856761932373047 39.92991638183594 0
v -34.57171630859375 -28.214069366455078 0
v -41.713523864746094 -20.295114517211914 0
v -41.713523864746094 -15.839900970458984 0
v -45 -25.98746109008789 0
v -45 -22.192564010620117 0
v -41.713523864746094 -27.884910583496094 0
v -38.42704391479492 -25.98746109008789 0
v -45 -13.942451477050781 0
v -45 -10.147552490234375 0
v 28.000289916992188 32.00933837890625 0
v 31.285240173339844 33.905914306640625 0
v 34.57171630859375 32.008460998535156 0
v 41.713523864746094 15.83990478515625 0
v 45 13.942459106445312 0
v 45 10.147560119628906 0
v 34.57171630859375 28.214073181152344 0
v 41.713523864746094 20.295120239257812 0
v 24.1427001953125 34.23725891113281 0
v 45 25.987464904785156 0
v 45 22.19256591796875 0
v 41.713523864746094 27.884918212890625 0
v 38.42704772949219 25.987464904785156 0
v 13.714958190917969 -44.053466796875 0
v 10.428474426269531 -45.95090866088867 0
v -13.714956283569336 -40.25970458984375 0
v 13.714958190917969 40.25970458984375 0
v 17.570823669433594 38.03279113769531 0
v 3.286479949951172 -50.07748031616211 0
v 0 -51.97492980957031 0
v -3.286479949951172 -50.07748031616211 0
v -3.286479949951172 -46.2825813293457 0
v -41.713523864746094 -8.250106811523438 0
v -41.713523864746094 -3.7948989868164062 0
v -13.714956283569336 44.053466796875 0
v -10.428478240966797 45.95091247558594 0
v -13.714956283569336 40.25970458984375 0
v -7.144073486328125 44.054664611816406 0
v 3.286479949951172 46.28257751464844 0
v 0 51.97492980957031 0
v 3.286479949951172 50.077484130859375 0
v -3.286479949951172 50.077484130859375 0
v -3.286479949951172 46.28257751464844 0
v 41.713523864746094 8.250110626220703 0
v 41.713523864746094 3.794902801513672 0
v -45 -1.8974494934082031 0
v -45 1.8974494934082031 0
v -41.713523864746094 3.794902801513672 0
v -41.713523864746094 8.250110626220703 0
v 45 1.8974494934082031 0
v 45 -1.8974494934082031 0
v -41.713523864746094 20.295120239257812 0
v -45 22.19256591796875 0
v -45 25.987464904785156 0
v 45 -22.192564010620117 0
v 45 -25.98746109008789 0
v -45 10.147560119628906 0
v -45 13.942459106445312 0
v -41.713523864746094 15.83990478515625 0
v -41.713523864746094 27.884918212890625 0
v 45 -10.147552490234375 0
v 45 -13.942451477050781 0
v 41.713523864746094 -27.884910583496094 0
v -38.42704391479492 25.987464904785156 0
v -34.57171630859375 28.214073181152344 0
v -34.57171630859375 32.008460998535156 0
v 34.57171630859375 -32.00845718383789 0
v -31.285240173339844 33.905914306640625 0
v -28.000288009643555 32.00933837890625 0
v 31.285240173339844 -33.905906677246094 0
v 20.85675811767578 39.92991638183594 0
v 24.143234252929688 38.032470703125 0
v 3.286479949951172 -46.2825813293457 7.5
v -3.286479949951172 -50.07748031616211 7.5
v 0 -51.97492980957031 7.5
v 3.286479949951172 -50.07748031616211 7.5
v 13.714958190917969 -40.25856399536133 7.5
v 13.714958190917969 -44.053466796875 7.5
v 10.428474426269531 -38.361114501953125 7.5
v 7.141998291015625 -40.25856399536133 7.5
v 7.141998291015625 -44.053466796875 7.5
v 10.428474426269531 -45.95090866088867 7.5
v 17.57027816772461 -38.032470703125 7.5
v 17.57027816772461 -34.23756790161133 7.5
v 20.85675811767578 -39.92991256713867 7.5
v 20.85675811767578 -32.34012222290039 7.5
v 24.143234252929688 -34.23756790161133 7.5
v 24.143234252929688 -38.032470703125 7.5
v 34.57171630859375 -28.213560104370117 7.5
v 34.57171630859375 -32.00845718383789 7.5
v 31.285240173339844 -26.316110610961914 7.5
v 27.998756408691406 -28.213560104370117 7.5
v 27.998756408691406 -32.00845718383789 7.5
v 31.285240173339844 -33.905906677246094 7.5
v 38.42704772949219 -25.98746109008789 7.5
v 38.42704772949219 -22.192564010620117 7.5
v 41.713523864746094 -20.295114517211914 7.5
v 41.713523864746094 -27.884910583496094 7.5
v 45 -25.98746109008789 7.5
v 45 -22.192564010620117 7.5
v 38.42704772949219 -13.942451477050781 7.5
v 38.42704772949219 -10.147552490234375 7.5
v 41.713523864746094 -15.839900970458984 7.5
v 41.713523864746094 -8.250106811523438 7.5
v 45 -13.942451477050781 7.5
v 45 -10.147552490234375 7.5
v 41.713523864746094 -3.7948989868164062 7.5
v 45 -1.8974494934082031 7.5
v 45 1.8974494934082031 7.5
v 6.762699127197266 -40.25856399536133 10
v 6.762699127197266 -44.053466796875 10
v 3.4762229919433594 -38.361114501953125 10
v 0.1897430419921875 -40.25856399536133 10
v 0.1897430419921875 -44.053466796875 10
v 3.4762229919433594 -45.95090866088867 10
v 10.618026733398438 -38.032470703125 10
v 10.618026733398438 -34.23756790161133 10
v 13.904502868652344 -39.92991256713867 10
v 17.19098663330078 -38.032470703125 10
v 17.19098663330078 -34.23756790161133 10
v 13.904502868652344 -32.34012222290039 10
v 27.619461059570312 -28.213560104370117 10
v 27.619461059570312 -32.00845718383789 10
v 24.332977294921875 -26.316110610961914 10
v 21.0465087890625 -28.213560104370117 10
v 21.0465087890625 -32.00845718383789 10
v 24.332977294921875 -33.905906677246094 10
v 41.52397155761719 -16.168548583984375 10
v 41.52397155761719 -19.96344757080078 10
v 38.23748779296875 -14.271102905273438 10
v 34.951011657714844 -16.168548583984375 10
v 34.951011657714844 -19.96344757080078 10
v 38.23748779296875 -21.860897064208984 10
v 31.47478485107422 -25.98746109008789 10
v 31.47478485107422 -22.192564010620117 10
v 34.761268615722656 -27.884910583496094 10
v 38.04774475097656 -25.98746109008789 10
v 38.04774475097656 -22.192564010620117 10
v 34.761268615722656 -20.295114517211914 10
v 41.52397155761719 -4.123542785644531 10
v 41.52397155761719 -7.918437957763672 10
v 38.23748779296875 -2.226093292236328 10
v 34.951011657714844 -4.123542785644531 10
v 34.951011657714844 -7.918437957763672 10
v 38.23748779296875 -9.815887451171875 10
v -13.714956283569336 -44.053466796875 7.5
v -13.714956283569336 -40.25856399536133 7.5
v -10.428478240966797 -38.361114501953125 7.5
v -7.141998291015625 -40.25856399536133 7.5
v -7.141998291015625 -44.053466796875 7.5
v -10.428478240966797 -45.95090866088867 7.5
v -17.570281982421875 -34.23756790161133 7.5
v -17.570281982421875 -38.032470703125 7.5
v -20.856761932373047 -39.92991256713867 7.5
v -24.143239974975586 -34.23756790161133 7.5
v -20.856761932373047 -32.34012222290039 7.5
v -24.143239974975586 -38.032470703125 7.5
v -34.57171630859375 -32.00845718383789 7.5
v -34.57171630859375 -28.213560104370117 7.5
v -31.285240173339844 -26.316110610961914 7.5
v -27.99875831604004 -28.213560104370117 7.5
v -27.99875831604004 -32.00845718383789 7.5
v -31.285240173339844 -33.905906677246094 7.5
v -38.42704391479492 -22.192564010620117 7.5
v -38.42704391479492 -25.98746109008789 7.5
v -41.713523864746094 -20.295114517211914 7.5
v -41.713523864746094 -27.884910583496094 7.5
v -45 -25.98746109008789 7.5
v -45 -22.192564010620117 7.5
v -38.42704391479492 -13.942451477050781 7.5
v -38.42704391479492 -10.147552490234375 7.5
v -41.713523864746094 -15.839900970458984 7.5
v -41.713523864746094 -8.250106811523438 7.5
v -45 -13.942451477050781 7.5
v -45 -10.147552490234375 7.5
v -41.713523864746094 -3.7948989868164062 7.5
v -45 -1.8974494934082031 7.5
v -45 1.8974494934082031 7.5
v -6.762702941894531 -44.053466796875 10
v -6.762702941894531 -40.25856399536133 10
v -3.4762229919433594 -38.361114501953125 10
v -0.1897430419921875 -40.25856399536133 10
v -0.1897430419921875 -44.053466796875 10
v -3.4762229919433594 -45.95090866088867 10
v -10.618030548095703 -34.23756790161133 10
v -10.618030548095703 -38.032470703125 10
v -13.90450668334961 -39.92991256713867 10
v -17.19098663330078 -38.032470703125 10
v -17.19098663330078 -34.23756790161133 10
v -13.90450668334961 -32.34012222290039 10
v -27.619461059570312 -32.00845718383789 10
v -27.619461059570312 -28.213560104370117 10
v -24.332984924316406 -26.316110610961914 10
v -21.046504974365234 -28.213560104370117 10
v -21.046504974365234 -32.00845718383789 10
v -24.332984924316406 -33.905906677246094 10
v -41.52397155761719 -19.96344757080078 10
v -41.52397155761719 -16.168548583984375 10
v -38.237491607666016 -14.271102905273438 10
v -34.95101547241211 -16.168548583984375 10
v -34.95101547241211 -19.96344757080078 10
v -38.237491607666016 -21.860897064208984 10
v -31.474788665771484 -22.192564010620117 10
v -31.474788665771484 -25.98746109008789 10
v -34.76127243041992 -27.884910583496094 10
v -38.04774856567383 -25.98746109008789 10
v -38.04774856567383 -22.192564010620117 10
v -34.76127243041992 -20.295114517211914 10
v -41.52397155761719 -4.123542785644531 10
v -41.52397155761719 -7.918437957763672 10
v -38.237491607666016 -2.226093292236328 10
v -34.95101547241211 -4.123542785644531 10
v -34.95101547241211 -7.918437957763672 10
v -38.237491607666016 -9.815887451171875 10
v 0 44.3851318359375 7.5
v -3.286479949951172 46.28257751464844 7.5
v 3.286479949951172 46.28257751464844 7.5
v -3.286479949951172 50.077484130859375 7.5
v 0 51.97492980957031 7.5
v 3.286479949951172 50.077484130859375 7.5
v 13.714958190917969 44.053466796875 7.5
v 13.714958190917969 40.258567810058594 7.5
v 10.428474426269531 38.361122131347656 7.5
v 7.141998291015625 40.258567810058594 7.5
v 7.141998291015625 44.053466796875 7.5
v 10.428474426269531 45.95091247558594 7.5
v 17.57027816772461 34.237571716308594 7.5
v 17.57027816772461 38.032470703125 7.5
v 20.85675811767578 39.92991638183594 7.5
v 24.143234252929688 34.237571716308594 7.5
v 20.85675811767578 32.340126037597656 7.5
v 24.143234252929688 38.032470703125 7.5
v 34.57171630859375 32.008460998535156 7.5
v 34.57171630859375 28.21356201171875 7.5
v 31.285240173339844 26.316116333007812 7.5
v 27.998756408691406 28.21356201171875 7.5
v 27.998756408691406 32.008460998535156 7.5
v 31.285240173339844 33.905914306640625 7.5
v 38.42704772949219 22.19256591796875 7.5
v 38.42704772949219 25.987464904785156 7.5
v 41.713523864746094 20.295120239257812 7.5
v 41.713523864746094 27.884918212890625 7.5
v 45 25.987464904785156 7.5
v 45 22.19256591796875 7.5
v 38.42704772949219 10.147560119628906 7.5
v 38.42704772949219 13.942459106445312 7.5
v 41.713523864746094 15.83990478515625 7.5
v 41.713523864746094 8.250110626220703 7.5
v 45 13.942459106445312 7.5
v 45 10.147560119628906 7.5
v 6.762699127197266 40.258567810058594 10
v 6.762699127197266 44.053466796875 10
v 3.4762229919433594 38.361122131347656 10
v 0.1897430419921875 40.258567810058594 10
v 0.1897430419921875 44.053466796875 10
v 3.4762229919433594 45.95091247558594 10
v 10.618026733398438 34.237571716308594 10
v 10.618026733398438 38.032470703125 10
v 13.904502868652344 39.92991638183594 10
v 17.19098663330078 38.032470703125 10
v 17.19098663330078 34.237571716308594 10
v 13.904502868652344 32.340126037597656 10
v 27.619461059570312 32.008460998535156 10
v 27.619461059570312 28.21356201171875 10
v 24.332977294921875 26.316116333007812 10
v 21.0465087890625 28.21356201171875 10
v 21.0465087890625 32.008460998535156 10
v 24.332977294921875 33.905914306640625 10
v 41.52397155761719 16.168556213378906 10
v 41.52397155761719 19.963455200195312 10
v 38.23748779296875 14.271102905273438 10
v 34.951011657714844 16.168556213378906 10
v 34.951011657714844 19.963455200195312 10
v 38.23748779296875 21.86090087890625 10
v 31.47478485107422 22.19256591796875 10
v 31.47478485107422 25.987464904785156 10
v 34.761268615722656 27.884918212890625 10
v 38.04774475097656 25.987464904785156 10
v 38.04774475097656 22.19256591796875 10
v 34.761268615722656 20.295120239257812 10
v 41.52397155761719 4.1235504150390625 10
v 41.52397155761719 7.918449401855469 10
v 38.23748779296875 2.2260971069335938 10
v 34.951011657714844 4.1235504150390625 10
v 34.951011657714844 7.918449401855469 10
v 38.23748779296875 9.815895080566406 10
v -13.714956283569336 40.258567810058594 7.5
v -13.714956283569336 44.053466796875 7.5
v -10.428478240966797 38.361122131347656 7.5
v -7.141998291015625 40.258567810058594 7.5
v -7.141998291015625 44.053466796875 7.5
v -10.428478240966797 45.95091247558594 7.5
v -17.570281982421875 38.032470703125 7.5
v -17.570281982421875 34.237571716308594 7.5
v -20.856761932373047 39.92991638183594 7.5
v -20.856761932373047 32.340126037597656 7.5
v -24.143239974975586 34.237571716308594 7.5
v -24.143239974975586 38.032470703125 7.5
v -34.57171630859375 28.21356201171875 7.5
v -34.57171630859375 32.008460998535156 7.5
v -31.285240173339844 26.316116333007812 7.5
v -27.99875831604004 28.21356201171875 7.5
v -27.99875831604004 32.008460998535156 7.5
v -31.285240173339844 33.905914306640625 7.5
v -38.42704391479492 25.987464904785156 7.5
v -38.42704391479492 22.19256591796875 7.5
v -41.713523864746094 20.295120239257812 7.5
v -41.713523864746094 27.884918212890625 7.5
v -45 25.987464904785156 7.5
v -45 22.19256591796875 7.5
v -38.42704391479492 13.942459106445312 7.5
v -38.42704391479492 10.147560119628906 7.5
v -41.713523864746094 15.83990478515625 7.5
v -41.713523864746094 8.250110626220703 7.5
v -45 13.942459106445312 7.5
v -45 10.147560119628906 7.5
v -6.762702941894531 40.258567810058594 10
v -6.762702941894531 44.053466796875 10
v -3.4762229919433594 38.361122131347656 10
v -0.1897430419921875 40.258567810058594 10
v -0.1897430419921875 44.053466796875 10
v -3.4762229919433594 45.95091247558594 10
v -10.618030548095703 38.032470703125 10
v -10.618030548095703 34.237571716308594 10
v -13.90450668334961 39.92991638183594 10
v -17.19098663330078 38.032470703125 10
v -17.19098663330078 34.237571716308594 10
v -13.90450668334961 32.340126037597656 10
v -27.619461059570312 28.21356201171875 10
v -27.619461059570312 32.008460998535156 10
v -24.332984924316406 26.316116333007812 10
v -21.046504974365234 28.21356201171875 10
v -21.046504974365234 32.008460998535156 10
v -24.332984924316406 33.905914306640625 10
v -41.52397155761719 16.168556213378906 10
v -41.52397155761719 19.963455200195312 10
v -38.237491607666016 14.271102905273438 10
v -34.95101547241211 16.168556213378906 10
v -34.95101547241211 19.963455200195312 10
v -38.237491607666016 21.86090087890625 10
v -31.474788665771484 25.987464904785156 10
v -31.474788665771484 22.19256591796875 10
v -34.76127243041992 27.884918212890625 10
v -38.04774856567383 25.987464904785156 10
v -38.04774856567383 22.19256591796875 10
v -34.76127243041992 20.295120239257812 10
v -41.52397155761719 4.1235504150390625 10
v -41.52397155761719 7.918449401855469 10
v -38.237491607666016 2.2260971069335938 10
v -34.95101547241211 4.1235504150390625 10
v -34.95101547241211 7.918449401855469 10
v -38.237491607666016 9.815895080566406 10
f 1 2 3
f 4 2 1
f 5 3 6
f 5 1 3
f 1 5 7
f 2 8 6
f 3 2 6
f 6 8 9
f 6 9 10
f 2 4 11
f 2 12 8
f 13 14 11
f 15 13 11
f 15 16 13
f 17 15 18
f 15 17 16
f 19 20 17
f 19 17 18
f 21 20 19
f 7 22 1
f 4 1 22
f 23 24 7
f 25 24 23
f 7 24 22
f 25 26 24
f 27 24 26
f 26 25 28
f 29 27 26
f 30 31 32
f 31 30 28
f 30 33 28
f 28 33 34
f 34 29 28
f 28 29 26
f 33 35 34
f 36 4 22
f 24 36 22
f 24 27 36
f 29 37 27
f 37 38 27
f 39 37 29
f 40 37 39
f 41 42 39
f 39 42 40
f 40 43 37
f 42 43 40
f 27 38 36
f 37 43 38
f 38 18 15
f 43 18 38
f 36 11 4
f 38 11 36
f 15 11 38
f 43 19 18
f 29 44 39
f 45 46 47
f 47 42 45
f 41 45 42
f 46 48 47
f 49 48 46
f 42 50 43
f 50 19 43
f 47 50 42
f 51 45 41
f 52 48 49
f 53 54 55
f 56 57 58
f 58 59 60
f 61 56 62
f 56 58 62
f 61 62 63
f 62 64 63
f 58 60 62
f 62 60 64
f 64 60 65
f 60 66 65
f 59 66 60
f 67 68 69
f 70 71 63
f 69 68 71
f 71 61 63
f 69 71 70
f 69 70 72
f 70 63 73
f 72 70 74
f 73 63 64
f 65 75 64
f 61 76 56
f 67 77 68
f 78 79 80
f 81 78 80
f 82 57 76
f 76 80 83
f 77 81 80
f 80 76 68
f 68 77 80
f 68 76 61
f 68 61 71
f 57 55 58
f 76 57 56
f 55 54 58
f 58 54 84
f 54 85 84
f 58 84 59
f 57 86 55
f 67 69 72
f 87 88 89
f 90 87 89
f 87 91 88
f 92 87 93
f 93 87 90
f 94 95 96
f 53 97 54
f 97 98 54
f 54 98 99
f 100 101 102
f 102 101 103
f 102 103 104
f 103 105 104
f 106 107 108
f 109 106 108
f 110 109 111
f 111 112 110
f 111 109 113
f 108 107 114
f 113 114 115
f 109 108 113
f 116 112 111
f 114 113 108
f 117 116 111
f 117 118 116
f 117 111 113
f 113 115 119
f 113 119 117
f 118 120 121
f 122 123 120
f 124 122 125
f 126 121 120
f 121 112 116
f 118 121 116
f 127 126 123
f 123 126 120
f 118 117 125
f 120 118 125
f 122 120 125
f 119 128 117
f 125 117 128
f 124 125 128
f 129 126 127
f 123 130 127
f 131 132 122
f 131 133 134
f 106 135 107
f 107 136 114
f 114 136 115
f 130 137 127
f 130 123 138
f 132 138 123
f 137 129 127
f 115 139 119
f 132 123 122
f 133 122 124
f 131 122 133
f 119 124 128
f 135 140 141
f 135 141 107
f 107 141 136
f 136 141 142
f 143 144 101
f 145 146 147
f 148 145 147
f 149 150 151
f 152 153 154
f 155 156 148
f 157 156 155
f 158 157 155
f 148 159 155
f 159 148 147
f 147 160 159
f 161 157 158
f 147 151 160
f 153 155 159
f 162 158 153
f 151 154 160
f 153 158 155
f 154 153 159
f 160 154 159
f 151 150 163
f 151 163 154
f 163 152 154
f 140 161 164
f 162 161 158
f 140 164 141
f 162 165 164
f 165 143 141
f 141 143 142
f 143 165 144
f 165 166 144
f 152 167 153
f 166 167 144
f 164 161 162
f 165 162 166
f 141 164 165
f 166 162 153
f 153 167 166
f 104 168 139
f 169 134 133
f 124 169 133
f 119 168 170
f 170 124 119
f 170 169 124
f 136 171 115
f 142 100 136
f 100 171 136
f 115 171 139
f 171 102 139
f 139 102 104
f 139 168 119
f 142 143 100
f 143 101 100
f 171 100 102
f 172 173 174
f 175 176 177
f 178 177 179
f 177 176 92
f 177 92 93
f 180 96 91
f 176 87 92
f 181 182 110
f 110 106 109
f 181 110 112
f 183 106 182
f 182 106 110
f 184 182 181
f 185 184 186
f 121 185 186
f 112 186 181
f 126 187 185
f 184 181 186
f 121 186 112
f 185 121 126
f 188 187 126
f 129 188 126
f 185 189 184
f 190 191 182
f 183 191 192
f 184 190 182
f 192 193 183
f 191 183 182
f 194 195 184
f 184 195 190
f 106 183 135
f 191 196 192
f 196 193 192
f 193 135 183
f 190 197 191
f 198 199 145
f 200 198 201
f 198 145 201
f 200 201 156
f 202 203 204
f 205 198 200
f 196 206 193
f 193 206 135
f 205 203 202
f 203 205 200
f 206 202 204
f 206 204 135
f 203 200 157
f 148 156 145
f 156 201 145
f 200 156 157
f 207 208 209
f 209 208 210
f 195 197 190
f 191 211 196
f 211 191 197
f 212 213 214
f 215 216 217
f 218 215 217
f 212 216 213
f 219 217 212
f 216 212 217
f 220 221 222
f 212 214 220
f 223 218 224
f 225 220 222
f 226 222 227
f 226 227 228
f 219 212 220
f 218 219 229
f 217 219 218
f 229 219 225
f 229 225 226
f 220 225 219
f 226 225 222
f 229 230 224
f 224 218 229
f 230 229 226
f 231 232 230
f 232 224 230
f 233 234 235
f 236 218 223
f 236 223 237
f 238 239 218
f 238 218 236
f 240 241 242
f 242 241 238
f 238 236 242
f 242 236 237
f 232 223 224
f 232 237 223
f 243 232 231
f 244 245 246
f 213 247 214
f 214 247 248
f 214 248 249
f 249 248 244
f 244 248 245
f 245 250 246
f 251 244 246
f 214 249 221
f 220 214 221
f 221 249 222
f 252 249 244
f 251 252 244
f 253 252 251
f 222 249 252
f 222 252 253
f 227 222 253
f 254 255 256
f 255 251 256
f 257 255 254
f 258 255 257
f 256 259 254
f 257 254 260
f 227 253 258
f 258 253 255
f 251 246 261
f 261 256 251
f 253 251 255
f 235 234 262
f 263 264 243
f 264 242 237
f 264 237 243
f 243 237 232
f 261 250 265
f 246 250 261
f 261 233 266
f 265 233 261
f 267 44 34
f 35 267 34
f 44 29 34
f 268 269 267
f 268 267 270
f 271 267 269
f 51 39 44
f 39 51 41
f 49 46 272
f 267 271 44
f 272 51 271
f 271 51 44
f 272 46 45
f 272 45 51
f 273 274 275
f 276 277 278
f 277 276 279
f 278 280 281
f 282 281 280
f 276 278 281
f 276 281 283
f 276 283 273
f 281 282 284
f 274 281 284
f 285 286 279
f 284 287 274
f 284 288 52
f 284 52 287
f 276 273 279
f 283 274 273
f 281 274 283
f 289 290 291
f 292 293 275
f 275 290 292
f 292 290 289
f 275 274 290
f 293 292 294
f 292 289 295
f 293 273 275
f 296 289 297
f 289 291 297
f 296 297 298
f 295 289 296
f 271 291 299
f 291 271 297
f 291 287 272
f 291 272 299
f 274 287 290
f 290 287 291
f 300 273 293
f 279 273 300
f 301 293 294
f 285 279 300
f 301 300 293
f 49 272 287
f 297 271 269
f 52 49 287
f 272 271 299
f 6 10 302
f 5 6 302
f 303 208 304
f 305 306 307
f 174 173 306
f 174 306 305
f 308 309 310
f 311 312 313
f 310 312 311
f 311 10 310
f 310 10 308
f 10 311 302
f 314 315 316
f 312 314 316
f 314 309 317
f 312 316 313
f 314 312 309
f 312 310 309
f 318 316 315
f 319 320 321
f 322 320 323
f 324 77 67
f 325 326 81
f 327 326 325
f 325 81 77
f 327 325 324
f 328 327 324
f 324 325 77
f 329 327 328
f 144 330 331
f 103 331 105
f 152 144 167
f 152 330 144
f 101 331 103
f 146 332 333
f 334 335 333
f 333 335 336
f 336 337 150
f 338 152 163
f 147 146 333
f 149 151 333
f 333 336 150
f 333 151 147
f 150 149 333
f 337 163 150
f 337 338 163
f 339 340 341
f 341 342 343
f 333 341 334
f 344 345 335
f 335 346 336
f 336 346 347
f 339 341 333
f 343 348 341
f 341 348 349
f 334 341 349
f 334 349 335
f 349 344 335
f 345 350 335
f 346 335 350
f 336 347 337
f 332 351 333
f 199 146 145
f 332 146 199
f 351 339 333
f 352 205 206
f 351 353 339
f 354 332 355
f 196 352 206
f 356 357 198
f 352 196 211
f 357 199 198
f 357 332 199
f 358 359 360
f 360 361 362
f 175 362 363
f 364 365 366
f 363 364 175
f 177 367 175
f 364 366 87
f 367 362 175
f 362 361 363
f 360 359 361
f 361 365 364
f 363 361 364
f 178 367 177
f 175 364 176
f 365 368 369
f 361 368 365
f 364 87 176
f 180 91 87
f 366 180 87
f 365 94 180
f 180 94 96
f 94 370 95
f 365 180 366
f 371 372 31
f 31 28 371
f 373 374 375
f 375 374 23
f 374 376 371
f 25 374 371
f 25 23 374
f 377 378 379
f 377 5 378
f 23 377 375
f 373 375 379
f 379 375 377
f 374 373 376
f 371 376 372
f 31 372 32
f 379 380 381
f 379 378 382
f 383 372 376
f 376 373 383
f 384 381 385
f 385 381 380
f 373 381 386
f 383 373 386
f 373 379 381
f 28 25 371
f 23 7 377
f 7 5 377
f 5 302 378
f 382 387 380
f 379 382 380
f 382 378 311
f 302 311 378
f 382 313 388
f 389 382 388
f 382 389 387
f 311 313 382
f 387 390 391
f 385 380 391
f 392 393 394
f 395 396 393
f 387 391 380
f 390 387 397
f 393 396 394
f 398 385 393
f 392 398 393
f 395 385 391
f 393 385 395
f 395 391 399
f 208 400 304
f 168 104 170
f 169 170 104
f 131 134 132
f 304 400 303
f 401 402 403
f 401 403 404
f 405 406 407
f 406 408 407
f 409 406 405
f 407 402 401
f 407 401 410
f 408 411 412
f 410 405 407
f 407 408 412
f 413 414 415
f 413 416 417
f 413 418 414
f 419 413 417
f 420 421 414
f 422 423 421
f 420 422 421
f 424 423 425
f 415 421 426
f 417 416 427
f 427 426 428
f 429 417 427
f 415 414 421
f 424 421 423
f 424 426 421
f 426 424 428
f 413 415 416
f 415 426 427
f 415 427 416
f 427 428 429
f 430 431 432
f 433 434 435
f 435 436 433
f 437 438 404
f 404 439 437
f 403 439 404
f 440 441 442
f 442 443 440
f 441 440 444
f 445 446 441
f 445 441 444
f 447 446 445
f 448 447 445
f 449 429 450
f 428 430 429
f 451 449 452
f 419 429 449
f 417 429 419
f 453 454 447
f 448 455 447
f 412 448 456
f 456 448 457
f 440 452 458
f 459 444 440
f 459 440 458
f 456 457 459
f 457 444 459
f 452 440 443
f 448 445 457
f 457 445 444
f 455 453 447
f 460 432 433
f 461 462 460
f 461 460 463
f 464 463 465
f 432 434 433
f 462 432 460
f 460 433 436
f 465 460 436
f 465 463 460
f 437 465 436
f 437 439 465
f 439 464 465
f 463 459 461
f 452 466 458
f 461 458 466
f 461 466 462
f 450 429 430
f 412 411 455
f 455 448 412
f 458 461 459
f 432 431 434
f 450 430 432
f 450 432 462
f 466 449 450
f 462 466 450
f 452 449 466
f 459 463 464
f 403 456 464
f 403 464 439
f 412 402 407
f 456 459 464
f 402 412 456
f 403 402 456
f 467 468 469
f 313 468 470
f 313 316 468
f 469 316 318
f 468 316 469
f 471 472 473
f 474 362 475
f 476 475 367
f 476 367 178
f 471 475 472
f 472 476 178
f 360 362 474
f 475 362 367
f 475 476 472
f 472 178 179
f 473 472 179
f 477 478 471
f 179 177 479
f 177 93 479
f 480 477 471
f 481 477 480
f 471 473 480
f 480 179 479
f 480 473 179
f 482 483 484
f 485 486 487
f 488 482 484
f 488 489 482
f 490 491 489
f 492 485 493
f 490 489 488
f 494 493 490
f 482 495 483
f 495 482 496
f 482 489 496
f 489 491 497
f 496 489 497
f 485 487 491
f 492 494 498
f 499 488 484
f 485 491 493
f 492 493 494
f 493 491 490
f 490 488 499
f 494 490 499
f 96 500 501
f 96 501 91
f 89 502 503
f 504 505 503
f 483 495 506
f 506 505 504
f 502 504 503
f 88 502 89
f 483 506 504
f 500 507 501
f 91 498 88
f 88 494 502
f 502 499 504
f 484 483 504
f 88 498 494
f 484 504 499
f 494 499 502
f 495 478 477
f 495 477 481
f 503 479 93
f 503 505 479
f 503 93 90
f 96 95 500
f 90 89 503
f 506 480 505
f 505 480 479
f 481 480 506
f 495 481 506
f 508 509 394
f 406 409 408
f 395 510 396
f 509 508 511
f 510 399 453
f 408 510 411
f 508 394 409
f 409 405 508
f 395 399 510
f 509 392 394
f 394 396 510
f 394 510 408
f 394 408 409
f 512 418 413
f 419 512 413
f 513 512 514
f 515 418 512
f 313 470 388
f 468 467 470
f 388 470 516
f 517 518 519
f 470 467 520
f 516 470 520
f 467 517 520
f 467 469 517
f 521 397 522
f 522 388 516
f 397 388 522
f 522 516 523
f 522 523 524
f 521 522 446
f 525 443 442
f 524 525 442
f 525 526 443
f 441 524 442
f 522 524 446
f 441 446 524
f 523 525 524
f 513 514 527
f 419 451 514
f 527 514 451
f 526 527 451
f 517 527 520
f 520 527 526
f 527 517 513
f 514 512 419
f 519 515 513
f 513 515 512
f 451 419 449
f 443 526 451
f 451 452 443
f 517 519 513
f 454 521 446
f 454 446 447
f 516 525 523
f 390 397 454
f 454 397 521
f 390 454 399
f 391 390 399
f 397 387 389
f 411 510 455
f 510 453 455
f 525 520 526
f 389 388 397
f 516 520 525
f 399 454 453
f 528 529 530
f 531 532 533
f 534 535 536
f 537 538 539
f 540 537 539
f 540 539 535
f 541 542 543
f 541 543 538
f 544 545 546
f 546 545 547
f 548 546 547
f 546 548 549
f 547 550 551
f 542 549 552
f 553 549 542
f 554 555 556
f 557 558 559
f 560 561 557
f 562 557 559
f 561 558 557
f 563 564 565
f 566 565 564
f 567 565 566
f 562 566 568
f 569 565 567
f 567 566 559
f 558 567 559
f 558 569 567
f 568 566 570
f 559 566 562
f 571 556 569
f 571 569 561
f 572 561 560
f 556 555 569
f 555 565 569
f 569 558 561
f 573 574 563
f 574 573 555
f 565 573 563
f 555 573 565
f 575 576 577
f 576 578 577
f 579 552 580
f 579 580 581
f 579 581 575
f 575 581 576
f 548 551 582
f 548 582 580
f 583 580 582
f 580 583 584
f 552 548 580
f 547 551 548
f 585 586 587
f 586 588 589
f 582 551 585
f 587 582 585
f 587 586 589
f 586 590 588
f 583 587 589
f 582 587 583
f 548 552 549
f 580 584 591
f 581 580 591
f 576 581 591
f 591 592 593
f 589 592 583
f 589 594 592
f 583 592 584
f 584 592 591
f 538 577 539
f 543 579 575
f 543 575 577
f 538 543 577
f 552 579 543
f 542 552 543
f 589 588 594
f 588 595 594
f 588 596 595
f 594 595 597
f 560 557 48
f 21 598 20
f 562 568 598
f 19 50 21
f 599 600 50
f 50 600 21
f 48 599 47
f 599 50 47
f 562 600 599
f 598 21 562
f 562 21 600
f 599 557 562
f 48 557 599
f 534 601 602
f 603 604 605
f 606 605 607
f 571 607 556
f 608 571 609
f 608 607 571
f 602 601 610
f 611 612 282
f 611 613 612
f 614 609 611
f 611 609 613
f 609 571 613
f 613 571 615
f 282 280 611
f 280 614 611
f 282 612 284
f 52 288 560
f 288 615 572
f 615 571 572
f 571 561 572
f 52 560 48
f 288 572 560
f 288 613 615
f 612 288 284
f 612 613 288
f 528 530 546
f 530 544 546
f 553 546 549
f 528 546 553
f 528 553 616
f 528 616 533
f 602 540 534
f 602 617 540
f 540 535 534
f 618 617 619
f 537 541 538
f 617 537 540
f 618 537 617
f 542 541 620
f 621 542 620
f 622 623 624
f 625 622 626
f 627 625 628
f 629 625 626
f 605 630 603
f 630 631 632
f 630 632 603
f 633 630 605
f 632 602 603
f 619 602 632
f 603 602 610
f 633 623 631
f 634 631 623
f 633 631 630
f 624 623 633
f 606 624 633
f 606 633 605
f 617 602 619
f 631 619 632
f 622 634 623
f 627 635 625
f 636 618 635
f 635 618 619
f 631 635 619
f 622 625 634
f 631 634 635
f 625 635 634
f 627 636 635
f 553 542 616
f 616 542 621
f 595 637 597
f 637 638 264
f 596 639 640
f 639 240 640
f 640 240 242
f 640 242 638
f 637 640 638
f 640 637 595
f 595 596 640
f 263 243 641
f 638 242 264
f 606 607 608
f 642 624 643
f 643 624 608
f 624 606 608
f 643 608 609
f 643 609 614
f 610 644 603
f 604 603 644
f 604 644 555
f 610 645 644
f 644 645 574
f 555 644 574
f 605 604 554
f 607 605 554
f 607 554 556
f 554 604 555
f 646 647 648
f 649 650 651
f 649 646 648
f 652 651 650
f 649 648 653
f 653 648 654
f 648 655 654
f 650 653 656
f 647 646 649
f 649 653 650
f 655 657 654
f 656 653 654
f 658 650 656
f 99 98 659
f 66 660 65
f 65 660 661
f 662 663 664
f 73 74 70
f 665 74 73
f 75 73 64
f 665 73 75
f 74 665 666
f 75 663 665
f 663 666 665
f 662 666 663
f 75 667 663
f 667 75 65
f 65 661 667
f 667 664 663
f 668 667 661
f 669 670 671
f 59 84 671
f 59 671 66
f 66 671 660
f 84 85 99
f 671 84 99
f 85 54 99
f 99 669 671
f 669 659 672
f 99 659 669
f 660 671 670
f 673 661 660
f 673 668 661
f 660 670 673
f 130 138 674
f 674 138 132
f 306 675 307
f 676 677 678
f 679 676 680
f 681 682 683
f 680 682 681
f 678 682 680
f 680 676 678
f 679 684 676
f 685 686 682
f 678 685 682
f 687 688 686
f 689 690 691
f 691 690 679
f 692 693 691
f 692 691 694
f 693 689 691
f 691 680 694
f 695 696 697
f 698 697 696
f 699 700 701
f 699 701 696
f 694 701 700
f 702 696 701
f 683 702 701
f 681 683 701
f 681 701 694
f 694 680 681
f 679 680 691
f 697 703 695
f 696 704 699
f 695 704 696
f 688 697 698
f 705 688 698
f 686 688 705
f 702 698 696
f 698 702 705
f 682 686 705
f 705 702 683
f 682 705 683
f 420 706 422
f 418 420 414
f 707 708 423
f 708 709 423
f 706 707 422
f 422 707 423
f 710 711 712
f 713 714 715
f 716 715 717
f 716 717 718
f 717 715 719
f 720 668 721
f 668 722 723
f 714 723 722
f 668 720 722
f 714 722 724
f 724 722 720
f 714 724 719
f 715 714 719
f 725 724 726
f 727 728 729
f 730 725 731
f 730 731 728
f 732 733 734
f 732 734 735
f 734 717 719
f 717 734 733
f 736 735 737
f 738 736 739
f 740 738 741
f 737 734 730
f 735 734 737
f 740 741 742
f 712 743 744
f 744 745 738
f 719 724 725
f 730 719 725
f 737 730 728
f 739 727 746
f 738 739 741
f 719 730 734
f 737 728 727
f 736 737 727
f 736 727 739
f 741 739 746
f 741 746 747
f 742 741 747
f 712 744 738
f 732 735 748
f 745 748 735
f 745 735 736
f 738 745 736
f 675 749 307
f 749 750 751
f 305 307 752
f 752 307 753
f 754 755 756
f 751 757 754
f 757 751 750
f 751 754 758
f 750 755 757
f 757 755 754
f 759 751 758
f 760 751 759
f 307 749 760
f 751 760 749
f 761 760 759
f 753 307 760
f 305 752 762
f 752 753 762
f 762 753 763
f 763 753 760
f 763 760 761
f 764 765 766
f 767 329 328
f 768 769 770
f 767 764 771
f 771 764 766
f 767 328 764
f 766 765 770
f 772 773 666
f 768 774 772
f 74 775 72
f 773 775 666
f 774 775 773
f 328 324 765
f 765 324 775
f 775 324 67
f 775 67 72
f 774 765 775
f 666 775 74
f 772 774 773
f 774 770 765
f 768 770 774
f 328 765 764
f 776 777 778
f 776 700 699
f 776 778 700
f 778 692 700
f 700 692 694
f 693 692 779
f 777 779 778
f 779 692 778
f 780 781 782
f 781 783 779
f 781 779 777
f 781 777 784
f 781 784 782
f 695 785 704
f 695 786 785
f 703 786 695
f 782 784 785
f 785 784 704
f 784 776 704
f 704 776 699
f 784 777 776
f 755 783 787
f 755 787 756
f 781 780 787
f 787 783 781
f 418 788 420
f 788 689 706
f 420 788 706
f 789 788 418
f 706 790 707
f 668 664 667
f 664 668 723
f 664 713 662
f 723 713 664
f 713 723 714
f 713 666 662
f 791 772 666
f 792 791 713
f 792 713 715
f 791 666 713
f 791 769 768
f 791 768 772
f 782 793 794
f 782 795 793
f 780 782 794
f 795 785 796
f 795 796 793
f 785 795 782
f 756 787 780
f 756 780 797
f 798 793 796
f 796 785 710
f 799 710 785
f 780 794 800
f 794 793 801
f 794 801 802
f 803 800 802
f 754 797 804
f 800 794 802
f 805 758 806
f 806 807 808
f 806 804 807
f 804 806 758
f 758 754 804
f 804 800 807
f 804 797 800
f 754 756 797
f 800 797 780
f 807 800 803
f 809 805 806
f 758 805 759
f 809 806 808
f 808 807 742
f 809 808 810
f 710 712 796
f 803 802 742
f 808 742 810
f 798 740 802
f 798 796 740
f 796 712 738
f 796 738 740
f 802 740 742
f 802 801 798
f 793 798 801
f 803 742 807
f 515 789 418
f 811 812 813
f 811 813 814
f 813 815 814
f 816 814 817
f 818 819 820
f 763 821 762
f 305 762 174
f 174 762 821
f 822 763 761
f 209 210 821
f 823 761 824
f 811 814 816
f 825 817 826
f 816 817 827
f 827 817 825
f 811 816 828
f 822 823 824
f 823 822 761
f 826 822 829
f 827 825 830
f 831 811 828
f 832 831 828
f 833 828 816
f 827 830 833
f 816 827 833
f 834 832 835
f 832 828 835
f 836 829 824
f 822 824 829
f 830 825 829
f 825 826 829
f 833 830 837
f 836 824 809
f 837 830 829
f 837 829 836
f 836 809 838
f 838 809 810
f 835 828 833
f 839 835 833
f 840 835 841
f 833 842 839
f 841 839 843
f 731 841 844
f 844 841 843
f 729 731 844
f 843 839 842
f 843 842 845
f 842 846 845
f 844 845 847
f 842 837 846
f 837 836 838
f 727 844 847
f 834 835 840
f 841 835 839
f 833 837 842
f 844 843 845
f 838 846 837
f 838 848 846
f 845 846 849
f 845 849 847
f 746 847 849
f 848 850 846
f 846 850 849
f 849 747 746
f 849 850 747
f 848 838 850
f 850 838 810
f 747 850 742
f 810 742 850
f 724 851 726
f 851 852 834
f 851 834 726
f 726 834 840
f 725 726 731
f 731 726 840
f 731 840 841
f 728 731 729
f 729 844 727
f 746 727 847
f 824 759 805
f 824 805 809
f 826 763 822
f 814 853 854
f 815 853 814
f 854 817 814
f 855 856 854
f 854 856 817
f 817 856 826
f 815 857 853
f 818 820 857
f 209 858 820
f 853 820 855
f 820 858 855
f 209 821 858
f 856 821 826
f 857 820 853
f 819 209 820
f 854 853 855
f 855 858 856
f 856 858 821
f 821 763 826
f 761 759 824
f 670 859 860
f 673 670 860
f 812 861 813
f 669 859 670
f 862 859 812
f 861 815 813
f 815 863 857
f 669 864 865
f 861 863 815
f 669 865 859
f 865 866 861
f 859 865 861
f 859 861 812
f 867 868 869
f 861 866 863
f 863 870 857
f 210 172 174
f 821 210 174
f 721 852 720
f 721 668 673
f 673 860 852
f 673 852 721
f 860 859 862
f 860 862 832
f 831 812 811
f 862 812 831
f 832 862 831
f 852 860 832
f 720 852 724
f 724 852 851
f 852 832 834
f 819 871 209
f 872 873 874
f 875 874 873
f 876 226 228
f 877 226 876
f 228 878 876
f 879 880 881
f 874 882 879
f 872 874 879
f 883 872 879
f 874 884 882
f 884 885 880
f 882 884 880
f 879 882 880
f 879 881 886
f 883 879 887
f 884 876 878
f 884 878 885
f 880 885 888
f 874 877 876
f 874 876 884
f 231 877 875
f 873 231 875
f 230 226 877
f 877 231 230
f 875 877 874
f 889 890 891
f 892 893 890
f 892 890 894
f 895 894 890
f 896 897 892
f 896 892 894
f 898 899 896
f 900 894 901
f 894 895 901
f 895 890 889
f 902 903 904
f 905 906 907
f 908 909 910
f 910 909 911
f 910 911 912
f 913 914 915
f 906 916 913
f 906 913 907
f 913 915 917
f 908 915 918
f 908 918 909
f 915 908 917
f 907 913 917
f 907 917 919
f 917 893 897
f 917 897 919
f 897 893 892
f 917 908 910
f 917 910 893
f 893 910 912
f 920 921 922
f 921 920 923
f 924 904 899
f 921 925 926
f 911 909 925
f 909 927 925
f 928 919 897
f 907 919 928
f 929 891 920
f 891 912 920
f 893 912 890
f 911 925 923
f 912 911 923
f 923 925 921
f 930 905 928
f 904 930 928
f 907 928 905
f 890 912 891
f 899 904 928
f 899 928 896
f 912 923 920
f 928 897 896
f 931 932 933
f 564 931 934
f 564 932 931
f 570 564 934
f 935 933 936
f 937 931 933
f 937 933 935
f 935 936 938
f 931 937 934
f 937 935 938
f 934 939 940
f 598 934 940
f 568 570 934
f 568 934 598
f 934 937 939
f 939 937 938
f 941 942 563
f 942 564 563
f 942 932 564
f 942 900 932
f 932 900 943
f 942 941 944
f 933 943 945
f 933 932 943
f 945 936 933
f 564 570 566
f 574 941 563
f 645 941 574
f 645 924 944
f 941 645 944
f 946 231 873
f 8 12 947
f 9 947 948
f 9 948 949
f 10 949 308
f 308 950 951
f 952 950 949
f 949 950 308
f 947 9 8
f 10 9 949
f 950 953 951
f 309 951 954
f 308 951 309
f 955 956 957
f 955 957 958
f 576 591 956
f 576 956 578
f 578 956 955
f 578 955 959
f 591 960 956
f 958 957 961
f 962 963 964
f 962 964 957
f 591 962 960
f 956 960 957
f 591 593 962
f 962 957 960
f 593 594 963
f 593 963 962
f 592 594 593
f 577 959 539
f 539 959 536
f 536 535 539
f 577 578 959
f 594 597 963
f 963 597 965
f 963 966 964
f 967 939 968
f 967 968 969
f 967 969 970
f 971 972 970
f 970 972 13
f 970 13 16
f 970 973 967
f 973 970 16
f 938 974 969
f 969 974 971
f 970 969 971
f 938 969 968
f 940 939 967
f 20 967 973
f 20 973 17
f 20 598 940
f 20 940 967
f 17 973 16
f 939 938 968
f 14 13 972
f 11 14 2
f 975 976 974
f 977 974 976
f 971 974 977
f 14 12 2
f 14 972 978
f 979 980 981
f 980 977 982
f 982 983 981
f 980 982 981
f 975 982 976
f 976 982 977
f 984 980 979
f 981 985 986
f 985 987 986
f 981 983 985
f 988 989 990
f 922 921 991
f 922 992 993
f 922 991 992
f 921 926 991
f 989 922 993
f 991 994 995
f 994 991 926
f 534 536 996
f 534 996 601
f 961 957 997
f 964 997 957
f 961 997 998
f 999 1000 883
f 1000 1001 1002
f 883 1000 872
f 1000 873 872
f 1003 883 1004
f 999 883 1003
f 1005 1006 1003
f 1003 1001 999
f 1001 1003 1006
f 1007 1008 1001
f 1001 1000 999
f 1006 1007 1001
f 1009 1007 1006
f 1008 1002 1001
f 1010 1008 965
f 597 1010 965
f 1009 1006 1005
f 1005 1011 1009
f 997 964 966
f 1009 997 966
f 997 1009 998
f 963 965 966
f 966 965 1007
f 1008 1007 965
f 966 1007 1009
f 1002 946 1000
f 946 873 1000
f 1003 1004 1012
f 1002 1008 946
f 1005 1003 1012
f 1013 1009 1011
f 14 978 12
f 978 971 977
f 979 986 1014
f 979 1014 952
f 979 981 986
f 947 984 948
f 12 978 947
f 948 952 949
f 977 980 984
f 978 977 984
f 947 978 984
f 948 979 952
f 948 984 979
f 986 1015 1014
f 1015 1016 1014
f 1015 986 1017
f 986 987 1017
f 1016 1015 1017
f 952 1014 950
f 1014 1016 950
f 888 885 1018
f 888 1019 1020
f 1021 1022 1023
f 880 888 1020
f 1022 880 1020
f 880 1022 881
f 938 1024 974
f 974 1024 975
f 1024 1025 975
f 945 889 1026
f 891 929 1027
f 1028 1029 1027
f 889 891 1027
f 889 1027 1026
f 1026 1027 1029
f 1027 1030 1031
f 1028 1027 1031
f 1029 1028 1032
f 1025 1029 1032
f 1025 1026 1029
f 936 1026 1025
f 945 1026 936
f 1024 936 1025
f 936 1024 938
f 971 978 972
f 982 1033 983
f 975 1033 982
f 975 1025 1033
f 1033 1034 983
f 1033 1032 1034
f 1025 1032 1033
f 1028 1031 1034
f 1032 1028 1034
f 983 1034 985
f 1030 989 1035
f 1036 1035 988
f 1037 1035 1036
f 987 988 1038
f 1037 1030 1035
f 1031 1030 1037
f 1034 1031 1036
f 1036 988 987
f 1037 1036 1031
f 985 1036 987
f 1034 1036 985
f 945 943 901
f 901 895 945
f 945 895 889
f 1035 989 988
f 920 922 1030
f 1027 920 1030
f 929 920 1027
f 1030 922 989
f 1018 258 257
f 1039 258 1018
f 257 260 1018
f 885 1039 1018
f 878 258 1039
f 227 258 878
f 228 227 878
f 885 878 1039
f 1010 263 1008
f 597 637 1010
f 637 264 1010
f 1010 264 263
f 263 641 1008
f 1008 641 946
f 641 243 231
f 946 641 231
f 886 1021 1040
f 1041 886 1040
f 1021 886 1022
f 886 881 1022
f 886 887 879
f 914 1011 915
f 994 1042 1043
f 926 1042 994
f 927 926 925
f 927 1044 1042
f 926 927 1042
f 1044 1041 1040
f 1044 1040 1045
f 1046 1041 1044
f 1044 1045 1043
f 1044 1043 1042
f 1040 1021 1045
f 909 1047 927
f 918 1047 909
f 887 1041 1046
f 1047 1046 1044
f 1047 1012 1046
f 927 1047 1044
f 1012 1004 1046
f 1004 887 1046
f 1041 887 886
f 1004 883 887
f 1011 1005 1012
f 1011 1012 918
f 1012 1047 918
f 1011 918 915
f 996 536 902
f 930 958 1048
f 1049 958 998
f 1048 958 1049
f 955 958 930
f 958 961 998
f 1050 959 955
f 902 1050 903
f 536 959 1050
f 536 1050 902
f 955 930 903
f 1050 955 903
f 916 914 913
f 1048 916 906
f 905 1048 906
f 1048 1049 916
f 916 1013 914
f 914 1013 1011
f 998 1009 1013
f 1049 998 916
f 998 1013 916
f 903 930 904
f 930 1048 905
f 601 996 924
f 601 924 645
f 601 645 610
f 1051 896 900
f 900 896 894
f 1052 898 1051
f 1051 898 896
f 1052 1051 944
f 944 1051 900
f 942 944 900
f 899 898 1052
f 900 901 943
f 924 899 1052
f 924 1052 944
f 924 996 902
f 902 904 924
f 1053 97 53
f 86 1053 53
f 1054 1055 86
f 1056 1053 1055
f 1055 1053 86
f 1057 98 97
f 98 1058 659
f 1053 1057 97
f 659 1058 672
f 80 79 83
f 83 82 76
f 82 1059 57
f 1059 1054 86
f 1059 86 57
f 86 53 55
f 400 208 130
f 1060 323 1061
f 1062 1063 1064
f 1062 1065 1066
f 1066 1065 1067
f 1065 1068 1069
f 1065 1069 1070
f 1065 1070 1067
f 1071 1064 1072
f 1064 1073 1072
f 1064 1063 1073
f 1072 1074 1068
f 1071 1072 1068
f 1062 1064 1071
f 1065 1062 1071
f 1065 1071 1068
f 1075 1076 1072
f 1072 1076 1074
f 1076 1077 1074
f 1078 1079 1066
f 1080 1078 1081
f 1078 1066 1081
f 1081 1066 1067
f 1079 1082 1062
f 1066 1079 1062
f 1083 1084 326
f 1085 1086 1084
f 1087 1086 1085
f 1088 1084 1083
f 1083 326 1089
f 1090 1091 1092
f 1091 1093 1092
f 1093 1094 1092
f 1095 1092 1055
f 1095 1055 1054
f 1096 1080 1081
f 1097 1098 1099
f 1097 1099 1100
f 1100 1099 1101
f 1100 1101 1102
f 1101 1090 1103
f 1090 1092 1095
f 1102 1101 1104
f 1101 1103 1104
f 1090 1095 1103
f 1103 1095 1054
f 78 1105 1102
f 79 1102 1104
f 78 1102 79
f 1106 1105 78
f 1104 82 83
f 79 1104 83
f 81 1106 78
f 326 1106 81
f 1104 1103 1054
f 1104 1054 82
f 82 1054 1059
f 1106 1107 1105
f 1084 1106 326
f 1105 1100 1102
f 1087 1080 1086
f 1084 1086 1107
f 1086 1080 1108
f 1107 1086 1108
f 1080 1097 1108
f 1107 1108 1105
f 1105 1108 1097
f 1105 1097 1100
f 1084 1107 1106
f 1109 1110 1111
f 1088 1083 1089
f 767 1112 329
f 1112 767 1113
f 1113 1111 1112
f 329 1088 1089
f 1112 1088 329
f 1113 767 771
f 1110 1087 1085
f 1085 1084 1088
f 1111 1110 1088
f 1110 1085 1088
f 1111 1088 1112
f 329 1089 327
f 327 1089 326
f 1110 1114 1087
f 1115 1116 1117
f 1055 1092 1056
f 1056 1092 1094
f 1094 1115 1056
f 1118 1115 1117
f 1115 1118 1056
f 1056 1118 1053
f 1053 1118 1057
f 1118 1117 1119
f 98 1057 1119
f 1118 1119 1057
f 98 1119 1058
f 187 1120 185
f 188 1121 187
f 669 672 864
f 865 864 867
f 652 650 658
f 1122 658 1123
f 1123 658 1124
f 658 1125 1124
f 658 656 1125
f 1126 1127 1063
f 1128 1127 1126
f 1126 1063 1082
f 1082 1063 1062
f 1128 1126 1082
f 1079 1129 1082
f 1063 1127 1130
f 1063 1130 1073
f 1131 1132 1133
f 1131 1133 1134
f 1133 1135 1136
f 1136 1137 1133
f 1134 1133 1137
f 1134 1137 1138
f 215 1137 1136
f 1139 215 239
f 1139 1137 215
f 239 215 218
f 215 1136 216
f 216 1135 213
f 216 1136 1135
f 1140 1141 1142
f 1140 1142 1143
f 545 550 547
f 1144 1145 1146
f 1147 1148 1145
f 1138 1145 1131
f 1144 1147 1145
f 1146 1145 1138
f 1144 1149 1150
f 1138 1131 1134
f 1151 1146 1138
f 1144 1146 1152
f 1152 1146 1151
f 1149 1144 1152
f 1150 1147 1144
f 1137 1151 1138
f 1153 1154 1152
f 1141 1155 1142
f 1156 1155 1141
f 1156 1154 1155
f 1154 1157 1149
f 1154 1153 1155
f 1154 1149 1152
f 1157 1154 1158
f 1141 1158 1154
f 1141 1154 1156
f 1159 1141 1140
f 1160 1161 1162
f 1162 1163 1164
f 1160 1162 1165
f 1166 1167 1161
f 1166 1161 1160
f 1160 1168 1166
f 1160 1165 1169
f 1170 1171 1172
f 1164 1171 1170
f 1170 1173 1174
f 1173 1170 1175
f 1175 1170 1176
f 1175 1177 1173
f 1165 1174 1173
f 1165 1173 1177
f 1171 1164 1163
f 1174 1164 1170
f 1174 1162 1164
f 1174 1165 1162
f 1160 1178 1168
f 1160 1169 1178
f 1179 1178 1169
f 1180 1178 1179
f 1181 1165 1177
f 1181 1177 1182
f 1177 1183 1182
f 1184 1175 1185
f 1186 1184 1185
f 1183 1177 1184
f 1183 1184 1186
f 1169 1165 1181
f 1169 1181 1179
f 1179 1181 1182
f 1187 1179 1182
f 1182 1188 1187
f 1187 1188 1189
f 1177 1175 1184
f 1139 1151 1137
f 1190 1142 1155
f 1155 1153 1191
f 1191 1192 1155
f 1155 1192 1190
f 1152 1151 241
f 241 1151 1139
f 241 1139 238
f 238 1139 239
f 1153 1152 241
f 1191 1153 241
f 1191 241 240
f 529 544 530
f 1193 1194 1195
f 1196 1195 1194
f 1197 1195 544
f 1195 1196 1198
f 1195 1198 544
f 1197 1193 1195
f 1182 1183 1199
f 1182 1199 1188
f 1199 1200 1188
f 1200 1201 1202
f 1193 1203 1204
f 1183 1205 1199
f 1199 1205 1203
f 1186 1205 1183
f 1185 1204 1186
f 1204 1205 1186
f 1205 1204 1203
f 1201 1200 1203
f 1200 1199 1203
f 1193 1206 1194
f 1204 1185 1206
f 1206 1193 1204
f 1188 1200 1189
f 551 1143 585
f 550 1143 551
f 585 590 586
f 590 1142 1190
f 1142 590 1143
f 590 1190 588
f 1143 590 585
f 1190 596 588
f 550 1196 1143
f 1194 1159 1140
f 1196 1140 1143
f 1196 1194 1140
f 544 1198 545
f 1198 550 545
f 1198 1196 550
f 1176 1170 1172
f 1172 1171 1207
f 1172 1207 1148
f 1208 1150 1149
f 1157 1208 1149
f 1147 1172 1148
f 1147 1150 1172
f 1176 1172 1150
f 1176 1150 1208
f 1209 1158 1159
f 1176 1208 1175
f 1175 1208 1209
f 1158 1209 1157
f 1209 1208 1157
f 1158 1141 1159
f 1206 1209 1159
f 1206 1185 1209
f 1206 1159 1194
f 1185 1175 1209
f 1192 1191 639
f 1190 1192 596
f 1192 639 596
f 639 1191 240
f 1180 1179 1187
f 1210 1211 1212
f 679 1213 684
f 1213 1214 684
f 1213 1215 1214
f 684 1216 676
f 1217 1218 677
f 676 1216 677
f 1219 1220 1221
f 1221 1220 1222
f 1223 1224 1217
f 1223 1217 1225
f 1224 1221 1217
f 1217 1221 1222
f 1222 1218 1217
f 1225 1217 1216
f 1216 1217 677
f 678 677 685
f 1226 1227 1228
f 1227 1229 1211
f 1229 1223 1225
f 1230 1229 1225
f 1230 1225 1214
f 1229 1230 1212
f 1216 1214 1225
f 1212 1230 1214
f 1214 1216 684
f 1215 1212 1214
f 1229 1212 1211
f 1221 1231 1219
f 1219 1231 1232
f 1224 1231 1221
f 1218 1222 1233
f 1222 1220 1233
f 1233 687 686
f 1218 1233 686
f 685 1218 686
f 685 677 1218
f 1220 1234 687
f 1233 1220 687
f 1215 1213 679
f 1235 1215 690
f 1215 679 690
f 1235 690 689
f 1236 703 697
f 1237 1236 697
f 697 688 1237
f 687 1238 1237
f 1234 1239 687
f 1219 1232 1220
f 687 1237 688
f 1236 799 786
f 703 1236 786
f 1237 1238 1236
f 1240 1241 748
f 1242 716 718
f 718 717 733
f 1242 718 1241
f 748 733 732
f 712 711 743
f 1243 745 744
f 743 1243 744
f 1241 718 733
f 1241 733 748
f 1244 321 1245
f 321 320 322
f 1060 321 322
f 321 1060 1245
f 322 323 1060
f 1246 1247 321
f 1246 321 1244
f 1248 1247 1246
f 1249 1061 1250
f 1249 1251 1061
f 1249 1250 1252
f 1250 1253 1252
f 1254 1249 1252
f 1254 1255 1249
f 1256 1244 1245
f 1256 1245 1060
f 1060 1061 1251
f 1251 1249 1255
f 1256 1060 1257
f 1060 1251 1257
f 1257 1251 1255
f 1256 1257 1258
f 1259 1244 1256
f 1259 1256 1258
f 1260 1259 1258
f 1261 1262 1263
f 1263 1262 1264
f 1265 1264 1266
f 1267 1254 1252
f 1255 1254 1268
f 1269 1267 1252
f 1257 1255 1268
f 1257 1268 1270
f 1271 1257 1270
f 1271 1258 1257
f 1268 1254 1267
f 1266 1260 1258
f 1272 1266 1258
f 1260 1266 1273
f 1272 1271 1265
f 1266 1272 1265
f 1271 1272 1258
f 1269 1109 1274
f 1109 1111 1113
f 1267 1269 1275
f 1253 1109 1269
f 1276 771 1277
f 1274 1109 1113
f 1113 771 1274
f 1276 1274 771
f 769 766 770
f 1277 771 766
f 769 1277 766
f 1269 1252 1253
f 1253 1114 1109
f 1109 1114 1110
f 1235 788 1215
f 1278 1211 1210
f 788 789 1215
f 1235 689 788
f 1279 1278 1280
f 1228 1211 1278
f 1228 1278 1279
f 1228 1227 1211
f 1215 789 1212
f 518 789 515
f 518 1212 789
f 1281 1278 1210
f 1210 1212 518
f 1276 769 1282
f 1276 1277 769
f 687 1283 1238
f 1232 1234 1220
f 1238 1284 1236
f 1285 1286 1287
f 1286 1288 1283
f 1283 1288 1284
f 1238 1283 1284
f 1286 1283 1239
f 711 1284 743
f 799 1284 711
f 1236 1284 799
f 1285 1289 1286
f 1234 1232 1287
f 1287 1286 1239
f 1234 1287 1239
f 1285 1287 1232
f 1290 1288 1291
f 1289 1288 1286
f 1290 1243 743
f 1288 1290 1284
f 1284 1290 743
f 687 1239 1283
f 1292 1293 1240
f 1291 1294 1293
f 1291 1293 1292
f 1291 1292 1243
f 1290 1291 1243
f 1294 1241 1293
f 1293 1241 1240
f 1294 1291 1288
f 1294 1288 1289
f 1292 1240 748
f 1243 1292 748
f 748 745 1243
f 1242 1295 716
f 1296 791 1295
f 1295 791 716
f 791 792 715
f 791 715 716
f 1282 769 791
f 1282 791 1296
f 317 315 314
f 954 1297 317
f 309 954 317
f 951 953 954
f 950 1016 953
f 1280 317 1298
f 1299 1280 1278
f 1297 1298 317
f 953 1016 1300
f 954 953 1297
f 1301 1298 1297
f 1301 1297 953
f 1281 318 1299
f 318 315 1299
f 1278 1281 1299
f 317 1280 1299
f 315 317 1299
f 1302 260 1303
f 1302 1303 1304
f 1305 1306 1307
f 1305 1308 1306
f 1308 1309 1306
f 1310 1311 1309
f 1311 1312 1309
f 1308 1310 1309
f 1313 1314 1315
f 1312 1315 1309
f 1316 1308 1305
f 1312 1313 1315
f 1311 1317 1312
f 1304 1318 1317
f 1313 1317 1318
f 1312 1317 1313
f 1313 1319 1314
f 1320 1321 1322
f 1323 1305 1321
f 1304 1303 1318
f 1305 1307 1321
f 786 799 785
f 710 799 711
f 1324 1325 1326
f 1327 1328 1325
f 1327 1325 1324
f 1326 1325 1329
f 1330 1325 1331
f 1325 1330 1329
f 1332 1327 1333
f 1327 1334 1333
f 1334 1327 1324
f 1285 1335 1289
f 1331 1335 1285
f 1330 1331 1285
f 1332 1333 1336
f 1333 1334 1336
f 1328 1337 1338
f 1327 1337 1328
f 1328 1339 1331
f 1331 1339 1335
f 1325 1328 1331
f 1328 1338 1339
f 1340 1337 1332
f 1332 1337 1327
f 1336 1341 1332
f 1342 1341 1336
f 1343 1242 1335
f 1335 1242 1294
f 1335 1294 1289
f 1294 1242 1241
f 1344 1296 1242
f 1343 1344 1242
f 1242 1296 1295
f 1345 1276 1282
f 1345 1282 1346
f 1346 1282 1296
f 1344 1346 1296
f 1347 1345 1346
f 1348 1347 1346
f 1348 1346 1344
f 1340 1338 1337
f 1338 1349 1339
f 1340 1350 1338
f 1350 1348 1338
f 1338 1348 1349
f 1339 1349 1343
f 1339 1343 1335
f 1349 1348 1344
f 1349 1344 1343
f 1351 1352 1353
f 1354 1355 1353
f 1356 1357 1358
f 1355 1351 1353
f 1356 1359 1360
f 1355 1356 1360
f 1355 1360 1351
f 1352 1351 1361
f 1362 1357 1354
f 1363 1362 1354
f 1354 1357 1356
f 1355 1354 1356
f 1364 254 259
f 260 1364 1303
f 1309 1365 1306
f 1366 1306 1365
f 1307 1306 1366
f 1367 1314 1319
f 1314 1367 1365
f 1309 1315 1314
f 1309 1314 1365
f 1318 1368 1369
f 1363 1319 1369
f 1313 1318 1369
f 1313 1369 1319
f 1370 1307 1371
f 1366 1352 1371
f 1366 1371 1307
f 1366 1365 1352
f 1352 1361 1371
f 1365 1353 1352
f 1361 1351 1372
f 1365 1367 1354
f 1365 1354 1353
f 1363 1369 1362
f 1367 1363 1354
f 1319 1363 1367
f 988 1373 1038
f 1038 1373 1374
f 1375 1320 1376
f 993 1320 1375
f 990 1375 1376
f 990 993 1375
f 990 1376 1373
f 993 1323 1320
f 992 1323 993
f 1373 988 990
f 989 993 990
f 1373 1376 1377
f 995 992 991
f 1378 1379 1380
f 1377 1378 1381
f 1382 1383 1379
f 1384 1379 1383
f 1380 1379 1384
f 1383 1385 1386
f 1383 1386 1387
f 1370 1371 1388
f 1389 1379 1377
f 1377 1379 1378
f 1371 1361 1388
f 1361 1385 1388
f 1383 1388 1385
f 1382 1389 1370
f 1389 1382 1379
f 1370 1388 1382
f 1382 1388 1383
f 1390 1358 1391
f 1357 1391 1358
f 1359 1356 1358
f 1342 1360 1359
f 1351 1360 1392
f 1392 1360 1393
f 1394 1342 1359
f 1393 1360 1342
f 1342 1395 1393
f 1385 1372 1392
f 1372 1351 1392
f 1389 1376 1322
f 1376 1320 1322
f 1377 1376 1389
f 1374 1377 1381
f 1373 1377 1374
f 1393 1395 1396
f 1392 1393 1397
f 1395 1342 1336
f 1370 1322 1307
f 1321 1307 1322
f 1370 1389 1322
f 1361 1372 1385
f 1385 1392 1397
f 1391 1261 1390
f 1362 1391 1357
f 1398 1399 1400
f 1400 256 1398
f 1401 259 1400
f 1401 1364 259
f 1402 1364 1401
f 1364 1402 1318
f 1318 1303 1364
f 1403 1404 1405
f 1406 1404 1403
f 1403 1273 1262
f 1403 1262 1261
f 1261 1406 1403
f 1407 1261 1391
f 1407 1406 1261
f 1368 1406 1407
f 1408 1406 1368
f 1409 1404 1406
f 1400 1399 1408
f 1409 1399 1410
f 1408 1399 1409
f 1408 1409 1406
f 1401 1408 1402
f 1368 1318 1402
f 1400 1408 1401
f 1402 1408 1368
f 1369 1368 1362
f 1391 1362 1407
f 1362 1368 1407
f 1410 1404 1409
f 1399 266 1411
f 1410 1399 1411
f 1398 266 1399
f 1410 1412 1405
f 1410 1405 1404
f 518 515 519
f 517 1281 518
f 1210 518 1281
f 1281 517 469
f 469 318 1281
f 1378 1380 1413
f 1378 1413 1414
f 1038 1415 987
f 1017 987 1415
f 1017 1415 1016
f 1298 1416 1279
f 1417 1418 1416
f 1419 1418 1417
f 1420 1419 1417
f 1374 1415 1038
f 1415 1374 1381
f 1016 1415 1421
f 1415 1422 1421
f 1422 1414 1423
f 1414 1413 1419
f 1414 1419 1420
f 1422 1378 1414
f 1381 1378 1422
f 1422 1415 1381
f 1423 1421 1422
f 1300 1421 1423
f 1016 1421 1300
f 1423 1414 1420
f 1417 1298 1301
f 1298 1417 1416
f 1420 1417 1301
f 1423 1420 1300
f 1300 1420 1301
f 1300 1301 953
f 1424 1425 1426
f 1426 1425 1226
f 1425 1427 1229
f 1425 1229 1227
f 1425 1227 1226
f 1428 1232 1231
f 1424 1429 1425
f 1429 1427 1425
f 1430 1429 1428
f 1429 1430 1224
f 1427 1224 1223
f 1427 1223 1229
f 1428 1285 1232
f 1430 1428 1231
f 1224 1430 1231
f 1427 1429 1224
f 1431 1426 1226
f 1432 1426 1431
f 1433 1329 1424
f 1426 1433 1424
f 1433 1326 1329
f 1329 1330 1429
f 1329 1429 1424
f 1434 1396 1334
f 1324 1326 1433
f 1434 1324 1433
f 1434 1334 1324
f 1330 1428 1429
f 1285 1428 1330
f 1396 1336 1334
f 1390 1263 1435
f 1434 1433 1426
f 1426 1432 1434
f 1432 1436 1434
f 1437 1436 1432
f 1396 1434 1436
f 1394 1438 1341
f 1302 1018 260
f 1018 1302 1019
f 1019 1302 1304
f 888 1018 1019
f 1439 1310 1308
f 1023 1311 1310
f 1019 1304 1317
f 1019 1317 1311
f 992 1440 1323
f 1323 1321 1320
f 1310 1021 1023
f 1311 1023 1019
f 1019 1023 1020
f 1022 1020 1023
f 1043 1045 995
f 995 1045 1440
f 1021 1310 1439
f 1045 1021 1439
f 1440 1045 1316
f 1440 1316 1305
f 1316 1045 1439
f 1439 1308 1316
f 1323 1440 1305
f 995 1440 992
f 1380 1441 1419
f 1380 1419 1413
f 1441 1387 1442
f 1441 1442 1443
f 1441 1443 1419
f 1384 1383 1387
f 1384 1387 1441
f 1384 1441 1380
f 1385 1397 1386
f 1261 1263 1390
f 1438 1390 1435
f 1358 1390 1438
f 1359 1438 1394
f 1358 1438 1359
f 1298 1279 1280
f 1279 1444 1228
f 1416 1445 1279
f 1416 1418 1445
f 1443 1442 1445
f 1443 1445 1418
f 1419 1443 1418
f 1431 1226 1228
f 1431 1228 1444
f 1445 1444 1279
f 1445 1431 1444
f 1445 1432 1431
f 1446 1436 1437
f 1445 1437 1432
f 1442 1437 1445
f 1446 1437 1442
f 1387 1397 1446
f 1446 1442 1387
f 1386 1397 1387
f 1446 1396 1436
f 1393 1396 1446
f 1395 1336 1396
f 1393 1446 1397
f 1394 1341 1342
f 259 256 1400
f 254 1364 260
f 256 261 1398
f 1447 1248 1448
f 1447 1449 1248
f 1450 1449 1447
f 1451 262 1450
f 1451 1450 1447
f 1448 1452 1259
f 1246 1244 1259
f 1259 1452 1246
f 1262 1273 1264
f 1264 1273 1266
f 1405 1453 1403
f 1403 1453 1273
f 266 233 235
f 261 266 1398
f 266 235 1411
f 1451 235 262
f 235 1451 1411
f 1411 1451 1412
f 1411 1412 1410
f 1451 1447 1412
f 1448 1248 1452
f 1452 1248 1246
f 1447 1448 1412
f 1260 1448 1259
f 1273 1448 1260
f 1405 1412 1453
f 1453 1448 1273
f 1412 1448 1453
f 1275 1269 1454
f 1455 1275 1454
f 1454 1269 1276
f 1269 1274 1276
f 1455 1454 1347
f 1347 1454 1345
f 1345 1454 1276
f 1341 1456 1457
f 1457 1340 1332
f 1457 1332 1341
f 1264 1265 1263
f 1458 1459 1460
f 1461 1458 1460
f 1456 1461 1457
f 1456 1462 1461
f 1341 1435 1456
f 1435 1462 1456
f 1438 1435 1341
f 1265 1459 1458
f 1462 1265 1458
f 1462 1458 1461
f 1263 1265 1462
f 1263 1462 1435
f 1268 1267 1275
f 1268 1275 1463
f 1463 1275 1455
f 1463 1455 1347
f 1270 1268 1463
f 1463 1347 1348
f 1460 1463 1348
f 1459 1463 1460
f 1270 1463 1459
f 1350 1460 1348
f 1340 1461 1350
f 1461 1460 1350
f 1457 1461 1340
f 1459 1271 1270
f 1265 1271 1459
f 994 1043 995
f 1135 1464 213
f 1465 1466 1467
f 1468 1132 1131
f 1469 1470 1132
f 1468 1469 1132
f 1471 1465 1470
f 1132 1470 1472
f 1472 1135 1132
f 1133 1132 1135
f 1470 1465 1473
f 1470 1474 1472
f 1474 1470 1473
f 1145 1475 1131
f 1145 1148 1475
f 1476 1475 1148
f 1131 1475 1468
f 1477 1478 1479
f 234 1477 1479
f 265 1477 234
f 1480 1481 1482
f 1483 1481 1480
f 1479 1483 1480
f 1479 1480 1484
f 1481 1485 1482
f 1485 1486 1482
f 1482 1486 1487
f 1478 1483 1479
f 1484 1480 1488
f 1480 1482 1488
f 1489 1248 1488
f 1482 1487 1488
f 1487 1489 1488
f 1479 1484 262
f 234 1479 262
f 1248 1489 1247
f 1484 1488 1248
f 1487 1486 1490
f 1491 1490 1492
f 1490 1493 1492
f 1487 1490 1491
f 1487 1491 1489
f 1491 1492 1494
f 1491 1494 319
f 319 1489 1491
f 320 1494 1495
f 319 1494 320
f 1247 319 321
f 1247 1489 319
f 1161 1163 1162
f 1496 1171 1163
f 1167 1497 1161
f 1163 1161 1497
f 1498 1499 1500
f 1486 1501 1502
f 1502 1493 1490
f 1490 1486 1502
f 1502 1498 1493
f 1502 1501 1498
f 247 1503 1504
f 247 1504 248
f 1464 247 213
f 1135 1503 1464
f 1464 1503 247
f 1505 1506 1507
f 265 1505 1477
f 1508 1509 1506
f 1510 1509 1508
f 1510 1508 1511
f 245 1508 1506
f 1511 1508 245
f 245 248 1511
f 1512 1513 1510
f 1514 1512 1510
f 245 1505 250
f 250 1505 265
f 1506 1505 245
f 1504 1514 1510
f 1504 1510 1511
f 1504 1511 248
f 1515 1504 1503
f 1515 1514 1504
f 1515 1473 1512
f 1515 1512 1514
f 1135 1472 1503
f 1472 1515 1503
f 1474 1473 1472
f 1515 1472 1473
f 1473 1516 1512
f 1517 1518 1519
f 1509 1517 1519
f 1519 1518 1520
f 1507 1519 1520
f 1513 1509 1510
f 1509 1521 1517
f 1506 1509 1519
f 1507 1506 1519
f 1512 1516 1513
f 1522 1523 1524
f 1523 1525 1524
f 1526 1525 1523
f 1527 1528 1526
f 1528 1529 1526
f 1527 1526 1530
f 1527 1530 1531
f 1531 1532 1527
f 1533 1530 1534
f 1522 1524 1535
f 1536 1537 1531
f 1532 1531 1538
f 1531 1537 1538
f 1539 1533 1540
f 1539 1536 1533
f 1541 1538 1537
f 1542 1465 1467
f 1473 1465 1542
f 1467 1538 1542
f 1542 1538 1541
f 1467 1532 1538
f 1536 1530 1533
f 1536 1531 1530
f 1516 1473 1542
f 1521 1543 1517
f 1516 1541 1521
f 1513 1521 1509
f 1521 1513 1516
f 1516 1542 1541
f 1543 1541 1537
f 1521 1541 1543
f 1543 1536 1539
f 1543 1537 1536
f 1507 1520 1477
f 1505 1507 1477
f 1544 1545 1483
f 1478 1520 1483
f 1477 1520 1478
f 1520 1544 1483
f 1518 1544 1520
f 1546 1544 1518
f 1546 1547 1545
f 1546 1545 1544
f 1483 1547 1481
f 1483 1545 1547
f 1517 1546 1518
f 1547 1485 1481
f 1522 1534 1523
f 1534 1522 1533
f 1526 1523 1534
f 1534 1530 1526
f 1548 1535 1549
f 1540 1522 1535
f 1548 1540 1535
f 1550 1548 1551
f 1548 1549 1551
f 1550 1551 1499
f 1552 1540 1550
f 1540 1533 1522
f 1550 1540 1548
f 1535 1553 1554
f 1549 1535 1554
f 1555 1550 1499
f 1555 1552 1550
f 1539 1540 1552
f 1486 1485 1501
f 1485 1547 1555
f 1546 1543 1556
f 1517 1543 1546
f 1547 1556 1555
f 1547 1546 1556
f 1485 1555 1501
f 1556 1557 1555
f 1556 1543 1557
f 1555 1557 1552
f 1557 1539 1552
f 1543 1539 1557
f 1501 1499 1498
f 1501 1555 1499
f 1163 1497 1558
f 1496 1163 1558
f 1148 1207 1476
f 1207 1496 1476
f 1171 1496 1207
f 1559 1558 1560
f 1561 1562 1563
f 1564 1475 1476
f 1559 1560 1565
f 1565 1566 1567
f 1565 1560 1566
f 1566 1560 1568
f 1476 1496 1559
f 1469 1564 1569
f 1569 1564 1570
f 1476 1570 1564
f 1475 1564 1469
f 1496 1558 1559
f 1559 1570 1476
f 1475 1469 1468
f 1567 1571 1572
f 1567 1572 1569
f 1570 1567 1569
f 1570 1565 1567
f 1559 1565 1570
f 1571 1567 1566
f 1573 1574 1575
f 1574 1573 1576
f 1573 1467 1466
f 1466 1576 1573
f 1465 1576 1466
f 1574 1562 1561
f 1574 1561 1575
f 1469 1576 1470
f 1576 1471 1470
f 1577 1576 1569
f 1577 1574 1576
f 1577 1572 1574
f 1569 1572 1577
f 1469 1569 1576
f 1471 1576 1465
f 1571 1566 1578
f 1572 1571 1574
f 1574 1571 1562
f 1571 1578 1562
f 262 1484 1450
f 1450 1484 1449
f 1449 1484 1248
f 265 234 233
f 1558 1497 1579
f 1579 1497 1167
f 1579 1560 1558
f 1528 1580 1529
f 1563 1580 1528
f 1561 1563 1528
f 1561 1528 1527
f 1575 1561 1527
f 1575 1527 1532
f 1467 1575 1532
f 1467 1573 1575
f 1535 1524 1553
f 1581 1524 1582
f 1524 1581 1553
f 1553 1581 1554
f 1554 1581 1583
f 1554 1583 1584
f 1554 1584 1585
f 1583 1586 1584
f 1587 278 277
f 1588 280 1589
f 1588 614 280
f 1589 280 278
f 1590 1591 1592
f 1593 1594 1595
f 1594 1592 1595
f 1596 1597 1598
f 1599 1597 1588
f 1600 1599 1588
f 1600 1588 1589
f 1591 1600 1592
f 1592 1600 1587
f 1592 1587 1595
f 1599 1600 1591
f 1595 277 1601
f 1595 1587 277
f 1589 278 1587
f 1600 1589 1587
f 1601 277 279
f 1595 1601 286
f 286 1601 279
f 626 1602 629
f 1602 626 622
f 1602 622 1603
f 1603 622 624
f 1604 643 1605
f 1605 643 614
f 1602 1603 1604
f 1596 1602 1604
f 1604 1603 642
f 1604 642 643
f 1603 624 642
f 1597 1605 1588
f 1597 1596 1604
f 1597 1604 1605
f 1606 1607 1608
f 1588 1605 614
f 1609 1610 1611
f 1609 1611 1612
f 1611 1610 1613
f 1614 657 1615
f 1616 1617 1618
f 1619 1614 1615
f 1618 1617 1620
f 1617 1621 1622
f 1618 1620 1623
f 1615 1618 1623
f 1620 1624 1623
f 1622 1625 1624
f 1615 1623 1619
f 1624 1626 1623
f 1627 1617 1616
f 656 1628 1125
f 656 1614 1628
f 1616 1618 1615
f 1628 1614 1619
f 1629 1628 1619
f 1617 1622 1620
f 1622 1624 1620
f 1630 1629 1619
f 1623 1626 1619
f 1613 1610 1631
f 657 655 1616
f 1617 1613 1632
f 1617 1632 1621
f 657 1616 1615
f 1627 1611 1613
f 1627 1613 1617
f 655 1627 1616
f 1633 1634 1609
f 1609 1634 1610
f 1633 1609 1635
f 1636 1635 647
f 1635 1609 1637
f 647 1635 1637
f 651 1636 647
f 1609 1612 1637
f 1125 1629 1124
f 1125 1628 1629
f 647 1637 648
f 651 647 649
f 1612 648 1637
f 1612 1611 1627
f 1612 1627 648
f 648 1627 655
f 657 1614 654
f 654 1614 656
f 332 354 351
f 351 354 353
f 357 355 332
f 1638 1639 1640
f 1640 1641 1129
f 1642 1643 1639
f 1639 1643 1640
f 1642 1644 1643
f 1645 1639 1638
f 1639 1645 1642
f 1646 1647 1642
f 1061 1646 1642
f 1645 1061 1642
f 1648 1649 1650
f 1648 1650 1644
f 1651 1652 1648
f 1648 1653 1654
f 1651 1648 1654
f 1649 1655 1656
f 1649 1656 1650
f 1644 1650 1643
f 1657 1651 1654
f 1648 1652 1658
f 1648 1658 1649
f 323 1646 1061
f 1643 1650 1659
f 1641 1640 1660
f 1640 1643 1660
f 1643 1661 1660
f 1494 1492 1495
f 1647 1653 1644
f 1653 1648 1644
f 1647 1662 1653
f 1492 1657 1495
f 1495 1657 1654
f 1495 1654 1662
f 1662 1654 1653
f 1643 1659 1661
f 1647 1644 1642
f 1662 1647 1646
f 323 320 1646
f 1646 1495 1662
f 320 1495 1646
f 1663 1664 1665
f 1663 1665 1666
f 1663 1666 1667
f 1668 1669 1670
f 1669 1671 1672
f 1673 1674 1675
f 1676 1675 1677
f 1678 1675 1679
f 1680 1681 1682
f 1075 1682 1076
f 1683 1684 1685
f 1686 1678 1684
f 1683 1685 1687
f 1677 1675 1678
f 1678 1679 1684
f 1686 1677 1678
f 1683 1681 1680
f 1681 1683 1687
f 1072 1073 1075
f 1073 1130 1075
f 1681 1688 1682
f 1076 1682 1077
f 1681 1687 1688
f 1061 1645 1250
f 1640 1129 1689
f 1690 1689 1078
f 1078 1691 1079
f 1689 1691 1078
f 1087 1690 1080
f 1690 1078 1080
f 1638 1640 1690
f 1114 1638 1690
f 1253 1638 1114
f 1253 1250 1638
f 1250 1645 1638
f 1640 1689 1690
f 1087 1114 1690
f 1692 1693 1694
f 1695 1692 1696
f 1696 1692 1697
f 1698 1699 1700
f 1652 1698 1700
f 1658 1701 1696
f 1652 1700 1658
f 1700 1701 1658
f 1658 1696 1697
f 1649 1658 1697
f 1651 1698 1652
f 1702 1698 1651
f 1702 1703 1698
f 1704 1705 1699
f 1701 1699 1706
f 1500 1551 1704
f 1499 1551 1500
f 1707 1708 1706
f 1705 1707 1706
f 1705 1706 1699
f 1706 1708 1695
f 1700 1699 1701
f 1701 1706 1695
f 1701 1695 1696
f 1695 1709 1692
f 1709 1693 1692
f 1704 1699 1698
f 1500 1704 1698
f 1703 1500 1698
f 1498 1500 1703
f 1493 1498 1703
f 1702 1651 1657
f 1493 1703 1702
f 1493 1702 1492
f 1492 1702 1657
f 1693 1710 1711
f 1693 1711 1712
f 1713 1714 1711
f 1549 1705 1704
f 1551 1549 1704
f 1549 1554 1705
f 1715 1710 1693
f 1716 1717 1715
f 1709 1708 1716
f 1693 1709 1715
f 1716 1715 1709
f 1717 1716 1708
f 1718 1633 1719
f 1666 1633 1718
f 1666 1720 1633
f 1720 1721 1633
f 1666 1718 1667
f 1719 1667 1718
f 1633 1721 1634
f 1633 1635 1636
f 1722 1719 1636
f 1722 1636 651
f 1723 1724 651
f 651 1724 1722
f 1719 1633 1636
f 1719 1722 1667
f 1667 1722 1724
f 1724 1723 1122
f 652 1723 651
f 1122 1723 652
f 1122 652 658
f 1689 1129 1691
f 1725 1726 1127
f 1725 1127 1128
f 1725 1128 1129
f 1129 1128 1082
f 1641 1727 1725
f 1691 1129 1079
f 1728 1729 1127
f 1727 1726 1725
f 1726 1728 1127
f 1727 1730 1728
f 1727 1728 1726
f 1731 1732 1733
f 1734 1735 1736
f 1736 1737 1738
f 1738 1737 1739
f 1735 1740 1737
f 1741 1737 1740
f 1741 1740 1742
f 1735 1737 1736
f 1732 1738 1739
f 1673 1676 1731
f 1673 1731 1733
f 1676 1673 1675
f 1743 1744 1745
f 1745 1676 1743
f 1743 1676 1677
f 1745 1738 1676
f 1676 1738 1731
f 1745 1734 1736
f 1746 1747 1748
f 1747 1734 1745
f 1744 1748 1745
f 1736 1738 1745
f 1738 1732 1731
f 1749 1744 1750
f 1744 1751 1748
f 1748 1747 1745
f 1746 1748 1751
f 1749 1751 1744
f 1742 1752 1753
f 1735 1752 1740
f 1754 1751 1749
f 1755 1746 1751
f 1752 1742 1740
f 1734 1752 1735
f 1756 1747 1746
f 1747 1756 1734
f 1754 1755 1751
f 1757 1758 1680
f 1759 1760 1729
f 1075 1757 1680
f 1130 1729 1757
f 1729 1760 1758
f 1729 1758 1757
f 1075 1680 1682
f 1130 1757 1075
f 1761 1686 1683
f 1683 1686 1684
f 1762 1760 1759
f 1763 1762 1759
f 1750 1744 1743
f 1764 1743 1677
f 1765 1750 1764
f 1766 1750 1762
f 1750 1743 1764
f 1677 1686 1764
f 1761 1764 1686
f 1762 1750 1765
f 1758 1765 1761
f 1758 1761 1680
f 1765 1764 1761
f 1680 1761 1683
f 1762 1765 1758
f 1760 1762 1758
f 1767 1768 1769
f 1768 1770 1769
f 1768 1754 1749
f 1768 1767 1754
f 1770 1768 1763
f 1750 1766 1749
f 1763 1766 1762
f 1768 1766 1763
f 1768 1749 1766
f 1641 1660 1727
f 1129 1641 1725
f 1127 1729 1130
f 1730 1729 1728
f 1661 1730 1727
f 1660 1661 1727
f 1771 1772 1661
f 1730 1661 1772
f 1771 1773 1772
f 1661 1659 1771
f 1774 1773 1771
f 1770 1763 1773
f 1763 1772 1773
f 1730 1772 1759
f 1772 1763 1759
f 1730 1759 1729
f 1773 1774 1769
f 1711 1714 1712
f 1712 1714 1775
f 1712 1775 1776
f 1712 1776 1777
f 1776 1778 1777
f 1694 1712 1777
f 1694 1693 1712
f 1692 1694 1779
f 1655 1780 1781
f 1697 1692 1779
f 1697 1779 1780
f 1775 1668 1776
f 1782 1777 1778
f 1776 1783 1778
f 1779 1694 1777
f 1780 1779 1777
f 1777 1782 1784
f 1780 1777 1784
f 1785 1786 1753
f 1787 1786 1785
f 1788 1786 1787
f 1785 1753 1752
f 1788 1782 1786
f 1782 1753 1786
f 1734 1785 1752
f 1756 1787 1734
f 1734 1787 1785
f 1789 1787 1756
f 1790 1791 1755
f 1792 1793 1789
f 1755 1789 1746
f 1791 1789 1755
f 1787 1789 1793
f 1793 1794 1787
f 1789 1791 1792
f 1795 1793 1792
f 1789 1756 1746
f 1767 1755 1754
f 1790 1755 1767
f 1778 1796 1753
f 1753 1782 1778
f 1794 1788 1787
f 1784 1794 1793
f 1795 1784 1793
f 1794 1782 1788
f 1794 1784 1782
f 1790 1792 1791
f 1781 1792 1790
f 1781 1795 1792
f 1781 1790 1656
f 1781 1780 1795
f 1797 1790 1767
f 1780 1784 1795
f 1655 1781 1656
f 1650 1656 1798
f 1649 1697 1655
f 1697 1780 1655
f 1656 1797 1798
f 1797 1656 1790
f 1797 1767 1769
f 1774 1797 1769
f 1774 1798 1797
f 1798 1774 1650
f 1650 1771 1659
f 1650 1774 1771
f 1773 1769 1770
f 1753 1796 1799
f 1800 1671 1801
f 1801 1671 1669
f 1668 1775 1801
f 1801 1669 1668
f 1783 1776 1668
f 1714 1801 1775
f 1705 1554 1707
f 1554 1585 1707
f 1708 1585 1717
f 1707 1585 1708
f 1585 1584 1717
f 1708 1709 1695
f 286 285 1802
f 1590 1592 1594
f 1593 1802 1803
f 1593 1595 286
f 1593 286 1802
f 1804 1166 1168
f 1167 1166 1804
f 1805 1167 1804
f 1804 1168 1806
f 1807 1806 1808
f 1809 1810 1811
f 1810 1809 1806
f 1806 1807 1810
f 1809 1804 1806
f 1812 1813 1814
f 1814 1815 1812
f 1813 1816 1817
f 1818 1819 1820
f 1821 1819 1818
f 1821 1822 1819
f 1819 1822 1823
f 1822 1824 1823
f 1823 1824 1825
f 1826 1820 1819
f 1821 1827 1822
f 1822 1827 1824
f 1828 1814 1827
f 1827 1829 1824
f 1827 1813 1829
f 1827 1814 1813
f 1821 1828 1827
f 1828 1815 1814
f 1821 1830 1831
f 1830 1821 1832
f 1831 1828 1821
f 1831 1830 1815
f 1815 1828 1831
f 1824 1829 1833
f 1834 1835 1836
f 1836 1837 1838
f 1834 1839 1840
f 1839 1834 1841
f 1834 1836 1841
f 1838 1841 1836
f 1835 1834 1842
f 1842 1834 1840
f 1843 1844 1842
f 1529 1845 1525
f 1526 1529 1525
f 1800 1801 1714
f 1714 1713 1800
f 1846 1847 1848
f 1849 1846 1713
f 1846 1800 1713
f 1846 1848 1671
f 1800 1846 1671
f 1848 1850 1671
f 1850 1851 1852
f 1853 1854 1855
f 1855 1856 1853
f 1857 1858 1853
f 1853 1859 1857
f 1858 1854 1853
f 1859 1860 1861
f 1859 1853 1860
f 1862 1861 1837
f 1863 1857 1864
f 1865 1858 1857
f 1864 1861 1862
f 1864 1859 1861
f 1857 1859 1864
f 1866 1864 1862
f 1580 1845 1529
f 1580 1867 1845
f 1868 1867 1580
f 1845 1869 1870
f 1869 1845 1867
f 1845 1870 1525
f 1871 1872 1867
f 1873 1872 1871
f 1868 1871 1867
f 1874 1872 1873
f 1875 1874 1876
f 1875 1877 1878
f 1875 1863 1877
f 1877 1863 1864
f 1872 1869 1867
f 1879 1875 1880
f 1881 1879 1880
f 1879 1874 1875
f 1872 1879 1869
f 1872 1874 1879
f 1875 1865 1863
f 1865 1857 1863
f 1876 1882 1865
f 1876 1865 1875
f 1874 1873 1876
f 1882 1876 1873
f 1883 1882 1873
f 1882 1858 1865
f 1882 1883 1858
f 1881 1880 1884
f 1884 1885 1886
f 1884 1887 1885
f 1582 1881 1886
f 1870 1888 1582
f 1582 1888 1881
f 1888 1869 1881
f 1881 1869 1879
f 1881 1884 1886
f 1870 1869 1888
f 1884 1878 1887
f 1884 1880 1878
f 1878 1889 1887
f 1878 1866 1889
f 1889 1866 1890
f 1875 1878 1880
f 1877 1866 1878
f 1877 1864 1866
f 1891 1713 1711
f 1862 1837 1835
f 1835 1837 1836
f 1862 1835 1892
f 1844 1835 1842
f 1866 1862 1893
f 1893 1862 1892
f 1892 1835 1844
f 1711 1710 1891
f 1894 1895 1896
f 1897 1894 1896
f 1895 1849 1896
f 1896 1849 1891
f 1710 1896 1891
f 1891 1849 1713
f 1895 1898 1849
f 1849 1898 1846
f 1887 1899 1900
f 1887 1889 1899
f 1901 1899 1902
f 1900 1899 1901
f 1899 1903 1902
f 1902 1903 1904
f 1894 1900 1895
f 1900 1901 1895
f 1895 1901 1898
f 1901 1902 1898
f 1846 1898 1847
f 1897 1905 1894
f 1715 1897 1710
f 1710 1897 1896
f 1885 1887 1900
f 1906 1900 1894
f 1906 1885 1900
f 1905 1906 1894
f 1584 1905 1717
f 1717 1905 1897
f 1717 1897 1715
f 1903 1892 1844
f 1903 1893 1892
f 1890 1893 1903
f 1866 1893 1890
f 1889 1890 1899
f 1899 1890 1903
f 1903 1844 1843
f 1903 1843 1904
f 1854 1907 1855
f 1562 1868 1563
f 1563 1868 1580
f 1868 1908 1871
f 1908 1909 1871
f 1908 1910 1909
f 1871 1909 1873
f 1909 1911 1873
f 1912 1883 1873
f 1911 1912 1873
f 1578 1568 1910
f 1858 1913 1854
f 1578 1910 1908
f 1883 1913 1858
f 1578 1566 1568
f 1578 1908 1868
f 1578 1868 1562
f 1568 1560 1914
f 1579 1167 1805
f 1560 1579 1914
f 1915 1914 1805
f 1579 1805 1914
f 1915 1805 1809
f 1809 1805 1804
f 1909 1910 1911
f 1568 1916 1910
f 1568 1914 1916
f 1916 1914 1915
f 1915 1917 1916
f 1915 1918 1917
f 1915 1809 1918
f 1910 1916 1911
f 1916 1912 1911
f 1885 1906 1586
f 1886 1586 1582
f 1582 1586 1919
f 1886 1885 1586
f 1524 1870 1582
f 1905 1586 1906
f 1920 1807 1921
f 1808 1921 1807
f 1811 1810 1920
f 1920 1810 1807
f 1922 1923 1812
f 1924 1925 1923
f 1812 1923 1925
f 1815 1922 1812
f 1926 1924 1923
f 1927 1924 1926
f 1926 1923 1928
f 1928 1920 1926
f 1928 1923 1922
f 1929 1928 1922
f 1928 1811 1920
f 1811 1928 1929
f 1920 1921 1926
f 1930 1856 1931
f 1931 1856 1932
f 1856 1933 1932
f 1837 1931 1838
f 1861 1930 1837
f 1930 1931 1837
f 1838 1934 1935
f 1838 1931 1934
f 1931 1932 1936
f 1583 1919 1586
f 1581 1919 1583
f 1582 1919 1581
f 1856 1937 1933
f 1818 1820 1938
f 1938 1934 1818
f 1934 1832 1818
f 1832 1821 1818
f 1936 1830 1832
f 1932 1830 1936
f 1934 1931 1936
f 1934 1936 1832
f 1838 1935 1841
f 1935 1938 1939
f 1934 1938 1935
f 1939 1938 1940
f 1586 1905 1584
f 1524 1525 1870
f 1811 1918 1809
f 1918 1811 1913
f 1917 1941 1883
f 1912 1916 1917
f 1912 1917 1883
f 1917 1918 1941
f 1942 1929 1907
f 1854 1913 1907
f 1907 1913 1942
f 1811 1942 1913
f 1941 1918 1913
f 1913 1883 1941
f 1860 1853 1856
f 1860 1856 1930
f 1855 1937 1856
f 1860 1930 1861
f 1937 1929 1922
f 1943 1937 1922
f 1922 1815 1943
f 1937 1943 1933
f 1933 1815 1830
f 1943 1815 1933
f 1932 1933 1830
f 1907 1937 1855
f 1907 1929 1937
f 1942 1811 1929
f 140 204 161
f 204 203 157
f 204 157 161
f 303 172 210
f 172 303 173
f 206 205 202
f 135 204 140
f 869 868 1944
f 869 871 819
f 869 1944 871
f 871 1944 207
f 207 209 871
f 868 207 1944
f 208 303 210
f 1945 1946 1947
f 1945 1947 1948
f 1949 1950 1951
f 1952 1949 1951
f 1952 1951 1953
f 1951 1954 1953
f 1955 294 1956
f 294 292 1956
f 1956 292 295
f 1957 1956 1945
f 1956 295 1945
f 1958 295 296
f 296 298 1958
f 1957 1955 1956
f 1955 1953 294
f 1953 301 294
f 1952 1953 1955
f 1955 1957 1952
f 1952 1957 1945
f 1948 1952 1945
f 285 300 1954
f 1954 300 301
f 1954 301 1953
f 1945 295 1958
f 1945 1958 1946
f 1951 285 1954
f 303 400 173
f 306 173 675
f 1959 1960 1961
f 1960 1962 1963
f 1964 1960 1965
f 1965 1960 1959
f 1965 1966 1964
f 1966 1965 1967
f 1968 1969 1970
f 1971 1968 1970
f 152 105 331
f 331 101 144
f 330 152 331
f 338 105 152
f 342 1972 343
f 343 1973 348
f 1973 1974 348
f 348 1974 349
f 340 342 341
f 349 1974 344
f 350 345 344
f 350 1975 346
f 356 198 205
f 352 356 205
f 1976 1977 1978
f 1979 1978 1977
f 1980 1981 1982
f 1980 1982 1983
f 1984 1983 1985
f 1986 1987 1988
f 1988 1987 1985
f 1982 1989 1990
f 1983 1982 1990
f 1985 1983 1988
f 1983 1990 1988
f 1991 1992 1993
f 1994 1991 1995
f 1993 1992 1996
f 1995 1993 1997
f 1993 1996 1998
f 1996 1999 1980
f 2000 1997 1987
f 2001 2000 1986
f 1980 1999 1981
f 1984 1996 1983
f 1987 1984 1985
f 1991 1993 1995
f 1994 1995 2000
f 1995 1997 2000
f 1992 2002 1996
f 1993 1998 1997
f 1996 2002 1999
f 1998 1984 1997
f 1997 1984 1987
f 1996 1984 1998
f 2000 1987 1986
f 1996 1980 1983
f 1991 2002 1992
f 2003 2004 2005
f 360 2006 2007
f 360 2007 2008
f 2009 2006 360
f 2010 2006 2011
f 359 358 368
f 360 2008 358
f 359 368 361
f 347 2011 2006
f 346 1975 347
f 2009 347 2006
f 338 337 105
f 1975 2012 347
f 2012 2011 347
f 344 1974 1975
f 1974 2012 1975
f 344 1975 350
f 32 372 2013
f 386 2014 383
f 2013 372 383
f 2013 383 2014
f 398 384 385
f 386 381 384
f 386 384 2015
f 2016 398 392
f 2016 2015 2017
f 2017 398 2016
f 2017 2015 384
f 2017 384 398
f 2014 386 2015
f 2018 2019 2020
f 2018 2020 478
f 2021 2020 2019
f 104 2021 169
f 104 105 2022
f 104 2022 2021
f 2021 2022 2020
f 475 471 2020
f 475 2020 2022
f 134 169 2019
f 2019 169 2021
f 2023 2024 2025
f 2023 1979 2024
f 2024 1979 2026
f 1979 1977 2026
f 2027 2028 2029
f 2027 2030 2028
f 2029 2031 2027
f 2030 2027 2032
f 2033 2034 2035
f 2036 2037 2035
f 2035 2034 2038
f 2035 2038 2036
f 2029 2037 2039
f 2040 2034 2041
f 2039 2036 2038
f 2037 2036 2039
f 2034 2040 2038
f 2041 2042 2043
f 2040 2041 2043
f 2029 2039 2031
f 2031 2039 2044
f 2043 2042 2045
f 2039 2038 2044
f 2041 2046 2042
f 2047 2048 2049
f 2042 2046 2050
f 2042 2050 2045
f 2046 2051 2050
f 2051 2047 2050
f 2050 2047 2052
f 2030 2032 2053
f 2027 2031 2032
f 2053 2032 2054
f 2032 2031 2055
f 2032 2056 2054
f 2054 2056 2057
f 2032 2055 2056
f 2058 2059 2060
f 401 2059 2061
f 2059 401 2060
f 2062 2058 2060
f 438 2060 404
f 2060 401 404
f 2060 438 2062
f 2063 2064 2065
f 2044 2066 2067
f 2031 2044 2055
f 2055 2044 2067
f 2063 2056 2055
f 2066 2068 2069
f 2068 2070 2071
f 2072 2073 2074
f 2073 2072 2075
f 2073 2075 2059
f 2068 2071 2069
f 2069 2071 2072
f 2076 2072 2071
f 2076 2077 2072
f 2077 2075 2072
f 2057 2056 2063
f 2067 2066 2069
f 2067 2069 2074
f 2078 2067 2074
f 2069 2072 2074
f 2078 2074 2064
f 2073 2079 2074
f 2055 2067 2078
f 2055 2078 2063
f 2063 2078 2064
f 2075 2080 2061
f 2064 2074 2079
f 2064 2079 2058
f 2079 2073 2059
f 2075 2061 2059
f 2058 2079 2059
f 2061 410 401
f 2047 2049 2052
f 2045 2050 2052
f 2043 2045 2038
f 2038 2045 2081
f 2044 2081 2066
f 2066 2081 2068
f 2040 2043 2038
f 2044 2038 2081
f 2081 2045 2082
f 2081 2082 2070
f 2045 2052 2082
f 2081 2070 2068
f 2083 2049 2084
f 2085 2083 2084
f 2052 2083 2086
f 2052 2049 2083
f 2082 2086 2076
f 2070 2082 2076
f 2076 2086 2083
f 2076 2083 2077
f 2083 2075 2077
f 2083 2085 2075
f 2075 2085 2087
f 2082 2052 2086
f 2070 2076 2071
f 2075 2087 2080
f 2080 2088 405
f 2080 410 2061
f 2080 405 410
f 2057 2089 2090
f 2091 2057 2090
f 2090 2089 2065
f 2065 2064 2058
f 2092 2093 438
f 2090 2065 2094
f 2065 2058 2093
f 2065 2093 2094
f 2093 2058 2062
f 2094 2093 2092
f 2062 438 2093
f 2095 2054 2057
f 2089 2057 2063
f 2089 2063 2065
f 2095 2057 2091
f 2096 2097 2084
f 2084 2097 2087
f 2084 2087 2085
f 511 508 2088
f 2088 508 405
f 511 2016 509
f 2087 511 2088
f 2087 2097 511
f 2087 2088 2080
f 2098 2099 2100
f 425 423 709
f 2101 2099 2102
f 2103 2102 2104
f 709 2103 2104
f 425 709 2104
f 2104 2102 2105
f 2102 2099 2098
f 2105 2098 2095
f 2053 2054 2098
f 2095 2098 2054
f 2105 2102 2098
f 2105 425 2104
f 425 2105 2106
f 424 425 2106
f 424 2106 2107
f 428 424 2107
f 2106 2105 2108
f 2091 2108 2105
f 2109 2091 2090
f 2109 2090 435
f 2110 2091 2109
f 431 2110 2109
f 434 431 2109
f 435 2090 2094
f 434 2109 435
f 435 2094 436
f 2094 2092 436
f 2092 438 436
f 436 438 437
f 430 2108 2110
f 431 430 2110
f 2091 2105 2095
f 2108 2091 2110
f 2106 2108 2107
f 430 2107 2108
f 428 2107 430
f 2111 2112 2113
f 2111 2113 2114
f 2115 2116 2117
f 2117 2116 2118
f 2119 2120 2121
f 2121 2120 2112
f 2111 2122 2025
f 2123 2029 2028
f 2033 2124 2034
f 2033 2035 2037
f 2125 2028 2100
f 2125 2123 2028
f 2124 2033 2123
f 2123 2033 2037
f 2123 2037 2029
f 2124 2126 2034
f 2018 2127 2124
f 2124 2127 2126
f 2128 2019 2018
f 2126 2046 2034
f 2046 2126 2129
f 2127 2129 2126
f 2034 2046 2041
f 478 2127 2018
f 2100 2028 2030
f 2100 2030 2053
f 2098 2100 2053
f 2130 32 2013
f 2014 2131 2013
f 2132 2133 2134
f 2135 2136 2131
f 2131 2137 2135
f 2013 2131 2136
f 2137 2026 2135
f 2024 2026 2137
f 1977 2136 2135
f 2026 1977 2135
f 2130 2013 2136
f 2134 2138 2016
f 2131 2014 2139
f 2137 2131 2138
f 2138 2131 2139
f 2025 2024 2137
f 2138 2139 2015
f 2025 2137 2140
f 2141 2134 2142
f 2142 2134 2143
f 2134 2016 2143
f 2143 2097 2142
f 2133 2138 2134
f 2138 2015 2016
f 2139 2014 2015
f 2133 2140 2138
f 2137 2138 2140
f 347 2009 337
f 337 2009 105
f 105 2009 2022
f 2009 360 474
f 475 2009 474
f 2009 475 2022
f 2144 2145 2146
f 2147 2117 2119
f 2147 2115 2117
f 2148 2121 2149
f 2145 2147 2146
f 2146 2119 2148
f 2148 2119 2121
f 2146 2147 2119
f 2150 2148 2151
f 2150 2008 2148
f 2151 2148 2149
f 2152 2153 2154
f 2152 2154 2155
f 2152 2155 2156
f 2155 2148 2156
f 2155 2157 2144
f 2148 2155 2144
f 2148 2144 2146
f 2156 2148 2008
f 2158 2159 2152
f 2007 2156 2008
f 2007 2158 2156
f 2158 2152 2156
f 2008 369 358
f 358 369 368
f 2020 471 478
f 2140 2111 2025
f 497 2111 2140
f 2160 2133 2161
f 2160 2140 2133
f 2161 2132 2051
f 2132 2134 2141
f 2161 2133 2132
f 2047 2051 2048
f 2162 2160 2161
f 2162 2161 2051
f 2051 2132 2048
f 2160 497 2140
f 496 2160 2162
f 2112 2111 497
f 495 2129 478
f 478 2129 2127
f 2129 495 496
f 2129 496 2162
f 507 486 485
f 487 497 491
f 497 2160 496
f 2163 487 486
f 2163 486 507
f 507 485 501
f 487 2121 497
f 492 501 485
f 501 498 91
f 501 492 498
f 497 2121 2112
f 2046 2162 2051
f 2129 2162 2046
f 2149 2121 487
f 2049 2048 2084
f 2084 2048 2096
f 2097 2016 511
f 2048 2097 2096
f 2048 2142 2097
f 2016 392 509
f 2097 2143 2016
f 2132 2142 2048
f 2132 2141 2142
f 2164 531 2165
f 1963 2166 2164
f 2164 2165 2167
f 2166 531 2164
f 1961 2164 2167
f 1960 1963 2164
f 1960 2164 1961
f 532 529 528
f 532 528 533
f 2168 532 531
f 2166 2168 531
f 2168 2166 1963
f 618 620 537
f 620 541 537
f 621 2169 636
f 636 2169 618
f 2169 620 618
f 621 620 2169
f 629 628 625
f 2170 627 628
f 2165 2170 628
f 2167 2165 628
f 2167 628 2171
f 2172 621 636
f 627 2172 636
f 2170 2172 627
f 2165 531 533
f 2165 533 2170
f 533 2172 2170
f 533 616 2172
f 616 621 2172
f 197 2173 211
f 352 211 2173
f 2173 356 352
f 134 2019 2128
f 134 2128 674
f 675 400 2174
f 675 2174 749
f 2174 400 674
f 2175 2174 674
f 2175 674 2128
f 674 132 134
f 130 674 400
f 173 400 675
f 708 2103 709
f 2103 2101 2102
f 2176 2125 2100
f 2125 2177 2123
f 2177 2124 2123
f 2176 2178 2125
f 2179 2177 2178
f 2178 2177 2125
f 2180 2178 2176
f 2179 2128 2181
f 2179 2181 2177
f 2018 2177 2181
f 2018 2124 2177
f 2181 2128 2018
f 2182 2175 2179
f 2175 2128 2179
f 2182 2178 755
f 2182 2179 2178
f 779 755 2178
f 750 2182 755
f 2174 2175 2182
f 750 749 2182
f 2174 2182 749
f 2176 2100 2180
f 2180 2100 2101
f 2101 2100 2099
f 2183 2178 2180
f 2183 2180 790
f 779 2183 689
f 779 689 693
f 706 689 2183
f 779 2178 2183
f 783 755 779
f 707 790 2103
f 708 707 2103
f 790 2101 2103
f 790 2180 2101
f 706 2183 790
f 870 869 818
f 869 819 818
f 866 865 867
f 867 869 866
f 866 869 870
f 866 870 863
f 870 818 857
f 868 137 208
f 208 137 130
f 2184 2185 2186
f 2187 1070 2186
f 2187 2186 2185
f 1069 2184 2186
f 1069 2186 1070
f 1074 2188 2189
f 2189 2188 2190
f 2190 2188 2191
f 2184 2190 2191
f 1069 2190 2184
f 2189 1068 1074
f 1068 2189 2190
f 1069 1068 2190
f 2192 2193 2194
f 2191 2194 2195
f 2194 2193 2195
f 2196 2193 2192
f 2184 2191 2195
f 2196 2197 2198
f 2195 2199 2185
f 2184 2195 2185
f 2196 2200 2193
f 2195 2193 2199
f 2200 2199 2193
f 2201 2199 2200
f 2199 2201 2185
f 2202 2197 2196
f 2203 2202 2204
f 2202 2192 2204
f 2202 2196 2192
f 2188 2205 2191
f 2205 2194 2191
f 2203 2206 2202
f 2188 1074 1077
f 2187 1067 1070
f 1081 1067 2207
f 1067 2187 2207
f 1098 1080 1096
f 2208 1091 1090
f 1098 1096 2208
f 1099 1098 2208
f 2208 1096 1091
f 1099 2208 1090
f 1099 1090 1101
f 1097 1080 1098
f 2209 187 1121
f 1120 2210 2211
f 2201 2212 2207
f 2196 2198 2200
f 2198 2201 2200
f 2213 2214 2215
f 2197 2216 2217
f 2216 2214 2217
f 2197 2217 2198
f 2217 2214 2213
f 2217 2213 2198
f 2198 2213 2212
f 2198 2212 2201
f 2187 2185 2201
f 2201 2207 2187
f 2202 2206 2197
f 2206 2216 2197
f 2206 2218 2216
f 2219 2212 2213
f 2219 2213 2220
f 2212 2219 2221
f 2207 2212 2222
f 2222 2212 2221
f 137 2209 1121
f 868 2209 137
f 2223 1058 868
f 1096 2224 1091
f 1091 2224 2225
f 2222 2225 2224
f 2222 2221 2226
f 2225 2222 2227
f 1116 2225 2227
f 2226 2227 2222
f 1058 1116 2227
f 1117 1116 1119
f 1091 2225 1094
f 2225 1116 1115
f 2225 1115 1094
f 1093 1091 1094
f 2227 2226 2209
f 1058 1119 1116
f 1058 2227 2209
f 868 1058 2209
f 2209 1120 187
f 2219 2220 2228
f 2228 2221 2219
f 2224 2207 2222
f 1081 2207 1096
f 2207 2224 1096
f 2228 2220 2210
f 2226 2228 2210
f 2221 2228 2226
f 2209 2226 2210
f 2209 2210 1120
f 189 1120 2211
f 189 194 184
f 1120 189 185
f 2210 194 189
f 2210 189 2211
f 129 1121 188
f 137 1121 129
f 1058 864 672
f 867 864 2223
f 864 1058 2223
f 2229 197 195
f 867 2223 868
f 868 208 207
f 2229 195 194
f 2229 194 2210
f 2230 2231 2173
f 2230 2173 197
f 2232 2233 2231
f 2220 2232 2231
f 2220 2231 2230
f 197 2229 2230
f 2230 2229 2210
f 2210 2220 2230
f 2122 2023 2025
f 2023 2122 2234
f 2235 2236 2237
f 2238 2239 2240
f 2240 2239 2241
f 2242 2241 2239
f 2241 2242 2243
f 2242 2244 2243
f 2237 2236 2245
f 2236 2238 2240
f 2246 1988 1990
f 2114 2122 2111
f 2112 2120 2113
f 2118 2247 2117
f 2117 2248 2119
f 2119 2248 2120
f 2117 2247 2248
f 2248 2113 2120
f 2113 2249 2114
f 1981 1989 1982
f 2249 2122 2114
f 2005 2004 2250
f 2250 2251 2252
f 2252 2253 2250
f 2004 2254 2250
f 2254 2255 2250
f 2250 2255 2251
f 2251 2256 2257
f 2251 2258 2259
f 2251 2259 2248
f 2259 2249 2248
f 2253 2005 2250
f 2251 2248 2256
f 2248 2249 2113
f 2260 2261 2262
f 2255 2258 2251
f 2261 2260 2263
f 2003 2254 2004
f 2255 2260 2258
f 2260 2262 2258
f 2264 2265 2266
f 2267 2265 2264
f 2261 2264 2266
f 2268 2264 2261
f 2267 2264 2268
f 2261 2266 2262
f 2262 2266 2258
f 2269 2270 2271
f 2272 2273 2274
f 2275 2276 2277
f 2278 2277 2279
f 2277 2280 2279
f 2278 2279 2281
f 2282 2279 2280
f 2279 2282 2281
f 2281 2282 2273
f 2278 2275 2277
f 2271 2280 2269
f 2277 2269 2280
f 2280 2283 2282
f 2273 2272 2284
f 2285 2286 2276
f 2275 2285 2276
f 2287 2285 2288
f 2285 2275 2288
f 2276 2289 2269
f 2276 2269 2277
f 2289 2270 2269
f 2290 2278 2281
f 2281 2273 2284
f 2281 2284 2290
f 2291 2292 2290
f 2290 2293 2287
f 2292 2294 2290
f 2290 2287 2288
f 2288 2275 2278
f 2295 2296 2297
f 2288 2278 2290
f 2298 2299 2300
f 2299 2301 2302
f 2300 2303 2296
f 2296 2303 2304
f 2295 2290 2294
f 2296 2305 2297
f 2306 2299 2298
f 2299 2303 2300
f 2299 2302 2303
f 2294 2307 2295
f 2303 2302 2304
f 2300 2296 2307
f 2307 2296 2295
f 2304 2305 2296
f 2283 2308 2282
f 2271 2283 2280
f 2308 2274 2282
f 2282 2274 2273
f 2274 2309 2272
f 2290 2295 2293
f 2297 2293 2295
f 2310 2306 2298
f 2311 2312 1963
f 529 2313 544
f 2311 2314 2312
f 2315 1189 2316
f 2316 2314 2317
f 2317 2314 2311
f 2311 1962 2317
f 2315 2316 2318
f 2318 2316 2317
f 2316 1189 1200
f 2318 2317 2319
f 2319 2317 1964
f 2317 1962 1964
f 1962 2311 1963
f 1964 1962 1960
f 2168 529 532
f 2320 2313 529
f 2321 2320 2314
f 2312 2168 1963
f 2322 1197 2313
f 2320 2321 2322
f 2322 2313 2320
f 529 2168 2320
f 1202 1201 2321
f 1201 2322 2321
f 2312 2320 2168
f 2314 2320 2312
f 1200 1202 2316
f 2316 1202 2314
f 2314 1202 2321
f 2313 1197 544
f 1193 1197 1201
f 1201 1197 2322
f 2319 1964 1966
f 1203 1193 1201
f 2323 2318 2324
f 2324 2318 2319
f 1178 2325 2326
f 1178 1180 2325
f 1180 2327 2325
f 1180 1187 2327
f 1187 1189 2327
f 2328 2327 2329
f 2328 2325 2327
f 2323 2330 2329
f 2331 2323 2324
f 2323 2331 2330
f 2329 2315 2318
f 2329 2327 2315
f 2329 2318 2323
f 2327 1189 2315
f 2332 2331 2324
f 2324 2319 2332
f 2333 2328 2330
f 2334 2335 2333
f 2334 2333 2336
f 2328 2329 2330
f 1966 2332 2319
f 2337 2338 1949
f 1949 1952 2337
f 2339 2340 2341
f 2339 2341 2342
f 2342 2343 2344
f 2337 2340 2345
f 2342 2234 2343
f 2341 2346 1978
f 1978 2346 1976
f 2341 2347 1948
f 2341 1948 2346
f 2342 2341 2234
f 2340 2337 2347
f 2340 2347 2341
f 1948 2347 1952
f 2346 1948 1947
f 2234 2341 2023
f 2023 2341 1978
f 2023 1978 1979
f 2337 1952 2347
f 2348 2349 2350
f 2349 2351 2350
f 2352 2353 2349
f 2352 2349 2348
f 2354 2348 2350
f 2354 2350 2355
f 2355 2350 2356
f 2357 2243 2244
f 2358 2354 2359
f 2357 2244 2358
f 2358 2244 2354
f 2359 2360 2358
f 2361 2360 2359
f 2362 2361 2359
f 2359 2354 2355
f 2351 2344 2356
f 2351 2356 2350
f 2343 2249 2259
f 2249 2234 2122
f 2343 2234 2249
f 2343 2259 2356
f 2356 2344 2343
f 2362 2359 2363
f 2267 2362 2363
f 2265 2267 2363
f 2265 2355 2364
f 2359 2355 2363
f 2355 2265 2363
f 2266 2265 2364
f 2364 2355 2356
f 2258 2266 2364
f 2364 2259 2258
f 2259 2364 2356
f 2365 2351 2353
f 2349 2353 2351
f 2353 2366 2365
f 2367 2353 2352
f 2367 2290 2353
f 2290 2366 2353
f 2291 2367 2352
f 2368 2369 2370
f 2365 2370 2351
f 2365 2368 2370
f 2370 2369 2339
f 2370 2339 2351
f 2351 2339 2342
f 2351 2342 2344
f 2345 2340 2339
f 2371 2372 2373
f 2369 2371 2373
f 2374 2371 2369
f 2373 2345 2339
f 2375 2368 2376
f 2369 2373 2339
f 2375 2377 2368
f 2368 2378 2379
f 2368 2379 2369
f 2376 2368 2365
f 2378 2368 2377
f 2380 2381 2382
f 2382 2381 2371
f 2374 2382 2371
f 2383 2337 2345
f 1950 1949 2338
f 2337 2383 2338
f 2384 2385 2386
f 2171 2387 2167
f 2387 2171 1607
f 2171 628 629
f 1607 2171 629
f 1602 1608 629
f 1608 1602 1596
f 1607 629 1608
f 1606 1608 1596
f 2388 2389 1969
f 1968 2390 2388
f 1969 1968 2388
f 2391 2392 2393
f 2394 2395 2396
f 2392 2397 2398
f 2399 2400 2401
f 2399 2401 2402
f 2391 2397 2392
f 2392 2398 2403
f 2392 2403 2400
f 2399 2402 2404
f 2397 2405 2406
f 2398 2407 2403
f 2397 2406 2398
f 2408 2409 2410
f 2391 2411 2397
f 2412 2413 2414
f 2413 2415 2395
f 2415 2396 2395
f 2416 2417 2418
f 2419 2420 2418
f 2420 2416 2418
f 2420 2421 2422
f 2421 2423 2422
f 2411 2424 2425
f 2426 2427 2428
f 2411 2425 2405
f 2397 2411 2405
f 2425 2424 2429
f 2405 2425 2406
f 2425 2429 2406
f 2429 2424 2428
f 2398 2406 2407
f 2407 2428 2427
f 2403 2407 2400
f 2430 2431 2427
f 2426 2428 2424
f 2431 2432 2420
f 2432 2416 2420
f 2429 2428 2406
f 2406 2428 2407
f 2420 2422 2431
f 2407 2427 2401
f 2407 2401 2400
f 2427 2433 2401
f 2431 2422 2427
f 2427 2434 2433
f 2427 2422 2434
f 2422 2435 2434
f 2434 2436 2433
f 2437 2438 2409
f 2438 2439 2409
f 2440 2441 2442
f 2443 2441 2440
f 2440 2442 2444
f 2445 2442 2446
f 2443 2447 2448
f 2447 2449 2448
f 2447 2445 2449
f 2450 2449 2451
f 2448 2449 2452
f 2452 2449 2450
f 2453 2441 2443
f 2453 2443 2439
f 2440 2444 2447
f 2444 2442 2445
f 2447 2444 2445
f 2440 2447 2443
f 2410 2409 2454
f 2409 2412 2454
f 2409 2439 2443
f 2412 2409 2430
f 2454 2412 2414
f 2451 2455 2450
f 2456 2457 2458
f 2456 2416 2432
f 2456 2417 2416
f 2448 2452 2457
f 2452 2458 2457
f 2458 2417 2456
f 2450 2459 2452
f 2452 2459 2458
f 2458 2459 2417
f 2409 2443 2430
f 2412 2430 2426
f 2460 2415 2413
f 2460 2461 2415
f 2448 2457 2462
f 2461 2460 2426
f 2396 2415 2461
f 2396 2426 2391
f 2431 2462 2432
f 2391 2426 2424
f 2391 2424 2411
f 2430 2443 2462
f 2413 2412 2460
f 2443 2448 2462
f 2412 2426 2460
f 2396 2461 2426
f 2457 2456 2462
f 2430 2462 2431
f 2426 2430 2427
f 2462 2456 2432
f 2235 2463 2464
f 2463 2242 2464
f 2422 2423 2463
f 2435 2422 2463
f 2238 2236 2464
f 2464 2239 2238
f 2242 2239 2464
f 2463 2244 2242
f 2235 2464 2236
f 2434 2435 2436
f 2436 2435 2465
f 2465 2435 2235
f 2436 2465 2466
f 2467 2468 2465
f 2235 2237 2469
f 2468 2467 2470
f 2463 2235 2435
f 2235 2467 2465
f 2235 2469 2467
f 2438 2453 2439
f 2471 2466 2472
f 2473 2474 2475
f 2475 2476 2473
f 2477 2478 2479
f 2480 2479 2481
f 2482 2483 2484
f 2482 2480 2483
f 2483 2485 2484
f 2480 2485 2483
f 2482 2486 2487
f 2487 2480 2482
f 2480 2487 2477
f 2477 2488 2489
f 2477 2489 2478
f 2477 2479 2480
f 2478 2490 2479
f 2486 2488 2477
f 2486 2477 2487
f 2489 2490 2478
f 2491 2492 2486
f 2491 2486 2482
f 2493 2491 2482
f 2493 2482 2494
f 2494 2482 2484
f 2495 2496 2481
f 2479 2495 2481
f 2480 2481 2496
f 2001 2246 2497
f 1990 2498 2246
f 2499 2498 2500
f 2497 2501 2502
f 1986 2246 2001
f 2417 2503 2418
f 1986 1988 2246
f 2502 2501 2503
f 2501 2504 2503
f 2497 2246 2501
f 2503 2504 2418
f 2246 2498 2501
f 2499 2504 2501
f 2501 2498 2499
f 1989 2505 1990
f 1990 2505 2498
f 2498 2505 2506
f 2506 2500 2498
f 2500 2507 2504
f 2504 2499 2500
f 2500 2423 2507
f 2507 2421 2419
f 2423 2421 2507
f 2419 2418 2504
f 2507 2419 2504
f 2500 2506 2423
f 2421 2420 2419
f 1994 2000 2001
f 2508 1994 2001
f 2509 2510 2511
f 2509 2511 2512
f 2502 2459 2513
f 2503 2417 2502
f 2514 2508 2001
f 2497 2514 2001
f 2509 2512 2455
f 2450 2455 2459
f 2512 2513 2455
f 2455 2513 2459
f 2511 2514 2512
f 2514 2497 2512
f 2459 2502 2417
f 2512 2497 2513
f 2513 2497 2502
f 2505 2515 2506
f 2506 2291 2516
f 2423 2506 2516
f 2516 2291 2352
f 2516 2352 2348
f 2517 2518 2519
f 2520 2521 2519
f 2521 2517 2519
f 2520 2522 2523
f 2520 2519 2522
f 2524 2523 2291
f 2523 2292 2291
f 2524 2506 2515
f 2523 2522 2292
f 2524 2291 2506
f 2423 2348 2463
f 2423 2516 2348
f 2463 2348 2244
f 2244 2348 2354
f 1989 2515 2505
f 2525 2495 2526
f 2526 2521 2520
f 2525 2527 2528
f 2526 2520 2527
f 2525 2526 2527
f 2525 2528 2446
f 2529 2530 2531
f 2530 2528 2532
f 2528 2530 2446
f 2446 2530 2529
f 2527 2520 2533
f 2532 2528 2527
f 2527 2533 2534
f 2535 2534 2511
f 2533 2523 2524
f 2514 2534 2536
f 2533 2524 2536
f 2536 2524 2515
f 2537 2536 2515
f 2538 2532 2539
f 2532 2527 2539
f 2539 2527 2535
f 2527 2534 2535
f 2520 2523 2533
f 2533 2536 2534
f 1999 2540 2536
f 1999 2536 2537
f 2510 2541 2511
f 2542 2539 2535
f 2508 1991 1994
f 2514 2540 2508
f 1981 1999 2537
f 1989 1981 2537
f 2535 2511 2541
f 2540 1991 2508
f 2536 2540 2514
f 2002 1991 2540
f 2002 2540 1999
f 2511 2534 2514
f 1989 2537 2515
f 2290 2367 2291
f 2519 2518 2294
f 2519 2294 2522
f 2300 2307 2294
f 2294 2298 2300
f 2522 2294 2292
f 2010 2007 2006
f 2010 2543 2007
f 2544 1974 1973
f 2544 2012 1974
f 2414 2395 2394
f 2545 2546 2393
f 2546 2396 2393
f 2547 2545 2393
f 2396 2391 2393
f 2547 2393 2548
f 2392 2400 2393
f 2548 2393 2404
f 2548 2404 2549
f 2550 2404 2402
f 2402 2551 2550
f 2400 2399 2393
f 2393 2399 2404
f 2404 2550 2549
f 2401 2552 2402
f 2553 2547 2554
f 2012 2554 2011
f 2544 2554 2012
f 2554 2547 2011
f 2553 2545 2547
f 2547 2548 2011
f 2011 2548 2010
f 2402 2555 2551
f 2548 2549 2543
f 2556 2551 2555
f 2549 2555 2543
f 2550 2551 2556
f 2548 2543 2010
f 2549 2550 2556
f 2549 2556 2555
f 2557 2454 2394
f 2557 2394 2396
f 2557 2396 2546
f 2454 2414 2394
f 342 2544 1973
f 2414 2413 2395
f 342 1973 1972
f 1972 1973 343
f 2552 2401 2558
f 2558 2401 2433
f 2402 2552 2555
f 2552 2558 2555
f 2007 2471 2158
f 2158 2471 2159
f 2471 2472 2559
f 2471 2559 2560
f 2471 2560 2159
f 2555 2558 2471
f 2543 2471 2007
f 2558 2436 2471
f 2466 2471 2436
f 2543 2555 2471
f 2433 2436 2558
f 2489 2561 2490
f 2561 2562 2490
f 2479 2490 2517
f 2563 2564 2565
f 2563 2566 2564
f 2566 2567 2564
f 2565 2564 2568
f 2564 2569 2568
f 2564 2567 2569
f 2563 2570 2566
f 2484 2563 2565
f 2571 2474 2572
f 2573 2480 2475
f 2574 2575 2576
f 2577 2573 2474
f 2573 2475 2474
f 2484 2578 2579
f 2563 2484 2579
f 2579 2578 2580
f 2484 2485 2578
f 2578 2577 2581
f 2577 2485 2573
f 2582 2575 2571
f 2574 2580 2578
f 2581 2583 2574
f 2578 2581 2574
f 2485 2577 2578
f 2574 2583 2575
f 2577 2584 2581
f 2480 2573 2485
f 2575 2583 2581
f 2584 2575 2581
f 2577 2571 2584
f 2584 2571 2575
f 2571 2577 2474
f 2566 2570 2585
f 2570 2586 2585
f 2579 2580 2587
f 2563 2579 2570
f 1624 2588 1626
f 1626 2588 355
f 2589 2590 2591
f 1625 2591 1624
f 2591 2592 2593
f 2588 1624 2593
f 2591 2593 1624
f 2590 2594 2591
f 2591 2594 2595
f 2594 2437 2409
f 2591 2595 2592
f 2595 2409 2408
f 2592 2596 2597
f 2592 2597 2598
f 2595 2594 2409
f 2595 2596 2592
f 2595 2408 2596
f 2592 2598 2599
f 2599 2598 2557
f 2593 2592 2599
f 2588 2544 2600
f 2588 2601 2544
f 2588 2593 2601
f 2588 2600 2602
f 2600 2544 2602
f 355 2588 2602
f 355 2602 353
f 2602 2544 2603
f 353 2602 339
f 2603 2544 342
f 340 2603 342
f 2602 2603 339
f 1634 2604 1610
f 1621 2605 1622
f 2606 2591 1625
f 2589 2591 2606
f 1124 1629 1630
f 1630 1619 1626
f 2607 2437 2608
f 2608 2437 2594
f 1123 1124 1122
f 2233 1124 1630
f 1122 1124 2233
f 2231 1630 2173
f 2173 1630 357
f 2233 1630 2231
f 1630 1626 355
f 357 1630 355
f 355 353 354
f 339 2603 340
f 2173 357 356
f 2609 2610 2611
f 2612 2609 2613
f 2609 2611 2613
f 2610 2614 2611
f 2518 2615 2616
f 2616 2310 2298
f 2518 2616 2294
f 2616 2298 2294
f 2617 2618 2619
f 2620 2621 2619
f 2620 2622 2621
f 2618 2620 2619
f 2623 2617 2619
f 2624 2625 2438
f 2553 2546 2545
f 2626 2596 2410
f 2598 2597 2557
f 2626 2410 2627
f 2557 2627 2454
f 2599 2557 2628
f 2596 2408 2410
f 2596 2626 2629
f 2596 2629 2597
f 2597 2629 2627
f 2629 2626 2627
f 2627 2557 2597
f 2627 2410 2454
f 2599 2628 2601
f 2557 2546 2628
f 2601 2553 2544
f 2544 2553 2554
f 2601 2628 2546
f 2593 2599 2601
f 2553 2601 2546
f 2630 2612 2613
f 2613 2631 2630
f 2630 2631 2615
f 2518 2630 2615
f 2517 2632 2633
f 2517 2633 2634
f 2517 2634 2630
f 2517 2630 2518
f 2634 2612 2630
f 2479 2517 2526
f 2495 2479 2526
f 2490 2635 2632
f 2495 2525 2496
f 2517 2490 2632
f 2636 2637 2612
f 2517 2521 2526
f 2638 2480 2496
f 2639 2638 2640
f 2640 2638 2641
f 2622 2640 2641
f 2641 2496 2441
f 2622 2641 2621
f 2496 2641 2638
f 2641 2441 2642
f 2641 2642 2621
f 2642 2643 2621
f 2621 2643 2619
f 2642 2441 2453
f 2642 2453 2643
f 2625 2643 2438
f 2643 2453 2438
f 2619 2643 2625
f 2525 2442 2496
f 2442 2525 2446
f 2449 2445 2451
f 2451 2445 2446
f 2451 2446 2529
f 2451 2529 2455
f 2529 2644 2509
f 2455 2529 2509
f 2529 2531 2644
f 2441 2496 2442
f 2644 2510 2509
f 2639 2476 2638
f 2476 2475 2638
f 2475 2480 2638
f 2645 2646 2647
f 1664 2648 2649
f 1664 2649 1665
f 2650 2651 2652
f 2650 2652 2653
f 2653 2652 1663
f 2653 2647 2646
f 2653 1663 2647
f 2654 2655 1664
f 2656 2654 2657
f 2658 2655 2654
f 2652 2654 1664
f 1664 2655 2648
f 2656 2658 2654
f 2655 2658 2659
f 2648 2655 2659
f 2659 2494 2648
f 2660 2494 2484
f 2659 2658 2656
f 2659 2493 2494
f 1663 2652 1664
f 1663 1667 2647
f 2661 2650 2662
f 2662 2650 2653
f 2663 2662 2646
f 2662 2653 2646
f 2661 2662 2663
f 2664 2651 2650
f 2652 2651 2654
f 2651 2657 2654
f 2656 2657 2665
f 1672 2665 2657
f 2666 1670 1672
f 2666 1672 2657
f 2657 2651 2666
f 1672 2667 2665
f 2656 2665 2667
f 1669 1672 1670
f 2650 2668 2664
f 1796 1783 2664
f 2667 2669 2656
f 1671 2667 1672
f 2664 2666 2651
f 1783 1670 2666
f 1783 2666 2664
f 2670 2671 1733
f 2671 2672 2673
f 2673 2674 2675
f 1733 2671 2673
f 2673 2672 2674
f 2676 2677 2672
f 2676 2678 2677
f 2672 2677 2679
f 2674 2672 2675
f 2672 2671 2676
f 2680 2676 2671
f 1674 1673 1733
f 1679 1674 2681
f 1679 1675 1674
f 2682 2673 2683
f 2683 2675 2684
f 2681 1674 2682
f 1674 1733 2682
f 1733 2673 2682
f 2673 2675 2683
f 2685 2686 2687
f 2687 2686 2688
f 2688 2689 2687
f 2687 2689 2690
f 2690 2691 2687
f 2692 2687 2691
f 2693 2691 2192
f 2691 2690 2204
f 2192 2194 2693
f 2192 2691 2204
f 2204 2690 2203
f 2689 2688 2694
f 2690 2689 2695
f 2690 2695 2203
f 2203 2695 2206
f 2695 2689 2696
f 1684 1679 1685
f 2188 2697 2205
f 2679 2677 2686
f 2679 2686 2685
f 2677 2678 2686
f 2692 2684 2675
f 2675 2672 2679
f 2684 2692 2698
f 2675 2679 2685
f 2687 2692 2675
f 2675 2685 2687
f 2698 2691 2693
f 2692 2691 2698
f 2699 2697 2188
f 2194 2697 2693
f 2205 2697 2194
f 2700 2683 2701
f 2683 2684 2701
f 2701 2698 2693
f 2681 2682 2683
f 2701 2693 2700
f 2701 2684 2698
f 2693 2697 2700
f 1077 2699 2188
f 1682 1688 1077
f 1679 2681 1685
f 1687 1685 2699
f 2700 2699 1685
f 1688 1687 2699
f 1688 2699 1077
f 2681 2702 1685
f 2681 2683 2702
f 1685 2702 2700
f 2702 2683 2700
f 2697 2699 2700
f 2218 2703 2216
f 2216 2703 2214
f 2704 2645 2705
f 2705 2706 2707
f 2215 2707 2706
f 2703 2707 2215
f 2214 2703 2215
f 2704 2705 2707
f 2704 2707 2703
f 2708 2645 2704
f 2704 2703 2708
f 2694 2709 2710
f 2710 2709 2711
f 2696 2206 2695
f 2696 2711 2206
f 2206 2711 2218
f 2711 2708 2218
f 2218 2708 2703
f 2694 2710 2689
f 2689 2710 2696
f 2710 2711 2696
f 2709 2708 2711
f 2709 2712 2708
f 2663 2713 2661
f 2714 2715 2716
f 2714 2716 2717
f 2717 2716 2718
f 2663 2646 2718
f 2645 2717 2718
f 2645 2718 2646
f 2719 2715 2714
f 2713 2663 2715
f 2715 2663 2716
f 2716 2663 2718
f 2719 2717 2712
f 2717 2645 2712
f 2714 2717 2719
f 2712 2645 2708
f 2648 2660 2720
f 2720 2660 2721
f 2721 2660 2565
f 2660 2484 2565
f 1665 2649 2722
f 2720 2723 2724
f 2725 2722 2726
f 2725 2726 2727
f 2648 2720 2649
f 2649 2720 2726
f 2649 2726 2722
f 2720 2724 2726
f 2726 2724 2727
f 2722 2725 2728
f 2648 2494 2660
f 2722 2728 1665
f 1721 1720 2604
f 2728 1720 1666
f 1720 2728 2604
f 2604 2729 1631
f 2647 1667 1724
f 1610 2604 1631
f 2215 2706 1122
f 1721 2604 1634
f 1122 2233 2232
f 2645 2647 2706
f 2706 2705 2645
f 2706 2647 1724
f 2706 1724 1122
f 2215 1122 2232
f 2215 2232 2213
f 2220 2213 2232
f 1733 1732 2670
f 2730 2678 2676
f 1737 1741 1739
f 1739 1741 2731
f 1739 2731 1732
f 1732 2731 2680
f 2670 1732 2680
f 2670 2680 2671
f 2680 2732 2676
f 2732 2730 2676
f 1778 1783 1796
f 2730 2733 2734
f 2733 2735 2734
f 2732 2733 2730
f 1741 2736 2731
f 2734 2735 2737
f 2738 2735 2733
f 1741 1742 2736
f 2731 2736 2733
f 2736 2738 2733
f 2732 2731 2733
f 2680 2731 2732
f 1799 2668 2739
f 2740 2735 2738
f 2739 2668 2740
f 2668 2741 2740
f 2739 2740 2738
f 1742 1753 1799
f 1742 1799 2736
f 2736 1799 2739
f 2738 2736 2739
f 1799 1796 2668
f 1796 2742 2668
f 2734 2737 2715
f 2741 2668 2650
f 2741 2650 2661
f 2735 2740 2737
f 2740 2741 2737
f 2715 2737 2713
f 2737 2741 2661
f 2737 2661 2713
f 1668 1670 1783
f 2742 1796 2664
f 2668 2742 2664
f 2743 2734 2744
f 2745 2678 2730
f 2730 2743 2745
f 2745 2743 2678
f 2743 2744 2688
f 2743 2688 2686
f 2688 2746 2694
f 2694 2746 2709
f 2744 2747 2746
f 2688 2744 2746
f 2747 2712 2709
f 2746 2747 2709
f 2747 2719 2712
f 2748 2719 2747
f 2734 2715 2748
f 2734 2748 2744
f 2744 2748 2747
f 2678 2743 2686
f 2734 2743 2730
f 2715 2719 2748
f 2486 2749 2488
f 2489 2488 2750
f 2488 2751 2750
f 2372 2345 2373
f 2752 2753 2372
f 2372 2753 2345
f 2753 2383 2345
f 2381 2754 2371
f 2752 2755 2753
f 2755 2756 2753
f 2757 2752 2372
f 2758 2757 2754
f 2752 2757 2755
f 2758 2755 2757
f 2754 2757 2371
f 2371 2757 2372
f 2755 2759 2756
f 2760 2761 2762
f 2763 2764 2765
f 2765 2766 2763
f 2765 2767 2766
f 2767 2768 2769
f 2770 2767 2769
f 2771 2768 2772
f 2773 2772 2768
f 2770 2769 2774
f 2773 2775 2772
f 2776 2766 2767
f 2768 2765 2773
f 2767 2765 2768
f 2776 2767 2770
f 2759 2755 2777
f 2777 2755 2758
f 2769 2768 2754
f 2754 2768 2758
f 2758 2768 2771
f 2771 2777 2758
f 2778 2769 2754
f 2779 2769 2778
f 2771 2780 2777
f 2779 2778 2381
f 2778 2754 2381
f 2781 2782 2751
f 2751 2782 2783
f 2782 2784 2783
f 2785 2751 2783
f 2786 2787 2764
f 2787 2765 2764
f 2784 2788 2789
f 2788 2784 2782
f 2783 2784 2764
f 2784 2789 2786
f 2784 2786 2764
f 2765 2790 2773
f 2791 2792 2793
f 2794 2763 2766
f 2794 2766 2776
f 2783 2764 2763
f 2795 2385 2384
f 2796 2385 2795
f 2783 2763 2797
f 2795 2785 2797
f 2798 2795 2797
f 2785 2783 2797
f 2386 2785 2384
f 2799 2800 2801
f 2801 2800 2802
f 2802 2803 2801
f 2804 2805 1594
f 1594 1593 2804
f 2799 2801 2806
f 2807 2804 1593
f 2806 2803 2804
f 2801 2803 2806
f 2807 2808 2806
f 2799 2806 2809
f 2806 2804 2807
f 2807 1593 1803
f 2810 2750 2386
f 2750 2785 2386
f 2333 2811 2336
f 2383 2753 2812
f 2753 2813 2812
f 2814 2815 2816
f 2812 2813 2814
f 2814 2816 2812
f 2809 2817 2818
f 2817 2809 2819
f 2820 2819 2821
f 2822 2817 2819
f 2822 2819 2820
f 2818 2799 2809
f 2821 2819 2815
f 2821 2815 2814
f 2819 2808 2815
f 2815 2808 2823
f 2819 2809 2808
f 2809 2806 2808
f 2824 2818 2817
f 2824 2817 2822
f 2825 2826 2827
f 2828 2826 2825
f 2826 2829 2827
f 2830 2822 2831
f 2831 2822 2820
f 2820 2821 2832
f 2813 2833 2832
f 2831 2820 2832
f 2833 2831 2832
f 2824 2825 2827
f 2827 2818 2824
f 2834 2835 2833
f 2834 2833 2759
f 2835 2830 2831
f 2835 2831 2833
f 2836 2825 2830
f 2825 2824 2830
f 2830 2824 2822
f 2833 2813 2759
f 2835 2837 2830
f 2836 2830 2837
f 2832 2821 2814
f 2759 2813 2756
f 2813 2832 2814
f 2756 2813 2753
f 2793 2838 2791
f 2791 2838 2839
f 2840 2762 2793
f 2841 2793 2762
f 2838 2793 2841
f 2838 2841 2842
f 2838 2842 2839
f 2782 2843 2788
f 2844 2782 2845
f 2845 2782 2781
f 2846 2836 2847
f 2848 2846 2849
f 2848 2850 2846
f 2850 2848 2791
f 2846 2850 2836
f 2851 2852 2853
f 2852 2849 2853
f 2854 2851 2855
f 2853 2849 2847
f 2849 2846 2847
f 2851 2853 2855
f 2855 2853 2847
f 2786 2854 2855
f 2855 2847 2856
f 2857 2848 2849
f 2848 2792 2791
f 2791 2828 2850
f 2828 2791 2839
f 2858 2856 2834
f 2834 2856 2835
f 2856 2837 2835
f 2847 2837 2856
f 2847 2836 2837
f 2790 2855 2858
f 2858 2855 2856
f 2772 2775 2780
f 2775 2834 2780
f 2772 2780 2771
f 2850 2828 2825
f 2780 2834 2759
f 2836 2850 2825
f 2858 2834 2775
f 2788 2843 2789
f 2789 2854 2786
f 2843 2854 2789
f 2786 2855 2787
f 2787 2855 2790
f 2765 2787 2790
f 2790 2775 2773
f 2790 2858 2775
f 2777 2780 2759
f 2859 2800 2799
f 2860 2802 2800
f 2800 2859 2860
f 2859 2861 2860
f 2829 2861 2859
f 2829 2859 2799
f 2842 2861 2829
f 2762 2761 2862
f 2815 2863 2816
f 2823 2863 2815
f 2383 2812 2338
f 2816 2863 1950
f 2812 2816 1950
f 2823 1802 2863
f 1803 1802 2823
f 2841 2762 2864
f 2762 2862 2864
f 2841 2864 2842
f 2842 2864 2861
f 2865 2864 2862
f 2864 2865 2861
f 2865 2860 2861
f 2812 1950 2338
f 1950 2863 1951
f 2863 285 1951
f 2823 2807 1803
f 2808 2807 2823
f 2863 1802 285
f 2785 2750 2751
f 2751 2488 2781
f 2488 2845 2781
f 2818 2829 2799
f 2818 2827 2829
f 2826 2839 2842
f 2842 2829 2826
f 2839 2826 2828
f 2384 2785 2795
f 2656 2866 2659
f 2867 2868 2488
f 2486 2492 2749
f 2492 2867 2749
f 2749 2867 2488
f 2866 2869 2659
f 2869 2491 2659
f 2869 2492 2491
f 2659 2491 2493
f 2669 2869 2866
f 2870 2871 2872
f 2873 2874 2871
f 2872 2871 2874
f 2874 2873 2875
f 2875 2876 2492
f 2877 2669 2667
f 2878 2879 2877
f 2877 2880 2878
f 2878 2872 2879
f 2669 2877 2879
f 1671 1850 2667
f 2879 2872 2874
f 1852 2881 2877
f 1850 1852 2877
f 1850 2877 2667
f 2492 2876 2867
f 2882 2868 2867
f 2875 2492 2869
f 2669 2866 2656
f 2669 2879 2869
f 2879 2874 2875
f 2879 2875 2869
f 1806 1168 1808
f 1808 1168 2326
f 1168 1178 2326
f 2883 2884 2792
f 2884 2885 2840
f 2884 2840 2792
f 2840 2793 2792
f 2886 2885 2884
f 1825 2887 2886
f 2887 1833 2888
f 2888 2889 2885
f 2887 2888 2886
f 2886 2888 2885
f 2886 2884 2883
f 2857 2883 2792
f 2890 2891 2892
f 2892 2891 2883
f 2883 2891 2886
f 2885 2893 2840
f 2894 1825 2891
f 2886 2891 1825
f 1823 1826 1819
f 1826 1823 2894
f 1823 1825 2894
f 2890 1826 2894
f 1825 1824 1833
f 1825 1833 2887
f 2890 2894 2891
f 2895 1839 2896
f 2895 2896 2897
f 1841 2896 1839
f 1840 1839 2895
f 1840 2895 1842
f 2895 2897 2873
f 2873 2897 2875
f 2898 2873 2899
f 2900 2901 2902
f 2902 2901 2898
f 2903 2904 2902
f 2904 2900 2902
f 2899 2873 2871
f 2898 2899 2905
f 2905 2899 2871
f 2898 2901 2873
f 2901 1842 2895
f 2901 2895 2873
f 2897 2876 2875
f 2876 2897 2906
f 2897 2896 2906
f 2907 2903 2908
f 2902 2898 2908
f 2903 2902 2908
f 2909 2907 2910
f 2908 2898 2911
f 2911 2898 2912
f 2898 2905 2912
f 2335 1927 2913
f 2913 2328 2333
f 1808 1927 1921
f 2840 2893 2762
f 2914 2915 2916
f 2915 2917 2916
f 2917 2915 2918
f 2919 2920 2915
f 2919 2915 2914
f 2921 2919 2922
f 2921 2922 2923
f 2924 2916 2843
f 2782 2844 2843
f 2925 2844 2868
f 2924 2914 2916
f 2925 2924 2844
f 2844 2924 2843
f 2868 2844 2845
f 2919 2924 2922
f 2923 2922 2925
f 2925 2922 2924
f 2919 2914 2924
f 2851 2917 2852
f 2852 2926 2849
f 2857 2792 2848
f 2918 2926 2917
f 2851 2916 2917
f 2916 2851 2843
f 2926 2892 2857
f 2917 2926 2852
f 2926 2857 2849
f 2854 2843 2851
f 2326 2325 2328
f 1927 1808 2326
f 2326 2913 1927
f 2913 2326 2328
f 1926 1921 1927
f 1938 1820 1940
f 2896 1841 2921
f 1841 1935 1939
f 1940 1820 2920
f 2919 2927 1940
f 1940 2920 2919
f 1841 1939 2921
f 1939 1940 2927
f 1939 2927 2921
f 2488 2868 2845
f 2925 2882 2923
f 2882 2925 2868
f 1820 1826 2920
f 2876 2882 2867
f 2876 2906 2923
f 2876 2923 2882
f 2921 2923 2906
f 2896 2921 2906
f 2892 2883 2857
f 2890 2892 2918
f 2918 2892 2926
f 2921 2927 2919
f 2915 1826 2890
f 2915 2890 2918
f 2915 2920 1826
f 2928 2929 2930
f 2931 2932 2933
f 2934 2935 2936
f 2937 2936 2933
f 2938 2939 2940
f 2938 2940 2941
f 2942 2943 2944
f 2935 2931 2936
f 2945 2935 2934
f 2936 2931 2933
f 2936 2939 2934
f 2945 2934 2938
f 2939 2936 2937
f 2938 2934 2939
f 2945 2938 2946
f 2937 2933 2943
f 2939 2937 2940
f 2942 2937 2943
f 2937 2942 2940
f 2947 2944 2948
f 2947 2942 2944
f 2940 2942 2947
f 2941 2940 2949
f 2949 2940 2947
f 2947 2948 2950
f 2929 2951 2952
f 2953 2954 2955
f 2954 2941 2949
f 2955 2954 2929
f 2955 2929 2928
f 2954 2949 2929
f 2949 2947 2951
f 2951 2947 2950
f 2929 2949 2951
f 2952 2950 2956
f 2951 2950 2952
f 2946 2938 2953
f 2953 2938 2954
f 2938 2941 2954
f 2957 33 30
f 2958 2959 2960
f 2961 2959 2958
f 2962 2963 2961
f 2948 2963 2962
f 2948 2962 2964
f 2961 2965 2959
f 2963 2965 2961
f 2966 2961 2958
f 2962 2961 2966
f 2932 2967 2968
f 2968 2969 2970
f 2932 2968 2970
f 2971 2957 2972
f 2971 2972 2973
f 2974 2969 2971
f 2975 2970 2974
f 2943 2932 2976
f 2971 2973 2977
f 2970 2969 2974
f 2976 2932 2970
f 2970 2975 2976
f 2972 2978 2973
f 2943 2933 2932
f 2950 2948 2956
f 2977 2974 2971
f 2975 2974 2977
f 2979 2975 2977
f 2965 2976 2975
f 2943 2976 2980
f 2980 2976 2965
f 2978 2981 2973
f 2959 2975 2979
f 2965 2975 2959
f 2944 2943 2980
f 2978 2972 32
f 35 33 2969
f 2968 270 35
f 2968 35 2969
f 2979 2977 2982
f 2983 2979 2982
f 2973 2984 2982
f 2973 2982 2977
f 2979 2983 2959
f 2963 2980 2965
f 2948 2944 2980
f 2948 2980 2963
f 2957 30 2972
f 2957 2969 33
f 2969 2957 2971
f 2959 2983 2960
f 2973 2981 2984
f 2968 2967 270
f 2981 2985 2986
f 2984 2981 2987
f 2986 2985 2988
f 2986 2988 2987
f 2989 2985 2981
f 2986 2987 2981
f 2990 2966 2991
f 2956 2964 2990
f 2992 2956 2990
f 2993 2992 2994
f 2992 2952 2956
f 2992 2990 2995
f 2966 2996 2991
f 2966 2958 2996
f 2990 2964 2966
f 2964 2962 2966
f 2997 2993 2994
f 2997 2994 2998
f 2998 2999 3000
f 3000 3001 3002
f 2998 2994 2999
f 2999 3001 3000
f 2992 2995 2994
f 2994 2995 3001
f 2999 2994 3001
f 2998 3003 2997
f 2958 2960 2996
f 2984 3004 3005
f 3006 2984 3005
f 2983 2982 3006
f 2983 3006 2960
f 2982 2984 3006
f 2984 2987 3004
f 3007 2990 2991
f 3007 2991 3008
f 2995 2990 3007
f 2995 3007 3009
f 3010 3011 3012
f 3009 3013 3010
f 3000 3010 3012
f 3009 3007 3013
f 3000 3002 3010
f 3001 3009 3010
f 3002 3001 3010
f 3001 2995 3009
f 2930 2929 2952
f 2993 2952 2992
f 3014 2930 2993
f 2930 2952 2993
f 2956 2948 2964
f 3014 2993 2997
f 3014 2928 2930
f 3015 3014 2997
f 3016 3017 3018
f 3003 3016 2997
f 3019 3020 2928
f 3021 3022 3023
f 3023 3024 3021
f 3025 3026 3021
f 3025 3027 3026
f 3024 3025 3021
f 3028 3023 3029
f 3029 3023 3022
f 3030 3023 3031
f 3030 3024 3023
f 3032 3030 3031
f 3020 2953 2955
f 3020 2955 2928
f 3033 3034 3035
f 3034 2945 2946
f 3020 3036 2953
f 3037 3033 3035
f 3035 3034 3036
f 3034 2946 3036
f 3020 3035 3036
f 3036 2946 2953
f 3021 3038 3022
f 3022 3038 3029
f 3029 3038 3039
f 3021 3040 3038
f 3021 3026 3040
f 3038 3041 3039
f 3041 3038 3040
f 3027 3042 3040
f 3041 3040 3043
f 3040 3042 3043
f 3044 3041 3043
f 3044 3043 3045
f 3043 3042 3037
f 3045 3043 3046
f 3027 3040 3026
f 3039 3041 3044
f 3047 3045 3046
f 3048 3049 3050
f 3018 3048 3050
f 3018 3051 2997
f 3050 3051 3018
f 3052 3053 3054
f 3055 3052 3056
f 3056 3054 3057
f 3057 3054 3058
f 3052 3054 3056
f 3059 3053 3060
f 3060 3052 3061
f 3060 3061 3062
f 3061 3052 3055
f 3055 3063 3061
f 3062 3061 3063
f 3060 3053 3052
f 3062 3063 3064
f 3062 3064 3065
f 3065 3064 3066
f 3067 3065 3066
f 3066 3068 3067
f 3064 3069 3066
f 3064 3063 3069
f 3070 3066 3069
f 3066 3070 3068
f 3071 3070 3069
f 3072 3069 3073
f 3074 3062 3075
f 3074 3060 3062
f 3062 3065 3075
f 3076 3077 3078
f 3031 3079 3076
f 3080 3081 3082
f 3083 3084 3085
f 3086 3083 3087
f 3087 3085 3088
f 3089 3090 3085
f 3085 3090 3088
f 3088 3091 3092
f 3080 3082 3090
f 3093 3092 3094
f 3083 3085 3087
f 3087 3088 3092
f 3089 3080 3090
f 3090 3091 3088
f 3091 3090 3082
f 3092 3091 3094
f 3076 3079 3095
f 3095 3079 3081
f 3095 3081 3096
f 3097 3096 3098
f 3079 3028 3081
f 3098 3096 3080
f 3096 3081 3080
f 3081 3028 3029
f 3081 3029 3099
f 3076 3095 3097
f 3097 3095 3096
f 3031 3028 3079
f 3076 3097 3077
f 3023 3028 3031
f 3100 3039 3044
f 3099 3029 3100
f 3029 3039 3100
f 3044 3045 3101
f 3082 3099 3053
f 3100 3101 3102
f 3053 3101 3054
f 3081 3099 3082
f 3100 3053 3099
f 3100 3102 3053
f 3100 3044 3101
f 3053 3102 3101
f 3101 3045 3103
f 3054 3101 3103
f 3045 3047 3103
f 3054 3103 3058
f 3104 3086 3087
f 3105 3106 3107
f 3093 3094 3107
f 3104 3087 3106
f 3087 3092 3093
f 3105 3104 3106
f 3106 3087 3093
f 3106 3093 3107
f 3108 3098 3084
f 3083 3108 3084
f 3077 3097 3108
f 3078 3077 3109
f 3084 3089 3085
f 3098 3089 3084
f 3097 3098 3108
f 3098 3080 3089
f 3109 3077 3108
f 3107 3094 3110
f 3111 3110 3112
f 3112 3110 3113
f 3114 3112 3113
f 3114 3111 3112
f 3111 3107 3110
f 3113 3115 3114
f 3115 3067 3114
f 3067 3116 3117
f 3068 3116 3067
f 3082 3053 3091
f 3094 3118 3110
f 3118 3091 3059
f 3110 3118 3113
f 3113 3119 3115
f 3091 3118 3094
f 3059 3091 3053
f 3118 3059 3074
f 3113 3118 3119
f 3059 3060 3074
f 3115 3075 3067
f 3075 3065 3067
f 3118 3074 3119
f 3119 3074 3075
f 3119 3075 3115
f 3051 3015 2997
f 3019 2928 3014
f 3015 3019 3014
f 3051 3019 3015
f 3048 3018 3017
f 3016 3018 2997
f 2985 3120 3121
f 3122 3120 2985
f 3123 3076 3078
f 30 32 2972
f 2978 32 2130
f 2978 2130 2989
f 3124 3125 3078
f 2988 3124 3126
f 2988 3121 3124
f 3121 2988 2985
f 3122 2985 2989
f 2978 2989 2981
f 3127 3086 3128
f 3129 3127 3128
f 3129 3128 3130
f 3086 3104 3128
f 3128 3104 3105
f 3131 3130 3128
f 3131 3128 3105
f 3127 3083 3086
f 3124 3078 3109
f 3109 3108 3083
f 3109 3083 3127
f 3109 3127 3129
f 3132 3105 3107
f 3131 3105 3132
f 3111 3132 3107
f 3133 3131 3132
f 3134 3131 3133
f 3135 3134 3133
f 3136 3137 3134
f 3136 3134 3135
f 3138 3135 3117
f 3133 3132 3111
f 3137 3131 3134
f 3133 3111 3114
f 3135 3133 3114
f 3136 3135 3138
f 3117 3135 3114
f 3117 3114 3067
f 3117 3116 3138
f 3139 3129 3140
f 3141 3140 3137
f 3129 3130 3140
f 3140 3130 3131
f 3141 3139 3140
f 3137 3140 3131
f 3126 3109 3129
f 3126 3124 3109
f 3139 3126 3129
f 3139 2988 3126
f 3142 3143 3144
f 3143 3145 3146
f 3147 3146 3148
f 3149 3147 3150
f 3146 3145 3151
f 3143 3147 3144
f 3152 3143 3153
f 3143 3142 3153
f 3152 3145 3143
f 3143 3146 3147
f 3144 3147 3149
f 3147 3148 3150
f 3150 3148 3154
f 3145 3155 3151
f 3156 3157 3158
f 3159 3160 3158
f 3161 3162 3163
f 3162 3164 3165
f 3162 3165 3166
f 3166 3165 3167
f 3165 3168 3167
f 3169 3170 3171
f 3170 3172 3171
f 3173 3174 3163
f 3172 3175 3176
f 3173 3175 3170
f 3170 3175 3172
f 3173 3163 3175
f 3163 3177 3175
f 3163 3162 3177
f 3177 3162 3178
f 3162 3166 3178
f 3171 3179 3169
f 3180 3181 3179
f 3180 3182 3181
f 3183 3182 3180
f 3184 3185 3186
f 3185 3187 3188
f 3174 3184 3161
f 3164 3184 3186
f 3161 3184 3164
f 3188 3187 3189
f 3190 3186 3188
f 3186 3190 3164
f 3191 3192 3193
f 3193 3192 3194
f 3195 3191 3193
f 3193 3194 3196
f 3197 3195 3193
f 3198 3193 3196
f 3162 3161 3164
f 3187 3199 3200
f 3194 3192 3201
f 3156 3194 3201
f 3196 3194 3156
f 3198 3202 3203
f 3189 3204 3197
f 3156 3201 3157
f 3205 3206 3192
f 3190 3202 3165
f 3200 3204 3189
f 3202 3156 3158
f 3202 3158 3160
f 3165 3202 3168
f 3205 3207 3208
f 3206 3205 3208
f 3168 3202 3209
f 3208 3207 3210
f 3211 3142 3144
f 3212 3207 3213
f 3144 3149 3213
f 3213 3211 3144
f 3212 3150 3214
f 3210 3212 3214
f 3215 3216 3187
f 3215 3187 3185
f 3185 3188 3186
f 3187 3216 3199
f 3174 3161 3163
f 3188 3203 3190
f 3197 3193 3198
f 3188 3189 3203
f 3191 3217 3192
f 3187 3200 3189
f 3218 3217 3191
f 3197 3198 3203
f 3198 3196 3156
f 3219 3197 3204
f 3198 3156 3202
f 3201 3192 3220
f 3189 3197 3203
f 3217 3205 3192
f 3190 3165 3164
f 3217 3218 3205
f 3203 3202 3190
f 3201 3220 3157
f 3205 3221 3207
f 3202 3160 3209
f 3208 3210 3222
f 3153 3142 3223
f 3149 3150 3212
f 3223 3142 3211
f 3213 3149 3212
f 3222 3210 3224
f 3072 3073 3225
f 3226 3072 3225
f 3182 3226 3225
f 3182 3225 3227
f 3070 3228 3116
f 3229 3071 3230
f 3230 3071 3072
f 3226 3230 3072
f 3070 3116 3068
f 3071 3229 3070
f 3229 3231 3070
f 3232 3233 3073
f 3071 3069 3072
f 3231 3229 3230
f 3227 3234 3235
f 3227 3235 3236
f 3237 3238 3239
f 3235 3240 3236
f 3236 3240 3173
f 3073 3233 3237
f 3169 3236 3170
f 3240 3174 3173
f 3182 3227 3181
f 3237 3234 3227
f 3234 3239 3240
f 3235 3234 3240
f 3234 3237 3239
f 3241 3227 3236
f 3239 3242 3240
f 3236 3169 3241
f 3238 3243 3239
f 3073 3237 3225
f 3233 3238 3237
f 3236 3173 3170
f 3225 3237 3227
f 3227 3241 3181
f 3241 3169 3179
f 3181 3241 3179
f 3242 3174 3240
f 3239 3184 3242
f 3184 3239 3215
f 3215 3185 3184
f 3242 3184 3174
f 3243 3215 3239
f 3215 3243 3216
f 3244 3245 3136
f 3228 3244 3136
f 3138 3228 3136
f 3228 3138 3116
f 3245 3141 3137
f 3136 3245 3137
f 3231 3244 3228
f 3070 3231 3228
f 2988 3139 2987
f 3004 2987 3246
f 3245 3139 3141
f 3246 3139 3245
f 2987 3139 3246
f 3247 3248 3249
f 3250 3251 3252
f 3251 3249 3252
f 3253 3159 3250
f 3248 3254 3255
f 3249 3248 3256
f 3256 3252 3249
f 3256 3255 3257
f 3256 3257 3252
f 3252 3257 3258
f 3252 3258 3259
f 3260 3247 3249
f 3261 3254 3248
f 3260 3249 3251
f 3251 3250 3159
f 3262 3257 3255
f 3248 3255 3256
f 3263 3250 3252
f 3253 3250 3263
f 3263 3252 3259
f 3264 3265 3209
f 3266 3267 3268
f 3269 3209 3160
f 3270 3265 3264
f 3271 3264 3209
f 3266 3272 3267
f 3268 3273 3266
f 3270 3264 3271
f 3209 3269 3274
f 3271 3209 3274
f 3275 3270 3276
f 3270 3271 3276
f 3269 3253 3274
f 3253 3277 3274
f 3271 3274 3278
f 3278 3276 3271
f 3279 3276 3280
f 3278 3274 3281
f 3276 3278 3280
f 3281 3274 3277
f 3282 3275 3279
f 3279 3275 3276
f 3279 3283 3282
f 2996 3282 3283
f 3253 3269 3160
f 3258 3284 3259
f 3263 3285 3277
f 3253 3263 3277
f 3285 3281 3277
f 3157 3286 3287
f 3158 3157 3287
f 3167 3168 3288
f 3247 3261 3248
f 3157 3289 3286
f 3287 3286 3260
f 3158 3287 3159
f 3286 3289 3247
f 3289 3261 3247
f 3286 3247 3260
f 3287 3251 3159
f 3287 3260 3251
f 3160 3159 3253
f 3290 3176 3177
f 3290 3177 3291
f 3290 3291 3292
f 3293 3177 3178
f 3293 3178 3294
f 3178 3166 3294
f 3294 3166 3167
f 3294 3167 3288
f 3288 3168 3295
f 3296 3294 3288
f 3288 3297 3296
f 3177 3293 3291
f 3292 3291 3298
f 3291 3293 3298
f 3299 3292 3298
f 3293 3294 3296
f 3298 3293 3296
f 3300 3298 3296
f 3301 3302 3303
f 3292 3299 3304
f 3295 3168 3209
f 3288 3295 3297
f 3295 3272 3297
f 3295 3209 3272
f 3272 3209 3265
f 3300 3297 3266
f 3273 3305 3306
f 3297 3272 3266
f 3273 3268 3305
f 3302 3307 3303
f 3308 3302 3301
f 3303 3304 3299
f 3309 3308 3301
f 3301 3303 3310
f 3303 3299 3310
f 3301 3310 3306
f 3309 3301 3306
f 3299 3298 3311
f 3298 3300 3311
f 3310 3299 3311
f 3305 3309 3306
f 3273 3306 3310
f 3296 3297 3300
f 3311 3273 3310
f 3311 3300 3273
f 3300 3266 3273
f 3272 3265 3267
f 3312 3313 3314
f 3313 3312 3315
f 3308 3312 3316
f 3315 3312 3317
f 3318 3315 3317
f 3317 3312 3309
f 3305 3317 3309
f 3318 3317 3305
f 3268 3318 3305
f 3265 3270 3275
f 3265 3275 3267
f 3275 3282 3318
f 3316 3319 3302
f 3316 3302 3308
f 3312 3314 3316
f 3312 3308 3309
f 3267 3275 3268
f 3275 3318 3268
f 3282 2996 3320
f 3315 3006 3313
f 2960 3006 3315
f 3320 3318 3282
f 3320 3315 3318
f 2960 3315 3320
f 3008 2991 2996
f 3283 3279 3321
f 3322 3280 3281
f 3281 3280 3278
f 3321 3279 3280
f 3008 2996 3283
f 3259 3284 3322
f 3323 3324 3322
f 3324 3321 3322
f 3285 3263 3259
f 3259 3322 3285
f 3285 3322 3281
f 3322 3321 3280
f 3171 3172 3290
f 3176 3175 3177
f 3171 3290 3304
f 3172 3176 3290
f 3307 3180 3179
f 3304 3179 3171
f 3302 3183 3180
f 3304 3307 3179
f 3304 3290 3292
f 3303 3307 3304
f 3180 3307 3302
f 3319 3226 3182
f 3302 3319 3183
f 3314 3319 3316
f 3325 3230 3226
f 3325 3226 3319
f 3319 3182 3183
f 2996 2960 3320
f 3231 3230 3245
f 3245 3230 3246
f 3246 3230 3325
f 3005 3246 3325
f 3231 3245 3244
f 3004 3246 3005
f 3314 3005 3325
f 3006 3005 3314
f 3006 3314 3313
f 3325 3319 3314
f 3324 3008 3321
f 3326 3008 3324
f 3008 3013 3007
f 3327 3328 3329
f 3257 3330 3284
f 3258 3257 3284
f 3329 3331 3327
f 3332 3333 3327
f 3330 3334 3284
f 3335 3326 3334
f 3284 3334 3323
f 3334 3324 3323
f 3284 3323 3322
f 3331 3329 3011
f 3013 3326 3335
f 3013 3335 3332
f 3336 3329 3328
f 3330 3333 3335
f 3330 3335 3334
f 3335 3333 3332
f 3327 3331 3332
f 3334 3326 3324
f 3321 3008 3283
f 3326 3013 3008
f 3332 3331 3010
f 3010 3331 3011
f 3013 3332 3010
f 3254 3224 3255
f 3157 3220 3289
f 3261 3224 3254
f 3192 3206 3220
f 3206 3208 3222
f 3222 3220 3206
f 3220 3222 3289
f 3289 3222 3261
f 3222 3224 3261
f 3224 3262 3255
f 3328 3154 3336
f 3328 3214 3154
f 3262 3214 3330
f 3214 3333 3330
f 3214 3328 3327
f 3327 3333 3214
f 3224 3210 3262
f 3210 3214 3262
f 3262 3330 3257
f 3154 3148 3337
f 3154 3337 3336
f 3214 3150 3154
f 3148 3146 3338
f 3151 3339 3146
f 3146 3339 3338
f 3148 3338 3337
f 3011 3340 3012
f 3341 3000 3012
f 3341 2998 3000
f 3342 3340 3011
f 3340 3341 3012
f 3343 3344 3341
f 3343 3341 3340
f 3343 3340 3342
f 3344 2998 3341
f 3329 3342 3011
f 3345 3346 3343
f 3343 3342 3345
f 3329 3345 3342
f 3346 3344 3343
f 3344 3347 2998
f 3348 3003 3347
f 3348 3347 3344
f 3003 2998 3347
f 3339 3151 3348
f 3017 3016 3003
f 3338 3339 3346
f 3339 3348 3346
f 3348 3017 3003
f 3346 3348 3344
f 3337 3346 3349
f 3336 3337 3345
f 3336 3345 3329
f 3349 3346 3345
f 3337 3338 3346
f 3337 3349 3345
f 297 269 3350
f 2935 3350 2931
f 3350 269 2931
f 3351 297 3350
f 3351 3350 2935
f 268 2967 2932
f 2931 268 2932
f 35 270 267
f 2931 269 268
f 268 270 2967
f 3024 3352 3025
f 3353 3354 3355
f 3355 3354 3356
f 3356 3357 3358
f 3358 3359 3360
f 3354 3357 3356
f 3361 3362 3353
f 3353 3363 3361
f 3362 3364 3365
f 3362 3354 3353
f 3354 3365 3366
f 3365 3354 3362
f 3366 3357 3354
f 3367 3368 3365
f 3365 3368 3369
f 3370 3367 3364
f 3370 3368 3367
f 3371 3370 3364
f 3364 3367 3365
f 3372 3368 3370
f 3372 3373 3368
f 3374 3375 3376
f 3377 3374 3376
f 3378 3379 3380
f 3378 3377 3379
f 3379 3377 3376
f 3379 3376 3381
f 3382 3383 3384
f 3383 3382 3385
f 3386 3382 3387
f 3387 3382 3384
f 3381 3388 3389
f 3362 3390 3391
f 3362 3391 3371
f 3385 3392 3390
f 3390 3392 3391
f 3371 3392 3393
f 3371 3393 3394
f 3371 3394 3370
f 3392 3371 3391
f 3380 3395 3396
f 3395 3397 3398
f 3379 3399 3397
f 3379 3397 3380
f 3380 3397 3395
f 3399 3381 3389
f 3400 3401 3402
f 3403 3404 3405
f 3405 3406 3407
f 3408 3405 3407
f 3403 3405 3408
f 3408 3407 3409
f 3409 3410 3408
f 3403 3411 3412
f 3413 3403 3408
f 3413 3408 3410
f 3414 3415 3416
f 3396 3395 3417
f 3415 3396 3417
f 3417 3418 3419
f 3417 3419 3420
f 3420 3419 3421
f 3419 3422 3421
f 3423 3424 3416
f 3409 3407 3425
f 3415 3420 3416
f 3415 3417 3420
f 3423 3425 3407
f 3417 3395 3418
f 3409 3425 3426
f 3416 3427 3423
f 3427 3425 3423
f 3420 3421 3416
f 3418 3428 3419
f 3416 3421 3427
f 3425 3427 3421
f 3429 3425 3421
f 3406 3430 3431
f 3430 3414 3424
f 3430 3424 3431
f 3432 3415 3414
f 3424 3414 3416
f 3433 3432 3414
f 3406 3431 3407
f 3434 3396 3432
f 3431 3424 3423
f 3431 3423 3407
f 3432 3396 3415
f 3435 3401 3400
f 3436 3437 3438
f 3439 3384 3440
f 3384 3383 3440
f 3441 3439 3440
f 3441 3440 3442
f 3440 3390 3442
f 3441 3442 3443
f 3438 3437 3443
f 3387 3384 3439
f 3439 3441 3437
f 3383 3390 3440
f 3437 3441 3443
f 3383 3385 3390
f 3443 3362 3361
f 3443 3442 3362
f 3362 3371 3364
f 3442 3390 3362
f 3397 3444 3435
f 3398 3435 3400
f 3398 3428 3418
f 3397 3435 3398
f 3395 3398 3418
f 3398 3400 3428
f 3445 3446 3447
f 3448 3449 3450
f 3449 3451 3450
f 3452 3453 3449
f 3448 3452 3449
f 3448 3450 3454
f 3412 3455 3403
f 3456 3451 3457
f 3449 3412 3451
f 3451 3412 3457
f 3450 3451 3458
f 3451 3456 3458
f 3459 3460 3461
f 3459 3461 3447
f 3459 3447 3446
f 3462 3377 3378
f 3378 3380 3434
f 3463 3464 3465
f 3466 3463 3465
f 3465 3464 3467
f 3462 3467 3377
f 3468 3464 3463
f 3465 3467 3462
f 3447 3461 3468
f 3461 3469 3468
f 3447 3468 3463
f 3461 3460 3469
f 3468 3470 3471
f 3468 3471 3464
f 3469 3472 3470
f 3473 3474 3472
f 3475 3474 3374
f 3374 3474 3375
f 3474 3476 3375
f 3470 3472 3474
f 3470 3474 3471
f 3469 3473 3472
f 3477 3476 3473
f 3473 3476 3474
f 3471 3474 3475
f 3475 3374 3377
f 3464 3471 3467
f 3471 3475 3467
f 3475 3377 3467
f 3469 3470 3468
f 3452 3445 3478
f 3452 3478 3453
f 3453 3479 3449
f 3462 3378 3434
f 3434 3380 3396
f 3480 3434 3433
f 3481 3463 3466
f 3466 3465 3482
f 3481 3466 3479
f 3478 3463 3481
f 3478 3447 3463
f 3445 3447 3478
f 3453 3478 3481
f 3453 3481 3479
f 3404 3483 3484
f 3405 3404 3484
f 3455 3412 3483
f 3483 3404 3455
f 3449 3479 3483
f 3449 3483 3412
f 3403 3455 3404
f 3485 3479 3482
f 3482 3486 3485
f 3483 3485 3484
f 3462 3434 3480
f 3462 3480 3487
f 3488 3486 3487
f 3484 3485 3488
f 3487 3480 3433
f 3406 3484 3488
f 3488 3430 3406
f 3405 3484 3406
f 3430 3433 3414
f 3482 3465 3462
f 3482 3462 3486
f 3462 3487 3486
f 3485 3486 3488
f 3487 3430 3488
f 3487 3433 3430
f 3433 3434 3432
f 3483 3479 3485
f 3479 3466 3482
f 3489 3372 3394
f 3370 3394 3372
f 3490 3491 3492
f 3477 3493 3476
f 3477 3494 3495
f 3495 3493 3477
f 3385 3496 3392
f 3382 3497 3496
f 3497 3498 3496
f 3382 3496 3385
f 3499 3493 3500
f 3495 3500 3493
f 3500 3497 3499
f 3392 3501 3393
f 3501 3502 3489
f 3393 3501 3394
f 3501 3489 3394
f 3502 3490 3489
f 3490 3372 3489
f 3372 3490 3492
f 3501 3503 3502
f 3496 3498 3501
f 3496 3501 3392
f 3504 3505 3469
f 3469 3505 3473
f 3505 3477 3473
f 3505 3494 3477
f 3506 3507 3508
f 3509 3510 3511
f 3512 3510 3509
f 3513 3512 3509
f 3509 3511 3514
f 3515 3509 3514
f 3512 3513 3516
f 3513 3509 3515
f 3516 3513 3507
f 3513 3515 3517
f 3517 3514 3518
f 3517 3515 3514
f 3507 3513 3517
f 3507 3517 3508
f 3519 3517 3520
f 3517 3519 3521
f 3522 3523 3524
f 3523 3517 3521
f 3523 3521 3524
f 3525 3523 3526
f 3523 3522 3526
f 3525 3526 3527
f 3528 3527 3526
f 3528 3526 3522
f 3527 3528 3529
f 3524 3530 3531
f 3522 3524 3532
f 3533 3534 3535
f 3533 3532 3531
f 3522 3532 3536
f 3536 3532 3533
f 3528 3522 3536
f 3537 3528 3536
f 3537 3529 3528
f 3357 3538 3529
f 3357 3537 3358
f 3521 3519 3530
f 3521 3530 3524
f 3530 3534 3531
f 3534 3539 3535
f 3524 3531 3532
f 3533 3531 3534
f 3533 3535 3540
f 3536 3533 3540
f 3536 3540 3360
f 3359 3536 3360
f 3537 3536 3359
f 3537 3359 3358
f 3357 3529 3537
f 3541 3542 3507
f 3542 3516 3507
f 3541 3507 3506
f 3543 3544 3545
f 3543 3545 3546
f 3543 3546 3547
f 3548 3520 3543
f 3548 3543 3547
f 3517 3518 3520
f 3539 3547 3549
f 3550 3547 3539
f 3534 3550 3539
f 3518 3544 3543
f 3518 3543 3520
f 3548 3547 3550
f 3519 3520 3548
f 3530 3548 3550
f 3519 3548 3530
f 3530 3550 3534
f 3357 3366 3538
f 3508 3517 3523
f 3506 3508 3525
f 3551 3552 3527
f 3553 3552 3551
f 3554 3553 3551
f 3554 3555 3553
f 3556 3551 3527
f 3529 3556 3527
f 3556 3554 3551
f 3538 3556 3529
f 3366 3556 3538
f 3373 3557 3558
f 3369 3558 3554
f 3541 3506 3552
f 3525 3508 3523
f 3552 3506 3525
f 3552 3525 3527
f 3559 3552 3553
f 3557 3555 3558
f 3369 3556 3366
f 3558 3555 3554
f 3365 3369 3366
f 3554 3556 3369
f 3368 3558 3369
f 3552 3560 3541
f 3559 3560 3552
f 3561 3559 3553
f 3555 3561 3553
f 3492 3555 3557
f 3368 3373 3558
f 3562 3555 3492
f 3372 3492 3373
f 3373 3492 3557
f 3562 3561 3555
f 3491 3562 3492
f 3514 3511 3563
f 3514 3563 3564
f 3518 3514 3544
f 3514 3564 3544
f 3565 3566 3567
f 3568 3569 3570
f 3571 3572 3568
f 3573 3568 3570
f 3566 3563 3574
f 3575 3571 3573
f 3563 3575 3574
f 3574 3575 3576
f 3571 3568 3573
f 3511 3571 3575
f 3576 3573 3570
f 3575 3573 3576
f 3545 3564 3546
f 3546 3577 3578
f 3544 3564 3545
f 3564 3577 3546
f 3579 3454 3511
f 3572 3454 3450
f 3572 3458 3569
f 3568 3572 3569
f 3450 3458 3572
f 3571 3454 3572
f 3575 3563 3511
f 3566 3580 3563
f 3566 3581 3580
f 3582 3577 3564
f 3511 3454 3571
f 3564 3563 3580
f 3564 3580 3582
f 3583 3446 3445
f 3584 3583 3445
f 3585 3586 3587
f 3588 3587 3512
f 3516 3588 3512
f 3589 3445 3452
f 3589 3584 3445
f 3584 3589 3585
f 3586 3585 3589
f 3579 3586 3589
f 3587 3586 3510
f 3510 3586 3579
f 3587 3510 3512
f 3510 3579 3511
f 3579 3589 3448
f 3579 3448 3454
f 3589 3452 3448
f 3583 3459 3446
f 3535 3539 3590
f 3363 3353 3591
f 3591 3353 3355
f 3590 3592 3593
f 3594 3595 3590
f 3535 3590 3595
f 3535 3595 3540
f 3596 3594 3597
f 3595 3594 3596
f 3355 3597 3591
f 3596 3597 3355
f 3360 3595 3596
f 3596 3355 3360
f 3540 3595 3360
f 3356 3358 3360
f 3356 3360 3355
f 3592 3598 3599
f 3599 3598 3600
f 3601 3602 3603
f 3363 3591 3597
f 3592 3599 3593
f 3601 3603 3600
f 3599 3600 3604
f 3599 3604 3593
f 3590 3593 3594
f 3593 3604 3594
f 3603 3604 3600
f 3603 3597 3604
f 3603 3363 3597
f 3594 3604 3597
f 3592 3605 3598
f 3598 3601 3600
f 3605 3592 3549
f 3539 3592 3590
f 3539 3549 3592
f 3602 3443 3361
f 3603 3361 3363
f 3602 3361 3603
f 3606 3607 3608
f 3609 3610 3611
f 3606 3608 3612
f 3612 3613 3614
f 3608 3607 3615
f 3612 3608 3615
f 3609 3611 3607
f 3612 3615 3616
f 3610 3617 3611
f 3613 3612 3616
f 3615 3607 3618
f 3619 3615 3618
f 3620 3614 3621
f 3615 3619 3616
f 3622 3616 3619
f 3618 3623 3624
f 3624 3623 3625
f 3618 3624 3626
f 3624 3625 3627
f 3628 3629 3627
f 3627 3629 3630
f 3629 3631 3630
f 3630 3632 3633
f 3630 3631 3632
f 3610 3413 3410
f 3607 3611 3618
f 3614 3613 3621
f 3621 3613 3616
f 3611 3617 3623
f 3618 3611 3623
f 3616 3622 3621
f 3620 3621 3634
f 3619 3618 3626
f 3626 3624 3627
f 3634 3621 3635
f 3635 3621 3622
f 3619 3633 3622
f 3626 3633 3619
f 3622 3633 3635
f 3636 3634 3635
f 3626 3627 3630
f 3626 3630 3633
f 3635 3633 3637
f 3635 3637 3636
f 3633 3638 3637
f 3633 3632 3638
f 3636 3637 3639
f 3638 3639 3637
f 3640 3641 3642
f 3643 3644 3641
f 3643 3645 3644
f 3646 3645 3643
f 3640 3643 3641
f 3647 3643 3640
f 3648 3647 3640
f 3649 3650 3651
f 3649 3651 3652
f 3641 3653 3642
f 3653 3641 3654
f 3653 3655 3642
f 3647 3646 3643
f 3656 3657 3650
f 3651 3658 3652
f 3651 3659 3658
f 3570 3569 3614
f 3660 3567 3566
f 3661 3565 3567
f 3660 3662 3639
f 3663 3565 3661
f 3664 3665 3666
f 3663 3664 3666
f 3570 3614 3620
f 3662 3570 3620
f 3576 3570 3662
f 3662 3620 3634
f 3574 3576 3566
f 3566 3576 3662
f 3662 3634 3636
f 3566 3662 3660
f 3636 3639 3662
f 3661 3567 3660
f 3661 3660 3639
f 3665 3565 3666
f 3666 3565 3663
f 3639 3667 3661
f 3658 3659 3664
f 3631 3668 3632
f 3632 3668 3638
f 3638 3668 3667
f 3631 3652 3668
f 3639 3638 3667
f 3667 3663 3661
f 3668 3664 3663
f 3652 3658 3668
f 3658 3664 3668
f 3668 3663 3667
f 3411 3403 3610
f 3457 3411 3606
f 3411 3609 3606
f 3606 3609 3607
f 3411 3610 3609
f 3457 3606 3456
f 3456 3606 3612
f 3569 3612 3614
f 3412 3411 3457
f 3413 3610 3403
f 3569 3456 3612
f 3610 3410 3426
f 3610 3426 3669
f 3610 3669 3617
f 3617 3669 3670
f 3617 3625 3623
f 3669 3642 3670
f 3617 3670 3625
f 3640 3642 3426
f 3670 3671 3625
f 3625 3671 3627
f 3422 3672 3647
f 3422 3647 3673
f 3671 3670 3656
f 3627 3671 3628
f 3673 3647 3648
f 3671 3674 3628
f 3674 3629 3628
f 3674 3649 3652
f 3629 3674 3631
f 3674 3652 3631
f 3410 3409 3426
f 3426 3642 3669
f 3429 3426 3425
f 3429 3640 3426
f 3642 3655 3670
f 3422 3673 3421
f 3673 3429 3421
f 3648 3640 3429
f 3673 3648 3429
f 3670 3655 3656
f 3671 3656 3674
f 3655 3657 3656
f 3656 3650 3649
f 3656 3649 3674
f 3565 3581 3566
f 3565 3675 3581
f 3676 3677 3678
f 3601 3678 3602
f 3602 3679 3443
f 3680 3678 3677
f 3678 3679 3602
f 3578 3677 3676
f 3578 3676 3605
f 3598 3605 3676
f 3598 3676 3601
f 3676 3678 3601
f 3578 3577 3677
f 3547 3546 3681
f 3549 3681 3605
f 3546 3578 3681
f 3547 3681 3549
f 3681 3578 3605
f 3458 3456 3569
f 3577 3582 3677
f 3438 3443 3679
f 3582 3580 3581
f 3680 3677 3582
f 3682 3683 3684
f 3685 3686 3687
f 3688 3685 3687
f 3689 3685 3688
f 3690 3689 3688
f 3682 3684 3685
f 3682 3685 3689
f 3682 3691 3692
f 3693 3690 3688
f 3682 3689 3691
f 3691 3689 3690
f 3694 3695 3696
f 3694 3696 3697
f 3686 3694 3698
f 3697 3699 3698
f 3694 3697 3698
f 3686 3698 3687
f 3700 3698 3699
f 3698 3700 3687
f 3693 3688 3687
f 3687 3700 3693
f 3696 3701 3697
f 3702 3695 3703
f 3704 3705 3702
f 3694 3703 3695
f 3686 3703 3694
f 3706 3703 3686
f 3707 3708 3704
f 3709 3703 3706
f 3684 3709 3706
f 3684 3706 3685
f 3685 3706 3686
f 3708 3705 3704
f 3709 3702 3703
f 3704 3702 3709
f 3710 3711 3707
f 3707 3704 3709
f 3707 3709 3683
f 3709 3684 3683
f 3683 3712 3707
f 3712 3683 3713
f 3714 3710 3712
f 3692 3713 3682
f 3715 3713 3692
f 3714 3713 3715
f 3713 3683 3682
f 3714 3712 3713
f 3710 3707 3712
f 3716 3717 3718
f 3716 3718 3719
f 3720 3721 3722
f 3723 3720 3722
f 3705 3723 3724
f 3705 3724 3702
f 3702 3724 3695
f 3723 3708 3720
f 3717 3721 3720
f 3708 3723 3705
f 3708 3711 3720
f 3711 3708 3707
f 3723 3722 3724
f 3695 3724 3725
f 3726 3716 3719
f 3727 3728 3729
f 3699 3697 3730
f 3731 3732 3733
f 3734 3728 3727
f 3735 3733 3734
f 3730 3736 3731
f 3699 3730 3731
f 3736 3732 3731
f 3737 3731 3733
f 3738 3727 3739
f 3740 3735 3727
f 3699 3731 3700
f 3700 3731 3737
f 3737 3733 3735
f 3693 3700 3737
f 3735 3734 3727
f 3740 3727 3738
f 3735 3740 3737
f 3693 3737 3690
f 3690 3737 3740
f 3741 3742 3743
f 3744 3743 3730
f 3697 3744 3730
f 3743 3742 3745
f 3736 3743 3745
f 3742 3746 3745
f 3747 3746 3742
f 3730 3743 3736
f 3745 3732 3736
f 3745 3746 3732
f 3729 3748 3739
f 3739 3727 3729
f 3749 3750 3751
f 3751 3750 3752
f 3753 3751 3754
f 3755 3756 3750
f 3750 3756 3752
f 3751 3752 3757
f 3757 3752 3758
f 3759 3753 3754
f 3756 3760 3752
f 3752 3760 3758
f 3696 3725 3701
f 3760 3756 3761
f 3754 3757 3741
f 3741 3757 3762
f 3701 3759 3744
f 3744 3741 3743
f 3741 3762 3742
f 3742 3763 3747
f 3747 3764 3765
f 3747 3765 3746
f 3766 3750 3749
f 3749 3751 3753
f 3749 3753 3725
f 3751 3757 3754
f 3725 3753 3701
f 3753 3759 3701
f 3695 3725 3696
f 3759 3754 3741
f 3758 3763 3757
f 3759 3741 3744
f 3762 3757 3763
f 3758 3764 3763
f 3701 3744 3697
f 3762 3763 3742
f 3763 3764 3747
f 3764 3767 3765
f 3726 3768 3716
f 3726 3769 3768
f 3770 3766 3722
f 3722 3749 3724
f 3724 3749 3725
f 3770 3755 3766
f 3770 3722 3721
f 3722 3766 3749
f 3766 3755 3750
f 3771 3755 3770
f 3768 3771 3770
f 3755 3769 3756
f 3721 3768 3770
f 3755 3771 3769
f 3717 3768 3721
f 3771 3768 3769
f 3716 3768 3717
f 3769 3726 3772
f 3773 3774 3775
f 3776 3773 3775
f 3775 3777 3778
f 3779 3773 3776
f 3729 3780 3781
f 3728 3780 3729
f 3781 3780 3778
f 3782 3774 3773
f 3777 3774 3783
f 3780 3776 3775
f 3774 3777 3775
f 3780 3775 3778
f 3776 3780 3728
f 3784 3783 3774
f 3782 3785 3774
f 3765 3786 3746
f 3732 3746 3787
f 3786 3788 3746
f 3787 3746 3789
f 3779 3782 3773
f 3734 3733 3728
f 3787 3789 3779
f 3787 3779 3733
f 3789 3746 3788
f 3789 3788 3779
f 3788 3786 3790
f 3779 3776 3728
f 3779 3728 3733
f 3732 3787 3733
f 3788 3782 3779
f 3782 3791 3785
f 3788 3791 3782
f 3767 3786 3765
f 3792 3793 3794
f 3795 3792 3794
f 3796 3797 3795
f 3798 3795 3794
f 3797 3792 3795
f 3799 3800 3793
f 3801 3802 3803
f 3804 3805 3806
f 3806 3807 3808
f 3806 3808 3809
f 3802 3809 3803
f 3806 3805 3807
f 3806 3802 3804
f 3806 3809 3802
f 3809 3810 3803
f 3811 3810 3812
f 3809 3808 3810
f 3813 3801 3814
f 3814 3815 3816
f 3815 3817 3818
f 3814 3801 3815
f 3816 3818 3819
f 3818 3820 3819
f 3818 3816 3815
f 3820 3818 3796
f 3818 3817 3796
f 3817 3797 3796
f 3803 3810 3797
f 3810 3811 3797
f 3821 3804 3802
f 3803 3817 3815
f 3801 3803 3815
f 3803 3797 3817
f 2881 3541 3822
f 3823 3824 3516
f 3823 3516 3542
f 3541 3823 3542
f 3823 3541 1852
f 2881 1852 3541
f 3822 3541 3560
f 3825 3822 3560
f 3824 3588 3516
f 3826 2870 2872
f 3825 2880 2877
f 3827 3826 2880
f 3826 2878 2880
f 3826 2872 2878
f 3828 1843 3829
f 1843 3828 1904
f 3830 3831 2904
f 3494 3832 3495
f 3832 3831 3495
f 2905 2871 2870
f 3833 2905 2870
f 1843 1842 3834
f 3497 3835 2910
f 3835 2909 2910
f 3500 3835 3497
f 3830 2909 3835
f 3498 3836 3501
f 2904 2909 3830
f 3495 3835 3500
f 3495 3831 3835
f 3831 3830 3835
f 2912 2905 3833
f 3491 3833 3562
f 3833 2870 3562
f 3562 3826 3827
f 2912 3833 3837
f 3837 3833 3491
f 3562 2870 3826
f 3838 3839 3840
f 3841 3842 3843
f 3841 3838 3840
f 3839 3844 3459
f 3583 3839 3459
f 3460 3459 3844
f 3829 1843 3834
f 3828 3843 3842
f 3828 3829 3843
f 3845 3844 3838
f 3838 3844 3839
f 3845 3846 3844
f 3841 3845 3838
f 3843 3845 3841
f 3845 3829 3847
f 3843 3829 3845
f 3846 3845 3847
f 3846 3847 3848
f 3849 3848 3847
f 3849 3831 3848
f 3829 3834 3847
f 3847 3834 3849
f 3831 3849 2904
f 3834 2900 3849
f 3846 3850 3844
f 3850 3469 3460
f 3850 3504 3469
f 3846 3504 3850
f 3846 3505 3504
f 3846 3832 3505
f 3846 3848 3832
f 3494 3505 3832
f 3832 3848 3831
f 3844 3850 3460
f 1904 3828 3842
f 3559 3825 3560
f 2880 3559 3561
f 3825 3559 2880
f 3562 3827 3561
f 3827 2880 3561
f 2881 3822 2877
f 3822 3825 2877
f 1847 3851 3852
f 1847 3852 1848
f 3823 1848 3824
f 3583 3840 3839
f 3840 3583 3584
f 3587 3840 3584
f 3853 3840 3587
f 3854 3840 3853
f 1851 3823 1852
f 1851 1848 3823
f 1848 1851 1850
f 3824 3587 3588
f 3585 3587 3584
f 3841 3840 3854
f 3855 3854 3853
f 1848 3852 3824
f 3851 3855 3587
f 3852 3851 3587
f 3855 3853 3587
f 3852 3587 3824
f 3851 1898 3855
f 1902 3856 1898
f 1898 3856 3855
f 1898 3851 1847
f 3855 3857 3854
f 3857 3842 3841
f 3857 3841 3854
f 1902 3842 3857
f 3856 3857 3855
f 1902 3857 3856
f 1902 1904 3842
f 3858 3019 3051
f 3858 3020 3019
f 3027 3033 3042
f 3027 3859 3033
f 3859 3860 3033
f 3860 2935 2945
f 3860 2945 3033
f 3033 2945 3034
f 3035 3043 3037
f 3043 3861 3046
f 3047 3046 3862
f 3035 3861 3043
f 3861 3035 3858
f 3035 3020 3858
f 3046 3861 3863
f 3861 3858 3864
f 3862 3046 3863
f 3042 3033 3037
f 3865 3864 3050
f 3049 3865 3050
f 3864 3051 3050
f 3865 3049 3152
f 3057 3058 3866
f 3866 3058 3867
f 3058 3862 3867
f 3862 3863 3867
f 3868 3866 3869
f 3867 3863 3870
f 3867 3870 3869
f 3866 3867 3869
f 3870 3223 3871
f 3865 3863 3861
f 3870 3865 3223
f 3223 3865 3153
f 3870 3863 3865
f 3861 3864 3865
f 3872 3056 3873
f 3056 3868 3873
f 3873 3868 3874
f 3868 3869 3874
f 3056 3057 3866
f 3056 3866 3868
f 3055 3056 3232
f 3063 3055 3232
f 3232 3056 3874
f 3232 3874 3233
f 3056 3872 3874
f 3232 3069 3063
f 3069 3232 3073
f 3872 3873 3874
f 3875 3031 3076
f 3875 3076 3123
f 3875 3032 3031
f 3047 3862 3103
f 3103 3862 3058
f 3864 3858 3051
f 3876 3125 3121
f 3121 3120 3876
f 3123 3877 3875
f 3125 3123 3078
f 3877 3123 3125
f 3878 3879 3875
f 3876 3877 3125
f 3875 3877 3878
f 3878 3877 3876
f 2130 3880 3122
f 2989 2130 3122
f 3121 3125 3124
f 3155 3048 3017
f 3865 3152 3153
f 3152 3049 3048
f 3152 3048 3145
f 3145 3048 3155
f 3233 3216 3243
f 3881 3191 3195
f 3882 3195 3219
f 3882 3883 3881
f 3882 3219 3204
f 3200 3199 3204
f 3207 3884 3213
f 3210 3207 3212
f 3885 3211 3213
f 3213 3884 3885
f 3216 3204 3199
f 3219 3195 3197
f 3882 3881 3195
f 3886 3218 3191
f 3886 3191 3881
f 3886 3887 3218
f 3883 3886 3881
f 3205 3218 3221
f 3221 3218 3887
f 3887 3886 3883
f 3221 3887 3207
f 3207 3887 3884
f 3884 3887 3883
f 3211 3885 3888
f 3884 3888 3885
f 3874 3869 3871
f 3871 3223 3889
f 3233 3871 3216
f 3216 3871 3889
f 3216 3889 3204
f 3869 3870 3871
f 3889 3882 3204
f 3889 3223 3883
f 3889 3883 3882
f 3883 3223 3888
f 3883 3888 3884
f 3888 3223 3211
f 3233 3874 3871
f 3233 3243 3238
f 3155 3017 3151
f 3151 3017 3348
f 3890 3351 2935
f 3891 298 3351
f 298 297 3351
f 3892 3891 3351
f 3893 1958 3891
f 2346 1947 1976
f 3894 3895 3896
f 3897 3898 3894
f 3897 3894 3896
f 3896 3899 3900
f 1976 1947 3894
f 3894 1947 3895
f 1976 3894 3901
f 3902 3894 3898
f 3895 1947 3899
f 3895 3899 3896
f 3899 1947 3893
f 3899 3893 3900
f 3893 1946 1958
f 1947 1946 3893
f 1977 3903 3904
f 3901 3894 3902
f 3905 3901 3879
f 1976 3901 1977
f 1977 3901 3903
f 3903 3901 3905
f 3903 3905 3879
f 3901 3902 3879
f 3879 3878 3903
f 3906 3900 3892
f 3892 3351 3890
f 3030 3352 3024
f 3352 3906 3025
f 3906 3352 3900
f 3906 3027 3025
f 3906 3892 3890
f 3906 3859 3027
f 3906 3890 3859
f 3860 3859 3890
f 3860 3890 2935
f 3892 3893 3891
f 3897 3030 3898
f 3030 3897 3352
f 3897 3900 3352
f 3896 3900 3897
f 3900 3893 3892
f 3898 3030 3032
f 3898 3032 3875
f 3120 3907 3876
f 3902 3875 3879
f 3902 3898 3875
f 2136 1977 3904
f 2136 3904 3908
f 3907 3903 3878
f 3908 3904 3120
f 3907 3878 3876
f 3903 3907 3904
f 3904 3907 3120
f 3880 3908 3120
f 3122 3880 3120
f 2130 2136 3880
f 2136 3908 3880
f 1958 298 3891
f 3376 3375 3388
f 3375 3476 3493
f 3388 3375 3499
f 3375 3493 3499
f 3376 3388 3381
f 3388 3499 3382
f 3388 3382 3389
f 3909 3386 3387
f 3382 3386 3389
f 3399 3910 3444
f 3911 3912 3913
f 3914 3915 3916
f 3911 3913 3917
f 3402 3914 3916
f 3672 3402 3647
f 3401 3914 3402
f 3917 3913 3654
f 3402 3672 3428
f 3419 3672 3422
f 3428 3400 3402
f 3428 3672 3419
f 3918 3912 3914
f 3915 3912 3911
f 3915 3914 3912
f 3912 3919 3913
f 3444 3910 3918
f 3435 3444 3918
f 3435 3918 3401
f 3918 3914 3401
f 3913 3919 3920
f 3921 3386 3909
f 3921 3909 3912
f 3912 3909 3919
f 3909 3922 3919
f 3919 3436 3923
f 3923 3436 3438
f 3922 3909 3387
f 3922 3436 3919
f 3922 3387 3439
f 3436 3922 3439
f 3439 3437 3436
f 3919 3924 3920
f 3924 3923 3438
f 3919 3923 3924
f 3381 3399 3379
f 3910 3399 3921
f 3921 3389 3386
f 3921 3912 3910
f 3389 3921 3399
f 3399 3444 3397
f 3918 3910 3912
f 3497 2910 3498
f 3499 3497 3382
f 3644 3911 3917
f 3641 3644 3654
f 3644 3917 3654
f 3645 3911 3644
f 3916 3915 3646
f 3646 3915 3645
f 3647 3402 3925
f 3654 3926 3927
f 3653 3928 3657
f 3927 3659 3928
f 3650 3928 3651
f 3651 3928 3659
f 3915 3911 3645
f 3402 3916 3925
f 3925 3916 3646
f 3925 3646 3647
f 3655 3653 3657
f 3653 3654 3928
f 3654 3927 3928
f 3650 3657 3928
f 3654 3913 3926
f 3929 3926 3920
f 3665 3926 3929
f 3659 3927 3926
f 3665 3659 3926
f 3665 3929 3565
f 3913 3920 3926
f 3929 3675 3565
f 3664 3659 3665
f 3929 3920 3930
f 3929 3930 3675
f 3930 3680 3675
f 3924 3930 3920
f 3680 3930 3678
f 3930 3679 3678
f 3924 3438 3930
f 3675 3680 3581
f 3582 3581 3680
f 3930 3438 3679
f 3931 3690 3932
f 3931 3691 3690
f 3933 3691 3934
f 3935 3691 3931
f 3934 3691 3935
f 3935 3931 3936
f 3932 3690 3740
f 3937 3934 3938
f 3937 3938 3939
f 3939 3938 3940
f 3934 3935 3938
f 3941 3942 3943
f 3944 3941 3943
f 3942 3945 3943
f 3943 3945 3946
f 3947 3943 3946
f 3941 3781 3942
f 3729 3781 3748
f 3748 3781 3941
f 3947 3946 3948
f 3947 3948 3949
f 3949 3948 3950
f 3951 3952 3953
f 3948 3954 3950
f 3950 3955 3956
f 3952 3951 3956
f 3931 3932 3738
f 3738 3739 3957
f 3932 3740 3738
f 3958 3738 3957
f 3959 3960 3961
f 3959 3961 3962
f 3963 3959 3962
f 3964 3963 3965
f 3966 3959 3963
f 3966 3960 3959
f 3967 3968 3963
f 3967 3963 3964
f 3940 3938 3969
f 3969 3938 3968
f 3935 3936 3968
f 3968 3938 3935
f 3748 3944 3970
f 3739 3748 3970
f 3970 3944 3971
f 3944 3943 3971
f 3957 3739 3970
f 3957 3970 3972
f 3972 3970 3971
f 3947 3971 3943
f 3971 3947 3973
f 3974 3972 3971
f 3973 3947 3949
f 3958 3957 3972
f 3958 3972 3974
f 3975 3973 3949
f 3748 3941 3944
f 3971 3973 3974
f 3976 3973 3975
f 3977 3974 3976
f 3978 3953 3979
f 3980 3953 3978
f 3980 3951 3953
f 3978 3981 3982
f 3961 3951 3980
f 3982 3980 3978
f 3949 3950 3975
f 3974 3973 3976
f 3975 3950 3956
f 3956 3976 3975
f 3983 3974 3977
f 3956 3984 3976
f 3984 3960 3976
f 3977 3976 3960
f 3984 3956 3960
f 3951 3960 3956
f 3985 3980 3982
f 3961 3980 3962
f 3931 3738 3958
f 3936 3931 3986
f 3961 3960 3951
f 3963 3986 3966
f 3968 3936 3963
f 3983 3958 3974
f 3931 3958 3986
f 3986 3958 3983
f 3966 3983 3977
f 3986 3983 3966
f 3966 3977 3960
f 3936 3986 3963
f 3962 3980 3985
f 3987 3985 3982
f 3963 3985 3987
f 3987 3982 3988
f 3962 3985 3963
f 3963 3987 3989
f 3963 3989 3965
f 3990 3964 3991
f 3990 3967 3964
f 3964 3992 3991
f 3981 3993 3982
f 3989 3987 3988
f 3994 3989 3988
f 3965 3989 3994
f 3965 3994 3995
f 3992 3964 3965
f 3982 3993 3988
f 3996 3933 3934
f 3996 3934 3937
f 3997 3692 3933
f 3714 3715 3997
f 3997 3715 3692
f 3998 3996 3937
f 3692 3691 3933
f 3999 4000 4001
f 4002 4003 4004
f 4005 4006 3999
f 4007 4006 4005
f 4006 4000 3999
f 4006 4008 4000
f 4004 4005 3999
f 4004 4009 4005
f 4010 4011 4012
f 4002 4013 4014
f 4013 4015 4016
f 4013 4004 3999
f 4013 3999 4015
f 4002 4004 4013
f 4017 4018 4019
f 4018 4020 4019
f 4021 4019 4020
f 4019 4021 4022
f 4019 4022 3948
f 4022 4021 4023
f 3774 3785 3784
f 3781 3778 4024
f 3777 4025 4026
f 4024 4026 4027
f 3783 4025 3777
f 3781 4024 3942
f 3942 4024 4027
f 4027 4025 4018
f 4025 4028 4018
f 3942 4017 3945
f 4028 4025 4029
f 3945 4017 4019
f 3946 3945 3948
f 3945 4019 3948
f 4021 4020 4023
f 3778 3777 4026
f 4026 4024 3778
f 3785 4030 3784
f 4027 4026 4025
f 4027 4018 4017
f 3942 4027 4017
f 4018 4028 4029
f 4018 4029 4020
f 4020 4029 4031
f 3948 4022 3954
f 4023 4020 4032
f 4020 4031 4032
f 4031 4033 4034
f 4034 4035 4032
f 4036 4037 4038
f 4035 4036 4038
f 4039 3952 3956
f 4035 4040 4036
f 4022 4023 3954
f 4031 4034 4032
f 3954 3955 3950
f 3954 4023 3955
f 4023 4032 3955
f 4032 4035 3955
f 3955 4039 3956
f 4041 4003 4002
f 4029 4042 4043
f 4029 4043 4031
f 3783 3784 4042
f 3783 4042 4025
f 4042 3784 4044
f 3784 4030 4044
f 4025 4042 4029
f 4042 4044 4043
f 3785 3791 4030
f 3788 3790 3791
f 3790 4045 3791
f 4046 4047 4048
f 4049 4050 4051
f 4046 4049 4014
f 4046 4014 4047
f 4049 4051 4014
f 4047 4014 4016
f 4014 4013 4016
f 4048 4047 4052
f 4016 4052 4047
f 4051 4041 4002
f 4014 4051 4002
f 4053 4054 4055
f 4046 4050 4049
f 4050 4056 4051
f 4056 4041 4051
f 4040 4057 4036
f 4033 4058 4034
f 4057 4059 4036
f 4057 4060 4059
f 4061 4041 4056
f 4062 4063 4064
f 4065 4062 4064
f 4053 4064 4066
f 4064 4061 4066
f 4053 4066 4067
f 4066 4056 4067
f 4048 4067 4046
f 4067 4056 4046
f 4056 4050 4046
f 4062 4068 4063
f 4069 4065 4053
f 4065 4064 4053
f 4069 4053 4055
f 4063 4061 4064
f 4061 4056 4066
f 4053 4067 4054
f 4067 4070 4054
f 4067 4048 4070
f 4036 4071 4037
f 4036 4059 4071
f 4059 4072 4071
f 4071 4072 4073
f 4071 4073 4074
f 4073 4072 4075
f 4073 4075 4074
f 4075 4072 4076
f 4072 4077 4078
f 4076 4072 4078
f 4075 4076 4068
f 4062 4075 4068
f 4079 4037 4071
f 4071 4074 4080
f 4075 4062 4081
f 4076 4078 4068
f 4081 4062 4065
f 4080 4074 4082
f 4082 4074 4081
f 4083 4082 4081
f 4069 4081 4065
f 4079 4071 4080
f 4074 4075 4081
f 4081 4069 4083
f 4084 4085 4086
f 4087 4085 4084
f 4088 4089 4090
f 4088 4091 4092
f 4088 4092 4089
f 4092 3997 4093
f 4089 4092 4093
f 4093 3997 3933
f 4093 3933 3996
f 4092 4091 3997
f 4094 4088 4095
f 4088 4090 4095
f 4087 4094 4095
f 4085 4087 4095
f 4087 4084 4096
f 4039 4038 4097
f 4097 4038 4098
f 3979 4097 4098
f 3978 4098 4099
f 3953 3952 3979
f 4039 4035 4038
f 4039 4097 3952
f 3952 4097 3979
f 3979 4098 3978
f 4098 4038 4079
f 3978 4099 3981
f 4098 4079 4100
f 4098 4100 4101
f 4100 4080 4101
f 4101 4083 4102
f 4038 4037 4079
f 4079 4080 4100
f 4099 4098 4101
f 3981 4099 4103
f 4099 4101 4102
f 4099 4102 4103
f 4104 3981 4103
f 4104 4103 4102
f 3981 4104 3993
f 4105 4069 4055
f 4083 4105 4102
f 4083 4069 4105
f 4101 4080 4082
f 4101 4082 4083
f 4106 4070 4107
f 4070 4052 4107
f 4108 4109 4110
f 4109 4070 4110
f 3988 3993 4111
f 3988 4110 4112
f 3988 4112 3994
f 4112 4110 4106
f 3994 4112 4106
f 3993 4104 4111
f 4111 4104 4113
f 4108 4111 4113
f 4104 4102 4113
f 4111 4108 4110
f 3988 4111 4110
f 4070 4106 4110
f 4102 4105 4113
f 4108 4113 4105
f 4105 4055 4054
f 4108 4105 4054
f 4108 4054 4109
f 4109 4054 4070
f 4048 4052 4070
f 4114 4115 3995
f 4116 3992 4115
f 4116 4115 4114
f 4114 4117 4116
f 4114 3995 4118
f 4118 4107 4016
f 4116 4117 3992
f 4052 4016 4107
f 4016 4114 4118
f 4016 4117 4114
f 3991 3992 4117
f 3994 4106 3995
f 3995 4106 4118
f 4115 3965 3995
f 4106 4107 4118
f 3992 3965 4115
f 4119 4120 4121
f 4119 4122 4120
f 4123 4124 4125
f 4124 4126 4125
f 4125 4127 4128
f 4127 4125 4129
f 4130 4125 4126
f 4130 4129 4125
f 4127 4129 4131
f 4132 4127 4131
f 4133 4131 4129
f 4132 4131 4133
f 4134 4135 4136
f 4135 4137 4136
f 4133 4138 4132
f 4139 4138 4133
f 4140 4141 4142
f 4143 4139 4133
f 4140 4143 4141
f 4144 4139 4145
f 4140 4145 4143
f 4146 4144 4145
f 4126 4124 4147
f 4148 4130 4126
f 4148 4149 4130
f 4149 4129 4130
f 4149 4133 4129
f 4148 4142 4149
f 4142 4141 4149
f 4149 4143 4133
f 4141 4143 4149
f 4145 4139 4143
f 4146 4145 4140
f 4150 4151 4152
f 4153 4152 4154
f 4137 4155 4156
f 4153 4157 4158
f 4159 4150 4160
f 4159 4137 4150
f 4152 4161 4154
f 4156 4151 4150
f 4156 4150 4137
f 4160 4150 4152
f 4160 4152 4153
f 4162 4155 4137
f 4135 4162 4137
f 4163 4164 4138
f 4165 4163 4138
f 4165 4138 4139
f 4166 4167 4168
f 4169 4166 4168
f 4170 4166 4171
f 4172 4171 4169
f 4173 4170 4171
f 4174 4170 4173
f 4175 4174 4173
f 4173 4171 4176
f 4173 4177 4175
f 4175 4177 4178
f 4179 4180 4168
f 4171 4166 4169
f 4168 4180 4169
f 4175 4178 4181
f 4181 4178 4124
f 4182 4183 4167
f 4184 4182 4167
f 4185 4182 4184
f 4183 4186 4187
f 4188 4186 4161
f 4183 4187 4167
f 4183 4161 4186
f 4185 4183 4182
f 4161 4183 4185
f 4161 4185 4189
f 4161 4189 4190
f 4191 4161 4190
f 4192 4191 4190
f 4154 4193 4194
f 4157 4194 4195
f 4195 4194 4196
f 4154 4161 4193
f 4190 4189 4197
f 4191 4193 4161
f 4193 4191 4194
f 4157 4153 4154
f 4157 4154 4194
f 4196 4191 4192
f 4194 4191 4196
f 4168 4167 4198
f 4179 4168 4198
f 4185 4184 4189
f 4197 4184 4174
f 4184 4170 4174
f 4189 4184 4197
f 4174 4175 4199
f 4199 4175 4181
f 4197 4199 4200
f 4128 4190 4197
f 4199 4181 4123
f 4123 4181 4124
f 4125 4128 4123
f 4127 4192 4128
f 4196 4192 4127
f 4184 4167 4170
f 4199 4197 4174
f 4123 4200 4199
f 4128 4197 4200
f 4192 4190 4128
f 4128 4200 4123
f 4167 4166 4170
f 4187 4186 4201
f 4198 4187 4201
f 4198 4201 4202
f 4198 4167 4187
f 4179 4202 4203
f 4198 4202 4179
f 4164 4158 4157
f 4164 4157 4195
f 4153 4158 4204
f 4195 4196 4164
f 4164 4196 4132
f 4158 4164 4163
f 4138 4164 4132
f 4132 4196 4127
f 4160 4153 4204
f 4136 4159 4205
f 4206 4205 4159
f 4159 4207 4208
f 4136 4137 4159
f 4207 4159 4160
f 4134 4136 4205
f 4151 4209 4152
f 4210 4211 4151
f 4156 4210 4151
f 4211 4212 4213
f 4213 4214 4215
f 4212 4214 4213
f 4212 4211 4210
f 4212 4216 4214
f 4216 4212 4217
f 4217 4212 4210
f 4218 4219 4220
f 4218 4215 4219
f 4209 4221 4188
f 4151 4211 4209
f 4161 4209 4188
f 4152 4209 4161
f 4222 4223 4220
f 4223 4224 4221
f 4223 4218 4220
f 4211 4223 4221
f 4211 4221 4209
f 4213 4223 4211
f 4218 4213 4215
f 4225 4226 4227
f 4228 4225 4227
f 4224 4225 4228
f 4224 4228 4221
f 4162 4229 4155
f 4155 4230 4156
f 4217 4231 4216
f 4231 4230 4232
f 4156 4230 4217
f 4156 4217 4210
f 4230 4231 4217
f 4229 4232 4230
f 4229 4230 4155
f 4232 4233 4231
f 3798 4234 4235
f 4236 4237 4144
f 4237 4238 4144
f 4144 4165 4139
f 4239 4158 4163
f 4163 4165 4239
f 4239 4165 4240
f 4241 4242 4165
f 4243 4239 4240
f 4240 4165 4242
f 4243 4240 4244
f 4238 4165 4144
f 4240 4245 4244
f 4245 4246 4244
f 4244 4246 4247
f 4248 4249 4179
f 4186 4221 4250
f 4221 4186 4188
f 4251 4252 4253
f 4202 4254 4251
f 4251 4253 4255
f 4186 4254 4202
f 4186 4202 4201
f 4251 4255 4203
f 4202 4251 4203
f 4179 4203 4248
f 4203 4255 4256
f 4256 4248 4203
f 4257 4258 3793
f 3794 4234 3798
f 4158 4239 4204
f 4207 4160 4259
f 4204 4239 4243
f 4204 4243 4260
f 4261 4259 4262
f 4208 4259 4261
f 4234 4261 4262
f 4259 4160 4204
f 4259 4204 4262
f 4204 4260 4262
f 4262 4260 4247
f 4260 4243 4244
f 4247 4260 4244
f 4234 4262 4247
f 4234 4247 4235
f 4208 4207 4259
f 4247 4246 4235
f 4235 4246 3820
f 4227 4263 4264
f 4227 4264 4265
f 4228 4227 4265
f 4228 4265 4250
f 4221 4228 4250
f 4250 4254 4186
f 4266 4267 4252
f 4266 4252 4251
f 4254 4266 4251
f 4252 4268 4269
f 4252 4269 4253
f 4270 4264 4271
f 4272 4273 4267
f 4274 4272 4267
f 4265 4275 4250
f 4274 4267 4266
f 4250 4275 4254
f 4254 4274 4266
f 4267 4268 4252
f 4265 4264 4270
f 4265 4270 4275
f 4270 4271 4272
f 4275 4270 4272
f 4275 4272 4274
f 4254 4275 4274
f 4238 4276 4242
f 4242 4276 4277
f 4242 4277 4278
f 4278 4277 4279
f 4240 4242 4245
f 4245 4242 4278
f 4280 4276 4238
f 4241 4238 4242
f 4278 4281 4245
f 4278 4279 4282
f 4278 4282 4281
f 4281 4283 4246
f 4245 4281 4246
f 4283 3819 4246
f 3795 3798 4235
f 3819 3820 4246
f 4235 3820 3795
f 3820 3796 3795
f 4284 4285 4134
f 4285 4135 4134
f 3799 4286 4284
f 4258 4286 3799
f 3799 4284 4206
f 4258 3799 3793
f 3793 3800 3794
f 4134 4205 4206
f 4284 4134 4206
f 4206 4159 4208
f 4206 4208 3800
f 3799 4206 3800
f 3800 4208 4261
f 3800 4261 4234
f 3794 3800 4234
f 1598 1597 1599
f 4287 1596 1598
f 4288 1596 4287
f 4289 4287 4290
f 4290 4287 1598
f 4214 4291 4292
f 4216 4231 4293
f 4215 4214 4292
f 4214 4216 4291
f 4291 4294 4295
f 4292 4296 1591
f 4216 4293 4294
f 4216 4294 4291
f 4295 4294 1599
f 4294 4297 1599
f 1599 4290 1598
f 4295 4296 4292
f 4293 4297 4294
f 4295 1599 4296
f 4297 4290 1599
f 4296 1599 1591
f 4293 4289 4297
f 4297 4289 4290
f 4233 4298 4299
f 4232 4300 4233
f 4301 4300 4232
f 4233 4302 4231
f 4293 4231 4302
f 4298 4119 4299
f 4300 4298 4233
f 4302 4233 4299
f 4299 4303 4302
f 4119 4304 4288
f 4303 4119 4288
f 4302 4303 4289
f 4302 4289 4293
f 4299 4119 4303
f 4303 4288 4287
f 4289 4303 4287
f 4288 4304 1606
f 1606 1596 4288
f 4298 4122 4119
f 4119 4121 4304
f 4305 4306 4307
f 4308 4305 4307
f 4309 4306 4310
f 4310 4311 4309
f 4311 4312 4313
f 4314 4312 4311
f 4306 4311 4310
f 4315 4316 4226
f 4317 4263 4318
f 4319 4309 4320
f 4227 4316 4263
f 4321 4319 4317
f 4322 4313 4323
f 4323 4324 4322
f 4323 4325 4324
f 4309 4311 4313
f 4321 4309 4319
f 4326 4237 4236
f 4327 4326 4236
f 4328 4327 4329
f 4327 4236 4329
f 4328 4330 4327
f 4280 4331 4276
f 4331 4332 4276
f 4276 4332 4277
f 4332 4333 4277
f 4277 4333 4279
f 4334 4335 4336
f 4337 4335 4147
f 4335 4338 4336
f 4339 4340 4338
f 4338 4340 4336
f 4336 4340 4341
f 4334 4336 4341
f 4341 4328 4342
f 4341 4343 4334
f 4341 4342 4343
f 4339 4344 4340
f 4124 4337 4147
f 4344 4345 4340
f 4147 4335 4334
f 4340 4328 4341
f 4147 4334 4148
f 4342 4329 4343
f 4177 4346 4337
f 4346 4339 4338
f 4335 4346 4338
f 4337 4346 4335
f 4347 4169 4180
f 4173 4176 4177
f 4176 4348 4339
f 4346 4176 4339
f 4178 4177 4337
f 4348 4344 4339
f 4171 4172 4349
f 4347 4172 4169
f 4349 4350 4176
f 4171 4349 4176
f 4350 4348 4176
f 4177 4176 4346
f 4178 4337 4124
f 4342 4328 4329
f 4340 4345 4328
f 4351 4352 4353
f 4354 4355 4347
f 4356 4357 4358
f 4357 4359 4351
f 4360 4357 4353
f 4357 4351 4353
f 4352 4354 4353
f 4352 4355 4354
f 4355 4172 4347
f 4349 4361 4350
f 4350 4361 4362
f 4172 4361 4349
f 4351 4355 4352
f 4350 4362 4348
f 4306 4314 4311
f 4363 4364 4365
f 4364 4366 4264
f 4364 4363 4366
f 4319 4320 4364
f 4319 4264 4263
f 4367 4322 4364
f 4367 4364 4320
f 4264 4319 4364
f 4319 4263 4317
f 4366 4271 4264
f 4363 4368 4366
f 4273 4366 4369
f 4271 4366 4273
f 4272 4271 4273
f 4142 4334 4343
f 4343 4140 4142
f 4126 4147 4148
f 4142 4148 4334
f 4329 4146 4140
f 4329 4236 4146
f 4236 4144 4146
f 4329 4140 4343
f 4370 4371 4372
f 4373 4374 4375
f 4373 4372 4371
f 4370 4372 4376
f 4373 4375 4372
f 4372 4377 4376
f 4375 4377 4372
f 4378 4379 4371
f 4370 4378 4371
f 4371 4380 4373
f 4381 4380 4379
f 4379 4380 4371
f 4364 4322 4365
f 4365 4322 4324
f 4309 4313 4367
f 4320 4309 4367
f 4313 4322 4367
f 4376 4382 4248
f 4376 4377 4382
f 4382 4249 4248
f 4377 4383 4382
f 4383 4249 4382
f 4180 4179 4249
f 4383 4180 4249
f 4248 4256 4376
f 4256 4370 4376
f 4384 4378 4370
f 4384 4370 4256
f 4385 4378 4384
f 4358 4357 4360
f 4375 4360 4386
f 4375 4386 4377
f 4360 4353 4386
f 4386 4347 4383
f 4386 4354 4347
f 4377 4386 4383
f 4353 4354 4386
f 4347 4180 4383
f 4374 4358 4360
f 4375 4374 4360
f 4387 4356 4358
f 4388 4387 4358
f 4389 4390 4388
f 4363 4391 4368
f 4392 4393 4394
f 4395 4391 4392
f 4392 4391 4393
f 4368 4391 4395
f 4391 4396 4393
f 4397 4396 4391
f 4398 4399 4397
f 4397 4399 4400
f 4253 4256 4255
f 4253 4269 4384
f 4256 4253 4384
f 4268 4384 4269
f 4401 4395 4385
f 4401 4385 4384
f 4392 4385 4395
f 4268 4401 4384
f 4369 4268 4267
f 4268 4369 4401
f 4393 4396 4402
f 4396 4400 4402
f 4392 4394 4385
f 4400 4390 4403
f 4385 4394 4378
f 4378 4394 4379
f 4381 4403 4389
f 4381 4389 4380
f 4403 4390 4389
f 4400 4404 4390
f 4402 4381 4393
f 4393 4381 4394
f 4402 4400 4403
f 4402 4403 4381
f 4394 4381 4379
f 4365 4324 4398
f 4282 4279 3814
f 4405 3821 4333
f 4333 3821 3813
f 4333 3814 4279
f 3814 4333 3813
f 3821 3801 3813
f 4281 4282 4406
f 4282 3814 4406
f 3814 3816 4406
f 4281 4406 4283
f 4406 3816 4283
f 3816 3819 4283
f 4373 4388 4374
f 4374 4388 4358
f 4380 4389 4388
f 4380 4388 4373
f 4366 4368 4369
f 4267 4273 4369
f 4363 4365 4391
f 4365 4398 4391
f 4390 4387 4388
f 4391 4398 4397
f 4397 4400 4396
f 4368 4395 4369
f 4369 4395 4401
f 3821 3802 3801
f 2724 2723 4407
f 4408 4407 4409
f 2724 4408 4410
f 4410 4408 4409
f 4409 4411 4410
f 2606 4412 2589
f 4413 4414 4415
f 4412 4415 4416
f 4417 2606 1625
f 4413 4415 2606
f 4415 4412 2606
f 4418 4410 4414
f 4413 4418 4414
f 4419 4420 4421
f 4422 4423 1631
f 4424 4412 4416
f 1625 1622 2605
f 4412 4424 2589
f 4419 1625 4420
f 4420 1625 2605
f 1621 4420 2605
f 1613 1631 4423
f 1613 4423 1632
f 1632 4423 4425
f 4425 4426 1632
f 1632 4426 4421
f 4427 4421 4420
f 1632 4421 4427
f 1632 4427 4420
f 1621 1632 4420
f 2720 2721 2723
f 2724 4407 4408
f 2724 4410 4418
f 2727 2724 4418
f 2727 4418 4413
f 4428 2728 2725
f 1631 2729 4422
f 2729 4428 4422
f 2728 4428 2729
f 2604 2728 2729
f 1665 2728 1666
f 2725 2727 4428
f 4417 1625 4419
f 2727 4413 2606
f 2727 2606 4417
f 4428 2727 4417
f 4428 4429 4425
f 4423 4428 4425
f 4425 4429 4430
f 4422 4428 4423
f 4429 4428 4419
f 4428 4417 4419
f 4429 4419 4430
f 4425 4430 4426
f 4430 4419 4421
f 4430 4421 4426
f 4431 3940 3969
f 3967 4431 3969
f 3969 3968 3967
f 4432 4431 3967
f 3990 4433 4434
f 4433 3990 3991
f 4435 4436 4437
f 4437 4001 4000
f 4000 4435 4437
f 4437 4438 4015
f 4015 4001 4437
f 3999 4001 4015
f 4437 4439 4438
f 2803 2805 2804
f 2805 1590 1594
f 4440 4441 4442
f 4443 4441 4440
f 4438 4439 4433
f 4016 4433 4117
f 4016 4438 4433
f 4433 3991 4117
f 4015 4438 4016
f 4434 4433 4444
f 4445 4444 4433
f 4446 4432 3967
f 4434 3967 3990
f 4446 3967 4434
f 4434 4444 4446
f 4447 4448 4449
f 4447 3996 3998
f 1816 4450 1817
f 4451 4452 1816
f 1813 1812 4451
f 1812 1925 4451
f 4451 1816 1813
f 2900 1842 2901
f 1842 2900 3834
f 3498 2910 3836
f 3836 4453 3503
f 2910 4453 3836
f 2907 2908 4453
f 2910 2907 4453
f 4453 2908 2911
f 4453 2911 3503
f 2909 2904 2903
f 2909 2903 2907
f 3836 3503 3501
f 3490 3837 3491
f 3503 2911 3502
f 2912 3837 3502
f 2911 2912 3502
f 3502 3837 3490
f 3849 2900 2904
f 4454 4455 4456
f 4454 4456 4457
f 4085 4455 4454
f 4454 4457 1925
f 4458 4454 1925
f 4458 1925 1924
f 4458 4085 4454
f 4458 1924 4085
f 4085 1924 4459
f 4459 1924 1927
f 4086 4085 4459
f 4457 4456 4452
f 1925 4457 4452
f 4455 4089 4456
f 4089 4455 4090
f 4085 4090 4455
f 4095 4090 4085
f 4452 4089 4447
f 4089 4452 4456
f 4447 4093 3996
f 4093 4447 4089
f 4459 4084 4086
f 2335 4084 4459
f 4452 4447 4449
f 4452 4449 4450
f 4450 4448 4460
f 4452 4450 1816
f 1817 4450 4460
f 4448 3937 4461
f 4461 3937 4462
f 4440 4463 4443
f 4462 3939 4463
f 3939 4443 4463
f 4451 1925 4452
f 365 4464 94
f 4465 4466 4464
f 4465 4464 365
f 2151 4466 2150
f 4466 370 4464
f 4464 370 94
f 370 4466 2151
f 369 2008 2150
f 365 369 4465
f 369 2150 4465
f 2150 4466 4465
f 500 4467 507
f 507 4467 2163
f 95 4468 500
f 4468 4467 500
f 4467 2151 2163
f 2163 2149 487
f 2151 2149 2163
f 370 2151 4469
f 370 4468 95
f 370 4469 4468
f 2151 4467 4469
f 4469 4467 4468
f 4470 3711 3710
f 4471 3718 3717
f 4470 4471 3711
f 3711 4471 3720
f 4471 3717 3720
f 3758 3760 3764
f 3767 3760 3761
f 3760 3767 3764
f 3756 4472 4473
f 3756 3769 4472
f 4091 3714 3997
f 4470 3714 4091
f 4474 4470 4091
f 4474 4091 4094
f 4474 4475 4470
f 4476 4477 4475
f 4478 4470 4475
f 4477 4478 4475
f 3719 4478 4477
f 4479 3719 4477
f 3718 4471 4478
f 4478 4471 4470
f 4470 3710 3714
f 3719 3718 4478
f 3726 3719 3772
f 3772 3719 4479
f 4480 4481 4482
f 4480 4483 4481
f 4003 4009 4004
f 4003 4481 4009
f 4484 4485 4486
f 4487 4488 4489
f 4489 4490 4491
f 4491 4490 4492
f 4493 4487 4489
f 4491 4494 4489
f 4494 4491 4495
f 4491 4492 4495
f 4495 4492 4496
f 4494 4495 4497
f 4497 4495 4496
f 4490 4488 4484
f 4489 4488 4490
f 4484 4486 4498
f 4490 4484 4498
f 4487 4493 4011
f 4492 4490 4498
f 4489 4494 4493
f 4496 4492 4499
f 4493 4494 4500
f 4501 4497 4496
f 4500 4494 4497
f 4500 4497 4501
f 4501 4496 4502
f 4503 4493 4500
f 4504 4500 4501
f 4503 4500 4504
f 4011 4493 4505
f 4506 4477 4476
f 4476 4474 4507
f 4476 4508 4509
f 4506 4476 4509
f 4510 4506 4509
f 4510 4479 4506
f 4511 4510 4509
f 4509 4508 4484
f 4511 4509 4484
f 4510 4511 4487
f 4487 4511 4488
f 4488 4511 4484
f 4476 4475 4474
f 4506 4479 4477
f 4512 4513 4483
f 4513 4514 4007
f 4007 4514 4008
f 4006 4007 4008
f 4483 4007 4009
f 4009 4007 4005
f 4483 4513 4007
f 4515 4514 4513
f 4008 4516 4435
f 4008 4435 4000
f 4481 4483 4009
f 4493 4503 4505
f 4504 4501 4517
f 4483 4505 4512
f 4504 4517 4518
f 4512 4503 4519
f 4518 4520 4521
f 4512 4519 4515
f 4513 4512 4515
f 4435 4516 4521
f 4435 4521 4436
f 4514 4518 4008
f 4011 4505 4480
f 4501 4502 4517
f 4480 4505 4483
f 4505 4503 4512
f 4517 4502 4520
f 4503 4504 4519
f 4519 4504 4518
f 4517 4520 4518
f 4515 4519 4518
f 4515 4518 4514
f 4518 4521 4516
f 4008 4518 4516
f 4479 4510 4522
f 4011 4522 4487
f 4510 4487 4522
f 4010 4522 4011
f 3769 4010 4012
f 4010 3772 4522
f 3769 3772 4010
f 4479 4522 3772
f 4012 4011 4480
f 3955 4035 4039
f 4034 4058 4040
f 4034 4040 4035
f 4482 4481 4061
f 4041 4061 4481
f 4041 4481 4003
f 4044 4523 4043
f 4043 4523 4033
f 4058 4057 4040
f 4078 4524 4482
f 4031 4043 4033
f 4033 4523 4058
f 4058 4523 4057
f 4060 4057 4524
f 4057 4523 4524
f 4524 4525 4482
f 4525 4012 4480
f 4523 4044 4525
f 4523 4525 4524
f 4525 4480 4482
f 4473 4045 3790
f 4526 3790 3786
f 3791 4045 4030
f 4030 4045 4044
f 3767 3761 4526
f 3767 4526 3786
f 4526 4473 3790
f 3761 3756 4473
f 3761 4473 4526
f 4045 4472 4525
f 4472 4012 4525
f 4472 3769 4012
f 4045 4525 4044
f 4473 4472 4045
f 4078 4077 4524
f 4059 4060 4077
f 4060 4524 4077
f 4063 4482 4061
f 4078 4482 4068
f 4068 4482 4063
f 4059 4077 4072
f 4088 4094 4091
f 2334 4527 2335
f 4528 4527 2336
f 2334 2336 4527
f 4529 4530 4531
f 4486 4530 4529
f 4492 4498 4499
f 4499 4529 4532
f 4533 4531 4534
f 4486 4485 4530
f 4531 4530 4535
f 4498 4486 4499
f 4499 4486 4529
f 4532 4529 4531
f 4496 4499 4532
f 4533 4532 4531
f 4531 4536 4527
f 4531 4528 4537
f 4531 4535 4536
f 4531 4527 4528
f 4534 4531 4537
f 4528 2336 4538
f 4534 4537 4539
f 4539 4537 4528
f 4502 4496 4532
f 4502 4532 4533
f 4502 4533 4540
f 4541 4528 4538
f 4542 4539 4541
f 4542 4534 4539
f 4540 4533 4534
f 4543 4542 4541
f 4540 4534 4542
f 4507 4094 4087
f 4507 4087 4544
f 4474 4094 4507
f 4508 4507 4545
f 4545 4507 4544
f 4484 4508 4485
f 4530 4485 4545
f 4530 4545 4544
f 4508 4476 4507
f 4485 4508 4545
f 4536 4087 4096
f 4535 4544 4087
f 4530 4544 4535
f 4527 4536 4096
f 4535 4087 4536
f 4096 4084 2335
f 4096 2335 4527
f 4520 4502 4540
f 4521 4520 4540
f 4540 4546 4521
f 4547 4546 4540
f 2386 4548 2810
f 2385 4548 2386
f 1607 1606 4304
f 2387 1959 1961
f 1961 2167 2387
f 4549 4550 4122
f 4551 4552 4553
f 4553 4552 4286
f 4554 4551 4553
f 4555 4551 4554
f 4551 4285 4552
f 4554 4553 4258
f 4220 4219 4556
f 4223 4213 4218
f 4315 4225 4222
f 4226 4225 4315
f 4225 4224 4222
f 4222 4224 4223
f 4285 4162 4135
f 4551 4301 4229
f 4285 4229 4162
f 4551 4229 4285
f 4551 4557 4558
f 4551 4558 4301
f 4301 4232 4229
f 4552 4285 4284
f 4238 4241 4165
f 4237 4280 4238
f 3812 4554 4257
f 3792 4257 3793
f 4554 4258 4257
f 4258 4553 4286
f 4552 4284 4286
f 4291 4295 4292
f 4559 4556 4560
f 4559 4220 4556
f 4556 4215 4560
f 4215 4556 4219
f 2805 4561 4559
f 2805 4559 4560
f 2805 4560 1590
f 4560 4292 1590
f 1590 4292 1591
f 4560 4215 4292
f 4562 4315 4222
f 4563 4562 4222
f 4563 4222 4559
f 4222 4220 4559
f 4300 4301 4298
f 4564 4122 4298
f 4301 4564 4298
f 4565 4549 4122
f 4566 4567 4312
f 4568 4569 4570
f 4568 4570 1969
f 1969 2389 4568
f 4571 2389 2388
f 4572 4568 2389
f 4321 4306 4309
f 4307 4306 4321
f 4573 4569 4308
f 4570 4569 4573
f 1969 4570 4574
f 4575 4316 4576
f 4576 4316 4315
f 4576 4315 4562
f 4226 4316 4227
f 4318 4263 4316
f 1959 2387 4577
f 2390 1968 1971
f 2390 1971 1959
f 1959 4577 2390
f 2390 4578 2388
f 4578 2390 4577
f 4572 4571 4578
f 4571 2388 4578
f 4579 4572 4550
f 4577 2387 1607
f 4121 1607 4304
f 4578 4577 4120
f 4121 4120 1607
f 1607 4120 4577
f 4580 4550 4578
f 4572 4578 4550
f 4580 4578 4120
f 4550 4580 4122
f 4122 4580 4120
f 4581 4582 4583
f 4584 4330 4345
f 4330 4584 4585
f 4345 4330 4328
f 4330 4585 4326
f 4330 4326 4327
f 4586 4587 4588
f 4589 4326 4585
f 4361 4586 4590
f 4586 4588 4590
f 4591 4590 4588
f 4362 4591 4344
f 4591 4584 4345
f 4590 4591 4362
f 4591 4588 4584
f 4344 4591 4345
f 4587 4586 4592
f 4589 4593 4594
f 4594 4593 4331
f 4326 4589 4594
f 4326 4594 4237
f 4593 4595 4331
f 4332 4331 4595
f 4593 4405 4595
f 4332 4595 4333
f 4594 4331 4280
f 4594 4280 4237
f 4593 4582 4405
f 4596 4583 4588
f 4587 4596 4588
f 4589 4588 4583
f 4584 4588 4589
f 4589 4583 4593
f 4584 4589 4585
f 4597 4596 4587
f 4583 4582 4593
f 4598 4599 4600
f 4599 4598 4601
f 4598 4602 4603
f 4598 4600 4602
f 4604 4599 4601
f 4601 4598 4605
f 4606 4604 4581
f 4604 4601 4581
f 4583 4606 4581
f 4606 4607 4604
f 4607 4608 4604
f 4600 4608 4609
f 4608 4600 4599
f 4610 4607 4606
f 4608 4599 4604
f 4605 4598 4603
f 4601 4605 4611
f 4356 4359 4357
f 4592 4586 4361
f 4592 4612 4359
f 4351 4612 4355
f 4361 4590 4362
f 4362 4344 4348
f 4592 4361 4612
f 4359 4612 4351
f 4612 4361 4355
f 4361 4172 4355
f 4597 4587 4356
f 4356 4587 4592
f 4356 4592 4359
f 4387 4597 4356
f 4390 4597 4387
f 4613 4614 4615
f 4616 4614 4613
f 4616 4613 4568
f 4617 4618 4616
f 4568 4619 4616
f 4619 4617 4616
f 4569 4613 4615
f 4620 4621 4614
f 4620 4622 4621
f 4618 4620 4614
f 4623 4622 4620
f 4618 4623 4620
f 4618 4614 4616
f 4624 4623 4618
f 4624 4618 4617
f 4625 4626 4312
f 4626 4566 4312
f 4625 4312 4314
f 4615 4625 4314
f 4614 4625 4615
f 4621 4626 4625
f 4621 4625 4614
f 4615 4627 4569
f 4568 4613 4569
f 4569 4627 4305
f 4305 4627 4306
f 4615 4314 4627
f 4627 4314 4306
f 4569 4305 4308
f 4628 4629 4624
f 4630 4629 4628
f 4610 4629 4607
f 4630 4631 4632
f 4630 4608 4607
f 4630 4632 4633
f 4634 4630 4633
f 4609 4633 4635
f 4629 4630 4607
f 4634 4608 4630
f 4634 4633 4608
f 4608 4633 4609
f 4609 4635 4600
f 4636 4637 3805
f 4582 4581 4636
f 4581 4601 4636
f 4601 4611 4637
f 4601 4637 4636
f 4582 3804 4405
f 4636 3804 4582
f 4638 4583 4639
f 4640 4610 4583
f 4583 4610 4606
f 4638 4640 4583
f 4404 4639 4583
f 4600 4635 4602
f 4603 4602 4641
f 4642 4635 4565
f 4602 4642 4641
f 4635 4549 4565
f 4602 4635 4642
f 4635 4643 4549
f 4633 4643 4635
f 4637 4644 3805
f 3805 4645 3807
f 3804 4636 3805
f 4646 4647 4557
f 4646 4557 4648
f 4603 4641 4647
f 4641 4557 4647
f 4619 4568 4572
f 4619 4572 4649
f 4572 2389 4571
f 4649 4572 4579
f 4641 4642 4558
f 4557 4641 4558
f 4565 4564 4558
f 4558 4564 4301
f 4619 4650 4617
f 4650 4619 4649
f 4631 4650 4649
f 4644 4646 4645
f 4645 4646 4648
f 3805 4644 4645
f 4611 4647 4646
f 4611 4646 4644
f 4651 4626 4652
f 4621 4622 4652
f 4621 4652 4626
f 4652 4640 4651
f 4652 4622 4640
f 4622 4623 4640
f 4566 4651 4567
f 4626 4651 4566
f 4633 4632 4643
f 4643 4550 4549
f 4624 4617 4628
f 4628 4617 4650
f 4631 4628 4650
f 4630 4628 4631
f 4632 4631 4649
f 4653 4651 4639
f 4651 4638 4639
f 4651 4640 4638
f 4567 4651 4653
f 4611 4644 4637
f 4399 4639 4654
f 4639 4404 4654
f 4648 4557 4551
f 4404 4583 4596
f 4404 4596 4597
f 4404 4597 4390
f 4565 4122 4564
f 4642 4565 4558
f 4640 4623 4610
f 4623 4624 4629
f 4623 4629 4610
f 3808 3807 4655
f 3808 4655 3812
f 3808 3812 3810
f 4400 4654 4404
f 4654 4400 4399
f 4632 4579 4550
f 4632 4649 4579
f 4632 4550 4643
f 4324 4399 4398
f 4595 4405 4333
f 4405 3804 3821
f 4312 4567 4323
f 4323 4567 4653
f 4313 4312 4323
f 3811 3812 4257
f 4611 4603 4647
f 3797 4257 3792
f 3811 4257 3797
f 4323 4653 4639
f 4323 4639 4325
f 4555 4645 4648
f 3807 4645 4555
f 3807 4555 4655
f 4648 4551 4555
f 4655 4555 4554
f 4655 4554 3812
f 4325 4639 4399
f 4324 4325 4399
f 4611 4605 4603
f 2532 2538 2530
f 2542 4656 2539
f 2541 2542 2535
f 2530 2538 2531
f 4657 2538 2539
f 4658 4657 2539
f 4658 2539 4656
f 2489 2810 2561
f 2810 4659 2561
f 2561 4659 4660
f 2561 4660 2562
f 2489 2750 2810
f 2490 2562 4661
f 2562 4660 4661
f 2531 2538 4662
f 2644 4662 4663
f 4663 4662 4664
f 4665 4666 4667
f 4664 4668 4669
f 4669 4668 4670
f 4666 4671 4667
f 4670 4668 2541
f 4671 4658 4656
f 4667 4672 4668
f 4668 4672 2541
f 4672 2542 2541
f 2531 4662 2644
f 2538 4673 4662
f 4673 4665 4662
f 2644 4663 4669
f 4665 4664 4662
f 4657 4673 2538
f 2510 2644 4670
f 4663 4664 4669
f 4657 4666 4673
f 4673 4666 4665
f 4657 4658 4666
f 4664 4665 4667
f 2644 4669 4670
f 4671 4666 4658
f 4664 4667 4668
f 2541 2510 4670
f 4671 4656 2542
f 4667 4671 4672
f 4671 2542 4672
f 4674 4441 4432
f 4432 4446 4674
f 4674 4446 4675
f 4675 4676 4677
f 4675 4677 4674
f 4678 4674 4677
f 4446 4444 4675
f 4675 4444 4679
f 4675 4679 4676
f 4680 4681 2760
f 4680 4676 4681
f 4680 2760 4682
f 4683 4684 4685
f 4683 4686 4676
f 4436 4687 4688
f 4436 4547 4687
f 4683 4685 4686
f 4439 4684 4683
f 4437 4684 4439
f 4436 4688 4685
f 4684 4436 4685
f 4437 4436 4684
f 4685 4689 4690
f 4686 4685 4690
f 4686 4690 4691
f 4686 4691 2760
f 4692 4561 2805
f 2803 4692 2805
f 4692 4563 4561
f 4561 4563 4559
f 4693 4694 4695
f 2811 2333 2330
f 2811 2331 4696
f 2811 2330 2331
f 4696 2331 2332
f 4539 4528 4541
f 4687 4542 4543
f 4687 4543 4694
f 4541 4538 4694
f 4543 4541 4694
f 4540 4542 4547
f 4547 4542 4687
f 4687 4694 4693
f 4538 2336 2811
f 2811 4696 4695
f 4538 2811 4695
f 4694 4538 4695
f 4547 4521 4546
f 4436 4521 4547
f 4443 4431 4441
f 4441 4431 4432
f 4442 4441 4674
f 4697 4678 4677
f 4674 4697 4442
f 4697 4674 4678
f 4697 4677 4698
f 4677 4676 4680
f 4677 4699 4698
f 4677 4680 4699
f 4698 4699 2889
f 4682 4699 4680
f 2760 2762 2893
f 4443 3939 3940
f 3940 4431 4443
f 4700 4701 4702
f 4701 4703 4702
f 4701 4704 4703
f 4702 4705 4706
f 4702 4703 4705
f 4706 4705 4707
f 4704 4701 2332
f 4708 4702 4706
f 4706 4707 2862
f 2332 1966 4704
f 4708 4706 2862
f 4705 4703 4709
f 4705 4709 4707
f 4703 4704 1967
f 4703 1967 4709
f 1966 1967 4704
f 2862 4707 2865
f 4709 1967 4710
f 4711 4709 4710
f 4711 4710 4712
f 4713 4711 4712
f 4707 4709 4711
f 2865 4707 4714
f 4707 4711 4714
f 4573 4715 4716
f 4573 4308 4715
f 4715 4308 4307
f 4717 4307 4718
f 4710 4573 4716
f 4716 4715 4717
f 4307 4717 4715
f 4307 4321 4718
f 1971 1965 1959
f 4710 4719 4573
f 4719 4574 4573
f 1969 4574 1970
f 4570 4573 4574
f 4719 4710 1970
f 4710 1971 1970
f 1970 4574 4719
f 1965 1971 4710
f 4712 4716 4713
f 4713 4716 4717
f 4712 4710 4716
f 1967 1965 4710
f 4711 4713 4714
f 4714 4713 4720
f 2803 4721 4692
f 2802 4721 2803
f 4721 4562 4692
f 2860 4722 2802
f 2802 4723 4721
f 4722 4724 4723
f 4722 4723 2802
f 4723 4725 4721
f 4721 4725 4562
f 4692 4562 4563
f 4725 4726 4562
f 4726 4576 4562
f 4727 4575 4726
f 4575 4576 4726
f 4723 4726 4725
f 4728 4683 4676
f 4728 4445 4439
f 4728 4439 4683
f 4676 4686 4681
f 4433 4439 4445
f 4681 4686 2760
f 4679 4728 4676
f 4679 4444 4445
f 4679 4445 4728
f 2865 4714 4722
f 2860 2865 4722
f 4729 4321 4317
f 4729 4317 4318
f 4730 4318 4575
f 4729 4318 4730
f 4720 4713 4718
f 4718 4713 4717
f 4718 4321 4729
f 4718 4729 4731
f 4729 4727 4731
f 4732 4731 4727
f 4729 4730 4727
f 4575 4318 4316
f 4724 4732 4727
f 4727 4726 4724
f 4575 4727 4730
f 4722 4714 4732
f 4720 4718 4731
f 4720 4732 4714
f 4720 4731 4732
f 4732 4724 4722
f 4724 4726 4723
f 4693 4695 4733
f 4733 4695 4700
f 4690 4733 4700
f 4690 4700 4691
f 4700 4695 4701
f 4695 4696 4701
f 4691 4700 4702
f 4691 4702 4708
f 4696 2332 4701
f 2761 2760 4708
f 2760 4691 4708
f 2761 4708 2862
f 4685 4688 4689
f 4688 4733 4689
f 4688 4693 4733
f 4687 4693 4688
f 4689 4733 4690
f 4447 3998 4448
f 1817 4734 1829
f 1813 1817 1829
f 1833 4735 4736
f 1833 4736 2888
f 2888 4737 4738
f 4738 4737 4739
f 4739 4737 4698
f 2888 4736 4737
f 4738 4739 2889
f 2888 4738 2889
f 2889 4682 2893
f 2885 2889 2893
f 1829 4735 1833
f 1829 4734 4735
f 1927 2335 4459
f 2335 2913 2333
f 4450 4449 4448
f 1817 4740 4734
f 1817 4460 4740
f 4448 4461 4460
f 4740 4735 4734
f 4448 3998 3937
f 4460 4462 4740
f 4461 4462 4460
f 4442 4697 4741
f 4741 4440 4442
f 4736 4697 4737
f 4737 4697 4698
f 4741 4697 4736
f 2889 4739 4698
f 2889 4699 4682
f 4682 2760 2893
f 4735 4740 4741
f 4735 4741 4736
f 3939 4462 3937
f 4740 4462 4463
f 4740 4463 4741
f 4463 4440 4741
f 4742 4743 4744
f 4744 4745 4746
f 4742 4744 4746
f 4746 4745 4747
f 4748 4746 4747
f 4746 4748 4749
f 4750 4751 4744
f 4744 4752 4745
f 4752 4753 4745
f 4754 4755 4756
f 4755 4757 4756
f 4757 4758 4756
f 4759 4760 4756
f 4760 4754 4756
f 4760 4759 4748
f 4748 4759 4761
f 4761 4759 4762
f 4762 4759 4756
f 4763 4745 4764
f 4763 4764 4754
f 4754 4760 4763
f 4753 4764 4745
f 4745 4763 4747
f 4748 4747 4763
f 4748 4763 4760
f 4765 4766 4767
f 4765 4767 4768
f 4769 4766 4765
f 4769 4765 4770
f 4770 4765 4768
f 4771 2253 4766
f 4758 4757 4772
f 4757 4773 4772
f 4773 4774 4775
f 4774 2253 4771
f 4776 4773 4757
f 4772 4769 4758
f 4772 4777 4769
f 4778 4774 4773
f 4772 4773 4775
f 4775 4777 4772
f 4766 4777 4775
f 4777 4766 4769
f 4775 4771 4766
f 4774 4771 4775
f 4769 4779 4758
f 4779 4770 4761
f 4779 4769 4770
f 4762 4779 4761
f 4762 4756 4758
f 4758 4779 4762
f 4780 4781 4782
f 4783 4780 4784
f 4780 4782 4784
f 4785 4784 4782
f 4781 4786 4782
f 4786 4787 4782
f 4788 4789 4790
f 4791 4792 4790
f 4790 4792 4788
f 4792 4793 4788
f 4793 4792 4794
f 4794 4795 4796
f 4794 4780 4795
f 4797 4794 4792
f 4797 4798 4794
f 4798 4780 4794
f 4798 4781 4780
f 4798 4786 4781
f 4789 4788 4799
f 4791 4797 4792
f 4800 4797 4791
f 4797 4800 4798
f 4774 2005 2253
f 4766 2252 4767
f 2252 2257 4767
f 4766 2253 2252
f 2257 2256 4767
f 2251 2257 2252
f 4801 4802 4803
f 2309 4804 4805
f 2309 4805 2272
f 2285 4806 2286
f 2286 2289 2276
f 2306 4807 2299
f 4807 4808 2299
f 4808 2301 2299
f 4809 4783 4810
f 4809 4810 4811
f 4812 4811 4813
f 4811 4810 4814
f 4815 4816 4817
f 4815 4817 4661
f 4817 4818 4661
f 4809 4780 4783
f 4783 4784 4785
f 4783 4785 4810
f 4810 4785 4819
f 4819 4814 4810
f 4799 4788 4793
f 4793 4796 4820
f 4821 4820 4816
f 4822 4793 4820
f 4822 4820 4821
f 4812 4816 4820
f 4796 4795 4809
f 4793 4794 4796
f 4796 4809 4820
f 4820 4809 4811
f 4820 4811 4812
f 4809 4795 4780
f 4823 4824 4661
f 4789 4799 4660
f 4799 4822 4824
f 4660 4799 4823
f 4823 4799 4824
f 4661 4824 4815
f 4815 4824 4821
f 4815 4821 4816
f 4799 4793 4822
f 4822 4821 4824
f 2270 2289 2271
f 2308 4825 4826
f 2283 2271 2308
f 2289 4827 2271
f 4827 4825 2308
f 2271 4827 2308
f 4826 4825 4828
f 2308 4826 2309
f 2274 2308 2309
f 4804 2309 4826
f 4829 4830 4831
f 2287 4832 4833
f 2287 4833 2285
f 4834 4806 4833
f 4833 4806 2285
f 2304 4830 2305
f 2305 4830 4835
f 4835 4830 4829
f 4832 4834 4833
f 4834 4836 4806
f 4837 4818 4838
f 4839 4804 4831
f 4832 4840 4834
f 4804 4828 4840
f 4827 4836 4840
f 4832 4804 4840
f 4836 4834 4840
f 4836 2286 4806
f 2286 4836 4827
f 4827 4840 4825
f 4804 4826 4828
f 4825 4840 4828
f 2289 2286 4827
f 4841 4842 4843
f 4844 4804 4845
f 4818 4846 4804
f 4847 4845 4804
f 4839 4845 4847
f 2302 2301 4848
f 4839 4848 4845
f 2304 2302 4848
f 2304 4831 4830
f 4849 4844 4850
f 4850 4844 4845
f 2301 4849 4850
f 4808 4849 2301
f 2301 4850 4848
f 4845 4848 4850
f 4847 4804 4839
f 4848 4839 2304
f 2304 4839 4831
f 4818 4817 4846
f 4838 4851 4837
f 4852 4853 4851
f 2293 4832 2287
f 2305 4835 2297
f 2297 4835 2293
f 4835 4829 2293
f 4829 4832 2293
f 4831 4804 4829
f 4829 4804 4832
f 4854 4855 4856
f 2631 4857 4858
f 4855 4859 4856
f 4856 4859 4860
f 4859 4857 4860
f 4860 4857 2631
f 4861 4841 4843
f 4858 4861 4862
f 4862 4843 4863
f 4864 4865 4866
f 4865 4862 4867
f 4865 4867 4866
f 4867 4862 4868
f 4867 4869 4866
f 4866 4869 4870
f 4868 4863 4871
f 4870 4869 4872
f 4869 4868 4871
f 2310 4807 2306
f 2631 4858 4864
f 2615 2631 4864
f 4862 4861 4843
f 4843 4842 4818
f 4858 4865 4864
f 4858 4862 4865
f 4843 4818 4863
f 4862 4863 4868
f 4866 4870 2616
f 4867 4868 4869
f 4870 4872 2616
f 4871 4863 4844
f 4869 4871 4872
f 4872 4871 4844
f 4872 4844 4873
f 4844 4849 4873
f 4849 4807 4873
f 2310 4873 4807
f 4863 4804 4844
f 4863 4818 4804
f 4808 4807 4849
f 4853 4852 4874
f 4841 4875 4842
f 4875 4855 2614
f 4875 4859 4855
f 4875 2614 4842
f 4859 4875 4841
f 4861 4859 4841
f 4857 4859 4861
f 4861 4858 4857
f 4852 4851 4876
f 4874 4852 4876
f 4877 4874 4876
f 4878 4803 4802
f 4805 4879 4880
f 4881 4882 4883
f 4880 2375 2376
f 2375 4883 2377
f 4882 4884 4883
f 4883 4884 2377
f 4880 2366 4805
f 4880 4879 4881
f 4879 4885 4881
f 4880 4881 2375
f 2375 4881 4883
f 4884 2378 2377
f 4885 4801 4886
f 4885 4886 4882
f 4803 4887 4888
f 4801 4803 4886
f 4803 4888 4886
f 4888 4882 4886
f 4888 4889 4882
f 4885 4882 4881
f 4889 4890 4884
f 4889 4884 4882
f 4891 4892 4885
f 4892 4801 4885
f 4891 4885 4879
f 4879 4893 4891
f 4805 4893 4879
f 4804 4893 4805
f 2272 4805 2284
f 2284 4805 2290
f 4880 2376 2366
f 2366 2376 2365
f 2290 4805 2366
f 4894 4895 2378
f 2374 2369 2379
f 2379 4896 2374
f 2378 4896 2379
f 4895 4896 2378
f 4884 4890 2378
f 4890 4894 2378
f 4897 4894 4890
f 4894 4897 4895
f 4895 4898 4899
f 4900 4898 4895
f 4899 2380 2382
f 4898 2380 4899
f 4896 4899 2382
f 2382 2374 4896
f 4895 4899 4896
f 4888 4887 4889
f 4901 4897 4902
f 4902 4897 4890
f 4887 4902 4889
f 4889 4902 4890
f 4903 4904 4898
f 4903 4898 4900
f 4905 4903 4900
f 4906 4907 4901
f 4905 4900 4897
f 4907 4905 4897
f 4907 4897 4901
f 4906 4901 4902
f 4908 4906 4902
f 4897 4900 4895
f 4878 4908 4803
f 4902 4887 4908
f 4908 4887 4803
f 4909 4910 4911
f 4912 4913 4914
f 4915 4916 4917
f 4918 4919 4920
f 4918 4921 4919
f 4922 4923 4924
f 4924 4915 4922
f 4915 4917 4922
f 4925 4919 4915
f 4919 4916 4915
f 4926 4927 4918
f 4918 4927 4921
f 4916 4919 4921
f 4912 4914 4928
f 4912 4928 4929
f 4914 4918 4928
f 4928 4918 4920
f 4916 4930 4917
f 4931 4932 4933
f 4927 4931 4933
f 4933 4934 4927
f 4932 4935 4933
f 4921 4927 4934
f 4916 4936 4930
f 4921 4936 4916
f 4934 4933 4937
f 4934 4937 4938
f 4911 4934 4938
f 4932 4931 4935
f 4934 4936 4921
f 4930 4936 4910
f 4917 4930 4910
f 4936 4911 4910
f 4917 4910 4909
f 4936 4934 4911
f 4939 4917 4940
f 4940 4917 4909
f 4939 4940 4941
f 2380 4942 2381
f 4943 4944 4945
f 4945 4944 4946
f 4947 4926 4945
f 4945 4926 4914
f 4914 4926 4918
f 4945 4946 4948
f 4947 4945 4948
f 4949 4950 4951
f 4952 4953 4954
f 4952 4955 4956
f 4951 4957 4949
f 4949 4957 4952
f 4955 4957 4951
f 4957 4955 4952
f 4952 4956 4953
f 4958 4959 4960
f 4958 4961 4962
f 4950 4963 4964
f 4950 4964 4951
f 4963 4950 4949
f 4964 2774 2779
f 4955 4951 2779
f 4961 4958 4960
f 4965 4961 4960
f 4962 4961 4965
f 4964 4965 4960
f 4964 4960 2774
f 4963 4965 4964
f 4949 4952 4954
f 4951 4964 2779
f 4955 2779 4942
f 4966 4967 4968
f 4959 4966 4968
f 4959 4968 4960
f 4956 4943 4953
f 4946 4956 4955
f 4953 4943 4913
f 4912 4953 4913
f 4946 4944 4943
f 4913 4943 4945
f 4948 4946 4969
f 4970 4948 4969
f 4946 4955 4942
f 4943 4956 4946
f 4913 4945 4914
f 4969 4946 4942
f 2380 4969 4942
f 4970 4969 2380
f 4904 4970 2380
f 4942 2779 2381
f 4935 4931 4971
f 4935 4971 4972
f 4973 4971 4927
f 4931 4927 4971
f 4926 4973 4927
f 4971 4926 4974
f 4970 4947 4948
f 4970 4974 4947
f 4926 4947 4974
f 4973 4926 4971
f 4971 4974 4970
f 4971 4970 4972
f 4905 4935 4972
f 4905 4972 4903
f 4903 4970 4904
f 4907 4935 4905
f 4935 4907 4937
f 4937 4907 4906
f 4898 4904 2380
f 4903 4972 4970
f 4937 4933 4935
f 4975 4976 4977
f 4975 4978 4976
f 4978 4975 4979
f 4980 4979 4975
f 4980 4941 4981
f 4978 4982 4976
f 4983 4975 4977
f 4984 4982 4985
f 4986 4987 4988
f 4987 4989 4988
f 4989 4990 4988
f 4988 4990 4991
f 4992 4967 4966
f 4993 4994 4995
f 4995 4994 4996
f 4986 4997 4987
f 4998 4999 5000
f 4997 5001 5002
f 4999 5001 4997
f 4999 5003 5004
f 4999 4997 5003
f 5000 4999 5004
f 4998 5002 4999
f 4999 5002 5001
f 4997 5002 2794
f 4548 4659 2810
f 4548 4789 4659
f 4817 4985 5005
f 5006 5007 5008
f 5008 5007 5009
f 5006 5008 4985
f 5010 5008 5009
f 5011 5008 5010
f 5008 5011 5012
f 5008 5012 4985
f 5012 5013 4985
f 5013 5014 5015
f 5013 5015 4985
f 4985 5015 4984
f 5016 4985 4817
f 5017 5018 5019
f 5020 5017 5019
f 5017 5020 5006
f 5006 4813 5017
f 5016 5006 4985
f 5018 5017 4813
f 5020 5007 5006
f 4811 4814 4813
f 4816 4812 5016
f 4812 4813 5016
f 4816 5016 4817
f 4814 5021 4813
f 4813 5021 5022
f 4813 5006 5016
f 5022 5018 4813
f 5020 5023 5007
f 5019 5024 5023
f 5020 5019 5023
f 5018 5025 5019
f 5026 5027 5000
f 5026 5000 5004
f 5028 5029 5027
f 5030 5031 5032
f 5032 5031 5029
f 5028 5027 5026
f 5033 4782 5032
f 4785 4782 5033
f 4785 5033 5034
f 4782 5030 5032
f 4787 5030 4782
f 4785 5034 4819
f 5022 5021 5025
f 5018 5022 5025
f 4814 5035 5021
f 5021 5036 5025
f 5025 5037 5019
f 4819 5038 4814
f 4814 5038 5035
f 5034 5039 5040
f 5038 4819 5041
f 5038 5041 5035
f 5036 5041 5042
f 5035 5036 5021
f 5025 5036 5037
f 5032 5028 5033
f 5033 5028 5039
f 5034 5033 5039
f 5032 5029 5028
f 5028 5026 5039
f 5034 5040 5041
f 5034 5041 4819
f 5041 5040 5043
f 5043 5042 5041
f 5035 5041 5036
f 5037 5036 5042
f 5037 5042 5044
f 5039 5026 5045
f 4659 4789 4660
f 5005 4982 4978
f 4981 5046 4979
f 4979 4980 4981
f 4978 4979 5005
f 5046 4981 4979
f 4940 4981 4941
f 4938 4937 4906
f 4891 5005 5047
f 4893 5005 4891
f 4981 4940 5048
f 4979 4981 5048
f 5047 4979 5048
f 5005 4979 5047
f 4940 4909 5048
f 5048 4909 5049
f 5048 5049 4801
f 4909 4802 5049
f 5048 4801 4892
f 4801 5049 4802
f 5047 5048 4892
f 4909 4911 4802
f 4802 4911 4878
f 4878 4911 4908
f 4891 5047 4892
f 4804 4846 4893
f 4985 4982 5005
f 4817 5005 4846
f 4846 5005 4893
f 4911 4938 4908
f 4938 4906 4908
f 5030 5050 5031
f 5051 5052 2798
f 5052 5051 5053
f 5002 5053 5051
f 4998 5054 5002
f 5054 5053 5002
f 5000 5054 4998
f 5031 5050 5055
f 5056 5000 5027
f 5000 5057 5054
f 5058 5053 5054
f 5050 5058 5059
f 5059 5058 5054
f 5059 5055 5050
f 5031 5056 5029
f 5031 5055 5056
f 5056 5027 5029
f 5055 5059 5060
f 5060 5059 5056
f 5056 5055 5060
f 5059 5054 5057
f 5056 5059 5057
f 5056 5057 5000
f 5061 4791 5062
f 2385 2796 5061
f 5061 5062 2385
f 5030 5063 5050
f 5052 5064 2798
f 5052 5065 5064
f 5058 5052 5053
f 2796 2798 5064
f 5064 5061 2796
f 5064 5065 5061
f 5065 5066 5061
f 5067 5065 5058
f 5065 5052 5058
f 5063 5067 5058
f 5058 5050 5063
f 5063 5030 5068
f 5068 5030 4787
f 5068 4787 4786
f 4791 4790 5062
f 5066 4791 5061
f 4800 4791 5066
f 4800 5066 5067
f 5069 5067 5063
f 5068 5069 5063
f 5067 5066 5065
f 5069 4800 5067
f 4798 4800 5069
f 5069 4786 4798
f 4786 5069 5068
f 4548 4790 4789
f 5062 4790 4548
f 5062 4548 2385
f 4660 4823 4661
f 2635 2490 4661
f 5070 5071 5072
f 5071 5073 5072
f 5072 5073 2569
f 5072 2569 5074
f 2569 5075 5074
f 5075 2569 5076
f 5077 2568 5071
f 5071 2568 5073
f 5073 2568 2569
f 5074 5075 5078
f 5074 5079 5072
f 5075 5076 5078
f 5074 5078 5079
f 5072 5079 5080
f 5081 5072 5080
f 5082 5070 5081
f 5083 5079 5084
f 5085 5084 5086
f 5070 5072 5081
f 5080 5079 5087
f 5079 5078 5084
f 5088 5081 5080
f 5079 5083 5087
f 5088 5080 5087
f 5087 5083 5085
f 5089 5090 5091
f 5089 5085 5090
f 5092 5082 5081
f 5092 5081 5088
f 5088 5087 5089
f 5091 5088 5089
f 5089 5087 5085
f 4853 4837 4851
f 5093 4838 2614
f 4661 4818 4837
f 2614 4818 4842
f 2614 4838 4818
f 2611 4854 2613
f 4855 4854 2611
f 2614 4855 2611
f 2615 4864 4866
f 2615 4866 2616
f 4872 4873 2616
f 2616 4873 2310
f 2635 5094 2632
f 4853 4661 4837
f 4661 4853 2635
f 4853 4874 2635
f 4854 4856 2613
f 2613 4856 4860
f 4860 2631 2613
f 4967 4992 4968
f 5095 5096 2770
f 5095 2770 4992
f 2774 4992 2770
f 4960 4968 2774
f 2779 2774 2769
f 4968 4992 2774
f 4991 4990 5097
f 5097 2794 2776
f 4989 4987 4990
f 4990 4987 2794
f 4990 2794 5097
f 5098 4991 5097
f 5098 5097 4994
f 4995 5096 5099
f 5096 5095 5099
f 5051 2763 2794
f 2797 2763 5051
f 5002 5051 2794
f 4987 4997 2794
f 4994 5097 2776
f 4996 4994 2776
f 4996 5100 4995
f 5100 4996 2776
f 5100 2776 2770
f 5100 5096 4995
f 5096 5100 2770
f 5051 2798 2797
f 2798 2796 2795
f 5101 5102 5103
f 5103 5102 5104
f 5102 5105 5106
f 5102 5106 5104
f 5106 4746 5107
f 5108 5107 4749
f 5109 4742 5105
f 5105 5102 5110
f 4742 4746 5105
f 5106 5105 4746
f 5104 5106 5108
f 5106 5107 5108
f 5107 4746 4749
f 5111 5112 5113
f 2472 5114 2559
f 5111 5113 5115
f 2559 5114 2560
f 5116 5111 5115
f 5114 5116 5110
f 5116 5115 5109
f 5110 5116 5109
f 5110 5109 5105
f 2472 5111 5114
f 5114 5111 5116
f 4743 4742 5109
f 4768 5117 2116
f 4768 2116 5118
f 4768 2256 5117
f 4767 2256 4768
f 2145 2144 5119
f 5119 2147 2145
f 2147 5119 5118
f 2144 5120 5119
f 5121 5101 5103
f 5122 2153 5121
f 2154 2153 5122
f 5122 5121 5103
f 2157 2154 5122
f 5123 5124 5122
f 5122 5124 2157
f 2157 5124 5120
f 2157 5120 2144
f 2159 2560 5125
f 2159 5125 2152
f 2560 5126 5125
f 5126 5102 5101
f 5125 5126 5121
f 5126 5101 5121
f 5125 5121 2153
f 2153 2152 5125
f 5126 2560 5114
f 5126 5114 5110
f 5110 5102 5126
f 5127 5128 5129
f 5120 5127 5119
f 5119 5127 5129
f 5128 5118 5129
f 5129 5118 5119
f 4748 5130 4749
f 5130 5128 4749
f 5130 4748 4761
f 5103 5104 5123
f 5108 5128 5123
f 5122 5103 5123
f 5104 5108 5123
f 5124 5123 5120
f 5123 5127 5120
f 5123 5128 5127
f 5128 5108 4749
f 4770 4768 5118
f 5128 5130 4770
f 4770 5118 5128
f 4761 4770 5130
f 2247 2118 5117
f 5117 2118 2116
f 5118 2116 2147
f 2116 2115 2147
f 2256 2247 5117
f 2154 2157 2155
f 2256 2248 2247
f 5131 5132 5133
f 5133 5132 5134
f 5135 4993 5136
f 5137 5138 5139
f 5099 5140 5141
f 5141 5140 4962
f 5142 5138 5137
f 5143 5099 5138
f 5138 5099 5141
f 5139 5138 5144
f 5145 5133 5137
f 5142 5136 5143
f 5136 4995 5143
f 5134 5142 5137
f 5143 4995 5099
f 5132 5136 5134
f 5136 5142 5134
f 5133 5134 5137
f 5136 4993 4995
f 5142 5143 5138
f 5146 5139 5144
f 5146 5144 5147
f 5137 5139 5146
f 5148 5149 5131
f 5148 5131 5133
f 5148 5133 5145
f 5150 5151 5148
f 5151 5149 5148
f 5112 2468 5152
f 2466 2465 5112
f 2465 2468 5112
f 2466 5112 5111
f 2466 5111 2472
f 5077 2565 2568
f 2721 5077 5153
f 2723 5154 4407
f 5153 5077 5071
f 5153 5071 5070
f 2723 5153 5154
f 2721 5153 2723
f 5154 5153 5070
f 4407 5154 4409
f 5084 5078 5155
f 4409 5154 5156
f 4409 5156 4411
f 5086 5157 5158
f 5154 5070 5082
f 5159 5156 5160
f 5085 5083 5084
f 5086 5084 5157
f 5154 5160 5156
f 5092 5091 5161
f 5085 5086 5162
f 5090 5085 5163
f 5086 5158 5162
f 5164 5090 5163
f 5165 5164 5163
f 5158 5166 5167
f 5162 5158 5165
f 5165 5158 5168
f 5169 5164 5170
f 5165 5168 5171
f 5172 5170 5171
f 5169 5170 5172
f 5173 5172 5171
f 5085 5162 5163
f 5157 5166 5158
f 5091 5090 5164
f 5163 5162 5165
f 5091 5169 5161
f 5091 5164 5169
f 5170 5164 5165
f 5165 5171 5170
f 5154 5082 5160
f 5092 5088 5091
f 5082 5092 5160
f 5092 5161 5160
f 5160 5161 5174
f 5174 5161 5175
f 5176 5175 5161
f 5161 5169 5176
f 5176 5177 5175
f 5176 5169 5178
f 5177 5176 5178
f 5156 5159 4411
f 5179 5178 5180
f 5178 5169 5180
f 5180 5169 5181
f 5181 5172 5182
f 5180 5181 5183
f 5181 5184 5185
f 5181 5185 5183
f 5177 5178 5179
f 5181 5169 5172
f 5177 5179 5186
f 5179 5180 5187
f 5180 5183 5187
f 5187 5183 5188
f 5188 5183 5185
f 5189 5177 4424
f 5189 4424 4416
f 5177 5186 4424
f 4411 5159 5190
f 5159 5174 5191
f 5190 5159 5191
f 4411 5190 4414
f 5191 5175 5192
f 5193 5190 5191
f 4415 4414 5193
f 5191 5192 5193
f 5175 5177 5192
f 5189 5192 5177
f 5159 5160 5174
f 5174 5175 5191
f 4414 5190 5193
f 5189 5193 5192
f 5193 5189 4415
f 4416 4415 5189
f 4410 4411 4414
f 5194 2594 2590
f 5194 5195 2594
f 5196 5195 5194
f 5195 2608 2594
f 5197 2608 5195
f 2607 2608 5197
f 5179 5187 2590
f 5187 5188 5198
f 2590 5187 5198
f 2590 5198 5194
f 5188 5196 5198
f 2589 4424 2590
f 4424 5186 2590
f 5186 5179 2590
f 5198 5196 5194
f 2607 5199 2437
f 5199 2438 2437
f 5185 5200 5196
f 5199 2607 5197
f 5201 5199 5197
f 5202 2438 5201
f 5200 5197 5196
f 5201 2438 5199
f 5196 5197 5195
f 5188 5185 5196
f 2721 2565 5077
f 5203 5204 5205
f 5205 5206 5203
f 5203 5206 5207
f 5208 5209 5210
f 5204 5203 5209
f 5209 5203 5210
f 5211 5212 5213
f 5211 5213 5214
f 5213 5215 5216
f 5213 5217 5218
f 5216 5217 5213
f 5207 5211 5219
f 5212 5215 5213
f 5214 5213 5218
f 5220 5219 5221
f 5222 5223 5224
f 5220 5207 5219
f 5214 5218 5222
f 5222 5218 5223
f 5218 5225 5223
f 5225 5218 5217
f 5226 5227 5228
f 5228 5229 5226
f 5229 5230 5226
f 5227 5226 5231
f 5226 4776 5231
f 5226 5230 5232
f 5233 5228 5227
f 5234 5235 5229
f 5229 5235 5230
f 5223 5235 5234
f 5224 5223 5234
f 5235 5223 5225
f 5235 5225 5230
f 5221 5224 5234
f 5217 5216 5236
f 5225 5217 5236
f 5225 5236 5237
f 5232 4776 5226
f 5238 4776 5232
f 5238 4778 4776
f 4776 4778 4773
f 4778 2005 4774
f 2003 2005 4778
f 5239 5238 5232
f 5238 2003 4778
f 5232 5230 5239
f 5240 5241 2003
f 5236 5242 5237
f 5242 2268 2263
f 5243 5242 5236
f 5244 5237 5245
f 5242 5246 5237
f 5244 5245 5247
f 5247 5240 5239
f 5239 5240 5238
f 5237 5246 5245
f 5246 5241 5245
f 5246 2263 5241
f 2263 2260 5241
f 5247 5245 5240
f 2003 5238 5240
f 5246 5242 2263
f 5240 5245 5241
f 5230 5225 5239
f 5239 5225 5244
f 5225 5237 5244
f 5244 5247 5239
f 5248 5249 5250
f 2240 2241 5251
f 2243 5252 5253
f 2241 2243 5253
f 5212 5252 5215
f 5253 5252 5212
f 2243 2357 5252
f 5252 2357 2358
f 5215 5254 5216
f 5252 2358 5255
f 5252 5255 5215
f 5215 5255 5254
f 5255 2360 5254
f 2358 2360 5255
f 2360 2361 5254
f 5216 5254 5243
f 5216 5243 5236
f 2362 2267 5256
f 5243 5256 5242
f 5254 2361 5243
f 2361 2362 5243
f 2362 5256 5243
f 2255 2254 2003
f 5241 2255 2003
f 5241 2260 2255
f 5256 2268 5242
f 2263 2268 2261
f 2267 2268 5256
f 2636 5257 2637
f 5258 5259 5257
f 5258 5257 2636
f 5257 5259 5093
f 5257 5093 2610
f 5093 5259 4838
f 5259 4851 4838
f 5260 4877 5261
f 4874 4877 5262
f 5261 4877 4876
f 5263 5261 5259
f 5250 5264 5263
f 5250 5263 5248
f 5248 5263 2636
f 5262 5260 5249
f 5249 5264 5250
f 5263 5259 5258
f 5263 5258 2636
f 5264 5261 5263
f 5260 5262 4877
f 5260 5264 5249
f 5260 5261 5264
f 5261 4851 5259
f 5261 4876 4851
f 2572 2474 2473
f 5265 2572 2473
f 5076 2569 5266
f 5078 5076 5155
f 2566 2585 5266
f 2567 2566 5266
f 2567 5266 2569
f 2575 5267 2576
f 2575 2582 5267
f 5267 2582 5268
f 2571 2572 2582
f 5268 2582 2572
f 2580 2574 5269
f 5084 5270 5157
f 5166 5271 5272
f 5167 5166 5272
f 5272 5273 5167
f 5168 5158 5167
f 5167 5273 5168
f 5157 5270 5166
f 5270 5271 5166
f 5171 5168 5173
f 5173 5168 5274
f 5274 5275 5173
f 5275 5274 5276
f 5275 5276 5277
f 5172 5173 5182
f 5173 5275 5182
f 5182 5275 5277
f 5184 5182 5277
f 2574 2576 5269
f 2587 5269 5278
f 2576 5267 5269
f 5278 5269 5279
f 5269 5267 5280
f 5280 5267 5268
f 5281 5282 5279
f 5280 5268 5283
f 2580 5269 2587
f 5269 5280 5279
f 5284 5285 5286
f 5270 5284 5287
f 5270 5287 5271
f 5287 5284 5286
f 5076 5288 5270
f 5155 5270 5084
f 5076 5270 5155
f 2579 2587 2586
f 2586 2587 5278
f 5266 2586 5289
f 5278 5290 5289
f 5291 5289 5290
f 5278 5279 5290
f 5291 5290 5292
f 5288 5291 5292
f 2570 2579 2586
f 2585 2586 5266
f 2586 5278 5289
f 5266 5289 5291
f 5266 5291 5288
f 5076 5266 5288
f 5290 5279 5282
f 5288 5292 5284
f 5288 5284 5270
f 5292 5290 5285
f 5290 5282 5285
f 5292 5285 5284
f 5285 5282 5293
f 5257 2609 2637
f 5093 2614 2610
f 5257 2610 2609
f 5294 5295 5296
f 5297 5298 5295
f 5299 5295 5298
f 5295 5299 5300
f 5301 5294 5302
f 5299 5303 5300
f 5294 5296 5304
f 5305 5303 5306
f 5304 5296 5307
f 5307 5296 5305
f 5304 5307 5308
f 5300 5303 5305
f 5300 5305 5296
f 5308 5307 5309
f 5303 5310 5306
f 5311 2622 5312
f 5306 2640 5311
f 5306 5311 5312
f 5311 2640 2622
f 5312 2622 2620
f 5308 5309 5313
f 2612 2637 2609
f 5248 2636 5314
f 2632 5315 2633
f 5315 5314 2633
f 5094 5315 2632
f 2633 5314 2634
f 5314 2636 2634
f 2634 2636 2612
f 5315 5249 5314
f 5314 5249 5248
f 5315 5094 5249
f 5094 5262 5249
f 2635 4874 5262
f 2635 5262 5094
f 5316 5298 5317
f 5298 5297 5317
f 5317 5297 5318
f 5286 5319 5320
f 5293 5316 5317
f 5321 5319 5286
f 5317 5318 5319
f 5282 5316 5293
f 5285 5293 5321
f 5287 5286 5271
f 5285 5321 5286
f 5293 5317 5321
f 5320 5319 5322
f 5321 5317 5319
f 5323 5324 5325
f 5306 5310 5326
f 5326 2639 2640
f 5326 2640 5306
f 5276 5327 5277
f 5325 5324 5328
f 2476 2639 5328
f 5310 5328 5326
f 5329 5265 5324
f 5325 5328 5310
f 5328 2639 5326
f 5282 5281 5316
f 5316 5323 5298
f 5298 5323 5299
f 5330 5283 5329
f 5281 5280 5330
f 5279 5280 5281
f 5280 5283 5330
f 5265 2473 5324
f 5324 2473 2476
f 5324 2476 5328
f 5329 5324 5323
f 5281 5330 5316
f 5330 5323 5316
f 5330 5329 5323
f 5323 5325 5299
f 5299 5310 5303
f 5325 5310 5299
f 5268 2572 5283
f 5283 5265 5329
f 5283 2572 5265
f 4922 4939 4941
f 4917 4939 4922
f 4920 4925 4924
f 4924 4925 4915
f 4920 4919 4925
f 5331 4929 5332
f 4929 4920 5332
f 4929 4928 4920
f 4920 4924 5332
f 4922 4941 4923
f 4954 4953 5333
f 4962 4965 4963
f 4962 4963 4949
f 4962 4949 4954
f 5333 4953 4912
f 5331 5333 4912
f 5331 4912 4929
f 4941 4980 4923
f 4980 4983 5334
f 5334 4983 5335
f 4980 5334 5336
f 4975 4983 4980
f 4923 4980 5336
f 4924 4923 5336
f 5332 5337 5331
f 5334 5337 5332
f 4924 5336 5334
f 5334 5332 4924
f 5338 5339 5340
f 5340 5339 5341
f 5342 5145 5137
f 5343 5344 5345
f 5342 5137 5346
f 5347 5346 5348
f 5347 5348 5349
f 5350 5349 5348
f 5349 5350 5351
f 5350 5352 5351
f 5350 5338 5352
f 5350 5348 5344
f 5350 5344 5343
f 5353 4986 4988
f 5353 4988 4991
f 5353 4991 5098
f 5131 5353 5132
f 5353 5135 5132
f 5132 5135 5136
f 5135 5098 4993
f 4986 5353 5149
f 5149 5353 5131
f 5353 5098 5135
f 4962 5140 4958
f 5099 5095 4992
f 5099 4992 4966
f 5099 4966 5140
f 5140 4966 4958
f 4966 4959 4958
f 5138 5141 5144
f 5098 4994 4993
f 5346 5137 5348
f 5344 5348 5345
f 5348 5137 5345
f 5354 5333 5331
f 5141 4962 5355
f 5144 5355 5354
f 4962 4954 5355
f 5354 5355 4954
f 5354 4954 5333
f 5144 5141 5355
f 5356 5343 5357
f 5338 5350 5343
f 5338 5343 5356
f 5338 5340 5352
f 5147 5144 5337
f 5354 5337 5144
f 5358 5359 5356
f 5338 5356 5339
f 5359 5339 5356
f 5015 5339 5359
f 4984 5359 5358
f 4984 5358 5360
f 4984 5360 4982
f 4982 5360 4976
f 4976 5360 4977
f 5356 5357 5361
f 5361 5358 5356
f 5360 5358 5361
f 5361 5362 4977
f 5360 5361 4977
f 4977 5362 5363
f 4983 5363 5364
f 5364 5335 4983
f 5364 5146 5147
f 5364 5147 5335
f 5335 5147 5337
f 5334 5335 5337
f 5331 5337 5354
f 4983 4977 5363
f 5343 5345 5357
f 5345 5362 5357
f 5361 5357 5362
f 5345 5137 5362
f 5365 5362 5137
f 5137 5146 5364
f 5365 5363 5362
f 5365 5137 5364
f 5365 5364 5363
f 5366 4986 5149
f 5366 5003 4986
f 5366 5004 5003
f 4986 5003 4997
f 5341 5367 5340
f 5011 5010 5351
f 5352 5011 5351
f 5352 5340 5011
f 5340 5012 5011
f 5340 5013 5012
f 5340 5367 5013
f 5367 5014 5013
f 5014 5367 5015
f 5341 5339 5015
f 5367 5341 5015
f 5007 5023 5342
f 5007 5342 5347
f 5007 5347 5009
f 5342 5346 5347
f 5010 5347 5351
f 5351 5347 5349
f 5010 5009 5347
f 5368 5145 5023
f 5342 5023 5145
f 5023 5369 5368
f 5015 5359 4984
f 5023 5024 5369
f 5368 5148 5145
f 5369 5148 5368
f 5366 5149 5370
f 5045 5026 5371
f 5371 5026 5004
f 5371 5004 5366
f 5371 5366 5370
f 5151 5370 5149
f 5040 5039 5045
f 5043 5040 5045
f 5019 5037 5024
f 5042 5043 5372
f 5042 5372 5044
f 5373 5371 5370
f 5151 5373 5370
f 5150 5372 5373
f 5037 5044 5024
f 5374 5044 5372
f 5372 5150 5374
f 5024 5044 5374
f 5024 5374 5369
f 5374 5150 5148
f 5045 5373 5043
f 5045 5371 5373
f 5043 5373 5372
f 5373 5151 5150
f 5369 5374 5148
f 5375 5376 5377
f 5377 5376 5378
f 5376 5375 5379
f 5378 5376 5380
f 5380 5376 5379
f 5380 5379 5381
f 5382 5383 5384
f 5379 5382 5384
f 5383 5385 5384
f 5386 2240 5204
f 2240 5205 5204
f 2240 5251 5205
f 5205 5387 5206
f 5206 5211 5207
f 2467 2469 2470
f 2470 2469 5388
f 5388 2469 2237
f 5389 2470 5388
f 5389 5388 5377
f 5388 5375 5377
f 5390 5208 5389
f 5390 5389 5379
f 5382 5389 5378
f 5113 5389 4750
f 5382 5389 5383
f 5383 5389 5391
f 5392 5210 5220
f 5152 5113 5112
f 2237 2245 5390
f 2237 5390 5388
f 5390 2245 5209
f 5390 5209 5208
f 5389 5377 5378
f 5388 5379 5375
f 5388 5390 5379
f 5152 5389 5113
f 5379 5389 5382
f 2245 5386 5209
f 5386 5204 5209
f 5389 5382 4750
f 5389 5208 5210
f 5382 5378 4750
f 5389 5210 5391
f 5210 5203 5207
f 5383 5391 5385
f 5391 5210 5392
f 5210 5207 5220
f 5391 5393 5385
f 5206 5253 5212
f 5206 5212 5211
f 5219 5211 5214
f 5392 5220 5393
f 5394 5393 5395
f 5221 5219 5222
f 5391 5392 5393
f 5393 5220 5395
f 5220 5221 5395
f 5221 5222 5224
f 5219 5214 5222
f 4750 5396 4751
f 4744 4751 5396
f 4744 5396 4752
f 4750 5378 5396
f 5113 4750 5115
f 5115 4750 5109
f 5109 4750 4743
f 4743 4750 4744
f 4754 5231 4755
f 4754 5227 5231
f 5394 5397 5385
f 5398 5399 5397
f 5399 5400 4753
f 5401 5394 5402
f 5402 5233 5401
f 5228 5233 5402
f 5385 5393 5394
f 5397 5394 5398
f 5400 5399 5398
f 4753 5400 4764
f 5398 5394 5401
f 5400 5398 5401
f 5400 5233 4764
f 5233 5400 5401
f 4764 5233 5403
f 5403 4754 4764
f 5403 5233 5227
f 5403 5227 4754
f 5229 5402 5234
f 5228 5402 5229
f 5384 5385 5397
f 5404 5381 5405
f 4753 5380 5404
f 5405 5399 5404
f 5399 5405 5397
f 5404 5399 4753
f 5378 5380 5396
f 5379 5384 5381
f 5405 5381 5384
f 5396 5380 4752
f 5380 5381 5404
f 5405 5384 5397
f 4752 5380 4753
f 5394 5395 5402
f 5395 5234 5402
f 5395 5221 5234
f 5231 4776 4755
f 4776 4757 4755
f 5251 2241 5253
f 5387 5205 5251
f 5387 5251 5253
f 5387 5253 5206
f 2236 5386 2245
f 2236 2240 5386
f 5152 2470 5389
f 2468 2470 5152
f 5271 5406 5272
f 5168 5273 5407
f 5168 5407 5274
f 5181 5182 5184
f 5408 5409 5410
f 5322 5302 5410
f 5409 5322 5410
f 5411 5408 5410
f 5411 5410 5412
f 5413 5414 5415
f 5412 5410 5413
f 5410 5414 5413
f 5416 5407 5413
f 5416 5413 5415
f 5416 5327 5276
f 5417 5410 5302
f 5410 5417 5414
f 5184 5418 5185
f 5419 5184 5277
f 5419 5418 5184
f 5301 5297 5294
f 5295 5300 5296
f 5318 5297 5301
f 5297 5295 5294
f 5322 5301 5302
f 5319 5318 5301
f 5420 5418 5419
f 5327 5421 5422
f 5415 5421 5416
f 5414 5423 5415
f 5421 5327 5416
f 5423 5421 5415
f 5307 5305 5424
f 5305 5306 5312
f 5305 5312 5424
f 5424 5312 5425
f 5307 5424 5425
f 5425 5312 5426
f 5302 5294 5304
f 5417 5427 5308
f 5414 5417 5423
f 5185 5418 5423
f 5308 5313 5423
f 5302 5427 5417
f 5302 5304 5427
f 5427 5304 5308
f 5417 5308 5423
f 5312 2620 5426
f 2620 2618 5426
f 5426 2618 5428
f 5307 5425 5309
f 5426 5428 5425
f 5429 5423 5313
f 5185 5423 5200
f 5429 5421 5430
f 5429 5431 5421
f 5429 5200 5423
f 5309 5428 5432
f 5313 5431 5429
f 5421 5431 5202
f 5433 5420 5419
f 5420 5202 5429
f 5428 2618 2617
f 2623 5431 5432
f 5432 2617 2623
f 2623 2619 2625
f 2623 2625 2624
f 5430 5423 5418
f 5423 5430 5421
f 5422 5421 5433
f 5430 5418 5420
f 5202 5433 5421
f 5425 5428 5309
f 5429 5430 5420
f 5429 5201 5200
f 5309 5432 5313
f 5432 5431 5313
f 5431 2623 5202
f 5429 5202 5201
f 2617 5432 5428
f 5433 5202 5420
f 5200 5201 5197
f 2623 2624 5202
f 5202 2624 2438
f 5419 5327 5422
f 5422 5433 5419
f 5406 5286 5408
f 5286 5320 5408
f 5271 5286 5406
f 5408 5320 5409
f 5406 5408 5411
f 5406 5411 5272
f 5273 5272 5411
f 5273 5411 5412
f 5319 5301 5322
f 5320 5322 5409
f 5407 5416 5276
f 5277 5327 5419
f 5407 5273 5412
f 5407 5412 5413
f 5276 5274 5407
f 5434 5435 5436
f 5434 5436 5437
f 5438 5435 5439
f 5439 5435 5434
f 5440 5441 5442
f 5440 5442 5443
f 5442 5444 5443
f 5443 5444 5445
f 5446 5447 5448
f 5446 5448 5449
f 5448 5450 5449
f 5449 5450 5451
f 5452 5453 5454
f 5452 5454 5455
f 5456 5453 5457
f 5457 5453 5452
f 5458 5459 5460
f 5460 5459 5461
f 5462 5463 5464
f 5464 5463 5465
f 5466 5467 5468
f 5469 5470 5471
f 5472 5473 5470
f 5470 5474 5472
f 5472 5474 5475
f 5472 5475 5476
f 5476 5475 5477
f 5476 5477 5478
f 5478 5477 5479
f 5478 5479 5480
f 5480 5479 5481
f 5480 5481 5482
f 5482 5481 5483
f 5469 5471 5484
f 5484 5471 5485
f 5484 5485 5486
f 5486 5485 5487
f 5487 5485 5488
f 5487 5488 5489
f 5489 5488 5490
f 5489 5490 5491
f 5492 5490 5493
f 5493 5490 5494
f 5493 5494 5495
f 5495 5494 5496
f 5495 5496 5497
f 5497 5496 5471
f 5497 5471 5498
f 5498 5471 5470
f 5498 5470 5483
f 5483 5470 5473
f 5483 5473 5482
f 5499 5500 5501
f 5499 5501 5502
f 5500 5499 5503
f 5503 5499 5504
f 5503 5504 5505
f 5501 5506 5502
f 5502 5506 5507
f 5502 5507 5508
f 5508 5507 5509
f 5491 5490 5509
f 5509 5490 5492
f 5509 5492 5508
f 5508 5492 5510
f 5508 5510 5511
f 5511 5510 5512
f 5511 5512 5513
f 5514 5515 5516
f 5517 5514 5516
f 5517 5516 5518
f 5518 5516 5519
f 5518 5519 5520
f 5515 5514 5521
f 5521 5514 5522
f 5521 5522 5523
f 5524 5525 5526
f 5526 5525 5527
f 5526 5527 5528
f 5524 5526 5529
f 5529 5526 5530
f 5529 5530 5523
f 5523 5530 5531
f 5523 5531 5521
f 5521 5531 5532
f 5521 5532 5533
f 5533 5532 5534
f 5533 5534 5535
f 5527 5536 5528
f 5528 5536 5537
f 5528 5537 5534
f 5512 5538 5513
f 5513 5538 5520
f 5513 5520 5504
f 5504 5520 5505
f 5505 5520 5519
f 5505 5519 5535
f 5537 5539 5534
f 5534 5539 5540
f 5534 5540 5535
f 5535 5540 5541
f 5535 5541 5505
f 5542 5543 5544
f 5544 5543 5545
f 5544 5545 5546
f 5546 5545 5547
f 5546 5547 5548
f 5548 5547 5549
f 5548 5549 5550
f 5542 5544 5551
f 5552 5553 5554
f 5555 5556 5557
f 5555 5557 5554
f 5554 5557 5558
f 5554 5558 5552
f 5555 5548 5556
f 5556 5548 5550
f 5556 5550 5559
f 5560 5561 5562
f 5562 5561 5563
f 5562 5563 5564
f 5559 5550 5565
f 5559 5565 5560
f 5560 5565 5566
f 5560 5566 5561
f 5564 5567 5568
f 5564 5568 5569
f 5569 5568 5570
f 5570 5568 5571
f 5570 5571 5559
f 5559 5571 5572
f 5559 5572 5556
f 5573 5574 5575
f 5573 5575 5576
f 5577 5578 5579
f 5579 5578 5580
f 5579 5580 5575
f 5575 5580 5581
f 5575 5581 5576
f 5576 5581 5582
f 5576 5582 5583
f 5583 5582 5584
f 5583 5584 5585
f 5585 5584 5586
f 5573 5587 5574
f 5574 5587 5588
f 5574 5588 5589
f 5589 5588 5590
f 5590 5591 5577
f 5577 5591 5592
f 5577 5592 5578
f 5563 5593 5564
f 5564 5593 5591
f 5564 5591 5567
f 5567 5591 5590
f 5567 5590 5594
f 5594 5590 5588
f 5595 5596 5597
f 5595 5597 5598
f 5599 5600 5601
f 5602 5452 5455
f 5599 5601 5603
f 5599 5603 5604
f 5599 5604 5605
f 5605 5604 5606
f 5605 5606 5607
f 5607 5606 5608
f 5607 5608 5609
f 5609 5608 5610
f 5611 5612 5613
f 5614 5615 5616
f 5616 5615 5617
f 5616 5617 5618
f 5618 5617 5619
f 5618 5619 5620
f 5620 5619 5621
f 5620 5621 5622
f 5623 5465 5624
f 5624 5465 5625
f 5624 5625 5626
f 5626 5625 5627
f 5614 5616 5628
f 5628 5616 5629
f 5628 5629 5627
f 5613 5612 5630
f 5630 5612 5631
f 5630 5631 5629
f 5629 5631 5632
f 5629 5632 5627
f 5627 5632 5633
f 5627 5633 5626
f 5626 5633 5634
f 5626 5634 5635
f 5635 5634 5636
f 5636 5634 5460
f 5636 5460 5637
f 5637 5460 5461
f 5623 5637 5464
f 5623 5464 5465
f 5613 5620 5611
f 5611 5620 5622
f 5611 5622 5638
f 5639 5640 5641
f 5641 5640 5642
f 5641 5642 5643
f 5638 5622 5644
f 5638 5644 5639
f 5639 5644 5645
f 5639 5645 5640
f 5643 5646 5647
f 5647 5646 5648
f 5647 5648 5649
f 5649 5648 5650
f 5649 5650 5638
f 5638 5650 5651
f 5638 5651 5611
f 5602 5455 5652
f 5652 5455 5653
f 5652 5653 5654
f 5654 5653 5655
f 5654 5655 5607
f 5607 5655 5656
f 5607 5656 5605
f 5605 5656 5657
f 5605 5657 5658
f 5658 5657 5659
f 5658 5659 5660
f 5660 5659 5598
f 5660 5598 5661
f 5661 5598 5597
f 5661 5597 5600
f 5600 5597 5662
f 5600 5662 5601
f 5601 5662 5663
f 5601 5663 5664
f 5595 5665 5596
f 5596 5665 5666
f 5596 5666 5667
f 5667 5666 5668
f 5668 5669 5663
f 5663 5669 5670
f 5663 5670 5664
f 5642 5671 5643
f 5643 5671 5669
f 5643 5669 5646
f 5646 5669 5668
f 5646 5668 5672
f 5672 5668 5666
f 5673 5674 5675
f 5675 5674 5676
f 5675 5676 5677
f 5673 5675 5678
f 5678 5675 5679
f 5678 5679 5680
f 5677 5676 5681
f 5681 5676 5682
f 5681 5682 5683
f 5440 5684 5685
f 5685 5684 5686
f 5685 5686 5687
f 5687 5686 5688
f 5687 5688 5689
f 5689 5688 5677
f 5689 5677 5690
f 5690 5677 5681
f 5690 5681 5691
f 5691 5681 5692
f 5691 5692 5693
f 5691 5693 5467
f 5467 5693 5468
f 5682 5694 5683
f 5683 5694 5695
f 5683 5695 5696
f 5683 5696 5697
f 5698 5699 5700
f 5700 5699 5701
f 5700 5701 5702
f 5702 5701 5703
f 5702 5703 5704
f 5680 5679 5437
f 5437 5679 5684
f 5437 5684 5434
f 5434 5684 5440
f 5578 5705 5580
f 5580 5705 5706
f 5580 5706 5707
f 5707 5706 5708
f 5707 5708 5586
f 5586 5708 5709
f 5586 5709 5585
f 5585 5709 5710
f 5710 5709 5711
f 5710 5711 5712
f 5434 5713 5439
f 5439 5713 5714
f 5439 5714 5715
f 5715 5714 5716
f 5715 5716 5717
f 5434 5440 5713
f 5713 5440 5443
f 5713 5443 5718
f 5718 5443 5445
f 5718 5445 5719
f 5719 5445 5712
f 5719 5712 5720
f 5720 5712 5711
f 5720 5711 5716
f 5716 5711 5721
f 5716 5721 5717
f 5722 5723 5724
f 5724 5723 5725
f 5724 5725 5726
f 5726 5725 5727
f 5726 5727 5728
f 5544 5553 5551
f 5551 5553 5552
f 5551 5552 5727
f 5727 5552 5729
f 5727 5729 5728
f 5728 5729 5730
f 5728 5730 5731
f 5731 5730 5732
f 5731 5732 5733
f 5733 5732 5479
f 5733 5479 5722
f 5722 5479 5477
f 5722 5477 5723
f 5610 5734 5609
f 5609 5734 5735
f 5609 5735 5736
f 5736 5735 5737
f 5736 5737 5602
f 5602 5737 5446
f 5602 5446 5452
f 5452 5446 5738
f 5738 5446 5449
f 5738 5449 5739
f 5740 5741 5525
f 5525 5741 5742
f 5452 5738 5457
f 5457 5738 5743
f 5457 5743 5744
f 5744 5743 5745
f 5744 5745 5746
f 5746 5745 5740
f 5746 5740 5524
f 5524 5740 5525
f 5449 5451 5739
f 5739 5451 5747
f 5739 5747 5741
f 5741 5747 5748
f 5741 5748 5742
f 5749 5750 5751
f 5752 5753 5754
f 5752 5754 5755
f 5755 5754 5756
f 5755 5756 5757
f 5758 5759 5698
f 5758 5698 5752
f 5752 5698 5753
f 5753 5698 5700
f 5753 5700 5760
f 5760 5700 5761
f 5760 5761 5762
f 5762 5761 5763
f 5762 5763 5764
f 5764 5763 5765
f 5764 5765 5766
f 5767 5768 5758
f 5758 5768 5769
f 5758 5769 5759
f 5756 5770 5757
f 5757 5770 5771
f 5771 5770 5772
f 5773 5774 5775
f 5775 5774 5776
f 5693 5777 5468
f 5468 5777 5697
f 5468 5697 5778
f 5778 5697 5696
f 5778 5696 5776
f 5776 5696 5779
f 5776 5779 5775
f 5703 5780 5704
f 5704 5780 5781
f 5704 5781 5765
f 5765 5781 5782
f 5765 5782 5766
f 5766 5782 5750
f 5766 5750 5749
f 5766 5749 5783
f 5783 5749 5784
f 5750 5785 5751
f 5751 5785 5786
f 5751 5786 5787
f 5787 5786 5464
f 5787 5464 5637
f 5787 5637 5788
f 5788 5637 5461
f 5788 5461 5789
f 5789 5461 5790
f 5789 5790 5784
f 5784 5790 5783
f 5466 5468 5791
f 5791 5468 5792
f 5791 5792 5793
f 5794 5791 5793
f 5794 5793 5795
f 5795 5793 5774
f 5795 5774 5772
f 5772 5774 5773
f 5772 5773 5771
f 5771 5773 5796
f 5771 5796 5767
f 5767 5796 5797
f 5767 5797 5768
f 5685 5687 5798
f 5798 5687 5799
f 5467 5800 5691
f 5691 5800 5801
f 5791 5794 5802
f 5802 5794 5803
f 5770 5756 5804
f 5804 5756 5805
f 5760 5762 5806
f 5806 5762 5807
f 5783 5790 5808
f 5808 5790 5809
f 5810 5811 5812
f 5813 5814 5815
f 5815 5814 5816
f 5815 5816 5817
f 5818 5819 5820
f 5820 5819 5821
f 5822 5823 5824
f 5825 5826 5827
f 5827 5826 5828
f 5829 5830 5831
f 5832 5833 5834
f 5834 5833 5835
f 5836 5837 5838
f 5839 5840 5841
f 5842 5843 5835
f 5450 5448 5447
f 5844 5845 5846
f 5846 5845 5847
f 5848 5849 5846
f 5850 5851 5827
f 5827 5851 5852
f 5843 5853 5854
f 5855 5856 5857
f 5858 5859 5860
f 5860 5859 5861
f 5862 5863 5864
f 5864 5863 5850
f 5864 5850 5812
f 5812 5850 5827
f 5812 5827 5810
f 5810 5827 5828
f 5865 5866 5867
f 5867 5866 5868
f 5867 5868 5852
f 5841 5869 5839
f 5839 5869 5842
f 5839 5842 5870
f 5870 5842 5835
f 5870 5835 5871
f 5854 5872 5843
f 5843 5872 5829
f 5843 5829 5835
f 5835 5829 5831
f 5835 5831 5834
f 5873 5874 5875
f 5876 5877 5861
f 5816 5878 5463
f 5463 5878 5820
f 5447 5879 5450
f 5450 5879 5463
f 5463 5879 5846
f 5880 5881 5882
f 5882 5881 5463
f 5882 5463 5883
f 5883 5463 5846
f 5883 5846 5884
f 5884 5846 5849
f 5877 5885 5886
f 5436 5435 5887
f 5887 5435 5438
f 5887 5438 5888
f 5888 5438 5836
f 5888 5836 5861
f 5868 5889 5852
f 5852 5889 5817
f 5852 5817 5827
f 5827 5817 5816
f 5827 5816 5438
f 5438 5816 5463
f 5438 5463 5836
f 5836 5463 5462
f 5890 5891 5892
f 5892 5891 5848
f 5892 5848 5824
f 5824 5848 5846
f 5824 5846 5822
f 5822 5846 5847
f 5893 5894 5895
f 5895 5894 5896
f 5895 5896 5884
f 5884 5896 5897
f 5884 5897 5883
f 5838 5898 5836
f 5836 5898 5899
f 5836 5899 5861
f 5861 5899 5900
f 5861 5900 5876
f 5876 5900 5873
f 5876 5873 5901
f 5901 5873 5875
f 5886 5902 5877
f 5877 5902 5855
f 5877 5855 5861
f 5861 5855 5857
f 5861 5857 5860
f 5821 5871 5820
f 5820 5871 5835
f 5820 5835 5463
f 5463 5835 5903
f 5463 5903 5450
f 5904 5905 5906
f 5806 5805 5907
f 5806 5907 5908
f 5909 5910 5911
f 5911 5910 5912
f 5913 5914 5915
f 5916 5917 5918
f 5919 5920 5921
f 5919 5921 5922
f 5918 5923 5916
f 5916 5923 5924
f 5916 5924 5912
f 5912 5924 5925
f 5926 5927 5928
f 5928 5927 5924
f 5928 5924 5929
f 5929 5924 5923
f 5925 5930 5931
f 5932 5933 5934
f 5935 5936 5937
f 5934 5938 5932
f 5932 5938 5939
f 5932 5939 5940
f 5940 5939 5935
f 5941 5942 5943
f 5943 5942 5939
f 5943 5939 5944
f 5944 5939 5938
f 5945 5946 5807
f 5807 5946 5808
f 5807 5808 5912
f 5912 5808 5809
f 5912 5809 5911
f 5911 5809 5947
f 5948 5949 5920
f 5950 5951 5809
f 5809 5951 5952
f 5952 5953 5809
f 5809 5953 5904
f 5809 5904 5947
f 5947 5904 5906
f 5925 5931 5912
f 5912 5931 5954
f 5912 5954 5955
f 5956 5957 5958
f 5958 5957 5959
f 5958 5959 5960
f 5961 5962 5963
f 5963 5962 5960
f 5963 5960 5964
f 5964 5960 5959
f 5915 5948 5913
f 5913 5948 5920
f 5913 5920 5960
f 5960 5920 5919
f 5960 5919 5958
f 5935 5937 5940
f 5940 5937 5965
f 5940 5965 5966
f 5967 5968 5955
f 5955 5968 5969
f 5955 5969 5912
f 5912 5969 5970
f 5971 5972 5966
f 5966 5972 5798
f 5966 5798 5940
f 5940 5798 5799
f 5973 5974 5975
f 5800 5976 5977
f 5978 5979 5970
f 5970 5979 5980
f 5970 5980 5912
f 5912 5980 5973
f 5912 5973 5981
f 5981 5973 5975
f 5982 5983 5799
f 5799 5983 5801
f 5799 5801 5940
f 5940 5801 5800
f 5940 5800 5984
f 5984 5800 5977
f 5981 5985 5912
f 5912 5985 5986
f 5912 5986 5987
f 5984 5802 5940
f 5940 5802 5803
f 5940 5803 5988
f 5987 5989 5912
f 5912 5989 5990
f 5912 5990 5920
f 5988 5991 5940
f 5940 5991 5804
f 5940 5804 5805
f 5992 5993 5949
f 5949 5993 5940
f 5949 5940 5920
f 5920 5940 5912
f 5912 5940 5805
f 5912 5805 5806
f 5912 5806 5807
f 5786 5836 5464
f 5464 5836 5462
f 5703 5900 5780
f 5780 5900 5899
f 5768 5877 5769
f 5769 5877 5876
f 5695 5857 5696
f 5696 5857 5856
f 5696 5856 5779
f 5779 5856 5855
f 5678 5888 5673
f 5673 5888 5861
f 5750 5837 5785
f 5785 5837 5836
f 5782 5838 5750
f 5750 5838 5837
f 5781 5898 5838
f 5781 5838 5782
f 5759 5901 5698
f 5698 5901 5875
f 5699 5874 5701
f 5701 5874 5873
f 5698 5875 5699
f 5699 5875 5874
f 5796 5885 5797
f 5797 5885 5877
f 5773 5886 5796
f 5796 5886 5885
f 5775 5902 5773
f 5773 5902 5886
f 5682 5858 5694
f 5694 5858 5860
f 5676 5859 5682
f 5682 5859 5858
f 5674 5861 5676
f 5676 5861 5859
f 5437 5436 5680
f 5680 5436 5887
f 5461 5459 5790
f 5790 5459 5994
f 5953 5952 5460
f 5460 5952 5995
f 5460 5995 5458
f 5996 5995 5951
f 5951 5995 5952
f 5997 5996 5950
f 5950 5996 5951
f 5994 5997 5790
f 5790 5997 5950
f 5790 5950 5809
f 5996 5997 5995
f 5995 5997 5994
f 5995 5994 5458
f 5458 5994 5459
f 5762 5998 5999
f 5762 5999 5807
f 5807 5999 5945
f 5764 6000 5762
f 5762 6000 5998
f 5766 6001 5764
f 5764 6001 6000
f 5783 6002 5766
f 5766 6002 6001
f 5808 5946 5783
f 5783 5946 6003
f 5783 6003 6002
f 5999 6003 5945
f 5945 6003 5946
f 6000 6001 5998
f 5998 6001 6002
f 5998 6002 5999
f 5999 6002 6003
f 5760 6004 5753
f 5753 6004 6005
f 5806 5908 5760
f 5760 5908 6006
f 5760 6006 6004
f 5756 5754 6007
f 6007 6008 5756
f 5756 6008 5805
f 5753 6005 5754
f 5754 6005 6007
f 6009 6006 5907
f 5907 6006 5908
f 6008 6009 5805
f 5805 6009 5907
f 6006 6009 6004
f 6004 6009 6008
f 6004 6008 6005
f 6005 6008 6007
f 5794 6010 6011
f 5794 6011 5803
f 5803 6011 5988
f 5795 6012 5794
f 5794 6012 6010
f 5772 6013 5795
f 5795 6013 6012
f 5770 6014 6013
f 5770 6013 5772
f 5804 5991 5770
f 5770 5991 6015
f 5770 6015 6014
f 6011 6015 5988
f 5988 6015 5991
f 6010 6012 6011
f 6011 6012 6013
f 6011 6013 6015
f 6015 6013 6014
f 5791 6016 5466
f 5466 6016 6017
f 5466 6017 5467
f 5467 6017 6018
f 5802 5984 5791
f 5791 5984 6019
f 5791 6019 6016
f 6020 6019 5977
f 5977 6019 5984
f 6021 6020 5976
f 5976 6020 5977
f 6018 6021 5467
f 5467 6021 5976
f 5467 5976 5800
f 6020 6021 6019
f 6019 6021 6018
f 6019 6018 6016
f 6016 6018 6017
f 5690 6022 5689
f 5689 6022 6023
f 5691 6024 5690
f 5690 6024 6022
f 5689 6023 5687
f 5687 6023 6025
f 5801 5983 5691
f 5691 5983 6026
f 5691 6026 6024
f 6027 6026 5982
f 5982 6026 5983
f 6025 6027 5687
f 5687 6027 5982
f 5687 5982 5799
f 6027 6025 6026
f 6026 6025 6023
f 6026 6023 6024
f 6024 6023 6022
f 5685 6028 5440
f 5440 6028 5441
f 5798 5972 5685
f 5685 5972 6029
f 5685 6029 6028
f 6030 6029 5971
f 5971 6029 5972
f 5444 6030 5445
f 5445 6030 5971
f 5445 5971 5966
f 5444 5442 6030
f 6030 5442 5441
f 6030 5441 6029
f 6029 5441 6028
f 5749 6031 6032
f 5749 6032 5784
f 5751 6033 5749
f 5749 6033 6031
f 5787 6034 5751
f 5751 6034 6033
f 5788 6035 5787
f 5787 6035 6034
f 5789 6036 5788
f 5788 6036 6035
f 5784 6032 5789
f 5789 6032 6036
f 6031 6033 6032
f 6032 6033 6034
f 6032 6034 6036
f 6036 6034 6035
f 5765 6037 5704
f 5704 6037 6038
f 5763 6039 5765
f 5765 6039 6037
f 5761 6040 5763
f 5763 6040 6039
f 5700 6041 6040
f 5700 6040 5761
f 5702 6042 5700
f 5700 6042 6041
f 5704 6038 5702
f 5702 6038 6042
f 6041 6042 6040
f 6040 6042 6038
f 6040 6038 6039
f 6039 6038 6037
f 5771 6043 5757
f 5757 6043 6044
f 5767 6045 5771
f 5771 6045 6043
f 5758 6046 5767
f 5767 6046 6045
f 5752 6047 5758
f 5758 6047 6046
f 5755 6048 5752
f 5752 6048 6047
f 5757 6044 5755
f 5755 6044 6048
f 6043 6045 6044
f 6044 6045 6046
f 6044 6046 6048
f 6048 6046 6047
f 5692 6049 5693
f 5693 6049 6050
f 5681 6051 5692
f 5692 6051 6049
f 5683 6052 5681
f 5681 6052 6051
f 5697 6053 5683
f 5683 6053 6052
f 5777 6054 5697
f 5697 6054 6053
f 5693 6050 5777
f 5777 6050 6054
f 6051 6052 6049
f 6049 6052 6053
f 6049 6053 6050
f 6050 6053 6054
f 5774 6055 6056
f 5774 6056 5776
f 5793 6057 5774
f 5774 6057 6055
f 5792 6058 5793
f 5793 6058 6057
f 5468 6059 6058
f 5468 6058 5792
f 5778 6060 5468
f 5468 6060 6059
f 5776 6056 5778
f 5778 6056 6060
f 6058 6059 6057
f 6057 6059 6060
f 6057 6060 6055
f 6055 6060 6056
f 5686 6061 5688
f 5688 6061 6062
f 5684 6063 5686
f 5686 6063 6061
f 5679 6064 5684
f 5684 6064 6063
f 5675 6065 5679
f 5679 6065 6064
f 5677 6066 5675
f 5675 6066 6065
f 5688 6062 5677
f 5677 6062 6066
f 6066 6062 6065
f 6065 6062 6061
f 6065 6061 6064
f 6064 6061 6063
f 5785 5836 5786
f 5899 5898 5780
f 5780 5898 5781
f 5876 5901 5769
f 5769 5901 5759
f 5873 5900 5701
f 5701 5900 5703
f 5797 5877 5768
f 5855 5902 5779
f 5779 5902 5775
f 5860 5857 5694
f 5694 5857 5695
f 5673 5861 5674
f 5887 5888 5680
f 5680 5888 5678
f 5655 5653 5954
f 5954 5653 5955
f 5924 5598 5925
f 5925 5598 5659
f 5666 5665 5923
f 5923 5665 5929
f 5650 5648 5912
f 5912 5648 5916
f 5631 5612 5947
f 5947 5612 5911
f 5460 5634 5953
f 5953 5634 5904
f 5897 5617 5883
f 5883 5617 5615
f 5849 5640 5884
f 5884 5640 5645
f 5601 5823 5822
f 5601 5822 5603
f 5823 5601 5824
f 5824 5601 5664
f 5879 5735 5846
f 5846 5735 5734
f 5881 5627 5463
f 5463 5627 5625
f 5880 5628 5881
f 5881 5628 5627
f 5628 5880 5614
f 5614 5880 5882
f 5622 5893 5895
f 5622 5895 5644
f 5894 5621 5896
f 5896 5621 5619
f 5893 5622 5894
f 5894 5622 5621
f 5891 5671 5848
f 5848 5671 5642
f 5890 5669 5891
f 5891 5669 5671
f 5669 5890 5892
f 5669 5892 5670
f 5845 5606 5847
f 5847 5606 5604
f 5844 5608 5845
f 5845 5608 5606
f 5846 5610 5844
f 5844 5610 5608
f 5447 5446 5879
f 5879 5446 5737
f 5947 5906 5631
f 5631 5906 6067
f 5631 6067 6068
f 6069 5632 6068
f 6068 5632 5631
f 6070 5633 6069
f 6069 5633 5632
f 5633 6070 5634
f 5634 6070 6071
f 5634 6071 6072
f 5634 6072 5904
f 5904 6072 5905
f 6072 6067 5905
f 5905 6067 5906
f 6067 6072 6068
f 6068 6072 6071
f 6068 6071 6069
f 6069 6071 6070
f 5611 6073 5612
f 5612 6073 6074
f 5612 6074 6075
f 5612 6075 5911
f 5911 6075 5909
f 5650 5912 6076
f 5650 6076 5651
f 5651 6076 6077
f 6073 5611 6077
f 6077 5611 5651
f 6075 6078 5909
f 5909 6078 5910
f 6078 6076 5910
f 5910 6076 5912
f 6073 6077 6074
f 6074 6077 6076
f 6074 6076 6075
f 6075 6076 6078
f 5923 5918 5666
f 5666 5918 6079
f 5666 6079 6080
f 6081 5672 6080
f 6080 5672 5666
f 6082 5646 6081
f 6081 5646 5672
f 5646 6082 6083
f 5646 6083 5648
f 5648 6083 6084
f 5648 6084 5916
f 5916 6084 5917
f 6084 6079 5917
f 5917 6079 5918
f 6084 6083 6079
f 6079 6083 6082
f 6079 6082 6080
f 6080 6082 6081
f 5595 6085 6086
f 5595 6086 5665
f 6085 5595 6087
f 6087 5595 5598
f 6086 6088 5665
f 5665 6088 5928
f 5665 5928 5929
f 6088 6089 5928
f 5928 6089 5926
f 6089 6090 5926
f 5926 6090 5927
f 5924 5927 5598
f 5598 5927 6090
f 5598 6090 6087
f 6086 6085 6088
f 6088 6085 6087
f 6088 6087 6089
f 6089 6087 6090
f 6091 5657 6092
f 6092 5657 5656
f 6093 5659 6091
f 6091 5659 5657
f 6092 5656 6094
f 6094 5656 5655
f 6093 6095 5659
f 5659 6095 5930
f 5659 5930 5925
f 6095 6096 5930
f 5930 6096 5931
f 5954 5931 5655
f 5655 5931 6096
f 5655 6096 6094
f 6094 6096 6092
f 6092 6096 6095
f 6092 6095 6091
f 6091 6095 6093
f 6097 5653 5454
f 5454 5653 5455
f 6097 6098 5653
f 5653 6098 5967
f 5653 5967 5955
f 6098 6099 5967
f 5967 6099 5968
f 5969 5968 5457
f 5457 5968 6099
f 5457 6099 5456
f 5456 6099 5453
f 5453 6099 6098
f 5453 6098 5454
f 5454 6098 6097
f 5635 6100 5626
f 5626 6100 6101
f 6102 5624 6101
f 6101 5624 5626
f 6103 5623 6102
f 6102 5623 5624
f 5623 6103 5637
f 5637 6103 6104
f 6105 5636 6104
f 6104 5636 5637
f 6100 5635 6105
f 6105 5635 5636
f 6105 6104 6100
f 6100 6104 6103
f 6100 6103 6101
f 6101 6103 6102
f 5616 6106 6107
f 5616 6107 5629
f 6108 5630 6107
f 6107 5630 5629
f 6109 5613 6108
f 6108 5613 5630
f 5613 6109 6110
f 5613 6110 5620
f 6111 5618 6110
f 6110 5618 5620
f 6106 5616 6111
f 6111 5616 5618
f 6108 6107 6109
f 6109 6107 6106
f 6109 6106 6110
f 6110 6106 6111
f 5647 6112 5643
f 5643 6112 6113
f 6114 5641 6113
f 6113 5641 5643
f 6115 5639 6114
f 6114 5639 5641
f 5639 6115 5638
f 5638 6115 6116
f 6117 5649 6116
f 6116 5649 5638
f 6112 5647 6117
f 6117 5647 5649
f 6117 6116 6112
f 6112 6116 6115
f 6112 6115 6113
f 6113 6115 6114
f 5660 6118 5658
f 5658 6118 6119
f 6120 5605 6119
f 6119 5605 5658
f 6121 5599 6120
f 6120 5599 5605
f 5599 6121 6122
f 5599 6122 5600
f 6123 5661 6122
f 6122 5661 5600
f 6118 5660 6123
f 6123 5660 5661
f 6118 6123 6119
f 6119 6123 6122
f 6119 6122 6120
f 6120 6122 6121
f 5663 6124 5668
f 5668 6124 6125
f 6126 5667 6125
f 6125 5667 5668
f 6127 5596 6126
f 6126 5596 5667
f 5596 6127 6128
f 5596 6128 5597
f 6129 5662 6128
f 6128 5662 5597
f 6124 5663 6129
f 6129 5663 5662
f 6125 6124 6126
f 6126 6124 6129
f 6126 6129 6127
f 6127 6129 6128
f 6130 5652 6131
f 6131 5652 5654
f 6132 5602 6130
f 6130 5602 5652
f 6133 5736 6132
f 6132 5736 5602
f 6134 5609 6133
f 6133 5609 5736
f 6135 5607 6134
f 6134 5607 5609
f 6131 5654 6135
f 6135 5654 5607
f 6133 6132 6134
f 6134 6132 6130
f 6134 6130 6135
f 6135 6130 6131
f 5465 5463 5625
f 5882 5883 5614
f 5614 5883 5615
f 5895 5884 5644
f 5644 5884 5645
f 5897 5896 5617
f 5617 5896 5619
f 5849 5848 5640
f 5640 5848 5642
f 5892 5824 5670
f 5670 5824 5664
f 5822 5847 5603
f 5603 5847 5604
f 5610 5846 5734
f 5735 5879 5737
f 6136 6137 5479
f 5479 6137 5481
f 5820 5878 5475
f 5475 5878 5477
f 5712 5445 5965
f 5965 5445 5966
f 5576 5583 5939
f 5939 5583 5935
f 5588 5587 5938
f 5938 5587 5944
f 5571 5568 5940
f 5940 5568 5932
f 5558 5557 5948
f 5948 5557 5949
f 5732 5730 5960
f 5960 5730 5913
f 5816 5723 5878
f 5878 5723 5477
f 5889 5545 5817
f 5817 5545 5543
f 5851 5561 5852
f 5852 5561 5566
f 5810 5706 5811
f 5811 5706 5705
f 5811 5705 5812
f 5812 5705 5578
f 5438 5715 5827
f 5827 5715 5717
f 5814 5727 5816
f 5816 5727 5725
f 5813 5551 5814
f 5814 5551 5727
f 5551 5813 5542
f 5542 5813 5815
f 5550 5865 5867
f 5550 5867 5565
f 5866 5549 5868
f 5868 5549 5547
f 5865 5550 5866
f 5866 5550 5549
f 5863 5593 5850
f 5850 5593 5563
f 5862 5591 5863
f 5863 5591 5593
f 5591 5862 5864
f 5591 5864 5592
f 5826 5709 5828
f 5828 5709 5708
f 5709 5826 5825
f 5709 5825 5711
f 5827 5721 5825
f 5825 5721 5711
f 6136 5479 6138
f 6138 5479 5732
f 6137 6139 5481
f 5481 6139 5963
f 5481 5963 5964
f 6139 6140 5963
f 5963 6140 5961
f 6140 6141 5961
f 5961 6141 5962
f 5960 5962 5732
f 5732 5962 6141
f 5732 6141 6138
f 6140 6139 6141
f 6141 6139 6137
f 6141 6137 6138
f 6138 6137 6136
f 5948 5915 5558
f 5558 5915 6142
f 5558 6142 6143
f 6144 5552 6143
f 6143 5552 5558
f 6145 5729 6144
f 6144 5729 5552
f 6146 5730 6145
f 6145 5730 5729
f 5730 6146 6147
f 5730 6147 5913
f 5913 6147 5914
f 6147 6142 5914
f 5914 6142 5915
f 6142 6147 6143
f 6143 6147 6146
f 6143 6146 6144
f 6144 6146 6145
f 5556 6148 6149
f 5556 6149 5557
f 5557 6149 6150
f 5557 6150 5949
f 5949 6150 5992
f 5571 5940 6151
f 5571 6151 5572
f 5572 6151 6152
f 6148 5556 6152
f 6152 5556 5572
f 6150 6153 5992
f 5992 6153 5993
f 6153 6151 5993
f 5993 6151 5940
f 6148 6152 6149
f 6149 6152 6151
f 6149 6151 6150
f 6150 6151 6153
f 5938 5934 5588
f 5588 5934 6154
f 5588 6154 6155
f 6156 5594 6155
f 6155 5594 5588
f 6157 5567 6156
f 6156 5567 5594
f 5567 6157 5568
f 5568 6157 6158
f 5568 6158 6159
f 5568 6159 5932
f 5932 6159 5933
f 6159 6154 5933
f 5933 6154 5934
f 6159 6158 6154
f 6154 6158 6157
f 6154 6157 6155
f 6155 6157 6156
f 5573 6160 6161
f 5573 6161 5587
f 6160 5573 6162
f 6162 5573 5576
f 6161 6163 5587
f 5587 6163 5943
f 5587 5943 5944
f 6163 6164 5943
f 5943 6164 5941
f 6164 6165 5941
f 5941 6165 5942
f 5939 5942 5576
f 5576 5942 6165
f 5576 6165 6162
f 6161 6160 6163
f 6163 6160 6162
f 6163 6162 6164
f 6164 6162 6165
f 5710 6166 5585
f 5585 6166 6167
f 6168 5583 6167
f 6167 5583 5585
f 6166 5710 6169
f 6169 5710 5712
f 6168 6170 5583
f 5583 6170 5936
f 5583 5936 5935
f 6170 6171 5936
f 5936 6171 5937
f 5965 5937 5712
f 5712 5937 6171
f 5712 6171 6169
f 6169 6171 6166
f 6166 6171 6170
f 6166 6170 6167
f 6167 6170 6168
f 6172 5726 6173
f 6173 5726 5728
f 6174 5724 6172
f 6172 5724 5726
f 6175 5722 6174
f 6174 5722 5724
f 6176 5733 6175
f 6175 5733 5722
f 6177 5731 6176
f 6176 5731 5733
f 6173 5728 6177
f 6177 5728 5731
f 6177 6176 6173
f 6173 6176 6175
f 6173 6175 6172
f 6172 6175 6174
f 5544 6178 6179
f 5544 6179 5553
f 6180 5554 6179
f 6179 5554 5553
f 6181 5555 6180
f 6180 5555 5554
f 5555 6181 6182
f 5555 6182 5548
f 6183 5546 6182
f 6182 5546 5548
f 6178 5544 6183
f 6183 5544 5546
f 6180 6179 6181
f 6181 6179 6178
f 6181 6178 6182
f 6182 6178 6183
f 5569 6184 5564
f 5564 6184 6185
f 6186 5562 6185
f 6185 5562 5564
f 6187 5560 6186
f 6186 5560 5562
f 5560 6187 5559
f 5559 6187 6188
f 6189 5570 6188
f 6188 5570 5559
f 6184 5569 6189
f 6189 5569 5570
f 6189 6188 6184
f 6184 6188 6187
f 6184 6187 6185
f 6185 6187 6186
f 6190 5584 6191
f 6191 5584 5582
f 6192 5586 6190
f 6190 5586 5584
f 6193 5707 6192
f 6192 5707 5586
f 6194 5580 6193
f 6193 5580 5707
f 6195 5581 6194
f 6194 5581 5580
f 6191 5582 6195
f 6195 5582 5581
f 6191 6195 6190
f 6190 6195 6194
f 6190 6194 6192
f 6192 6194 6193
f 5577 6196 5590
f 5590 6196 6197
f 6198 5589 6197
f 6197 5589 5590
f 6199 5574 6198
f 6198 5574 5589
f 5574 6199 6200
f 5574 6200 5575
f 6201 5579 6200
f 6200 5579 5575
f 6196 5577 6201
f 6201 5577 5579
f 6197 6196 6198
f 6198 6196 6201
f 6198 6201 6199
f 6199 6201 6200
f 6202 5718 6203
f 6203 5718 5719
f 6204 5713 6202
f 6202 5713 5718
f 6205 5714 6204
f 6204 5714 5713
f 6206 5716 6205
f 6205 5716 5714
f 6207 5720 6206
f 6206 5720 5716
f 6203 5719 6207
f 6207 5719 5720
f 6205 6204 6206
f 6206 6204 6202
f 6206 6202 6207
f 6207 6202 6203
f 5723 5816 5725
f 5815 5817 5542
f 5542 5817 5543
f 5867 5852 5565
f 5565 5852 5566
f 5889 5868 5545
f 5545 5868 5547
f 5851 5850 5561
f 5561 5850 5563
f 5864 5812 5592
f 5592 5812 5578
f 5810 5828 5706
f 5706 5828 5708
f 5721 5827 5717
f 5715 5438 5439
f 5457 5744 5969
f 5969 5744 5970
f 5529 5523 5980
f 5980 5523 5973
f 5514 5517 5985
f 5985 5517 5986
f 5538 5512 5990
f 5990 5512 5920
f 5493 5495 5919
f 5919 5495 5958
f 5483 5481 5959
f 5959 5481 5964
f 5487 5870 5486
f 5486 5870 5871
f 5501 5843 5506
f 5506 5843 5842
f 5537 5831 5539
f 5539 5831 5830
f 5539 5830 5540
f 5540 5830 5829
f 5747 5903 5748
f 5748 5903 5835
f 5470 5818 5474
f 5474 5818 5820
f 5469 5819 5470
f 5470 5819 5818
f 5484 5821 5469
f 5469 5821 5819
f 5507 5869 5841
f 5507 5841 5509
f 5491 5840 5489
f 5489 5840 5839
f 5509 5841 5491
f 5491 5841 5840
f 5503 5853 5500
f 5500 5853 5843
f 5505 5854 5503
f 5503 5854 5853
f 5541 5872 5505
f 5505 5872 5854
f 5527 5832 5536
f 5536 5832 5834
f 5525 5833 5832
f 5525 5832 5527
f 5742 5835 5525
f 5525 5835 5833
f 5495 6208 6209
f 5495 6209 5958
f 5958 6209 5956
f 5497 6210 5495
f 5495 6210 6208
f 5498 6211 5497
f 5497 6211 6210
f 5483 6212 5498
f 5498 6212 6211
f 5959 5957 5483
f 5483 5957 6213
f 5483 6213 6212
f 6209 6213 5956
f 5956 6213 5957
f 6210 6211 6208
f 6208 6211 6212
f 6208 6212 6209
f 6209 6212 6213
f 5493 6214 6215
f 5493 6215 5492
f 5919 5922 5493
f 5493 5922 6216
f 5493 6216 6214
f 5512 5510 6217
f 6217 6218 5512
f 5512 6218 5920
f 5492 6215 5510
f 5510 6215 6217
f 6219 6216 5921
f 5921 6216 5922
f 6218 6219 5920
f 5920 6219 5921
f 6216 6219 6214
f 6214 6219 6218
f 6214 6218 6215
f 6215 6218 6217
f 5517 6220 6221
f 5517 6221 5986
f 5986 6221 5987
f 5518 6222 5517
f 5517 6222 6220
f 5520 6223 5518
f 5518 6223 6222
f 5538 6224 5520
f 5520 6224 6223
f 5990 5989 5538
f 5538 5989 6225
f 5538 6225 6224
f 6221 6225 5987
f 5987 6225 5989
f 6220 6222 6221
f 6221 6222 6223
f 6221 6223 6225
f 6225 6223 6224
f 5514 6226 6227
f 5514 6227 5522
f 5522 6227 5523
f 5523 6227 6228
f 5985 5981 5514
f 5514 5981 6229
f 5514 6229 6226
f 6230 6229 5975
f 5975 6229 5981
f 6231 6230 5974
f 5974 6230 5975
f 6228 6231 5523
f 5523 6231 5974
f 5523 5974 5973
f 6230 6231 6229
f 6229 6231 6228
f 6229 6228 6226
f 6226 6228 6227
f 5524 6232 6233
f 5524 6233 5746
f 5529 6234 5524
f 5524 6234 6232
f 5746 6233 5744
f 5744 6233 6235
f 5980 5979 5529
f 5529 5979 6236
f 5529 6236 6234
f 6237 6236 5978
f 5978 6236 5979
f 6235 6237 5744
f 5744 6237 5978
f 5744 5978 5970
f 6237 6235 6236
f 6236 6235 6233
f 6236 6233 6234
f 6234 6233 6232
f 5473 6238 5482
f 5482 6238 6239
f 5472 6240 5473
f 5473 6240 6238
f 5476 6241 5472
f 5472 6241 6240
f 5478 6242 5476
f 5476 6242 6241
f 5480 6243 5478
f 5478 6243 6242
f 5482 6239 5480
f 5480 6239 6243
f 6238 6240 6239
f 6239 6240 6241
f 6239 6241 6243
f 6243 6241 6242
f 5471 6244 6245
f 5471 6245 5485
f 5496 6246 5471
f 5471 6246 6244
f 5494 6247 5496
f 5496 6247 6246
f 5490 6248 6247
f 5490 6247 5494
f 5488 6249 5490
f 5490 6249 6248
f 5485 6245 5488
f 5488 6245 6249
f 6248 6249 6247
f 6247 6249 6245
f 6247 6245 6246
f 6246 6245 6244
f 5504 6250 5513
f 5513 6250 6251
f 5499 6252 5504
f 5504 6252 6250
f 5502 6253 5499
f 5499 6253 6252
f 5508 6254 5502
f 5502 6254 6253
f 5511 6255 5508
f 5508 6255 6254
f 5513 6251 5511
f 5511 6251 6255
f 6250 6252 6251
f 6251 6252 6253
f 6251 6253 6255
f 6255 6253 6254
f 5530 6256 5531
f 5531 6256 6257
f 5526 6258 5530
f 5530 6258 6256
f 5528 6259 5526
f 5526 6259 6258
f 5534 6260 5528
f 5528 6260 6259
f 5532 6261 5534
f 5534 6261 6260
f 5531 6257 5532
f 5532 6257 6261
f 6258 6259 6256
f 6256 6259 6260
f 6256 6260 6257
f 6257 6260 6261
f 5519 6262 5535
f 5535 6262 6263
f 5516 6264 5519
f 5519 6264 6262
f 5515 6265 5516
f 5516 6265 6264
f 5521 6266 5515
f 5515 6266 6265
f 5533 6267 5521
f 5521 6267 6266
f 5535 6263 5533
f 5533 6263 6267
f 6265 6266 6264
f 6264 6266 6267
f 6264 6267 6262
f 6262 6267 6263
f 5743 6268 5745
f 5745 6268 6269
f 5738 6270 5743
f 5743 6270 6268
f 5739 6271 5738
f 5738 6271 6270
f 5741 6272 5739
f 5739 6272 6271
f 5740 6273 5741
f 5741 6273 6272
f 5745 6269 5740
f 5740 6269 6273
f 6273 6269 6272
f 6272 6269 6268
f 6272 6268 6271
f 6271 6268 6270
f 5474 5820 5475
f 5871 5821 5486
f 5486 5821 5484
f 5842 5869 5506
f 5506 5869 5507
f 5839 5870 5489
f 5489 5870 5487
f 5500 5843 5501
f 5829 5872 5540
f 5540 5872 5541
f 5834 5831 5536
f 5536 5831 5537
f 5748 5835 5742
f 5450 5903 5451
f 5451 5903 5747
