# Optimized for Cats vs Demons
# Source: Sono.obj
# Simplification error: 0.0009296052739955485
v 30.727006912231445 -9.916947364807129 103.25019836425781
v 30.531099319458008 -11.859474182128906 102.96746826171875
v 33.905609130859375 -11.200437545776367 99.71733093261719
v 31.77025604248047 -12.657564163208008 101.37786102294922
v 33.27520751953125 -13.55807113647461 99.28529357910156
v 33.84434509277344 -12.643301010131836 99.2621078491211
v 33.09109878540039 -15.802921295166016 96.98861694335938
v 31.003162384033203 -13.907804489135742 101.0489501953125
v 34.76691436767578 -13.37037467956543 97.75069427490234
v 35.82453155517578 -12.59640121459961 96.83356475830078
v 29.385944366455078 -12.595478057861328 103.61491394042969
v 26.991369247436523 -13.908933639526367 103.86016845703125
v 28.219850540161133 -15.557245254516602 98.75166320800781
v 31.9776554107666 -17.915699005126953 93.1444091796875
v 32.2532958984375 -16.693471908569336 95.97574615478516
v 24.8370304107666 -13.633394241333008 105.05120849609375
v 27.648969650268555 -15.522455215454102 97.7171401977539
v 28.806135177612305 -16.183134078979492 96.63868713378906
v 26.34772300720215 -14.734935760498047 96.94500732421875
v 26.569185256958008 -15.017044067382812 95.49722290039062
v 27.33638572692871 -13.133319854736328 105.02360534667969
v 28.107276916503906 -12.27724838256836 105.31586456298828
v 24.716550827026367 -14.01473617553711 102.89317321777344
v 27.25438690185547 -16.5291748046875 93.44673156738281
v 27.98823356628418 -17.67966651916504 92.16868591308594
v 28.815265655517578 -17.142648696899414 93.7311019897461
v 36.34554672241211 -13.94556999206543 95.20115661621094
v 37.13911819458008 -14.955677032470703 92.69390106201172
v 36.412967681884766 -15.148605346679688 93.87149047851562
v 34.654029846191406 -15.32583236694336 96.10125732421875
v 34.137638092041016 -18.171432495117188 91.06745147705078
v 32.38896179199219 -19.028118133544922 89.47671508789062
v 34.769683837890625 -18.108728408813477 90.19157409667969
v 31.604936599731445 -18.896556854248047 90.447509765625
v 32.93408966064453 -18.043460845947266 92.49286651611328
v 35.3353385925293 -16.357898712158203 93.80960083007812
v 35.86783981323242 -16.922319412231445 91.78015899658203
v 35.83613204956055 -17.498950958251953 89.87755584716797
v 36.50153350830078 -17.0135498046875 89.42898559570312
v 34.27853775024414 -17.245372772216797 93.37171936035156
v 30.165048599243164 -17.158143997192383 94.73114776611328
v 29.8160343170166 -19.09502601623535 89.85908508300781
v 30.98263931274414 -19.293703079223633 89.01152801513672
v 31.10957908630371 -19.467748641967773 87.406005859375
v 23.59571647644043 -19.330646514892578 87.65528106689453
v 24.73389434814453 -10.91997241973877 110.53982543945312
v 25.635940551757812 -11.79256534576416 110.29251098632812
v 26.44172477722168 -10.87379264831543 111.53433227539062
v 27.21805763244629 -11.236149787902832 111.50252532958984
v 26.9052677154541 -10.312040328979492 111.82926940917969
v 27.338233947753906 -11.396547317504883 111.30148315429688
v 27.925024032592773 -11.133733749389648 111.36839294433594
v 27.497705459594727 -10.097869873046875 111.87770080566406
v 27.76215934753418 -10.8394136428833 111.63243865966797
v 28.117843627929688 -11.058819770812988 111.13841247558594
v 28.05586051940918 -10.57075023651123 111.49903106689453
v 28.252180099487305 -9.703186988830566 111.33197021484375
v 24.117753982543945 -11.18966293334961 109.84774780273438
v 24.698593139648438 -11.662235260009766 109.8908462524414
v 26.01913070678711 -12.624109268188477 107.89762878417969
v 24.36199378967285 -12.322813034057617 108.54937744140625
v 27.074495315551758 -11.842132568359375 108.73471069335938
v 26.28830909729004 -13.33476448059082 105.59489440917969
v 27.102508544921875 -12.358421325683594 106.80296325683594
v 27.409650802612305 -11.424768447875977 109.92143249511719
v 23.67791748046875 -11.926897048950195 108.5123291015625
v 23.666627883911133 -12.811086654663086 106.63035583496094
v 22.8280029296875 -12.744485855102539 103.17855834960938
v 23.723995208740234 -13.496086120605469 102.750732421875
v 22.6025447845459 -12.44349479675293 105.02031707763672
v 23.682842254638672 -13.337535858154297 104.5736083984375
v 22.599876403808594 -11.853317260742188 106.75575256347656
v 25.886749267578125 -14.637651443481445 94.57577514648438
v 23.37692642211914 -19.69013214111328 85.83528137207031
v 24.32987403869629 -19.7529354095459 84.2821044921875
v 24.586633682250977 -19.90522575378418 84.80741882324219
v 29.397233963012695 -19.67176055908203 86.48466491699219
v 23.44281005859375 -19.69413185119629 86.32940673828125
v 23.8218936920166 -18.346094131469727 89.75738525390625
v 35.38172149658203 -10.739460945129395 97.99647521972656
v 28.92424774169922 -10.989241600036621 105.17414855957031
v 29.116870880126953 -10.188176155090332 105.14920043945312
v 30.61678695678711 -8.403891563415527 103.1235580444336
v 29.281064987182617 -8.567779541015625 104.72189331054688
v 28.317138671875 -9.785386085510254 106.73564147949219
v 36.08888626098633 -11.079754829406738 96.97476959228516
v 34.388648986816406 -9.880003929138184 99.27986145019531
v 33.39086151123047 -9.390703201293945 100.40017700195312
v 28.34977149963379 -10.416202545166016 106.44952392578125
v 28.064891815185547 -9.77379035949707 107.86212158203125
v 27.810087203979492 -10.689996719360352 108.91830444335938
v 27.888896942138672 -10.541913986206055 110.05298614501953
v 28.00496482849121 -9.226201057434082 110.05298614501953
v 27.864267349243164 -11.376127243041992 106.82850646972656
v 27.897003173828125 -8.609442710876465 108.2973403930664
v 28.029491424560547 -8.232719421386719 106.84236145019531
v 37.89277267456055 -15.279960632324219 89.27229309082031
v 36.93470001220703 -15.94864273071289 91.46603393554688
v 37.89113235473633 -14.771778106689453 90.83850860595703
v 34.89744567871094 -18.238237380981445 87.29898071289062
v 36.10643768310547 -17.443843841552734 88.07160949707031
v 34.44160461425781 -18.503822326660156 88.42945098876953
v 33.119422912597656 -19.027502059936523 87.42243194580078
v 31.433555603027344 -19.29206085205078 85.41360473632812
v 32.84819793701172 -19.03345489501953 86.35629272460938
v 37.07077407836914 -11.797491073608398 95.25308990478516
v 37.8919563293457 -13.517637252807617 92.57711791992188
v 37.92499542236328 -12.450370788574219 93.27781677246094
v 28.869142532348633 -3.7692880630493164 93.81124877929688
v 28.156949996948242 -4.197118759155273 94.61026000976562
v 29.145910263061523 -3.866574287414551 95.94711303710938
v 31.41200828552246 -2.832864761352539 92.29182434082031
v 25.228635787963867 -5.147601127624512 101.88880920410156
v 27.05499267578125 -4.909724235534668 101.9913330078125
v 28.68935203552246 -3.3250389099121094 91.8885269165039
v 27.37763786315918 -4.21630859375 92.67481994628906
v 25.861400604248047 -15.44005012512207 93.55428314208984
v 22.077735900878906 -19.068756103515625 88.19619750976562
v 22.529476165771484 -19.358354568481445 86.82609558105469
v 21.134231567382812 -18.09333610534668 89.94538879394531
v 21.49587059020996 -18.73482322692871 88.43807983398438
v 23.16398811340332 -7.11958122253418 92.75517272949219
v 22.654573440551758 -8.324565887451172 93.09526062011719
v 23.648258209228516 -8.837264060974121 93.51559448242188
v 23.153621673583984 -10.922126770019531 93.55264282226562
v 23.596948623657227 -11.409478187561035 93.72596740722656
v 24.426952362060547 -8.431394577026367 94.19566345214844
v 24.110980987548828 -10.032705307006836 94.22091674804688
v 23.93724250793457 -7.618015289306641 93.23789978027344
v 24.57842254638672 -12.268627166748047 94.64617919921875
v 24.356863021850586 -10.993656158447266 94.83541870117188
v 22.85899543762207 -12.956398010253906 93.266845703125
v 21.70850372314453 -13.939104080200195 92.90365600585938
v 23.172197341918945 -14.207254409790039 92.96791076660156
v 24.829025268554688 -15.084980010986328 93.12788391113281
v 24.110570907592773 -13.155998229980469 93.66767883300781
v 19.977581024169922 -14.187448501586914 92.94593811035156
v 22.136127471923828 -10.591275215148926 93.39593505859375
v 25.27768898010254 -13.524103164672852 95.18391418457031
v 25.37948989868164 -17.018680572509766 91.82675170898438
v 20.623071670532227 -17.057371139526367 91.1832046508789
v 20.25917625427246 -17.2376766204834 90.71566009521484
v 21.73313331604004 -15.111865997314453 92.41149139404297
v 20.26625633239746 -15.991334915161133 92.06134033203125
v 22.558826446533203 -16.974348068237305 91.1694564819336
v 23.337007522583008 -16.135929107666016 91.98796844482422
v 20.491409301757812 -7.969391822814941 92.93301391601562
v 26.607254028320312 -18.63528060913086 80.11821746826172
v 26.03934669494629 -19.54840850830078 82.01559448242188
v 35.131221771240234 -3.077515125274658 87.3730697631836
v 35.160675048828125 -3.04293155670166 88.9191665649414
v 36.40547561645508 -3.9030046463012695 88.80403137207031
v 37.04235076904297 -4.778983116149902 86.6935043334961
v 37.16672134399414 -4.721823692321777 87.7247543334961
v 34.15446853637695 -2.5845208168029785 88.60247802734375
v 25.443317413330078 -19.827335357666016 83.26173400878906
v 30.081823348999023 -18.4969482421875 81.6436996459961
v 30.759431838989258 -17.41952133178711 80.41264343261719
v 33.36982345581055 -17.482940673828125 82.52049255371094
v 26.78704833984375 -19.214683532714844 81.12504577636719
v 30.55603790283203 -19.028221130371094 83.31160736083984
v 33.038665771484375 -18.402843475341797 84.0526351928711
v 34.78856658935547 -17.537843704223633 84.31904602050781
v 33.96780014038086 -16.697988510131836 81.97249603271484
v 34.894168853759766 -15.28170394897461 81.39093017578125
v 35.843624114990234 -15.993284225463867 83.2418212890625
v 26.211854934692383 -6.066681861877441 106.04519653320312
v 25.557024002075195 -6.816949844360352 109.124267578125
v 27.461889266967773 -7.713658332824707 111.17002868652344
v 27.09368133544922 -6.86702823638916 106.82942962646484
v 26.83979606628418 -7.7887773513793945 111.29265594482422
v 31.724592208862305 -3.9059810638427734 96.66813659667969
v 30.331501007080078 -4.12548828125 98.11459350585938
v 26.95155143737793 -5.432684898376465 103.68818664550781
v 32.2055778503418 -4.717719078063965 98.14948272705078
v 28.727628707885742 -5.60006046295166 102.5988540649414
v 27.334228515625 -6.0584716796875 104.72425842285156
v 34.5977897644043 -3.3076953887939453 92.08535766601562
v 34.34267807006836 -2.877094268798828 90.66270446777344
v 33.77897644042969 -2.5336198806762695 89.559326171875
v 24.339313507080078 -5.772157669067383 105.21868133544922
v 24.866275787353516 -5.8755998611450195 106.02323913574219
v 27.63398551940918 -7.823566436767578 110.33252716064453
v 28.054014205932617 -7.979653358459473 111.132568359375
v 27.438386917114258 -7.720945358276367 109.40339660644531
v 38.68860626220703 -8.581223487854004 85.93780517578125
v 38.977176666259766 -8.701495170593262 87.3590087890625
v 38.87752914428711 -10.274686813354492 85.95565795898438
v 38.757057189941406 -9.160419464111328 91.33673095703125
v 38.28150177001953 -10.969537734985352 93.00115203857422
v 39.06645965576172 -10.45150375366211 90.24288940429688
v 30.15119743347168 -7.6432600021362305 103.27051544189453
v 34.76250076293945 -8.186128616333008 98.46842956542969
v 35.8480339050293 -9.435856819152832 97.349853515625
v 36.86819839477539 -8.366948127746582 95.47895812988281
v 37.341697692871094 -10.176067352294922 95.04557800292969
v 38.207210540771484 -9.525548934936523 93.14051818847656
v 33.201419830322266 -7.418723106384277 99.97163391113281
v 28.807363510131836 -6.929525375366211 104.21688842773438
v 28.885456085205078 -8.002537727355957 104.99363708496094
v 32.752037048339844 -5.476812362670898 98.75381469726562
v 33.821868896484375 -5.764152526855469 97.90626525878906
v 27.96750831604004 -6.9422502517700195 105.32777404785156
v 38.620670318603516 -7.515803337097168 90.16899871826172
v 39.108741760253906 -9.096383094787598 89.1291275024414
v 36.80559539794922 -4.951183319091797 91.82736206054688
v 36.08827209472656 -4.33586311340332 92.20623779296875
v 36.74484634399414 -5.840400695800781 93.60765075683594
v 37.44514083862305 -5.101831436157227 89.57183837890625
v 37.92848587036133 -5.7335710525512695 88.77108764648438
v 38.18719482421875 -6.497693061828613 90.29593658447266
v 37.726837158203125 -7.435347557067871 93.14369201660156
v 38.492191314697266 -6.842912673950195 88.11317443847656
v 37.69266128540039 -5.775749206542969 86.3952865600586
v 38.31783676147461 -7.257607460021973 85.94908905029297
v 35.562538146972656 -4.9441022872924805 94.47152709960938
v 35.72816848754883 -6.4252424240112305 96.01998138427734
v 36.78825378417969 -6.845478057861328 94.63899230957031
v 36.27822494506836 -4.030871391296387 90.63818359375
v 34.44016647338867 -4.75117301940918 95.77994537353516
v 34.521751403808594 -3.843278408050537 93.78764343261719
v 39.15635299682617 -10.591275215148926 87.50473022460938
v 39.110382080078125 -11.866658210754395 88.37640380859375
v 38.77942657470703 -12.84177017211914 86.900390625
v 38.76310729980469 -13.384126663208008 88.15432739257812
v 38.780250549316406 -11.891697883605957 91.07452392578125
v 37.9112434387207 -15.278522491455078 87.91172790527344
v 33.65757369995117 -18.550207138061523 85.4164810180664
v 35.15616226196289 -17.873416900634766 86.06124877929688
v 36.474334716796875 -16.327421188354492 84.93025970458984
v 37.530418395996094 -13.766084671020508 83.80368041992188
v 37.957733154296875 -14.686498641967773 86.17249298095703
v 37.269962310791016 -15.447746276855469 85.29302978515625
v 38.548118591308594 -12.705284118652344 85.66102600097656
v 38.37211608886719 -11.863579750061035 84.59971618652344
v 36.66685485839844 -16.84904670715332 87.25802612304688
v 36.673118591308594 -14.97968864440918 83.33869934082031
v 23.289493560791016 -6.2342634201049805 105.20893096923828
v 23.645797729492188 -6.55998420715332 107.13053131103516
v 24.434650421142578 -6.856253623962402 108.67498779296875
v 26.07977867126465 -7.777181625366211 111.00849914550781
v 26.869455337524414 -4.898024559020996 96.25959777832031
v 26.1297550201416 -4.432738304138184 91.93901824951172
v 26.11159324645996 -5.621405601501465 93.91961669921875
v 23.175275802612305 -6.189827919006348 104.03350067138672
v 23.982601165771484 -5.808588027954102 101.32234191894531
v 22.859506607055664 -6.791704177856445 101.76278686523438
v 26.336332321166992 -5.446538925170898 95.48809051513672
v 23.592432022094727 -6.789344787597656 99.54041290283203
v 22.433834075927734 -7.502873420715332 101.6996841430664
v 22.519214630126953 -6.843528747558594 103.44148254394531
v 23.15475082397461 -7.81761360168457 99.22044372558594
v 24.97454261779785 -7.039023399353027 95.77142333984375
v 24.92076873779297 -5.271978378295898 101.27482604980469
v 25.505199432373047 -5.745475769042969 93.07452392578125
v 26.813629150390625 -8.17709732055664 111.56439971923828
v 27.597042083740234 -8.107623100280762 111.56624603271484
v 22.044692993164062 -10.069647789001465 101.3736572265625
v 22.36281967163086 -9.031834602355957 100.4473876953125
v 22.50125503540039 -10.841672897338867 100.33563232421875
v 24.312118530273438 -11.214702606201172 95.88646697998047
v 22.527938842773438 -11.601279258728027 101.03048706054688
v 24.478776931762695 -8.742646217346191 95.02720642089844
v 22.169069290161133 -8.239697456359863 101.5997314453125
v 21.86141014099121 -7.942812919616699 103.73518371582031
v 22.035865783691406 -8.011569023132324 106.21627044677734
v 22.302785873413086 -7.091565132141113 104.72425842285156
v 22.597206115722656 -7.056057929992676 106.1695785522461
v 22.7680721282959 -7.939220428466797 107.95108795166016
v 23.4186954498291 -7.351096153259277 108.33479309082031
v 21.725229263305664 -8.29265022277832 104.94889068603516
v 23.383392333984375 -8.234155654907227 109.20143127441406
v 23.97439193725586 -7.742084503173828 109.4977035522461
v 24.794544219970703 -7.413592338562012 109.86006164550781
v 24.3236141204834 -10.361093521118164 95.20166778564453
v 25.089069366455078 -5.435455322265625 92.43046569824219
v 24.752059936523438 -7.196239471435547 93.71047973632812
v 25.052228927612305 -7.184642791748047 94.4945068359375
v 24.802959442138672 -12.56304931640625 95.31681060791016
v 24.45045280456543 -12.447702407836914 96.86228942871094
v 24.30524253845215 -7.896735191345215 96.50352478027344
v 24.196977615356445 -5.398716926574707 92.01280212402344
v 25.667341232299805 -9.736126899719238 111.42893981933594
v 24.62819480895996 -9.324922561645508 110.78231811523438
v 24.174503326416016 -10.15102767944336 110.3828125
v 26.769912719726562 -8.79416275024414 111.764404296875
v 25.803213119506836 -8.80504035949707 111.39763641357422
v 27.38256072998047 -8.478395462036133 111.74922180175781
v 23.450714111328125 -12.911552429199219 100.64164733886719
v 22.531530380249023 -12.185504913330078 102.22828674316406
v 25.48211097717285 -13.867269515991211 96.65632629394531
v 22.660524368286133 -9.505845069885254 108.54342651367188
v 21.938581466674805 -10.21403694152832 106.82994079589844
v 22.804914474487305 -10.753827095031738 108.42550659179688
v 23.485502243041992 -10.671422958374023 109.49278259277344
v 22.185077667236328 -11.134861946105957 106.76488494873047
v 23.398271560668945 -9.785386085510254 109.64321899414062
v 22.17040252685547 -11.940238952636719 103.9289321899414
v 21.940324783325195 -11.393674850463867 105.30436706542969
v 25.0985107421875 -8.506000518798828 110.90690612792969
v 22.004568099975586 -8.864253044128418 106.96099853515625
v 23.287750244140625 -8.78359317779541 109.36172485351562
v 23.870742797851562 -9.009053230285645 110.09455108642578
v 21.805377960205078 -11.2188081741333 104.35420227050781
v 21.752527236938477 -10.890109062194824 103.45133209228516
v 21.802709579467773 -9.588044166564941 102.20539855957031
v 21.585153579711914 -9.423644065856934 103.416748046875
v 21.623430252075195 -10.41610050201416 105.24198150634766
v 21.557443618774414 -9.33313274383545 105.2381820678711
v 21.697214126586914 -9.456585884094238 106.13458251953125
v 27.829477310180664 -8.371053695678711 109.92143249511719
v 27.957345962524414 -8.25734806060791 111.46670532226562
v 28.05575942993164 -9.248880386352539 111.60627746582031
v 28.187938690185547 -8.175251007080078 110.97987365722656
v 28.28091049194336 -10.081449508666992 110.94107055664062
v 22.23885154724121 -18.861562728881836 86.66476440429688
v 22.48504066467285 -18.924365997314453 86.33351135253906
v 21.97234344482422 -18.748371124267578 87.12287902832031
v 22.596282958984375 -18.89470863342285 86.17167663574219
v 22.927135467529297 -18.958335876464844 85.66667175292969
v 23.45840835571289 -19.395606994628906 85.11436462402344
v 23.291648864746094 -19.002153396606445 85.15069580078125
v 23.517623901367188 -18.962438583374023 84.85688018798828
v 20.868852615356445 -20.392372131347656 87.05955505371094
v 24.372873306274414 -18.961515426635742 83.67273712158203
v 24.326488494873047 -19.165630340576172 83.77555847167969
v 23.93960189819336 -19.06126594543457 84.29759216308594
v 25.132375717163086 -18.938016891479492 82.45645904541016
v 25.65666961669922 -18.806352615356445 81.52865600585938
v 24.63589096069336 -18.958232879638672 83.27743530273438
v 25.665597915649414 -18.952178955078125 81.64256286621094
v 4.766984462738037 -21.530445098876953 108.21165466308594
v 4.5711822509765625 -25.042470932006836 106.47621154785156
v 5.009171962738037 -22.824199676513672 107.70110321044922
v 4.669186115264893 -25.48230743408203 106.10400390625
v 5.231142520904541 -23.745433807373047 106.86740112304688
v 4.818500518798828 -28.70001220703125 101.52337646484375
v 5.430434226989746 -25.682212829589844 104.34136962890625
v 5.623157978057861 -21.230792999267578 108.01277160644531
v 4.671341419219971 -19.088356018066406 108.7364501953125
v 2.9247188568115234 -20.217605590820312 107.29133605957031
v 4.341925144195557 -22.719013214111328 107.56892395019531
v 4.938260555267334 -28.25556182861328 88.54788208007812
v 5.752563953399658 -27.836759567260742 89.00475311279297
v 5.222625255584717 -28.494152069091797 88.87914276123047
v 3.2917966842651367 -28.727928161621094 88.67451477050781
v 3.1870203018188477 -28.37603759765625 88.6054458618164
v 4.05304479598999 -28.98468780517578 88.58287811279297
v 3.795464515686035 -29.472549438476562 89.0992660522461
v 4.382563591003418 -29.193008422851562 88.84435272216797
v 4.1117448806762695 -29.817768096923828 89.72413635253906
v 3.033292770385742 -28.788883209228516 88.9454345703125
v 3.385798454284668 -30.607749938964844 92.38768005371094
v 3.5948386192321777 -29.819515228271484 89.82613372802734
v 3.814551830291748 -30.339290618896484 90.98895263671875
v 4.2421770095825195 -28.501644134521484 88.42278289794922
v 1.7311251163482666 -27.12015151977539 89.56434631347656
v 2.4249510765075684 -27.986995697021484 89.02085876464844
v 1.6058239936828613 -27.5557804107666 89.8665771484375
v 2.6073098182678223 -29.60873031616211 91.53407287597656
v 3.6400952339172363 -28.304306030273438 88.46167755126953
v 2.5535359382629395 -27.770360946655273 88.90849304199219
v 20.25517463684082 -9.74556827545166 93.3330307006836
v 19.58115577697754 -15.276163101196289 92.38275146484375
v 20.06193733215332 -17.03048324584961 90.48609924316406
v 20.292631149291992 -17.36821174621582 90.04103088378906
v 19.2537899017334 -14.891536712646484 92.26668548583984
v 19.56894302368164 -15.99287223815918 91.49385070800781
v 19.573251724243164 -14.61866569519043 92.750244140625
v 19.845508575439453 -18.604290008544922 89.71222686767578
v 20.919342041015625 -18.136333465576172 88.83491516113281
v 20.75452995300293 -17.902254104614258 89.19244384765625
v 19.114534378051758 -13.949468612670898 92.68025207519531
v 19.07050895690918 -13.278631210327148 92.89340209960938
v 19.371498107910156 -12.915658950805664 93.14666748046875
v 20.0976505279541 -11.52739143371582 93.40896606445312
v 21.01601219177246 -18.154600143432617 88.72069549560547
v 21.313716888427734 -18.401714324951172 88.24114227294922
v 6.116871356964111 -22.316837310791016 105.97346496582031
v 7.123693466186523 -22.892953872680664 102.25784301757812
v 5.200459003448486 -20.927133560180664 108.50431823730469
v 6.745326995849609 -26.596574783325195 97.93366241455078
v 7.0693039894104 -25.274188995361328 99.19170379638672
v 4.899879455566406 -29.55392837524414 99.06568908691406
v -0.5096207857131958 -22.189481735229492 102.71553039550781
v 0.04802572727203369 -24.894489288330078 101.59613800048828
v 0.8750544786453247 -24.76559829711914 103.05480194091797
v 0.49371200799942017 -22.248592376708984 104.13058471679688
v 1.8803372383117676 -24.21359634399414 104.65159606933594
v 2.2039036750793457 -26.06601905822754 103.73621368408203
v 3.8527274131774902 -26.19337272644043 105.3780517578125
v 3.1329383850097656 -24.525976181030273 105.76740264892578
v 2.074087142944336 -28.19501495361328 101.2880630493164
v 3.6071534156799316 -28.519500732421875 103.06321716308594
v 3.9790544509887695 -27.749120712280273 104.13592529296875
v 4.369632720947266 -27.34048080444336 104.52496337890625
v 4.175267696380615 -28.895713806152344 102.68392944335938
v 4.4393134117126465 -28.115070343017578 103.49063110351562
v 3.7794556617736816 -29.357513427734375 102.0938491821289
v -0.0043114423751831055 -19.435216903686523 104.6624755859375
v 2.4313135147094727 -29.490406036376953 99.79450988769531
v 3.5184884071350098 -30.409488677978516 99.98774719238281
v -1.849039912223816 -22.77822494506836 93.48316192626953
v -0.12407100200653076 -25.529512405395508 91.46859741210938
v -1.303810954093933 -23.984540939331055 92.89391326904297
v -2.6713480949401855 -21.18132972717285 95.06959533691406
v -0.04166567325592041 -26.87078094482422 95.11947631835938
v -1.0204721689224243 -24.81711196899414 98.20941162109375
v 0.28918683528900146 -27.46588134765625 97.47802734375
v -0.030069351196289062 -25.862112045288086 91.51283264160156
v 1.3121205568313599 -28.53807830810547 93.24888610839844
v 1.3683573007583618 -29.03897476196289 95.49773406982422
v 1.3595317602157593 -28.881755828857422 97.84962463378906
v -0.2989382743835449 -25.610586166381836 99.86203002929688
v -0.164709210395813 -26.395126342773438 98.7340087890625
v 0.9334461688995361 -27.502622604370117 100.02796936035156
v -1.6457463502883911 -22.94283103942871 98.934326171875
v -0.7093228101730347 -24.129446029663086 100.71420288085938
v 2.2035956382751465 -29.68487548828125 93.28131103515625
v 2.3845179080963135 -30.218608856201172 96.07949829101562
v 3.1102590560913086 -30.88852310180664 95.45976257324219
v 2.546147346496582 -30.168941497802734 98.0860595703125
v 3.518795967102051 -31.001510620117188 94.13307189941406
v 4.210158824920654 -24.891307830810547 106.4532241821289
v 2.6984379291534424 -21.819019317626953 106.59730529785156
v 3.9114270210266113 -30.54043197631836 99.65689086914062
v 4.111026287078857 -30.048358917236328 100.64924621582031
v 4.174344062805176 -30.571937561035156 98.90374755859375
v 3.978644371032715 -31.00130844116211 97.35406494140625
v 4.4100661277771 -30.586200714111328 97.4401626586914
v 4.386463165283203 -30.62755584716797 93.861328125
v 5.426945209503174 -29.357818603515625 95.95194244384766
v 3.452092170715332 -31.001819610595703 97.6217041015625
v 4.230067729949951 -30.33570098876953 91.49446105957031
v 3.9098877906799316 -30.941787719726562 93.75060272216797
v 3.6172103881835938 -31.147441864013672 95.74443817138672
v 6.481588840484619 -27.321495056152344 90.10414123535156
v 6.664768695831299 -26.513349533081055 89.86770629882812
v 5.326273441314697 -28.960468292236328 90.45489501953125
v 7.3795294761657715 -26.058324813842773 91.28285217285156
v 8.441869735717773 -23.962684631347656 93.06888580322266
v 7.297637462615967 -26.3564395904541 94.13265991210938
v 7.460600852966309 -25.395898818969727 91.04651641845703
v 7.960881233215332 -24.519407272338867 91.856201171875
v 6.129288196563721 -28.19952392578125 91.94528198242188
v 7.187933921813965 -25.85492706298828 90.54736328125
v 6.019586086273193 -7.778720855712891 107.47338104248047
v 5.100505352020264 -7.813200950622559 107.42094421386719
v 5.5617899894714355 -10.196693420410156 108.35418701171875
v 3.0811142921447754 -9.301115036010742 107.24115753173828
v 4.561946392059326 -11.7102632522583 108.4775390625
v 3.2547502517700195 -7.1204023361206055 106.56661987304688
v 1.2757924795150757 -7.524218559265137 105.61911010742188
v 0.8837772607803345 -10.415176391601562 106.10040283203125
v 1.4927349090576172 -9.214090347290039 106.28594970703125
v 2.928413152694702 -11.78373908996582 107.71752166748047
v 2.194154739379883 -12.870811462402344 107.39498901367188
v 5.360548496246338 -19.774486541748047 108.84051513671875
v 6.288455009460449 -6.521090507507324 106.76786041259766
v 5.327709674835205 -4.654092788696289 105.93375396728516
v -0.26168668270111084 -5.004751205444336 103.15906524658203
v -1.1339715719223022 -5.827162742614746 102.44369506835938
v 0.49874061346054077 -5.817414283752441 104.32412719726562
v 0.08507227897644043 -8.009208679199219 104.80235290527344
v 1.4737498760223389 -3.0198416709899902 103.57684326171875
v 1.977622628211975 -6.114605903625488 105.51146697998047
v 2.5696475505828857 -3.882992744445801 104.71511840820312
v 8.32077693939209 -1.397904872894287 97.98015594482422
v 6.049038410186768 2.710659980773926 97.5947036743164
v 7.091469764709473 -0.4471144676208496 100.32720947265625
v 3.118776321411133 5.574010848999023 95.22999572753906
v 3.3109869956970215 5.6945929527282715 95.71159362792969
v 3.700026035308838 5.716142654418945 95.910888671875
v 3.671497344970703 -0.5609211921691895 102.96295166015625
v 2.5301382541656494 0.971733808517456 101.23860168457031
v 2.3982691764831543 -1.2317605018615723 102.93257141113281
v 5.484310626983643 -2.8580074310302734 104.82328033447266
v 4.656050205230713 -1.4760003089904785 103.86305236816406
v 6.5041656494140625 -2.813572406768799 104.04110717773438
v 5.809621810913086 -1.67570161819458 103.78341674804688
v 6.121899604797363 -4.0263566970825195 105.36686706542969
v 5.6573309898376465 0.7431955337524414 101.52593994140625
v 7.172644138336182 -3.0524749755859375 103.11833190917969
v 4.5196661949157715 -3.6061196327209473 105.2169418334961
v 5.426739692687988 -0.39754819869995117 102.89984130859375
v 6.647425651550293 -5.146883010864258 105.60905456542969
v 1.8633019924163818 4.332494258880615 95.01951599121094
v 2.533216953277588 4.702548027038574 96.84331512451172
v 2.87125301361084 5.396374702453613 95.80703735351562
v 3.382925033569336 5.511412620544434 96.50445556640625
v 3.2411017417907715 3.738006353378296 98.92909240722656
v 1.5426089763641357 2.5356898307800293 98.6592025756836
v 1.8624811172485352 1.7013745307922363 100.04829406738281
v 3.284203052520752 4.954997539520264 97.4097900390625
v 3.777505874633789 5.100926399230957 97.33927917480469
v 3.780276298522949 4.064138889312744 98.7559814453125
v 4.111128807067871 5.4445037841796875 96.30485534667969
v 4.4998602867126465 5.228894233703613 95.65402221679688
v 4.5830864906311035 4.468571662902832 97.64088439941406
v 4.127753734588623 1.5951611995697021 101.3182373046875
v 4.715776443481445 3.4702651500701904 99.11361694335938
v 5.460912704467773 2.181439161300659 99.95736694335938
v 4.962479114532471 2.2840611934661865 100.44534301757812
v 4.6522536277771 1.6085021495819092 101.31187438964844
v 0.7203007936477661 2.7831108570098877 95.85147094726562
v -0.43850409984588623 0.8531033992767334 96.51985168457031
v 0.6205524206161499 1.5675568580627441 98.3836669921875
v -1.3511191606521606 -0.9345674514770508 97.16441345214844
v -0.7585811614990234 -1.5931940078735352 99.72666931152344
v 0.5999255180358887 0.10622215270996094 100.2414321899414
v 0.8874717354774475 -1.6612329483032227 102.15829467773438
v -0.8491963148117065 -3.7303943634033203 101.55621337890625
v -1.7119373083114624 -5.277521133422852 101.13998413085938
v -2.6739134788513184 -3.912959098815918 97.37098693847656
v -3.4379324913024902 -6.293065071105957 97.65227508544922
v -3.4714903831481934 -6.883140563964844 98.16990661621094
v -2.619318962097168 -3.8256278038024902 97.62570190429688
v -3.7842812538146973 -7.874671936035156 97.4876708984375
v -4.0454535484313965 -9.341238975524902 97.56915283203125
v 19.274417877197266 -11.314963340759277 93.18115234375
v 19.280370712280273 -10.442883491516113 93.15969848632812
v 20.014116287231445 -8.628838539123535 93.08088684082031
v 10.006339073181152 -15.111043930053711 99.06117248535156
v 9.968881607055664 -12.811599731445312 99.99821472167969
v 8.203581809997559 -16.58582305908203 103.90902709960938
v 7.89099645614624 -9.016544342041016 105.359375
v 7.200351715087891 -11.166982650756836 107.38420867919922
v 7.1780829429626465 -14.245223999023438 107.45953369140625
v 9.412467002868652 -11.216241836547852 101.8206787109375
v 6.6433210372924805 -16.42881202697754 108.21072387695312
v 6.447518348693848 -14.904468536376953 108.86288452148438
v 6.187680244445801 -18.858074188232422 108.25177764892578
v 8.752506256103516 -18.508440017700195 101.0407485961914
v 7.431764125823975 -7.322669982910156 105.64323425292969
v 6.6104817390441895 -9.330155372619629 107.78350830078125
v 10.446996688842773 -10.879128456115723 98.51266479492188
v 6.744402885437012 -11.382591247558594 108.21421813964844
v 7.8937668800354 -3.021073341369629 101.4605712890625
v 7.53356409072876 -5.667893409729004 104.46513366699219
v 5.949289798736572 -17.63215446472168 109.06289672851562
v 5.518380641937256 -20.42849349975586 108.5516357421875
v 6.293585300445557 -10.847111701965332 108.49211120605469
v 5.954626083374023 -11.963430404663086 108.86051940917969
v 5.652507781982422 -13.479461669921875 109.12611389160156
v 5.590831756591797 -15.96937370300293 109.31954956054688
v 6.083518981933594 -14.390640258789062 109.1976318359375
v 4.390157222747803 -15.031923294067383 108.82809448242188
v 5.006401062011719 -17.874238967895508 109.06278991699219
v 5.787968635559082 -17.901947021484375 109.1318588256836
v 5.449829578399658 -17.698036193847656 109.21817016601562
v 3.141763687133789 -16.91431427001953 108.04540252685547
v 5.9880805015563965 -16.16671371459961 109.24134826660156
v 6.6757493019104 -6.892068862915039 106.63157653808594
v 8.616942405700684 -3.190398693084717 99.64212036132812
v 9.515191078186035 -5.282855987548828 98.95988464355469
v 9.882269859313965 -9.35776138305664 100.1658935546875
v 10.483940124511719 -9.513131141662598 98.06686401367188
v 10.220099449157715 -7.31682014465332 97.88440704345703
v 9.445818901062012 -7.972368240356445 100.98101806640625
v 8.650397300720215 -5.770720481872559 101.92955017089844
v 9.765382766723633 -5.309333801269531 97.95050048828125
v 9.04436206817627 -2.8708343505859375 97.4219970703125
v 9.293220520019531 -3.7035083770751953 97.26313781738281
v 9.411747932434082 -4.654605865478516 97.12202453613281
v 9.438531875610352 -4.952824592590332 97.15898132324219
v 9.157861709594727 -3.996185302734375 97.03849792480469
v 8.908285140991211 -3.3199076652526855 96.895751953125
v 10.427395820617676 -14.462167739868164 97.66049194335938
v 9.984582901000977 -18.197908401489258 96.30361938476562
v 9.856511116027832 -17.99163818359375 97.43769836425781
v 8.910748481750488 -19.809581756591797 99.38740539550781
v 8.584206581115723 -23.43644142150879 94.66023254394531
v 8.813772201538086 -21.888288497924805 97.08980560302734
v 9.389787673950195 -20.95022201538086 94.77517700195312
v 9.01224136352539 -21.6929988861084 93.96159362792969
v 9.238317489624023 -20.77689552307129 94.49727630615234
v 9.572761535644531 -19.86715316772461 95.14728546142578
v 8.629359245300293 -22.968074798583984 93.07421875
v 8.827831268310547 -22.33284568786621 93.52216339111328
v 10.4664945602417 -12.450883865356445 97.26026153564453
v 10.2964506149292 -7.89786434173584 97.61410522460938
v 10.448945999145508 -9.84901237487793 97.3941879272461
v -1.6118813753128052 -20.669757843017578 101.49853515625
v -0.6604747772216797 -19.43952751159668 103.79737091064453
v -2.6833548545837402 -20.94560432434082 94.61764526367188
v -3.6486153602600098 -17.24393653869629 96.12773132324219
v -3.0327820777893066 -19.573244094848633 95.15446472167969
v -3.5253663063049316 -18.318077087402344 96.05692291259766
v -3.1885619163513184 -17.773874282836914 95.711181640625
v -3.1521315574645996 -18.20529556274414 95.54576110839844
v -2.992349147796631 -18.63681983947754 95.38362121582031
v -2.8605828285217285 -19.158447265625 95.12019348144531
v -2.7233777046203613 -19.613677978515625 94.92274475097656
v -2.3871889114379883 -20.95258331298828 94.32044982910156
v -2.5276780128479004 -20.27466583251953 94.5943603515625
v -4.181427478790283 -13.75859260559082 97.39459228515625
v -4.167470932006836 -13.967018127441406 97.09329986572266
v -3.9864463806152344 -15.780344009399414 96.99847412109375
v -3.6579537391662598 -15.744119644165039 96.31018829345703
v -3.5582056045532227 -16.074459075927734 96.22860717773438
v -3.4812393188476562 -16.633543014526367 96.12095642089844
v -3.758112907409668 -14.948698043823242 96.57454681396484
v -3.6494364738464355 -15.338865280151367 96.43559265136719
v -2.3690247535705566 -17.685619354248047 101.23686218261719
v -2.1542367935180664 -19.73846435546875 100.6662826538086
v -0.732617974281311 -17.513832092285156 104.27456665039062
v -2.0764498710632324 -15.837812423706055 102.49366760253906
v -0.3302379846572876 -10.311734199523926 104.95474243164062
v -0.3401923179626465 -12.910322189331055 105.21796417236328
v 1.0102072954177856 -13.136398315429688 106.51736450195312
v 0.285492479801178 -15.072664260864258 105.81922912597656
v 1.6649341583251953 -16.436302185058594 106.96212768554688
v -2.2981128692626953 -13.524511337280273 102.36990356445312
v -2.69649076461792 -10.314915657043457 101.31310272216797
v -3.952272891998291 -12.438159942626953 98.45181274414062
v -1.5154167413711548 -10.597227096557617 103.50910949707031
v -1.4432734251022339 -13.518766403198242 103.82878112792969
v -0.5419467687606812 -15.023714065551758 104.91954040527344
v -3.980802059173584 -9.29475212097168 98.01299285888672
v -2.3860597610473633 -8.254782676696777 101.35322570800781
v 8.286602973937988 -23.80280113220215 92.45150756835938
v -19.207202911376953 -13.239225387573242 16.34023666381836
v -20.23229217529297 -14.972301483154297 15.84878158569336
v -19.177236557006836 -14.504138946533203 16.57000732421875
v -20.496952056884766 -14.414447784423828 15.26116943359375
v -21.15024185180664 -16.32505989074707 14.858482360839844
v -20.427989959716797 -17.252349853515625 14.728767395019531
v -20.16507339477539 -16.33173179626465 15.715576171875
v -20.501571655273438 -15.673309326171875 15.656879425048828
v -19.71230697631836 -16.953720092773438 15.400222778320312
v -19.057476043701172 -15.551292419433594 16.471797943115234
v -18.88168716430664 -16.458572387695312 15.908817291259766
v -18.358007431030273 -16.13315773010254 16.088504791259766
v -19.836273193359375 -17.449487686157227 14.735233306884766
v -21.479660034179688 -16.137365341186523 14.133255004882812
v -21.54585075378418 -16.266565322875977 13.02093505859375
v -21.355588912963867 -16.88219451904297 13.873210906982422
v -21.34953498840332 -16.69449806213379 14.302474975585938
v -14.045122146606445 -22.642045974731445 14.331314086914062
v -13.454532623291016 -23.699459075927734 13.939605712890625
v -13.22753620147705 -23.63603973388672 14.5020751953125
v -12.359663009643555 -21.23140525817871 16.338184356689453
v -12.4690580368042 -22.056793212890625 16.110774993896484
v -11.940864562988281 -21.383493423461914 16.544658660888672
v -13.265812873840332 -21.865406036376953 15.559284210205078
v -13.053898811340332 -22.969820022583008 15.316585540771484
v -12.664860725402832 -23.28055763244629 15.251419067382812
v -11.025785446166992 -21.33043670654297 16.766937255859375
v -11.661629676818848 -22.55133056640625 15.989578247070312
v -9.985200881958008 -21.302318572998047 16.669239044189453
v -12.229948043823242 -23.43746566772461 15.05941390991211
v -12.96092414855957 -24.011428833007812 13.593666076660156
v -11.819154739379883 -23.53228759765625 14.461540222167969
v -10.841270446777344 -22.892545700073242 15.170246124267578
v -8.388815879821777 -21.301599502563477 15.781051635742188
v -13.586504936218262 -22.779455184936523 14.926521301269531
v -13.849114418029785 -22.05392074584961 14.794342041015625
v 6.701507091522217 2.1084749698638916 95.52903747558594
v 6.493903636932373 2.5741727352142334 95.63565063476562
v 7.077513694763184 1.5095748901367188 96.43364715576172
v 3.452092170715332 5.575859069824219 94.92192077636719
v 2.539989948272705 5.049102783203125 94.91668701171875
v 2.4341869354248047 4.261582374572754 94.40142822265625
v 3.4198689460754395 5.240286350250244 94.53236389160156
v 3.994140148162842 5.176352500915527 94.53114318847656
v 3.949807643890381 5.51131010055542 94.91997528076172
v 4.589038372039795 5.04284143447876 94.85398864746094
v 4.4122209548950195 4.698444366455078 94.39906311035156
v 5.043242454528809 4.29770565032959 94.5903549194336
v 3.543220043182373 4.605365753173828 94.22573852539062
v 7.794018745422363 0.04742002487182617 96.30557250976562
v 4.741842269897461 4.00215482711792 94.34220886230469
v 5.853338241577148 2.574070692062378 94.82022857666016
v 7.529356956481934 -0.0831146240234375 95.97410583496094
v 7.367522239685059 0.2746241092681885 95.87188720703125
v 6.541828155517578 1.5956745147705078 95.31343078613281
v 6.930149078369141 0.9597272872924805 95.57460021972656
v 8.0188627243042 -1.0393438339233398 96.33512878417969
v 8.326112747192383 -1.6990995407104492 96.53800964355469
v 8.246991157531738 -1.6474814414978027 96.5047607421875
v 27.45511817932129 -2.9161934852600098 90.17310333251953
v 22.49797248840332 -3.1008100509643555 88.68827056884766
v 22.91954231262207 -2.7177228927612305 87.87447357177734
v 21.539587020874023 -4.037849426269531 90.11460876464844
v 20.492433547973633 -3.171618938446045 90.84424591064453
v 20.87326431274414 -4.966062545776367 91.12635803222656
v 32.98765563964844 -2.5163793563842773 90.58399963378906
v 31.625768661499023 -2.225036144256592 89.49067687988281
v 29.424121856689453 -2.159872055053711 88.69483184814453
v 27.859546661376953 -1.945289134979248 86.50149536132812
v 30.79319953918457 -1.985414981842041 86.51176452636719
v 23.559492111206055 -4.032308578491211 90.49707794189453
v 23.373746871948242 -5.009574890136719 91.47496032714844
v 19.807640075683594 -7.530170440673828 92.64259338378906
v 17.72123908996582 -8.264121055603027 94.2266616821289
v 19.551803588867188 -8.661165237426758 92.95291900634766
v 19.93222427368164 -7.021679878234863 92.45674133300781
v 21.716712951660156 -6.2744903564453125 92.18540954589844
v 8.747682571411133 -2.7491254806518555 96.75444030761719
v 32.88421630859375 -2.236837863922119 87.41421508789062
v 20.467191696166992 -5.82511043548584 91.76866912841797
v 25.26311492919922 -18.47539710998535 16.46902847290039
v 25.55415153503418 -17.91179847717285 16.11046600341797
v 25.707056045532227 -17.775413513183594 16.290874481201172
v 25.780738830566406 -17.153526306152344 15.287647247314453
v 25.793771743774414 -17.31792640686035 16.09353256225586
v 26.406017303466797 -17.98886489868164 14.974239349365234
v 25.81819725036621 -16.853973388671875 14.71542739868164
v 25.794593811035156 -16.836013793945312 15.353424072265625
v 26.806137084960938 -19.426393508911133 15.25357437133789
v 26.245101928710938 -19.35476303100586 15.87741470336914
v 26.408477783203125 -17.654422760009766 14.267993927001953
v 27.535263061523438 -20.499507904052734 14.14505386352539
v 27.065977096557617 -20.179636001586914 15.051513671875
v 27.529726028442383 -20.610647201538086 12.626663208007812
v 27.66046142578125 -20.78725814819336 13.51772689819336
v 25.873920440673828 -16.7114315032959 13.840370178222656
v 26.280200958251953 -17.58176612854004 13.019397735595703
v 26.838769912719727 -18.981220245361328 12.559547424316406
v 21.091026306152344 -23.08793830871582 15.449684143066406
v 21.24803924560547 -23.68653106689453 14.70721435546875
v 21.957670211791992 -23.06494903564453 14.825435638427734
v 21.810407638549805 -22.52228546142578 15.32376480102539
v 21.315872192382812 -22.256290435791016 15.815425872802734
v 19.38422203063965 -22.747438430786133 15.553848266601562
v 20.47498893737793 -22.86545181274414 15.737232208251953
v 26.44152069091797 -18.38919448852539 12.493766784667969
v 25.369123458862305 -16.815080642700195 12.633026123046875
v 25.803625106811523 -15.837709426879883 12.365489959716797
v 25.694948196411133 -16.29694366455078 12.589820861816406
v 27.135040283203125 -20.608901977539062 12.163223266601562
v 27.458913803100586 -20.936267852783203 12.368980407714844
v -18.901493072509766 -12.089143753051758 59.57653045654297
v -20.70065689086914 -11.871994018554688 56.40418243408203
v -18.914936065673828 -12.906421661376953 58.96305465698242
v -17.803234100341797 -13.676803588867188 61.079524993896484
v -17.211517333984375 -14.508655548095703 60.598026275634766
v -20.823287963867188 -11.534061431884766 56.37565612792969
v -20.756277084350586 -9.888007164001465 56.56786346435547
v -20.757408142089844 -9.685022354125977 56.36846923828125
v -20.524866104125977 -9.392242431640625 56.661964416503906
v -20.49500274658203 -9.356735229492188 56.43394088745117
v -18.91678237915039 -9.522058486938477 59.474212646484375
v -17.72883415222168 -8.105673789978027 60.71296310424805
v -20.759458541870117 -10.168371200561523 56.170616149902344
v -20.28924560546875 -9.624578475952148 56.04397964477539
v -20.329063415527344 -10.13081169128418 55.932945251464844
v -18.341997146606445 -12.462581634521484 108.45055389404297
v -17.756643295288086 -13.071950912475586 106.34321594238281
v -17.696096420288086 -11.826122283935547 109.00203704833984
v -19.80887222290039 -11.956759452819824 110.16012573242188
v -19.275548934936523 -11.663467407226562 110.40220642089844
v -17.73817253112793 -11.256264686584473 109.65060424804688
v -16.879226684570312 -12.219676971435547 107.23263549804688
v -16.118595123291016 -11.512408256530762 106.83795166015625
v -16.480850219726562 -11.067646026611328 108.07884979248047
v -18.495725631713867 -13.44169807434082 105.67996215820312
v -17.112485885620117 -13.267343521118164 103.71804809570312
v -16.522310256958008 -12.736068725585938 103.09605407714844
v -16.621030807495117 -12.670186996459961 105.39796447753906
v -16.233121871948242 -12.104124069213867 101.99215698242188
v -15.820375442504883 -11.861527442932129 104.36250305175781
v -15.428977966308594 -10.80113697052002 105.30714416503906
v -15.493423461914062 -11.134758949279785 103.93128967285156
v -18.13111114501953 -13.673519134521484 104.44686889648438
v -18.578847885131836 -14.098783493041992 102.6630859375
v -19.90667152404785 -14.644424438476562 96.25015258789062
v -17.302438735961914 -12.877994537353516 99.98681640625
v -18.234142303466797 -13.981075286865234 101.62199401855469
v -16.578649520874023 -11.793079376220703 100.2162857055664
v -15.689739227294922 -10.614261627197266 101.89004516601562
v -15.327690124511719 -10.541913986206055 103.9965591430664
v -15.331178665161133 -9.423644065856934 105.67822265625
v -15.862554550170898 -10.313682556152344 107.29995727539062
v -15.674139022827148 -9.678556442260742 106.98110961914062
v -15.668598175048828 -8.906124114990234 106.76724243164062
v -17.999753952026367 -10.456430435180664 110.32596588134766
v -19.92976188659668 -11.046915054321289 111.27203369140625
v -16.990365982055664 -10.574137687683105 109.21415710449219
v -16.823503494262695 -9.883800506591797 109.18881225585938
v -20.620201110839844 -15.143474578857422 98.21464538574219
v -21.3878116607666 -12.692867279052734 105.37661743164062
v -20.972501754760742 -13.734989166259766 104.03473663330078
v -20.52589225769043 -12.747255325317383 106.42951965332031
v -20.78542137145996 -12.124238967895508 107.76883697509766
v -21.154756546020508 -12.185811996459961 106.57749938964844
v -21.809175491333008 -14.937614440917969 100.938232421875
v -21.874238967895508 -11.396753311157227 110.96785736083984
v -21.38935089111328 -11.534472465515137 110.2289810180664
v -21.482839584350586 -11.529340744018555 111.0416488647461
v -21.1842098236084 -11.330049514770508 111.40113067626953
v -20.3514347076416 -11.627755165100098 110.88423156738281
v -21.204015731811523 -11.571517944335938 109.35197448730469
v -22.071990966796875 -11.133219718933105 111.10466003417969
v -22.204374313354492 -10.67624568939209 111.1068115234375
v -22.14136505126953 -11.012229919433594 110.769287109375
v -21.730260848999023 -11.095865249633789 111.46916961669922
v -21.359283447265625 -10.829357147216797 111.69831848144531
v -20.924270629882812 -10.30988597869873 111.82896423339844
v -20.293350219726562 -10.152669906616211 111.69853210449219
v -21.28293228149414 -10.147231101989746 111.8675537109375
v -18.98194694519043 -10.604923248291016 110.97309875488281
v -22.720048904418945 -16.02212142944336 97.51414489746094
v -12.698724746704102 -16.691316604614258 91.05369567871094
v -12.372797966003418 -15.917036056518555 91.3395004272461
v -12.183257102966309 -15.316186904907227 91.76959228515625
v -12.331134796142578 -15.424861907958984 92.07530212402344
v -11.426011085510254 -15.676797866821289 92.26832580566406
v -18.711027145385742 -7.30953311920166 94.82341003417969
v -16.805749893188477 -7.9664154052734375 99.25482177734375
v -18.12433624267578 -8.715760231018066 95.46612548828125
v -17.97358512878418 -10.0568208694458 94.59322357177734
v -18.002729415893555 -10.76326847076416 95.53067016601562
v -18.004987716674805 -8.978778839111328 94.25354766845703
v -18.194429397583008 -12.319116592407227 94.48814392089844
v -17.71426010131836 -10.548070907592773 94.11603546142578
v -14.482291221618652 -13.655048370361328 92.99150848388672
v -15.362171173095703 -11.978926658630371 93.33509063720703
v -16.92848777770996 -12.889591217041016 93.40609741210938
v -15.953374862670898 -7.3253374099731445 105.25901794433594
v -16.12126350402832 -7.569474220275879 106.5587158203125
v -15.626216888427734 -8.044407844543457 105.5737533569336
v -16.21895980834961 -8.276333808898926 107.6485595703125
v -17.618515014648438 -7.897043228149414 109.46599578857422
v -18.84669303894043 -8.499330520629883 110.84379577636719
v -18.026025772094727 -8.60041332244873 110.28358459472656
v -16.808521270751953 -8.401531219482422 108.80449676513672
v -16.868759155273438 -7.507697105407715 108.02445983886719
v -17.748537063598633 -7.023322105407715 108.52166748046875
v -18.55011558532715 -7.267765998840332 109.606689453125
v -17.051734924316406 -9.28787612915039 109.47923278808594
v -17.84520721435547 -9.291980743408203 110.30595397949219
v -18.33112144470215 -9.927721977233887 110.69407653808594
v -16.556379318237305 -9.423644065856934 108.78612518310547
v -22.79054832458496 -8.374645233154297 105.09902954101562
v -26.61864471435547 -6.994484901428223 100.23332214355469
v -26.017902374267578 -8.640640258789062 101.630615234375
v -21.873828887939453 -8.373619079589844 111.49944305419922
v -22.007341384887695 -7.844090461730957 110.91131591796875
v -22.203245162963867 -8.705188751220703 111.16961669921875
v -19.503368377685547 -9.269096374511719 111.40472412109375
v -20.109657287597656 -8.041329383850098 111.27059936523438
v -19.90708351135254 -9.323691368103027 111.59088134765625
v -22.203962326049805 -8.37064266204834 110.710693359375
v -22.076507568359375 -7.970109939575195 110.70299530029297
v -21.84499168395996 -8.321487426757812 110.05339813232422
v -22.00713348388672 -9.477316856384277 111.56665802001953
v -21.5436954498291 -8.306709289550781 111.63131713867188
v -21.41449546813965 -9.193361282348633 111.85636138916016
v -20.92108726501465 -8.798576354980469 111.80494689941406
v -20.721078872680664 -7.9425048828125 111.40225219726562
v -15.32789421081543 -8.757526397705078 104.070556640625
v -21.62527847290039 -11.30613899230957 107.02574920654297
v -22.987070083618164 -11.236252784729004 104.71306610107422
v -21.74873161315918 -11.01202392578125 110.09249877929688
v -21.544925689697266 -11.099149703979492 109.378662109375
v -22.99066162109375 -6.999513626098633 103.8966064453125
v -23.170557022094727 -9.283771514892578 104.83856964111328
v -22.696548461914062 -9.573575019836426 105.56831359863281
v -22.115707397460938 -10.1965913772583 106.66677856445312
v -22.14546775817871 -8.509387969970703 106.32115173339844
v -22.02735137939453 -9.25667953491211 107.07049560546875
v -21.15167999267578 -7.252270698547363 107.29133605957031
v -21.866336822509766 -8.413128852844238 107.05027770996094
v -21.146753311157227 -7.429600715637207 108.14422607421875
v -21.758892059326172 -8.590253829956055 108.21102905273438
v -21.866029739379883 -10.080628395080566 109.52705383300781
v -21.874958038330078 -9.351810455322266 108.26058959960938
v -21.8083553314209 -10.309270858764648 108.08767700195312
v -21.605165481567383 -7.8662567138671875 110.00167846679688
v -22.614654541015625 -13.1546630859375 103.58802795410156
v -4.436545372009277 -18.36661720275879 94.9859619140625
v -3.4524025917053223 -16.5252742767334 96.106689453125
v -18.99652099609375 -13.79184341430664 97.02977752685547
v -18.264415740966797 -12.153589248657227 95.85157775878906
v -18.406444549560547 -12.48536491394043 94.9788818359375
v -15.312808990478516 -9.916126251220703 103.34039306640625
v -15.790307998657227 -8.158626556396484 102.11129760742188
v -15.687685012817383 -9.415229797363281 101.58885192871094
v -16.527748107910156 -10.147231101989746 99.19940185546875
v -14.669370651245117 -15.178262710571289 92.36489868164062
v -14.589120864868164 -16.385608673095703 91.59646606445312
v -13.142460823059082 -15.737138748168945 92.1956787109375
v -18.114177703857422 -16.49428367614746 92.11367797851562
v -15.518360137939453 -18.137155532836914 89.83969116210938
v -19.140087127685547 -13.774600982666016 95.78559112548828
v -18.377609252929688 -13.618925094604492 93.9970932006836
v -17.93243408203125 -14.529897689819336 93.24210357666016
v -19.330963134765625 -14.964193344116211 93.94209289550781
v -17.599531173706055 -12.34005355834961 93.80416870117188
v -16.190942764282227 -14.670900344848633 92.73381805419922
v -19.88409423828125 -15.072870254516602 94.56593322753906
v -20.68988037109375 -15.352924346923828 95.91212463378906
v -22.160348892211914 -17.202476501464844 93.4607925415039
v -20.854999542236328 -16.12238121032715 94.1555404663086
v -20.05927085876465 -15.983842849731445 93.52226257324219
v -19.276473999023438 -15.750789642333984 93.18135833740234
v -12.666502952575684 -14.48269271850586 92.81438446044922
v -21.20380973815918 -17.490022659301758 92.349609375
v -20.908260345458984 -18.46841812133789 90.72520446777344
v -15.823762893676758 -7.517958641052246 103.4192123413086
v -16.858291625976562 -7.03809928894043 100.33163452148438
v -16.569515228271484 -6.552801132202148 102.88783264160156
v -16.38284683227539 -6.698524475097656 104.73974609375
v -19.376937866210938 -6.048826217651367 95.8008804321289
v -17.436668395996094 -6.235288619995117 100.52127075195312
v -19.3678035736084 -11.922483444213867 15.206779479980469
v -20.687314987182617 -14.365907669067383 14.71368408203125
v 36.01274490356445 -19.51618766784668 49.74803161621094
v 35.11849594116211 -19.06126594543457 51.26621627807617
v 36.93818664550781 -22.777816772460938 52.374942779541016
v 37.011558532714844 -22.360761642456055 51.50132369995117
v 34.799957275390625 -18.732362747192383 51.46950912475586
v 35.683326721191406 -24.60643196105957 54.198734283447266
v 35.32866287231445 -25.409652709960938 54.33245086669922
v 36.016746520996094 -25.5402889251709 54.00283432006836
v 36.47844314575195 -24.220983505249023 53.67485046386719
v 35.925724029541016 -22.869455337524414 53.57900619506836
v 36.5096321105957 -22.78797149658203 53.08097839355469
v 36.7801513671875 -25.659229278564453 53.17775344848633
v 37.20305633544922 -24.75184440612793 52.60173797607422
v 37.1343994140625 -23.888076782226562 52.647300720214844
v 37.27212142944336 -23.488983154296875 51.906986236572266
v 37.14989471435547 -25.8533878326416 51.89775085449219
v 37.20028305053711 -24.943031311035156 51.04475784301758
v 37.356163024902344 -24.727113723754883 51.83197021484375
v 37.32917404174805 -24.063255310058594 51.34441375732422
v 35.107418060302734 -22.14802360534668 53.50994110107422
v 34.96446228027344 -24.122879028320312 54.20161056518555
v 36.31301498413086 -25.92624855041504 53.640987396240234
v 36.54555892944336 -26.433507919311523 53.05265808105469
v 35.42205047607422 -27.084543228149414 53.70512771606445
v 35.840850830078125 -27.338838577270508 53.12028503417969
v 36.5771598815918 -26.95708465576172 52.279090881347656
v 36.70420837402344 -26.787961959838867 51.534576416015625
v 37.005096435546875 -26.07084083557129 52.362937927246094
v 35.401832580566406 -28.24478530883789 52.08575439453125
v 35.68763732910156 -27.843429565429688 52.58788299560547
v 34.38813781738281 -28.74803924560547 52.43980026245117
v 34.57305908203125 -28.042720794677734 53.346771240234375
v 34.47043991088867 -28.652706146240234 50.907554626464844
v 31.33237075805664 -29.646595001220703 49.58979034423828
v 35.4229736328125 -27.381118774414062 50.51738739013672
v 30.052371978759766 -28.435863494873047 49.391624450683594
v 30.688318252563477 -28.96221160888672 49.22496795654297
v 30.346586227416992 -29.14569854736328 49.316917419433594
v 30.754098892211914 -29.755172729492188 49.460689544677734
v 34.23368835449219 -26.95626449584961 49.98939895629883
v 35.36776351928711 -26.06047821044922 50.12260055541992
v 36.063026428222656 -24.435155868530273 49.812477111816406
v 36.641510009765625 -25.90141487121582 50.6484375
v 36.732940673828125 -23.269372940063477 49.968563079833984
v 32.02588653564453 -27.63254165649414 49.49311828613281
v 36.479671478271484 -26.66307258605957 50.908477783203125
v 35.36150360107422 -24.972482681274414 49.8638916015625
v 34.31486511230469 -25.607093811035156 50.160057067871094
v 34.612674713134766 -25.130828857421875 49.98847579956055
v 35.94573211669922 -27.3110294342041 50.85049819946289
v 34.421695709228516 -25.475433349609375 54.415679931640625
v 34.388858795166016 -23.41960906982422 53.814727783203125
v 33.73854064941406 -24.046733856201172 53.638214111328125
v 33.11993408203125 -25.467016220092773 53.84038162231445
v 33.21208953857422 -24.28891944885254 53.12254333496094
v 31.75681495666504 -25.943592071533203 52.486698150634766
v 33.66947937011719 -26.018198013305664 54.267494201660156
v 32.28408432006836 -27.28465461730957 53.54944610595703
v 29.4340763092041 -28.29065704345703 51.510250091552734
v 29.601654052734375 -27.570661544799805 50.98000717163086
v 29.68303871154785 -28.80181121826172 51.91642761230469
v 35.45848083496094 -26.923837661743164 49.85814666748047
v 35.54632568359375 -27.862106323242188 49.93018341064453
v 36.411739349365234 -26.725467681884766 50.02849578857422
v 34.61698532104492 -25.837278366088867 48.46772384643555
v 34.40896987915039 -26.103885650634766 48.265865325927734
v 32.13641357421875 -28.404052734375 48.08094024658203
v 35.74602508544922 -25.441669464111328 49.493629455566406
v 33.65141296386719 -28.081924438476562 49.19890594482422
v 37.14702224731445 -23.295028686523438 49.13373947143555
v 37.10884475708008 -26.79124641418457 49.92628479003906
v 36.37335205078125 -24.167211532592773 49.531394958496094
v 36.10551452636719 -24.342182159423828 49.65043640136719
v 35.08001708984375 -24.989517211914062 49.62796401977539
v 35.22624969482422 -25.37681007385254 49.2198371887207
v 34.370689392089844 -25.70879364013672 48.11377716064453
v 34.39911651611328 -25.899877548217773 47.57778549194336
v 33.59363555908203 -30.151596069335938 45.64613723754883
v 37.004173278808594 -27.77846908569336 45.8453254699707
v 37.01166534423828 -28.31241226196289 46.03886795043945
v 35.907142639160156 -29.540176391601562 46.238059997558594
v 38.1566162109375 -27.681594848632812 46.56706237792969
v 37.31275177001953 -28.693241119384766 46.56142044067383
v 38.0903205871582 -26.9727840423584 46.10783386230469
v 38.21305847167969 -25.639934539794922 45.95020294189453
v 38.41778564453125 -26.54731559753418 46.27376937866211
v 38.625186920166016 -26.83229637145996 46.766357421875
v 35.7437744140625 -27.232524871826172 45.713661193847656
v 37.078269958496094 -26.255149841308594 45.623252868652344
v 33.385623931884766 -29.027992248535156 45.48255920410156
v 36.81565475463867 -25.123029708862305 45.296504974365234
v 32.945587158203125 -30.277618408203125 45.63536071777344
v 32.46490478515625 -29.485889434814453 45.648292541503906
v 32.760353088378906 -30.985912322998047 46.12394714355469
v 33.274383544921875 -31.044509887695312 46.13954162597656
v 32.67014694213867 -31.126502990722656 46.38182830810547
v 33.11521911621094 -31.33216094970703 46.97683334350586
v 35.015262603759766 -23.555686950683594 43.675079345703125
v 35.22624969482422 -23.303546905517578 43.80612564086914
v 34.980159759521484 -24.719932556152344 44.04359436035156
v 38.023414611816406 -24.555429458618164 45.87847137451172
v 35.86896896362305 -25.449670791625977 45.33755111694336
v 35.74705123901367 -22.771554946899414 44.2014274597168
v 38.57838439941406 -25.409652709960938 46.396095275878906
v 37.9924201965332 -26.993927001953125 49.268375396728516
v 37.22255325317383 -28.063247680664062 49.43482971191406
v 37.532676696777344 -28.216869354248047 48.97364807128906
v 38.352413177490234 -26.997108459472656 48.72335433959961
v 38.08816909790039 -27.940715789794922 48.3090705871582
v 38.57377243041992 -26.380041122436523 48.54499816894531
v 38.2532844543457 -27.908798217773438 47.61380386352539
v 38.65648651123047 -26.93019676208496 47.89191436767578
v 38.689117431640625 -24.83404541015625 47.81904983520508
v 38.44949722290039 -25.037750244140625 48.67111587524414
v 38.77716827392578 -25.853797912597656 46.84547805786133
v 38.80251693725586 -26.462242126464844 47.26807403564453
v 38.753875732421875 -25.105377197265625 47.078941345214844
v 38.84315490722656 -25.801565170288086 47.509029388427734
v 38.04208755493164 -25.935997009277344 49.374900817871094
v 38.055946350097656 -23.305395126342773 46.76810073852539
v 36.688812255859375 -20.442859649658203 47.49014663696289
v 38.21120834350586 -23.508174896240234 47.786109924316406
v 38.12254333496094 -23.961658477783203 46.23970031738281
v 35.156978607177734 -23.649276733398438 56.52312088012695
v 34.9932975769043 -21.29800796508789 53.5424690246582
v 35.261966705322266 -23.269577026367188 56.79270935058594
v 35.0377311706543 -21.457584381103516 55.24465560913086
v 35.21506118774414 -22.374303817749023 55.71702575683594
v 33.1827392578125 -27.35474395751953 53.90585708618164
v 30.097623825073242 -29.61888885498047 51.996063232421875
v 33.43488693237305 -28.5367431640625 53.198997497558594
v 34.265403747558594 -19.5629825592041 53.261287689208984
v 34.286128997802734 -18.81856346130371 52.23763656616211
v 33.70806121826172 -19.061674118041992 53.37150573730469
v 35.17073440551758 -21.355064392089844 53.18873596191406
v 34.76866149902344 -20.46974754333496 53.61882019042969
v 34.7158088684082 -22.665443420410156 53.9700927734375
v 35.10300064086914 -26.206716537475586 54.268314361572266
v 33.852352142333984 -28.733978271484375 52.854496002197266
v 34.07637023925781 -27.211584091186523 54.065330505371094
v 34.63001251220703 -27.61376190185547 53.70718002319336
v 30.375835418701172 -30.23739242553711 51.64417266845703
v 34.05708312988281 -20.572368621826172 56.12228012084961
v 34.96261215209961 -22.035961151123047 56.96367263793945
v 35.16323471069336 -22.280302047729492 56.61373519897461
v 33.60328674316406 -19.258708953857422 53.90431594848633
v 35.19997787475586 -23.337411880493164 57.57191467285156
v 35.03208923339844 -24.494571685791016 57.873008728027344
v 32.14441680908203 -26.146169662475586 59.419925689697266
v 33.40450668334961 -25.526948928833008 59.431419372558594
v 32.349449157714844 -24.98746681213379 59.875362396240234
v 31.938251495361328 -23.337411880493164 59.89670944213867
v 32.85927963256836 -24.324222564697266 59.894657135009766
v 32.95697784423828 -22.844825744628906 59.594486236572266
v 32.86143112182617 -23.302520751953125 59.79275131225586
v 33.78862380981445 -23.598785400390625 59.4947395324707
v 33.84804153442383 -24.639476776123047 59.49791717529297
v 34.27525329589844 -23.23550796508789 59.037044525146484
v 34.53755569458008 -22.736047744750977 58.47724151611328
v 33.7142219543457 -22.05474090576172 58.67366027832031
v 34.67373275756836 -23.967304229736328 58.84463119506836
v 34.77163314819336 -23.331871032714844 58.53214645385742
v 34.843570709228516 -24.285430908203125 58.6044921875
v 34.044254302978516 -25.435407638549805 59.102108001708984
v 34.540225982666016 -24.61412811279297 58.973419189453125
v 31.472143173217773 -25.67441749572754 59.661190032958984
v 31.022558212280273 -23.814908981323242 59.78977584838867
v 30.157758712768555 -24.406423568725586 59.361122131347656
v 30.554702758789062 -25.08577537536621 59.595821380615234
v 31.181718826293945 -24.406423568725586 59.89301300048828
v 31.123844146728516 -23.213542938232422 59.59007263183594
v 29.634286880493164 -24.093629837036133 57.93498992919922
v 29.4108829498291 -24.809415817260742 58.26266098022461
v 29.70253562927246 -24.426637649536133 58.86946487426758
v 29.765335083007812 -25.221647262573242 59.005130767822266
v 29.508373260498047 -24.994855880737305 58.62830352783203
v 30.388351440429688 -23.332691192626953 58.97588348388672
v 30.352231979370117 -25.812644958496094 59.269996643066406
v 29.572816848754883 -25.434181213378906 58.56549835205078
v 30.816593170166016 -26.23390769958496 59.23448944091797
v 33.58450698852539 -29.294601440429688 51.820579528808594
v 36.35047149658203 -19.784954071044922 48.82207489013672
v 36.67074966430664 -21.2247371673584 49.924232482910156
v 36.886878967285156 -22.527109146118164 50.16600799560547
v 35.75434112548828 -27.975811004638672 51.696922302246094
v 36.971431732177734 -26.084901809692383 51.2557487487793
v 36.6821403503418 -23.4205322265625 49.44139862060547
v 36.80836486816406 -22.299083709716797 49.33918762207031
v 37.33995056152344 -25.88355827331543 49.795135498046875
v 37.903961181640625 -24.762313842773438 49.22989273071289
v 36.660797119140625 -20.380260467529297 47.69066619873047
v 36.93900680541992 -21.46025276184082 48.51246643066406
v 38.1566162109375 -23.77837562561035 48.36479187011719
v 34.02742385864258 -18.754425048828125 52.52272033691406
v 34.799957275390625 -18.664939880371094 51.60179138183594
v 35.17934799194336 -18.841552734375 51.421485900878906
v 34.43739318847656 -25.34294891357422 57.129302978515625
v 34.11619186401367 -23.517513275146484 53.9700927734375
v 34.64099884033203 -25.35249137878418 57.95017623901367
v 29.438385009765625 -24.850465774536133 57.78546905517578
v 29.4681453704834 -25.261672973632812 57.95017623901367
v 29.89853858947754 -24.2907657623291 57.291961669921875
v 29.774572372436523 -24.949188232421875 57.16840362548828
v 30.29619789123535 -25.09255027770996 56.76725769042969
v 29.89853858947754 -25.67328643798828 57.267127990722656
v 30.144729614257812 -26.331504821777344 58.3120231628418
v 30.359926223754883 -26.330270767211914 58.87059020996094
v 30.479278564453125 -26.038928985595703 56.8614616394043
v 30.597702026367188 -26.534589767456055 57.37416076660156
v 31.058374404907227 -25.631725311279297 56.46914291381836
v 31.74091148376465 -26.636390686035156 56.644004821777344
v 31.07961654663086 -26.628902435302734 56.89501953125
v 31.050779342651367 -24.579133987426758 56.60501480102539
v 31.93947982788086 -26.32575798034668 56.4956169128418
v 33.946353912353516 -25.871755599975586 57.12571334838867
v 32.22826385498047 -29.027584075927734 45.80786895751953
v 32.49928665161133 -30.603439331054688 46.070274353027344
v 31.770362854003906 -29.249141693115234 46.45418167114258
v 32.07063293457031 -30.73674774169922 47.230308532714844
v 31.543359756469727 -28.960979461669922 47.36012649536133
v 31.543256759643555 -29.35894775390625 47.35478973388672
v 31.837167739868164 -28.481121063232422 46.50672149658203
v 32.13507843017578 -28.566707611083984 46.0423583984375
v 31.740703582763672 -30.008033752441406 47.85076141357422
v 32.216556549072266 -30.986732482910156 47.448997497558594
v 32.03451156616211 -30.560646057128906 47.90433120727539
v 32.494869232177734 -31.101463317871094 47.65659713745117
v 33.7142219543457 -28.634746551513672 49.26642608642578
v 31.93927574157715 -29.812122344970703 48.212806701660156
v 32.79349899291992 -31.35411834716797 47.03779220581055
v 32.929473876953125 -30.954303741455078 47.92536544799805
v 32.36659240722656 -30.244266510009766 48.345088958740234
v 34.88882827758789 -28.659271240234375 49.63719940185547
v 34.758907318115234 -29.455001831054688 49.23892593383789
v 35.84413528442383 -29.517601013183594 48.89924621582031
v 36.023414611816406 -29.833267211914062 48.037635803222656
v 31.771900177001953 -29.01834487915039 47.97821807861328
v 32.17612838745117 -27.96657371520996 47.49014663696289
v 35.806270599365234 -28.323802947998047 49.826744079589844
v 34.471466064453125 -25.377429962158203 58.641746520996094
v 30.887815475463867 -26.856000900268555 58.472110748291016
v 31.08340835571289 -26.709562301635742 58.896453857421875
v 31.673076629638672 -27.120357513427734 58.41136169433594
v 31.48445701599121 -27.11789321899414 57.49966812133789
v 31.798479080200195 -27.219078063964844 58.048797607421875
v 31.90540885925293 -26.8478946685791 58.860328674316406
v 31.921831130981445 -27.053346633911133 57.096771240234375
v 32.52883529663086 -26.98807716369629 58.475399017333984
v 32.52411651611328 -27.05190658569336 57.36482238769531
v 32.355403900146484 -26.925682067871094 57.024940490722656
v 33.06452178955078 -26.876630783081055 57.7717170715332
v 33.05159378051758 -26.854257583618164 58.236183166503906
v 33.97734069824219 -26.170080184936523 58.147518157958984
v 32.860923767089844 -26.43012046813965 59.03632736206055
v 33.797340393066406 -25.953033447265625 58.9046630859375
v 36.94465255737305 -29.186954498291016 46.865386962890625
v 37.49182891845703 -28.82080078125 47.325645446777344
v 35.90560531616211 -29.988224029541016 47.24262619018555
v 36.984981536865234 -29.26361083984375 47.620887756347656
v 36.60723114013672 -29.355667114257812 48.40809631347656
v 36.17139434814453 -28.698165893554688 49.561771392822266
v 36.70379638671875 -27.807100296020508 49.85711669921875
v 29.44279670715332 -29.084636688232422 51.582908630371094
v 29.893001556396484 -30.154571533203125 51.32635498046875
v 30.20804786682129 -30.472187042236328 51.14255905151367
v 30.63454246520996 -30.538997650146484 51.168521881103516
v 30.622228622436523 -30.6024169921875 50.54694366455078
v 30.260177612304688 -30.24539566040039 50.20315933227539
v 30.162277221679688 -29.356590270996094 49.52965545654297
v 30.57892608642578 -30.12348175048828 49.747928619384766
v 29.449161529541016 -28.222103118896484 50.195465087890625
v 29.500057220458984 -27.86713409423828 50.210548400878906
v 29.863140106201172 -27.99787712097168 49.62908935546875
v 30.22846794128418 -30.474754333496094 50.715755462646484
v 29.306306838989258 -28.646446228027344 50.96430206298828
v 29.306413650512695 -28.10531997680664 50.91720199584961
v 30.721261978149414 -30.416156768798828 50.04542541503906
v 31.07130241394043 -30.477420806884766 50.44647216796875
v 35.541709899902344 -18.89296531677246 50.63335037231445
v 36.21449661254883 -19.354249954223633 49.064056396484375
v 36.057796478271484 -19.15485382080078 49.9244384765625
v 36.77861022949219 -20.115394592285156 47.66008758544922
v 36.591941833496094 -19.942787170410156 47.77071762084961
v 36.794822692871094 -21.232229232788086 45.96159744262695
v 36.924644470214844 -21.607824325561523 45.576454162597656
v 36.89744567871094 -21.676271438598633 45.92762756347656
v 36.31650161743164 -22.06264305114746 44.838096618652344
v 36.99770736694336 -22.216163635253906 44.782470703125
v 34.52195739746094 -19.09400177001953 53.79840850830078
v 33.28321075439453 -19.394989013671875 54.55976104736328
v 36.44170379638672 -19.52490997314453 48.97344207763672
v 0.6288648843765259 2.5375375747680664 95.39254760742188
v 1.6421520709991455 3.6688380241394043 94.72355651855469
v 2.474517345428467 3.3984313011169434 94.3290786743164
v 3.1545915603637695 3.6944949626922607 94.1152114868164
v -3.5839638710021973 -8.386857032775879 97.22434997558594
v -3.0585403442382812 -6.338321685791016 97.15887451171875
v -3.7827420234680176 -9.428467750549316 97.22403717041016
v -12.202754974365234 -14.164257049560547 92.719970703125
v -12.015058517456055 -14.401824951171875 92.28341674804688
v -12.593538284301758 -15.480484008789062 92.2936782836914
v -15.81904411315918 -2.6518402099609375 87.35131072998047
v -15.689739227294922 -3.0283594131469727 88.59066772460938
v -14.966974258422852 -3.30605411529541 88.80341339111328
v -10.66445255279541 -10.525493621826172 94.03804779052734
v -12.316560745239258 -9.061800956726074 92.8662109375
v -12.039894104003906 -11.545247077941895 92.98185729980469
v -19.27667808532715 -6.315539360046387 94.19844055175781
v -20.421422958374023 -5.010909080505371 93.72576904296875
v -17.16913414001465 -10.278791427612305 93.67332458496094
v -16.93105125427246 -3.4669642448425293 89.68984985351562
v -20.401514053344727 -3.724442958831787 91.31712341308594
v -18.33604621887207 -4.643523216247559 91.54464721679688
v -19.467554092407227 -4.875038146972656 92.30045318603516
v -18.28237533569336 -7.856816291809082 94.02110290527344
v -17.321733474731445 -5.328728675842285 91.83793640136719
v -17.81349754333496 -6.580099105834961 92.81120300292969
v -16.662799835205078 -6.399997711181641 92.39598846435547
v -16.644634246826172 -7.801708221435547 92.99736022949219
v -14.528162956237793 -4.456340789794922 90.61355590820312
v -13.190385818481445 -7.317949295043945 92.61981201171875
v -21.546772003173828 -2.7264461517333984 89.94035339355469
v -21.556316375732422 -4.07930850982666 93.0716552734375
v -20.295095443725586 -4.705301284790039 92.778564453125
v -18.966657638549805 -6.112245559692383 93.2579116821289
v -21.395097732543945 -4.44987678527832 94.67543029785156
v -16.907859802246094 -8.919771194458008 93.36597442626953
v -14.408198356628418 -3.957394599914551 89.80078887939453
v -15.082321166992188 -1.5379829406738281 87.6688232421875
v -12.265046119689941 -12.228399276733398 93.14944458007812
v -12.682509422302246 -10.983597755432129 93.32759094238281
v -12.531144142150879 -12.78348159790039 93.21224212646484
v -12.763171195983887 -9.290955543518066 93.14605712890625
v -12.566137313842773 -7.943839073181152 92.60841369628906
v -13.195722579956055 -8.401429176330566 93.03080749511719
v -11.34740161895752 -12.013919830322266 93.40774536132812
v -13.529242515563965 -6.325493812561035 92.13092041015625
v -13.24272346496582 -5.821416854858398 91.57984161376953
v -12.73043441772461 -7.256786346435547 92.35433197021484
v -13.632789611816406 -4.982995986938477 90.9539566040039
v -15.822633743286133 -10.389827728271484 93.38988494873047
v -13.35571002960205 -10.887338638305664 93.4202651977539
v -17.156818389892578 -6.299941062927246 105.8758773803711
v -17.719493865966797 -5.781496047973633 104.66381072998047
v -18.048397064208984 -6.237546920776367 106.96879577636719
v -18.504344940185547 -5.526788711547852 104.50956726074219
v -19.152606964111328 -5.796992301940918 105.79346466064453
v -18.648426055908203 -6.594158172607422 108.34402465820312
v -17.007402420043945 -6.1347198486328125 104.389404296875
v -19.111249923706055 -7.189774513244629 109.83102416992188
v -20.383041381835938 -6.385014533996582 106.50761413574219
v -20.1324405670166 -7.105317115783691 109.87226867675781
v -21.129409790039062 -7.438632011413574 110.13037109375
v -21.68572235107422 -7.662552833557129 110.87529754638672
v -20.485868453979492 -7.6456193923950195 111.04205322265625
v -21.298120498657227 -6.776823997497559 105.85688781738281
v -22.089540481567383 -6.165096282958984 103.90471649169922
v -21.46518898010254 -7.778617858886719 111.28732299804688
v -20.485767364501953 -6.824748992919922 107.90973663330078
v -25.170246124267578 -5.538076400756836 100.25662231445312
v -25.15772247314453 -6.299221992492676 101.15907287597656
v -17.330659866333008 -5.93306827545166 102.38888549804688
v -19.605375289916992 -4.951491355895996 101.75570678710938
v -18.814674377441406 -5.1798248291015625 101.45964813232422
v -20.78593635559082 -4.734548568725586 96.36981201171875
v -23.540712356567383 -3.301024913787842 93.13301849365234
v -22.400894165039062 -3.9804840087890625 95.6827621459961
v -18.09693717956543 -5.622123718261719 100.79147338867188
v -5.098147869110107 -6.4997453689575195 96.53349304199219
v -2.791518211364746 -5.4936418533325195 97.09309387207031
v -0.9532548189163208 -1.1338591575622559 96.30331420898438
v -2.093177318572998 -2.8728880882263184 96.89359283447266
v -0.6904404163360596 -0.6090512275695801 96.10648345947266
v -1.6229645013809204 -1.414632797241211 96.89718627929688
v -1.6640130281448364 -2.5285911560058594 96.63417053222656
v -0.2289503812789917 0.33496546745300293 95.84356689453125
v 0.29934626817703247 1.0313570499420166 95.51405334472656
v -0.032942891120910645 0.5094237327575684 95.71170043945312
v -0.5415363311767578 -0.3373093605041504 96.03013610839844
v -0.29616761207580566 0.05060148239135742 95.90873718261719
v -11.978114128112793 -13.92617416381836 92.51667785644531
v -2.3687167167663574 -4.318622589111328 96.96954345703125
v -1.3469122648239136 -1.9271254539489746 96.4996337890625
v -1.8741823434829712 -3.1124062538146973 96.76409149169922
v -2.4227986335754395 -4.156376838684082 96.89820861816406
v 0.5923315286636353 1.5916721820831299 95.28181457519531
v 0.8917818069458008 1.8890702724456787 95.11988830566406
v 1.55584716796875 2.675358295440674 94.72077941894531
v -26.94231605529785 -15.794506072998047 96.98184967041016
v -25.355270385742188 -16.125154495239258 97.40095520019531
v -23.81574058532715 -16.274364471435547 97.24897766113281
v -25.837697982788086 -17.96998405456543 93.08283996582031
v -24.868330001831055 -18.513160705566406 91.72843933105469
v -23.70870590209961 -17.471755981445312 93.94363403320312
v -27.307239532470703 -17.056652069091797 94.49829864501953
v -27.01127815246582 -17.843042373657227 92.91248321533203
v -25.597766876220703 -18.784698486328125 90.84024810791016
v -22.24090576171875 -19.52634620666504 88.17967224121094
v -26.790639877319336 -18.879419326782227 89.60723876953125
v -32.43309783935547 -13.673416137695312 87.66204833984375
v -32.30040740966797 -12.803287506103516 85.59883117675781
v -31.874631881713867 -14.686704635620117 86.79695129394531
v -31.775495529174805 -13.64919662475586 84.81686401367188
v -31.081769943237305 -15.536823272705078 85.59073638916016
v -30.328115463256836 -14.883123397827148 83.11426544189453
v -30.953184127807617 -16.330806732177734 87.68923950195312
v -13.702571868896484 -18.283700942993164 89.1162109375
v -12.99355697631836 -17.24280548095703 89.98191833496094
v -12.730743408203125 -16.791065216064453 90.51411437988281
v -12.597745895385742 -16.46082878112793 90.84209442138672
v -13.367408752441406 -17.661502838134766 90.43673706054688
v -13.356325149536133 -17.141315460205078 91.08859252929688
v -14.31214427947998 -18.829750061035156 88.49821472167969
v -14.746953964233398 -19.042280197143555 88.28424835205078
v -14.091506958007812 -18.584278106689453 88.29645538330078
v -17.278221130371094 -19.898658752441406 85.1651611328125
v -15.669317245483398 -19.557031631469727 86.56727600097656
v -15.895597457885742 -19.593563079833984 86.79119873046875
v -16.948190689086914 -19.814199447631836 84.7760238647461
v -15.315374374389648 -19.120683670043945 86.3896484375
v -27.18409538269043 -18.60480308532715 85.31980895996094
v -26.996807098388672 -17.668378829956055 82.80906677246094
v -26.142581939697266 -18.66647720336914 84.15823364257812
v -28.439674377441406 -17.401973724365234 83.94888305664062
v -29.013017654418945 -16.364261627197266 83.01451110839844
v -27.183374404907227 -16.833141326904297 81.75432586669922
v -25.184099197387695 -17.808561325073242 81.56765747070312
v -24.976083755493164 -16.644214630126953 79.99620056152344
v -29.924915313720703 -17.277698516845703 89.78508758544922
v -27.98587989807129 -18.301759719848633 90.50159454345703
v -29.762981414794922 -16.8686466217041 91.71170806884766
v -28.752050399780273 -18.2238712310791 88.29645538330078
v -27.357831954956055 -18.858482360839844 88.26536560058594
v -28.02569580078125 -17.51516342163086 92.84947967529297
v -29.413345336914062 -17.749963760375977 87.35664367675781
v -27.39949607849121 -18.775257110595703 86.67729187011719
v -30.5780029296875 -16.580793380737305 90.19721984863281
v -31.808744430541992 -15.015401840209961 89.65886688232422
v -29.158231735229492 -17.694446563720703 86.056640625
v -29.469480514526367 -16.98563575744629 84.7490234375
v -29.964426040649414 -17.184310913085938 86.64270782470703
v -28.292612075805664 -16.169178009033203 95.18894958496094
v -28.181371688842773 -15.664278030395508 81.37821197509766
v -20.531536102294922 -14.451904296875 76.54020690917969
v -23.549949645996094 -12.982463836669922 77.27252197265625
v -20.890506744384766 -12.482696533203125 76.10673522949219
v -22.40479278564453 -14.229934692382812 77.15819549560547
v -21.015705108642578 -15.407417297363281 77.09539794921875
v -24.93544578552246 -14.474071502685547 78.45831298828125
v -26.32206916809082 -12.106382369995117 78.43347930908203
v -24.502180099487305 -11.290334701538086 77.43394470214844
v -21.052854537963867 -10.946142196655273 76.01581573486328
v -24.924978256225586 -9.868612289428711 77.64093017578125
v -26.806650161743164 -10.607797622680664 78.57551574707031
v -20.68906021118164 -16.133363723754883 77.42317199707031
v -20.09446907043457 -16.192163467407227 77.62532806396484
v -21.507366180419922 -16.854280471801758 78.3303451538086
v -13.388444900512695 -17.71230125427246 89.26469421386719
v -18.289352416992188 -19.68643569946289 82.78413391113281
v -17.124494552612305 -19.683563232421875 84.2518310546875
v -18.264928817749023 -19.897119522094727 83.54928588867188
v -19.501829147338867 -18.37759780883789 79.91656494140625
v -18.98040771484375 -19.736003875732422 82.51813507080078
v -19.50285530090332 -19.233566284179688 81.00518035888672
v -20.558731079101562 -18.139310836791992 79.28288269042969
v -20.03299903869629 -19.001846313476562 80.55241394042969
v -23.529220581054688 -18.811893463134766 82.31381225585938
v -26.02138900756836 -19.160499572753906 86.1031265258789
v -23.623321533203125 -19.538043975830078 85.20159149169922
v -23.223613739013672 -19.661191940307617 86.20543670654297
v -25.027910232543945 -19.44116973876953 87.25597381591797
v -25.853500366210938 -19.142539978027344 89.19717407226562
v -26.376358032226562 -19.139873504638672 88.35125732421875
v -19.77367401123047 -2.384305000305176 81.83015441894531
v -23.630817413330078 -2.18757963180542 84.23417663574219
v -20.409006118774414 -2.189631462097168 82.7972640991211
v -20.164562225341797 -2.912602424621582 80.51854705810547
v -24.933395385742188 -2.0436010360717773 86.3826675415039
v -22.357074737548828 -1.9726896286010742 84.95550537109375
v -24.134485244750977 -1.9931116104125977 87.63475799560547
v -19.58197593688965 -2.8155221939086914 80.8399658203125
v -19.310747146606445 -2.979613780975342 80.77931213378906
v -18.783477783203125 -2.5866751670837402 81.90425109863281
v -18.30669593811035 -2.0577621459960938 83.82132720947266
v -17.926586151123047 -2.2573628425598145 83.54270935058594
v -17.725547790527344 -2.049142837524414 84.98218536376953
v -16.344465255737305 -1.5390095710754395 85.83650970458984
v -16.613025665283203 -2.3199610710144043 85.97258758544922
v -17.4612979888916 -2.1444783210754395 86.08875274658203
v -16.096942901611328 -2.6521482467651367 87.70741271972656
v -29.65532875061035 -11.775426864624023 80.68602752685547
v -28.388669967651367 -11.465201377868652 79.60972595214844
v -28.124008178710938 -12.521692276000977 79.62984466552734
v -30.95298194885254 -12.315731048583984 82.35773468017578
v -30.22857093811035 -12.906524658203125 81.63487243652344
v -31.216718673706055 -11.265705108642578 82.48847961425781
v -30.560556411743164 -10.57485580444336 81.5323486328125
v -29.709718704223633 -14.461141586303711 81.93595886230469
v -28.75010108947754 -14.029308319091797 80.7118911743164
v -20.329063415527344 -17.813282012939453 78.81996154785156
v -19.97255516052246 -17.27205467224121 78.48920440673828
v -19.83576011657715 -16.913288116455078 78.42147827148438
v -27.236125946044922 -13.938180923461914 79.54251098632812
v -27.318218231201172 -15.121719360351562 80.26866149902344
v -20.398435592651367 -4.59395694732666 78.31649780273438
v -20.56622314453125 -4.172284126281738 78.7259521484375
v -20.02602195739746 -3.8857645988464355 79.15357971191406
v -19.982715606689453 -3.308311939239502 79.91010284423828
v -19.69917106628418 -3.374605655670166 79.9923095703125
v -29.119543075561523 -6.977450370788574 81.09970092773438
v -27.76215934753418 -7.253706932067871 79.8904037475586
v -29.9010066986084 -8.831209182739258 81.04109954833984
v -28.94200325012207 -6.089566230773926 81.56446838378906
v -25.562057495117188 -5.375729560852051 79.74847412109375
v -30.424991607666016 -8.378442764282227 81.76756286621094
v -21.341838836669922 -4.031281471252441 79.07025146484375
v -23.25450325012207 -4.753739356994629 79.13427734375
v -24.13273811340332 -3.9295835494995117 80.51577758789062
v -22.268409729003906 -3.1084036827087402 80.9102554321289
v -24.707725524902344 -2.5809288024902344 83.47271728515625
v -27.077880859375 -3.8288092613220215 82.54953002929688
v -25.789979934692383 -2.9433884620666504 83.27743530273438
v -26.150081634521484 -4.490206718444824 80.97603607177734
v -27.786788940429688 -4.386147499084473 82.32551574707031
v -25.161115646362305 -6.663632392883301 78.6744384765625
v -21.133310317993164 -4.6569671630859375 78.313720703125
v -32.98910140991211 -11.690252304077148 88.61315155029297
v -32.86092758178711 -11.392340660095215 86.89874267578125
v -32.46521759033203 -13.630109786987305 89.40959930419922
v -32.916343688964844 -11.642635345458984 89.91706085205078
v -32.4317626953125 -11.59727668762207 92.08689880371094
v -32.49826431274414 -12.740995407104492 90.95303344726562
v -31.67677116394043 -13.040447235107422 93.21060180664062
v -31.940610885620117 -13.897850036621094 91.56803894042969
v -33.05724334716797 -10.673783302307129 89.32257080078125
v -32.856510162353516 -10.107722282409668 90.74101257324219
v -32.16802215576172 -9.767120361328125 93.0072021484375
v -33.00059509277344 -9.217374801635742 88.80956268310547
v -29.686323165893555 -15.910982131958008 93.75316619873047
v -31.411287307739258 -14.220390319824219 92.67850494384766
v -31.150117874145508 -15.50767707824707 91.28439331054688
v -29.793664932250977 -14.307619094848633 95.5218505859375
v -31.08341407775879 -11.716523170471191 95.11649322509766
v -30.494365692138672 -12.824529647827148 95.5985107421875
v -31.49349021911621 -10.583065032958984 94.58367919921875
v -24.436601638793945 -4.623203277587891 99.30776977539062
v -25.278303146362305 -3.794328212738037 96.45417022705078
v -26.649330139160156 -4.326627731323242 96.78132629394531
v -29.210153579711914 -3.502779483795166 86.0411376953125
v -30.589906692504883 -4.458599090576172 86.7070541381836
v -30.57430648803711 -4.243810653686523 87.89920806884766
v -30.843379974365234 -4.500673294067383 88.94380187988281
v -30.02189064025879 -3.794328212738037 89.59339904785156
v -27.788433074951172 -2.562559127807617 87.56732940673828
v -26.642559051513672 -2.261979579925537 88.56716918945312
v -26.751134872436523 -2.7022271156311035 84.82466125488281
v -29.09942626953125 -3.1141510009765625 88.50796508789062
v -27.716699600219727 -2.699251174926758 86.24864196777344
v -27.398672103881836 -3.240786552429199 84.00410461425781
v -28.112306594848633 -2.7070508003234863 89.40836334228516
v -30.03277587890625 -4.226263046264648 91.56763458251953
v -29.24197006225586 -3.635161876678467 91.56434631347656
v -29.56830596923828 -4.476454734802246 93.24559783935547
v -28.818140029907227 -3.171721935272217 90.59467315673828
v -27.511045455932617 -3.5611720085144043 93.99627685546875
v -27.27265739440918 -2.8442559242248535 91.70175170898438
v -28.384765625 -4.228418350219727 94.58901977539062
v -27.844057083129883 -5.30461311340332 97.13383483886719
v -26.88433837890625 -2.5259227752685547 90.45849609375
v -25.337007522583008 -2.275012969970703 89.73665618896484
v -25.394575119018555 -3.2243666648864746 94.11152648925781
v -31.215383529663086 -7.222921371459961 93.89971160888672
v -31.9879207611084 -6.985659599304199 91.55244445800781
v -31.943796157836914 -7.83351993560791 92.62945556640625
v -32.43473815917969 -8.497893333435059 91.63638305664062
v -31.512269973754883 -9.224455833435059 94.39476013183594
v -28.273115158081055 -8.930136680603027 99.19879150390625
v -28.373584747314453 -10.463817596435547 99.18975830078125
v -30.030927658081055 -7.783441543579102 96.36714172363281
v -30.524639129638672 -6.103420257568359 94.13020324707031
v -29.202768325805664 -6.707451820373535 96.8660888671875
v -30.481943130493164 -8.968106269836426 96.15370178222656
v -30.028566360473633 -10.476134300231934 97.00514221191406
v -27.92543601989746 -6.399997711181641 98.27498626708984
v -29.300668716430664 -11.997706413269043 97.6744384765625
v -26.844314575195312 -13.866756439208984 99.33219146728516
v -27.16736602783203 -12.541498184204102 99.95121765136719
v -26.709260940551758 -11.09432601928711 100.94869232177734
v -28.580055236816406 -13.22978401184082 97.94218444824219
v -28.254131317138672 -14.42081069946289 97.35374450683594
v -28.718290328979492 -10.075189590454102 79.8127212524414
v -27.118518829345703 -8.886625289916992 78.94125366210938
v -31.67820930480957 -11.929155349731445 83.47323608398438
v -31.03302574157715 -9.356016159057617 82.28702545166016
v -32.397281646728516 -10.607797622680664 84.93282318115234
v -21.267024993896484 -5.978837966918945 77.35276794433594
v -20.813745498657227 -5.923421859741211 77.30998229980469
v -25.220529556274414 -8.190336227416992 78.08549499511719
v -21.12766456604004 -8.963078498840332 76.19190979003906
v -21.002056121826172 -7.02065372467041 76.73396301269531
v -29.240528106689453 -5.149859428405762 82.8204574584961
v -29.50899314880371 -4.026971817016602 85.11466979980469
v -31.46321678161621 -8.832440376281738 83.14669799804688
v -31.945947647094727 -10.1965913772583 83.79588317871094
v -30.919321060180664 -6.597339630126953 83.64236450195312
v -32.73080062866211 -8.103723526000977 87.70135498046875
v -32.783138275146484 -8.394143104553223 89.79750061035156
v -32.40272521972656 -7.050619125366211 89.5154037475586
v -30.288503646850586 -6.383474349975586 82.84878540039062
v -32.8801155090332 -10.583065032958984 86.75322723388672
v -32.64501190185547 -9.099360466003418 86.10938262939453
v -32.03717803955078 -8.03209400177002 84.84518432617188
v -30.626026153564453 -5.606012344360352 84.26188659667969
v -32.178077697753906 -6.666402816772461 87.28419494628906
v -31.57671546936035 -6.664453506469727 84.97664642333984
v -31.61078453063965 -5.543208122253418 87.62593078613281
v -31.5454158782959 -5.73983097076416 86.50221252441406
v -31.741735458374023 -5.807458877563477 89.97883605957031
v -31.1667423248291 -5.658246994018555 91.95164489746094
v -31.104246139526367 -5.029175758361816 90.46742248535156
v -30.55747413635254 -4.885812759399414 85.38630676269531
v -23.06126594543457 -2.3008742332458496 89.30933380126953
v -30.345151901245117 28.103900909423828 26.642948150634766
v -32.087059020996094 28.850475311279297 26.527496337890625
v -31.90705680847168 29.27543067932129 25.271099090576172
v -29.908601760864258 28.271074295043945 26.107879638671875
v -32.729671478271484 29.949552536010742 25.015880584716797
v -31.03990364074707 29.22514533996582 24.891399383544922
v -33.41826629638672 31.318218231201172 24.28685760498047
v -33.78226852416992 30.706283569335938 25.780925750732422
v -32.82716369628906 31.00347900390625 23.93958282470703
v -32.13138961791992 30.18321990966797 24.205169677734375
v -34.716224670410156 33.00798797607422 26.380542755126953
v -34.37962341308594 32.19758605957031 25.458282470703125
v -34.64439010620117 32.219749450683594 27.589733123779297
v -34.00823974609375 30.741382598876953 26.780155181884766
v -34.64531326293945 33.84640884399414 25.78256607055664
v -34.24970245361328 33.370452880859375 24.566497802734375
v -33.88467788696289 31.311548233032227 25.08135223388672
v -33.7489128112793 32.54372787475586 23.96133804321289
v -31.620840072631836 38.00566864013672 25.160781860351562
v -31.941946029663086 38.46982955932617 26.992679595947266
v -31.440122604370117 38.466339111328125 26.08448028564453
v -33.073455810546875 37.392093658447266 25.883544921875
v -32.594207763671875 38.10408020019531 27.343032836914062
v -33.58430862426758 37.15226745605469 28.199413299560547
v -34.23698425292969 35.9325065612793 31.331327438354492
v -33.820648193359375 36.73182678222656 33.97096252441406
v -34.78795623779297 34.49898147583008 32.482025146484375
v -36.57747268676758 34.30369186401367 46.308048248291016
v -34.7691764831543 34.16032791137695 27.029830932617188
v -34.75830078125 32.877967834472656 31.368576049804688
v -34.500205993652344 31.83420181274414 31.092830657958984
v -32.66368865966797 37.2845458984375 24.925674438476562
v -33.616943359375 36.724334716796875 25.734130859375
v -33.02122116088867 36.09505844116211 23.975704193115234
v -32.480709075927734 36.74024200439453 24.08838653564453
v -31.68169593811035 36.98663330078125 23.90746307373047
v -30.970014572143555 37.622886657714844 24.37726593017578
v -34.438018798828125 34.708431243896484 25.393733978271484
v -34.22599792480469 35.589744567871094 25.609649658203125
v -34.111576080322266 34.65455627441406 24.530067443847656
v -34.08530807495117 34.039031982421875 24.288394927978516
v -33.719051361083984 35.84209442138672 24.657936096191406
v -33.81592559814453 36.76774215698242 26.828590393066406
v -33.61622619628906 34.34986877441406 23.710018157958984
v -33.24790954589844 33.00860595703125 23.352584838867188
v -32.665740966796875 35.51062774658203 23.37844467163086
v -32.99443817138672 33.941741943359375 23.148162841796875
v -32.46706008911133 34.63731384277344 23.001415252685547
v -31.80145835876465 33.66651153564453 22.75440216064453
v -31.594362258911133 36.13825988769531 23.313690185546875
v -32.865028381347656 32.193275451660156 23.311641693115234
v -34.504512786865234 35.43827819824219 27.293670654296875
v -27.433774948120117 39.65305709838867 32.06301498413086
v -31.9074649810791 37.503028869628906 39.43125915527344
v -26.895418167114258 39.585426330566406 32.600860595703125
v -29.869089126586914 39.218040466308594 32.27442169189453
v -28.52033042907715 39.587379455566406 31.636730194091797
v -31.01804542541504 38.961795806884766 27.593124389648438
v -30.124309539794922 38.9069938659668 26.392040252685547
v -31.452848434448242 38.861328125 28.93008041381836
v -30.240480422973633 39.320560455322266 28.97995376586914
v -32.071048736572266 36.872623443603516 41.502986907958984
v -25.42751693725586 38.51005172729492 34.24291229248047
v -36.511802673339844 34.48820877075195 47.333953857421875
v -35.927467346191406 34.98150634765625 46.54438400268555
v -32.114044189453125 38.148929595947266 33.50444412231445
v -33.742855072021484 36.66902160644531 41.081626892089844
v -34.127689361572266 36.020965576171875 44.21723175048828
v -29.539159774780273 39.30311584472656 27.523956298828125
v -28.825834274291992 39.64166259765625 29.87378692626953
v -27.301904678344727 39.78461837768555 30.686243057250977
v -33.39907455444336 35.69062423706055 44.819725036621094
v -32.66758728027344 35.33052062988281 44.850608825683594
v -36.2288703918457 34.5760498046875 48.06226348876953
v -24.053720474243164 33.269981384277344 25.979808807373047
v -23.684179306030273 35.11337661743164 26.225173950195312
v -23.33321189880371 33.05458068847656 25.981552124023438
v -22.338294982910156 34.191322326660156 25.846603393554688
v -24.406431198120117 39.19279479980469 33.24789047241211
v -24.473342895507812 38.185359954833984 34.56616973876953
v -22.94499397277832 38.12727355957031 34.073890686035156
v -26.348445892333984 39.82289505004883 29.99087905883789
v -26.880643844604492 39.78502655029297 31.737192153930664
v -25.363788604736328 39.813865661621094 31.635597229003906
v -24.32741355895996 39.77230453491211 31.043163299560547
v -22.828004837036133 39.44011306762695 30.305931091308594
v -22.59412956237793 39.272945404052734 31.632110595703125
v -25.205442428588867 39.70682907104492 29.544166564941406
v -25.02626609802246 39.32405090332031 28.744949340820312
v -22.706398010253906 39.225223541259766 29.630062103271484
v -25.641277313232422 39.320560455322266 33.33881378173828
v -21.834421157836914 39.07057571411133 30.48520851135254
v -20.977529525756836 38.53150177001953 31.092830657958984
v -24.70341682434082 33.338531494140625 25.780410766601562
v -24.546405792236328 34.035133361816406 25.881698608398438
v -23.92626190185547 38.335391998291016 28.44693374633789
v -23.169635772705078 37.97949981689453 28.39141845703125
v -22.894710540771484 36.7363395690918 26.891292572021484
v -24.066654205322266 37.7611198425293 27.557411193847656
v -22.631587982177734 35.76441192626953 26.310760498046875
v -22.540973663330078 38.70339584350586 33.007545471191406
v -26.066545486450195 39.15657043457031 33.564476013183594
v -21.613271713256836 38.007415771484375 33.213096618652344
v -21.690752029418945 38.569576263427734 32.37981414794922
v -27.016923904418945 34.47229766845703 24.20342254638672
v -25.296571731567383 36.00054168701172 26.051433563232422
v -24.63075828552246 35.951690673828125 26.349655151367188
v -25.49052619934082 36.90556335449219 26.50594711303711
v -23.6923885345459 36.036766052246094 26.540634155273438
v -27.895572662353516 38.06857681274414 26.10161590576172
v -24.65138816833496 38.08510208129883 27.548686981201172
v -26.144025802612305 38.927005767822266 27.294597625732422
v -25.88213348388672 39.06400680541992 27.680965423583984
v -26.447168350219727 39.585941314697266 28.972461700439453
v -29.8385066986084 38.03932571411133 24.9541015625
v -29.11153221130371 38.82500076293945 26.07585906982422
v -27.321914672851562 39.12106704711914 26.992374420166016
v -28.223344802856445 39.38182830810547 27.521595001220703
v -27.401033401489258 39.73505401611328 29.505786895751953
v -31.88755989074707 33.17311096191406 45.042720794677734
v -32.4085693359375 32.309547424316406 45.097930908203125
v -23.10959815979004 31.854520797729492 35.64934158325195
v -32.40908432006836 30.54629898071289 42.375579833984375
v -25.295856475830078 28.411869049072266 34.360618591308594
v -33.39569091796875 31.93949317932129 45.511497497558594
v -23.709936141967773 30.277122497558594 35.31941223144531
v -24.668630599975586 29.061979293823242 34.832366943359375
v -36.47044372558594 34.14277648925781 48.95301818847656
v -35.903663635253906 34.327911376953125 48.4816780090332
v -30.416683197021484 28.42572021484375 35.66083526611328
v -29.015789031982422 28.035144805908203 34.85484313964844
v -36.545352935791016 33.08269500732422 48.864253997802734
v -36.5283203125 32.83240509033203 46.43755340576172
v -34.478759765625 31.238582611083984 44.156890869140625
v -35.063392639160156 32.25443649291992 47.01654815673828
v -36.045997619628906 33.13636779785156 48.776615142822266
v -31.1660213470459 28.033605575561523 29.875839233398438
v -36.1340446472168 33.55670928955078 49.0626220703125
v -34.30235290527344 33.732295989990234 47.46356964111328
v -36.87394714355469 33.995208740234375 48.96995544433594
v -36.93870162963867 33.64178466796875 49.26509094238281
v -37.00695037841797 33.595909118652344 49.07524490356445
v -36.80847930908203 33.72654724121094 46.77702713012695
v -36.775634765625 33.66651153564453 49.3402099609375
v -36.167503356933594 33.77539825439453 49.0767822265625
v -32.23236846923828 34.502777099609375 45.17520523071289
v -22.0351505279541 33.658302307128906 35.65005874633789
v -22.992406845092773 34.12831115722656 35.71460723876953
v -22.467084884643555 32.64686584472656 35.736366271972656
v -21.859050750732422 32.349159240722656 35.52054977416992
v -22.003747940063477 30.948986053466797 35.222434997558594
v -22.894298553466797 30.683095932006836 35.44440460205078
v -21.496488571166992 30.39339256286621 34.64549255371094
v -22.86484718322754 29.145408630371094 34.57807540893555
v -20.326292037963867 30.83025360107422 33.87521743774414
v -20.68485450744629 33.25531005859375 34.83421325683594
v -19.640470504760742 30.57872772216797 32.816261291503906
v -21.152294158935547 29.325510025024414 33.542415618896484
v -19.665409088134766 32.33017349243164 33.7004508972168
v -19.643651962280273 33.96257781982422 33.7340087890625
v -22.160144805908203 36.062522888183594 35.156551361083984
v -23.01026153564453 36.569068908691406 35.26081848144531
v -22.45887565612793 35.193729400634766 35.55831527709961
v -21.22084617614746 35.467830657958984 34.82354736328125
v -21.448461532592773 37.02480697631836 34.088565826416016
v -19.984664916992188 36.065704345703125 33.30361557006836
v -20.359643936157227 34.792171478271484 34.33506393432617
v -19.381555557250977 34.86451721191406 33.12464141845703
v -23.571191787719727 29.496068954467773 35.056495666503906
v -23.511363983154297 35.99274444580078 35.458770751953125
v -23.805065155029297 37.513187408447266 34.93796920776367
v -24.546613693237305 37.72551345825195 34.79717254638672
v -20.531023025512695 37.18079376220703 33.01103973388672
v -23.793777465820312 27.946168899536133 33.67038345336914
v -23.353635787963867 27.383394241333008 32.343788146972656
v -22.014522552490234 27.846012115478516 32.21941375732422
v -22.11365509033203 28.474365234375 33.40500259399414
v -35.62093734741211 33.81439208984375 38.81861114501953
v -34.92229080200195 32.412574768066406 34.37364959716797
v -33.75537872314453 30.272090911865234 34.546669006347656
v -32.463783264160156 28.86648178100586 28.642330169677734
v -30.188039779663086 27.616037368774414 30.393156051635742
v -28.711721420288086 27.351991653442383 31.95783233642578
v -27.368196487426758 27.052438735961914 31.758949279785156
v -26.776073455810547 27.535888671875 33.17523193359375
v -34.312408447265625 30.98284912109375 34.66756057739258
v -24.950531005859375 27.1010799407959 32.3131103515625
v -26.216886520385742 27.217042922973633 32.80897521972656
v -25.26301383972168 27.876697540283203 33.943153381347656
v -34.01521301269531 30.775657653808594 30.537750244140625
v -33.27254104614258 29.635019302368164 27.885799407958984
v -30.092498779296875 32.85498046875 22.86697769165039
v -29.669591903686523 34.81895446777344 23.017318725585938
v -29.099939346313477 32.97576141357422 23.101062774658203
v -28.648099899291992 33.92963409423828 23.23077392578125
v -27.794078826904297 32.18291091918945 23.838809967041016
v -25.47010612487793 32.95677947998047 25.275821685791016
v -30.164125442504883 38.39891815185547 25.326515197753906
v -29.475019454956055 37.15237045288086 24.202499389648438
v -27.825990676879883 36.62910079956055 24.627456665039062
v -27.825376510620117 35.46855163574219 23.957950592041016
v -30.225393295288086 37.02275848388672 23.87195587158203
v -29.3258113861084 36.18259048461914 23.57681655883789
v -30.376760482788086 35.76676940917969 23.150936126708984
v -31.60832405090332 34.651885986328125 22.820491790771484
v -19.770185470581055 34.25648498535156 27.688766479492188
v -19.00514030456543 32.9921875 28.36966323852539
v -20.103500366210938 31.942567825317383 27.494808197021484
v -19.538053512573242 31.491342544555664 28.114543914794922
v -18.782962799072266 32.15314865112305 28.80672836303711
v -18.553707122802734 35.224002838134766 30.739301681518555
v -19.21407699584961 36.588050842285156 31.13336753845215
v -18.948081970214844 35.24370574951172 32.12767028808594
v -19.767826080322266 35.31554412841797 27.98267364501953
v -22.105239868164062 33.502010345458984 25.868770599365234
v -20.484535217285156 36.30891799926758 27.879337310791016
v -19.43922996520996 36.8266487121582 29.4931640625
v -19.276369094848633 35.942562103271484 28.83956527709961
v -20.002212524414062 37.34806823730469 29.17237091064453
v -18.525178909301758 34.862674713134766 29.61733627319336
v -19.173439025878906 34.995361328125 28.472694396972656
v -21.746166229248047 38.225074768066406 28.767318725585938
v -18.91596221923828 33.633567810058594 32.68562316894531
v -18.5208683013916 34.631874084472656 31.38520050048828
v -18.30177116394043 33.732295989990234 30.94485092163086
v -18.651813507080078 34.12461853027344 28.93890380859375
v -18.87778663635254 36.09988021850586 30.517330169677734
v -18.321884155273438 33.54962921142578 29.65930938720703
v -18.337482452392578 34.42304229736328 30.286943435668945
v -18.309673309326172 32.383636474609375 30.12254524230957
v -18.520353317260742 32.75071716308594 29.136653900146484
v -19.802717208862305 37.44925308227539 31.076618194580078
v -20.23177719116211 37.98442840576172 30.402084350585938
v -20.70917320251465 38.12194061279297 31.780502319335938
v -19.805177688598633 36.90299606323242 32.21253967285156
v -20.684545516967773 38.31938171386719 30.0026798248291
v -20.53297233581543 37.5093879699707 28.74679946899414
v -19.657197952270508 37.349708557128906 30.245792388916016
v -32.03512954711914 28.573192596435547 27.87759017944336
v -30.788888931274414 27.97603416442871 27.590351104736328
v -30.987253189086914 27.943706512451172 28.533340454101562
v -28.721675872802734 27.213451385498047 29.343029022216797
v -27.804956436157227 27.219097137451172 28.60753631591797
v -26.6501522064209 26.897785186767578 30.455141067504883
v -27.565542221069336 27.061058044433594 30.94485092163086
v -33.484046936035156 30.018104553222656 26.660598754882812
v -24.55574607849121 28.38785743713379 34.42290496826172
v 24.21062660217285 -2.118617057800293 85.67427062988281
v 23.018674850463867 -2.0691537857055664 87.36044311523438
v 25.6208553314209 -2.1220035552978516 82.95243072509766
v 25.653181076049805 -1.6668767929077148 82.35044860839844
v 24.898191452026367 -1.9914684295654297 84.26290893554688
v 37.90693283081055 -7.981192588806152 84.07069396972656
v 38.14142608642578 -9.678556442260742 83.86617279052734
v 36.74217987060547 -7.364642143249512 82.40412139892578
v 36.3414421081543 -5.92650032043457 83.05432891845703
v 35.86783981323242 -6.497898101806641 81.9142074584961
v 35.10309982299805 -5.403744697570801 82.08650207519531
v 36.47813415527344 -8.796625137329102 81.40232849121094
v 35.80278396606445 -7.648185729980469 81.12380981445312
v 37.296539306640625 -8.306709289550781 82.72419738769531
v 37.51020050048828 -11.041682243347168 82.59284210205078
v 35.95147705078125 -12.384590148925781 80.84365844726562
v 35.33123016357422 -10.681787490844727 80.0323257446289
v 36.71693420410156 -10.755778312683105 81.42869567871094
v 36.14851379394531 -9.916947364807129 80.81092071533203
v 34.02085494995117 -6.552698135375977 80.21293640136719
v 32.60539245605469 -6.67604923248291 79.19883728027344
v 32.85630416870117 -5.807869911193848 79.9246826171875
v 34.304710388183594 -8.83757209777832 79.46360778808594
v 30.700531005859375 -12.119211196899414 77.359130859375
v 33.19475173950195 -11.002480506896973 78.57028198242188
v 34.472084045410156 -11.67680835723877 79.45344543457031
v 30.953594207763672 -14.285964965820312 78.11258697509766
v 33.70713806152344 -13.605070114135742 79.45077514648438
v 28.344436645507812 -6.8142805099487305 76.92842864990234
v 28.503808975219727 -8.552386283874512 76.46037292480469
v 32.993099212646484 -8.956920623779297 78.60578918457031
v 28.5502986907959 -9.686767578125 76.33445739746094
v 32.74896240234375 -10.07980728149414 78.31885528564453
v 28.38702392578125 -11.863168716430664 76.30243682861328
v 36.52729034423828 -13.511377334594727 81.97813415527344
v 36.74258804321289 -12.391159057617188 81.76232147216797
v 32.926090240478516 -15.180828094482422 79.7577133178711
v 30.525453567504883 -15.705327987670898 78.66889953613281
v 34.87312698364258 -12.598350524902344 79.946533203125
v 34.69200134277344 -14.10093879699707 80.41705322265625
v 37.336463928222656 -6.32539176940918 84.38841247558594
v 36.2088508605957 -4.6925764083862305 84.60453796386719
v 35.02193069458008 -3.650862693786621 84.75836944580078
v 35.7882080078125 -3.732036590576172 86.11943817138672
v 33.62545394897461 -3.290249824523926 83.76570129394531
v 33.979190826416016 -2.9758167266845703 85.05186462402344
v 35.60779571533203 -4.816645622253418 83.41494750976562
v 33.69697952270508 -4.601037979125977 81.69459533691406
v 31.46013832092285 -3.0966029167175293 82.37190246582031
v 32.233489990234375 -16.32721710205078 80.20596313476562
v 31.409957885742188 -3.766824722290039 81.17399597167969
v 31.782367706298828 -4.764001846313477 80.18061828613281
v 31.07099151611328 -5.9152116775512695 78.7981948852539
v 28.882583618164062 -3.139601707458496 80.7773666381836
v 27.720186233520508 -4.370857238769531 78.42311096191406
v 27.95406150817871 -4.995413780212402 77.92078399658203
v 34.33744430541992 -4.2854766845703125 82.69618225097656
v 28.47168731689453 -11.462944030761719 56.33839797973633
v 28.32319450378418 -9.6143159866333 56.576377868652344
v 27.219083786010742 -10.677682876586914 58.52003479003906
v 26.219755172729492 -11.23276424407959 60.428802490234375
v 26.63629913330078 -12.646892547607422 59.14654541015625
v 26.316631317138672 -9.2584228515625 59.841495513916016
v 28.188350677490234 -12.054967880249023 56.47919845581055
v 24.96489715576172 -14.42060661315918 60.363433837890625
v 28.38578987121582 -11.791847229003906 56.3056640625
v 28.25443458557129 -11.59501838684082 56.042232513427734
v 28.45249366760254 -10.00745964050293 56.30268859863281
v 28.184345245361328 -11.853625297546387 56.110992431640625
v 26.40909194946289 -2.517815589904785 81.30903625488281
v 29.092445373535156 -2.171365261077881 83.67334747314453
v 26.934926986694336 -3.015634536743164 80.12017059326172
v 32.206298828125 -2.2518210411071777 85.77134704589844
v 32.37070083618164 -2.777653694152832 83.83282470703125
v 27.395286560058594 -3.7056632041931152 79.11919403076172
v -29.895977020263672 -4.45695686340332 39.67858123779297
v -28.44880485534668 -3.837327003479004 41.28399658203125
v -27.998498916625977 -4.224928855895996 39.85662841796875
v -29.9338436126709 -4.1952714920043945 40.84569549560547
v -28.03441619873047 -4.725826263427734 39.173885345458984
v -27.13945198059082 -3.9952611923217773 38.69279479980469
v -27.95899200439453 -4.560400009155273 38.97079849243164
v -30.625102996826172 -5.41062068939209 38.608848571777344
v -29.341611862182617 -5.333859443664551 38.81081008911133
v -30.496517181396484 -4.422065734863281 40.92481994628906
v -31.18398094177246 -4.851230621337891 39.87458801269531
v -31.075307846069336 -4.731470108032227 40.56604766845703
v -30.624183654785156 -4.72007942199707 39.49745178222656
v -31.305490493774414 -5.050930976867676 40.99860382080078
v -32.136314392089844 -5.873650550842285 40.247100830078125
v -31.822702407836914 -8.760092735290527 36.95325469970703
v -31.422273635864258 -7.067141532897949 37.53840255737305
v -31.545618057250977 -9.456482887268066 36.86284637451172
v -32.10645294189453 -7.678254127502441 37.45671463012695
v -32.92332077026367 -8.518932342529297 38.0257568359375
v -32.735107421875 -7.765584945678711 38.137813568115234
v -32.42631912231445 -9.08560848236084 37.171016693115234
v -31.1364688873291 -7.896222114562988 37.24059295654297
v -30.951337814331055 -10.273147583007812 37.15972900390625
v -32.39995193481445 -6.3989715576171875 39.007022857666016
v -32.97452926635742 -7.827569007873535 38.935699462890625
v -32.73008346557617 -7.054313659667969 39.72906494140625
v -32.23637390136719 -5.957389831542969 39.68617630004883
v -31.68662452697754 -5.426013946533203 39.2662467956543
v -32.370601654052734 -6.935272216796875 38.242286682128906
v -31.94051170349121 -6.068323135375977 38.60874938964844
v -31.676462173461914 -6.529506683349609 37.951454162597656
v -31.144269943237305 -5.4446916580200195 38.709007263183594
v -33.190547943115234 -9.828794479370117 38.55794906616211
v -32.32667922973633 -10.229944229125977 37.087791442871094
v -32.86112976074219 -10.475107192993164 37.754112243652344
v -32.299278259277344 -11.09658432006836 37.36138153076172
v -31.741735458374023 -11.080883979797363 37.09754180908203
v -31.254175186157227 -10.911558151245117 37.097740173339844
v -28.844717025756836 -4.033641815185547 42.10363006591797
v -30.29507064819336 -4.556088447570801 41.71880340576172
v -29.04483413696289 -4.754354476928711 43.01512145996094
v -29.045757293701172 -4.622280120849609 43.08223342895508
v -30.077823638916016 -4.2512006759643555 43.79740524291992
v -29.21282386779785 -4.592212677001953 43.22734069824219
v -32.114044189453125 -4.822187423706055 43.74024963378906
v -30.89109992980957 -4.434687614440918 44.783599853515625
v -29.845182418823242 -3.3048219680786133 44.43315124511719
v -31.019685745239258 -4.291736602783203 45.25227355957031
v -29.739681243896484 -3.6936559677124023 43.44305419921875
v -30.8221378326416 -5.015629768371582 41.70115280151367
v -31.508474349975586 -5.715920448303223 41.39903259277344
v -32.334373474121094 -5.0493927001953125 44.41313934326172
v -31.41364860534668 -5.016655921936035 45.3190803527832
v -31.882837295532227 -5.542797088623047 42.35947036743164
v -31.607194900512695 -4.754046440124512 43.21687316894531
v -30.375221252441406 -5.724745750427246 42.55958557128906
v -29.703763961791992 -5.346585273742676 42.88459014892578
v -31.578458786010742 -5.735008239746094 42.24586486816406
v -33.4552116394043 -6.525708198547363 44.630592346191406
v -33.35002517700195 -5.7946319580078125 43.904747009277344
v -33.94553756713867 -7.240160942077637 44.36305618286133
v -34.113014221191406 -8.163859367370605 44.466400146484375
v -32.59595489501953 -7.215532302856445 45.61370849609375
v -31.9904842376709 -6.55998420715332 45.810333251953125
v -31.803712844848633 -7.829108238220215 46.17412567138672
v -32.76795196533203 -9.711396217346191 45.81074523925781
v -32.208763122558594 -7.507697105407715 46.2343635559082
v -31.637056350708008 -8.99601936340332 46.33257293701172
v -31.46034049987793 -9.593072891235352 46.47214126586914
v -32.7615852355957 -5.658143997192383 44.758872985839844
v -33.254791259765625 -5.67497444152832 43.38425064086914
v -34.178077697753906 -7.118760108947754 43.07854080200195
v -33.78154754638672 -6.645468711853027 42.722137451171875
v -34.2088623046875 -7.749780654907227 42.59098434448242
v -33.774051666259766 -8.675224304199219 41.96940231323242
v -34.151702880859375 -8.50261402130127 42.301177978515625
v -33.5589599609375 -7.399020195007324 42.06617736816406
v -33.32426452636719 -6.065757751464844 42.71710968017578
v -34.49702072143555 -8.99601936340332 42.80453872680664
v -33.783084869384766 -9.689537048339844 42.029335021972656
v -34.24765396118164 -9.702672958374023 42.483848571777344
v -33.37578201293945 -9.291980743408203 41.771141052246094
v -32.89242935180664 -7.4849138259887695 41.76703643798828
v -32.40056610107422 -9.950504302978516 41.700843811035156
v -31.609968185424805 -7.785287857055664 41.898597717285156
v -32.03902816772461 -9.653824806213379 41.8001823425293
v -32.958106994628906 -6.514523506164551 42.096656799316406
v -31.9409236907959 -6.463520050048828 41.96417236328125
v -31.4404354095459 -6.833779335021973 41.99957275390625
v -30.88042449951172 -6.280032157897949 42.29112243652344
v -32.66635513305664 -5.409082412719727 42.88263702392578
v -32.664817810058594 -5.837629318237305 42.391075134277344
v -33.218971252441406 -11.075342178344727 45.27741622924805
v -33.29009246826172 -11.39798355102539 44.892791748046875
v -32.464195251464844 -11.536933898925781 45.34740447998047
v -32.24058151245117 -10.998376846313477 45.94230651855469
v -30.823781967163086 -11.463252067565918 46.043182373046875
v -30.897977828979492 -11.719087600708008 45.38014221191406
v -34.5425910949707 -9.867690086364746 43.47712326049805
v -34.27536392211914 -10.512358665466309 43.04231643676758
v -34.57163619995117 -8.76891803741455 43.607452392578125
v -34.31045913696289 -10.38428783416748 44.10722351074219
v -34.26007080078125 -9.555206298828125 44.415496826171875
v -33.685386657714844 -10.80739688873291 42.38994598388672
v -34.2030143737793 -10.855423927307129 43.8060302734375
v -33.567474365234375 -10.796313285827637 45.08161163330078
v -33.71669006347656 -11.199925422668457 44.595699310302734
v -34.440372467041016 -7.84388542175293 43.54423904418945
v -34.18618392944336 -7.068782806396484 43.540130615234375
v -33.74860382080078 -6.250579833984375 43.47712326049805
v -32.83639907836914 -10.667113304138184 45.713661193847656
v -30.86328887939453 -10.416715621948242 46.64249038696289
v -30.375019073486328 -10.919048309326172 46.57240295410156
v -33.568397521972656 -11.29833984375 42.82752990722656
v -33.65747833251953 -11.467357635498047 43.74024963378906
v -32.744041442871094 -11.715805053710938 44.453468322753906
v -31.2684383392334 -10.26524543762207 46.69903564453125
v -30.342588424682617 -11.083038330078125 46.6324348449707
v -29.484365463256836 -11.317938804626465 46.380088806152344
v -29.02676773071289 -11.52267074584961 46.06072998046875
v -31.73649787902832 -6.850711822509766 41.562103271484375
v -31.718538284301758 -10.470078468322754 41.922916412353516
v -32.3679313659668 -11.250823974609375 42.039703369140625
v -31.87421226501465 -8.837367057800293 41.701358795166016
v -31.903879165649414 -11.18658447265625 42.159461975097656
v -31.450284957885742 -11.134040832519531 42.03261947631836
v -32.56568145751953 -10.385724067687988 40.86785888671875
v -31.542333602905273 -11.855780601501465 41.501556396484375
v -31.410573959350586 -10.16313648223877 42.22831726074219
v -33.191471099853516 -10.54355525970459 41.89777374267578
v -31.63459587097168 -10.419281005859375 42.079002380371094
v -32.86338806152344 -11.239228248596191 39.96458435058594
v -32.89653778076172 -11.339900970458984 38.684791564941406
v -33.09305953979492 -9.744338035583496 39.760162353515625
v -32.72803497314453 -8.29141902923584 40.44752502441406
v -32.3679313659668 -11.536728858947754 40.84569549560547
v -33.125282287597656 -11.364530563354492 42.42371368408203
v -28.511199951171875 -11.645508766174316 45.566707611083984
v 27.18768310546875 -17.131874084472656 78.23326873779297
v 27.50827407836914 -16.231365203857422 77.5234375
v 27.350547790527344 -17.650419235229492 78.75437927246094
v 27.791717529296875 -15.208229064941406 77.03033447265625
v 26.1484317779541 -18.559648513793945 80.5907974243164
v 26.454757690429688 -18.70454978942871 77.71891784667969
v 26.674060821533203 -18.039562225341797 79.4011001586914
v 26.387849807739258 -18.404075622558594 80.08908081054688
v 27.098814010620117 -18.407974243164062 79.6568374633789
v 19.63790512084961 -26.46367835998535 72.72750091552734
v 18.383251190185547 -26.904542922973633 68.87775421142578
v 19.56822395324707 -26.32822036743164 70.19571685791016
v 16.155330657958984 -28.042003631591797 71.36181640625
v 15.61882495880127 -27.91341781616211 70.72740173339844
v 16.014432907104492 -27.779497146606445 69.78821563720703
v 16.596296310424805 -27.75137710571289 69.7310562133789
v 17.48633575439453 -27.05878257751465 68.27454376220703
v -3.791874885559082 -4.629463195800781 12.36025619506836
v -4.811628341674805 -4.185317039489746 12.122791290283203
v -4.7668843269348145 -3.4997005462646484 12.423675537109375
v -2.9941964149475098 -6.7920122146606445 12.162811279296875
v -6.065870761871338 -3.6486053466796875 12.038742065429688
v -6.821475505828857 -2.823936939239502 12.161170959472656
v -3.849548816680908 -7.334880828857422 11.984661102294922
v -2.672579765319824 -12.265035629272461 12.098468780517578
v -1.8599177598953247 -11.339591979980469 12.292526245117188
v -2.0407376289367676 -12.153280258178711 12.294475555419922
v -1.742005705833435 -9.015005111694336 12.62030029296875
v -5.979360580444336 -15.599319458007812 11.956130981445312
v -14.441140174865723 -9.719606399536133 11.952133178710938
v -16.29746437072754 -10.04399299621582 12.09713363647461
v -13.133840560913086 -5.390096664428711 12.097034454345703
v -18.971481323242188 -11.211212158203125 12.62656021118164
v -15.181041717529297 -7.369053840637207 12.230030059814453
v -9.95400333404541 -3.4318675994873047 12.03042984008789
v -11.075455665588379 -3.384251117706299 12.161582946777344
v -10.28424072265625 -2.84969425201416 12.230953216552734
v -18.490182876586914 -16.658889770507812 15.58206558227539
v -17.63175392150879 -16.683210372924805 14.728458404541016
v -19.937253952026367 -17.765869140625 13.98794174194336
v -19.481510162353516 -17.659347534179688 14.045719146728516
v -21.280982971191406 -16.139007568359375 12.362102508544922
v -20.75566291809082 -16.268207550048828 12.097236633300781
v -20.294172286987305 -17.777877807617188 13.672069549560547
v -20.496129989624023 -17.714353561401367 13.157318115234375
v -20.197399139404297 -17.726154327392578 12.820823669433594
v -20.496952056884766 -17.583511352539062 12.651702880859375
v -17.24086570739746 -17.55385398864746 15.742259979248047
v -17.4355411529541 -16.764589309692383 14.563957214355469
v -18.090576171875 -18.737184524536133 15.284873962402344
v -17.0567626953125 -17.985891342163086 16.199851989746094
v -17.365243911743164 -16.845455169677734 15.291648864746094
v -17.26939582824707 -17.68058967590332 16.142894744873047
v -17.439746856689453 -16.686904907226562 13.647441864013672
v -17.262723922729492 -17.398073196411133 16.345165252685547
v -18.415578842163086 -20.03165626525879 15.281078338623047
v -17.916322708129883 -17.538049697875977 13.741645812988281
v -17.269601821899414 -16.051469802856445 12.410850524902344
v -16.80123519897461 -16.74642562866211 12.490791320800781
v -17.46735191345215 -16.274364471435547 12.597209930419922
v -18.11499786376953 -18.200986862182617 12.820514678955078
v -17.237993240356445 -16.699115753173828 13.045360565185547
v -17.798616409301758 -17.906768798828125 12.621223449707031
v -19.30869483947754 -11.201155662536621 12.887527465820312
v -21.481094360351562 -16.531023025512695 12.621017456054688
v -21.151473999023438 -16.528968811035156 12.228492736816406
v -20.871829986572266 -16.9954891204834 12.290267944335938
v -18.783477783203125 -19.61942481994629 14.335826873779297
v -7.465939044952393 -21.135046005249023 12.753604888916016
v -6.644247531890869 -20.022829055786133 12.833240509033203
v -7.338073253631592 -21.264450073242188 13.15280532836914
v -3.4947853088378906 -14.982255935668945 12.245628356933594
v -6.301182746887207 -17.768537521362305 12.104522705078125
v -5.409604549407959 -17.8303165435791 12.297863006591797
v -13.453713417053223 -20.146488189697266 14.646568298339844
v -13.224455833435059 -20.37974739074707 15.018775939941406
v -13.48727035522461 -20.190515518188477 15.18902587890625
v -12.915154457092285 -20.729278564453125 15.69351577758789
v -12.929213523864746 -20.80562973022461 16.151824951171875
v -14.49583625793457 -20.01082420349121 16.037914276123047
v -14.309784889221191 -20.607158660888672 14.859611511230469
v -16.938133239746094 -19.746984481811523 16.372047424316406
v -17.39849281311035 -20.5388126373291 15.911376953125
v -15.310346603393555 -21.175785064697266 14.451072692871094
v -15.165340423583984 -21.001636505126953 12.755558013916016
v -13.35529899597168 -20.12729835510254 13.755912780761719
v -14.147847175598145 -20.441423416137695 12.952896118164062
v -13.417693138122559 -19.32992935180664 12.51706314086914
v -13.383931159973145 -18.840627670288086 12.290374755859375
v -13.131070137023926 -19.49319839477539 12.423473358154297
v -18.990055084228516 -20.804601669311523 12.348865509033203
v -19.059221267700195 -20.501047134399414 12.632102966308594
v -13.188538551330566 -20.206832885742188 13.363285064697266
v -12.898427963256836 -20.21257781982422 12.587154388427734
v -14.11357307434082 -22.314682006835938 12.883216857910156
v -13.849422454833984 -22.626651763916016 12.425727844238281
v -14.176477432250977 -22.889055252075195 12.810356140136719
v -13.911713600158691 -23.10261344909668 12.561805725097656
v -12.670503616333008 -23.367273330688477 12.097854614257812
v -12.669376373291016 -23.829378128051758 12.428913116455078
v -18.57915687561035 -20.78695297241211 14.984806060791016
v -19.09144401550293 -20.67304229736328 14.21750259399414
v -19.050397872924805 -20.946836471557617 14.211551666259766
v -19.175800323486328 -20.996196746826172 13.688800811767578
v -19.109403610229492 -21.062183380126953 12.740982055664062
v -18.182933807373047 -22.049917221069336 13.478527069091797
v -18.252717971801758 -21.920307159423828 14.061317443847656
v -17.80118179321289 -21.98516273498535 14.337162017822266
v -18.259490966796875 -21.399192810058594 14.862380981445312
v -17.92781639099121 -21.91763687133789 12.3011474609375
v -18.465967178344727 -21.48272705078125 12.160659790039062
v -17.746482849121094 -21.071317672729492 11.96506118774414
v -17.47125244140625 -21.378053665161133 15.285385131835938
v -19.209768295288086 -20.67304229736328 13.511466979980469
v -18.19483757019043 -21.925540924072266 12.452308654785156
v -17.796255111694336 -22.035961151123047 12.54056167602539
v -17.894874572753906 -22.140838623046875 13.53609848022461
v -13.865226745605469 -21.723478317260742 14.615470886230469
v -15.914684295654297 -21.01795196533203 15.50058364868164
v -15.368328094482422 -20.800086975097656 12.428192138671875
v -13.063237190246582 -23.89803123474121 12.553699493408203
v -10.755683898925781 -23.03293228149414 12.716663360595703
v -14.279613494873047 -22.449321746826172 13.519676208496094
v -14.244004249572754 -22.844619750976562 13.611320495605469
v -14.078064918518066 -23.130525588989258 13.067317962646484
v -16.629343032836914 -20.608901977539062 16.04540252685547
v -9.722899436950684 -22.530498504638672 14.317665100097656
v -7.7401442527771 -21.324996948242188 14.315200805664062
v -14.210856437683105 -20.199134826660156 16.208675384521484
v -15.944856643676758 -19.498741149902344 16.689250946044922
v -15.082937240600586 -19.814815521240234 16.436084747314453
v -16.613643646240234 -18.73769760131836 16.61269760131836
v -12.502615928649902 -21.0373477935791 16.705162048339844
v -11.809713363647461 -21.361019134521484 16.800701141357422
v -9.770310401916504 -21.32284164428711 17.01220703125
v -8.303948402404785 -21.276046752929688 16.227558135986328
v 29.466196060180664 -15.900308609008789 15.016109466552734
v 27.709516525268555 -12.482696533203125 15.945552825927734
v 28.48390007019043 -14.606863021850586 15.944934844970703
v 28.499086380004883 -13.448881149291992 15.308578491210938
v 28.175004959106445 -15.622819900512695 16.17737579345703
v 29.1268253326416 -16.186111450195312 15.370769500732422
v 28.332534790039062 -16.210432052612305 15.885520935058594
v 28.295793533325195 -17.086410522460938 15.175785064697266
v 29.233959197998047 -16.8505859375 14.853042602539062
v 29.77149200439453 -16.570941925048828 14.374618530273438
v 25.820146560668945 -21.521724700927734 15.115032196044922
v 25.206262588500977 -21.529521942138672 14.9935302734375
v 25.944215774536133 -21.99029541015625 14.207450866699219
v 26.396778106689453 -21.8521671295166 14.489246368408203
v 23.911996841430664 -21.1655216217041 12.803585052490234
v 26.07895851135254 -21.99019432067871 12.553081512451172
v 26.432695388793945 -22.11754608154297 13.418598175048828
v 26.548555374145508 -21.924924850463867 12.356971740722656
v 26.60489273071289 -21.98649787902832 13.96341323852539
v 26.87140464782715 -21.757343292236328 12.458873748779297
v 26.823993682861328 -21.479442596435547 14.655288696289062
v 27.59519386291504 -13.945363998413086 16.5703125
v 27.67031478881836 -12.83930778503418 16.68740463256836
v 27.63039779663086 -15.383609771728516 16.472412109375
v 27.386770248413086 -14.143732070922852 17.21672821044922
v 27.533109664916992 -15.54554557800293 16.643585205078125
v 25.4914493560791 -18.107807159423828 16.702491760253906
v 24.93328857421875 -18.932371139526367 16.671703338623047
v 24.90065574645996 -18.767560958862305 17.098609924316406
v 26.139095306396484 -16.58500099182129 15.156082153320312
v 26.471384048461914 -16.39104652404785 15.704700469970703
v 26.43772315979004 -16.602651596069336 15.97869873046875
v 27.436538696289062 -17.283649444580078 14.774124145507812
v 27.492883682250977 -16.692138671875 15.681507110595703
v 27.02769660949707 -16.107810974121094 16.74097442626953
v 28.47312355041504 -17.69988441467285 14.075271606445312
v 27.751590728759766 -12.368478775024414 16.241104125976562
v 23.07870864868164 -20.865251541137695 14.366615295410156
v 24.840211868286133 -20.830463409423828 15.833492279052734
v 26.467588424682617 -20.380571365356445 15.614906311035156
v 27.468046188354492 -21.07377815246582 14.144336700439453
v 27.59642791748047 -21.001943588256836 12.820720672607422
v 24.51161766052246 -19.39889144897461 16.69192123413086
v 23.769968032836914 -19.747188568115234 16.559741973876953
v 25.352806091308594 -19.859251022338867 16.35449981689453
v 25.755598068237305 -20.805217742919922 15.78145980834961
v 27.002038955688477 -21.06423568725586 14.857662200927734
v 24.238231658935547 -19.553129196166992 16.892547607421875
v 23.024215698242188 -19.980859756469727 16.142894744873047
v 23.587406158447266 -20.732563018798828 15.487960815429688
v 28.97453498840332 -14.073333740234375 14.732154846191406
v 28.82819366455078 -13.545961380004883 12.883014678955078
v 27.801259994506836 -11.561667442321777 14.514698028564453
v 28.449621200561523 -17.77900505065918 13.081584930419922
v 28.782018661499023 -17.647342681884766 12.68844223022461
v 29.02789878845215 -17.621070861816406 13.281185150146484
v 29.88499641418457 -16.2303409576416 14.194927215576172
v 29.224214553833008 -16.637338638305664 12.150188446044922
v 29.07613182067871 -16.21689796447754 12.102882385253906
v 29.63603401184082 -16.198837280273438 12.294170379638672
v 29.63469886779785 -16.724361419677734 12.361080169677734
v 29.89977264404297 -16.46698570251465 12.55575180053711
v 29.924402236938477 -16.69295883178711 13.577247619628906
v 29.965755462646484 -16.326292037963867 12.814151763916016
v 28.68339729309082 -17.767410278320312 13.643848419189453
v 27.60237693786621 -11.192023277282715 12.750015258789062
v 27.775707244873047 -11.167906761169434 13.08343505859375
v 27.464248657226562 -17.44979476928711 13.86941146850586
v 21.64323616027832 -23.831125259399414 12.525375366210938
v 22.596694946289062 -23.04145050048828 13.413463592529297
v 21.77582359313965 -23.79920768737793 13.971210479736328
v 21.415311813354492 -23.962890625 14.006927490234375
v 22.659807205200195 -22.7706298828125 13.78310775756836
v 22.498998641967773 -22.45917510986328 14.370307922363281
v 16.182422637939453 -21.289901733398438 14.465335845947266
v 18.124540328979492 -22.514381408691406 13.027603149414062
v 19.57150650024414 -23.106718063354492 14.990249633789062
v 20.68926429748535 -23.778684616088867 14.037712097167969
v 15.829712867736816 -21.191896438598633 12.896865844726562
v 21.722972869873047 -20.31119728088379 14.136432647705078
v 21.843963623046875 -20.139408111572266 13.808761596679688
v 21.447023391723633 -20.638561248779297 15.557231903076172
v 21.968753814697266 -20.159727096557617 15.191383361816406
v 22.027963638305664 -20.142589569091797 14.681663513183594
v 22.300527572631836 -20.241722106933594 15.84682846069336
v 22.563753128051758 -20.11713981628418 15.616546630859375
v 23.28744125366211 -15.673412322998047 24.924957275390625
v 21.457592010498047 -17.98855972290039 25.693389892578125
v 21.99881935119629 -16.983070373535156 23.824134826660156
v 17.28509521484375 -19.885419845581055 29.27499008178711
v 17.19129753112793 -20.133560180664062 26.39706802368164
v 18.228702545166016 -19.936832427978516 27.458175659179688
v 18.774444580078125 -19.61819076538086 28.925254821777344
v 20.69162368774414 -18.687515258789062 26.316509246826172
v 21.483966827392578 -18.08307456970215 26.886672973632812
v 19.46806526184082 -19.459129333496094 27.778865814208984
v 17.8651123046875 -19.55579948425293 30.191608428955078
v 19.372421264648438 -18.880033493041992 30.524721145629883
v 19.750890731811523 -19.028118133544922 29.51235580444336
v 21.56247329711914 -17.93878746032715 28.060562133789062
v 20.961109161376953 -17.9520263671875 29.959890365600586
v 20.026020050048828 -18.00477409362793 31.431177139282227
v 22.672019958496094 -16.76602554321289 26.709857940673828
v 23.81768798828125 -14.85079574584961 25.679840087890625
v 23.774688720703125 -14.729907989501953 27.359554290771484
v 22.764686584472656 -15.918268203735352 29.20766830444336
v 21.755605697631836 -17.19293212890625 29.695022583007812
v 21.409360885620117 -16.326292037963867 31.6502742767334
v 18.38602066040039 -19.817792892456055 25.912792205810547
v 19.372421264648438 -19.45574188232422 26.239234924316406
v 22.247575759887695 -22.84400749206543 12.362411499023438
v 22.530094146728516 -22.55019760131836 12.656936645507812
v 22.49725341796875 -23.00727653503418 12.6573486328125
v 21.548105239868164 -20.19184684753418 13.02401351928711
v 22.73625946044922 -22.67960548400879 13.346965789794922
v 21.086923599243164 -20.21257781982422 12.424598693847656
v 21.472780227661133 -20.04181480407715 12.758121490478516
v 13.843672752380371 -16.53215217590332 12.030841827392578
v 18.97835350036621 -19.349117279052734 12.144649505615234
v 15.144404411315918 -19.653596878051758 12.555545806884766
v 15.95840072631836 -21.06290054321289 12.691211700439453
v 13.451762199401855 -17.252864837646484 12.228385925292969
v 21.840063095092773 -19.631534576416016 12.805427551269531
v 22.63322639465332 -20.524444580078125 13.099952697753906
v 23.257064819335938 -20.671092987060547 12.625125885009766
v 22.450767517089844 -21.801366806030273 14.087074279785156
v 21.216535568237305 -19.720813751220703 12.425727844238281
v 22.23474884033203 -18.850994110107422 12.305660247802734
v 21.903690338134766 -5.8255205154418945 12.09713363647461
v 20.424911499023438 -3.6349573135375977 12.360565185546875
v 22.26840591430664 -5.064374923706055 12.768486022949219
v 27.401443481445312 -11.26149845123291 12.622455596923828
v 20.776081085205078 -21.229354858398438 16.33890151977539
v 21.748422622680664 -21.532499313354492 15.49176025390625
v 22.136333465576172 -21.593250274658203 14.926315307617188
v 17.821395874023438 -21.329309463500977 16.838462829589844
v 18.322908401489258 -21.26475715637207 16.635787963867188
v 20.343427658081055 -21.359785079956055 16.60335922241211
v 20.291706085205078 -21.330642700195312 16.832717895507812
v 16.610050201416016 -21.288978576660156 15.386367797851562
v 17.973892211914062 -21.878948211669922 15.85329818725586
v 15.741766929626465 -21.275739669799805 13.67586898803711
v 26.445112228393555 -21.505918502807617 12.037818908691406
v 28.32319450378418 -17.382474899291992 12.492637634277344
v 25.918869018554688 -16.236907958984375 12.578125
v 12.001306533813477 -15.482126235961914 12.35748291015625
v 12.465463638305664 -15.147167205810547 12.097034454345703
v 22.013904571533203 -23.379793167114258 12.392581939697266
v 21.21407127380371 -23.962684631347656 12.752887725830078
v 21.270822525024414 -23.83758544921875 12.351432800292969
v 21.613374710083008 -23.158233642578125 12.096004486083984
v 19.221771240234375 -23.001117706298828 12.631793975830078
v 21.246706008911133 -23.436233520507812 12.096927642822266
v -19.833707809448242 -12.547657012939453 56.73616027832031
v -16.80431365966797 -14.809850692749023 60.07177734375
v -20.141265869140625 -12.052610397338867 56.110477447509766
v -19.565351486206055 -11.539603233337402 55.90913391113281
v -17.50840187072754 -13.319988250732422 57.267845153808594
v -18.917089462280273 -12.123109817504883 56.229007720947266
v -19.090726852416992 -10.480340957641602 56.040794372558594
v -15.934286117553711 -9.569265365600586 57.414493560791016
v -13.551819801330566 -11.16841983795166 58.27743911743164
v -18.282682418823242 -12.285354614257812 61.27235412597656
v -18.32906723022461 -10.525186538696289 61.35445022583008
v -18.480640411376953 -13.347284317016602 61.48991012573242
v -16.465662002563477 -15.165023803710938 60.383544921875
v -15.022184371948242 -15.038286209106445 59.142539978027344
v -14.210856437683105 -14.258874893188477 58.5799674987793
v -16.710620880126953 -7.121223449707031 60.696746826171875
v -15.423128128051758 -6.530428886413574 60.4208984375
v -20.082359313964844 -9.328001022338867 56.22746658325195
v -19.5153751373291 -8.81735610961914 56.919857025146484
v -17.843461990356445 -8.113061904907227 57.80937957763672
v -19.054500579833984 -9.365151405334473 56.31315612792969
v -17.508607864379883 -8.539045333862305 57.319976806640625
v -14.556282043457031 -6.978475570678711 59.57057571411133
v -18.089035034179688 -9.002793312072754 60.994144439697266
v -17.86634635925293 -8.510618209838867 61.641998291015625
v -20.57268714904785 -11.331382751464844 55.99482345581055
v -20.612504959106445 -11.894264221191406 56.2193603515625
v -20.294275283813477 -11.790719032287598 55.97706985473633
v -19.901437759399414 -11.191611289978027 55.83606719970703
v -19.634414672851562 -9.8152494430542 55.97573471069336
v -18.49747085571289 -10.295313835144043 60.50022506713867
v -19.859773635864258 -12.82689094543457 61.64589309692383
v -20.676950454711914 -11.51076602935791 61.56975173950195
v -13.62067985534668 -8.910945892333984 58.59638595581055
v -7.571639537811279 -27.312978744506836 68.0103988647461
v -6.083419322967529 -27.583797454833984 67.91279602050781
v -6.521614074707031 -27.747785568237305 68.48645782470703
v -5.693353652954102 -28.17294692993164 69.85624694824219
v -9.638236045837402 -26.396255493164062 70.25379943847656
v -9.410210609436035 -26.858362197875977 69.93445587158203
v -9.706274032592773 -26.728445053100586 70.63741302490234
v -8.89699935913086 -27.223695755004883 70.25555419921875
v -9.64193058013916 -26.991565704345703 71.86774444580078
v -8.68457317352295 -26.922502517700195 68.54207611083984
v -9.17418098449707 -26.560964584350586 68.9889907836914
v -6.600119113922119 -28.269001007080078 71.67327880859375
v -4.7680134773254395 -28.17479705810547 70.24580383300781
v -13.134764671325684 -4.677389144897461 12.35440444946289
v -19.40577507019043 -11.166982650756836 13.363384246826172
v -19.42291259765625 -11.364324569702148 14.531116485595703
v -18.080211639404297 -10.134711265563965 12.776077270507812
v 34.27268981933594 -21.72665786743164 57.78444290161133
v 32.250732421875 -22.776891708374023 59.66673278808594
v 33.45151138305664 -20.760988235473633 57.10478210449219
v 32.861328125 -21.012821197509766 57.70317077636719
v 32.4316520690918 -21.714448928833008 58.688541412353516
v 33.123531341552734 -21.5004825592041 58.36630630493164
v 32.596153259277344 -22.01697540283203 59.05695343017578
v 31.076946258544922 -22.595867156982422 58.91954040527344
v 31.5764102935791 -19.828977584838867 55.108375549316406
v 29.847536087036133 -23.71310806274414 58.279083251953125
v 31.189210891723633 -20.862071990966797 56.02510070800781
v 30.80767059326172 -21.778791427612305 56.359336853027344
v 21.871261596679688 -14.485052108764648 32.61922836303711
v 19.48048210144043 -15.934789657592773 35.375343322753906
v 19.076871871948242 -17.0135498046875 34.45738983154297
v 22.91338539123535 -14.550729751586914 30.43082046508789
v 23.86602210998535 -14.172466278076172 27.983291625976562
v 22.926008224487305 -12.320554733276367 31.833967208862305
v 26.48297882080078 -13.33784294128418 50.852752685546875
v 25.85308837890625 -14.618152618408203 50.63406753540039
v 26.37297248840332 -14.600603103637695 50.68281173706055
v 25.34316062927246 -15.260974884033203 50.350215911865234
v 25.459020614624023 -15.591110229492188 50.34529113769531
v 32.3962516784668 -19.489505767822266 54.989131927490234
v 22.26984405517578 -10.69461441040039 33.67920684814453
v 19.88019371032715 -12.833663940429688 37.248497009277344
v 23.916614532470703 -14.009502410888672 51.225372314453125
v 24.170297622680664 -12.89297866821289 51.54360580444336
v -17.08293342590332 -7.393375396728516 61.54071044921875
v -15.326559066772461 -15.210382461547852 59.40453338623047
v -32.55049514770508 33.026458740234375 22.966934204101562
v -32.080589294433594 31.733633041381836 23.155040740966797
v -31.47984504699707 30.670677185058594 23.579071044921875
v -31.642602920532227 32.64717102050781 22.82028579711914
v -27.5325984954834 27.484272003173828 27.627296447753906
v -28.78253173828125 28.01000213623047 26.473106384277344
v -26.21062660217285 27.80916976928711 27.35668182373047
v -26.410429000854492 27.22022247314453 28.80816650390625
v -25.073883056640625 26.919952392578125 29.95804214477539
v -25.985267639160156 27.712093353271484 27.65418243408203
v -23.7645320892334 27.087533950805664 29.8912353515625
v -24.377695083618164 27.414793014526367 29.034549713134766
v -23.839136123657227 28.39914321899414 28.47351837158203
v -24.368253707885742 28.686586380004883 27.679527282714844
v -22.393709182739258 28.03278350830078 28.975746154785156
v -23.232336044311523 28.8009090423584 28.28356170654297
v -23.446508407592773 27.0469970703125 30.78034782409668
v -22.305044174194336 27.40165901184082 30.189760208129883
v -22.477758407592773 27.551692962646484 29.536781311035156
v -21.352510452270508 28.20816421508789 29.204490661621094
v -22.6109619140625 29.380617141723633 27.673370361328125
v -21.149215698242188 29.12601661682129 28.345237731933594
v -19.967731475830078 29.25942039489746 31.766029357910156
v -21.333934783935547 27.98147201538086 29.667518615722656
v -20.690908432006836 28.272096633911133 30.22178077697754
v -20.494077682495117 28.667190551757812 29.3997802734375
v -20.923551559448242 28.240901947021484 31.46504020690918
v -20.00765037536621 28.92938995361328 30.98138427734375
v -29.2723445892334 30.214420318603516 24.21963882446289
v -30.624797821044922 30.90352439880371 23.412315368652344
v -29.026153564453125 31.657075881958008 23.44402313232422
v -28.05237579345703 30.897985458374023 24.296600341796875
v -26.841333389282227 30.274248123168945 25.54715347290039
v -29.889719009399414 29.054485321044922 25.13481903076172
v -26.671085357666016 30.919635772705078 25.195262908935547
v -26.216886520385742 31.988954544067383 24.992176055908203
v -30.797306060791016 30.24880027770996 23.83727264404297
v -26.973411560058594 29.4424991607666 26.423439025878906
v -28.877147674560547 28.299495697021484 26.099563598632812
v -26.704439163208008 29.08157730102539 26.75090789794922
v -26.177886962890625 28.753496170043945 27.06523895263672
v -23.626094818115234 30.211135864257812 21.098705291748047
v -23.516597747802734 31.221445083618164 21.495132446289062
v -24.915435791015625 28.735742568969727 27.43292999267578
v -24.52547264099121 28.871305465698242 27.499839782714844
v -23.228023529052734 29.510021209716797 27.26288604736328
v -22.68012809753418 29.928619384765625 26.96312713623047
v -22.228181838989258 30.540348052978516 26.669219970703125
v -22.345888137817383 32.40642547607422 25.85419464111328
v -22.0731201171875 31.363067626953125 26.30675506591797
v -21.05388069152832 30.311397552490234 25.506515502929688
v -19.132904052734375 30.849647521972656 23.468551635742188
v -19.86213493347168 30.096099853515625 28.520824432373047
v -20.2000675201416 29.170654296875 29.02356719970703
v -18.980098724365234 31.165721893310547 28.93777847290039
v -19.208948135375977 30.308319091796875 29.247589111328125
v -19.503984451293945 29.452556610107422 30.319883346557617
v -18.65961265563965 30.990238189697266 30.212953567504883
v -18.34979820251465 32.334381103515625 30.88728141784668
v -18.51922607421875 32.08428955078125 31.473045349121094
v -19.113510131835938 30.544862747192383 31.729909896850586
v -19.275035858154297 29.88284683227539 31.009708404541016
v -19.080568313598633 31.5339298248291 32.520713806152344
v -19.96691131591797 28.97895622253418 29.85028839111328
v -21.993074417114258 27.5958194732666 31.43754005432129
v 25.636865615844727 -13.336406707763672 61.04494094848633
v 25.8856201171875 -12.513893127441406 61.24013137817383
v 24.960586547851562 -14.481769561767578 61.01795196533203
v 26.05042839050293 -11.693227767944336 61.3343391418457
v 26.335718154907227 -11.432363510131836 61.4353141784668
v 26.35224151611328 -13.166568756103516 61.52141189575195
v 26.55789566040039 -14.428815841674805 61.98978042602539
v 25.992244720458984 -10.969537734985352 61.14078903198242
v 25.8618106842041 -9.538477897644043 61.49555587768555
v 26.681859970092773 -9.1608304977417 61.77006912231445
v 28.41124153137207 -11.653101921081543 61.57088088989258
v 33.56932067871094 -11.477721214294434 61.432029724121094
v 31.827314376831055 -12.13768196105957 61.671756744384766
v 31.078996658325195 -10.739358901977539 61.525211334228516
v 23.724609375 -15.353643417358398 60.086761474609375
v 23.83236312866211 -15.100372314453125 59.79901123046875
v 22.73164176940918 -15.04957389831543 59.15618896484375
v 27.76431655883789 -12.345081329345703 56.49941635131836
v 21.893428802490234 -14.212797164916992 58.56190490722656
v 25.777456283569336 -13.238813400268555 57.161224365234375
v 25.884489059448242 -12.450576782226562 56.568275451660156
v 27.59642791748047 -9.360121726989746 56.176055908203125
v 27.467533111572266 -9.55561637878418 56.04264450073242
v 21.991432189941406 -7.137744903564453 59.41089630126953
v 21.580123901367188 -7.972675323486328 58.922725677490234
v 23.674633026123047 -9.550074577331543 57.40956497192383
v 27.050580978393555 -9.86532974243164 56.03042984008789
v 27.497705459594727 -11.134040832519531 55.8361701965332
v 27.413448333740234 -11.849931716918945 55.95951843261719
v 25.55887222290039 -8.107623100280762 57.818206787109375
v 22.815689086914062 -6.601238250732422 60.19400405883789
v 24.120935440063477 -6.90458869934082 61.14078903198242
v 23.918155670166016 -6.70355224609375 61.18574142456055
v 24.943038940429688 -7.603442192077637 61.7143440246582
v 25.170551300048828 -6.129999160766602 62.89264678955078
v 25.033140182495117 -7.636075973510742 60.47744369506836
v 25.86488914489746 -8.3663330078125 59.91887283325195
v 25.3658390045166 -8.321691513061523 61.620033264160156
v 28.258129119873047 -9.485320091247559 56.38560485839844
v 28.31806182861328 -9.75716495513916 56.17584991455078
v 28.11394691467285 -10.074677467346191 55.980045318603516
v 25.576213836669922 -8.750651359558105 61.23961639404297
v 22.121761322021484 -14.714513778686523 51.20782470703125
v 19.69947624206543 -13.268573760986328 53.09226989746094
v 21.31576919555664 -9.495172500610352 58.48493957519531
v 21.313819885253906 -10.928489685058594 58.3050422668457
v 24.45096778869629 -11.23276424407959 56.88578796386719
v 24.632606506347656 -12.160566329956055 56.895328521728516
v -29.288354873657227 -10.400808334350586 43.41196060180664
v -30.270132064819336 -11.289102554321289 42.52653503417969
v -27.749744415283203 -10.276637077331543 43.873348236083984
v -31.117998123168945 -11.93151569366455 41.5819091796875
v -28.46245574951172 -10.908991813659668 42.932411193847656
v -30.266645431518555 -11.323071479797363 43.43638610839844
v -27.648971557617188 -10.925411224365234 44.190650939941406
v -28.119186401367188 -11.523183822631836 44.99931335449219
v -27.333715438842773 -10.654900550842285 43.4703483581543
v -29.843334197998047 -10.465459823608398 43.20835876464844
v -30.124513626098633 -11.5286226272583 43.838966369628906
v -26.874588012695312 -11.069082260131836 40.71351623535156
v -27.518949508666992 -11.98929214477539 39.78130340576172
v -26.884641647338867 -11.513639450073242 41.35070037841797
v -27.282920837402344 -12.642683029174805 40.582576751708984
v -32.33509063720703 -11.62026309967041 42.549522399902344
v -28.079572677612305 -8.3853178024292 38.710548400878906
v -28.271987915039062 -6.232929229736328 38.44445037841797
v -28.001169204711914 -8.864458084106445 38.633995056152344
v -30.7003231048584 -12.386436462402344 39.695716857910156
v -29.880998611450195 -11.481005668640137 38.888084411621094
v -28.51181411743164 -11.066104888916016 40.000396728515625
v -31.59446907043457 -12.068206787109375 37.852012634277344
v -31.0861873626709 -11.72545051574707 37.5568733215332
v -31.049959182739258 -12.18735122680664 38.081581115722656
v -31.39753532409668 -12.500860214233398 38.89680480957031
v -30.90043830871582 -12.448522567749023 38.951194763183594
v -31.710126876831055 -12.481260299682617 39.66154479980469
v -31.495336532592773 -12.38520622253418 40.43952178955078
v -30.495492935180664 -12.184579849243164 38.745750427246094
v -29.383071899414062 -11.605793952941895 41.31816864013672
v -29.533926010131836 -9.477725982666016 38.65964889526367
v -27.189329147338867 -10.542632102966309 40.113182067871094
v -26.8710994720459 -10.802778244018555 40.788841247558594
v -27.56369400024414 -10.03650188446045 39.49550247192383
v -27.26885986328125 -10.54458236694336 39.660621643066406
v -28.83086585998535 -10.14794921875 39.23699951171875
v -27.918867111206055 -8.95168685913086 38.77345657348633
v -26.87232780456543 -10.996938705444336 41.91388702392578
v -31.95857048034668 -11.628677368164062 37.51408004760742
v -31.87996482849121 -12.320554733276367 38.601051330566406
v -29.961654663085938 -10.46556282043457 43.147605895996094
v -31.003782272338867 -10.456942558288574 42.50817108154297
v -30.963960647583008 -11.275351524353027 42.29871368408203
v -32.06663513183594 -12.183143615722656 40.47533416748047
v -32.527099609375 -11.983031272888184 39.69438171386719
v -32.301841735839844 -12.02192497253418 38.46897888183594
v -32.86112976074219 -11.207826614379883 42.08937072753906
v -32.76025390625 -11.61123275756836 42.65625
v -2.845189094543457 -21.141202926635742 27.08062744140625
v -0.44527697563171387 -21.62701416015625 26.306861877441406
v -1.3653837442398071 -22.316017150878906 27.55925750732422
v 3.141866683959961 -19.75006103515625 24.005672454833984
v 6.018456935882568 -18.651702880859375 23.453975677490234
v 6.777139186859131 -19.851350784301758 24.299991607666016
v 1.333158016204834 -21.660980224609375 25.77948760986328
v -0.12622606754302979 -19.932214736938477 24.784774780273438
v 3.1690611839294434 -21.188922882080078 25.074989318847656
v 3.09096622467041 -16.86905860900879 22.552444458007812
v 4.406679630279541 -16.45990562438965 22.360748291015625
v -1.16793954372406 -18.35348129272461 24.218509674072266
v 1.111495018005371 -17.431732177734375 23.086692810058594
v -3.7201428413391113 -18.82964515686035 25.782772064208984
v -2.660059928894043 -19.583402633666992 25.618885040283203
v -4.244437217712402 -19.68643569946289 26.701438903808594
v -5.033598899841309 -19.88357162475586 27.556900024414062
v -4.095635890960693 -20.837133407592773 27.705291748046875
v -3.9791598320007324 -21.905221939086914 29.10494613647461
v -5.651381015777588 -19.582788467407227 28.049583435058594
v -6.1529974937438965 -21.89116096496582 33.70783996582031
v -7.665846347808838 -19.95109748840332 32.61922836303711
v -6.822808742523193 -20.554000854492188 31.195762634277344
v -5.562408924102783 -21.596023559570312 30.84140968322754
v -6.374762058258057 -19.959510803222656 29.33081817626953
v -4.032318592071533 -22.450448989868164 30.22516632080078
v -7.9287638664245605 -19.951200485229492 34.52173614501953
v -7.357264041900635 -20.817943572998047 34.542564392089844
v -7.6633830070495605 -20.473237991333008 35.99507522583008
v -7.862162113189697 -19.554363250732422 34.40166473388672
v -7.595653057098389 -19.486324310302734 32.37806701660156
v -7.661946773529053 -19.7529354095459 37.011131286621094
v -7.733987331390381 -20.052488327026367 37.089637756347656
v -7.434229373931885 -20.557077407836914 37.49848175048828
v -7.188655376434326 -19.918052673339844 30.951623916625977
v 7.0086541175842285 -16.563758850097656 22.72064208984375
v 7.933994293212891 -18.506595611572266 23.804637908935547
v -2.0750131607055664 -22.927127838134766 29.00263214111328
v 0.0111846923828125 -23.26793670654297 28.220657348632812
v 0.9644380211830139 -22.76303482055664 27.111209869384766
v 2.122011423110962 -23.824453353881836 28.35744857788086
v 3.0580244064331055 -22.943134307861328 26.898578643798828
v 3.7981324195861816 -23.959299087524414 28.351600646972656
v 5.204769134521484 -22.20651626586914 26.056156158447266
v 5.444390773773193 -23.862525939941406 28.278430938720703
v 5.278759479522705 -24.58867645263672 29.659103393554688
v 7.689446926116943 -23.834611892700195 28.931102752685547
v 6.937126636505127 -25.2652645111084 32.361236572265625
v 8.982173919677734 -24.292512893676758 30.84295082092285
v 4.752617359161377 -20.86945915222168 24.794525146484375
v 6.030258655548096 -21.196002960205078 25.191364288330078
v 6.748405456542969 -22.38487434387207 26.502666473388672
v 7.598729133605957 -20.919540405273438 25.303836822509766
v 9.654038429260254 -20.799779891967773 25.97498321533203
v 9.77287483215332 -19.351581573486328 24.961898803710938
v 8.191883087158203 -22.9554500579834 27.71668243408203
v 8.721000671386719 -25.061866760253906 33.693572998046875
v 10.379368782043457 -23.806392669677734 31.049423217773438
v 13.956558227539062 -21.963306427001953 38.80034255981445
v 15.230195999145508 -20.47836685180664 39.14002227783203
v 13.663265228271484 -21.492679595947266 40.84795379638672
v 13.904529571533203 -22.36014175415039 36.84919738769531
v 15.235122680664062 -21.074907302856445 37.19451904296875
v 12.03896713256836 -22.497861862182617 41.646453857421875
v 12.712474822998047 -20.24131202697754 44.36223602294922
v 11.61503791809082 -21.203392028808594 44.60144805908203
v 13.879182815551758 -20.539941787719727 42.11328125
v 10.230156898498535 -24.620899200439453 36.97315979003906
v 12.237028121948242 -23.601762771606445 35.155113220214844
v 11.682151794433594 -23.596837997436523 38.98259735107422
v 11.6768159866333 -23.15700340270996 40.57569885253906
v 11.535608291625977 -23.694738388061523 32.72749328613281
v 10.745113372802734 -24.319501876831055 34.084564208984375
v 11.376030921936035 -22.874691009521484 29.979488372802734
v 13.058002471923828 -22.910093307495117 33.73862838745117
v 14.469462394714355 -21.915998458862305 34.99584197998047
v 13.221888542175293 -22.383438110351562 31.915550231933594
v 12.074782371520996 -19.820049285888672 45.638954162597656
v 9.513035774230957 -19.95551109313965 48.41815948486328
v 8.333911895751953 -25.334842681884766 35.582740783691406
v 6.212001323699951 -25.738143920898438 34.73385238647461
v 12.863738059997559 -21.9725399017334 30.124082565307617
v 14.545607566833496 -21.067419052124023 31.309673309326172
v 14.200592994689941 -21.94072723388672 33.31315612792969
v 15.640273094177246 -20.64902687072754 34.03212356567383
v 15.289511680603027 -19.990402221679688 30.813392639160156
v 15.952550888061523 -20.04869270324707 33.260406494140625
v 9.771231651306152 -23.305803298950195 29.264934539794922
v 14.766448020935059 -20.210628509521484 29.993854522705078
v 14.62585735321045 -20.188873291015625 40.94801330566406
v 13.80970573425293 -19.92164421081543 42.623619079589844
v 15.727192878723145 -20.04807472229004 37.91163635253906
v 15.896005630493164 -20.42377281188965 36.01036071777344
v 14.305266380310059 -19.75242042541504 41.367218017578125
v 15.273195266723633 -19.855350494384766 39.098663330078125
v 8.354744911193848 -21.314939498901367 47.60590362548828
v 7.706892967224121 -18.722408294677734 50.90858459472656
v 9.034612655639648 -18.862485885620117 50.013206481933594
v 9.261817932128906 -18.404998779296875 50.16436767578125
v 9.022913932800293 -18.030017852783203 50.30516815185547
v 10.221844673156738 -18.37154197692871 48.5981559753418
v 9.689237594604492 -18.09723663330078 49.57542037963867
v 12.131430625915527 -19.518648147583008 45.60498809814453
v 13.446322441101074 -19.619525909423828 43.00598907470703
v 11.137229919433594 -18.821950912475586 46.94963836669922
v 10.757530212402344 -18.666580200195312 47.63227844238281
v 11.934088706970215 -19.22935676574707 45.57112121582031
v 12.574653625488281 -17.672483444213867 47.12583923339844
v 12.87923526763916 -19.52193260192871 44.030357360839844
v 13.775431632995605 -19.684383392333984 42.41283416748047
v 12.651824951171875 -19.425161361694336 44.382659912109375
v 15.820169448852539 -19.48858070373535 32.49320983886719
v 15.977897644042969 -19.584327697753906 33.40869903564453
v 16.12864875793457 -19.850732803344727 35.17163848876953
v 11.224767684936523 -19.98917007446289 26.137020111083984
v 11.21337604522705 -22.382308959960938 28.874561309814453
v 12.039481163024902 -20.904556274414062 27.5556640625
v 9.658451080322266 -22.305034637451172 27.58501434326172
v 13.774609565734863 -20.20570182800293 28.485931396484375
v 15.75243854522705 -19.820974349975586 37.4814453125
v 16.034854888916016 -19.712810516357422 35.686180114746094
v -5.462968349456787 -22.5626163482666 34.649391174316406
v -3.9421138763427734 -23.39949607849121 33.15070343017578
v -3.3284354209899902 -23.998088836669922 35.50054168701172
v -1.2639936208724976 -24.440492630004883 31.940078735351562
v -2.1960043907165527 -24.524948120117188 34.76207733154297
v 1.9314427375793457 -25.004091262817383 31.051578521728516
v 2.9744906425476074 -25.674211502075195 33.370216369628906
v 1.5726771354675293 -25.41057586669922 32.848175048828125
v 0.7884417176246643 -25.494213104248047 34.497310638427734
v 3.193690299987793 -25.847436904907227 34.69464874267578
v -0.3502492904663086 -24.090038299560547 30.000015258789062
v 2.6864309310913086 -24.683090209960938 29.948495864868164
v 4.990495204925537 -25.38584327697754 31.90456771850586
v -6.369426250457764 -21.844058990478516 36.249267578125
v -5.23206901550293 -22.779043197631836 36.22977066040039
v 5.234940052032471 -19.095951080322266 51.50409698486328
v 7.528535842895508 -19.94801902770996 49.856807708740234
v 7.005062580108643 -19.062496185302734 51.01622772216797
v 5.856725215911865 -21.746976852416992 48.2535514831543
v 3.7528762817382812 -20.53470802307129 50.10074234008789
v 0.06177711486816406 -22.31899070739746 46.307838439941406
v 2.3394670486450195 -22.514179229736328 47.09382247924805
v 0.23510515689849854 -20.99927520751953 48.34170150756836
v 3.0472490787506104 -21.66118812561035 48.544586181640625
v 4.192815780639648 -22.955245971679688 46.61180877685547
v 1.972594141960144 -20.06911277770996 50.30537414550781
v 1.1667054891586304 -19.032838821411133 51.0457878112793
v 3.1704978942871094 -19.343782424926758 51.35785675048828
v -1.7415951490402222 -21.526445388793945 46.04010009765625
v -0.656062126159668 -19.47052001953125 49.57665252685547
v -1.4838091135025024 -18.5722713470459 49.72986602783203
v -4.5799078941345215 -20.149978637695312 44.40451431274414
v -0.24680662155151367 -18.67879295349121 50.62165069580078
v -2.799112319946289 -23.43726348876953 30.908931732177734
v -7.071461200714111 -20.0544376373291 39.46153259277344
v 12.9019136428833 -19.33916473388672 26.89067840576172
v 13.781076431274414 -19.553438186645508 27.957427978515625
v 12.400299072265625 -19.093795776367188 26.307682037353516
v 1.7498023509979248 -26.784576416015625 59.78300094604492
v 0.4925832748413086 -26.907928466796875 60.425724029541016
v -0.25840282440185547 -27.027484893798828 61.39200973510742
v 1.1289407014846802 -26.891918182373047 59.96074676513672
v 0.3493230938911438 -27.087207794189453 60.48370361328125
v 1.5429167747497559 -27.121280670166016 59.79151916503906
v 2.142843723297119 -26.790531158447266 60.124732971191406
v 2.4662046432495117 -26.922704696655273 59.66057586669922
v 2.7725307941436768 -27.191062927246094 59.72378921508789
v 2.63686466217041 -26.855182647705078 59.789878845214844
v 3.0969181060791016 -27.15298843383789 59.85463333129883
v 1.3994516134262085 -27.05560302734375 61.174964904785156
v 2.6536946296691895 -27.18695640563965 61.04196548461914
v 3.587655544281006 -27.247095108032227 60.313148498535156
v 3.946216106414795 -27.437969207763672 60.943450927734375
v 4.850621700286865 -27.15298843383789 59.80034637451172
v 4.669801712036133 -27.01927375793457 60.21976089477539
v 5.110972881317139 -26.916240692138672 59.783721923828125
v 3.894186496734619 -27.486305236816406 60.750728607177734
v -4.179272174835205 -25.542341232299805 62.290771484375
v -3.052793502807617 -25.887252807617188 60.835697174072266
v -1.8867024183273315 -26.95564842224121 61.706851959228516
v -2.665396213531494 -25.846101760864258 60.57770538330078
v -1.9157441854476929 -26.414831161499023 61.222476959228516
v 8.040515899658203 -18.17327880859375 50.70990753173828
v 7.0693039894104 -18.304737091064453 50.97641372680664
v -0.6361534595489502 -23.740406036376953 61.76483154296875
v -0.4303969144821167 -27.312877655029297 61.369842529296875
v 0.689719557762146 -27.876676559448242 61.138946533203125
v -3.527726650238037 -25.343870162963867 60.94981002807617
v -3.025906562805176 -25.671850204467773 60.5826301574707
v -3.992398262023926 -25.15412139892578 61.709625244140625
v -6.8040289878845215 -19.809480667114258 39.908348083496094
v -7.399338245391846 -19.817073822021484 38.138633728027344
v -6.013636589050293 -19.752525329589844 41.68627166748047
v -5.723934650421143 -19.917747497558594 42.48969268798828
v -5.230324745178223 -19.62034797668457 43.146888732910156
v -4.700899124145508 -19.48858070373535 44.062889099121094
v -5.0159478187561035 -17.976757049560547 45.782928466796875
v -2.8461132049560547 -18.964492797851562 47.47577667236328
v -3.651078701019287 -19.159883499145508 45.777801513671875
v -3.0490989685058594 -18.895118713378906 46.813358306884766
v -2.2680444717407227 -18.504438400268555 48.20829772949219
v 1.6114681959152222 -28.492923736572266 61.02995681762695
v 2.1817374229431152 -28.074020385742188 60.97321319580078
v 3.436288356781006 -29.080944061279297 61.04597091674805
v 3.9004464149475098 -27.97016716003418 60.91328048706055
v 5.235658168792725 -28.70145034790039 60.97587966918945
v 6.642807483673096 -27.91033935546875 61.04155731201172
v 8.001006126403809 -27.60380744934082 61.28856658935547
v 8.157607078552246 -27.086181640625 61.38420867919922
v 9.655475616455078 -26.95564842224121 61.687252044677734
v 8.241141319274902 -27.374242782592773 61.358760833740234
v 3.950423240661621 -27.741527557373047 60.7364616394043
v 5.927944660186768 -26.791759490966797 59.759403228759766
v 5.673031806945801 -27.087207794189453 59.63912582397461
v 6.509912490844727 -27.005006790161133 59.840370178222656
v 6.156585693359375 -27.188600540161133 59.79008483886719
v 6.742453098297119 -26.791044235229492 60.0550537109375
v 7.744144439697266 -26.946720123291016 61.337825775146484
v 7.225801944732666 -26.904335021972656 60.316123962402344
v 5.163207054138184 -28.048057556152344 60.89983367919922
v 4.559175491333008 -27.479740142822266 60.07332229614258
v 5.166901588439941 -27.240013122558594 59.723995208740234
v 5.518894195556641 -23.80618667602539 61.452659606933594
v 5.303799152374268 -27.187265396118164 61.04206848144531
v -0.10713839530944824 -28.496105194091797 61.297393798828125
v 9.655167579650879 -26.2514591217041 61.771812438964844
v -16.237945556640625 -15.356721878051758 12.066143035888672
v -16.038036346435547 -12.538215637207031 12.063987731933594
v -18.250560760498047 -14.472736358642578 12.1851806640625
v -20.292221069335938 -16.859310150146484 12.16219711303711
v -20.29612159729004 -17.505929946899414 12.500129699707031
v -15.760957717895508 -16.923242568969727 12.184978485107422
v -11.649313926696777 -20.360557556152344 12.201602935791016
v -11.232259750366211 -21.824356079101562 12.111297607421875
v -16.316038131713867 -19.719173431396484 11.982917785644531
v -14.654901504516602 -17.979938507080078 12.124946594238281
v -18.448108673095703 -20.969104766845703 12.032791137695312
v -12.944503784179688 -23.041345596313477 12.048492431640625
v -13.187307357788086 -23.564102172851562 12.230644226074219
v 3.5020689964294434 -18.624197006225586 51.575828552246094
v 2.9177403450012207 -18.90291976928711 51.5700798034668
v 4.168186664581299 -19.06126594543457 51.61287307739258
v 4.6040215492248535 -18.666580200195312 51.601280212402344
v 6.0876240730285645 -18.736980438232422 51.420562744140625
v 0.5606213808059692 -18.238956451416016 50.84465026855469
v 1.0526927709579468 -18.69952392578125 51.1424560546875
v -0.135872483253479 -18.143211364746094 50.65890121459961
v 28.98079490661621 -17.25337791442871 12.35943603515625
v 28.681852340698242 -16.627180099487305 12.133563995361328
v 26.421506881713867 -14.001806259155273 12.21432876586914
v 21.099031448364258 -22.943445205688477 12.027557373046875
v 20.297761917114258 -20.24541664123535 12.235671997070312
v 21.149316787719727 -16.890403747558594 11.974807739257812
v 22.292421340942383 -18.236698150634766 12.177486419677734
v 24.445938110351562 -16.92119026184082 12.229415893554688
v 23.256553649902344 -9.611237525939941 11.965370178222656
v 24.306474685668945 -8.577836036682129 12.169994354248047
v 18.264209747314453 -4.051190376281738 11.966495513916016
v 11.544535636901855 -10.739358901977539 12.001388549804688
v 18.78203773498535 -2.6799583435058594 12.359745025634766
v 18.584491729736328 -3.173569679260254 12.096927642822266
v 17.169235229492188 -2.244020938873291 12.41690444946289
v 27.06494903564453 -21.153518676757812 12.09457015991211
v 26.478979110717773 -20.80357551574707 11.965370178222656
v 23.313814163208008 -20.350297927856445 12.423675537109375
v 10.163658142089844 -12.448112487792969 12.591156005859375
v 10.65634536743164 -10.936700820922852 12.121662139892578
v 12.085454940795898 -5.901665687561035 12.09805679321289
v 14.118391990661621 -4.152478218078613 12.009700775146484
v 13.385980606079102 -3.305027484893799 12.425628662109375
v 14.472028732299805 -3.1241049766540527 12.168663024902344
v -3.2245821952819824 -25.174650192260742 60.976287841796875
v -3.8166069984436035 -24.986438751220703 62.193382263183594
v -3.0630555152893066 -25.411602020263672 62.09640884399414
v -2.8955769538879395 -25.508377075195312 60.53470993041992
v -2.397758960723877 -25.79633140563965 60.708343505859375
v -4.768732070922852 -24.355316162109375 60.975772857666016
v -4.6462016105651855 -24.231042861938477 61.2395133972168
v -4.4681525230407715 -24.488725662231445 61.11821365356445
v -3.882387638092041 -25.01506996154785 61.80546951293945
v -1.7667375802993774 -26.328115463256836 61.7284049987793
v 30.70504379272461 -27.71166229248047 49.46345901489258
v 29.83060646057129 -27.3812198638916 50.388389587402344
v 30.652502059936523 -27.38655662536621 49.69682312011719
v 33.53607177734375 -26.057912826538086 50.11408233642578
v 32.87805938720703 -25.41847801208496 50.73997497558594
v 29.27583122253418 -24.77924346923828 45.5612678527832
v 28.614845275878906 -24.342796325683594 46.46720886230469
v 27.91322135925293 -25.113487243652344 48.24462127685547
v 32.399940490722656 -25.672771453857422 45.38671112060547
v 31.835832595825195 -25.47614860534668 44.493896484375
v 33.58358383178711 -25.607093811035156 44.792633056640625
v 32.23759841918945 -25.21354103088379 43.41216278076172
v 32.64346694946289 -25.019378662109375 43.3603401184082
v 34.11034393310547 -25.081260681152344 43.904232025146484
v 33.415794372558594 -24.717571258544922 43.246734619140625
v 35.56572341918945 -26.129850387573242 45.970115661621094
v 36.31188201904297 -25.666000366210938 45.50585174560547
v 34.95204544067383 -26.691396713256836 46.13810348510742
v 28.389074325561523 -24.153457641601562 46.817359924316406
v 28.14914894104004 -23.92266082763672 47.45628356933594
v 29.438688278198242 -24.78653335571289 46.49943923950195
v 30.067869186401367 -25.639934539794922 44.731571197509766
v 29.968324661254883 -25.013734817504883 44.85728454589844
v 30.755224227905273 -25.343563079833984 45.46552276611328
v 32.308712005615234 -25.615407943725586 46.88929748535156
v 28.43412971496582 -25.522127151489258 46.86989974975586
v 30.944974899291992 -25.206769943237305 44.13123321533203
v 32.082637786865234 -28.038002014160156 46.89976119995117
v 34.60128402709961 -26.16371726989746 46.86261749267578
v 32.25032424926758 -28.13949203491211 46.34663391113281
v 34.2725830078125 -26.21482276916504 47.53386306762695
v 34.53714370727539 -25.938051223754883 46.93270492553711
v 32.62130355834961 -28.517654418945312 45.77964782714844
v 33.18869400024414 -23.960735321044922 53.9384880065918
v 31.818899154663086 -23.94995880126953 55.420654296875
v 32.496002197265625 -24.226835250854492 54.92242431640625
v 33.385623931884766 -25.09378433227539 55.888607025146484
v 30.810949325561523 -22.72157859802246 55.61882019042969
v 31.125791549682617 -23.078393936157227 54.016483306884766
v 30.789295196533203 -23.14006805419922 56.601524353027344
v 28.11774253845215 -21.513511657714844 51.90791320800781
v 28.780677795410156 -21.197336196899414 52.94890594482422
v 28.18157958984375 -22.506380081176758 52.18273162841797
v 29.66640853881836 -21.98670196533203 53.24640655517578
v 27.728191375732422 -22.577701568603516 49.966514587402344
v 29.36029052734375 -23.943801879882812 49.29423904418945
v 30.639060974121094 -24.43484878540039 49.45689392089844
v 30.649730682373047 -23.156692504882812 52.21321105957031
v 30.08367156982422 -21.966590881347656 54.1304931640625
v 32.5546989440918 -23.7554931640625 52.062355041503906
v 31.78083038330078 -23.48333740234375 53.040855407714844
v 32.20650100708008 -25.01404571533203 49.06652069091797
v 32.59349060058594 -23.876996994018555 53.83576202392578
v 29.72418975830078 -20.97187614440918 54.147422790527344
v 27.81634521484375 -23.40021324157715 48.46741485595703
v 27.702739715576172 -23.3045711517334 49.06898498535156
v 27.77889060974121 -23.855443954467773 49.75151824951172
v 27.89515495300293 -21.832256317138672 51.27299118041992
v 27.805057525634766 -23.46897315979004 50.72190856933594
v 32.61257553100586 -23.665185928344727 52.88456344604492
v 32.73151779174805 -24.057506561279297 51.546165466308594
v 33.01957321166992 -23.863758087158203 52.56694793701172
v 32.965797424316406 -24.521560668945312 51.490447998046875
v 32.672611236572266 -24.848308563232422 52.29254150390625
v 33.386959075927734 -24.84708023071289 50.714111328125
v 33.85563659667969 -24.926097869873047 50.19115447998047
v 34.10921096801758 -24.979768753051758 49.82550811767578
v 33.75732421875 -23.661592483520508 53.57582092285156
v 32.788368225097656 -25.10824966430664 51.18843078613281
v 30.544235229492188 -24.95370101928711 47.900840759277344
v 29.381324768066406 -21.29010772705078 54.06871795654297
v 30.32647705078125 -20.589815139770508 54.712669372558594
v 30.3203182220459 -21.4295711517334 55.06055450439453
v 30.636802673339844 -22.27815055847168 55.70891571044922
v 30.57440757751465 -22.760881423950195 57.74452209472656
v 32.38270568847656 -25.140169143676758 56.17738723754883
v 33.52170181274414 -25.817163467407227 56.66238021850586
v 32.85856246948242 -25.815929412841797 56.447486877441406
v 30.629207611083984 -23.34562110900879 56.983070373535156
v 31.389942169189453 -24.075773239135742 56.26594924926758
v 30.50513458251953 -24.010713577270508 56.99671936035156
v 32.24252700805664 -25.644245147705078 56.37092971801758
v 34.30009078979492 -24.154277801513672 43.410728454589844
v 30.982330322265625 -19.57293701171875 55.334964752197266
v -1.6379467248916626 -26.62674331665039 61.65800476074219
v 1.8871102333068848 -18.371131896972656 51.17149353027344
v 5.417093276977539 -18.437118530273438 51.30490493774414
v 3.3458786010742188 -25.146528244018555 56.53573989868164
v 0.5014086365699768 -25.148170471191406 56.89994812011719
v -1.0823529958724976 -25.67534065246582 56.9820442199707
v 11.194494247436523 -21.409046173095703 57.80455780029297
v 10.47624397277832 -21.652259826660156 58.00651931762695
v 9.786932945251465 -22.376665115356445 57.35312271118164
v 9.899715423583984 -20.804601669311523 58.936885833740234
v 5.198406219482422 -23.481800079345703 56.46400833129883
v 3.187532901763916 -23.501708984375 56.37113571166992
v 6.144784450531006 -25.744199752807617 56.62307357788086
v 7.04990816116333 -22.94765281677246 57.463748931884766
v 4.028415679931641 -23.157413482666016 56.9729118347168
v 7.933173179626465 -23.105792999267578 56.89645767211914
v 9.04939079284668 -22.384979248046875 57.75478744506836
v 7.634851932525635 -22.416996002197266 58.049312591552734
v 8.729005813598633 -21.795108795166016 58.4795036315918
v 7.7576904296875 -21.225454330444336 58.947662353515625
v -9.775955200195312 -24.860933303833008 62.26439666748047
v -8.214872360229492 -21.01292610168457 61.16716384887695
v -9.37572956085205 -22.87602424621582 61.96310043334961
v -7.203843593597412 -21.071828842163086 60.12175750732422
v -3.2245821952819824 -21.62701416015625 57.72174072265625
v -4.380205154418945 -20.6237850189209 58.22807693481445
v -5.541165828704834 -20.765296936035156 58.90528106689453
v -3.7842812538146973 -21.065671920776367 57.948638916015625
v -4.680580139160156 -19.93560028076172 58.6289176940918
v -5.0916829109191895 -19.95869255065918 58.810455322265625
v -5.720856666564941 -19.552001953125 59.623016357421875
v -5.035959243774414 -19.35630226135254 59.330238342285156
v -7.240479946136475 -24.484106063842773 60.197078704833984
v -3.8965492248535156 -24.143299102783203 58.28770446777344
v -7.01655912399292 -19.841703414916992 60.79731369018555
v -6.025950908660889 -19.21355628967285 60.90229797363281
v -7.058531284332275 -19.808452606201172 61.61890411376953
v -5.360654830932617 -19.00554084777832 60.29826736450195
v -4.569645404815674 -18.86495018005371 59.89301300048828
v -7.013377666473389 -20.084814071655273 60.42911148071289
v -2.2716360092163086 -21.199800491333008 58.608394622802734
v -2.8627381324768066 -18.71358299255371 59.803218841552734
v -1.3825219869613647 -20.60407829284668 59.17568588256836
v -5.167314529418945 -18.96213150024414 61.10908508300781
v -4.328690052032471 -18.651803970336914 60.34793472290039
v -3.238846778869629 -18.433013916015625 60.71357727050781
v -0.24013614654541016 -18.490278244018555 59.85945510864258
v 1.4820621013641357 -17.647239685058594 60.24982833862305
v -8.6514253616333 -21.134429931640625 61.799930572509766
v -9.116815567016602 -21.819942474365234 62.5264892578125
v -9.178182601928711 -21.923282623291016 62.02919006347656
v -8.228111267089844 -20.706804275512695 62.100406646728516
v -7.89777135848999 -20.5728816986084 62.22796630859375
v -8.448440551757812 -21.218578338623047 62.55912399291992
v -7.0066046714782715 -20.738719940185547 62.423667907714844
v -8.457572937011719 -21.903579711914062 62.87386703491211
v -7.002191066741943 -21.971206665039062 62.76087951660156
v -3.0180044174194336 -18.855405807495117 61.136993408203125
v -1.4377321004867554 -22.03390884399414 61.70767593383789
v -5.302159786224365 -23.899572372436523 62.62398147583008
v -4.113492012023926 -24.752464294433594 62.35850143432617
v -6.252129554748535 -23.831226348876953 62.76857376098633
v -8.216104507446289 -23.12775421142578 63.056636810302734
v -5.823068618774414 -23.534753799438477 62.72270965576172
v -5.548451900482178 -23.832969665527344 61.60464096069336
v 0.257989764213562 -22.374921798706055 58.11847686767578
v -0.7577602863311768 -22.909170150756836 57.02853012084961
v -2.4344968795776367 -25.007274627685547 57.630306243896484
v -1.729382872581482 -22.519411087036133 57.27297592163086
v -1.5505131483078003 -22.253211975097656 57.82025909423828
v 1.2119616270065308 -23.27768325805664 56.920677185058594
v 1.5134644508361816 -23.418994903564453 56.59649658203125
v 1.6025400161743164 -22.5780086517334 57.88152313232422
v 1.0433541536331177 -21.317298889160156 58.86217498779297
v 3.8721227645874023 -22.391237258911133 57.77223205566406
v 0.7639151215553284 -19.866331100463867 59.45574188232422
v 6.544701099395752 -21.216323852539062 58.87992858886719
v 4.086294651031494 -20.164960861206055 58.94889450073242
v 7.155300617218018 -20.27322769165039 59.33290481567383
v 2.72706937789917 -22.494577407836914 61.3374137878418
v -0.9117954969406128 -18.1948299407959 60.686588287353516
v 8.389225006103516 -18.04151153564453 60.58170700073242
v 6.015994071960449 -17.573659896850586 60.15398025512695
v 3.8803329467773438 -17.432451248168945 60.02241897583008
v 8.748811721801758 -18.11355209350586 60.12760543823242
v 8.451619148254395 -18.752681732177734 60.88618469238281
v 5.654560089111328 -22.338285446166992 61.33833694458008
v -5.065617084503174 -24.454959869384766 61.10866928100586
v -5.100917816162109 -24.222524642944336 61.041351318359375
v -5.3237104415893555 -23.841590881347656 61.63624954223633
v -4.550250053405762 -24.67621421813965 61.100868225097656
v 8.791091918945312 -20.1980037689209 59.381446838378906
v 11.928135871887207 -19.28333854675293 59.26219940185547
v 10.088949203491211 -18.53522491455078 59.92420959472656
v 8.46054744720459 -18.357587814331055 59.93549728393555
v -3.5589241981506348 -25.1435546875 61.13545608520508
v 1.1444365978240967 -23.39097785949707 61.533729553222656
v 2.1988751888275146 -17.580535888671875 59.988555908203125
v 4.4738969802856445 -17.577354431152344 59.78864669799805
v 3.084500789642334 -18.110986709594727 59.5301399230957
v 4.781351566314697 -18.08492088317871 59.54460906982422
v -5.395545959472656 -19.280670166015625 61.51289749145508
v 13.714165687561035 -23.60125160217285 62.710289001464844
v 14.711033821105957 -21.99635124206543 62.75123596191406
v 14.021312713623047 -23.762981414794922 62.76498794555664
v 16.08903694152832 -22.533266067504883 63.003684997558594
v 15.963634490966797 -24.302978515625 63.06874465942383
v 16.774551391601562 -23.830814361572266 63.11112976074219
v 9.02034854888916 -22.650667190551758 61.7683219909668
v 13.051639556884766 -23.897727966308594 62.621829986572266
v 14.27817440032959 -20.740568161010742 62.35726547241211
v 10.919569969177246 -25.311031341552734 62.12369918823242
v 12.032400131225586 -24.613615036010742 62.38025665283203
v 14.264321327209473 -19.85791778564453 61.93292999267578
v 9.82685375213623 -26.07577133178711 61.83307647705078
v 11.660909652709961 -24.960371017456055 62.215240478515625
v 11.601696968078613 -24.951343536376953 62.293025970458984
v -9.359208106994629 -26.722389221191406 73.39013671875
v -9.62356185913086 -26.887096405029297 72.96066284179688
v -9.101730346679688 -26.755638122558594 73.83684539794922
v -9.769079208374023 -26.527305603027344 71.8527603149414
v -8.859850883483887 -27.237346649169922 74.58075714111328
v -13.017057418823242 -24.270858764648438 77.5074234008789
v -11.531608581542969 -24.963041305541992 76.96988677978516
v -11.650444984436035 -25.343870162963867 77.02099609375
v -10.77692699432373 -25.50519371032715 76.60363006591797
v -11.308303833007812 -25.512786865234375 75.4847412109375
v -11.909667015075684 -25.476255416870117 73.39352416992188
v -10.130102157592773 -25.900901794433594 76.27247619628906
v -9.54074478149414 -26.230934143066406 75.94347381591797
v -8.780729293823242 -26.591854095458984 75.51676940917969
v -8.17741584777832 -27.19999122619629 75.12834167480469
v -8.821367263793945 -26.828296661376953 74.12029266357422
v -8.743990898132324 -27.126001358032227 74.69424438476562
v -8.262386322021484 -27.6285400390625 75.13768005371094
v -8.06648063659668 -27.055706024169922 74.45452880859375
v -7.321447849273682 -27.268644332885742 74.52103424072266
v -7.500523090362549 -27.218873977661133 74.36206817626953
v -12.352890014648438 -24.344335556030273 77.29499053955078
v -10.60565185546875 -26.193679809570312 72.09423065185547
v -13.427236557006836 -24.07556915283203 75.45529174804688
v -12.739466667175293 -24.921890258789062 72.53826904296875
v -11.897248268127441 -25.475330352783203 71.86394500732422
v -14.096227645874023 -23.7161865234375 74.01007843017578
v -13.587223052978516 -23.963607788085938 70.37838745117188
v -14.228918075561523 -22.697153091430664 77.43856811523438
v -13.181148529052734 -23.62506103515625 77.49325561523438
v -15.45760726928711 -22.18999481201172 73.08103942871094
v -14.967281341552734 -22.580678939819336 70.91089630126953
v -15.329229354858398 -21.77632713317871 76.78116607666016
v -15.62539291381836 -21.523876190185547 76.18883514404297
v -14.768913269042969 -22.184865951538086 77.22705841064453
v -14.741205215454102 -22.71695899963379 75.84782409667969
v -15.889646530151367 -21.39314079284668 71.54684448242188
v -15.889030456542969 -21.460662841796875 74.37684631347656
v -15.688404083251953 -21.326332092285156 70.26899719238281
v -15.824172973632812 -21.459121704101562 75.33142852783203
v -14.968616485595703 -21.392419815063477 67.81603240966797
v -15.16462516784668 -21.322124481201172 68.26201629638672
v -15.346879959106445 -22.319503784179688 68.07463073730469
v -15.689020156860352 -21.92759132385254 69.28218841552734
v -15.569364547729492 -21.31186294555664 69.57794952392578
v -14.339544296264648 -21.703569412231445 67.00634002685547
v -14.97774887084961 -22.61772346496582 67.39169311523438
v -14.150925636291504 -21.827022552490234 66.81752014160156
v -7.670567035675049 -27.039077758789062 67.6125259399414
v -6.6934027671813965 -27.15298843383789 67.49359893798828
v -6.207488536834717 -27.350433349609375 67.705810546875
v -7.1463751792907715 -26.91573143005371 67.48445129394531
v -11.403843879699707 -25.501909255981445 69.9388656616211
v -9.367520332336426 -26.395231246948242 69.54684448242188
v -8.28414249420166 -26.43320083618164 68.30984497070312
v -9.768156051635742 -26.814647674560547 72.1217269897461
v -8.357824325561523 -26.595857620239258 68.01419067382812
v -7.944772243499756 -26.594831466674805 67.8364486694336
v -10.302815437316895 -25.478511810302734 68.00823211669922
v -9.09197998046875 -25.008092880249023 66.03482055664062
v -7.918399333953857 -26.824085235595703 67.67266845703125
v -7.9312262535095215 -26.527612686157227 68.3636245727539
v -6.0808539390563965 -28.767230987548828 73.14897155761719
v -6.490622520446777 -28.57009506225586 71.63058471679688
v -5.770320415496826 -28.707096099853516 71.88897705078125
v -6.087934970855713 -28.458236694335938 73.247802734375
v -6.670825958251953 -28.327598571777344 73.17852783203125
v -6.486209392547607 -28.668609619140625 73.18273162841797
v -5.667698383331299 -28.782108306884766 72.69620513916016
v -5.589705944061279 -28.532638549804688 72.72063446044922
v -5.660309791564941 -28.467262268066406 71.92972564697266
v -4.630910873413086 -27.90120506286621 70.93470764160156
v -5.044373035430908 -27.64731788635254 70.6686019897461
v -4.9059367179870605 -27.778059005737305 71.50938415527344
v -4.781149387359619 -28.36751937866211 71.22830200195312
v -4.572518825531006 -28.173973083496094 71.03608703613281
v -4.671446323394775 -28.341449737548828 72.58988952636719
v -4.634091854095459 -27.914031982421875 72.418212890625
v -4.308165550231934 -27.908184051513672 72.49229431152344
v -4.110413074493408 -27.840347290039062 71.58112335205078
v -5.190917015075684 -27.547569274902344 70.14892578125
v -4.7085957527160645 -27.942459106445312 70.07062530517578
v -4.278097629547119 -28.36792755126953 72.58475494384766
v -3.9065041542053223 -28.312000274658203 71.08966064453125
v -12.19126033782959 -24.688425064086914 68.91603088378906
v -13.912227630615234 -22.890491485595703 68.25176239013672
v -13.263248443603516 -22.443572998046875 66.30072021484375
v -11.616271018981934 -23.633167266845703 65.97592163085938
v -12.239903450012207 -23.2298641204834 66.0683822631836
v -6.756207466125488 -26.90597915649414 67.8843765258789
v -7.1136393547058105 -26.762514114379883 68.3788070678711
v -6.800539970397949 -26.92137336730957 68.69641876220703
v -5.587242603302002 -26.803564071655273 67.89381408691406
v -6.42607307434082 -27.054370880126953 68.95112609863281
v -5.249515056610107 -27.563068389892578 68.81997680664062
v -5.90147066116333 -27.2530460357666 69.31707763671875
v -3.877769947052002 -27.41046714782715 69.4339599609375
v -5.583959102630615 -27.38481330871582 69.69184875488281
v -9.816387176513672 -24.71500587463379 65.99859619140625
v -12.532888412475586 -22.975255966186523 66.1072769165039
v -16.04973793029785 -22.20857048034668 69.57814025878906
v -16.149484634399414 -21.852781295776367 73.07457733154297
v -16.106075286865234 -22.25741958618164 75.52774810791016
v -11.830853462219238 -24.863086700439453 65.90613555908203
v -6.809263229370117 -25.804229736328125 66.23934936523438
v -3.84462308883667 -26.64870834350586 67.4074935913086
v -7.725162029266357 -25.54244613647461 66.17890930175781
v -4.557741641998291 -26.32442283630371 66.75994873046875
v -4.110721111297607 -26.45269775390625 67.03559112548828
v -3.6545677185058594 -27.947385787963867 68.43617248535156
v 20.226438522338867 -23.03980827331543 66.10635375976562
v 19.385353088378906 -23.678834915161133 66.02589416503906
v 20.964698791503906 -24.075361251831055 66.1309814453125
v 17.297204971313477 -24.911218643188477 66.01008605957031
v 17.10581398010254 -25.7818603515625 65.85071563720703
v 15.72124195098877 -25.570356369018555 66.09178161621094
v 13.16883373260498 -26.818134307861328 67.67481994628906
v 13.050407409667969 -26.294353485107422 66.51683807373047
v 14.163955688476562 -25.99962615966797 66.30215454101562
v 15.691174507141113 -26.59442138671875 68.14554595947266
v 14.678399085998535 -27.45090103149414 70.21019744873047
v 11.67640495300293 -27.612323760986328 66.83250427246094
v 11.670967102050781 -26.75861358642578 67.51575469970703
v 11.675789833068848 -27.382965087890625 69.13533020019531
v 12.067086219787598 -26.459577560424805 66.89469146728516
v 14.164265632629395 -27.708890914916992 73.87891387939453
v 14.633759498596191 -27.579896926879883 74.20146179199219
v 15.128600120544434 -28.122356414794922 74.53302764892578
v 16.315113067626953 -27.185930252075195 74.04075622558594
v 16.349184036254883 -26.987564086914062 75.32404327392578
v 15.491472244262695 -27.71176528930664 72.88565063476562
v 16.518613815307617 -27.151039123535156 75.4140396118164
v 12.46628475189209 -28.70052719116211 72.75172424316406
v 12.143232345581055 -27.982994079589844 72.54883575439453
v 13.855270385742188 -27.813257217407227 72.04486083984375
v 15.853521347045898 -27.39712905883789 71.79816436767578
v 16.201509475708008 -27.190343856811523 70.59861755371094
v 15.71816349029541 -27.510833740234375 70.35089111328125
v 12.967181205749512 -27.70180892944336 70.4027099609375
v 12.108443260192871 -28.466445922851562 72.6147232055664
v 11.802014350891113 -27.709918975830078 70.39491271972656
v 11.492712020874023 -27.87534523010254 66.86831665039062
v 21.00739097595215 -23.558868408203125 77.49613952636719
v 22.358713150024414 -22.350910186767578 77.32568359375
v 22.539020538330078 -22.917278289794922 77.52671813964844
v 21.854225158691406 -23.75457000732422 77.83478546142578
v 19.504596710205078 -25.519149780273438 77.11520385742188
v 18.94171714782715 -25.240631103515625 76.79789733886719
v 19.992155075073242 -24.449934005737305 77.25271606445312
v 18.11981964111328 -25.801977157592773 76.43789672851562
v 17.809696197509766 -27.085569381713867 76.43789672851562
v 19.79409408569336 -25.762977600097656 77.75402069091797
v 20.2644100189209 -24.177162170410156 68.08592224121094
v 21.591718673706055 -22.332229614257812 67.08905792236328
v 21.88532066345215 -23.08578109741211 69.2785873413086
v 20.987071990966797 -22.503198623657227 66.33211517333984
v 23.25388526916504 -21.326433181762695 69.65018463134766
v 23.121912002563477 -21.32150650024414 69.11809539794922
v 23.318946838378906 -21.976335525512695 69.16889190673828
v 23.454099655151367 -21.387699127197266 70.75809478759766
v 23.587507247924805 -21.452863693237305 72.45606994628906
v 23.9113826751709 -21.98967933654785 72.82612609863281
v 23.51741600036621 -21.527572631835938 74.99102783203125
v 22.859405517578125 -21.325511932373047 68.33611297607422
v 22.49633026123047 -21.502120971679688 67.65819549560547
v 21.28621482849121 -22.247772216796875 66.434326171875
v 22.13705062866211 -21.657695770263672 67.1562728881836
v 20.21874237060547 -24.974533081054688 70.307373046875
v 22.742931365966797 -22.650047302246094 71.72068786621094
v 17.328401565551758 -27.102603912353516 76.04095458984375
v 16.27057647705078 -27.687545776367188 74.93623352050781
v 16.851722717285156 -27.387073516845703 75.74386596679688
v 17.333223342895508 -27.383169174194336 75.712158203125
v 18.50711441040039 -26.06725311279297 70.00546264648438
v 21.881010055541992 -23.7735538482666 72.88369750976562
v 20.021812438964844 -25.337406158447266 71.69954681396484
v 20.574636459350586 -24.90875244140625 73.7822494506836
v 19.174360275268555 -25.870424270629883 73.27079010009766
v 19.004831314086914 -25.9442081451416 73.63417053222656
v 18.86095428466797 -25.935073852539062 70.37777709960938
v 19.399822235107422 -25.750150680541992 71.6041030883789
v 17.498138427734375 -26.824085235595703 68.1922378540039
v 18.488540649414062 -26.520225524902344 68.43391418457031
v 18.40315818786621 -26.353260040283203 68.42621612548828
v 17.601579666137695 -26.596059799194336 68.31466674804688
v 17.958703994750977 -26.305437088012695 69.49563598632812
v 19.14285659790039 -25.939794540405273 69.34191131591797
v 19.417266845703125 -25.94154167175293 74.2777099609375
v 18.71656608581543 -26.06725311279297 73.95845031738281
v 18.81385040283203 -26.156431198120117 75.15328216552734
v 19.833295822143555 -25.937023162841797 73.47490692138672
v 19.30417823791504 -26.265926361083984 74.775634765625
v 19.84930419921875 -25.179059982299805 75.23384094238281
v 19.59162139892578 -26.380762100219727 73.82237243652344
v 19.962804794311523 -26.021583557128906 72.90750122070312
v 19.9005126953125 -25.738039016723633 72.30204010009766
v 21.660064697265625 -23.88140869140625 74.47895050048828
v 20.87172508239746 -24.213184356689453 76.06415557861328
v 22.062957763671875 -23.099224090576172 76.1036605834961
v 22.99076271057129 -21.787412643432617 76.76834106445312
v 23.32007598876953 -21.586477279663086 75.98656463623047
v 17.928224563598633 -26.72393035888672 76.04187774658203
v 17.14388656616211 -26.821212768554688 75.86752319335938
v 17.86418914794922 -26.396873474121094 74.9825210571289
v 17.402084350585938 -26.657840728759766 74.78291320800781
v 18.237937927246094 -26.271059036254883 74.45185852050781
v 17.967939376831055 -26.53489875793457 75.89399719238281
v 18.543031692504883 -26.467885971069336 75.6920394897461
v 18.869266510009766 -26.338481903076172 75.36653137207031
v 16.993236541748047 -26.51827621459961 75.72518920898438
v 18.82062339782715 -26.861339569091797 74.68040466308594
v 18.507320404052734 -26.769079208374023 75.62462615966797
v 17.810827255249023 -27.665071487426758 72.91653442382812
v 16.00899314880371 -27.545310974121094 74.57828521728516
v 16.476537704467773 -27.81900405883789 74.75438690185547
v 16.777631759643555 -27.953439712524414 73.04737854003906
v 16.879533767700195 -28.040874481201172 72.35816955566406
v 17.0831356048584 -27.9796085357666 73.28926086425781
v 17.533132553100586 -27.77928924560547 73.34559631347656
v 17.52081871032715 -27.678617477416992 73.37104797363281
v -6.804131984710693 -20.453020095825195 39.910606384277344
v -6.318320274353027 -21.6286563873291 38.155982971191406
v -6.283121585845947 -21.26465606689453 39.528648376464844
v -5.91019344329834 -20.50371742248535 41.812496185302734
v -5.265010833740234 -21.866430282592773 40.480262756347656
v -4.116159915924072 -21.46548843383789 43.284812927246094
v -3.9421138763427734 -22.829021453857422 40.625572204589844
v 7.038106441497803 -25.652250289916992 36.40504455566406
v 9.674870491027832 -24.076183319091797 41.07998275756836
v 10.690312385559082 -22.64727783203125 43.2811164855957
v 9.137030601501465 -24.76015853881836 39.252593994140625
v 7.9835615158081055 -24.617822647094727 41.36393737792969
v 7.199941158294678 -25.38922882080078 38.90491485595703
v 8.387480735778809 -23.55158233642578 43.806846618652344
v 8.035077095031738 -22.923847198486328 45.314666748046875
v 3.398831367492676 -25.87668228149414 37.29457092285156
v 4.698638439178467 -25.92081069946289 35.95279312133789
v -1.5436376333236694 -24.837329864501953 36.290008544921875
v -2.7305612564086914 -24.22529411315918 37.553489685058594
v 0.9636170864105225 -25.604839324951172 36.07614517211914
v 0.3233599066734314 -25.129186630249023 39.38005065917969
v -4.5701584815979 -22.907733917236328 38.86283874511719
v -2.9236950874328613 -23.69658660888672 39.84851837158203
v -1.6040819883346558 -24.484928131103516 39.24808120727539
v -1.4462496042251587 -23.747690200805664 42.06022644042969
v -1.3530694246292114 -22.977413177490234 43.94117736816406
v -0.42023754119873047 -24.48585319519043 41.09876251220703
v 4.118825912475586 -25.460859298706055 40.2794303894043
v 2.3448033332824707 -25.013633728027344 41.56487274169922
v 0.610803484916687 -23.961349487304688 43.50760269165039
v 1.7841806411743164 -23.402267456054688 45.34258270263672
v 2.4039134979248047 -24.219648361206055 43.82490539550781
v 3.3581929206848145 -24.660205841064453 42.934661865234375
v 5.242841720581055 -24.621519088745117 42.95426559448242
v 5.0644850730896 -25.816442489624023 37.85242462158203
v 6.047396183013916 -25.35033416748047 40.187889099121094
v 6.578977108001709 -23.304777145385742 45.45125961303711
v 6.50283145904541 -24.05268096923828 43.920860290527344
v -5.491394519805908 -24.749591827392578 62.62213897705078
v -9.18382740020752 -23.677600860595703 63.07347106933594
v -8.640547752380371 -26.06222152709961 63.060638427734375
v -5.911733150482178 -24.043651580810547 62.01409912109375
v -6.163875102996826 -24.092912673950195 62.71110916137695
v -1.8430880308151245 10.651430130004883 16.467998504638672
v -1.2386459112167358 11.511604309082031 16.038013458251953
v 1.1660898923873901 8.026363372802734 18.248077392578125
v 1.498584270477295 9.717878341674805 17.474002838134766
v 0.7611443996429443 13.05749797821045 16.172863006591797
v 3.4248971939086914 9.936053276062012 18.392566680908203
v 0.010773897171020508 7.427258014678955 18.598838806152344
v 3.1873278617858887 7.182403564453125 19.2994384765625
v 3.3257646560668945 4.620348930358887 20.944259643554688
v 0.1288917064666748 12.386763572692871 16.044788360595703
v -9.846866607666016 24.030948638916016 13.34634780883789
v -7.860623836517334 23.47104263305664 13.543792724609375
v -7.666257381439209 21.716825485229492 13.127456665039062
v -7.31826639175415 20.058969497680664 13.081790924072266
v -5.627471446990967 18.088634490966797 13.406688690185547
v -7.258129596710205 18.538219451904297 13.281696319580078
v -5.098660945892334 16.956512451171875 13.67586898803711
v -4.897111892700195 19.345439910888672 13.480682373046875
v -3.0673656463623047 17.165346145629883 14.044075012207031
v -5.320425987243652 20.97528076171875 13.581459045410156
v -6.140066146850586 22.52764129638672 13.776435852050781
v -3.750826358795166 19.094837188720703 13.845500946044922
v -3.1118006706237793 20.109355926513672 14.368049621582031
v -5.645223617553711 23.08620834350586 14.299705505371094
v -2.765247344970703 15.247756004333496 14.429420471191406
v -1.2823630571365356 14.651317596435547 14.991069793701172
v -1.7347193956375122 16.63520050048828 14.600181579589844
v -1.1572669744491577 17.784358978271484 15.02236557006836
v -2.5008935928344727 13.50298023223877 15.019187927246094
v 2.288771867752075 13.905050277709961 17.181324005126953
v -2.1243743896484375 20.597219467163086 15.338645935058594
v 0.12919944524765015 18.071800231933594 16.177169799804688
v 0.04823100566864014 19.275554656982422 16.85036849975586
v 1.5485610961914062 17.74557113647461 17.786998748779297
v 5.622952938079834 4.655649662017822 21.96554946899414
v 5.969300746917725 7.450655937194824 21.157405853271484
v 6.967708110809326 4.890140056610107 23.11594009399414
v 3.7956695556640625 7.7749409675598145 19.326732635498047
v 4.4090399742126465 5.50761604309082 20.76313018798828
v 4.425767421722412 9.753180503845215 19.214263916015625
v 5.7668280601501465 8.667647361755371 20.722187042236328
v 3.302572250366211 12.302407264709473 18.01995086669922
v 4.9780778884887695 11.858261108398438 19.93404769897461
v 2.234382152557373 15.420160293579102 17.427204132080078
v 3.7184982299804688 14.434989929199219 19.045551300048828
v 2.9238977432250977 16.820741653442383 19.80382537841797
v -9.27433967590332 -27.24894142150879 73.49214172363281
v -7.725675106048584 -27.907772064208984 71.92972564697266
v -6.94995641708374 -28.44982147216797 71.95024871826172
v -5.5435261726379395 15.737259864807129 14.070243835449219
v -8.948002815246582 20.607894897460938 13.055004119873047
v -4.9557085037231445 13.145651817321777 15.32345962524414
v -16.973125457763672 -16.32423973083496 16.584270477294922
v -16.9350528717041 -16.460315704345703 16.03586196899414
v -16.403884887695312 -16.577817916870117 17.398677825927734
v -18.010425567626953 -16.520862579345703 16.585193634033203
v -16.54437255859375 -15.836170196533203 17.590988159179688
v -18.65509605407715 -16.006010055541992 16.774017333984375
v -18.106891632080078 -16.558935165405273 16.323814392089844
v -18.369192123413086 -16.072200775146484 17.002147674560547
v -19.111454010009766 -15.474735260009766 16.700336456298828
v -7.334583759307861 -21.26681137084961 14.1458740234375
v -8.61838150024414 -18.683101654052734 17.822402954101562
v -10.308357238769531 -20.485858917236328 17.750770568847656
v -9.763435363769531 -20.80829620361328 17.493499755859375
v -9.383221626281738 -21.196617126464844 17.094097137451172
v -8.773853302001953 -20.883928298950195 16.972286224365234
v 5.562713623046875 2.6119375228881836 23.27808380126953
v 6.479023456573486 2.944124698638916 23.675331115722656
v 6.477996826171875 1.3650834560394287 24.859790802001953
v -4.178964614868164 -16.527841567993164 12.426345825195312
v -13.079554557800293 -20.540454864501953 16.140945434570312
v -15.502145767211914 -18.97906494140625 17.65615463256836
v -14.992116928100586 -19.688385009765625 17.165313720703125
v -14.24502944946289 -19.460975646972656 17.462814331054688
v -14.613852500915527 -19.042484283447266 17.76082992553711
v -13.141434669494629 -18.41402816772461 17.834407806396484
v -12.796523094177246 -19.102108001708984 17.230892181396484
v -12.480448722839355 -19.08938217163086 17.37979507446289
v -12.249959945678711 -19.29421615600586 17.470821380615234
v -12.628326416015625 -20.344139099121094 16.97423553466797
v -12.117886543273926 -20.34485626220703 17.461380004882812
v -11.235440254211426 -18.797834396362305 18.03154754638672
v -14.24379825592041 -19.957256317138672 16.89459991455078
v -13.783538818359375 -20.080913543701172 16.504535675048828
v -12.861584663391113 -19.41797637939453 16.224170684814453
v -16.216495513916016 -19.09317970275879 17.09573745727539
v -15.790616989135742 -19.18512725830078 17.376819610595703
v -17.131778717041016 -17.926984786987305 16.587657928466797
v -16.342208862304688 -18.290164947509766 17.48611068725586
v -11.400765419006348 -19.92554473876953 17.868579864501953
v -11.348119735717773 -20.87017822265625 17.491241455078125
v -17.0032958984375 -17.64693260192871 16.943344116210938
v -16.58562660217285 -17.64693260192871 17.414684295654297
v -12.162936210632324 -20.95248031616211 17.113079071044922
v -2.3874964714050293 -13.971839904785156 16.593814849853516
v -2.9400124549865723 -14.984922409057617 17.131141662597656
v -3.3063716888427734 -15.206277847290039 16.718502044677734
v -1.7629402875900269 -14.99508285522461 19.091217041015625
v -3.9017834663391113 -15.88409423828125 17.445064544677734
v -1.102364420890808 -13.618719100952148 19.23386001586914
v -0.9549993276596069 -15.015195846557617 21.17587661743164
v -2.9283132553100586 -17.3839111328125 20.648914337158203
v -3.318070888519287 -16.631078720092773 18.801925659179688
v -2.4347023963928223 -15.936946868896484 19.020408630371094
v -2.07450008392334 -16.724464416503906 21.17926025390625
v -0.04494965076446533 -13.617181777954102 22.29681396484375
v -3.609926700592041 -18.639694213867188 23.437355041503906
v -3.7153191566467285 -18.306379318237305 21.63079833984375
v -1.7772048711776733 -17.148908615112305 23.906436920166016
v -2.4253640174865723 -17.845401763916016 24.492713928222656
v -0.7650464773178101 -15.528099060058594 22.960163116455078
v -4.389852523803711 -18.403562545776367 20.894176483154297
v -12.125686645507812 -18.73482322692871 25.430572509765625
v -11.543307304382324 -18.664630889892578 23.714431762695312
v -9.8391695022583 -19.161216735839844 22.783855438232422
v -10.233750343322754 -18.602031707763672 21.818389892578125
v -10.593029022216797 -19.49945831298828 25.046977996826172
v -9.143086433410645 -19.81748390197754 24.33509063720703
v -10.559061050415039 -19.686023712158203 26.177867889404297
v -4.514743328094482 -17.45441246032715 13.051826477050781
v -3.3907270431518555 -15.670537948608398 12.692237854003906
v -2.289287567138672 -14.065021514892578 13.145519256591797
v -3.9312357902526855 -16.617429733276367 14.590740203857422
v -6.607406139373779 -19.82990074157715 14.943965911865234
v -4.683453559875488 -16.38324737548828 17.221858978271484
v -5.4058074951171875 -16.656940460205078 17.686634063720703
v -7.694990634918213 -19.10333824157715 17.122215270996094
v -6.17978048324585 -19.62742805480957 13.478527069091797
v -6.982489109039307 -19.50725746154785 16.07495880126953
v -7.920040607452393 -20.058645248413086 24.84316635131836
v -9.234419822692871 -20.09292221069336 27.444324493408203
v -6.870425701141357 -20.016056060791016 24.983245849609375
v -6.941439151763916 -19.485708236694336 22.336837768554688
v -4.977978229522705 -19.22217559814453 22.83803939819336
v -8.460241317749023 -19.7529354095459 23.54058837890625
v -6.9086012840271 -20.06572723388672 26.734485626220703
v -11.52627182006836 -15.907697677612305 18.236583709716797
v -8.588723182678223 -18.305456161499023 20.25351333618164
v -8.788527488708496 -18.79608917236328 21.179672241210938
v -9.434430122375488 -16.65868377685547 18.412681579589844
v -6.807621002197266 -16.961624145507812 18.18096160888672
v -7.795971393585205 -16.979785919189453 18.381793975830078
v -5.622340202331543 -17.844682693481445 19.267112731933594
v -6.842820644378662 -18.82697868347168 20.722904205322266
v -5.398624420166016 -18.63292121887207 20.650863647460938
v -4.766782283782959 -18.0428466796875 19.85770034790039
v -5.4119648933410645 -19.653390884399414 24.876007080078125
v -6.0426788330078125 -19.772842407226562 27.589733123779297
v -4.545427322387695 -19.26866340637207 26.6912841796875
v -8.425657272338867 -19.203088760375977 32.025970458984375
v -7.198609828948975 -19.544612884521484 30.99544334411621
v -8.869599342346191 -18.80348014831543 33.72425842285156
v -7.0032172203063965 -19.552412033081055 30.470123291015625
v -6.188093185424805 -19.617576599121094 28.836692810058594
v -2.450711250305176 -14.457756042480469 14.317665100097656
v -2.52418851852417 -14.152454376220703 16.020259857177734
v -1.8606361150741577 -13.361242294311523 14.119915008544922
v -1.6801246404647827 -12.379768371582031 12.691520690917969
v -1.4152582883834839 -12.18735122680664 13.311561584472656
v -1.8143538236618042 -12.946342468261719 17.192306518554688
v -1.806144118309021 -12.546630859375 15.335979461669922
v -1.4802173376083374 -10.640636444091797 17.290924072265625
v -1.3489640951156616 -11.536215782165527 13.878650665283203
v -1.62173330783844 -10.813348770141602 15.961971282958984
v -1.3411649465560913 -10.168371200561523 13.990711212158203
v -1.6565214395523071 -9.452071189880371 15.851242065429688
v 12.829360961914062 -16.241424560546875 50.05610275268555
v 10.019063949584961 -17.188005447387695 51.63483428955078
v 15.55242919921875 -19.487966537475586 31.339534759521484
v 16.856647491455078 -18.961105346679688 33.362518310546875
v 15.088374137878418 -19.585147857666016 30.246408462524414
v 17.469402313232422 -18.265535354614258 35.41054153442383
v 26.972278594970703 -13.40311050415039 17.42618179321289
v 24.739437103271484 -11.321223258972168 17.71895980834961
v 26.34280014038086 -13.77254867553711 17.753543853759766
v 25.852882385253906 -11.65864372253418 17.186763763427734
v 25.41982078552246 -17.778491973876953 17.006763458251953
v 25.461688995361328 -17.382474899291992 16.928977966308594
v 25.13678741455078 -17.64693260192871 17.333717346191406
v 25.075624465942383 -16.429838180541992 17.063922882080078
v 26.73819923400879 -15.736421585083008 17.292667388916016
v 26.478567123413086 -16.165586471557617 17.06290054321289
v 26.672317504882812 -14.875629425048828 17.621673583984375
v 25.357526779174805 -16.460315704345703 15.971824645996094
v 25.355987548828125 -16.130693435668945 17.10897445678711
v 26.280611038208008 -16.49264144897461 16.6212158203125
v 24.418230056762695 -18.88886070251465 17.450603485107422
v 23.716503143310547 -9.834233283996582 17.953346252441406
v 24.2083683013916 -14.226034164428711 18.121646881103516
v 24.787771224975586 -16.296428680419922 17.48590850830078
v 24.656312942504883 -15.420450210571289 17.861602783203125
v 26.073928833007812 -15.141729354858398 17.753032684326172
v 23.154239654541016 -12.748180389404297 18.257007598876953
v 22.19369888305664 -17.005443572998047 18.184040069580078
v 23.449995040893555 -11.916223526000977 18.278247833251953
v 23.964025497436523 -18.115604400634766 17.92635726928711
v 24.273021697998047 -16.100934982299805 17.819835662841797
v 26.47087287902832 -10.389008522033691 15.33761978149414
v 27.730247497558594 -11.705233573913574 15.579811096191406
v 27.829275131225586 -11.23276424407959 14.136432647705078
v 25.939905166625977 -9.315686225891113 13.938987731933594
v 23.564210891723633 -8.782772064208984 17.687149047851562
v 25.637069702148438 -9.117523193359375 12.813125610351562
v 22.073015213012695 -5.408465385437012 16.471797943115234
v 22.64400291442871 -6.214046478271484 17.398265838623047
v 21.159271240234375 -3.7569737434387207 13.41274642944336
v 22.777307510375977 -5.706890106201172 14.900249481201172
v 14.605128288269043 -19.618295669555664 13.363384246826172
v 14.680656433105469 -19.51793098449707 12.846992492675781
v 14.496862411499023 -19.363075256347656 14.290882110595703
v 16.077953338623047 -21.269990921020508 15.109081268310547
v 14.139430046081543 -19.85401725769043 26.127273559570312
v 15.425896644592285 -20.057619094848633 24.991146087646484
v 15.689019203186035 -20.110572814941406 27.589733123779297
v 10.19598388671875 -16.643497467041016 21.44823455810547
v 9.753582000732422 -15.620973587036133 20.63762664794922
v 11.051541328430176 -16.495309829711914 19.366962432861328
v 11.311174392700195 -17.517934799194336 20.840511322021484
v 10.16919994354248 -17.311153411865234 24.080276489257812
v 10.688979148864746 -17.384014129638672 22.029895782470703
v 10.721611976623535 -17.936222076416016 24.634124755859375
v 11.662961959838867 -18.689157485961914 25.567058563232422
v 12.466797828674316 -19.126325607299805 24.693443298339844
v 12.380288124084473 -18.865564346313477 23.027172088623047
v 13.573573112487793 -19.48601531982422 23.60616683959961
v 14.63180923461914 -19.489606857299805 22.521862030029297
v 15.750694274902344 -19.75775909423828 23.26700210571289
v 16.3520565032959 -19.99830436706543 24.493125915527344
v 13.642433166503906 -18.5697078704834 20.547012329101562
v 15.06405258178711 -19.03273582458496 21.16602325439453
v 14.603589057922363 -18.223358154296875 19.750972747802734
v 14.026957511901855 -16.682493209838867 17.918045043945312
v 13.276175498962402 -16.410442352294922 17.49411392211914
v 15.07308292388916 -16.920368194580078 18.146381378173828
v 13.518876075744629 -17.51516342163086 18.938926696777344
v 15.88943862915039 -16.923036575317383 18.3468017578125
v 12.646899223327637 -16.013500213623047 17.36357879638672
v 15.186787605285645 -19.55446434020996 15.6968994140625
v 12.647104263305664 -18.40315055847168 20.929481506347656
v 12.737719535827637 -17.672279357910156 19.457679748535156
v 11.914590835571289 -17.01662826538086 19.1107177734375
v 11.652494430541992 -15.191089630126953 16.965816497802734
v 16.006633758544922 -19.439937591552734 31.179960250854492
v 17.02289581298828 -19.083942413330078 32.140907287597656
v 14.832640647888184 -19.61819076538086 29.730323791503906
v 16.306081771850586 -19.94309425354004 29.04665756225586
v 17.98918342590332 -18.346607208251953 33.29704666137695
v 20.911439895629883 -19.10549545288086 17.388824462890625
v 21.411619186401367 -19.483041763305664 16.030010223388672
v 21.413671493530273 -19.150442123413086 17.20246124267578
v 21.52840232849121 -18.56149673461914 17.762367248535156
v 22.271793365478516 -19.88213539123535 16.89706039428711
v 21.940120697021484 -20.014209747314453 16.171527862548828
v 23.221559524536133 -19.754987716674805 17.134117126464844
v 24.0499210357666 -19.262096405029297 17.39590835571289
v 21.87762451171875 -14.485565185546875 18.08264923095703
v 22.623889923095703 -13.60650634765625 18.17357635498047
v 22.710912704467773 -13.903905868530273 19.33340835571289
v 20.56232261657715 -18.04530906677246 23.303943634033203
v 20.41341781616211 -15.608146667480469 18.148330688476562
v 23.12293815612793 -18.550207138061523 17.951705932617188
v 20.625638961791992 -18.14249038696289 18.012252807617188
v 22.9420166015625 -19.28498077392578 17.618698120117188
v 23.708703994750977 -18.608701705932617 17.881820678710938
v 17.894052505493164 -19.1932373046875 22.678668975830078
v 17.85659408569336 -18.566730499267578 21.24350357055664
v 19.315364837646484 -18.016164779663086 21.46363067626953
v 19.94864273071289 -18.864025115966797 24.647262573242188
v 17.61112403869629 -19.808042526245117 24.517242431640625
v 20.076406478881836 -18.853866577148438 17.909217834472656
v 16.577106475830078 -18.364154815673828 20.26428985595703
v 18.04654884338379 -16.591875076293945 18.41217041015625
v 19.151988983154297 -16.23188018798828 18.30523681640625
v 16.786455154418945 -16.85612678527832 18.411449432373047
v 18.748071670532227 -17.56462860107422 18.305442810058594
v 16.573617935180664 -18.929086685180664 21.24268341064453
v 16.760696411132812 -19.67925262451172 23.293270111083984
v 12.771585464477539 -17.16471290588379 12.821643829345703
v 12.250882148742676 -16.353382110595703 15.18902587890625
v 9.70103931427002 -14.22911262512207 19.100353240966797
v 10.429756164550781 -15.602294921875 19.142837524414062
v 10.638077735900879 -14.000677108764648 17.04894256591797
v 8.98658561706543 -15.461397171020508 22.96149444580078
v 9.542180061340332 -16.4989013671875 23.510826110839844
v 11.712836265563965 -0.5656418800354004 23.320053100585938
v 12.427905082702637 -3.6792898178100586 17.907169342041016
v 10.691544532775879 -1.9708423614501953 22.281829833984375
v 10.666298866271973 -1.0712599754333496 23.18777847290039
v 9.638439178466797 -2.4840540885925293 22.592262268066406
v 10.279415130615234 -12.96265983581543 16.73245620727539
v 10.045745849609375 -11.725655555725098 15.912612915039062
v 11.00833797454834 -14.306182861328125 16.30739974975586
v 11.845525741577148 -4.339659690856934 14.107494354248047
v 10.455103874206543 -6.70858097076416 13.791007995605469
v 10.725101470947266 -6.591797828674316 16.767860412597656
v 11.205473899841309 -5.223027229309082 13.47421646118164
v 10.094696044921875 -7.77020263671875 13.577247619628906
v 10.72150993347168 -6.42903995513916 12.85232925415039
v 11.67835521697998 -4.73875617980957 12.819282531738281
v 8.881604194641113 -13.464374542236328 20.406524658203125
v 9.871288299560547 -10.278791427612305 17.12970733642578
v 9.920649528503418 -11.821710586547852 17.194561004638672
v 9.906693458557129 -9.87466812133789 15.297393798828125
v 9.700321197509766 -11.612874984741211 13.403305053710938
v 9.96621322631836 -10.146512985229492 16.57452392578125
v 10.211479187011719 -8.044407844543457 16.949604034423828
v 9.7628173828125 -9.505433082580566 13.396224975585938
v 8.502519607543945 -4.918036460876465 22.224159240722656
v 8.978787422180176 -3.799048900604248 22.310771942138672
v 11.230000495910645 -4.948822975158691 18.00835418701172
v 12.51595401763916 -3.9169607162475586 16.94826889038086
v 13.660185813903809 -2.8902297019958496 17.680885314941406
v 10.306815147399902 -7.062625885009766 17.6015625
v 11.185257911682129 -5.663891792297363 16.810550689697266
v 8.158737182617188 -13.137422561645508 22.218616485595703
v 13.992064476013184 -2.832967758178711 16.027755737304688
v 15.576032638549805 -2.302412509918213 16.972286224365234
v 15.721549034118652 -2.117180824279785 17.972640991210938
v 13.965691566467285 -2.283017158508301 18.771141052246094
v 14.127012252807617 -2.655841827392578 12.635692596435547
v 13.735612869262695 -2.6707229614257812 13.14962387084961
v 14.760087013244629 -2.2500758171081543 12.943046569824219
v 12.810478210449219 -3.3037967681884766 13.330543518066406
v 13.146051406860352 -3.1595101356506348 12.834880828857422
v 12.643718719482422 -3.8783750534057617 12.489971160888672
v 14.29131031036377 -2.384510040283203 13.93673324584961
v 13.623449325561523 -2.745328903198242 14.073837280273438
v 23.480165481567383 -7.996586799621582 18.428997039794922
v 23.30293846130371 -4.853076934814453 21.310718536376953
v 23.056747436523438 -3.7007369995117188 23.942764282226562
v 23.77889633178711 -5.01983642578125 23.53207015991211
v 22.860124588012695 -3.9627304077148438 21.700275421142578
v 22.597309112548828 -4.447207450866699 19.862728118896484
v 18.956188201904297 -2.692991256713867 16.467693328857422
v 16.893796920776367 -2.042574882507324 17.990188598632812
v 18.11499786376953 -2.1063027381896973 18.25762176513672
v 16.620208740234375 -2.1876816749572754 16.20302963256836
v 15.368224143981934 -0.4788241386413574 21.561939239501953
v 17.515892028808594 -0.5939655303955078 21.503341674804688
v 15.61882495880127 -1.9773073196411133 13.857612609863281
v 16.01751136779785 -1.9238409996032715 13.149314880371094
v 16.088422775268555 -2.056018352508545 12.690082550048828
v 16.88138198852539 -1.8789958953857422 13.67586898803711
v 17.54749870300293 -2.015072822570801 12.88650131225586
v 17.899080276489258 -2.003270149230957 13.62240219116211
v 20.764076232910156 -3.8889451026916504 16.290874481201172
v 18.736679077148438 -2.271831512451172 13.98794174194336
v 18.850692749023438 -2.3828682899475098 12.816513061523438
v 19.235525131225586 -2.453062057495117 13.379802703857422
v 20.23444366455078 -3.0564775466918945 13.109600067138672
v 16.102378845214844 -2.315035343170166 12.357074737548828
v 21.430089950561523 -4.391176223754883 17.2781982421875
v 21.59264373779297 -3.1170239448547363 20.11886978149414
v 21.575504302978516 -2.4186835289001465 21.93404769897461
v 20.046749114990234 -3.299485683441162 16.72671127319336
v 20.28944969177246 -3.0767970085144043 18.043655395507812
v 20.562217712402344 -2.0523242950439453 20.73963165283203
v 20.887836456298828 -3.6987876892089844 12.687004089355469
v 20.84360694885254 -20.081016540527344 17.28445816040039
v 21.346965789794922 -20.344139099121094 16.59320068359375
v 20.91811180114746 -20.638662338256836 17.062999725341797
v 21.34963607788086 -20.679302215576172 16.444602966308594
v 20.722206115722656 -21.19928741455078 16.767452239990234
v 18.033002853393555 -20.566829681396484 17.55425262451172
v 17.43646240234375 -20.99763298034668 17.047607421875
v 18.805641174316406 -20.6334285736084 17.693199157714844
v 19.94464111328125 -20.802858352661133 17.490524291992188
v 19.369752883911133 -20.14607810974121 17.886028289794922
v 20.096315383911133 -20.080093383789062 17.754467010498047
v 16.364473342895508 -19.88829231262207 16.783458709716797
v 16.527952194213867 -21.27060890197754 15.921333312988281
v 17.31557273864746 -19.376724243164062 17.64014434814453
v 15.315885543823242 -18.464826583862305 17.04340362548828
v 11.709141731262207 -15.788246154785156 13.950485229492188
v 9.899919509887695 -12.400087356567383 13.051719665527344
v 9.899715423583984 -11.258111000061035 12.623172760009766
v 10.23251724243164 -13.363088607788086 13.741645812988281
v 10.592411041259766 -13.696403503417969 12.856945037841797
v -5.614335060119629 -27.529817581176758 68.2264175415039
v -5.287997722625732 -27.851123809814453 68.79442596435547
v -7.439566135406494 -28.119789123535156 74.66429138183594
v -7.007630825042725 -28.50246810913086 72.81863403320312
v -6.13267707824707 -28.635772705078125 71.63099670410156
v -5.369787693023682 -28.54967498779297 73.15676879882812
v -6.346540927886963 -28.43299102783203 73.8724594116211
v -6.816959381103516 -28.719818115234375 74.34000396728516
v -5.002504825592041 -29.158832550048828 73.12824249267578
v -4.441984176635742 -28.96190643310547 72.81812286376953
v -7.04026460647583 -28.203941345214844 72.68512725830078
v -7.036570072174072 -28.156734466552734 72.19048309326172
v -8.713613510131836 -27.993669509887695 75.78871154785156
v -7.302052974700928 -28.659889221191406 75.08882904052734
v -6.7685227394104 -28.86102294921875 74.6944580078125
v -6.227807998657227 -29.01834487915039 74.28694915771484
v -8.621253967285156 -2.0395994186401367 17.994396209716797
v -9.711713790893555 -2.3361754417419434 17.360397338867188
v -10.093466758728027 -2.1311373710632324 18.429821014404297
v -7.8706793785095215 -2.208616256713867 16.397808074951172
v -11.478757858276367 -1.6945843696594238 20.58590316772461
v -10.923368453979492 -1.1666984558105469 21.305076599121094
v -8.980738639831543 -0.8713526725769043 20.7808837890625
v -6.851030349731445 -0.7030529975891113 21.141395568847656
v -9.260588645935059 -2.2245235443115234 15.680274963378906
v -10.462494850158691 -2.6419882774353027 16.35665512084961
v -12.029528617858887 -3.397284507751465 17.39980697631836
v -11.907510757446289 -1.463890552520752 21.83481216430664
v -4.734558582305908 0.13382744789123535 23.855228424072266
v -15.201053619384766 -8.895040512084961 18.01543426513672
v -15.343801498413086 -10.606770515441895 18.12359619140625
v -15.385772705078125 -11.523080825805664 19.59201431274414
v -14.110389709472656 -3.4392571449279785 21.444435119628906
v -14.655722618103027 -4.866519927978516 20.137344360351562
v -14.77014446258545 -4.029024124145508 22.22774887084961
v -15.690971374511719 -6.9899702072143555 20.715412139892578
v -14.25436782836914 -6.184491157531738 17.32581329345703
v -16.14917755126953 -8.428214073181152 21.514015197753906
v -16.15235710144043 -7.249295234680176 22.35572052001953
v -15.692817687988281 -5.768052101135254 22.298248291015625
v -16.017822265625 -6.041642189025879 24.21820068359375
v -13.290237426757812 -2.9721221923828125 20.49374771118164
v -14.340879440307617 -2.970172882080078 24.806121826171875
v -14.374128341674805 -3.3387904167175293 22.75666046142578
v -15.372430801391602 -4.535975456237793 25.287212371826172
v -13.582401275634766 -2.453677177429199 22.834449768066406
v -14.961328506469727 -12.367452621459961 18.272705078125
v -13.485629081726074 -4.995002746582031 17.114315032958984
v -14.802265167236328 -3.610840320587158 26.002689361572266
v -15.314554214477539 -8.798576354980469 30.94485092163086
v -15.029470443725586 -10.345906257629395 31.670286178588867
v -13.805295944213867 -8.075912475585938 34.262611389160156
v -15.612464904785156 -12.203052520751953 29.635807037353516
v -14.50743293762207 -12.057432174682617 32.36021041870117
v -15.494037628173828 -6.462082862854004 29.268421173095703
v -16.09571075439453 -7.537662506103516 27.831924438476562
v -16.311935424804688 -9.291980743408203 27.78707504272461
v -16.28258514404297 -11.260574340820312 27.739871978759766
v -13.783025741577148 -6.3989715576171875 33.838890075683594
v -15.035320281982422 -4.682415962219238 28.552841186523438
v -15.69261360168457 -5.800788879394531 27.56562042236328
v -13.748441696166992 -4.955801010131836 32.979331970214844
v -16.5498104095459 -8.236310958862305 24.196136474609375
v -16.473461151123047 -11.036755561828613 23.36038589477539
v -16.628726959228516 -9.824484825134277 23.930347442626953
v -15.197256088256836 -15.409366607666016 27.42841339111328
v -15.91694450378418 -13.935718536376953 26.53940200805664
v -15.455863952636719 -15.071535110473633 25.994380950927734
v -16.085344314575195 -13.435232162475586 24.79935073852539
v -15.098226547241211 -15.047111511230469 23.52191162109375
v -16.018949508666992 -13.038702011108398 23.450180053710938
v -15.566900253295898 -14.458063125610352 27.714832305908203
v -14.804214477539062 -15.478534698486328 28.975231170654297
v -16.612411499023438 -10.743770599365234 25.850502014160156
v -16.45355224609375 -11.857728958129883 26.32748794555664
v -14.671936988830566 -14.852130889892578 30.107357025146484
v -15.922998428344727 -12.729398727416992 28.322559356689453
v -15.228967666625977 -13.628570556640625 29.789329528808594
v -16.57444190979004 -8.395683288574219 25.307735443115234
v -16.284534454345703 -7.181257247924805 26.252777099609375
v -13.748032569885254 -3.259976863861084 30.64837646484375
v -13.919615745544434 -2.6414756774902344 27.900577545166016
v -16.217111587524414 -11.477618217468262 22.443153381347656
v -13.713346481323242 -17.445280075073242 25.639102935791016
v -12.828540802001953 -18.402740478515625 27.112747192382812
v -11.323594093322754 -19.393964767456055 27.745929718017578
v -13.811656951904297 -14.188783645629883 18.118362426757812
v -13.477828979492188 -16.609426498413086 22.428375244140625
v -14.31368350982666 -15.546880722045898 22.2178955078125
v -14.425027847290039 -16.68526268005371 26.015827178955078
v -14.907556533813477 -12.841564178466797 19.195175170898438
v -13.803653717041016 -17.453798294067383 27.39239501953125
v -14.373614311218262 -16.36200523376465 24.274436950683594
v -12.736592292785645 -17.848995208740234 23.79344940185547
v -12.697288513183594 -15.177749633789062 18.11815643310547
v -11.899507522583008 -17.7394962310791 21.977970123291016
v -19.310029983520508 -12.968198776245117 16.638046264648438
v -19.18524169921875 -13.35169792175293 16.94211196899414
v -18.862905502319336 -14.209512710571289 17.305599212646484
v -18.522920608520508 -15.611429214477539 17.230480194091797
v -18.090267181396484 -15.176620483398438 17.62228775024414
v -17.853004455566406 -15.829706192016602 17.387596130371094
v -17.990825653076172 -13.940542221069336 17.742870330810547
v -9.512216567993164 -18.239059448242188 34.444664001464844
v -10.474808692932129 -17.557649612426758 34.10601043701172
v -10.562345504760742 -16.413007736206055 36.358150482177734
v -13.692821502685547 -15.841917037963867 18.177780151367188
v -13.559208869934082 -17.689416885375977 18.09527587890625
v -15.647253036499023 -16.038026809692383 17.909015655517578
v -15.058101654052734 -18.489456176757812 17.956737518310547
v -15.81698989868164 -18.226436614990234 17.818092346191406
v -17.58700942993164 -14.456319808959961 17.875560760498047
v -17.47279167175293 -12.152050018310547 17.386672973632812
v -17.637500762939453 -11.340927124023438 16.82183837890625
v 15.066618919372559 -15.479045867919922 46.22502517700195
v 14.603589057922363 -15.048547744750977 49.101924896240234
v 16.21095085144043 -13.909242630004883 44.88529968261719
v 17.29987144470215 -16.36200523376465 39.955352783203125
v 16.544986724853516 -13.231630325317383 44.4688606262207
v 15.947624206542969 -14.087186813354492 45.657012939453125
v 15.62375259399414 -14.42306900024414 46.372291564941406
v 16.678394317626953 -17.84817123413086 39.40467834472656
v 15.028647422790527 -14.881481170654297 47.89488983154297
v 15.49065113067627 -14.553808212280273 46.703041076660156
v 20.09375 -14.724468231201172 35.54056167602539
v 18.845355987548828 -3.9949536323547363 47.12656021118164
v 21.92195701599121 -4.593648910522461 46.48794174194336
v 22.7642765045166 -5.015115737915039 45.019630432128906
v 20.86146354675293 -4.768105506896973 45.00978088378906
v 23.21314239501953 -5.06673526763916 46.79970932006836
v 20.560062408447266 -4.225442886352539 48.74695587158203
v 25.01384735107422 -5.880525588989258 46.00992965698242
v 21.05162239074707 -4.98248291015625 50.352989196777344
v 23.67494010925293 -5.689547538757324 48.31338119506836
v 25.55681800842285 -6.463315010070801 47.095054626464844
v 23.331159591674805 -5.8738555908203125 42.955909729003906
v 21.673303604125977 -5.936557769775391 42.88459014892578
v 24.71111297607422 -5.999258995056152 43.46696472167969
v 24.704444885253906 -6.676870346069336 42.05467987060547
v 25.553741455078125 -6.267409324645996 43.81382369995117
v 18.904260635375977 -4.45695686340332 45.93307113647461
v 17.099246978759766 -7.1960344314575195 44.10075378417969
v 18.060813903808594 -6.515241622924805 43.906700134277344
v 17.436975479125977 -7.321130752563477 43.811256408691406
v 18.596702575683594 -5.705248832702637 44.314414978027344
v 15.620262145996094 -4.361620903015137 47.43021774291992
v 20.38334846496582 -6.918031692504883 42.354339599609375
v 17.255847930908203 -7.3213348388671875 43.70484161376953
v 15.77019214630127 -3.639472007751465 45.57122802734375
v 16.670185089111328 -6.210249900817871 44.996952056884766
v 16.873374938964844 -6.726950645446777 44.5294075012207
v 16.33810043334961 -5.567119598388672 45.6810302734375
v 16.077749252319336 -5.090953826904297 46.31584930419922
v 16.544267654418945 -3.436999797821045 49.20023727416992
v 18.30679702758789 -3.6265416145324707 48.90181350708008
v 33.37505340576172 -13.232656478881836 46.399993896484375
v 33.55741500854492 -13.962398529052734 48.95979309082031
v 36.798824310302734 -16.601112365722656 50.22019577026367
v 36.092891693115234 -16.35451316833496 51.19992446899414
v 33.723045349121094 -14.744173049926758 50.5781364440918
v 31.5860538482666 -11.717447280883789 47.042510986328125
v 29.145708084106445 -8.951276779174805 45.553672790527344
v 30.03143310546875 -9.774508476257324 44.06104278564453
v 27.07316017150879 -7.250218391418457 45.921783447265625
v 26.575031280517578 -6.826082229614258 43.945796966552734
v 37.38325500488281 -17.01426887512207 49.39378356933594
v 36.85527038574219 -16.450977325439453 48.1253776550293
v 37.62965393066406 -17.678436279296875 50.683223724365234
v 28.38486671447754 -8.371771812438965 43.15088653564453
v 36.43246841430664 -17.782495498657227 52.87286376953125
v 35.711341857910156 -17.393455505371094 53.369346618652344
v 35.68671417236328 -17.94289207458496 53.65617370605469
v 36.839569091796875 -17.1204833984375 51.552940368652344
v 37.26729202270508 -17.777877807617188 51.6351432800293
v 34.835975646972656 -16.32978057861328 52.62379837036133
v 22.6953125 -6.635616302490234 41.873966217041016
v 23.747905731201172 -6.577942848205566 41.94179916381836
v 22.673147201538086 -7.650546073913574 40.979515075683594
v 17.674850463867188 -8.727149963378906 42.724700927734375
v 17.42178726196289 -7.746087074279785 43.27423858642578
v 17.576335906982422 -8.736591339111328 43.04888153076172
v 17.565765380859375 -7.929266929626465 43.38086700439453
v 17.677827835083008 -10.380592346191406 42.58308410644531
v 18.24327278137207 -9.637405395507812 41.30061721801758
v 17.859365463256836 -9.097922325134277 42.81972885131836
v 17.765260696411133 -8.68271541595459 42.96196365356445
v 21.508493423461914 -8.401634216308594 40.910247802734375
v 20.052085876464844 -9.884109497070312 41.177677154541016
v 17.335586547851562 -8.111727714538574 43.54413604736328
v 31.345096588134766 -18.205707550048828 55.08867263793945
v 28.454038619995117 -13.541547775268555 50.77527618408203
v 28.149452209472656 -15.624872207641602 52.274169921875
v 30.630542755126953 -18.3752384185791 54.98707580566406
v 32.20147705078125 -17.537124633789062 54.735652923583984
v 27.638395309448242 -13.917451858520508 50.84465026855469
v 27.647836685180664 -17.509929656982422 53.09709167480469
v 33.06113815307617 -18.170713424682617 55.12233352661133
v 33.46197509765625 -16.980915069580078 54.113868713378906
v 33.91915512084961 -17.839141845703125 54.729393005371094
v 34.705753326416016 -17.151268005371094 53.84089660644531
v 27.073467254638672 -18.708759307861328 53.145015716552734
v 28.533157348632812 -18.76417350769043 54.18437194824219
v 25.754878997802734 -17.390993118286133 51.50255584716797
v 34.932952880859375 -17.553443908691406 54.06892013549805
v 34.892112731933594 -18.041614532470703 54.26348876953125
v 33.679019927978516 -18.372467041015625 54.939048767089844
v 24.69582176208496 -16.138904571533203 49.784358978271484
v 31.954774856567383 -18.703319549560547 55.3929443359375
v 31.159862518310547 -18.91020393371582 55.38534927368164
v 29.67708396911621 -19.94945526123047 55.143470764160156
v 28.628286361694336 -20.40991973876953 54.70250701904297
v 17.461091995239258 -11.784868240356445 43.084800720214844
v 17.236555099487305 -12.285354614257812 43.04949951171875
v 16.87542724609375 -12.625442504882812 43.883094787597656
v 16.111921310424805 -13.924018859863281 45.287166595458984
v 17.13619041442871 -11.912016868591309 43.47886657714844
v 17.431638717651367 -12.08955192565918 43.17295455932617
v 27.00286102294922 -7.714068412780762 42.130210876464844
v 25.71875762939453 -6.990688323974609 42.130523681640625
v 29.043909072875977 -10.212806701660156 41.17439270019531
v 26.931232452392578 -8.836339950561523 40.65277099609375
v 29.177518844604492 -9.289825439453125 42.6827278137207
v 27.919580459594727 -9.651464462280273 40.63142395019531
v 35.87307357788086 -15.948335647583008 45.80592346191406
v 34.58557891845703 -15.833707809448242 43.497135162353516
v 36.94064712524414 -17.20853042602539 45.72576904296875
v 37.00140380859375 -17.8071231842041 44.985870361328125
v 37.333282470703125 -17.120071411132812 47.09351348876953
v 38.25236129760742 -18.504953384399414 46.838497161865234
v 31.693496704101562 -12.69420051574707 42.167362213134766
v 34.59409713745117 -16.73647117614746 42.85226058959961
v 37.65920639038086 -19.099132537841797 44.73085403442383
v 30.520530700683594 -12.080829620361328 41.202205657958984
v 37.74736022949219 -17.414390563964844 48.14979934692383
v 31.41200828552246 -11.791949272155762 42.81931686401367
v 25.063003540039062 -7.806632995605469 40.80803680419922
v 25.766475677490234 -7.81361198425293 41.04508972167969
v 24.942319869995117 -9.383520126342773 39.70515441894531
v 26.262653350830078 -9.646231651306152 39.79330825805664
v 24.288619995117188 -9.730894088745117 39.56189727783203
v 25.82363510131836 -10.606361389160156 39.26634979248047
v 24.747543334960938 -10.886415481567383 39.14997482299805
v 23.87915802001953 -8.280745506286621 40.3541374206543
v 22.534093856811523 -9.62427043914795 39.9915771484375
v 27.739377975463867 -10.662083625793457 39.852935791015625
v 29.96472930908203 -13.226705551147461 50.47110366821289
v 28.821626663208008 -12.356164932250977 50.117469787597656
v 28.118976593017578 -12.879636764526367 50.497276306152344
v 31.14847183227539 -12.703023910522461 49.347599029541016
v 30.09311294555664 -11.844696998596191 49.09853744506836
v 28.383638381958008 -10.157800674438477 48.908172607421875
v 31.20306968688965 -11.745256423950195 47.8297233581543
v 23.25019073486328 -7.767740249633789 51.17149353027344
v 23.567188262939453 -7.174278259277344 50.487728118896484
v 27.171775817871094 -12.118183135986328 50.595890045166016
v 22.144338607788086 -9.53745174407959 52.55596923828125
v 24.802549362182617 -6.597133636474609 48.544891357421875
v 21.673816680908203 -7.21973991394043 34.69126510620117
v 21.74359893798828 -5.534894943237305 33.81138610839844
v 16.324451446533203 -3.106454849243164 43.64275360107422
v 23.379594802856445 -4.172284126281738 25.681896209716797
v 23.308170318603516 -4.573022842407227 28.018489837646484
v 24.176557540893555 -6.328161239624023 27.037220001220703
v 23.84939956665039 -6.387682914733887 28.685840606689453
v 22.401403427124023 -4.698529243469238 31.442466735839844
v 23.4186954498291 -6.809765815734863 30.450626373291016
v 22.606443405151367 -6.192188262939453 32.219207763671875
v 21.145931243896484 -3.8391737937927246 33.73257064819336
v 7.348331928253174 -17.683979034423828 52.50127029418945
v 3.127704620361328 -17.712505340576172 53.67424011230469
v 6.263825416564941 -17.57879066467285 53.744224548339844
v 7.331502437591553 -17.383296966552734 53.872093200683594
v 0.6404611468315125 -17.70911979675293 52.29274368286133
v 2.3460347652435303 -17.645597457885742 53.67793273925781
v 0.1636805534362793 -17.252246856689453 53.904727935791016
v 8.707249641418457 -17.052854537963867 54.071380615234375
v 10.410566329956055 -16.522607803344727 54.40141296386719
v -6.674931049346924 24.39330291748047 14.594642639160156
v -4.260651111602783 22.978151321411133 15.232742309570312
v -1.8784924745559692 21.229679107666016 16.113235473632812
v 14.27458381652832 -15.051525115966797 50.35185623168945
v 13.976365089416504 -14.486795425415039 53.13926696777344
v 17.44826316833496 -3.7991514205932617 52.12721252441406
v 16.952600479125977 -3.997621536254883 53.12849426269531
v 33.79498291015625 -10.019773483276367 61.57169723510742
v 33.550025939941406 -10.509074211120605 61.32386779785156
v 31.18993377685547 -9.254216194152832 61.899681091308594
v 26.823171615600586 -6.403486251831055 63.70387268066406
v 34.62376022338867 -9.894062995910645 62.25916290283203
v 34.6087760925293 -10.074984550476074 61.973873138427734
v 33.971595764160156 -10.424822807312012 61.39714050292969
v 34.31127166748047 -10.991089820861816 61.49966049194336
v 34.87076950073242 -10.428106307983398 62.1290397644043
v 34.78199768066406 -10.562541007995605 62.44624328613281
v 34.70390319824219 -9.995247840881348 62.346187591552734
v 26.4079647064209 -8.154829025268555 62.08285903930664
v 26.343414306640625 -6.684054374694824 63.126827239990234
v 25.64219856262207 -6.75855827331543 62.727943420410156
v 26.04734992980957 -4.91916561126709 65.1926040649414
v 26.983055114746094 -5.02589225769043 67.83111572265625
v 27.187070846557617 -5.469320297241211 67.3642807006836
v 26.755645751953125 -5.714996337890625 64.93512725830078
v 27.21087646484375 -5.710071563720703 65.74687194824219
v 26.065719604492188 -5.395740509033203 64.67375183105469
v 25.094816207885742 -1.9935221672058105 65.58472442626953
v 25.91835594177246 -1.5552244186401367 68.11589050292969
v 24.28492546081543 -2.796433925628662 63.62577438354492
v 21.144800186157227 -3.8065404891967773 59.926979064941406
v 11.196443557739258 -16.192062377929688 54.540470123291016
v 12.766350746154785 -15.317623138427734 54.929298400878906
v 13.978826522827148 -17.38452911376953 55.38442611694336
v 13.466538429260254 -14.715129852294922 55.09298324584961
v 14.105154037475586 -14.155532836914062 53.860904693603516
v 14.17267894744873 -13.691272735595703 55.32080078125
v 18.44123077392578 -4.558551788330078 52.58603286743164
v 17.27811622619629 -4.817056655883789 54.01689147949219
v 17.577362060546875 -6.181207656860352 54.852542877197266
v 17.19817543029785 -7.352840423583984 55.597984313964844
v 27.855953216552734 -6.032918930053711 66.47978973388672
v 29.20204734802246 -7.987248420715332 67.97745513916016
v 28.08983039855957 -6.877495765686035 68.66429901123047
v 28.244688034057617 -7.9494829177856445 69.43355560302734
v 31.6910343170166 -8.44175910949707 64.80931091308594
v 27.804031372070312 -7.003002166748047 69.76101684570312
v -10.676460266113281 -0.5006833076477051 23.18264389038086
v -6.168595790863037 0.9349958896636963 25.310508728027344
v -8.390766143798828 -0.08167839050292969 22.688007354736328
v -9.599958419799805 -0.19681978225708008 23.019271850585938
v -6.131958961486816 1.4020271301269531 26.250728607177734
v -9.525147438049316 0.6527857780456543 27.296443939208984
v -12.269046783447266 -1.2668571472167969 23.482093811035156
v -11.093618392944336 -0.34120798110961914 25.051898956298828
v -3.541170120239258 0.22454500198364258 24.192649841308594
v -11.543000221252441 -0.47872209548950195 26.108596801757812
v -12.109882354736328 -0.8351273536682129 28.084579467773438
v -13.155906677246094 -1.715723991394043 25.130916595458984
v -12.895553588867188 -1.5617918968200684 28.339183807373047
v -4.211392879486084 0.6783390045166016 24.72187042236328
v -1.1451572179794312 3.0231432914733887 26.839366912841797
v -7.91870641708374 2.092158794403076 32.334556579589844
v 18.188783645629883 -3.6344432830810547 50.318607330322266
v 14.747977256774902 -2.782374382019043 47.54001998901367
v 15.027826309204102 -3.6370091438293457 49.010589599609375
v 16.405010223388672 -3.2856321334838867 51.29064178466797
v -11.872722625732422 -1.3353056907653809 32.47535705566406
v 14.803598403930664 -1.986851692199707 45.93840026855469
v 16.675111770629883 -0.724398136138916 39.92918395996094
v 14.626884460449219 -3.3147764205932617 49.95707321166992
v 14.92017650604248 -3.1358041763305664 50.956199645996094
v 12.55248737335205 -0.22709274291992188 47.85240173339844
v 13.65146255493164 -1.4092960357666016 47.90022659301758
v 13.879899024963379 -3.1011176109313965 52.09519958496094
v 13.986113548278809 -4.599498748779297 55.587310791015625
v 13.644793510437012 -3.9022860527038574 54.807899475097656
v 14.122291564941406 -5.037282943725586 56.191036224365234
v 15.470023155212402 -3.3126211166381836 52.64042663574219
v 13.548944473266602 -3.253922462463379 53.314239501953125
v 14.408504486083984 -3.4942617416381836 53.81842041015625
v 14.767989158630371 -4.062991142272949 54.717079162597656
v 12.436935424804688 -3.335300922393799 56.14424133300781
v 21.874853134155273 -3.4993929862976074 31.31244468688965
v 20.162403106689453 -1.9898271560668945 33.543235778808594
v 15.108692169189453 1.1610710620880127 39.25834274291992
v 16.579158782958984 0.18329191207885742 38.33433532714844
v 4.2421770095825195 1.3075129985809326 52.639503479003906
v 2.9346730709075928 1.0181198120117188 53.16492462158203
v 4.883049964904785 -0.47728490829467773 56.04295349121094
v 5.996598243713379 2.8966100215911865 47.43842697143555
v 4.801362991333008 2.2088394165039062 50.197513580322266
v 7.446951866149902 0.9370484352111816 52.33204650878906
v 3.354088306427002 3.2268471717834473 46.598876953125
v 4.73558235168457 4.435218334197998 41.30615997314453
v 2.558769702911377 1.8761396408081055 50.9832878112793
v 9.150473594665527 1.631695032119751 48.782257080078125
v 8.065351486206055 3.5382025241851807 43.28727340698242
v 2.6551313400268555 5.262043476104736 36.6834602355957
v 2.3344383239746094 4.101491928100586 42.52325439453125
v 5.695301055908203 1.4264509677886963 52.08349609375
v 9.360027313232422 3.4753971099853516 42.03754425048828
v 11.22610092163086 2.6436479091644287 42.37958526611328
v 7.317237854003906 -0.874636173248291 56.045413970947266
v 6.458601474761963 -0.6765766143798828 56.044593811035156
v 8.021429061889648 0.19221973419189453 56.5369758605957
v 10.285881042480469 0.12664365768432617 51.2017707824707
v 9.88668155670166 -1.7984375953674316 56.053009033203125
v 8.55341911315918 -1.2359676361083984 56.058448791503906
v 11.982217788696289 1.5682742595672607 44.42811584472656
v 8.772825241088867 0.8753724098205566 51.29772186279297
v 11.380751609802246 3.585920572280884 38.42926025390625
v 12.600309371948242 2.617170810699463 39.9967041015625
v -4.2440266609191895 3.0456178188323975 28.290950775146484
v -5.758621692657471 2.985172748565674 29.783374786376953
v -1.58673894405365 3.765303611755371 28.179405212402344
v -1.5354279279708862 4.361740589141846 29.429027557373047
v -10.51606273651123 0.054910898208618164 32.68819046020508
v -8.521917343139648 0.9391002655029297 36.228641510009766
v -8.320367813110352 1.7582275867462158 33.13182067871094
v -5.626341819763184 3.1254568099975586 35.21638107299805
v -6.344899654388428 2.118840217590332 37.908355712890625
v 8.579177856445312 4.671146869659424 26.592147827148438
v 8.213947296142578 7.01051139831543 25.97272491455078
v 8.566863059997559 5.814249038696289 27.939163208007812
v 8.65121841430664 3.3060708045959473 27.13317108154297
v 7.853949546813965 5.635277271270752 24.355304718017578
v 7.829525470733643 8.147970199584961 27.561107635498047
v 6.697915554046631 9.777605056762695 22.398719787597656
v 6.878735065460205 10.504781723022461 23.762557983398438
v 7.683187007904053 8.254902839660645 24.482864379882812
v 7.566813945770264 9.101840019226074 25.528167724609375
v 7.049600124359131 6.634300231933594 22.72115707397461
v 6.413550853729248 9.059252738952637 21.628131866455078
v 7.2360639572143555 7.762318134307861 23.016292572021484
v 8.106911659240723 6.60279655456543 25.121788024902344
v 7.315698623657227 3.2778494358062744 24.352432250976562
v 7.747735500335693 2.187699317932129 25.63201904296875
v 7.663483142852783 4.521421432495117 24.266845703125
v 5.404265880584717 12.65347671508789 21.215076446533203
v 6.700275897979736 11.04642105102539 24.102035522460938
v 7.761076927185059 7.271889686584473 29.471202850341797
v 8.834705352783203 4.184822082519531 28.861934661865234
v 8.308256149291992 4.9089202880859375 30.78034782409668
v 10.660449981689453 0.08272171020507812 24.070220947265625
v 14.019670486450195 0.7934801578521729 24.97452163696289
v -0.15701258182525635 2.6589386463165283 46.55474853515625
v -0.16748011112213135 1.826573371887207 49.33415985107422
v 1.4768284559249878 2.2210516929626465 49.46510314941406
v 0.9859886169433594 1.0650174617767334 52.285865783691406
v -0.3186417818069458 4.912409782409668 36.19477844238281
v 1.6378419399261475 5.4960198402404785 33.576995849609375
v -0.49648547172546387 4.176611423492432 39.94344711303711
v 1.032578945159912 4.601262092590332 39.376461029052734
v 3.0808064937591553 5.572062015533447 34.064449310302734
v -5.724550724029541 3.2896511554718018 31.73411750793457
v -4.682323932647705 3.79065203666687 32.721031188964844
v -3.649641513824463 3.930217742919922 30.32378578186035
v -3.683198928833008 3.963158369064331 35.61054992675781
v -2.497507095336914 4.595206260681152 32.65524673461914
v -1.7689954042434692 4.7092180252075195 34.88306427001953
v -0.20976006984710693 5.166913032531738 33.95341491699219
v -1.3493746519088745 4.588534832000732 30.121824264526367
v -0.752629280090332 4.9805498123168945 31.388076782226562
v 0.438912034034729 5.327924728393555 32.77644348144531
v -2.816044807434082 9.915119171142578 29.060100555419922
v -4.0663886070251465 3.241727590560913 38.499969482421875
v -1.8672040700912476 3.82790207862854 39.749385833740234
v -1.3511191606521606 2.0896949768066406 47.064781188964844
v 0.45882076025009155 0.3130049705505371 53.59224319458008
v 2.301907539367676 -0.5516862869262695 56.00621795654297
v -1.2131954431533813 -1.5311083793640137 56.04469680786133
v 0.5038716197013855 -0.9395961761474609 56.044593811035156
v 2.0193896293640137 -0.6095647811889648 56.0435676574707
v 20.366004943847656 -1.1581802368164062 23.392406463623047
v 18.844533920288086 -0.3129878044128418 23.745319366455078
v 19.445693969726562 -0.4732823371887207 24.34463119506836
v 20.389402389526367 -0.922971248626709 25.111831665039062
v 16.021100997924805 2.079638957977295 30.7156982421875
v 16.235889434814453 1.983379602432251 31.888151168823242
v 17.265289306640625 0.9562389850616455 27.74582290649414
v 14.362324714660645 -0.8104977607727051 21.18521499633789
v 15.146970748901367 1.4043867588043213 26.70062255859375
v 14.399269104003906 2.5924391746520996 29.14199447631836
v 13.615137100219727 3.3907346725463867 31.93987274169922
v 16.495317459106445 0.13003063201904297 23.260944366455078
v 13.6661376953125 1.0754854679107666 25.434371948242188
v 13.14389705657959 0.023509740829467773 23.597442626953125
v 17.594602584838867 0.705533504486084 33.92950439453125
v 20.948999404907227 -1.5652804374694824 29.443599700927734
v 17.47443199157715 1.0748684406280518 32.416961669921875
v 14.40829849243164 2.6503183841705322 35.62101745605469
v 16.409217834472656 1.1752331256866455 35.95802688598633
v 21.89240264892578 -2.381432056427002 23.329601287841797
v 21.20391273498535 -1.5079154968261719 26.809192657470703
v 22.435680389404297 -2.7754993438720703 25.081558227539062
v 22.13705062866211 -2.580620288848877 27.56377410888672
v 21.8689022064209 -2.785043239593506 29.776195526123047
v 13.887289047241211 -2.4432101249694824 56.85284423828125
v 11.8771333694458 3.8007073402404785 30.051836013793945
v 10.233748435974121 4.6063923835754395 31.818267822265625
v 11.176329612731934 3.2825701236724854 28.07790756225586
v 10.000592231750488 4.392117977142334 30.2191104888916
v 7.8036651611328125 5.164653778076172 31.690093994140625
v 10.903355598449707 4.361845016479492 34.8857307434082
v 7.923834800720215 4.719992637634277 37.94847869873047
v 4.209338188171387 5.575141906738281 34.131874084472656
v 5.881866931915283 5.535837173461914 33.50311279296875
v 5.590831756591797 5.349475860595703 35.944583892822266
v 7.7510199546813965 5.132840156555176 35.35419845581055
v 7.268287181854248 5.3145833015441895 32.392333984375
v 9.554494857788086 4.8523759841918945 33.06645202636719
v 14.145998001098633 3.0622425079345703 33.93104553222656
v 12.14210319519043 3.851095676422119 35.25383758544922
v 12.147541999816895 4.026064872741699 32.8896369934082
v 18.57320213317871 -0.9403138160705566 21.249557495117188
v -6.273885250091553 -13.588857650756836 54.539031982421875
v -12.006131172180176 -12.71133804321289 52.20018005371094
v -11.928035736083984 -13.763107299804688 50.55863952636719
v -7.060685634613037 -12.297464370727539 55.57828140258789
v -7.234117031097412 -14.027666091918945 53.145530700683594
v -6.493393421173096 -12.887744903564453 55.39274215698242
v -12.006234169006348 -14.814674377441406 35.24613952636719
v -9.043543815612793 -17.64241600036621 38.3369026184082
v -6.918246746063232 -15.993490219116211 45.38865661621094
v -8.239295959472656 -13.053274154663086 45.282958984375
v -6.887050151824951 -14.905799865722656 47.723304748535156
v -5.199845314025879 -16.381912231445312 48.58676528930664
v -3.865865707397461 -17.212738037109375 48.86250686645508
v -9.289116859436035 -12.926742553710938 42.351158142089844
v -13.99227237701416 -10.396498680114746 33.87193298339844
v -11.75327205657959 -12.112232208251953 37.53758239746094
v -14.312658309936523 -13.675981521606445 31.872039794921875
v -13.779128074645996 -15.138650894165039 31.759258270263672
v -11.625506401062012 -16.302894592285156 34.207096099853516
v -1.803270697593689 -18.238237380981445 49.11824035644531
v -1.1348954439163208 -18.044076919555664 50.105770111083984
v -1.4078692197799683 -17.298736572265625 51.771732330322266
v -7.644603252410889 -11.507994651794434 55.77901077270508
v -7.991978168487549 -10.685994148254395 55.97583770751953
v -11.794730186462402 -11.65659236907959 53.20587158203125
v -5.954115867614746 -14.44256591796875 52.83910369873047
v -5.625213146209717 -14.356878280639648 55.1217155456543
v -6.054787635803223 -14.651504516601562 51.68952941894531
v -4.296980381011963 -15.533641815185547 54.77731704711914
v -3.5287532806396484 -16.335220336914062 52.09580993652344
v -1.2674823999404907 -16.853153228759766 54.14024353027344
v -2.585453987121582 -16.392175674438477 54.401824951171875
v -0.35148072242736816 -17.118122100830078 54.0056037902832
v -3.4177165031433105 -16.0338191986084 54.566741943359375
v -7.247560977935791 -16.364055633544922 55.67177200317383
v -13.636688232421875 -11.469717979431152 52.39864730834961
v -12.41097354888916 -9.515491485595703 53.640167236328125
v -15.07564926147461 -9.984062194824219 52.395877838134766
v -14.631401062011719 -12.094169616699219 51.558692932128906
v -13.09166431427002 -13.282325744628906 50.88825988769531
v -10.90099811553955 -14.197505950927734 49.06488037109375
v -7.203022480010986 -14.158304214477539 48.7515754699707
v -6.579698085784912 -14.578847885131836 50.154415130615234
v -14.776917457580566 -13.971633911132812 46.88303756713867
v -11.565780639648438 -13.839048385620117 47.114654541015625
v -7.993723392486572 -12.909704208374023 46.96431350708008
v -10.887347221374512 -2.4528560638427734 37.22427749633789
v -7.657124042510986 -2.7353739738464355 44.786373138427734
v -10.18685245513916 -7.229694366455078 41.243865966796875
v -8.623614311218262 -5.5595245361328125 44.56132507324219
v -9.048571586608887 -7.209580421447754 43.99916076660156
v -7.5288472175598145 -4.228521347045898 54.36200714111328
v -13.695490837097168 -4.9452314376831055 51.75418472290039
v -11.491996765136719 -5.451669692993164 53.20012664794922
v -11.392658233642578 -3.837224006652832 51.459251403808594
v -13.793084144592285 -4.18675422668457 50.89996337890625
v -12.95168685913086 -6.423498153686523 52.992210388183594
v -7.457729816436768 -6.742547988891602 56.245628356933594
v -8.188908576965332 -9.670245170593262 56.10822296142578
v -8.153607368469238 -8.406251907348633 56.249732971191406
v -11.544537544250488 -7.71119499206543 54.08924102783203
v -7.7244439125061035 -7.20106315612793 56.23619079589844
v -6.777040004730225 -3.334171772003174 49.397884368896484
v -6.119131565093994 -3.006193161010742 51.00966262817383
v -6.206975936889648 -2.2309885025024414 48.09428024291992
v -5.527106761932373 -3.130878448486328 53.03418731689453
v -12.72879409790039 -3.5703048706054688 50.24687576293945
v -10.625560760498047 -3.189578056335449 49.693946838378906
v -5.702281951904297 -2.9685311317443848 52.046142578125
v -18.26934051513672 -4.630490303039551 41.69437789916992
v -9.937994956970215 -4.19383430480957 46.64752197265625
v -7.984795093536377 -5.099677085876465 46.712379455566406
v -17.43800163269043 -5.262126922607422 41.58580780029297
v -12.894116401672363 -3.3636250495910645 46.92829132080078
v -14.419589042663574 -3.180752754211426 47.85609436035156
v -7.6563029289245605 -4.440332412719727 47.37757110595703
v -7.320626735687256 -3.915524482727051 48.1151123046875
v -19.52779197692871 -3.5605554580688477 42.59016418457031
v -18.35841941833496 -3.2115392684936523 44.35710525512695
v -20.849971771240234 -2.855442523956299 44.344482421875
v -20.367033004760742 -4.780728340148926 39.814659118652344
v -22.81907844543457 -3.2086663246154785 40.866943359375
v -24.2064208984375 -2.5941667556762695 41.75625991821289
v -10.395790100097656 -1.0351366996765137 36.17610168457031
v -9.116199493408203 -1.1948161125183105 39.60407638549805
v -6.480565547943115 0.641291618347168 41.89736557006836
v -2.840571880340576 0.7256472110748291 48.713706970214844
v -5.026107311248779 -0.3115506172180176 46.936302185058594
v -3.4404983520507812 1.9234485626220703 44.31133270263672
v -8.504880905151367 -6.623917579650879 45.682769775390625
v -22.006311416625977 -7.022706031799316 35.48442840576172
v -22.265228271484375 -5.973296165466309 37.008567810058594
v -21.75150489807129 -6.751887321472168 35.56611633300781
v -21.796451568603516 -5.015936851501465 38.055816650390625
v -23.162757873535156 -5.689444541931152 37.902198791503906
v -23.013647079467773 -5.063348770141602 38.1822509765625
v -27.797773361206055 -6.400612831115723 35.189186096191406
v -24.90301513671875 -4.570866584777832 38.23407745361328
v -24.654159545898438 -5.639878273010254 37.790645599365234
v -27.42607307434082 -7.869438171386719 35.17194366455078
v -24.85201644897461 -7.468392372131348 37.39073181152344
v -28.16977310180664 -10.143638610839844 34.62876892089844
v -28.504934310913086 -7.140618324279785 34.62958908081055
v -28.025182723999023 -5.9530792236328125 35.30278778076172
v -27.62300682067871 -5.407234191894531 35.92262268066406
v -28.86483383178711 -6.578866958618164 34.75263214111328
v -29.168596267700195 -5.967138290405273 35.23454284667969
v -24.975059509277344 -9.551100730895996 37.3217658996582
v -24.369176864624023 -9.967334747314453 37.746620178222656
v -23.389759063720703 -10.691228866577148 37.94139862060547
v -27.384719848632812 -11.018899917602539 43.666358947753906
v -27.006248474121094 -11.792359352111816 42.16233444213867
v -31.464754104614258 -11.032855987548828 47.109622955322266
v -29.691455841064453 -12.790870666503906 46.214561462402344
v -29.274394989013672 -13.25533676147461 45.96077346801758
v -28.832509994506836 -13.2989501953125 45.260074615478516
v -29.74286460876465 -13.391925811767578 47.27156448364258
v -30.620590209960938 -12.576698303222656 47.786109924316406
v -27.15279197692871 -14.059686660766602 42.5429573059082
v -29.3735294342041 -11.728324890136719 46.306610107421875
v -28.276607513427734 -12.38592529296875 45.04826354980469
v -27.696279525756836 -13.464786529541016 42.978790283203125
v -27.533010482788086 -12.381921768188477 43.57482147216797
v -11.955536842346191 -10.580191612243652 43.89263916015625
v -8.7841157913208 -9.28787612915039 45.25371170043945
v -8.64865493774414 -10.530523300170898 45.519195556640625
v -15.919610977172852 -10.097766876220703 41.597198486328125
v -8.758255004882812 -8.203985214233398 45.226104736328125
v -15.858757019042969 -7.81135368347168 41.38538360595703
v -16.574851989746094 -6.383065223693848 41.38271713256836
v -15.98231315612793 -9.045278549194336 41.30595397949219
v -17.089807510375977 -11.21408748626709 41.458553314208984
v -8.250789642333984 -12.235891342163086 46.38121795654297
v -19.120283126831055 -10.464126586914062 39.24253845214844
v -18.572280883789062 -9.260271072387695 39.263580322265625
v -17.70338249206543 -9.513131141662598 40.20451354980469
v -18.042856216430664 -7.03656005859375 40.02954864501953
v -18.88414764404297 -8.239389419555664 38.711265563964844
v -17.673315048217773 -12.57310676574707 42.391693115234375
v -18.99744415283203 -6.970163345336914 39.04016876220703
v -20.139726638793945 -5.739522933959961 38.60710525512695
v -8.451210975646973 -11.50871467590332 45.92024230957031
v -19.8599796295166 -11.543911933898926 39.47938919067383
v -19.251535415649414 -12.167545318603516 40.863037109375
v -16.96891975402832 -13.207616806030273 43.7099723815918
v -19.59901237487793 -14.011554718017578 44.92408752441406
v -1.3320316076278687 0.8055896759033203 50.77783966064453
v -2.2548065185546875 -1.9977293014526367 56.0551643371582
v -4.343570232391357 -3.273420810699463 56.13028335571289
v -6.095118045806885 -4.764616966247559 55.65750503540039
v -6.5344414710998535 -5.623560905456543 56.16999816894531
v -5.358294486999512 -4.1649980545043945 56.1233024597168
v -5.597403049468994 -3.78037166595459 54.60019302368164
v -20.879526138305664 -6.128767967224121 36.62568664550781
v -21.290525436401367 -6.464136123657227 35.84719467163086
v -20.431480407714844 -6.71360969543457 36.23027801513672
v -20.89409828186035 -7.021884918212891 35.343631744384766
v -24.29344367980957 -3.1511974334716797 40.196205139160156
v -25.657699584960938 -2.5851359367370605 41.184654235839844
v -25.95591926574707 -2.2522315979003906 42.557838439941406
v -27.096763610839844 -4.587594032287598 37.2752799987793
v -24.562725067138672 -3.658456325531006 39.298362731933594
v -23.890037536621094 -4.462190628051758 38.62445068359375
v -26.64368438720703 -2.8781213760375977 40.69001770019531
v -27.844873428344727 -2.812135696411133 41.95606231689453
v -26.789716720581055 -2.4511117935180664 41.92640686035156
v -27.577850341796875 -4.465987205505371 37.89604187011719
v -29.8585205078125 -5.914185523986816 36.43798828125
v -29.62043571472168 -6.028916358947754 37.20970153808594
v -28.410425186157227 -5.079461097717285 38.063720703125
v -29.474924087524414 -6.788420677185059 37.755035400390625
v -28.872838973999023 -6.13492488861084 37.98357391357422
v -28.138891220092773 -5.180953025817871 38.840877532958984
v -29.511043548583984 -5.626537322998047 36.257476806640625
v -28.043964385986328 -5.2601776123046875 36.00553894042969
v -29.212411880493164 -5.541257858276367 35.94212341308594
v -29.87103843688965 -6.164480209350586 35.51295471191406
v -23.717018127441406 -5.412364959716797 38.097381591796875
v -30.49190330505371 -6.761327743530273 36.07614517211914
v -30.095783233642578 -6.2028608322143555 35.888145446777344
v -28.306058883666992 -6.397432327270508 38.55271530151367
v -29.1138973236084 -8.184589385986328 49.475982666015625
v -30.184444427490234 -9.246929168701172 49.29043960571289
v -28.546092987060547 -9.407123565673828 49.6230354309082
v -28.97843360900879 -2.9116787910461426 43.5464973449707
v -28.12257194519043 -2.450906276702881 43.95000457763672
v -31.51473045349121 -11.428258895874023 48.01639175415039
v -32.53068923950195 -7.853839874267578 47.75019073486328
v -32.531822204589844 -6.991406440734863 47.22425079345703
v -32.64983367919922 -7.688515663146973 47.276283264160156
v -32.26848602294922 -6.202963829040527 46.50611114501953
v -32.06611633300781 -5.672717094421387 46.53617858886719
v -32.177978515625 -6.020707130432129 47.002281188964844
v -31.969038009643555 -7.3603315353393555 48.17750930786133
v -31.035795211791992 -4.3245744705200195 46.30137634277344
v -30.922197341918945 -7.020345687866211 48.675018310546875
v -31.543569564819336 -8.670709609985352 48.73895263671875
v -32.59062194824219 -8.869691848754883 47.60344314575195
v -32.26746368408203 -8.661677360534668 46.637359619140625
v -32.36649703979492 -9.567827224731445 47.486454010009766
v -32.104705810546875 -9.54053020477295 48.37823486328125
v -31.87288475036621 -10.537707328796387 48.34303665161133
v -30.91521644592285 -10.363147735595703 49.00104522705078
v -30.986330032348633 -11.363913536071777 48.73997497558594
v -13.78292465209961 -8.209012985229492 53.042701721191406
v -19.271135330200195 -7.255041122436523 38.41243362426758
v -19.821496963500977 -7.853634834289551 36.184104919433594
v -20.198528289794922 -7.592872619628906 35.53522491455078
v -19.4000301361084 -8.904994010925293 37.62603759765625
v -20.720256805419922 -7.8213090896606445 34.856895446777344
v -16.32086181640625 -6.367157936096191 51.70071792602539
v -16.895442962646484 -7.738287925720215 51.899192810058594
v -16.13521957397461 -5.258638381958008 51.14419937133789
v -17.11310386657715 -8.584814071655273 51.899288177490234
v -21.431631088256836 -6.784623146057129 50.531646728515625
v 15.954707145690918 -28.271873474121094 75.44523620605469
v 13.000534057617188 -29.03671646118164 73.20623779296875
v 15.49065113067627 -27.911468505859375 72.88954162597656
v 15.557868003845215 -28.040977478027344 72.5516128540039
v 15.436056137084961 -27.769847869873047 71.3694076538086
v 15.786920547485352 -27.910032272338867 73.86239624023438
v 22.280208587646484 -23.54768180847168 78.34892272949219
v 23.024215698242188 -22.559125900268555 77.26431274414062
v 20.992307662963867 -24.69622802734375 78.44477081298828
v 19.583410263061523 -25.89905548095703 78.05203247070312
v 20.155424118041992 -25.417245864868164 78.28047180175781
v 23.701828002929688 -22.347932815551758 75.85356903076172
v 24.2083683013916 -22.459583282470703 75.39218139648438
v 17.197660446166992 -27.578563690185547 76.76834106445312
v 17.762901306152344 -27.217025756835938 77.12864685058594
v 17.905853271484375 -27.110504150390625 77.23660278320312
v 16.7385311126709 -27.842405319213867 76.4386215209961
v 18.902517318725586 -26.390817642211914 77.7591552734375
v 15.751105308532715 -28.368133544921875 75.71502685546875
v 13.976055145263672 -29.02686309814453 74.33271026611328
v 14.897292137145996 -28.70052719116211 75.056396484375
v 11.941476821899414 -30.010082244873047 72.68512725830078
v 5.761697292327881 -29.948917388916016 66.43052673339844
v 5.2950758934021 -29.554134368896484 66.23914337158203
v 5.598938941955566 -31.524677276611328 66.23637390136719
v 5.622747421264648 -29.488967895507812 66.43760681152344
v 5.8256306648254395 -29.615093231201172 66.96642303466797
v 5.34967041015625 -29.61098861694336 66.967041015625
v 5.55789041519165 -29.49584197998047 66.87488555908203
v 5.838663578033447 -29.539459228515625 66.73265075683594
v 4.898340225219727 -29.55392837524414 66.60406494140625
v 4.69032621383667 -31.697185516357422 66.63105773925781
v 5.582827568054199 -31.414051055908203 67.08843994140625
v 6.017635822296143 -31.443603515625 66.6341323852539
v 23.45522689819336 -22.74117660522461 76.90010833740234
v 16.93895149230957 -27.882938385009766 72.06128692626953
v 17.24384117126465 -27.912290573120117 72.09227752685547
v 16.007556915283203 -28.034099578857422 73.5976333618164
v 4.834920406341553 -29.621353149414062 66.30584716796875
v 4.900084972381592 -31.73381805419922 66.05504608154297
v 5.0663323402404785 -29.488967895507812 66.30728149414062
v -14.196695327758789 -23.740610122680664 77.87881469726562
v -10.912181854248047 -26.65106964111328 77.12689971923828
v -14.832538604736328 -23.23458480834961 78.15465545654297
v -12.065139770507812 -25.731369018554688 78.14921569824219
v -10.723153114318848 -27.445154190063477 77.59259796142578
v -9.819158554077148 -27.37311363220215 76.97029876708984
v -9.328421592712402 -27.7451171875 76.62384796142578
v -9.161148071289062 -27.77056884765625 76.51209259033203
v -2.6640625 -5.6712799072265625 12.948585510253906
v -3.6534385681152344 -4.3595685958862305 12.69100570678711
v -2.5376319885253906 -6.538331031799316 12.495616912841797
v -2.0873279571533203 -6.9178266525268555 13.028221130371094
v -5.227143287658691 -2.776731491088867 13.008926391601562
v -3.884542465209961 -3.8584671020507812 13.184925079345703
v -7.532027721405029 -2.2567458152770996 12.43014144897461
v -5.697047710418701 -2.7820677757263184 12.494895935058594
v -6.287123203277588 -2.266085147857666 12.97598648071289
v -5.710594654083252 -2.4594240188598633 13.708808898925781
v -4.996243953704834 -2.926969528198242 14.210834503173828
v -3.230534076690674 -5.016963958740234 16.767860412597656
v -2.995838165283203 -4.952517509460449 13.807430267333984
v -5.431360721588135 -2.955394744873047 16.274456024169922
v -0.018062829971313477 -15.517528533935547 22.724029541015625
v 1.5955618619918823 -15.76146125793457 22.37316131591797
v 3.054945945739746 -15.345331192016602 22.03050994873047
v -1.6001824140548706 -8.28208065032959 13.84201431274414
v -2.318432331085205 -6.1847991943359375 13.93170166015625
v -1.5471268892288208 -8.931573867797852 13.051517486572266
v -1.544150710105896 -11.602920532226562 12.618968963623047
v -1.3516324758529663 -11.532830238342285 13.13043212890625
v -0.2820059061050415 -11.451347351074219 20.1708984375
v -1.5642646551132202 -8.669682502746582 17.52541732788086
v 0.22761380672454834 -11.979541778564453 21.96729278564453
v 0.2940101623535156 -11.388647079467773 21.900489807128906
v 2.009127616882324 -12.312446594238281 21.570865631103516
v 2.2680420875549316 -8.962976455688477 21.40216064453125
v 2.9552998542785645 -12.437234878540039 21.45511245727539
v 4.4806694984436035 -13.78732681274414 21.618587493896484
v 6.81490421295166 -15.087339401245117 22.226516723632812
v -0.5810456275939941 -8.85224723815918 19.499347686767578
v 0.3602011203765869 -9.246417045593262 21.833885192871094
v 3.8392839431762695 -9.953993797302246 21.244632720947266
v -1.9455047845840454 -1.383845329284668 23.0675048828125
v 9.63669490814209 -1.403754711151123 23.137386322021484
v 8.222773551940918 -6.198755264282227 22.081924438476562
v 8.584206581115723 -9.891188621520996 19.991619110107422
v 7.9258880615234375 -8.317997932434082 21.89977264404297
v 7.993515491485596 -12.115926742553711 22.031230926513672
v 6.6314167976379395 -12.966045379638672 21.75507354736328
v 5.593397617340088 -11.940751075744629 21.44289779663086
v 5.042113304138184 -5.820389747619629 21.67430877685547
v 5.592268943786621 -8.466902732849121 21.382556915283203
v 4.406679630279541 -7.811867713928223 21.343151092529297
v 3.939955711364746 -5.114249229431152 21.801048278808594
v 2.6984379291534424 -6.488559722900391 21.588825225830078
v 2.759497880935669 0.9440267086029053 24.51108169555664
v 5.153253078460693 0.9708099365234375 24.53160858154297
v 1.5556418895721436 1.298276424407959 24.794933319091797
v -1.985937237739563 -7.662962913513184 16.866992950439453
v -2.2951369285583496 -6.716072082519531 16.96664047241211
v -1.867101788520813 -7.434732437133789 17.545940399169922
v -3.199953079223633 -4.5556793212890625 17.962894439697266
v -0.6993685960769653 -3.9343042373657227 22.296916961669922
v -4.539577007293701 -3.584980010986328 16.294979095458984
v -4.716291904449463 -3.370706081390381 17.294105529785156
v -4.257162570953369 -3.2676734924316406 18.40119171142578
v -1.7180949449539185 -2.5142245292663574 22.39071273803711
v -3.142587661743164 -0.8680686950683594 23.08484649658203
v -0.36287176609039307 -2.7769365310668945 22.62222671508789
v 0.09533429145812988 -6.674407958984375 22.032459259033203
v 21.55487823486328 -17.054187774658203 44.88981246948242
v 21.72379493713379 -17.09410858154297 46.37054443359375
v 15.860601425170898 -15.297611236572266 51.419532775878906
v 15.491676330566406 -14.827810287475586 52.65992736816406
v 21.30550765991211 -16.115507125854492 49.570701599121094
v 22.59566879272461 -16.9722957611084 47.78651809692383
v 23.08712387084961 -17.19898796081543 47.67414855957031
v 22.770740509033203 -17.579919815063477 46.343040466308594
v 23.58340072631836 -16.316234588623047 49.260169982910156
v 23.791826248168945 -10.351140022277832 19.255615234375
v 24.47149085998535 -9.699081420898438 21.517093658447266
v 23.725021362304688 -12.00098991394043 20.16669464111328
v 23.33382797241211 -15.220439910888672 23.746654510498047
v 24.030012130737305 -13.687990188598633 23.365413665771484
v 24.603771209716797 -11.855062484741211 23.321697235107422
v 24.780691146850586 -11.771425247192383 25.46033477783203
v 24.382211685180664 -13.436668395996094 25.54007339477539
v 24.362096786499023 -12.957733154296875 27.28453826904297
v 10.170431137084961 -7.798833847045898 13.03786849975586
v 10.330931663513184 -8.185513496398926 12.561702728271484
v 11.4114351272583 -5.868313789367676 12.359230041503906
v 8.618585586547852 -12.079599380493164 20.26274871826172
v 24.304628372192383 -7.59512996673584 21.448848724365234
v 24.731534957885742 -8.334007263183594 23.167659759521484
v 24.900859832763672 -10.614672660827637 24.434627532958984
v 23.781566619873047 -6.4770660400390625 20.54803466796875
v 24.1419734954834 -6.218459129333496 22.47907257080078
v 24.835800170898438 -8.396503448486328 24.797908782958984
v 24.503509521484375 -6.795501708984375 24.85958480834961
v 10.126713752746582 -11.356114387512207 12.373802185058594
v 10.556801795959473 -8.69554328918457 12.293861389160156
v -13.71601390838623 -12.710105895996094 58.279388427734375
v -11.210094451904297 -26.392459869384766 77.75648498535156
v -15.397062301635742 -22.64543342590332 77.38191986083984
v -15.990728378295898 -8.809966087341309 57.663761138916016
v -13.950916290283203 -7.844398498535156 58.96982955932617
v -4.801673412322998 -29.26156234741211 73.31532287597656
v -4.2771735191345215 -29.07632827758789 73.22943115234375
v -3.872023105621338 -30.129840850830078 72.53242492675781
v -3.4468612670898438 -29.750244140625 72.6196517944336
v -6.5489115715026855 -29.561420440673828 74.43512725830078
v -8.386866569519043 -28.171512603759766 75.97661590576172
v -8.577948570251465 -1.9913663864135742 12.791679382324219
v -7.163513660430908 -1.9681735038757324 13.527889251708984
v -8.10096263885498 -1.881253719329834 13.795112609863281
v -10.43057918548584 -2.350644588470459 12.916366577148438
v -11.154267311096191 -2.7120790481567383 12.817436218261719
v -10.940095901489258 -2.5103249549865723 13.854328155517578
v -9.640596389770508 -2.3839969635009766 12.425521850585938
v -9.27392864227295 -1.968071460723877 13.262096405029297
v -17.855981826782227 -9.91161060333252 14.719734191894531
v -14.441551208496094 -5.607551574707031 14.270149230957031
v -17.453805923461914 -9.249187469482422 13.248245239257812
v -11.874364852905273 -3.3062591552734375 12.558521270751953
v -13.838340759277344 -4.95497989654541 12.88424301147461
v -12.962668418884277 -3.9519553184509277 13.264766693115234
v -12.263710975646973 -3.337045669555664 13.741954803466797
v -17.80898094177246 -10.637557029724121 15.997581481933594
v -19.249893188476562 -11.883590698242188 15.90481185913086
v -19.179597854614258 -12.758955001831055 16.73686981201172
v -6.812546253204346 -2.3934383392333984 16.669139862060547
v -7.139705181121826 -2.1778297424316406 17.85616683959961
v -5.874583721160889 -2.375274658203125 18.365577697753906
v -10.86682415008545 -2.742762565612793 17.295852661132812
v -12.16724681854248 -3.668924331665039 15.915996551513672
v -12.740184783935547 -4.10178279876709 17.15310287475586
v -9.852511405944824 -2.1235437393188477 14.054130554199219
v -4.3417229652404785 7.869351863861084 20.82952880859375
v 0.8390343189239502 1.6396992206573486 25.067909240722656
v 0.05469620227813721 2.0563440322875977 25.50436019897461
v -13.527703285217285 -5.123690605163574 16.14299774169922
v -14.800931930541992 -7.456693649291992 17.233867645263672
v -15.352420806884766 -9.483267784118652 17.820247650146484
v -10.918237686157227 -5.337759017944336 57.918880462646484
v 26.284408569335938 -24.518381118774414 50.23035430908203
v 26.41740608215332 -25.077465057373047 49.05759048461914
v 26.52638816833496 -24.59391212463379 50.362117767333984
v 26.80695915222168 -25.017330169677734 49.518775939941406
v 25.95242691040039 -24.553272247314453 48.86456298828125
v 26.71870231628418 -25.49770164489746 46.996742248535156
v 27.827533721923828 -25.607608795166016 47.4091796875
v 27.668264389038086 -23.788227081298828 51.28582000732422
v 28.88617706298828 -25.99757194519043 45.174076080322266
v 30.688520431518555 -25.709613800048828 43.92168426513672
v 27.34161949157715 -25.873502731323242 46.579376220703125
v 27.82588768005371 -26.000240325927734 45.74885940551758
v 29.053142547607422 -26.00003433227539 44.226776123046875
v 31.26618003845215 -25.453367233276367 43.868011474609375
v 26.643892288208008 -23.851444244384766 51.640785217285156
v 26.379230499267578 -23.329509735107422 51.94352340698242
v 26.743741989135742 -23.170652389526367 52.4879264831543
v 26.707622528076172 -22.543426513671875 52.840126037597656
v 27.703258514404297 -22.93677520751953 52.859317779541016
v 28.198095321655273 -21.550457000732422 54.258052825927734
v 28.467479705810547 -20.920873641967773 54.60593795776367
v 27.231094360351562 -22.289541244506836 53.446311950683594
v 19.576435089111328 -15.183290481567383 51.360015869140625
v 24.343420028686523 -21.2504940032959 48.42277526855469
v 24.37738800048828 -21.65964698791504 46.51339340209961
v 25.161725997924805 -22.9110164642334 49.268890380859375
v 24.702699661254883 -21.1957950592041 49.790000915527344
v 25.91753578186035 -24.268600463867188 46.50569534301758
v 25.59006690979004 -22.514589309692383 51.042091369628906
v 23.1487979888916 -17.573453903198242 47.141334533691406
v 23.11883544921875 -18.431167602539062 45.33683395385742
v 24.011028289794922 -20.73892593383789 47.31517791748047
v 24.304115295410156 -19.659034729003906 49.50614929199219
v 23.616960525512695 -17.3053035736084 48.194644927978516
v 25.095842361450195 -18.95125389099121 51.04362869262695
v 24.023958206176758 -17.186365127563477 48.895240783691406
v 25.102821350097656 -20.081016540527344 51.0317268371582
v 25.7716064453125 -21.672990798950195 51.79749298095703
v 27.24330711364746 -20.611366271972656 53.677520751953125
v 27.09480857849121 -21.594074249267578 53.5179443359375
v 20.906822204589844 -16.602447509765625 44.176795959472656
v 20.745193481445312 -16.04767417907715 43.071048736572266
v 19.82293128967285 -8.713296890258789 38.223297119140625
v 19.58608055114746 -6.57158088684082 38.43531799316406
v 37.81272888183594 -20.09764289855957 48.44781494140625
v 36.5360107421875 -19.159677505493164 51.717445373535156
v 36.871273040771484 -18.074556350708008 52.35688018798828
v 35.55350875854492 -19.026987075805664 51.93418502807617
v 36.231632232666016 -18.49407386779785 52.91822052001953
v 37.250667572021484 -19.421876907348633 50.465972900390625
v 24.142589569091797 -11.82971477508545 28.95891571044922
v 30.57317352294922 -25.681289672851562 42.95231628417969
v 27.29441261291504 -25.514942169189453 45.423553466796875
v 28.62788200378418 -25.93158721923828 44.360389709472656
v 31.994487762451172 -25.373424530029297 42.95088195800781
v 33.71031951904297 -24.5883731842041 42.272342681884766
v 34.05266571044922 -24.453731536865234 43.207435607910156
v 34.94927215576172 -24.015024185180664 42.86857604980469
v 23.386470794677734 -16.133464813232422 40.31965637207031
v 24.30668067932129 -21.068546295166016 44.98854064941406
v 25.195384979248047 -21.42536163330078 43.43217468261719
v 23.634611129760742 -18.310894012451172 42.21959686279297
v 26.24458885192871 -20.856836318969727 41.731529235839844
v 26.807573318481445 -19.751602172851562 40.6485595703125
v 28.877559661865234 -23.227401733398438 42.015071868896484
v 29.37147331237793 -22.169675827026367 41.308624267578125
v 27.917734146118164 -24.961091995239258 43.93419647216797
v 29.547061920166016 -25.608327865600586 43.228981018066406
v 30.158891677856445 -24.491085052490234 42.160179138183594
v 31.369009017944336 -24.886281967163086 42.028106689453125
v 32.23431396484375 -24.874271392822266 41.971046447753906
v 31.029638290405273 -25.347360610961914 42.421146392822266
v 23.279130935668945 -18.481966018676758 43.445106506347656
v 21.761558532714844 -16.88845443725586 43.343101501464844
v 22.827489852905273 -18.008159637451172 44.324161529541016
v 27.843435287475586 -19.056339263916016 40.02267074584961
v 29.060121536254883 -19.27081871032715 40.03662872314453
v 23.371898651123047 -15.039621353149414 39.757083892822266
v 25.61859703063965 -16.369291305541992 39.407554626464844
v 31.932296752929688 -21.104976654052734 40.9454460144043
v 31.45100212097168 -17.198678970336914 40.29338836669922
v 33.47850036621094 -19.676071166992188 41.32350158691406
v 34.590816497802734 -22.572673797607422 41.65199279785156
v 30.75050926208496 -18.25260353088379 40.076751708984375
v 33.021934509277344 -24.502166748046875 41.83445739746094
v 33.29439926147461 -22.728349685668945 41.35326385498047
v 34.07976150512695 -24.14237403869629 41.96499252319336
v 32.01644515991211 -23.920198440551758 41.54619216918945
v 34.698158264160156 -24.075876235961914 42.387176513671875
v 35.78522872924805 -23.302928924560547 42.590572357177734
v 35.61703109741211 -23.435823440551758 43.69868469238281
v 28.742095947265625 -15.956750869750977 39.28984832763672
v 27.82732582092285 -14.079490661621094 39.02580261230469
v 29.516889572143555 -14.591060638427734 39.56549072265625
v 28.4608097076416 -17.64939308166504 39.52936553955078
v 26.23678970336914 -14.992107391357422 38.94329071044922
v 24.810758590698242 -14.80584716796875 39.128318786621094
v 36.897857666015625 -21.657594680786133 42.97869110107422
v 37.39680099487305 -20.941808700561523 43.55316925048828
v 37.23363494873047 -21.855859756469727 43.445411682128906
v 37.92694854736328 -21.08373260498047 44.48969268798828
v 38.19089126586914 -20.360557556152344 45.01316833496094
v 38.45791244506836 -20.13971710205078 46.338836669921875
v 37.54396438598633 -20.101848602294922 43.978633880615234
v 34.87333297729492 -18.934219360351562 42.195068359375
v 35.621856689453125 -21.67216682434082 42.07489776611328
v 36.9051399230957 -20.828615188598633 46.464134216308594
v 36.73602294921875 -20.40581512451172 47.020240783691406
v 37.459815979003906 -20.490272521972656 47.44519805908203
v 38.452064514160156 -19.4186954498291 46.236106872558594
v 37.720062255859375 -21.391292572021484 45.76466369628906
v 38.38546371459961 -20.01554298400879 47.35920333862305
v 38.121826171875 -20.047664642333984 48.01557159423828
v 37.727760314941406 -21.594482421875 44.829368591308594
v 35.52528762817383 -23.015077590942383 42.15987014770508
v 36.609901428222656 -22.769298553466797 43.75676727294922
v 36.45063018798828 -22.32186508178711 42.66938781738281
v 37.04142761230469 -22.339000701904297 43.62643814086914
v 20.110170364379883 -13.097503662109375 41.27085876464844
v 20.4261417388916 -13.962091445922852 41.372352600097656
v 22.21453094482422 -12.838689804077148 39.781612396240234
v 23.3162784576416 -13.14378547668457 39.308319091796875
v 24.80049705505371 -13.173442840576172 38.90049743652344
v 26.26767921447754 -12.243484497070312 38.915687561035156
v 26.087373733520508 -14.032798767089844 38.833900451660156
v 35.08504104614258 -18.33942222595215 54.0525016784668
v 22.2579402923584 -17.456567764282227 44.710636138916016
v 22.8132266998291 -8.708269119262695 32.63185119628906
v 28.79319953918457 -11.665724754333496 39.97648620605469
v 31.62371253967285 -15.843561172485352 40.5345458984375
v 30.165353775024414 -13.690042495727539 40.103431701660156
v 28.595348358154297 -13.107561111450195 39.40016555786133
v 26.77442741394043 -11.133733749389648 39.27763366699219
v 36.2803840637207 -20.047664642333984 42.786277770996094
v 38.218902587890625 -19.03047752380371 45.907310485839844
v 32.205474853515625 -15.163175582885742 41.17110824584961
v 38.55458068847656 -19.488889694213867 47.259864807128906
v 38.4959831237793 -18.896865844726562 47.35858917236328
v 38.45914077758789 -18.929704666137695 48.4630012512207
v 38.255645751953125 -18.228181838989258 48.976009368896484
v 37.64883804321289 -18.58951187133789 50.92961883544922
v 38.08570098876953 -18.444507598876953 50.00899887084961
v 38.252052307128906 -18.95607566833496 49.326873779296875
v 21.486122131347656 -11.60938549041748 40.116363525390625
v 22.398223876953125 -11.457710266113281 39.661033630371094
v 23.586172103881836 -11.801185607910156 39.20179748535156
v 24.868227005004883 -10.492654800415039 26.043739318847656
v 24.738513946533203 -8.249753952026367 26.10131072998047
v 24.275278091430664 -8.180997848510742 28.47772216796875
v 24.276201248168945 -9.73192024230957 28.90699005126953
v 23.12129783630371 -7.7923688888549805 31.697275161743164
v 24.440807342529297 -10.841569900512695 28.257186889648438
v -13.78897762298584 -18.093952178955078 88.55445098876953
v -14.022238731384277 -18.27877426147461 88.11420440673828
v -12.268431663513184 -18.006004333496094 90.24945068359375
v -17.138656616210938 -18.632614135742188 84.00194549560547
v -18.029001235961914 -18.530607223510742 82.64641571044922
v -16.18509292602539 -18.676637649536133 85.15233612060547
v -14.543967247009277 -18.474369049072266 87.31826782226562
v -14.439806938171387 -18.423675537109375 87.47691345214844
v -17.591320037841797 -19.19292640686035 83.27445983886719
v -15.835872650146484 -18.685667037963867 85.59822845458984
v -14.902936935424805 -18.554927825927734 86.82774353027344
v -19.608352661132812 -17.419111251831055 79.10072326660156
v -19.476686477661133 -17.6196346282959 79.492431640625
v -18.65653419494629 -18.290882110595703 81.58366394042969
v -19.309001922607422 -17.775516510009766 80.05818939208984
v -18.88558578491211 -18.145057678222656 81.0732192993164
v -18.79876708984375 -19.057260513305664 76.45822143554688
v -13.977187156677246 -24.557889938354492 78.54389953613281
v -12.789237976074219 -26.09147071838379 78.64098358154297
v -16.078777313232422 -22.704544067382812 76.50921630859375
v -15.887697219848633 -23.203283309936523 77.421630859375
v -14.645971298217773 -24.040987014770508 78.45646667480469
v -14.111006736755371 -23.89536476135254 78.47637939453125
v -13.332209587097168 -24.660614013671875 78.47842407226562
v -15.10110092163086 -23.74563980102539 78.2577896118164
v -12.538122177124023 -16.781829833984375 57.84889221191406
v 12.566957473754883 -20.176660537719727 58.5079231262207
v 13.154979705810547 -20.722402572631836 58.76807403564453
v 4.671854496002197 -19.296165466308594 53.71600341796875
v 6.083313465118408 -22.39565086364746 54.19196319580078
v 4.118825912475586 -22.73635482788086 54.14270782470703
v 7.046213626861572 -19.675352096557617 53.93787384033203
v 8.663840293884277 -21.63235092163086 54.489566802978516
v -11.3228759765625 -10.719552040100098 57.25450897216797
v -9.871187210083008 -11.91068172454834 56.57258224487305
v -8.259101867675781 -18.506389617919922 56.23896026611328
v -2.0093350410461426 -19.690336227416992 54.46298599243164
v -2.2408499717712402 -21.86088752746582 54.89010238647461
v 2.854525566101074 -21.16695785522461 53.88954162597656
v 0.38667750358581543 -22.914506912231445 54.5278434753418
v 0.6218866109848022 -20.196876525878906 54.01073455810547
v 11.246830940246582 -18.502899169921875 60.12370681762695
v 10.866206169128418 -18.36271858215332 60.64174270629883
v 12.389729499816895 -18.691211700439453 60.44768524169922
v 13.262322425842285 -19.158550262451172 61.372920989990234
v 14.482597351074219 -19.65523910522461 61.66374969482422
v 13.90278434753418 -19.257680892944336 60.667293548583984
v 12.54776668548584 -19.159164428710938 59.445579528808594
v 14.162724494934082 -19.524293899536133 60.348140716552734
v 12.621654510498047 -19.755191802978516 58.8079948425293
v 13.6358642578125 -19.753652572631836 59.50571823120117
v 15.879484176635742 -20.474262237548828 61.54060745239258
v 15.923510551452637 -12.432308197021484 55.9237060546875
v 15.901240348815918 -11.518360137939453 55.90595245361328
v 18.316341400146484 -11.701436996459961 56.866390228271484
v 15.877944946289062 -14.02705192565918 53.961578369140625
v 10.843424797058105 -18.870800018310547 54.626976013183594
v 14.565208435058594 -12.841463088989258 55.450103759765625
v 17.25954246520996 -15.796249389648438 56.43876647949219
v 14.94614028930664 -12.62667465209961 55.57992172241211
v 15.491676330566406 -12.055070877075195 55.779212951660156
v 16.198226928710938 -12.433027267456055 55.302024841308594
v 16.26113510131836 -8.341293334960938 56.34342575073242
v 17.40105628967285 -9.499276161193848 55.64857482910156
v 20.31664276123047 -10.710418701171875 53.651248931884766
v 20.489253997802734 -12.102790832519531 53.24199676513672
v 16.277860641479492 -10.297059059143066 56.175437927246094
v 23.105083465576172 -10.854499816894531 52.148868560791016
v 16.5485782623291 -6.65388298034668 55.78178024291992
v 21.575403213500977 -13.269189834594727 58.34147262573242
v 18.49695587158203 -7.714376449584961 57.36841583251953
v 18.913188934326172 -3.172851085662842 58.739234924316406
v -0.7437011003494263 2.60752534866333 26.250831604003906
v 10.179667472839355 1.137159824371338 57.32418441772461
v 12.267403602600098 0.2465062141418457 57.42403793334961
v 15.88574504852295 -4.670923233032227 54.87419509887695
v 3.255673885345459 0.8080520629882812 56.553192138671875
v 6.2814764976501465 0.9019510746002197 56.668636322021484
v 4.307957649230957 2.601778507232666 57.43142318725586
v 8.322623252868652 2.8130762577056885 57.884090423583984
v -8.646602630615234 -7.72679328918457 56.5047492980957
v 0.7757165431976318 1.458571195602417 57.013648986816406
v 15.63791275024414 -6.832240104675293 56.33839797973633
v 15.848800659179688 -7.221997261047363 56.38180923461914
v 16.21259307861328 -5.939841270446777 55.64601135253906
v 16.87635040283203 -4.320161819458008 57.38965606689453
v 16.760286331176758 -7.1750993728637695 56.719024658203125
v 14.483931541442871 -5.560346603393555 56.175331115722656
v 16.786148071289062 -2.109175682067871 58.06378173828125
v 1.2226344347000122 2.8116397857666016 57.68767166137695
v -2.2684550285339355 0.1388559341430664 56.873985290527344
v -3.2505455017089844 1.9857399463653564 57.98558044433594
v -10.497179985046387 -16.003955841064453 56.83858108520508
v -3.9805970191955566 -19.224637985229492 54.924068450927734
v -22.33542251586914 -8.108855247497559 35.385704040527344
v -22.52342414855957 -6.713711738586426 36.924110412597656
v -22.0157527923584 -8.568394660949707 34.784446716308594
v -21.84406852722168 -8.004385948181152 34.726158142089844
v -21.548416137695312 -7.580557823181152 34.792755126953125
v -21.082923889160156 -8.105159759521484 34.595211029052734
v -22.626148223876953 -10.638480186462402 37.276206970214844
v -23.067628860473633 -11.761676788330078 38.24720764160156
v -22.792497634887695 -9.991040229797363 37.380882263183594
v -22.335010528564453 -9.34493350982666 35.591461181640625
v -21.91015625 -9.1486177444458 34.824363708496094
v -22.070451736450195 -10.210650444030762 35.78264617919922
v -21.513010025024414 -9.110956192016602 34.64385223388672
v -23.5861759185791 -6.330624580383301 37.87141036987305
v -31.038259506225586 -9.061800956726074 35.78008270263672
v -30.726287841796875 -9.942398071289062 35.08563995361328
v -30.954317092895508 -10.019569396972656 35.7076301574707
v -30.89017677307129 -7.948251724243164 35.53081512451172
v -30.692527770996094 -7.837933540344238 35.15193176269531
v -30.524328231811523 -10.918023109436035 35.446353912353516
v -30.391845703125 -9.037069320678711 34.630615234375
v -30.251047134399414 -9.968976974487305 34.625587463378906
v -30.096498489379883 -11.10736083984375 35.066654205322266
v -29.284862518310547 -10.95804500579834 34.53599548339844
v -29.835329055786133 -10.509794235229492 34.52994155883789
v -30.690988540649414 -10.806472778320312 36.11247253417969
v -30.35767364501953 -11.261907577514648 35.728363037109375
v -30.16546058654785 -8.365511894226074 34.529327392578125
v -29.604122161865234 -9.567315101623535 34.27923583984375
v -29.24309730529785 -8.971287727355957 34.23521423339844
v -29.367372512817383 -10.363351821899414 34.34933090209961
v -29.308876037597656 -8.140769958496094 34.3014030456543
v -28.826860427856445 -10.41763973236084 34.38678741455078
v -28.052064895629883 -7.91654109954834 34.72841262817383
v -28.74989891052246 -11.133733749389648 34.66191482543945
v -27.999834060668945 -10.898114204406738 34.942481994628906
v -30.88761329650879 -9.948862075805664 36.240238189697266
v -30.621002197265625 -7.470033645629883 36.4637451171875
v -30.475786209106445 -8.447608947753906 36.913848876953125
v -30.489334106445312 -10.79508113861084 36.62907028198242
v -30.56117057800293 -7.214609146118164 35.33172607421875
v -30.231855392456055 -7.445302963256836 34.82467269897461
v -29.640552520751953 -6.395482063293457 35.05485534667969
v -29.56871795654297 -7.12358283996582 34.596954345703125
v -23.91538429260254 -11.276479721069336 38.15187454223633
v -24.856428146362305 -11.093198776245117 37.72003936767578
v -29.520896911621094 -9.390703201293945 38.028419494628906
v -29.64198875427246 -10.9424467086792 37.560157775878906
v -28.76303482055664 -10.772197723388672 38.26670837402344
v -20.03351402282715 -8.273049354553223 35.45220184326172
v -20.42747688293457 -8.433549880981445 34.924625396728516
v -19.770185470581055 -9.026909828186035 36.24208450317383
v -20.92632293701172 -8.937217712402344 34.663963317871094
v -4.968638896942139 0.18175172805786133 57.5551872253418
v -7.5953450202941895 -4.492772102355957 56.767154693603516
v -29.733118057250977 -7.100493431091309 38.353424072265625
v -28.77637481689453 -9.129427909851074 38.96484375
v 17.566482543945312 -23.699256896972656 62.58806228637695
v 17.66613006591797 -24.994443893432617 62.556148529052734
v 17.39069366455078 -23.94595718383789 62.94365310668945
v 17.400339126586914 -22.905065536499023 62.2900505065918
v 17.463041305541992 -24.44336700439453 62.22909164428711
v 14.527853965759277 -26.522071838378906 62.78540802001953
v 17.23388671875 -25.693300247192383 63.00173568725586
v 13.922384262084961 -24.14689064025879 62.736663818359375
v 13.781588554382324 -23.764623641967773 62.159828186035156
v 16.463401794433594 -21.79633903503418 62.82440185546875
v 16.937925338745117 -21.858631134033203 62.619773864746094
v 17.203306198120117 -23.103843688964844 62.950523376464844
v 16.60902214050293 -21.26681137084961 61.834617614746094
v 17.310544967651367 -22.55009651184082 62.612178802490234
v 16.983694076538086 -22.169675827026367 61.838104248046875
v 15.424871444702148 -21.955915451049805 60.38498306274414
v 13.121319770812988 -24.126876831054688 59.020729064941406
v 16.036291122436523 -24.355621337890625 60.98049545288086
v 12.054771423339844 -25.523664474487305 62.30206298828125
v 12.45140552520752 -24.754514694213867 61.17106628417969
v 13.255343437194824 -24.291791915893555 61.370460510253906
v 11.969698905944824 -25.310209274291992 61.86334991455078
v 12.629965782165527 -24.455781936645508 60.99701690673828
v 10.307329177856445 -26.715824127197266 61.838722229003906
v 11.246932983398438 -25.70438003540039 60.962127685546875
v 8.325085639953613 -28.439971923828125 61.37004852294922
v 11.213889122009277 -24.488725662231445 58.057518005371094
v 11.695287704467773 -25.08793067932129 58.0486946105957
v 8.87554931640625 -25.22072410583496 57.226078033447266
v 13.694872856140137 -20.82656478881836 55.8598747253418
v 17.186988830566406 -26.662357330322266 69.67922973632812
v 16.93741226196289 -26.88914680480957 68.56424713134766
v 16.812419891357422 -26.856721878051758 70.00187683105469
v 16.239171981811523 -27.383275985717773 69.13934326171875
v 17.13064956665039 -27.123023986816406 68.34258270263672
v 16.799283981323242 -27.387174606323242 68.68626403808594
v 16.337997436523438 -27.1976318359375 69.10301208496094
v 19.768850326538086 -25.73824691772461 70.90638732910156
v 19.198579788208008 -26.2591552734375 69.15565490722656
v 19.77521324157715 -25.919784545898438 70.380859375
v 19.977479934692383 -25.78955841064453 71.70774841308594
v 19.89805030822754 -26.130878448486328 71.11778259277344
v 16.097349166870117 -20.962230682373047 62.458763122558594
v 15.547708511352539 -20.27096939086914 61.95335006713867
v 10.007467269897461 -26.291790008544922 60.946632385253906
v 10.758350372314453 -25.806386947631836 60.57996368408203
v 9.465008735656738 -26.59380340576172 61.6563606262207
v 9.888324737548828 -26.059967041015625 61.12970733642578
v 15.240561485290527 -20.737796783447266 60.405094146728516
v 16.282686233520508 -20.934932708740234 62.293846130371094
v 16.28063201904297 -21.374666213989258 61.24013137817383
v 10.149496078491211 -25.878324508666992 61.9010124206543
v 12.202752113342285 -24.555631637573242 61.24013137817383
v 12.659727096557617 -24.223651885986328 61.04052734375
v 13.211626052856445 -24.126876831054688 61.249874114990234
v 13.169757843017578 -23.95745086669922 61.315040588378906
v 11.083045959472656 -25.2781925201416 60.7132682800293
v 11.774717330932617 -25.019790649414062 61.743282318115234
v 12.596819877624512 -24.159513473510742 61.238590240478516
v 10.49594783782959 -25.54490852355957 60.65590286254883
v 10.826081275939941 -25.538238525390625 60.5150032043457
v 10.602981567382812 -25.70263671875 60.51654052734375
v 11.538686752319336 -25.37681007385254 61.08906936645508
v -11.112091064453125 -26.689138412475586 83.73554229736328
v -11.780055046081543 -25.69401741027832 84.18830871582031
v -12.804733276367188 -26.15499496459961 83.25045013427734
v -13.220967292785645 -24.781402587890625 83.96663665771484
v -12.371155738830566 -27.38471031188965 82.06382751464844
v -11.530171394348145 -27.679338455200195 82.38975524902344
v -9.748452186584473 -26.33376121520996 84.491455078125
v -8.323241233825684 -27.69924545288086 83.67611694335938
v -8.22287654876709 -26.906803131103516 84.28425598144531
v -7.699507236480713 -26.889869689941406 84.13217163085938
v -8.314107894897461 -26.355003356933594 84.45562744140625
v -6.433873176574707 -29.642902374267578 81.4010009765625
v -5.151305675506592 -29.174842834472656 81.9612045288086
v -7.85189962387085 -28.914386749267578 82.30775451660156
v -4.221039295196533 -29.95363998413086 80.55231475830078
v -5.899828910827637 -28.728336334228516 82.64979553222656
v -5.760879039764404 -28.497028350830078 82.749755859375
v -4.27399206161499 -29.07889175415039 81.33952331542969
v -6.119131565093994 -27.91506004333496 83.15880584716797
v -4.510124683380127 -29.3541259765625 81.4339370727539
v -7.1737751960754395 -27.76225471496582 83.67334747314453
v -4.799107551574707 -27.796323776245117 84.88172149658203
v -3.4075565338134766 -28.814640045166016 83.35398864746094
v -2.0765528678894043 -29.569629669189453 81.916259765625
v -1.077529788017273 -30.07391357421875 80.39130401611328
v -3.519927501678467 -29.487838745117188 80.24998474121094
v -0.24270164966583252 -29.885089874267578 82.16767883300781
v -1.5300918817520142 -28.893661499023438 84.58041381835938
v -10.109270095825195 -27.90602684020996 82.91415405273438
v -10.031379699707031 -28.53386688232422 82.02677917480469
v -3.0963053703308105 -30.083354949951172 79.30104064941406
v -2.4890918731689453 -30.471778869628906 77.82278442382812
v -2.733947277069092 -29.88016128540039 78.66519927978516
v -3.305551052093506 -30.387527465820312 79.18302917480469
v -10.027994155883789 -28.89406967163086 81.16434478759766
v -8.022867202758789 -29.81612777709961 80.54420471191406
v -6.768008232116699 -30.738391876220703 77.69841003417969
v -4.53085470199585 -31.627811431884766 75.83263397216797
v -6.838715076446533 -30.457923889160156 79.4919204711914
v -4.437469005584717 -31.396297454833984 77.16004180908203
v -4.897111892700195 -31.446887969970703 74.88133239746094
v -3.8569374084472656 -31.789031982421875 74.3039779663086
v -4.226170539855957 -30.636795043945312 79.24634552001953
v -3.734920024871826 -31.173816680908203 77.6613540649414
v -5.5928874015808105 -30.542381286621094 79.66258239746094
v -3.3868274688720703 -31.810375213623047 74.95953369140625
v -3.4884228706359863 -31.740386962890625 73.72920227050781
v -2.9244132041931152 -31.660751342773438 75.32414245605469
v -2.863558769226074 -31.06698226928711 77.22459411621094
v -4.068851470947266 -31.361919403076172 73.28084564208984
v -2.9655652046203613 -31.72417449951172 73.84259033203125
v -2.3517837524414062 -31.45233154296875 75.02172088623047
v -2.3424453735351562 -31.457767486572266 73.99037170410156
v -2.1420249938964844 -30.898990631103516 76.29617309570312
v 23.36871910095215 -20.511310577392578 83.42930603027344
v 21.044130325317383 -22.242233276367188 84.72245025634766
v 21.97234344482422 -21.561233520507812 84.33094787597656
v 17.96824836730957 -25.25633430480957 84.90409851074219
v 18.231884002685547 -26.80982208251953 83.82717895507812
v 19.436765670776367 -25.68796157836914 84.16511535644531
v 16.805953979492188 -26.98818016052246 84.1327896118164
v 15.746589660644531 -27.16489601135254 84.13350677490234
v 14.981852531433105 -28.35448455810547 83.1096420288086
v 12.828642845153809 -29.452743530273438 81.61669921875
v 14.614158630371094 -29.42719268798828 81.66586303710938
v 13.984471321105957 -28.23493194580078 83.14433288574219
v 23.257064819335938 -21.996658325195312 83.21483612060547
v 22.05382537841797 -22.667598724365234 84.05089569091797
v 20.42214012145996 -23.83779525756836 84.64127349853516
v -8.514630317687988 18.340465545654297 13.517215728759766
v -10.164994239807129 20.706615447998047 13.215404510498047
v -9.111170768737793 14.100340843200684 17.24176788330078
v -10.591285705566406 16.563365936279297 15.815532684326172
v -6.280863285064697 10.775191307067871 18.482158660888672
v -9.976888656616211 16.4880428314209 15.312992095947266
v -6.713517189025879 12.746965408325195 16.410736083984375
v -11.573579788208008 18.935977935791016 14.562313079833984
v -8.71607780456543 16.365921020507812 14.597721099853516
v -10.329907417297363 19.193252563476562 13.741546630859375
v -6.448137283325195 10.279322624206543 19.793869018554688
v -9.773286819458008 14.256120681762695 18.46656036376953
v -13.214707374572754 18.441444396972656 17.71424102783203
v -3.513667583465576 10.479537963867188 16.86874008178711
v -6.987721920013428 14.302813529968262 15.220836639404297
v -10.921520233154297 22.30187225341797 13.161937713623047
v -4.494834899902344 9.831378936767578 17.98526382446289
v -4.5446062088012695 -25.93784523010254 88.47769165039062
v -3.384364604949951 -27.671947479248047 86.2317123413086
v -2.945451259613037 -26.260488510131836 88.86652374267578
v 0.5975652933120728 -27.57969093322754 88.14447784423828
v 2.787513494491577 -29.692466735839844 83.97218322753906
v 0.24362283945083618 -28.825519561767578 85.595458984375
v -4.047300815582275 -23.633678436279297 91.43565368652344
v -1.6833058595657349 -24.92466163635254 91.0412826538086
v 5.414219856262207 -27.380605697631836 88.7980728149414
v 2.761960983276367 -27.83717155456543 88.06874084472656
v 5.8209099769592285 -28.59369659423828 86.52079772949219
v 6.642910480499268 -29.29306411743164 84.69761657714844
v 3.539217948913574 -27.57189178466797 88.61058044433594
v 6.5819525718688965 -27.620532989501953 88.17125701904297
v 2.6162378787994385 -27.248119354248047 89.00167846679688
v -0.026990652084350586 -25.815006256103516 90.50908660888672
v 0.5742701292037964 -25.66579818725586 90.8435287475586
v 0.7788978815078735 -25.907672882080078 90.6156005859375
v 1.621422529220581 -26.659379959106445 89.79647827148438
v -0.09451580047607422 -24.832197189331055 91.61842346191406
v 4.801362991333008 -27.5673770904541 88.55743408203125
v -1.5075150728225708 -23.592939376831055 92.43098449707031
v -0.5471805334091187 -24.269628524780273 92.08833312988281
v -0.9341670274734497 -23.72603988647461 92.51657104492188
v 15.951935768127441 -18.238752365112305 93.07996368408203
v 12.21168041229248 -19.88819122314453 94.01905822753906
v 14.573931694030762 -20.313865661621094 92.62145233154297
v 13.502662658691406 -22.260805130004883 91.7073974609375
v 15.261804580688477 -23.173215866088867 89.7582015991211
v 15.736737251281738 -21.796751022338867 90.7411117553711
v 11.113524436950684 -21.641584396362305 93.29249572753906
v 12.20890998840332 -24.228782653808594 90.51780700683594
v 17.33496856689453 -16.00426483154297 93.24549865722656
v 18.51399040222168 -17.477195739746094 91.64469909667969
v 16.232093811035156 -23.875762939453125 88.18685913085938
v 19.157428741455078 -21.723684310913086 87.74928283691406
v 18.871320724487305 -24.085317611694336 85.0693130493164
v 16.77578353881836 -19.358661651611328 91.86399841308594
v 18.123720169067383 -20.015851974487305 90.31758880615234
v 9.872417449951172 -23.964326858520508 91.79914093017578
v -1.3027843236923218 -23.150022506713867 92.9506607055664
v -4.292567253112793 -21.851858139038086 92.87852478027344
v -1.7114239931106567 -22.3519344329834 93.439453125
v -1.9120498895645142 -21.95170783996582 93.70431518554688
v -1.546716332435608 -22.580678939819336 93.27751159667969
v -2.120577335357666 -21.38503074645996 94.00181579589844
v 8.03292179107666 -27.800121307373047 87.44911193847656
v 11.478960990905762 -27.646499633789062 85.97535705566406
v 10.775283813476562 -26.468399047851562 88.4534683227539
v 9.032766342163086 -26.720436096191406 88.84609985351562
v 9.533662796020508 -24.9149112701416 90.94050598144531
v 14.543862342834473 -27.394046783447266 83.71552276611328
v 15.93818473815918 -26.404054641723633 84.44526672363281
v 14.280431747436523 -25.93897247314453 86.91753387451172
v 13.6825590133667 -27.964523315429688 83.12554931640625
v 13.117420196533203 -28.36095428466797 82.60433197021484
v 10.021116256713867 -29.025325775146484 83.66462707519531
v 12.190642356872559 -28.168537139892578 84.18758392333984
v 14.568799018859863 -25.01394271850586 88.07889556884766
v 6.331145286560059 -26.841020584106445 89.47456359863281
v 16.667003631591797 -25.8339900970459 84.72511291503906
v -3.9111218452453613 -12.369298934936523 96.95979309082031
v -6.616128444671631 -12.262983322143555 95.97625732421875
v -3.836002826690674 -13.798410415649414 96.77044677734375
v -3.714498519897461 -15.010578155517578 96.50230407714844
v 12.528268814086914 -17.315258026123047 95.18412780761719
v 13.795440673828125 -15.953670501708984 95.19140625
v 16.01453399658203 -13.346874237060547 94.85449981689453
v 16.27837562561035 -11.713750839233398 94.98648071289062
v 17.370885848999023 -12.77896499633789 94.1846923828125
v 9.764869689941406 -18.117246627807617 95.77676391601562
v 9.72946548461914 -18.608701705932617 95.54853057861328
v 10.029839515686035 -16.270465850830078 96.43476867675781
v 9.89704704284668 -17.180721282958984 96.106689453125
v 11.86153507232666 -15.197965621948242 96.16796112060547
v 10.225333213806152 -14.708459854125977 96.82975769042969
v 10.160989761352539 -15.407930374145508 96.63190460205078
v 9.833625793457031 -17.580636978149414 95.974609375
v 10.41292667388916 -14.715335845947266 97.09400939941406
v 9.615554809570312 -19.1661434173584 95.30162048339844
v 10.292551040649414 -14.105966567993164 96.96101379394531
v 12.926338195800781 -11.990215301513672 96.43528747558594
v 12.634790420532227 -10.481880187988281 96.66710662841797
v 10.060317039489746 -7.279773712158203 97.3826904296875
v 9.899304389953613 -6.533200263977051 97.35539245605469
v 13.853832244873047 -7.21973991394043 96.10905456542969
v 15.193150520324707 -10.366533279418945 95.64057922363281
v -2.2107815742492676 -21.3330020904541 94.00407409667969
v -2.3090929985046387 -20.972698211669922 94.23210144042969
v -3.941805362701416 -10.712369918823242 97.17406463623047
v 3.0086631774902344 3.2186381816864014 22.05821990966797
v 0.10097867250442505 4.984859466552734 20.847999572753906
v -1.8665887117385864 7.487598896026611 19.008811950683594
v -2.0782971382141113 6.691255569458008 20.05350112915039
v -5.976589679718018 9.278965950012207 21.697811126708984
v -1.5076175928115845 5.119601726531982 21.808025360107422
v 4.60607385635376 2.729644775390625 22.770206451416016
v -10.362438201904297 -19.48899269104004 29.727859497070312
v -9.375114440917969 -19.88357162475586 29.069541931152344
v -8.417550086975098 -19.91374397277832 29.216598510742188
v 17.298847198486328 -1.301748275756836 92.61827087402344
v 15.35241985321045 0.6421127319335938 92.80073547363281
v 14.3208646774292 -0.6463027000427246 94.0379409790039
v 16.378843307495117 -4.063709259033203 94.26371002197266
v 9.440995216369629 -0.8704290390014648 95.90934753417969
v 12.59363842010498 -0.47954320907592773 94.72335052490234
v 11.223125457763672 -2.77200984954834 96.1087417602539
v 12.692154884338379 -3.9981350898742676 95.9599380493164
v 22.006105422973633 -0.6053571701049805 87.75348663330078
v 19.1417293548584 -2.024616241455078 91.54967498779297
v 19.44179344177246 1.4347636699676514 89.10285949707031
v 18.387868881225586 0.05173015594482422 91.04209899902344
v 20.624406814575195 -0.3429532051086426 89.20014190673828
v 19.041465759277344 -3.2455062866210938 92.1568832397461
v 19.142959594726562 -6.091824531555176 92.9207992553711
v 16.772911071777344 -5.941688537597656 94.49358367919922
v 15.655974388122559 -6.184902191162109 95.15179443359375
v 13.800675392150879 -5.505032539367676 95.87035369873047
v -20.02766227722168 -14.028282165527344 62.095890045166016
v -17.984668731689453 -14.931764602661133 61.80465316772461
v -6.171673774719238 -30.47814178466797 74.81668090820312
v -4.610796928405762 -30.802837371826172 73.19648742675781
v -26.159212112426758 -10.40624713897705 61.36963653564453
v -20.123512268066406 -8.357301712036133 62.171932220458984
v -21.042387008666992 -9.359197616577148 61.81973648071289
v -26.54825210571289 -10.887338638305664 61.428131103515625
v -26.151206970214844 -11.002891540527344 61.31637954711914
v -26.829538345336914 -11.268783569335938 61.696693420410156
v -26.159927368164062 -11.523592948913574 61.50448226928711
v -11.021681785583496 -24.74917984008789 84.97274780273438
v -10.128152847290039 -25.554861068725586 84.84805297851562
v -10.361104011535645 -24.792482376098633 85.03092956542969
v -8.35207748413086 -25.773653030395508 85.62593841552734
v -10.032200813293457 -23.369426727294922 87.5528564453125
v -7.792789936065674 -24.765905380249023 87.78919982910156
v -7.440078258514404 -19.921131134033203 92.68836975097656
v -8.841378211975098 -20.804807662963867 91.13970184326172
v -5.8660664558410645 -21.389650344848633 92.50538635253906
v -8.587286949157715 -22.713367462158203 89.59431457519531
v -6.286508083343506 -22.878690719604492 91.00946044921875
v -7.136831760406494 -15.93376350402832 94.8553237915039
v -10.345402717590332 -18.287803649902344 91.76404571533203
v -8.592110633850098 -16.766643524169922 93.74146270751953
v -5.301133632659912 -19.755294799804688 93.87149047851562
v -10.063398361206055 -14.581825256347656 93.67034912109375
v -2.538247585296631 -29.945533752441406 78.19560241699219
v -2.4753408432006836 -29.950767517089844 78.24526977539062
v -2.323050022125244 -30.012855529785156 77.6128158569336
v -4.057870864868164 -30.816688537597656 72.7452621459961
v -4.270913600921631 -30.195621490478516 72.72329711914062
v -3.617828845977783 -31.24020767211914 72.86717224121094
v -3.270556926727295 -30.677947998046875 72.48716735839844
v -3.142279624938965 -30.409488677978516 72.46499633789062
v -2.5308589935302734 -30.442325592041016 72.7498779296875
v -2.888187885284424 -29.90972137451172 72.68256378173828
v -2.3431639671325684 -30.166580200195312 72.95635223388672
v -2.946579933166504 -31.168682098388672 72.85218811035156
v -2.371692657470703 -30.910484313964844 73.04645538330078
v -2.469799041748047 -31.329181671142578 73.41220092773438
v -1.8756192922592163 -30.870563507080078 73.86958312988281
v -1.939142107963562 -30.543506622314453 73.48648834228516
v -1.720455288887024 -30.606826782226562 74.69281768798828
v -1.8741823434829712 -30.808273315429688 75.52364349365234
v -3.7200398445129395 -28.735008239746094 71.55186462402344
v -1.9177964925765991 -30.10511016845703 76.08467864990234
v 2.07295823097229 -29.690826416015625 66.96150207519531
v 2.07265043258667 -29.624019622802734 66.57112121582031
v 2.133915424346924 -29.552490234375 66.90013122558594
v 2.403092384338379 -29.489482879638672 66.37275695800781
v 2.7970571517944336 -29.49020004272461 66.30964660644531
v 3.1228814125061035 -29.688770294189453 66.38887023925781
v 2.9974777698516846 -29.5499267578125 66.57728576660156
v 2.6750402450561523 -29.606060028076172 66.90320587158203
v -13.38803482055664 -17.514755249023438 29.199974060058594
v -12.532785415649414 -18.567447662353516 28.277198791503906
v -11.94168472290039 -18.7655086517334 29.3997802734375
v -12.484862327575684 -17.791627883911133 30.662538528442383
v -11.282032012939453 -18.56703758239746 31.041725158691406
v -13.64366626739502 -16.919343948364258 29.786972045898438
v -10.095622062683105 -18.245113372802734 33.11078643798828
v -8.91536808013916 -12.41794204711914 94.8564453125
v -6.096349239349365 -9.933469772338867 96.37340545654297
v -10.82105541229248 -3.9876675605773926 93.04589080810547
v -11.378292083740234 -5.932862281799316 93.176025390625
v -9.440587043762207 -7.784056663513184 94.72427368164062
v -9.048673629760742 -5.537153244018555 94.59425354003906
v -7.2068190574646 -2.9239931106567383 94.82453918457031
v -6.368605136871338 -4.051087379455566 95.54832458496094
v -9.580870628356934 -1.0584325790405273 92.69072723388672
v -6.724496841430664 0.7125110626220703 93.39501953125
v -11.397071838378906 -0.018258094787597656 90.71043395996094
v -10.885912895202637 -2.4550118446350098 92.42021179199219
v -12.499125480651855 -1.761904239654541 90.71052551269531
v -7.706279277801514 -7.799449920654297 95.61421203613281
v -7.701046466827393 -9.653824806213379 95.68768310546875
v -12.88888168334961 -23.50478744506836 84.7291259765625
v -14.507022857666016 -24.817731857299805 82.94914245605469
v -11.406717300415039 -21.315967559814453 88.435302734375
v -10.819003105163574 -19.615936279296875 90.47809600830078
v -14.053743362426758 -21.06659698486328 85.39646911621094
v -15.066106796264648 -22.120216369628906 83.77134704589844
v -12.712989807128906 -22.814247131347656 84.9649429321289
v -15.351085662841797 -20.73892593383789 83.83456420898438
v -15.807342529296875 -23.619314193725586 82.27635955810547
v -16.370634078979492 -21.347984313964844 82.67986297607422
v -16.90118980407715 -19.943401336669922 82.39961242675781
v -20.461341857910156 -15.3414306640625 63.71803665161133
v -18.973737716674805 -15.557861328125 62.93688201904297
v -18.48279571533203 -16.28544807434082 63.443729400634766
v -17.93561553955078 -15.84971809387207 62.391136169433594
v -18.045421600341797 -16.609220504760742 63.19763946533203
v -19.026485443115234 -17.006982803344727 66.22138977050781
v -18.35831642150879 -19.235618591308594 67.61858367919922
v -19.53333282470703 -16.334911346435547 69.12517547607422
v -18.223573684692383 -18.533889770507812 65.05652618408203
v -19.44148826599121 -17.189647674560547 74.8902587890625
v -27.204105377197266 -11.332921981811523 62.22837829589844
v -27.011993408203125 -11.600662231445312 62.087371826171875
v -27.01035499572754 -11.665212631225586 62.36691665649414
v -26.5832462310791 -11.663261413574219 61.79572296142578
v -19.989896774291992 -16.105655670166016 66.79483795166016
v -20.663097381591797 -15.149938583374023 67.81848907470703
v -18.814058303833008 -16.888351440429688 65.10127258300781
v -19.99882698059082 -15.704814910888672 68.34935760498047
v -20.25969123840332 -14.389204025268555 69.69369506835938
v -20.118688583374023 -13.825092315673828 70.94137573242188
v -20.920677185058594 -13.872915267944336 68.87036895751953
v -17.532621383666992 -22.070236206054688 77.94921112060547
v -17.323579788208008 -21.643842697143555 72.58763122558594
v -16.782251358032227 -22.445215225219727 75.39752197265625
v -16.86424446105957 -22.12534523010254 73.47377014160156
v -16.51338005065918 -22.29631233215332 74.65987396240234
v -16.433542251586914 -23.905834197998047 79.71307373046875
v -16.543142318725586 -22.94601058959961 76.84982299804688
v -16.045629501342773 -23.748615264892578 78.27574920654297
v -18.57361602783203 -19.49843406677246 77.78511047363281
v -20.36446762084961 -10.543249130249023 72.11885070800781
v -20.0731258392334 -13.83853530883789 72.65751647949219
v -20.484432220458984 -11.94270133972168 74.1358871459961
v -20.312952041625977 -13.715696334838867 74.59439849853516
v -20.582128524780273 -11.456889152526855 70.46397399902344
v -20.91872787475586 -10.025727272033691 69.81253051757812
v -27.071413040161133 -11.326559066772461 62.488521575927734
v -21.58115005493164 -12.381511688232422 68.72535705566406
v -27.245256423950195 -10.607797622680664 62.25916290283203
v -20.346200942993164 -7.21973991394043 72.71919250488281
v -11.80550479888916 -27.98832893371582 81.00825500488281
v -14.266580581665039 -25.966991424560547 81.95247650146484
v -13.661727905273438 -26.65445327758789 81.4852523803711
v -12.196802139282227 -27.221134185791016 79.4363021850586
v -14.06338882446289 -26.344331741333008 80.94125366210938
v -14.623190879821777 -24.68873405456543 78.81246185302734
v -15.23153305053711 -25.295536041259766 80.97542572021484
v -15.584037780761719 -24.545677185058594 79.30586242675781
v -16.64432716369629 -21.953657150268555 82.02677917480469
v -17.493316650390625 -21.72101402282715 80.07039642333984
v -16.676652908325195 -23.038578033447266 81.1033935546875
v -16.843002319335938 -23.241971969604492 79.99867248535156
v -15.826019287109375 -24.423458099365234 81.37574768066406
v -17.818218231201172 -19.686948776245117 80.86499786376953
v -16.51338005065918 -22.212060928344727 69.92326354980469
v -18.614458084106445 0.20186543464660645 73.20613098144531
v -19.310644149780273 -2.051194667816162 71.62390899658203
v -19.45308494567871 -1.7342991828918457 77.38520050048828
v -19.713640213012695 -3.5812854766845703 71.62350463867188
v -18.816726684570312 -6.744087219238281 63.099430084228516
v -19.335786819458008 -6.223076820373535 64.05216979980469
v -17.608047485351562 -6.486917495727539 62.635066986083984
v -18.29099464416504 -5.752453804016113 63.93538284301758
v -18.938743591308594 -4.921833038330078 66.20938110351562
v -19.520917892456055 -5.602420806884766 65.81233215332031
v -17.892105102539062 -2.885202407836914 65.52140045166016
v -19.853412628173828 -5.667585372924805 67.2260513305664
v -20.79507064819336 -6.369826316833496 66.58333587646484
v -20.712356567382812 -6.961338043212891 68.4756851196289
v -20.1395206451416 -6.0962371826171875 68.33528900146484
v -19.797687530517578 -5.377781867980957 69.18315124511719
v -26.678274154663086 -9.686355590820312 62.22529602050781
v -19.34902572631836 -4.991000175476074 67.41754913330078
v -20.374935150146484 -7.26715087890625 69.85543060302734
v -27.141300201416016 -10.07457447052002 62.30093002319336
v -21.13690185546875 -8.031888008117676 68.8001708984375
v -21.457902908325195 -8.860149383544922 68.77503204345703
v -20.486177444458008 -8.176175117492676 70.26335144042969
v -20.22182273864746 -6.9625701904296875 70.75377655029297
v -26.046117782592773 -9.636482238769531 61.92923355102539
v -27.03662872314453 -10.805137634277344 61.80157470703125
v -27.072851181030273 -10.11264705657959 62.02805709838867
v -26.55091667175293 -10.184687614440918 61.59889221191406
v -16.746023178100586 -16.04757308959961 61.04996871948242
v -17.827964782714844 -19.831748962402344 65.65388488769531
v -17.036544799804688 -20.3384952545166 63.682220458984375
v -16.37299346923828 -22.168960571289062 65.50518798828125
v -17.254207611083984 -21.41427993774414 68.28890991210938
v -16.15143394470215 -21.478727340698242 63.32868576049805
v -15.233175277709961 -22.84677505493164 63.865501403808594
v -15.032344818115234 -22.04540252685547 62.24397659301758
v -13.391011238098145 -18.505361557006836 58.623687744140625
v -14.02983283996582 -20.695926666259766 59.98968505859375
v -14.572187423706055 -21.560516357421875 61.1578254699707
v -15.496091842651367 -19.821895599365234 60.7108039855957
v -17.285097122192383 -18.738929748535156 62.6649284362793
v -16.55278778076172 -20.31817626953125 62.56056594848633
v -16.70713233947754 -18.415979385375977 61.51638412475586
v -16.415992736816406 -19.442502975463867 61.599510192871094
v -15.010587692260742 -19.139461517333984 59.932830810546875
v -10.142210960388184 -25.412832260131836 62.41823196411133
v -9.969499588012695 -25.41057586669922 62.652923583984375
v -10.696676254272461 -25.382047653198242 62.2663459777832
v -2.2518301010131836 -29.298503875732422 64.78366088867188
v -2.7510852813720703 -28.99925994873047 63.85995864868164
v -1.7382084131240845 -29.740497589111328 63.8708381652832
v -3.8349761962890625 -27.598573684692383 66.8086929321289
v -3.9452948570251465 -28.40487289428711 64.00157165527344
v -15.561050415039062 -23.27891731262207 66.18988800048828
v -15.921356201171875 -22.645841598510742 68.11178588867188
v -14.733920097351074 -23.888900756835938 66.03759002685547
v -15.197668075561523 -23.140892028808594 67.0301513671875
v -13.238617897033691 -24.912141799926758 64.56015014648438
v -12.269869804382324 -25.57384490966797 64.82604217529297
v -11.572656631469727 -25.858213424682617 64.40415954589844
v -13.714680671691895 -24.09157943725586 63.546348571777344
v -14.50497055053711 -24.026412963867188 64.92876434326172
v -12.467004776000977 -23.517921447753906 61.27286911010742
v -10.899560928344727 -24.85662269592285 61.55743408203125
v -4.238895416259766 -28.243755340576172 63.423309326171875
v -4.39293098449707 -27.511449813842773 62.46533203125
v -10.281572341918945 -26.35849380493164 64.30451965332031
v -10.956618309020996 -26.134057998657227 64.99177551269531
v -1.5493847131729126 -28.37213897705078 61.698951721191406
v -8.431199073791504 -26.47989273071289 63.27860641479492
v -0.9242128133773804 -29.736289978027344 62.68494415283203
v -0.8369842767715454 -30.475059509277344 64.05843353271484
v -9.562295913696289 -25.823627471923828 63.02513122558594
v -11.757375717163086 -25.494417190551758 65.58369445800781
v -10.428424835205078 -26.13344383239746 65.31832122802734
v -6.351467132568359 -26.868213653564453 65.6466064453125
v -14.432929992675781 -23.8005428314209 66.2950668334961
v -14.2806396484375 -23.414173126220703 66.53099822998047
v -2.1034398078918457 -29.303226470947266 66.25546264648438
v -1.4220308065414429 -30.41707992553711 65.7787857055664
v -1.6246064901351929 -29.554851531982422 67.03343963623047
v -1.0237559080123901 -30.54443359375 66.83670806884766
v -3.657235622406006 -27.81038475036621 67.07797241210938
v -2.849909782409668 -28.535099029541016 67.78924560546875
v -0.573143720626831 -31.072933197021484 65.97611999511719
v -3.9153294563293457 -25.31688117980957 57.785675048828125
v 0.958383321762085 -26.198198318481445 55.91529083251953
v 2.123037815093994 -26.329858779907227 56.0377197265625
v 1.5054599046707153 -25.966581344604492 55.45195388793945
v 2.5961239337921143 -26.265104293823242 55.515785217285156
v 3.1898932456970215 -26.113428115844727 55.310028076171875
v -0.7026523351669312 -25.61263656616211 55.841094970703125
v 3.9708452224731445 -24.009790420532227 54.49439239501953
v -10.295734405517578 -19.224227905273438 57.22690200805664
v -6.8988518714904785 -21.163162231445312 56.339019775390625
v -3.627167224884033 -23.49411392211914 55.914161682128906
v 1.41043221950531 -24.7938175201416 54.959571838378906
v -4.335052490234375 -27.333810806274414 66.40487670898438
v -6.045654296875 -26.463577270507812 66.20271301269531
v -9.819671630859375 -25.127132415771484 61.20482635498047
v -7.233398914337158 -25.043704986572266 59.228843688964844
v -9.843274116516113 -25.186141967773438 61.66703796386719
v -11.167096138000488 -21.905424118041992 58.871925354003906
v -5.186300277709961 -25.017330169677734 57.577247619628906
v -11.809199333190918 -22.64635467529297 59.85822677612305
v -7.605300426483154 -24.945594787597656 60.08296585083008
v -9.13764762878418 -24.858470916748047 61.51054000854492
v -6.4170427322387695 -22.84575080871582 56.83088302612305
v -3.2317657470703125 -25.347259521484375 56.76192092895508
v -5.067668914794922 -25.086700439453125 58.455894470214844
v -4.337001800537109 -24.704334259033203 58.422542572021484
v -12.459820747375488 -20.466463088989258 58.81024932861328
v -9.732443809509277 -23.501911163330078 62.52228927612305
v -9.575226783752441 -22.83671760559082 62.626651763916016
v -9.704017639160156 -23.63686180114746 62.75154113769531
v -8.974068641662598 -22.061513900756836 62.81536865234375
v -12.11172866821289 23.85546112060547 13.3587646484375
v -10.362541198730469 23.20648193359375 13.14962387084961
v -23.60721206665039 27.723173141479492 21.83707046508789
v -21.205965042114258 26.848323822021484 18.576980590820312
v -20.719743728637695 25.974807739257812 18.68288803100586
v -23.928831100463867 29.128273010253906 21.42288589477539
v -24.101028442382812 27.70223617553711 24.931114196777344
v -21.809486389160156 26.168455123901367 21.42226791381836
v -20.052703857421875 25.073070526123047 20.830963134765625
v -24.05875015258789 28.312427520751953 22.037487030029297
v -14.818787574768066 20.240612030029297 18.100196838378906
v -13.931315422058105 19.897750854492188 20.06653594970703
v -15.231019973754883 21.627546310424805 20.37450408935547
v -10.821876525878906 15.551719665527344 20.037391662597656
v -17.16082191467285 22.753820419311523 19.291637420654297
v -18.275909423828125 23.612247467041016 18.675701141357422
v -19.051422119140625 25.045053482055664 21.655532836914062
v -17.298540115356445 23.326961517333984 20.349361419677734
v -16.17473030090332 23.387405395507812 21.267208099365234
v -15.297723770141602 22.29017448425293 20.953392028808594
v -20.345483779907227 26.306787490844727 23.027584075927734
v -20.653759002685547 25.90163803100586 22.34709930419922
v -14.907249450683594 21.292381286621094 15.708396911621094
v -14.079499244689941 21.397159576416016 14.794136047363281
v -17.42404556274414 24.5749454498291 15.775508880615234
v -19.90102767944336 26.759862899780273 17.09707260131836
v -19.358158111572266 25.341938018798828 17.340694427490234
v -15.62529182434082 24.363130569458008 14.55020523071289
v -17.019203186035156 22.85397720336914 16.915225982666016
v -21.747089385986328 29.572830200195312 18.811779022216797
v -20.59136390686035 28.462873458862305 17.525005340576172
v -21.347686767578125 27.79511260986328 18.319812774658203
v -12.326105117797852 22.038028717041016 13.547901153564453
v -20.137161254882812 27.42310905456543 17.15084457397461
v -18.5884952545166 26.575965881347656 16.042221069335938
v -22.28903579711914 27.333417892456055 24.57132339477539
v -16.46822738647461 25.116682052612305 22.178180694580078
v -17.973073959350586 25.953872680664062 22.585079193115234
v -19.358673095703125 26.456514358520508 23.080123901367188
v -20.552061080932617 28.32135581970215 24.69908905029297
v -19.88409423828125 28.846881866455078 24.45700454711914
v -19.07420539855957 27.308992385864258 23.515445709228516
v 22.990249633789062 0.11350893974304199 85.77597045898438
v 27.95570182800293 -11.504095077514648 74.19940948486328
v 27.966066360473633 -9.316713333129883 73.67305755615234
v 27.910348892211914 -11.981081008911133 70.84500885009766
v 27.841588973999023 -9.304397583007812 71.84751892089844
v 27.791818618774414 -11.452168464660645 72.63155364990234
v 28.64244842529297 -11.831561088562012 69.46998596191406
v 28.44890594482422 -13.061790466308594 69.37218475341797
v 29.335453033447266 -11.520514488220215 68.67107391357422
v 27.87565803527832 -13.275655746459961 70.34062957763672
v 27.2955379486084 -15.371908187866211 63.141502380371094
v 28.20682144165039 -13.917861938476562 62.15274429321289
v 28.481538772583008 -9.427133560180664 69.6473159790039
v 34.80632400512695 -11.48121166229248 62.193382263183594
v 34.70513153076172 -11.599841117858887 62.39811325073242
v 34.50605392456055 -11.793283462524414 62.15787887573242
v 28.035751342773438 -15.597164154052734 67.26648712158203
v 28.26746940612793 -14.483819961547852 68.65978240966797
v 27.630701065063477 -5.243655204772949 72.90339660644531
v 27.225961685180664 -2.836867332458496 73.42082214355469
v 16.786865234375 -18.24470329284668 56.48997497558594
v 19.347280502319336 -17.10118865966797 57.433170318603516
v 27.161619186401367 -2.3066205978393555 76.8308334350586
v 26.265113830566406 -0.09481382369995117 73.34395599365234
v 26.280508041381836 -1.5295681953430176 80.35004425048828
v 27.903881072998047 -8.338111877441406 70.64695739746094
v 27.70787239074707 -6.9282941818237305 70.44129943847656
v 26.510074615478516 -2.0031676292419434 69.80165100097656
v -12.382649421691895 19.175294876098633 21.474918365478516
v -11.711400985717773 17.761577606201172 21.305484771728516
v -8.032513618469238 12.239603042602539 22.42334747314453
v -3.1139559745788574 5.65980339050293 25.60790252685547
v -13.326667785644531 21.452985763549805 21.78862762451172
v -8.220004081726074 13.491999626159668 23.496562957763672
v -11.38424301147461 18.93977928161621 22.323394775390625
v -11.928549766540527 21.360931396484375 22.483070373535156
v -14.11562442779541 23.19468116760254 21.99007797241211
v -3.9821362495422363 7.992396354675293 27.15872573852539
v -3.056795597076416 5.936369895935059 26.957584381103516
v -3.0888137817382812 9.056172370910645 28.82181167602539
v -3.467282772064209 8.198153495788574 28.15323257446289
v -7.986642360687256 15.681124687194824 24.560237884521484
v -17.710874557495117 -12.208799362182617 50.43559646606445
v -21.54215431213379 -12.040090560913086 49.63022232055664
v -19.263439178466797 -13.053888320922852 49.050819396972656
v -20.39484405517578 -13.80908203125 47.20208740234375
v -17.588241577148438 -13.899904251098633 47.41985321044922
v -23.569856643676758 -10.479827880859375 50.05651092529297
v -22.039459228515625 -11.939005851745605 38.039093017578125
v -29.999622344970703 -11.627447128295898 49.03337478637695
v -30.697349548339844 -12.259597778320312 48.417640686035156
v -29.44515609741211 -13.109407424926758 48.41261291503906
v -29.147354125976562 -10.614981651306152 49.419334411621094
v -28.916242599487305 -12.38438606262207 48.937625885009766
v -25.663652420043945 -10.985754013061523 49.623451232910156
v -29.867753982543945 -11.5286226272583 35.485042572021484
v -29.512271881103516 -11.462430953979492 35.040794372558594
v -28.343311309814453 -11.337540626525879 35.079586029052734
v -28.84400177001953 -11.578598976135254 35.25558090209961
v -23.684179306030273 -11.798004150390625 38.38492965698242
v -29.793867111206055 -11.600149154663086 36.327362060546875
v -29.89864730834961 -11.461918830871582 36.69854736328125
v -28.727529525756836 -11.250823974609375 38.004302978515625
v -28.716753005981445 -11.56279468536377 36.73405456542969
v -28.093835830688477 -11.53046989440918 35.99620056152344
v -27.862319946289062 -11.825096130371094 38.576011657714844
v -27.92912483215332 -11.630525588989258 39.006404876708984
v -27.392826080322266 -11.682657241821289 36.76073455810547
v -26.708648681640625 -12.643505096435547 38.8572998046875
v -26.33202362060547 -11.947216987609863 37.441627502441406
v -26.56641387939453 -14.392385482788086 42.18316650390625
v -25.958070755004883 -14.22757339477539 41.17152404785156
v -24.843290328979492 -12.164054870605469 38.33515930175781
v -29.770675659179688 -13.371707916259766 47.821922302246094
v -30.361984252929688 -11.200540542602539 36.43932342529297
v -24.512235641479492 -13.375301361083984 39.647483825683594
v -23.25450325012207 -12.607278823852539 38.97746658325195
v -28.958324432373047 -13.66551399230957 47.98160171508789
v -28.767446517944336 -14.107505798339844 47.14790344238281
v -28.208879470825195 -14.300640106201172 45.532020568847656
v -26.853958129882812 -14.738836288452148 43.65342712402344
v -20.902515411376953 -10.576086044311523 36.10723876953125
v -21.781572341918945 -12.974153518676758 39.961509704589844
v -21.577045440673828 -9.62016487121582 34.925445556640625
v -21.4309139251709 -10.417433738708496 35.66658020019531
v -21.11986541748047 -9.724531173706055 35.01976013183594
v -20.62225341796875 -9.295880317687988 34.98845672607422
v -20.56109046936035 -9.81648063659668 35.453128814697266
v -20.101139068603516 -9.35252857208252 35.652931213378906
v -19.745145797729492 -10.497478485107422 38.241973876953125
v -20.63446617126465 -13.839151382446289 43.16351318359375
v -22.06778335571289 -14.239992141723633 44.07817840576172
v -23.83687973022461 -14.27252197265625 41.6049919128418
v -22.51849937438965 -14.255693435668945 45.2862434387207
v -25.387081146240234 -12.82309341430664 48.570858001708984
v -28.112409591674805 -12.976306915283203 48.641563415527344
v -27.790996551513672 -13.744327545166016 47.97893524169922
v -24.961408615112305 -13.838638305664062 47.29998779296875
v -23.561649322509766 -13.079339981079102 48.29265213012695
v -22.04674530029297 -13.402803421020508 47.94732666015625
v -27.74287223815918 -14.610969543457031 46.31707763671875
v -27.435211181640625 -14.746328353881836 45.27177429199219
v -26.973411560058594 -14.7520751953125 46.00890350341797
v -26.480005264282227 -14.918115615844727 44.99018096923828
v -26.377485275268555 -14.882814407348633 43.573585510253906
v -25.032732009887695 -14.286170959472656 41.072078704833984
v -25.328794479370117 -14.869165420532227 43.904747009277344
v -25.838623046875 -14.782346725463867 42.640140533447266
v -24.55800437927246 -14.657251358032227 42.64650344848633
v -25.794389724731445 -8.967183113098145 49.9747200012207
v -23.840778350830078 -8.205729484558105 50.28094482421875
v 4.587601661682129 -30.523086547851562 80.53897094726562
v 7.534795761108398 -30.40999984741211 79.43445587158203
v 7.560861587524414 -29.98391342163086 82.00369262695312
v 0.8542222380638123 -30.45730972290039 79.82411193847656
v 2.359786033630371 -30.51549530029297 80.38719177246094
v 4.997780799865723 -29.973140716552734 83.04150390625
v 11.547307014465332 -29.354225158691406 80.70819854736328
v 10.43468189239502 -29.929832458496094 78.65206146240234
v 1.6025400161743164 -30.653724670410156 76.28191375732422
v -0.16830098628997803 -28.897663116455078 61.46897506713867
v -0.19785594940185547 -30.047435760498047 62.687095642089844
v 3.3499832153320312 -31.82351303100586 66.01717376708984
v 1.0651099681854248 -31.18355941772461 64.45023345947266
v 3.814551830291748 -31.512054443359375 64.59308624267578
v 1.9261064529418945 -31.659008026123047 66.02538299560547
v 1.886494517326355 -31.454689025878906 66.69992065429688
v 2.5924296379089355 -31.58142852783203 66.16864776611328
v 3.140019416809082 -31.52785873413086 66.22816467285156
v 2.9315943717956543 -29.973651885986328 66.18147277832031
v 0.28621089458465576 -31.200904846191406 65.04668426513672
v 0.4544077515602112 -31.40347671508789 66.54136657714844
v 1.673656940460205 -31.585838317871094 66.68297576904297
v 2.1070287227630615 -31.535144805908203 67.53782653808594
v 1.9439626932144165 -31.330516815185547 66.92054748535156
v -0.24926960468292236 -29.537097930908203 69.1744384765625
v -2.16378116607666 -28.90392303466797 67.49739074707031
v -0.8548405170440674 -29.68918228149414 67.9525146484375
v -3.3791308403015137 -29.292858123779297 73.01997375488281
v -2.160599708557129 -29.743267059326172 73.53349304199219
v 0.5556955337524414 -29.722949981689453 70.13096618652344
v -0.5281955003738403 -30.936344146728516 66.93101501464844
v 0.22135376930236816 -29.936195373535156 68.62715148925781
v 0.06567668914794922 -31.0010986328125 67.45561981201172
v 1.6721177101135254 -30.34575653076172 68.95430755615234
v 1.8126068115234375 -31.329593658447266 67.88232421875
v 2.1462302207946777 -31.525497436523438 67.16407012939453
v -1.7708419561386108 -30.343708038330078 74.034912109375
v 1.0435593128204346 -29.687644958496094 61.763912200927734
v 2.1325814723968506 -30.406818389892578 62.46071243286133
v 3.445626735687256 -29.918441772460938 61.664573669433594
v 2.0813732147216797 -29.15719223022461 61.17485809326172
v 4.4724602699279785 -30.749370574951172 62.86412048339844
v 4.011996269226074 -26.332015991210938 56.110374450683594
v 2.9469876289367676 -26.008655548095703 56.41526412963867
v 16.330507278442383 -25.03590202331543 60.236183166503906
v 18.761821746826172 -25.572921752929688 62.93626022338867
v 17.673723220825195 -25.16325569152832 61.982086181640625
v 18.316545486450195 -26.263465881347656 64.270751953125
v 17.695478439331055 -25.77713966369629 62.94560241699219
v 17.98979949951172 -25.403907775878906 62.355316162109375
v 18.333890914916992 -24.766315460205078 61.176300048828125
v 19.673410415649414 -24.19584083557129 61.63009262084961
v 20.827495574951172 -24.362703323364258 63.13801574707031
v 20.71163558959961 -22.454967498779297 60.592689514160156
v 17.061277389526367 -24.959962844848633 61.503971099853516
v 16.373811721801758 -26.26377296447754 63.13339614868164
v 13.118959426879883 -27.87401008605957 64.19953918457031
v 12.69759464263916 -28.051239013671875 63.66252136230469
v 15.331380844116211 -26.868011474609375 63.34992980957031
v 13.972772598266602 -24.689760208129883 59.398681640625
v 15.215418815612793 -25.01630401611328 59.75703811645508
v 10.494715690612793 -29.071605682373047 63.6735954284668
v 11.450226783752441 -28.28470230102539 62.86493682861328
v 11.187925338745117 -27.697195053100586 62.137760162353516
v 11.4352445602417 -25.27470588684082 56.93473434448242
v 13.680403709411621 -24.738197326660156 57.76556396484375
v 17.18801498413086 -22.370609283447266 58.15552520751953
v 20.57442855834961 -20.377901077270508 59.00236129760742
v 4.5149455070495605 -26.396873474121094 55.71168899536133
v 6.816443920135498 -26.207639694213867 56.10062789916992
v 5.16372013092041 -26.1992244720459 55.45021057128906
v 7.460703372955322 -26.000240325927734 55.84714889526367
v 4.698330879211426 -25.9827938079834 55.2448616027832
v 9.912851333618164 -25.444541931152344 57.32695770263672
v 11.23205280303955 -25.45418930053711 57.3909912109375
v 16.575056076049805 -20.09404945373535 56.81620788574219
v 12.531244277954102 -25.253768920898438 57.9830207824707
v 13.19028091430664 -23.190458297729492 56.54343795776367
v 18.282272338867188 -20.89727020263672 57.95294952392578
v 7.348742485046387 -25.483436584472656 55.44651794433594
v 10.242881774902344 -25.29204750061035 56.341583251953125
v 10.119017601013184 -23.75682830810547 55.54975128173828
v 20.28791046142578 -18.752885818481445 58.216583251953125
v 21.86058807373047 -19.331159591674805 59.36164093017578
v 27.355268478393555 -15.37704086303711 74.25564575195312
v 27.03795623779297 -16.578536987304688 66.5599365234375
v 28.252586364746094 -15.487358093261719 64.28132629394531
v 27.528079986572266 -15.168205261230469 69.45530700683594
v 26.44788360595703 -16.631591796875 64.51673889160156
v 25.514230728149414 -15.657915115356445 62.17747497558594
v 27.366140365600586 -15.154043197631836 70.38383483886719
v 20.878087997436523 -25.095422744750977 65.25746154785156
v 20.427783966064453 -25.345205307006836 64.72044372558594
v 21.560728073120117 -24.569692611694336 64.84410095214844
v 22.6650390625 -23.504682540893555 64.7192153930664
v 23.37908172607422 -23.13278579711914 66.1405258178711
v 23.8952693939209 -21.757652282714844 64.00794219970703
v 22.98563003540039 -23.446189880371094 66.43360900878906
v 21.461801528930664 -24.279170989990234 66.03144073486328
v 23.106416702270508 -23.121288299560547 67.09962463378906
v 22.034841537475586 -22.611255645751953 62.09794616699219
v 23.549230575561523 -21.526649475097656 62.886390686035156
v 22.872644424438477 -20.72589111328125 61.06731414794922
v 19.934480667114258 -25.643321990966797 64.98931121826172
v 18.29058265686035 -26.03564453125 65.4508056640625
v 14.107720375061035 -26.588674545288086 66.03472137451172
v 21.824054718017578 -23.370145797729492 66.52330017089844
v 25.81953239440918 -19.553232192993164 67.39887237548828
v 27.20225715637207 -16.15583610534668 68.55531311035156
v 25.968948364257812 -17.18821144104004 64.28419494628906
v 26.638042449951172 -16.934019088745117 66.06889343261719
v 24.2386417388916 -23.62967872619629 79.56098937988281
v 24.901578903198242 -21.8109130859375 73.7206802368164
v 25.030471801757812 -22.185686111450195 79.26266479492188
v 25.258291244506836 -20.832618713378906 68.52535247802734
v 24.43793296813965 -21.98783302307129 67.2344741821289
v 24.459793090820312 -20.549280166625977 63.38215255737305
v 25.289899826049805 -19.677406311035156 64.47784423828125
v 25.045351028442383 -20.612289428710938 65.48785400390625
v 24.94878578186035 -19.057571411132812 62.87910079956055
v 25.25377655029297 -16.26810646057129 62.304927825927734
v 25.82383918762207 -16.515117645263672 63.31801223754883
v 23.774381637573242 -22.597917556762695 68.22508239746094
v 24.2083683013916 -22.138582229614258 70.82787322998047
v 24.28277015686035 -22.115596771240234 72.68316650390625
v 24.242645263671875 -18.38601303100586 61.35260009765625
v 23.585763931274414 -17.726154327392578 60.38169860839844
v 22.58253288269043 -17.877111434936523 59.47441864013672
v 22.860021591186523 -19.884084701538086 60.44973373413086
v 23.984447479248047 -20.157573699951172 62.019229888916016
v 23.76329803466797 -19.170352935791016 61.04391860961914
v 21.533430099487305 -17.310230255126953 58.637229919433594
v 12.673478126525879 -26.828397750854492 66.47352600097656
v 12.040918350219727 -28.84799575805664 72.9212646484375
v 12.317790985107422 -29.09941864013672 72.94085693359375
v 12.063288688659668 -29.090900421142578 73.28063201904297
v 12.528883934020996 -29.287315368652344 73.3539047241211
v 11.49199390411377 -28.244678497314453 69.60698699951172
v 11.159910202026367 -28.870262145996094 71.2967529296875
v 24.24705696105957 -22.77976417541504 76.47093963623047
v 21.642723083496094 -24.686063766479492 78.57263946533203
v 21.80722427368164 -24.02815818786621 78.50275421142578
v 22.17337989807129 -24.845333099365234 78.89302062988281
v 22.892656326293945 -23.76513671875 78.23234558105469
v 20.03340721130371 -26.64573097229004 78.7708969116211
v 19.88645362854004 -26.367935180664062 78.31906127929688
v 22.565393447875977 -25.44403076171875 80.21479034423828
v 23.51628875732422 -23.767807006835938 78.26118469238281
v 23.856786727905273 -24.065305709838867 79.40736389160156
v 22.750627517700195 -25.348695755004883 81.20560455322266
v 23.912303924560547 -23.830814361572266 80.9753189086914
v 21.329008102416992 -26.538183212280273 81.77114868164062
v 20.697063446044922 -27.13574981689453 81.12339782714844
v 21.60896110534668 -25.86939811706543 82.4874496459961
v 22.874286651611328 -24.897159576416016 81.84329223632812
v 19.56206512451172 -26.78632354736328 83.20713806152344
v 20.99127960205078 -25.958988189697266 82.99675750732422
v 16.197919845581055 -29.208709716796875 81.58355712890625
v 15.756954193115234 -29.818077087402344 80.45112609863281
v 18.715436935424805 -28.139904022216797 81.91307067871094
v 17.39992904663086 -27.745323181152344 83.21237182617188
v 20.375652313232422 -26.872934341430664 82.5042724609375
v 19.533126831054688 -27.874114990234375 81.45703125
v 16.2122859954834 -29.816024780273438 79.71481323242188
v 13.550996780395508 -31.10546875 77.39002227783203
v 23.64897918701172 -22.38918685913086 68.95307922363281
v 23.715373992919922 -21.89013671875 71.14857482910156
v 22.46759605407715 -23.03949737548828 66.97894287109375
v 22.858379364013672 -22.479595184326172 67.74224090576172
v 15.850032806396484 -29.320568084716797 76.17908477783203
v 15.359295845031738 -30.09115219116211 77.07374572753906
v 17.76433753967285 -27.613557815551758 77.12454223632812
v 14.655617713928223 -30.623043060302734 77.502197265625
v 12.165603637695312 -30.82018280029297 73.02295684814453
v 15.06733512878418 -29.337806701660156 75.15605163574219
v 10.068015098571777 -30.94670867919922 73.1551284790039
v 10.818795204162598 -30.47762680053711 72.50338745117188
v 10.963286399841309 -30.800373077392578 72.55633544921875
v 10.334318161010742 -31.611087799072266 74.10099029541016
v 11.067550659179688 -31.59548568725586 73.35667419433594
v 11.014083862304688 -31.79138946533203 73.99960327148438
v 11.322463035583496 -30.360122680664062 72.44755554199219
v 11.094232559204102 -30.07032012939453 72.48573303222656
v 10.903047561645508 -31.282695770263672 72.92761993408203
v 11.452280044555664 -31.31460952758789 72.99000549316406
v 11.427855491638184 -31.667015075683594 73.59978485107422
v 11.672403335571289 -30.53406524658203 72.5561294555664
v 12.202239036560059 -31.46197509765625 74.00227355957031
v 9.898791313171387 -31.199981689453125 73.73657989501953
v 10.429551124572754 -30.255348205566406 72.68840789794922
v 10.19444465637207 -31.13410186767578 76.41316986083984
v 9.918598175048828 -31.3714599609375 74.5365219116211
v 10.892169952392578 -31.563671112060547 75.96553039550781
v 11.824078559875488 -31.764503479003906 74.93951416015625
v 11.717864990234375 -31.02254867553711 78.1815414428711
v 11.992685317993164 -31.55823516845703 76.41881561279297
v 12.426159858703613 -28.821414947509766 81.86863708496094
v 11.284390449523926 -29.71874237060547 80.21530151367188
v 12.012080192565918 -29.579689025878906 81.07917022705078
v 10.954564094543457 -30.779132843017578 78.30089569091797
v 10.129587173461914 -30.738903045654297 77.25979614257812
v 10.639822959899902 -30.160629272460938 78.93869018554688
v 11.22425365447998 -30.20660400390625 79.65159606933594
v 9.994229316711426 -29.393733978271484 64.4209976196289
v 9.986225128173828 -29.065139770507812 66.86349487304688
v 9.945176124572754 -28.91900634765625 67.70703887939453
v 8.442587852478027 -30.339290618896484 63.48549270629883
v 7.976480484008789 -31.133586883544922 66.97987365722656
v 7.00023889541626 -31.485065460205078 66.69631958007812
v 7.48676872253418 -31.375873565673828 65.92953491210938
v 7.142473220825195 -30.936859130859375 63.9339485168457
v 8.255406379699707 -30.804271697998047 64.39698028564453
v 8.406157493591309 -31.074783325195312 66.05011749267578
v 9.043335914611816 -30.37561798095703 64.42817687988281
v 9.3084077835083 -30.34442138671875 65.98063659667969
v 6.163769721984863 -31.52785873413086 67.27593231201172
v 8.643214225769043 -30.57532501220703 67.11286926269531
v 7.825215816497803 -30.8355712890625 67.61910247802734
v 9.01357650756836 -30.444583892822266 66.70361328125
v 8.378860473632812 -29.59764862060547 68.4312515258789
v 3.9132742881774902 -31.882312774658203 66.27207946777344
v 4.578160285949707 -31.79416275024414 66.22498321533203
v 5.530285358428955 -31.582656860351562 67.22359466552734
v 5.784068584442139 -31.649978637695312 66.16545867919922
v 5.948058128356934 -31.42852020263672 67.06473541259766
v 5.097426414489746 -31.704265594482422 65.48271942138672
v 7.987255573272705 -29.815719604492188 62.32720184326172
v 6.960216999053955 -30.19192886352539 68.7416763305664
v 6.174647331237793 -31.33102798461914 67.8193130493164
v 8.36818790435791 -29.46002960205078 68.89991760253906
v 4.269166469573975 -30.409690856933594 69.39054870605469
v 1.9960945844650269 -30.086639404296875 69.56183624267578
v 3.88454008102417 -31.247905731201172 68.3667984008789
v 3.7817130088806152 -31.734947204589844 67.4237060546875
v 4.556712627410889 -30.057186126708984 70.58938598632812
v 4.406679630279541 -30.197978973388672 69.8128433227539
v 6.929019927978516 -29.7779541015625 70.07955932617188
v 11.901248931884766 -27.6433162689209 66.28736877441406
v 10.924803733825684 -29.387165069580078 73.01812744140625
v 10.06052303314209 -29.992225646972656 73.11767578125
v 10.532480239868164 -29.522830963134766 73.09181213378906
v 7.138675689697266 -30.47547149658203 75.11787414550781
v 9.765689849853516 -29.81397247314453 73.75670623779297
v 9.58548641204834 -30.376544952392578 73.7418212890625
v 9.56804084777832 -29.947486877441406 74.34153747558594
v 9.683798789978027 -30.675174713134766 73.55658721923828
v 9.705862045288086 -30.135894775390625 76.41881561279297
v 9.442432403564453 -30.56711196899414 74.46694946289062
v 24.519311904907227 -22.639991760253906 80.81605529785156
v 25.294620513916016 -21.23479461669922 79.76171112060547
v 24.2386417388916 -21.947498321533203 81.95771789550781
v 25.064441680908203 -19.753755569458008 81.40396881103516
v 25.721630096435547 -19.456050872802734 80.02145385742188
v 23.401248931884766 -23.71310806274414 82.17404174804688
v 22.94273567199707 -24.013071060180664 82.58811950683594
v 21.609987258911133 -24.88351058959961 83.34382629394531
v 3.814551830291748 -30.768970489501953 77.58737182617188
v 4.225757598876953 -30.611751556396484 74.50584411621094
v 6.4008259773254395 -30.65782928466797 77.58737182617188
v 9.971138954162598 -30.073196411132812 77.40110778808594
v 9.64090347290039 -30.508102416992188 76.1547622680664
v -1.7880829572677612 -30.038097381591797 74.94198608398438
v 0.7277922034263611 -30.408870697021484 74.43502807617188
v -1.9054821729660034 -29.90561294555664 74.034912109375
v 3.2533135414123535 -31.633045196533203 66.40374755859375
v 3.5026845932006836 -31.85234832763672 66.5265884399414
v 13.663265228271484 -30.860820770263672 78.62158203125
v 13.6825590133667 -30.539920806884766 79.58499908447266
v 11.893450736999512 -30.176532745361328 80.14921569824219
v 9.534894943237305 -30.738391876220703 74.034912109375
v 9.57337760925293 -30.981189727783203 74.74217224121094
v 8.343558311462402 -28.989917755126953 61.63789367675781
v 6.147349834442139 -30.094436645507812 62.09794616699219
v 5.630854606628418 -29.292346954345703 61.23869323730469
v 6.922965049743652 -29.58892059326172 61.69844055175781
v 16.020999908447266 9.327095031738281 80.32366943359375
v 13.577062606811523 9.066434860229492 84.42176818847656
v 16.424097061157227 8.190047264099121 83.20559692382812
v 14.133581161499023 8.009227752685547 86.05632019042969
v 15.270834922790527 5.447890758514404 88.8152084350586
v 16.708053588867188 6.989679336547852 85.31663513183594
v 16.656536102294922 5.318793296813965 87.83106231689453
v 12.865586280822754 6.959713459014893 88.5770263671875
v 11.978524208068848 8.05848503112793 87.52822875976562
v 9.923111915588379 7.558717727661133 89.27433776855469
v 11.082430839538574 9.246126174926758 85.981201171875
v 9.796785354614258 8.510637283325195 87.95010375976562
v 12.782463073730469 10.154226303100586 82.34675598144531
v 9.901766777038574 10.214158058166504 84.61398315429688
v 6.002037048339844 8.695459365844727 88.75507354736328
v 6.330940246582031 7.613516807556152 90.18325805664062
v 7.716949939727783 9.760055541992188 86.56307220458984
v 5.281940937042236 3.067988872528076 94.52713775634766
v 5.747227668762207 2.6066012382507324 94.79005432128906
v 5.950932025909424 2.3503541946411133 94.92315673828125
v 4.559688568115234 3.5230138301849365 94.26216888427734
v 13.915613174438477 4.37692928314209 90.82864379882812
v 14.6088228225708 2.55344295501709 91.94835662841797
v 16.237428665161133 2.473397731781006 90.97785949707031
v 16.894926071166992 3.5338916778564453 89.56639862060547
v 18.196067810058594 4.529219150543213 87.29835510253906
v 13.632478713989258 1.7171785831451416 93.04692077636719
v 12.612008094787598 3.282057523727417 92.42913818359375
v 12.634790420532227 5.561697006225586 90.35258483886719
v 7.475993633270264 2.774387836456299 94.39229583740234
v 7.335607051849365 1.3000214099884033 95.31712341308594
v 9.978939056396484 0.38607215881347656 95.18904876708984
v 9.957490921020508 4.585867404937744 92.41960144042969
v 11.79093074798584 2.1136059761047363 93.59820556640625
v 8.823110580444336 5.631377696990967 91.80355072021484
v 6.62546443939209 5.187537670135498 92.69123077392578
v 5.054531097412109 4.304786682128906 93.61103820800781
v 18.074872970581055 7.780277252197266 81.56950378417969
v 18.326295852661133 6.813374996185303 83.53327178955078
v 20.88178253173828 1.096111536026001 87.81187438964844
v 20.16045379638672 4.126224517822266 85.44593048095703
v 22.41556739807129 2.0228893756866455 84.72173309326172
v 19.105093002319336 5.571652412414551 84.71834564208984
v 20.49530792236328 5.398426055908203 82.80814361572266
v 17.863162994384766 8.432540893554688 79.71891784667969
v 10.418159484863281 11.165666580200195 69.79898834228516
v 8.346534729003906 10.943593978881836 67.7491226196289
v 6.584415912628174 11.964576721191406 70.48070526123047
v 6.972428798675537 10.35721206665039 65.9029541015625
v 3.82183837890625 11.396462440490723 67.99623107910156
v 3.2883076667785645 10.776934623718262 66.4273452758789
v 2.6547210216522217 11.825833320617676 69.46136474609375
v 9.168432235717773 9.723831176757812 65.35423278808594
v 7.099371910095215 9.560867309570312 64.44849395751953
v 10.377111434936523 10.250691413879395 67.05170440673828
v 1.2322807312011719 9.790328979492188 64.71870422363281
v 2.8337960243225098 9.390823364257812 63.871761322021484
v 3.286255359649658 8.375175476074219 62.418739318847656
v -1.9741359949111938 10.03261947631836 66.17377471923828
v 0.811428964138031 10.67534065246582 66.56558227539062
v -1.0536190271377563 8.052738189697266 62.64071273803711
v 5.985515117645264 7.756366729736328 61.75436782836914
v 8.35382080078125 8.020720481872559 62.47538757324219
v 8.35587215423584 11.891510009765625 71.27006530761719
v 9.652192115783691 11.965705871582031 73.72673034667969
v 14.86804485321045 10.247098922729492 78.23347473144531
v 12.9859619140625 10.704998016357422 79.91236114501953
v 9.58425521850586 11.12749195098877 82.21016693115234
v 9.213277816772461 11.957803726196289 78.4166488647461
v 8.323444366455078 11.562708854675293 81.50341033935547
v 10.587794303894043 11.768980026245117 77.1768798828125
v 12.440116882324219 11.201377868652344 77.76151275634766
v 11.73387336730957 11.509654998779297 74.7544937133789
v 7.0334882736206055 12.4169340133667 74.2095718383789
v 5.871297359466553 12.479942321777344 77.76336669921875
v -3.7128562927246094 6.955608367919922 62.162391662597656
v -4.930771350860596 7.774325370788574 63.77212142944336
v 6.204407691955566 12.303024291992188 72.19725799560547
v 13.583733558654785 10.410985946655273 70.64715576171875
v 14.9675874710083 10.247509956359863 73.00694274902344
v 3.6007909774780273 12.41354751586914 72.28263854980469
v 17.879070281982422 8.73507022857666 78.01170349121094
v 17.854337692260742 8.927589416503906 75.64668273925781
v 15.788049697875977 10.003166198730469 74.70707702636719
v -14.902631759643555 -2.9746880531311035 61.43593215942383
v -11.297527313232422 -2.6003241539001465 58.987579345703125
v 3.1272940635681152 8.291436195373535 89.48112487792969
v 4.439518451690674 6.426695823669434 91.69426727294922
v 1.0447908639907837 5.774125099182129 92.16006469726562
v 2.0465846061706543 4.70121431350708 93.26212310791016
v -0.9610539674758911 4.985476493835449 92.48958587646484
v 0.6568806171417236 3.1538829803466797 94.27284240722656
v 1.9546353816986084 3.0607030391693115 94.52600860595703
v 1.1757361888885498 8.339668273925781 89.19993591308594
v -1.3858057260513306 6.45974063873291 90.90469360351562
v -11.877955436706543 2.683875799179077 88.08309936523438
v -11.860099792480469 1.4653453826904297 89.19973754882812
v -9.725259780883789 3.3781118392944336 89.45166778564453
v -9.60734748840332 4.803938388824463 88.03240966796875
v -7.3738884925842285 3.7884960174560547 90.78113555908203
v -7.699198246002197 5.346191883087158 88.96934509277344
v -8.901926040649414 0.6451921463012695 92.17771911621094
v -3.6864829063415527 4.253269195556641 92.24678039550781
v -5.411246299743652 2.210789203643799 93.08375549316406
v -1.494482159614563 3.551644802093506 93.5232925415039
v -3.2623472213745117 6.498531341552734 90.18757629394531
v -2.846728801727295 7.543837547302246 89.06253051757812
v -11.186387062072754 4.787723064422607 86.40473175048828
v -13.513644218444824 3.2422401905059814 85.41842651367188
v -4.9106574058532715 6.3032426834106445 89.63084411621094
v -14.969436645507812 0.7437088489532471 86.04401397705078
v -9.982429504394531 8.420433044433594 70.17827606201172
v -11.877134323120117 7.747746467590332 72.80888366699219
v -10.206042289733887 8.853187561035156 73.34847259521484
v -10.625560760498047 7.4177141189575195 68.2785415649414
v -12.499946594238281 7.030830383300781 71.21178436279297
v -10.756916046142578 6.693922996520996 66.84809875488281
v -12.629659652709961 5.146078109741211 66.54701232910156
v -12.536069869995117 6.33433723449707 68.9308090209961
v -14.979185104370117 3.13643741607666 66.96293640136719
v -13.556231498718262 3.0790717601776123 64.78797149658203
v -13.793904304504395 4.965669631958008 68.15109252929688
v -13.914176940917969 5.706701278686523 70.45176696777344
v -0.9987162351608276 1.720975399017334 94.86117553710938
v -4.064028263092041 1.6947040557861328 93.96846008300781
v -2.6847915649414062 0.2449662685394287 95.21572875976562
v -4.94308614730835 0.38463544845581055 94.37443542480469
v -4.488368988037109 -1.6387581825256348 95.47782897949219
v -0.9480210542678833 10.877710342407227 67.68415832519531
v 0.7490349411964417 11.732240676879883 69.64967346191406
v -8.891663551330566 8.125189781188965 67.56635284423828
v -7.208359241485596 9.7876615524292 70.14698028564453
v -15.446319580078125 0.0443415641784668 64.04108428955078
v -12.411588668823242 2.887887477874756 63.335044860839844
v -13.39183235168457 -1.3598322868347168 60.9736213684082
v -11.537252426147461 4.362664222717285 64.12287902832031
v 0.3433712124824524 12.215896606445312 72.38085174560547
v -3.5185937881469727 11.495903968811035 72.5591049194336
v -1.9341133832931519 12.035181045532227 74.61051177978516
v 1.4597933292388916 12.529816627502441 74.9094467163086
v -3.0574111938476562 11.133957862854004 69.99181365966797
v -7.1061482429504395 10.337099075317383 77.91658020019531
v -8.82711410522461 9.039754867553711 80.58063507080078
v -5.475898265838623 10.7371187210083 79.54805755615234
v -7.1835246086120605 9.228270530700684 82.68069458007812
v -4.95806884765625 9.567743301391602 84.21190643310547
v -2.9964542388916016 10.879660606384277 82.21499633789062
v -3.317762851715088 11.709766387939453 76.66633605957031
v -10.223590850830078 7.478774547576904 82.87166595458984
v -10.955079078674316 7.747130870819092 80.71373748779297
v -0.9364246129989624 12.210251808166504 76.93827819824219
v -2.5199813842773438 11.753586769104004 78.4959716796875
v 0.7714065313339233 12.366852760314941 78.03530883789062
v -0.49474072456359863 11.562299728393555 81.69921112060547
v -1.154598593711853 10.919990539550781 83.42849731445312
v -9.56855583190918 9.290254592895508 75.95445251464844
v -13.056977272033691 7.032472610473633 75.4493408203125
v -13.674759864807129 6.4253621101379395 77.12895202636719
v -12.335957527160645 7.286154747009277 78.47535705566406
v -0.9379640817642212 8.968740463256836 87.69386291503906
v -3.728147506713867 9.372966766357422 85.57636260986328
v -3.1751184463500977 8.788742065429688 86.99449920654297
v -6.809981346130371 6.825689315795898 87.75143432617188
v -6.4328460693359375 7.714394569396973 86.67935180664062
v -8.038670539855957 7.337874889373779 85.87992095947266
v -10.598570823669434 6.478520393371582 84.45881652832031
v -9.886991500854492 6.035091876983643 86.07090759277344
v -10.081151962280273 8.902240753173828 77.50515747070312
v -8.390766143798828 9.786943435668945 73.2039794921875
v -7.77770471572876 10.172286987304688 75.9427490234375
v -1.2248948812484741 9.962221145629883 85.73152923583984
v 2.5934557914733887 9.681960105895996 87.25936889648438
v 1.9162547588348389 11.037286758422852 84.2518310546875
v -11.680512428283691 6.506843090057373 82.72112274169922
v -13.679994583129883 4.38688325881958 83.40099334716797
v -13.648900985717773 5.375746726989746 81.39647674560547
v -13.458333015441895 6.304987907409668 78.90790557861328
v -10.162120819091797 4.323770999908447 62.88628387451172
v -10.537612915039062 5.637740135192871 64.8303451538086
v -7.3972859382629395 8.007686614990234 65.79920196533203
v -4.535780429840088 10.146427154541016 68.08509826660156
v -5.791767597198486 10.403287887573242 70.38557434082031
v -10.941020011901855 1.8001997470855713 61.18707275390625
v -11.350069999694824 -0.14674043655395508 60.18630599975586
v 4.4724602699279785 11.892742156982422 81.70526885986328
v 7.559014797210693 11.023330688476562 83.718505859375
v 2.376307964324951 11.656198501586914 82.4657974243164
v 5.230629920959473 11.00229263305664 84.42289733886719
v 4.324479579925537 12.35782241821289 79.39678955078125
v 3.7405619621276855 10.523972511291504 85.6591796875
v 4.752001762390137 9.62510871887207 87.38764190673828
v 7.399232387542725 12.139649391174316 79.29725646972656
v 2.6540026664733887 12.489692687988281 78.20719909667969
v 2.0876331329345703 12.121485710144043 80.45768737792969
v 4.550042152404785 12.633157730102539 75.92633056640625
v -7.413602352142334 4.207808494567871 61.044532775878906
v -7.995057582855225 7.155106544494629 64.85693359375
v -6.469277381896973 6.491349220275879 62.89069747924805
v -4.365736484527588 5.807783603668213 61.1718864440918
v -5.341464519500732 9.299182891845703 66.67446899414062
v -5.565281867980957 11.037800788879395 74.51774597167969
v -6.9745869636535645 10.366962432861328 72.75439453125
v -15.36268424987793 3.7343122959136963 81.04273986816406
v -15.430925369262695 2.5863850116729736 83.05381774902344
v -16.414247512817383 2.285703420639038 81.23731231689453
v -17.369041442871094 -0.2702970504760742 82.70316314697266
v -17.82427215576172 0.1661531925201416 80.90255737304688
v -16.573413848876953 -0.11841630935668945 84.19538116455078
v -14.869071960449219 4.5111589431762695 69.53176879882812
v -15.692510604858398 4.590485572814941 73.947265625
v -15.080266952514648 1.671922206878662 65.15658569335938
v -18.464632034301758 0.6471419334411621 75.9139175415039
v -18.521381378173828 -0.6706242561340332 70.04856872558594
v -18.12926483154297 -1.5195116996765137 67.40975189208984
v -17.69866180419922 -0.11431217193603516 68.05790710449219
v -17.13968276977539 -1.1976895332336426 65.51309204101562
v -16.582447052001953 0.5483167171478271 66.33171081542969
v -17.00709342956543 1.694807529449463 69.13287353515625
v -16.249130249023438 2.8030195236206055 69.1937255859375
v -17.133935928344727 2.806405782699585 74.00206756591797
v -17.84233283996582 1.6365180015563965 73.16888427734375
v -17.00606918334961 2.8775229454040527 76.95603942871094
v -15.69261360168457 4.524806976318359 76.75274658203125
v -18.12546730041504 0.7079958915710449 71.36910247802734
v -16.18950653076172 3.706912040710449 71.7348403930664
v -18.782655715942383 -0.8063926696777344 79.13151550292969
v -17.138450622558594 2.0890796184539795 79.26512145996094
v -14.801342010498047 -0.7340450286865234 62.6720085144043
v -16.480335235595703 -2.8207554817199707 63.270912170410156
v 1.2807183265686035 18.92890167236328 18.876941680908203
v -1.6154729127883911 21.75623321533203 17.30046844482422
v -1.9666444063186646 22.39033317565918 18.28009796142578
v -7.345871448516846 26.268407821655273 16.753799438476562
v -9.084796905517578 27.18348503112793 16.269119262695312
v -6.092860698699951 25.570375442504883 17.688892364501953
v -4.022671699523926 23.555500030517578 16.221195220947266
v -4.046480178833008 23.914161682128906 16.954940795898438
v -12.405945777893066 24.9188289642334 13.543895721435547
v -10.524170875549316 25.904817581176758 14.037094116210938
v -8.856566429138184 24.879932403564453 13.908409118652344
v -12.146824836730957 25.922880172729492 13.844165802001953
v -10.400203704833984 26.658061981201172 14.59885025024414
v -12.014031410217285 27.151878356933594 14.5323486328125
v -11.781901359558105 28.150901794433594 15.564414978027344
v -9.118969917297363 26.360563278198242 14.92990493774414
v -12.99858570098877 28.57164764404297 15.567802429199219
v -12.757526397705078 27.147260665893555 14.433834075927734
v -6.417349815368652 24.915340423583984 15.322639465332031
v -14.377205848693848 22.874502182006836 14.266864776611328
v -21.870647430419922 30.81660270690918 19.600322723388672
v -13.852295875549316 23.852590560913086 13.80630111694336
v -13.979752540588379 25.27739143371582 13.873416900634766
v -15.098535537719727 25.90256118774414 14.268096923828125
v -14.04101848602295 26.29549789428711 14.104316711425781
v -16.234249114990234 25.59120750427246 14.71091079711914
v -18.321369171142578 28.00630760192871 15.946063995361328
v -20.032896041870117 29.521827697753906 17.425769805908203
v -16.250568389892578 27.334646224975586 14.925800323486328
v -15.69589614868164 28.60181999206543 15.385753631591797
v -17.14348030090332 28.99773406982422 15.911277770996094
v -17.89128303527832 28.597204208374023 15.946887969970703
v -14.499838829040527 27.51782989501953 14.648517608642578
v -14.98924446105957 29.08917236328125 15.749134063720703
v -18.0100154876709 30.906909942626953 17.864681243896484
v -21.191598892211914 31.728500366210938 20.082027435302734
v -20.29612159729004 32.171417236328125 20.66266632080078
v -19.04875373840332 30.661130905151367 17.783100128173828
v -18.64822006225586 31.62742042541504 19.26690673828125
v -23.377134323120117 32.26521301269531 22.44048309326172
v -21.762792587280273 32.45075225830078 21.736499786376953
v -14.736895561218262 29.92913246154785 16.891006469726562
v -16.740995407104492 31.163366317749023 19.119747161865234
v -19.632774353027344 32.1561279296875 20.968685150146484
v -11.34411907196045 28.63137435913086 17.114315032958984
v -14.91012191772461 30.32720184326172 17.841796875
v -13.159600257873535 29.225454330444336 16.472824096679688
v -13.279871940612793 29.68622589111328 18.371429443359375
v -16.84238624572754 29.706439971923828 16.38477325439453
v -18.586545944213867 29.917020797729492 16.964893341064453
v -15.749055862426758 29.851547241210938 16.503917694091797
v -20.167226791381836 30.641944885253906 18.24664306640625
v -18.77916717529297 31.863344192504883 21.343971252441406
v -23.04966926574707 33.06925582885742 25.068218231201172
v -23.14141273498535 33.043495178222656 24.152420043945312
v -19.100065231323242 29.686737060546875 23.915054321289062
v -17.910062789916992 29.323766708374023 23.14251708984375
v -16.285354614257812 28.610546112060547 22.39307403564453
v -16.87656021118164 28.025293350219727 22.76877212524414
v -16.564897537231445 29.70880126953125 22.061298370361328
v -17.674854278564453 27.171276092529297 22.98992156982422
v -15.337438583374023 25.74750328063965 22.328113555908203
v -13.803756713867188 27.100154876708984 21.905105590820312
v -15.560434341430664 30.53921890258789 19.99213409423828
v -8.933635711669922 27.349834442138672 17.47502899169922
v -16.863323211669922 30.882999420166016 21.04400634765625
v 23.74698257446289 3.0088791847229004 80.11729431152344
v 21.874853134155273 5.445940017700195 79.17317962646484
v 22.762325286865234 3.4271650314331055 81.94920349121094
v 24.57206153869629 0.9079031944274902 81.76960754394531
v 24.20508575439453 0.40546751022338867 83.30370330810547
v 21.486326217651367 3.4467661380767822 84.40955352783203
v 20.688854217529297 6.1020026206970215 80.64662170410156
v 19.79717254638672 7.546710014343262 77.29447937011719
v 13.350166320800781 7.580780029296875 63.87299346923828
v 10.762866020202637 7.28851318359375 62.28923416137695
v 11.215839385986328 9.128213882446289 65.18655395507812
v 13.000020980834961 6.829076290130615 62.68258285522461
v 22.321256637573242 1.9936420917510986 65.06083679199219
v 20.986764907836914 4.278207778930664 66.24468994140625
v 22.23731231689453 3.5390236377716064 67.08987426757812
v 20.59280014038086 5.915024280548096 68.79924774169922
v 22.563753128051758 4.292881011962891 69.39701843261719
v 19.63872528076172 6.103848457336426 67.48518371582031
v 25.591711044311523 0.5629913806915283 70.6815414428711
v 25.147871017456055 -0.42340898513793945 67.40174865722656
v 24.080707550048828 2.357538938522339 69.1549301147461
v 24.44131851196289 -0.20893001556396484 66.10245513916016
v 23.198366165161133 0.3163919448852539 64.57112884521484
v 20.05034065246582 2.536100387573242 63.004608154296875
v 21.092361450195312 2.624662399291992 64.18958282470703
v 21.608549118041992 0.6236412525177002 62.86894226074219
v 21.11760711669922 -1.099891185760498 61.22196578979492
v 22.69675064086914 -2.33237886428833 61.994503021240234
v 24.046226501464844 2.9475107192993164 70.56936645507812
v 21.571399688720703 5.825538158416748 71.25365447998047
v 17.03972625732422 8.159053802490234 68.30841064453125
v 17.6152286529541 8.96371078491211 73.2085952758789
v 18.714719772338867 7.746309757232666 70.18751525878906
v 15.876200675964355 9.41504192352295 70.4717788696289
v 19.88029670715332 7.483906269073486 73.05897521972656
v 26.638450622558594 -0.9793109893798828 77.06358337402344
v 25.850727081298828 0.1261310577392578 78.90369415283203
v 24.903427124023438 1.8982031345367432 78.59541320800781
v 25.642610549926758 1.119920015335083 76.74042510986328
v 25.518131256103516 1.486485481262207 74.77500915527344
v 25.357526779174805 1.540052890777588 72.63812255859375
v 24.03278350830078 3.653959274291992 74.75859832763672
v 23.68427848815918 3.900764226913452 77.20909881591797
v 22.661550521850586 5.04848575592041 77.25241088867188
v 23.056644439697266 4.785774230957031 74.5290298461914
v 22.957717895507812 4.791622638702393 73.1673355102539
v 21.355484008789062 6.4427056312561035 75.26841735839844
v 19.656272888183594 4.541226387023926 64.8954086303711
v 18.33778953552246 5.494071006774902 64.79104614257812
v 18.11571502685547 6.842621803283691 66.7975082397461
v 16.284839630126953 7.025084495544434 65.15022277832031
v 18.256616592407227 3.481760025024414 62.36711883544922
v 18.780807495117188 1.990152359008789 61.46989822387695
v 15.393879890441895 6.12396240234375 63.19538116455078
v 14.801238059997559 9.095478057861328 67.88355255126953
v 15.087347984313965 7.742101669311523 65.32611846923828
v 19.109298706054688 0.1804180145263672 60.45045471191406
v 16.684757232666016 2.1618380546569824 60.24767303466797
v 12.68168830871582 10.19527530670166 68.69590759277344
v 13.379926681518555 5.210731506347656 61.11082458496094
v 15.519693374633789 4.007079601287842 61.06505584716797
v 19.541851043701172 7.848418712615967 75.28483581542969
v 12.686921119689941 9.277732849121094 66.40621185302734
v 0.758373498916626 19.72309112548828 19.447521209716797
v 13.264579772949219 3.8044028282165527 59.854122161865234
v 13.74053955078125 2.5216305255889893 59.131046295166016
v 10.227693557739258 3.667505979537964 58.805633544921875
v 10.312664985656738 4.638820171356201 59.54502487182617
v 6.873706817626953 5.581708908081055 59.655548095703125
v 8.35382080078125 6.523159980773926 60.76898956298828
v -12.710321426391602 23.210586547851562 22.353668212890625
v -11.534173011779785 23.90133285522461 22.45577621459961
v -12.772818565368652 27.63050651550293 21.24094009399414
v -12.562237739562988 28.358299255371094 20.479690551757812
v -13.748647689819336 25.92431640625 22.172744750976562
v -12.412409782409668 25.013242721557617 22.216663360595703
v -13.86963939666748 24.68669891357422 22.24837875366211
v 3.7981324195861816 6.84600830078125 60.6598014831543
v 3.0745465755462646 4.713427543640137 58.81076431274414
v 0.1457216739654541 20.29520606994629 20.68216323852539
v 3.380769729614258 16.422672271728516 22.524120330810547
v 2.4995570182800293 17.648181915283203 20.51211929321289
v 5.712541580200195 12.899666786193848 24.11752700805664
v 6.973968505859375 10.216619491577148 26.545455932617188
v 5.930612564086914 11.968886375427246 26.19664764404297
v 4.347569465637207 15.088691711425781 22.071456909179688
v 4.367375373840332 14.735466957092285 24.26848602294922
v 6.69257926940918 10.180498123168945 27.638687133789062
v 1.9423208236694336 17.946197509765625 22.76117706298828
v 4.305289268493652 14.35515022277832 25.31420135498047
v 0.8249750733375549 18.867637634277344 22.957801818847656
v 6.136882781982422 7.281228065490723 31.934537887573242
v 4.259520053863525 7.8961381912231445 32.47545623779297
v 2.081578493118286 16.438371658325195 25.26494598388672
v 4.0944013595581055 12.622074127197266 28.114749908447266
v 5.363730430603027 11.170695304870605 28.547603607177734
v 2.4774932861328125 12.470911979675293 29.217727661132812
v 0.7699697613716125 16.09561538696289 26.56423568725586
v -6.588215351104736 23.33978843688965 22.33868408203125
v -1.8093258142471313 16.412511825561523 26.823047637939453
v 4.947906970977783 9.431358337402344 30.836894989013672
v 6.06186580657959 8.768525123596191 30.547805786132812
v 6.968734264373779 8.415916442871094 29.70333480834961
v -0.6242494583129883 19.786712646484375 23.21661376953125
v -4.432851314544678 23.38186264038086 21.196914672851562
v -2.7360000610351562 20.45663070678711 23.75845718383789
v -2.23305082321167 22.28042221069336 20.615459442138672
v -3.088916301727295 23.275239944458008 19.36644744873047
v -8.199685096740723 26.688337326049805 18.990341186523438
v -10.6455717086792 26.384061813354492 21.233654022216797
v -10.29737663269043 27.17148208618164 20.28635025024414
v -6.282608509063721 25.64118194580078 18.481849670410156
v -10.606165885925293 25.149932861328125 21.976734161376953
v -8.723875999450684 22.522199630737305 23.060829162597656
v -7.036980152130127 22.195247650146484 23.232315063476562
v -8.270699501037598 20.210132598876953 23.945022583007812
v -10.883243560791016 -0.857088565826416 59.53199005126953
v -8.560297012329102 -1.653432846069336 58.04582214355469
v -9.211945533752441 18.87851333618164 23.786163330078125
v 16.30536460876465 -0.14160919189453125 58.70783615112305
v -6.613973617553711 20.217622756958008 24.299579620361328
v -1.8599177598953247 14.830288887023926 27.774761199951172
v -4.902447700500488 16.217119216918945 26.338573455810547
v -6.96740198135376 15.511492729187012 25.363666534423828
v -3.0288829803466797 11.595138549804688 28.610618591308594
v -0.2561451196670532 10.2714204788208 30.559404373168945
v -2.0598254203796387 4.321616172790527 59.203086853027344
v -0.9961506128311157 5.641024589538574 60.03925323486328
v -0.357124924659729 6.755187511444092 60.98111343383789
v -5.601404666900635 1.857975959777832 58.609317779541016
v -5.956579208374023 3.471600294113159 59.791419982910156
v -7.948466777801514 1.6559133529663086 59.420440673828125
v -22.467084884643555 -2.8036184310913086 45.7138671875
v -19.807025909423828 -3.5022668838500977 48.046974182128906
v -18.4487247467041 -4.338531494140625 49.65505599975586
v -25.324996948242188 -2.2709078788757324 44.052528381347656
v -26.973411560058594 -2.2357091903686523 43.279781341552734
v -26.911739349365234 -2.559480667114258 45.63249206542969
v -27.269474029541016 -2.859135627746582 46.303123474121094
v -27.433977127075195 -4.152273178100586 48.02418899536133
v -29.804746627807617 -6.855534553527832 49.03685760498047
v -28.318681716918945 -2.6755456924438477 45.452491760253906
v -29.393848419189453 -2.974893093109131 44.87924575805664
v -29.97715187072754 -3.430842399597168 45.847991943359375
v -27.037242889404297 -2.2530517578125 44.23200988769531
v -30.488107681274414 -4.163869857788086 46.827003479003906
v -28.37040138244629 -4.581437110900879 48.226051330566406
v -29.516069412231445 -4.813875198364258 48.08576202392578
v -29.234477996826172 -6.139542579650879 48.93526840209961
v -28.78129768371582 -3.8978734016418457 47.48973846435547
v -28.47168731689453 -3.337148666381836 46.85050582885742
v -29.542139053344727 -3.5015487670898438 46.555057525634766
v -30.55983543395996 -4.949336051940918 47.68810272216797
v -31.582155227661133 -5.307999610900879 47.133331298828125
v -31.53782081604004 -5.81423282623291 47.68050765991211
v -31.190343856811523 -6.196087837219238 48.179866790771484
v -22.74201011657715 -5.77944278717041 49.82530212402344
v -22.70978546142578 -4.1231279373168945 48.484962463378906
f 1 2 3
f 2 4 5
f 6 2 5
f 6 3 2
f 7 5 8
f 9 6 5
f 6 10 3
f 6 9 10
f 4 11 8
f 4 8 5
f 2 11 4
f 12 13 14
f 14 15 12
f 16 13 12
f 12 7 8
f 17 18 13
f 19 20 17
f 8 21 12
f 21 8 11
f 22 21 11
f 13 23 17
f 23 13 16
f 23 19 17
f 24 25 26
f 20 24 18
f 17 20 18
f 9 27 10
f 28 27 29
f 30 9 5
f 29 9 30
f 31 32 33
f 14 34 35
f 34 32 31
f 35 34 31
f 29 27 9
f 36 37 29
f 38 39 37
f 37 28 29
f 12 15 7
f 14 35 15
f 35 40 15
f 15 40 7
f 30 5 7
f 30 7 40
f 30 40 36
f 30 36 29
f 31 40 35
f 31 33 40
f 40 33 36
f 37 36 33
f 37 33 38
f 18 24 26
f 41 26 25
f 13 41 14
f 18 26 41
f 18 41 13
f 41 25 42
f 41 42 14
f 42 43 34
f 14 42 34
f 43 32 34
f 43 44 32
f 45 42 25
f 46 47 48
f 48 49 50
f 49 51 52
f 48 47 49
f 53 50 49
f 53 49 54
f 54 49 52
f 51 55 52
f 53 54 56
f 56 54 52
f 55 57 56
f 52 55 56
f 58 59 46
f 46 59 47
f 47 16 60
f 59 61 47
f 51 47 60
f 49 47 51
f 60 62 51
f 61 16 47
f 63 64 60
f 51 62 65
f 51 65 55
f 16 63 60
f 16 12 63
f 66 61 59
f 61 67 16
f 58 66 59
f 67 61 66
f 68 19 69
f 19 23 69
f 70 68 69
f 70 69 71
f 72 70 67
f 66 72 67
f 71 69 23
f 70 71 67
f 67 71 16
f 71 23 16
f 20 73 24
f 74 75 76
f 43 77 44
f 77 43 78
f 79 45 25
f 45 78 43
f 42 45 43
f 78 76 77
f 80 3 10
f 2 81 11
f 82 83 84
f 82 81 2
f 82 2 1
f 82 84 85
f 83 82 1
f 80 10 86
f 87 88 1
f 87 1 3
f 80 87 3
f 88 83 1
f 81 22 11
f 82 85 89
f 81 82 89
f 89 85 90
f 62 91 65
f 65 92 55
f 91 93 92
f 91 92 65
f 94 90 93
f 95 93 90
f 91 94 93
f 90 94 89
f 96 95 90
f 64 62 60
f 94 62 64
f 94 91 62
f 63 21 64
f 63 12 21
f 22 64 21
f 64 22 94
f 22 89 94
f 22 81 89
f 97 98 39
f 97 99 98
f 100 101 102
f 103 32 44
f 32 103 33
f 103 102 33
f 44 104 103
f 105 103 104
f 103 100 102
f 38 101 39
f 33 101 38
f 33 102 101
f 44 77 104
f 106 10 27
f 107 27 28
f 27 108 106
f 108 27 107
f 99 107 28
f 28 37 98
f 39 98 37
f 99 28 98
f 109 110 111
f 109 111 112
f 111 113 114
f 115 116 109
f 73 117 24
f 118 78 45
f 74 76 78
f 119 78 118
f 120 118 79
f 120 121 118
f 79 118 45
f 122 123 124
f 124 125 126
f 127 124 128
f 123 125 124
f 129 122 124
f 124 126 128
f 128 126 130
f 128 130 131
f 132 133 134
f 125 132 126
f 135 136 134
f 126 136 130
f 130 136 135
f 132 137 133
f 138 132 125
f 126 132 134
f 126 134 136
f 130 73 139
f 130 135 73
f 73 135 117
f 139 73 20
f 117 135 140
f 117 140 24
f 140 25 24
f 140 79 25
f 141 142 120
f 143 144 141
f 120 79 145
f 134 143 146
f 135 134 146
f 140 146 145
f 145 79 140
f 140 135 146
f 145 141 120
f 143 141 146
f 146 141 145
f 133 143 134
f 119 74 78
f 122 147 123
f 75 148 149
f 150 151 152
f 153 152 154
f 150 155 151
f 156 75 149
f 157 158 159
f 160 157 161
f 157 159 162
f 162 159 163
f 164 165 166
f 159 164 163
f 167 168 169
f 170 167 169
f 168 171 169
f 172 173 174
f 175 174 176
f 174 177 176
f 178 179 172
f 155 180 179
f 114 181 182
f 114 182 168
f 167 114 168
f 174 114 167
f 174 167 177
f 173 114 174
f 177 167 170
f 183 169 184
f 185 170 169
f 186 187 188
f 189 190 191
f 172 174 175
f 83 192 84
f 193 194 195
f 86 194 80
f 194 86 196
f 106 190 196
f 196 197 195
f 190 197 196
f 190 189 197
f 196 195 194
f 106 196 86
f 106 86 10
f 108 190 106
f 83 198 192
f 87 194 193
f 88 87 193
f 194 87 80
f 88 198 83
f 198 88 193
f 199 176 177
f 192 200 84
f 199 200 192
f 201 176 199
f 198 199 192
f 199 198 202
f 175 176 201
f 201 199 202
f 177 203 199
f 204 197 189
f 189 205 204
f 206 207 208
f 152 206 209
f 154 152 209
f 154 209 210
f 208 211 206
f 212 211 208
f 204 212 197
f 213 210 204
f 210 211 204
f 187 213 204
f 187 204 205
f 211 209 206
f 209 211 210
f 204 211 212
f 154 210 213
f 213 214 154
f 215 214 213
f 207 216 208
f 195 217 193
f 218 217 195
f 195 212 218
f 208 218 212
f 208 217 218
f 219 178 207
f 152 151 219
f 206 219 207
f 152 219 206
f 216 220 202
f 216 202 217
f 208 216 217
f 221 175 220
f 178 172 221
f 207 221 220
f 221 172 175
f 178 221 207
f 216 207 220
f 155 179 151
f 151 179 219
f 219 179 178
f 195 197 212
f 198 217 202
f 217 198 193
f 175 201 220
f 220 201 202
f 186 215 187
f 188 187 222
f 222 187 205
f 222 223 224
f 225 226 99
f 225 223 226
f 227 99 97
f 227 225 99
f 188 222 224
f 228 162 163
f 229 228 163
f 229 163 230
f 100 229 101
f 103 228 100
f 100 228 229
f 105 228 103
f 231 232 233
f 232 225 227
f 232 234 224
f 232 224 225
f 235 188 224
f 231 234 232
f 231 235 234
f 235 224 234
f 224 223 225
f 230 163 166
f 236 229 230
f 230 166 237
f 230 237 233
f 230 233 236
f 237 231 233
f 236 97 39
f 97 236 227
f 233 227 236
f 233 232 227
f 229 236 101
f 236 39 101
f 163 164 166
f 222 191 223
f 191 190 226
f 205 189 191
f 222 205 191
f 187 215 213
f 223 191 226
f 99 226 107
f 226 108 107
f 226 190 108
f 181 238 239
f 181 239 240
f 182 181 168
f 181 240 168
f 240 241 168
f 168 241 171
f 111 110 242
f 109 116 110
f 243 244 116
f 110 116 244
f 245 246 247
f 246 248 249
f 247 250 251
f 250 249 252
f 247 249 250
f 249 253 252
f 246 249 247
f 254 246 245
f 243 255 244
f 244 248 110
f 110 248 242
f 248 253 249
f 113 245 181
f 245 247 251
f 181 245 238
f 113 254 245
f 242 246 254
f 111 242 254
f 248 246 242
f 111 254 113
f 114 113 181
f 171 256 257
f 258 259 260
f 261 262 260
f 259 263 260
f 250 264 265
f 251 250 265
f 266 267 265
f 267 251 265
f 268 266 269
f 245 251 267
f 238 267 268
f 270 268 269
f 245 267 238
f 238 268 239
f 266 265 271
f 268 267 266
f 239 268 240
f 240 268 270
f 270 269 272
f 273 270 272
f 270 273 240
f 240 273 274
f 241 240 274
f 274 273 241
f 171 241 256
f 169 171 257
f 129 124 127
f 263 127 128
f 275 128 131
f 275 131 261
f 263 128 275
f 276 129 277
f 277 129 127
f 278 127 263
f 131 130 279
f 261 131 280
f 280 131 279
f 277 127 278
f 279 130 139
f 279 139 280
f 139 20 19
f 262 261 280
f 259 252 281
f 263 261 260
f 281 263 259
f 261 263 275
f 278 263 281
f 264 252 259
f 252 264 250
f 253 281 252
f 243 276 255
f 244 277 278
f 255 276 277
f 248 278 253
f 244 278 248
f 253 278 281
f 244 255 277
f 282 122 129
f 282 129 276
f 283 284 285
f 50 283 48
f 48 285 46
f 285 48 283
f 286 283 50
f 287 283 286
f 286 50 53
f 288 286 53
f 262 289 290
f 289 68 290
f 262 280 289
f 68 289 19
f 289 291 19
f 292 293 294
f 295 294 58
f 46 285 58
f 294 293 296
f 66 296 72
f 296 66 294
f 294 66 58
f 285 297 295
f 285 295 58
f 72 296 70
f 298 290 68
f 299 298 70
f 296 299 70
f 298 68 70
f 289 280 291
f 280 139 291
f 291 139 19
f 284 283 300
f 241 273 300
f 287 300 283
f 300 287 256
f 241 300 256
f 257 256 288
f 262 290 298
f 269 301 302
f 292 294 295
f 269 302 272
f 297 292 295
f 302 292 297
f 303 302 297
f 284 297 285
f 301 292 302
f 303 272 302
f 273 272 303
f 284 303 297
f 300 273 303
f 300 303 284
f 304 298 299
f 258 262 305
f 259 258 306
f 262 258 260
f 306 264 259
f 305 307 306
f 308 305 304
f 309 308 293
f 304 305 298
f 293 299 296
f 269 266 301
f 309 307 308
f 307 305 308
f 271 307 309
f 310 271 309
f 265 307 271
f 271 310 266
f 310 309 293
f 265 306 307
f 306 258 305
f 308 304 299
f 308 299 293
f 306 265 264
f 266 310 301
f 301 310 292
f 305 262 298
f 310 293 292
f 75 156 76
f 76 156 77
f 77 149 104
f 156 149 77
f 149 160 104
f 104 161 228
f 161 162 228
f 105 104 228
f 104 160 161
f 157 162 161
f 185 169 183
f 185 183 311
f 84 200 85
f 200 90 85
f 199 203 200
f 90 200 96
f 96 185 311
f 95 96 311
f 93 95 311
f 96 170 185
f 203 170 96
f 200 203 96
f 177 170 203
f 312 257 288
f 288 53 313
f 312 288 313
f 57 312 313
f 314 184 312
f 57 314 312
f 93 311 314
f 315 57 55
f 315 314 57
f 311 183 314
f 313 53 56
f 183 184 314
f 313 56 57
f 93 315 92
f 93 314 315
f 169 257 184
f 257 312 184
f 92 315 55
f 256 287 286
f 288 256 286
f 316 317 318
f 319 320 317
f 318 317 119
f 317 321 119
f 322 321 317
f 322 323 321
f 74 321 75
f 317 320 322
f 322 320 324
f 119 321 74
f 121 119 118
f 325 326 327
f 327 326 323
f 326 321 323
f 321 326 75
f 328 329 326
f 326 329 75
f 328 326 330
f 329 331 75
f 325 330 326
f 332 333 334
f 334 333 335
f 334 335 336
f 336 337 338
f 339 334 336
f 340 341 332
f 332 342 333
f 343 344 345
f 346 347 348
f 349 348 350
f 349 350 351
f 350 343 345
f 347 346 352
f 352 346 349
f 353 354 355
f 352 349 354
f 346 348 349
f 354 349 351
f 355 354 351
f 348 356 350
f 357 358 359
f 359 352 360
f 359 358 352
f 358 347 352
f 353 360 354
f 360 352 354
f 348 347 356
f 350 356 343
f 347 361 356
f 357 362 358
f 363 138 125
f 364 142 141
f 144 364 141
f 142 365 366
f 366 120 142
f 366 121 120
f 367 368 364
f 364 368 142
f 369 364 144
f 368 365 142
f 137 369 144
f 370 366 365
f 371 366 370
f 371 372 366
f 372 121 366
f 369 373 367
f 369 367 364
f 143 137 144
f 374 373 369
f 375 374 369
f 375 369 137
f 375 137 376
f 132 376 137
f 133 137 143
f 138 376 132
f 363 376 138
f 121 318 119
f 316 324 317
f 319 317 324
f 320 319 324
f 377 378 121
f 378 318 121
f 377 372 371
f 372 377 121
f 379 339 336
f 338 380 379
f 338 379 336
f 381 332 334
f 339 381 334
f 382 383 384
f 337 383 338
f 385 386 387
f 388 387 389
f 389 387 390
f 387 386 390
f 391 389 390
f 392 389 391
f 390 393 394
f 390 394 395
f 390 395 391
f 396 397 398
f 394 399 395
f 388 385 387
f 385 388 400
f 399 401 402
f 401 399 394
f 403 404 405
f 406 407 408
f 408 407 409
f 410 404 359
f 410 359 411
f 404 357 359
f 405 404 410
f 407 405 410
f 407 410 411
f 407 411 412
f 409 407 412
f 409 412 413
f 414 408 415
f 393 416 401
f 417 408 414
f 408 409 415
f 414 415 416
f 386 414 416
f 415 409 413
f 416 415 413
f 386 416 393
f 390 386 393
f 413 401 416
f 418 414 386
f 412 411 419
f 412 419 420
f 420 419 421
f 420 413 412
f 420 422 413
f 419 353 423
f 413 422 401
f 393 401 394
f 411 359 360
f 411 360 419
f 419 360 353
f 424 392 391
f 425 388 389
f 400 388 425
f 425 389 392
f 398 335 396
f 335 398 336
f 337 336 398
f 425 342 341
f 332 341 342
f 333 342 424
f 425 392 342
f 342 392 424
f 399 402 426
f 427 426 428
f 428 429 430
f 430 384 428
f 428 384 427
f 431 432 430
f 430 432 384
f 401 422 402
f 422 433 402
f 402 433 429
f 402 429 426
f 429 428 426
f 353 355 423
f 423 355 434
f 420 421 433
f 423 434 435
f 436 435 431
f 436 431 429
f 431 430 429
f 421 419 423
f 421 423 436
f 433 421 436
f 433 436 429
f 436 423 435
f 422 420 433
f 437 344 438
f 355 351 434
f 351 350 434
f 434 350 345
f 434 439 431
f 434 345 439
f 434 431 435
f 440 441 442
f 440 442 432
f 382 384 432
f 432 442 382
f 440 443 441
f 443 444 441
f 333 391 395
f 424 391 333
f 333 395 396
f 335 333 396
f 445 440 432
f 439 445 431
f 344 437 345
f 345 437 439
f 439 437 445
f 437 438 440
f 437 440 445
f 446 443 440
f 438 446 440
f 426 427 399
f 399 427 397
f 398 397 427
f 427 337 398
f 384 337 427
f 399 397 395
f 395 397 396
f 445 432 431
f 384 383 337
f 447 448 449
f 449 448 450
f 449 450 451
f 448 452 450
f 452 453 450
f 453 454 455
f 455 454 456
f 454 457 456
f 332 381 458
f 459 460 447
f 460 452 448
f 460 448 447
f 461 462 463
f 463 464 453
f 465 463 466
f 466 463 453
f 466 453 452
f 467 466 452
f 453 455 450
f 468 469 470
f 471 472 473
f 474 475 476
f 477 478 460
f 479 480 481
f 479 482 480
f 483 482 479
f 478 484 460
f 485 478 477
f 480 485 477
f 480 477 481
f 477 460 481
f 486 479 481
f 487 488 489
f 489 488 490
f 491 488 492
f 491 492 493
f 491 493 475
f 494 488 491
f 472 471 489
f 490 488 494
f 473 472 490
f 495 494 496
f 489 490 472
f 473 490 497
f 490 494 495
f 497 490 495
f 498 473 497
f 498 497 499
f 500 491 475
f 497 495 501
f 499 497 501
f 499 501 502
f 469 499 502
f 494 491 496
f 496 491 500
f 495 496 501
f 501 496 503
f 496 500 503
f 500 504 503
f 501 503 502
f 470 469 502
f 500 475 474
f 503 504 482
f 504 485 482
f 502 503 482
f 502 482 470
f 483 470 482
f 504 500 485
f 482 485 480
f 474 478 500
f 500 478 485
f 505 506 507
f 507 506 508
f 507 508 509
f 509 510 507
f 511 493 510
f 492 507 510
f 475 493 476
f 493 492 510
f 493 511 476
f 510 509 512
f 510 512 511
f 511 512 461
f 511 461 465
f 474 476 467
f 465 461 463
f 476 511 465
f 465 466 467
f 476 465 467
f 474 467 478
f 478 467 484
f 512 513 462
f 512 462 461
f 484 467 452
f 459 481 460
f 484 452 460
f 488 507 492
f 488 505 507
f 487 505 488
f 514 515 516
f 517 514 516
f 513 517 516
f 512 517 513
f 509 517 512
f 515 518 519
f 520 375 376
f 376 363 520
f 125 123 363
f 521 520 363
f 522 123 147
f 123 522 363
f 523 524 525
f 526 527 528
f 529 526 528
f 524 529 528
f 524 528 525
f 525 528 530
f 528 527 531
f 530 528 531
f 525 530 532
f 533 525 532
f 379 533 532
f 526 534 535
f 536 529 524
f 526 535 537
f 527 526 537
f 538 539 534
f 339 379 532
f 540 541 339
f 532 540 339
f 531 527 537
f 535 542 537
f 455 456 450
f 449 451 543
f 447 449 542
f 542 449 543
f 447 542 535
f 544 543 451
f 544 545 546
f 542 543 546
f 531 537 546
f 456 457 547
f 450 456 451
f 456 547 451
f 451 547 544
f 547 545 544
f 544 546 543
f 537 542 546
f 548 340 332
f 549 458 541
f 549 550 458
f 548 332 458
f 381 339 541
f 548 458 550
f 541 458 381
f 541 540 549
f 547 551 548
f 548 551 340
f 546 545 552
f 531 546 552
f 530 531 540
f 547 457 551
f 545 547 548
f 548 550 545
f 545 550 552
f 549 552 550
f 540 552 549
f 531 552 540
f 532 530 540
f 534 553 535
f 553 539 486
f 534 539 553
f 535 459 447
f 486 481 459
f 459 535 553
f 553 486 459
f 538 470 483
f 538 468 470
f 483 479 486
f 538 483 539
f 483 486 539
f 554 538 555
f 556 557 558
f 526 556 559
f 536 556 529
f 556 526 529
f 555 538 560
f 558 559 556
f 555 560 559
f 559 558 555
f 561 555 558
f 560 538 534
f 526 560 534
f 526 559 560
f 554 562 538
f 562 468 538
f 561 562 554
f 563 562 561
f 555 561 554
f 564 563 565
f 566 567 563
f 536 524 523
f 523 568 536
f 569 568 523
f 570 523 533
f 523 525 533
f 571 570 533
f 380 533 379
f 533 380 571
f 442 572 573
f 442 441 572
f 571 380 383
f 573 571 383
f 338 383 380
f 382 573 383
f 382 442 573
f 570 569 523
f 573 574 570
f 570 574 569
f 575 576 577
f 574 575 577
f 578 579 441
f 572 441 574
f 579 575 574
f 579 574 441
f 572 574 573
f 571 573 570
f 580 557 568
f 557 536 568
f 581 557 582
f 536 557 556
f 581 558 557
f 418 386 385
f 385 583 418
f 584 385 400
f 418 417 414
f 406 585 403
f 406 403 405
f 406 405 407
f 406 408 417
f 586 587 588
f 588 406 417
f 589 590 587
f 587 585 588
f 588 585 406
f 590 591 587
f 587 591 592
f 587 593 585
f 594 593 595
f 585 593 594
f 596 597 598
f 586 599 600
f 586 600 601
f 597 586 598
f 586 588 598
f 586 597 599
f 602 603 597
f 599 597 603
f 601 589 586
f 586 589 587
f 596 598 604
f 604 598 605
f 598 588 605
f 583 604 605
f 605 588 417
f 583 605 417
f 583 417 418
f 604 584 606
f 606 607 604
f 584 604 583
f 583 385 584
f 454 608 609
f 610 609 611
f 610 611 612
f 613 614 615
f 616 613 617
f 616 617 609
f 609 617 618
f 608 616 609
f 617 613 607
f 519 597 596
f 619 519 596
f 515 519 619
f 515 619 516
f 615 619 596
f 613 604 607
f 604 615 596
f 604 613 615
f 508 517 509
f 620 516 619
f 614 620 619
f 620 614 616
f 614 619 615
f 513 620 462
f 513 516 620
f 616 614 613
f 620 616 462
f 462 616 464
f 618 617 606
f 612 400 341
f 341 400 425
f 606 584 400
f 618 606 400
f 612 618 400
f 611 618 612
f 609 618 611
f 617 607 606
f 464 616 608
f 463 462 464
f 453 464 608
f 453 608 454
f 610 612 457
f 454 609 610
f 454 610 457
f 457 612 551
f 551 612 341
f 551 341 340
f 441 621 578
f 444 621 441
f 622 623 624
f 623 625 626
f 626 627 628
f 629 626 628
f 623 626 629
f 630 628 627
f 631 629 628
f 632 628 630
f 631 628 632
f 631 632 633
f 624 623 629
f 627 634 630
f 624 629 631
f 635 636 637
f 635 637 638
f 635 638 626
f 625 635 626
f 626 638 627
f 638 637 627
f 639 640 641
f 642 643 644
f 645 646 643
f 643 642 645
f 643 646 647
f 644 643 648
f 648 643 647
f 648 647 649
f 650 648 649
f 646 641 647
f 647 641 651
f 641 652 651
f 651 652 653
f 640 652 641
f 647 651 649
f 651 654 649
f 651 653 654
f 655 649 654
f 655 650 649
f 656 639 641
f 645 656 646
f 656 641 646
f 657 656 645
f 658 659 660
f 660 469 468
f 562 660 468
f 471 473 661
f 489 662 487
f 471 662 489
f 663 662 664
f 662 661 664
f 662 471 661
f 665 664 666
f 666 473 498
f 665 666 667
f 667 666 498
f 668 667 669
f 469 498 499
f 667 498 659
f 659 498 469
f 659 469 660
f 664 665 670
f 664 661 666
f 666 661 473
f 668 665 667
f 669 667 659
f 671 658 660
f 672 668 669
f 658 669 659
f 670 668 672
f 672 669 673
f 673 669 658
f 674 675 671
f 676 658 677
f 658 671 675
f 677 658 675
f 678 674 671
f 679 678 680
f 111 114 173
f 112 111 173
f 681 115 112
f 115 109 112
f 682 681 683
f 681 243 116
f 683 681 112
f 115 681 116
f 684 682 685
f 684 685 686
f 687 112 173
f 688 689 112
f 690 689 691
f 689 683 112
f 681 692 243
f 692 686 693
f 692 684 686
f 692 682 684
f 681 682 692
f 694 695 696
f 694 697 695
f 147 697 522
f 697 147 698
f 522 697 696
f 697 694 696
f 671 660 562
f 680 671 679
f 678 671 680
f 679 671 562
f 679 562 563
f 699 679 563
f 699 563 567
f 564 566 563
f 564 567 566
f 687 173 172
f 180 700 688
f 688 687 180
f 687 172 179
f 180 687 179
f 155 700 180
f 688 112 687
f 691 689 688
f 700 691 688
f 243 692 693
f 698 701 697
f 698 693 701
f 686 701 693
f 693 698 282
f 243 693 282
f 122 698 147
f 282 698 122
f 243 282 276
f 702 703 704
f 703 705 704
f 705 706 704
f 707 705 703
f 708 709 705
f 710 707 703
f 710 703 711
f 712 707 710
f 712 710 713
f 713 710 714
f 715 713 716
f 703 702 711
f 715 712 713
f 717 708 705
f 717 705 707
f 718 717 712
f 712 717 707
f 715 719 718
f 715 718 712
f 720 721 722
f 723 724 720
f 723 720 722
f 725 721 726
f 720 726 721
f 724 726 720
f 727 718 719
f 728 729 730
f 728 730 717
f 719 731 727
f 731 719 715
f 732 731 715
f 733 734 735
f 736 735 737
f 737 735 734
f 733 738 734
f 739 740 738
f 741 740 739
f 741 742 740
f 743 741 739
f 744 741 743
f 745 738 740
f 740 746 745
f 745 746 747
f 740 742 746
f 739 738 733
f 743 739 733
f 748 749 750
f 751 748 752
f 748 750 752
f 752 750 753
f 750 754 755
f 750 755 756
f 751 757 748
f 758 759 760
f 759 761 762
f 760 763 755
f 762 761 764
f 762 764 763
f 748 757 749
f 765 749 757
f 765 766 758
f 765 758 749
f 749 754 750
f 749 758 760
f 760 754 749
f 760 755 754
f 762 760 759
f 762 763 760
f 767 768 769
f 769 768 759
f 768 761 759
f 770 761 768
f 761 770 764
f 770 771 764
f 766 769 758
f 769 759 758
f 763 764 772
f 772 773 763
f 763 774 755
f 763 775 774
f 773 776 775
f 763 773 775
f 777 778 752
f 777 752 753
f 753 750 779
f 779 777 753
f 756 779 750
f 756 780 779
f 756 774 780
f 755 774 756
f 766 781 769
f 782 783 784
f 785 786 784
f 783 751 784
f 787 766 757
f 783 757 751
f 766 765 757
f 788 789 790
f 791 790 792
f 789 793 785
f 778 791 792
f 790 789 785
f 785 784 751
f 790 751 792
f 790 785 751
f 792 752 778
f 792 751 752
f 794 795 796
f 794 796 788
f 796 789 788
f 794 788 797
f 797 788 790
f 791 797 790
f 798 791 778
f 778 799 798
f 800 799 778
f 795 794 797
f 801 797 798
f 801 798 799
f 797 791 798
f 778 802 800
f 802 778 777
f 783 787 757
f 803 781 766
f 769 781 767
f 787 803 766
f 804 805 806
f 804 806 807
f 806 805 808
f 809 810 811
f 812 811 813
f 812 814 811
f 812 815 816
f 817 818 819
f 820 821 822
f 821 823 776
f 824 825 826
f 826 827 824
f 828 827 823
f 827 828 824
f 823 821 828
f 828 829 824
f 830 825 824
f 822 821 776
f 831 826 832
f 827 826 831
f 831 833 780
f 827 831 834
f 776 823 834
f 826 825 832
f 833 831 832
f 834 831 780
f 823 827 834
f 835 836 837
f 838 839 840
f 841 842 843
f 842 841 825
f 839 844 840
f 845 846 844
f 838 847 848
f 848 847 849
f 850 848 849
f 851 848 850
f 842 850 843
f 773 822 776
f 852 822 773
f 832 825 841
f 832 841 833
f 833 802 777
f 780 833 777
f 779 780 777
f 775 780 774
f 775 834 780
f 834 775 776
f 786 853 854
f 786 854 782
f 786 782 784
f 853 786 785
f 793 855 856
f 853 785 793
f 843 801 799
f 796 855 789
f 855 793 789
f 850 849 801
f 850 801 843
f 799 800 843
f 843 800 802
f 843 802 833
f 843 833 841
f 857 836 835
f 835 858 859
f 835 837 858
f 859 854 860
f 861 859 862
f 863 861 864
f 861 835 859
f 859 860 862
f 860 854 853
f 864 861 862
f 865 863 866
f 838 840 847
f 844 867 796
f 847 795 797
f 868 869 867
f 846 866 868
f 796 867 855
f 869 860 793
f 866 863 864
f 869 793 856
f 844 795 840
f 795 844 796
f 847 840 795
f 868 862 860
f 846 867 844
f 868 860 869
f 864 862 866
f 866 862 868
f 868 867 846
f 847 797 801
f 867 869 856
f 867 856 855
f 866 846 870
f 860 853 793
f 849 847 801
f 871 783 782
f 858 854 859
f 590 872 591
f 601 600 873
f 872 590 589
f 873 600 601
f 874 875 768
f 875 770 768
f 815 812 876
f 772 877 773
f 771 877 764
f 878 852 877
f 877 852 773
f 878 877 879
f 877 772 764
f 812 813 876
f 876 813 875
f 875 813 880
f 875 880 771
f 880 879 771
f 879 877 771
f 813 811 880
f 880 811 879
f 811 810 879
f 770 875 771
f 878 879 810
f 881 882 883
f 884 885 882
f 886 875 874
f 815 876 887
f 886 876 875
f 888 887 889
f 890 815 887
f 887 888 890
f 890 888 819
f 891 819 888
f 886 874 767
f 889 876 892
f 876 886 892
f 887 876 889
f 781 803 893
f 894 893 803
f 893 894 895
f 893 767 781
f 893 892 767
f 881 884 882
f 888 896 897
f 889 896 888
f 897 884 888
f 888 884 891
f 817 819 891
f 817 881 883
f 898 817 883
f 817 891 881
f 884 899 885
f 891 884 881
f 900 885 899
f 894 899 895
f 895 899 896
f 897 896 899
f 897 899 884
f 893 895 892
f 892 886 767
f 768 767 874
f 895 896 892
f 896 889 892
f 822 901 820
f 852 901 822
f 901 852 878
f 810 902 878
f 903 904 901
f 878 903 901
f 810 905 902
f 902 906 903
f 902 903 878
f 623 622 625
f 622 907 625
f 908 635 625
f 909 910 911
f 912 909 911
f 910 913 911
f 914 915 916
f 917 914 916
f 917 918 914
f 911 913 919
f 919 918 917
f 920 921 917
f 917 922 919
f 922 911 919
f 923 911 922
f 924 925 926
f 927 923 926
f 921 922 917
f 912 911 923
f 923 922 921
f 927 912 923
f 926 923 921
f 925 927 926
f 914 928 929
f 918 928 914
f 924 926 921
f 916 915 930
f 931 932 933
f 930 932 931
f 931 920 930
f 931 933 934
f 917 916 930
f 920 917 930
f 935 924 934
f 924 936 934
f 934 936 931
f 936 920 931
f 936 921 920
f 924 921 936
f 937 938 939
f 940 939 938
f 933 940 938
f 941 942 943
f 944 945 946
f 947 945 942
f 945 948 942
f 949 950 951
f 950 952 951
f 951 952 925
f 945 953 948
f 949 951 943
f 943 951 954
f 955 950 949
f 948 956 949
f 956 957 949
f 948 949 943
f 943 958 941
f 957 955 949
f 956 948 953
f 942 948 943
f 959 929 960
f 961 962 960
f 963 964 961
f 960 965 959
f 962 966 965
f 960 962 965
f 967 964 968
f 962 969 966
f 962 967 969
f 961 967 962
f 970 971 972
f 973 974 975
f 976 973 975
f 976 977 970
f 972 976 970
f 978 972 979
f 980 981 976
f 982 983 981
f 950 981 952
f 980 976 972
f 978 980 972
f 976 983 973
f 984 985 973
f 983 984 973
f 981 983 976
f 986 987 988
f 986 988 989
f 988 990 991
f 992 993 994
f 990 994 995
f 996 997 998
f 998 997 987
f 997 999 993
f 988 987 992
f 997 993 987
f 987 993 992
f 988 992 990
f 992 994 990
f 1000 1001 998
f 1002 1000 1003
f 1004 1003 1005
f 1003 1000 986
f 1000 998 986
f 1002 1003 1004
f 986 998 987
f 1006 1007 1008
f 1008 1007 1009
f 1010 1008 999
f 1008 1009 999
f 999 1009 993
f 1011 1009 1007
f 993 1009 1012
f 1013 1014 1015
f 1016 1013 1015
f 1017 1016 1015
f 1016 1018 1013
f 1017 1019 1020
f 1018 1021 1022
f 994 1023 995
f 995 1024 1020
f 1020 1024 1018
f 1023 1024 995
f 1023 1025 1026
f 1024 1026 1018
f 1018 1027 1013
f 1020 1018 1016
f 1016 1017 1020
f 993 1012 994
f 995 1020 1019
f 1012 1025 1023
f 994 1012 1023
f 1024 1023 1026
f 1025 1021 1026
f 1021 1018 1026
f 1028 1029 1030
f 1012 1031 1025
f 1025 1030 1021
f 1012 1009 1031
f 1031 1028 1025
f 1028 1030 1025
f 1032 1033 1034
f 1033 1035 1036
f 1033 1036 1034
f 1037 1038 1039
f 1040 1041 1042
f 913 1041 1040
f 1043 1044 1033
f 913 1040 1044
f 913 1044 1043
f 1033 1044 1035
f 1043 1033 928
f 918 1043 928
f 919 1043 918
f 1043 919 913
f 929 959 915
f 1032 1045 1033
f 1045 960 928
f 1045 928 1033
f 929 915 914
f 1046 932 930
f 915 1046 930
f 940 1039 1047
f 1046 965 1048
f 966 1037 965
f 1048 1037 1039
f 965 1037 1048
f 1039 1049 1048
f 1049 1039 940
f 959 965 1046
f 1047 939 940
f 959 1046 915
f 1046 1048 1049
f 1046 1049 932
f 940 932 1049
f 932 940 933
f 966 1038 1037
f 1038 1050 1039
f 1035 1051 1052
f 1053 1035 1052
f 1036 1035 1053
f 1040 1042 1054
f 1044 1040 1035
f 1034 1053 1055
f 1034 1055 1056
f 1032 1034 1056
f 1036 1053 1034
f 1057 1058 1059
f 1060 1059 1061
f 1062 1063 1064
f 1064 1063 1061
f 1061 1059 1058
f 1061 1058 1065
f 1064 1061 1065
f 1066 1067 1068
f 1069 1064 1065
f 1067 1066 1070
f 1069 1070 1066
f 1071 1055 1070
f 1065 1058 1072
f 1073 1065 1072
f 1069 1066 1064
f 1065 1073 1069
f 1071 1069 1073
f 1070 1069 1071
f 1055 1071 1056
f 1074 1057 1059
f 1075 1076 1077
f 1078 1077 1074
f 1060 1075 1078
f 1075 1077 1078
f 1060 1079 1075
f 1078 1074 1059
f 1060 1078 1059
f 1080 1081 1082
f 1076 1082 1083
f 1077 1076 1083
f 1082 1081 1084
f 1082 1084 1083
f 1085 1082 1076
f 1077 1083 1086
f 1077 1086 1074
f 1084 1087 1083
f 1074 1086 1088
f 1089 937 939
f 909 912 1090
f 1091 1090 912
f 925 952 1092
f 1092 927 925
f 1092 1091 927
f 927 1091 912
f 958 935 1093
f 1093 935 934
f 958 954 935
f 935 954 1094
f 1094 925 924
f 937 934 938
f 937 1093 934
f 938 934 933
f 943 954 958
f 954 951 1094
f 951 925 1094
f 1094 924 935
f 952 1095 1092
f 1096 1091 1092
f 1096 1092 1095
f 941 958 1093
f 941 1093 937
f 1027 1097 979
f 1098 978 1097
f 1022 1098 1027
f 1022 1027 1018
f 1097 978 979
f 1027 1098 1097
f 979 1013 1027
f 1099 1090 1100
f 1096 1090 1091
f 1100 1090 1096
f 1030 1099 1100
f 981 980 1095
f 1096 1095 978
f 1100 1096 978
f 1030 1100 1101
f 1098 1100 978
f 1101 1100 1098
f 1022 1101 1098
f 981 1095 952
f 1095 980 978
f 1021 1030 1101
f 1021 1101 1022
f 1041 1102 1042
f 1103 913 1104
f 1104 913 910
f 1045 1032 1105
f 1045 1106 960
f 1105 1032 1107
f 1032 1056 1107
f 1056 1071 1073
f 1081 1108 1109
f 1081 1109 1084
f 1080 1108 1081
f 1110 1111 1108
f 1110 1108 1080
f 1111 1110 1112
f 1108 1111 1113
f 1108 1113 1109
f 1087 1109 1114
f 1109 1113 1114
f 1086 1087 1115
f 1115 1087 1114
f 1113 1111 1116
f 1114 1113 1117
f 1112 1118 1116
f 1116 1118 1119
f 1116 1119 1120
f 1084 1109 1087
f 1087 1086 1083
f 1111 1112 1116
f 1112 1121 1118
f 1119 1118 1122
f 1123 1105 1107
f 1124 1125 1126
f 1126 1125 1127
f 1124 1001 1125
f 1127 1125 1004
f 1125 1001 1000
f 1125 1000 1002
f 1125 1002 1004
f 1128 1126 1129
f 1127 1129 1126
f 1128 1130 1126
f 1126 1130 1124
f 1130 1131 1124
f 1132 1127 1133
f 1127 1004 1133
f 1134 1133 1135
f 1136 977 1137
f 1133 1138 1135
f 1134 1135 1139
f 1140 1134 1139
f 1139 1135 1138
f 1138 1005 1139
f 1141 1140 1142
f 1142 1139 1143
f 1139 1005 1144
f 1145 1137 975
f 1132 1133 1134
f 1140 1137 1134
f 975 1137 977
f 1136 1137 1140
f 1133 1004 1138
f 1142 1140 1139
f 1138 1004 1005
f 1136 1140 1141
f 1139 1144 1143
f 1128 1132 1145
f 1128 1145 975
f 1132 1129 1127
f 1137 1132 1134
f 1128 1129 1132
f 1137 1145 1132
f 975 1146 1128
f 976 975 977
f 970 977 1136
f 971 1136 1141
f 971 970 1136
f 1147 971 1141
f 1056 1073 1148
f 1115 1114 1149
f 1113 1116 1120
f 1113 1120 1117
f 1086 1115 1088
f 1114 1117 1149
f 1150 1115 1149
f 1150 1149 1151
f 1151 1152 1153
f 1150 1151 1154
f 1152 1120 1155
f 1153 1152 1155
f 1154 1151 1156
f 1088 1115 1150
f 1117 1152 1149
f 1117 1120 1152
f 1088 1150 1057
f 1149 1152 1151
f 1074 1088 1057
f 1057 1150 1154
f 1120 1119 1155
f 1157 1155 1158
f 1158 1123 1157
f 1123 1159 1157
f 1160 1159 1161
f 1161 1159 1107
f 1151 1153 1156
f 1155 1157 1153
f 1155 1119 1158
f 1154 1156 1162
f 1153 1157 1156
f 1154 1162 1057
f 1156 1157 1159
f 1156 1159 1160
f 1162 1058 1057
f 1162 1156 1160
f 1163 1162 1160
f 1160 1161 1163
f 1163 1058 1162
f 1072 1058 1163
f 1159 1123 1107
f 1163 1148 1072
f 1107 1148 1161
f 1163 1161 1148
f 1073 1072 1148
f 1107 1056 1148
f 989 991 1164
f 991 990 1165
f 989 988 991
f 1164 991 1165
f 1003 986 989
f 1003 989 1166
f 1166 989 1164
f 1166 1167 1144
f 1166 1164 1167
f 1167 1164 1165
f 1143 1144 1168
f 1144 1167 1168
f 1168 1014 1143
f 1015 1014 1168
f 1167 1017 1168
f 1167 1165 1017
f 1168 1017 1015
f 1165 1019 1017
f 1005 1003 1166
f 1005 1166 1144
f 990 995 1019
f 990 1019 1165
f 1014 1169 1143
f 971 1147 1170
f 1170 1147 1169
f 1170 1169 1014
f 1169 1141 1142
f 1147 1141 1169
f 1169 1142 1143
f 1170 972 971
f 979 972 1170
f 979 1170 1014
f 1013 979 1014
f 969 967 1171
f 966 969 1038
f 1038 1172 1050
f 1172 1173 1050
f 1050 1173 1174
f 1175 1174 1173
f 1176 1177 1178
f 1177 946 1178
f 1178 946 947
f 1177 944 946
f 946 945 947
f 1179 1180 944
f 1179 944 1177
f 944 1180 1181
f 1177 1176 1182
f 1183 1179 1177
f 1184 1180 1183
f 1180 1179 1183
f 968 1180 1184
f 1172 1183 1182
f 1183 1177 1182
f 1038 1171 1172
f 1173 1182 1175
f 1183 1172 1171
f 969 1171 1038
f 1172 1182 1173
f 1182 1176 1175
f 967 1184 1183
f 967 1183 1171
f 968 1184 967
f 1050 1047 1039
f 942 941 1185
f 1178 947 1185
f 1185 947 942
f 1175 1176 1185
f 1176 1178 1185
f 1185 1186 1175
f 1185 941 1186
f 1186 941 937
f 1089 1186 937
f 1174 1089 1047
f 1175 1186 1174
f 1174 1186 1089
f 1050 1174 1047
f 1047 1089 939
f 1187 910 909
f 1188 1189 909
f 1190 1191 1099
f 1030 1029 1099
f 1028 1192 1029
f 1193 1192 1194
f 1194 1192 1028
f 1011 1195 1009
f 1195 1196 1193
f 1195 1193 1194
f 1009 1195 1031
f 1194 1031 1195
f 1194 1028 1031
f 1054 1042 1197
f 1040 1054 1051
f 1054 1198 1051
f 1090 1188 909
f 1199 1188 1090
f 1189 1188 1199
f 1191 1199 1090
f 1099 1191 1090
f 663 664 670
f 505 1200 506
f 505 1201 1200
f 487 1201 505
f 662 663 487
f 1201 487 663
f 1202 663 1203
f 663 670 1203
f 1203 670 672
f 670 665 668
f 1204 518 1205
f 518 1204 1206
f 806 1207 807
f 806 1208 1207
f 1207 1209 807
f 1210 1211 1212
f 1213 1214 1215
f 811 814 809
f 1216 1217 905
f 1216 905 809
f 1218 815 890
f 1219 1220 1221
f 1221 1222 1223
f 1224 1221 1223
f 1224 1225 1226
f 1226 1225 1227
f 1228 1221 1224
f 1224 1223 1225
f 1229 1224 1226
f 1230 1231 1220
f 1220 1231 1232
f 1220 1232 1222
f 1219 1230 1220
f 1221 1220 1222
f 1223 1233 1216
f 1223 1216 809
f 1231 1234 1217
f 1231 1217 1232
f 1217 1234 905
f 1232 1217 1233
f 1233 1217 1216
f 1222 1232 1233
f 1223 809 814
f 1223 1222 1233
f 1218 814 816
f 816 814 812
f 1225 1223 1235
f 1218 816 815
f 1211 1230 1219
f 1221 1228 1219
f 1236 1212 1211
f 1237 1212 1236
f 1211 1219 1228
f 1211 1228 1236
f 1238 1239 1240
f 1241 1242 1243
f 1214 1242 1241
f 1241 1239 1214
f 1214 1239 1238
f 1215 1214 1238
f 1213 1215 1244
f 1245 1229 1246
f 1247 1246 1229
f 1242 1247 1229
f 1248 1228 1245
f 1248 1245 1246
f 1229 1243 1242
f 1236 1228 1248
f 1245 1228 1224
f 1224 1229 1245
f 1249 819 818
f 1218 1235 1223
f 1227 1225 1235
f 1249 1235 1218
f 818 1250 1249
f 1223 814 1218
f 890 819 1249
f 1218 890 1249
f 1235 1249 1227
f 1227 1249 1250
f 1250 818 1240
f 1239 1250 1240
f 1241 1243 1250
f 1229 1227 1243
f 1243 1227 1250
f 1241 1250 1239
f 1226 1227 1229
f 1251 1252 1253
f 820 904 821
f 1254 1255 1256
f 1254 1253 1252
f 1257 1251 904
f 904 1251 821
f 1251 829 828
f 821 1251 828
f 830 842 825
f 829 830 824
f 1251 1253 829
f 1254 1256 1253
f 1258 830 829
f 1256 1258 829
f 1253 1256 829
f 1255 1259 1260
f 1261 1262 1260
f 1260 1262 1263
f 1260 1263 1258
f 1256 1260 1258
f 1258 1263 842
f 830 1258 842
f 1255 1260 1256
f 1259 1264 863
f 1265 1264 1259
f 1255 1265 1259
f 1265 857 1264
f 1262 1266 851
f 1261 863 865
f 1259 863 1267
f 863 1261 1267
f 1263 851 842
f 1260 1267 1261
f 1261 845 839
f 870 845 1261
f 1262 839 1266
f 1261 839 1262
f 1263 1262 851
f 1259 1267 1260
f 839 845 844
f 842 851 850
f 1266 839 838
f 848 1266 838
f 1266 848 851
f 1268 1269 857
f 1265 1268 857
f 861 857 835
f 1264 857 861
f 1264 861 863
f 1261 865 866
f 1261 866 870
f 870 846 845
f 1255 1268 1265
f 903 1270 1257
f 901 904 820
f 1271 1254 1272
f 1272 1254 1252
f 1272 1252 1257
f 1257 1252 1251
f 1270 1272 1257
f 1257 904 903
f 1273 1274 1275
f 1234 1274 1273
f 905 1234 1273
f 1272 1275 1271
f 1273 1275 1276
f 905 1273 906
f 1276 1275 1272
f 809 905 810
f 906 1273 1276
f 1270 1276 1272
f 905 906 902
f 1276 1270 906
f 906 1270 903
f 1231 1274 1234
f 1205 1277 1204
f 1205 518 1278
f 1279 1280 1281
f 1282 514 517
f 1281 1283 1279
f 1280 1200 1284
f 1200 1285 1284
f 1284 1285 1286
f 1284 1287 1281
f 1286 1288 1284
f 514 518 515
f 1240 898 1207
f 1238 1240 1207
f 1289 1238 1207
f 1238 1289 1215
f 898 883 1209
f 1207 898 1209
f 1244 1215 1289
f 1240 818 817
f 817 898 1240
f 506 1282 508
f 1280 1284 1281
f 1282 1200 1280
f 518 1280 1290
f 517 508 1282
f 1280 1279 1291
f 1280 1292 1290
f 1280 1283 1292
f 1282 1280 514
f 1283 1280 1291
f 1279 1283 1291
f 506 1200 1282
f 518 1290 1278
f 1293 1278 1290
f 1280 518 514
f 1285 1200 1294
f 1200 1295 1294
f 1201 1295 1200
f 1201 1296 1295
f 1297 1298 783
f 783 1298 787
f 1299 803 787
f 1298 1299 787
f 1299 1300 1301
f 803 1302 894
f 1300 1299 1298
f 1301 1302 803
f 1299 1301 803
f 1298 1303 1300
f 1297 1303 1298
f 1303 1304 1300
f 1301 1305 1306
f 1304 1305 1300
f 1300 1305 1301
f 1304 1307 1305
f 1308 1309 1310
f 1309 1311 1312
f 1312 1311 1313
f 1309 1312 1310
f 1310 1312 1314
f 1315 1316 1317
f 805 804 1318
f 1315 1317 1319
f 1319 1317 804
f 1320 1319 804
f 1320 804 1209
f 1321 1315 1322
f 1321 1323 1315
f 1322 1315 1319
f 1324 1325 1326
f 1322 900 1326
f 1306 1324 1326
f 1324 1327 1325
f 1327 1328 1325
f 1326 1325 1322
f 1325 1328 1323
f 1322 1325 1321
f 1325 1323 1321
f 1329 1330 1331
f 1332 1330 1329
f 1333 1334 1330
f 1334 1335 1330
f 1333 1330 1332
f 1334 1336 1335
f 1337 1338 1339
f 1338 1340 1341
f 1342 1339 1338
f 1337 1340 1338
f 1342 1338 1304
f 1338 1307 1304
f 1303 1342 1304
f 1343 1344 1340
f 1340 1344 1341
f 1345 1337 1339
f 1346 1314 1337
f 1314 1343 1337
f 1337 1343 1340
f 1347 1329 1344
f 1333 1348 1313
f 1348 1332 1347
f 1349 1347 1343
f 1348 1347 1349
f 1333 1332 1348
f 1343 1347 1344
f 1332 1329 1347
f 1314 1312 1349
f 1312 1348 1349
f 1313 1348 1312
f 1314 1349 1343
f 1350 1342 1303
f 883 1320 1209
f 804 807 1209
f 1333 1351 1334
f 1352 1353 1354
f 1355 1352 1356
f 1357 1358 1353
f 1357 1353 1355
f 1353 1358 1359
f 1353 1359 1354
f 1354 1359 1360
f 1353 1352 1355
f 1357 1355 1356
f 1359 1361 1360
f 1362 1359 1358
f 1363 1352 1364
f 1365 1357 1356
f 1356 1352 1363
f 1365 1356 1363
f 1366 1316 1315
f 1367 1368 1327
f 1327 1368 1328
f 1327 1369 1367
f 1324 1369 1327
f 1368 1367 1370
f 1369 1371 1367
f 1372 1367 1371
f 1335 1373 1374
f 1335 1374 1375
f 1375 1374 1372
f 1329 1331 1376
f 1376 1331 1375
f 1377 1376 1375
f 1331 1335 1375
f 1330 1335 1331
f 1338 1341 1307
f 1344 1329 1376
f 1378 1377 1369
f 1378 1369 1324
f 1377 1371 1369
f 1375 1372 1377
f 1377 1372 1371
f 1376 1377 1379
f 1305 1380 1306
f 1307 1380 1305
f 1381 1379 1380
f 1379 1306 1380
f 1341 1381 1307
f 1307 1381 1380
f 1381 1344 1376
f 1341 1344 1381
f 1306 1378 1324
f 1379 1378 1306
f 1381 1376 1379
f 1379 1377 1378
f 1382 1383 1384
f 1385 1383 1382
f 1383 1386 1387
f 1387 1386 1388
f 1384 1383 1387
f 1389 1385 1382
f 1390 1389 1391
f 1389 1382 1392
f 1382 1384 1392
f 1384 1387 1392
f 1389 1393 1391
f 1393 1389 1392
f 1393 1392 1394
f 1395 1393 1396
f 1396 1394 1397
f 1398 1396 1397
f 1210 1396 1398
f 1393 1394 1396
f 1398 1211 1210
f 1387 1388 1394
f 1394 1388 1397
f 1392 1387 1394
f 1399 1400 1401
f 1402 1403 1313
f 1404 1405 1402
f 1402 1405 1403
f 1313 1403 1406
f 1407 1403 1399
f 1406 1403 1407
f 1403 1405 1399
f 1311 1402 1313
f 1373 1408 1374
f 1374 1408 1372
f 1409 1364 1410
f 1365 1363 1408
f 1363 1364 1409
f 1408 1363 1409
f 1373 1365 1408
f 1411 1358 1357
f 1412 1357 1336
f 1357 1365 1336
f 1399 1401 1407
f 1401 1411 1407
f 1412 1407 1411
f 1411 1401 1358
f 1412 1411 1357
f 1400 1362 1401
f 1362 1358 1401
f 1351 1412 1334
f 1407 1351 1406
f 1351 1407 1412
f 1412 1336 1334
f 1408 1409 1370
f 1408 1370 1372
f 1372 1370 1367
f 1335 1365 1373
f 1333 1313 1351
f 1406 1351 1313
f 1336 1365 1335
f 1413 1414 1415
f 1415 1416 1417
f 1418 1419 1420
f 1421 1419 1418
f 1419 1421 1422
f 1420 1423 1418
f 1385 1389 1416
f 1424 1425 1426
f 1424 1426 1427
f 1424 1427 1385
f 1416 1424 1385
f 1427 1428 1385
f 1429 1430 1426
f 1431 1429 1426
f 1425 1431 1426
f 1422 1421 1432
f 1431 1422 1432
f 1433 1419 1422
f 1422 1431 1425
f 1422 1425 1433
f 1431 1432 1429
f 1424 1434 1425
f 1414 1424 1416
f 1435 1436 1308
f 1437 1438 1435
f 1439 1438 1440
f 1439 1440 1441
f 1440 1437 1442
f 1440 1438 1437
f 1435 1308 1437
f 1437 1308 1346
f 1310 1314 1308
f 1443 1435 1438
f 1438 1444 1443
f 1445 1444 1438
f 1446 1443 1444
f 1445 1438 1439
f 1442 1437 1346
f 1308 1314 1346
f 1346 1337 1345
f 1339 1342 1447
f 1447 1342 1350
f 1448 1449 1447
f 1450 1448 1447
f 1448 1442 1449
f 1440 1442 1441
f 1442 1448 1441
f 1449 1339 1447
f 1449 1442 1346
f 1449 1346 1345
f 1449 1345 1339
f 1451 1439 1441
f 1448 1450 1441
f 1451 1441 1452
f 1452 1441 1450
f 1453 1439 1451
f 1454 1455 1456
f 1255 1455 1454
f 1454 1268 1255
f 1457 1458 1459
f 1459 1460 1461
f 1386 1462 1463
f 1428 1464 1386
f 1383 1428 1386
f 1386 1463 1388
f 1457 1465 1462
f 1466 1457 1462
f 1464 1467 1457
f 1464 1457 1466
f 1464 1466 1462
f 1386 1464 1462
f 1463 1462 1468
f 1465 1459 1461
f 1461 1460 1469
f 1470 1461 1469
f 1457 1459 1465
f 1470 1469 1471
f 1461 1470 1472
f 1465 1472 1468
f 1472 1470 1473
f 1473 1474 1472
f 1462 1465 1468
f 1465 1461 1472
f 1468 1472 1474
f 1475 1470 1471
f 1473 1470 1475
f 1475 1476 1456
f 1463 1477 1478
f 1388 1463 1478
f 1468 1474 1477
f 1479 1478 1474
f 1468 1477 1463
f 1477 1474 1478
f 1455 1474 1473
f 1474 1455 1479
f 1473 1475 1456
f 1455 1473 1456
f 1454 1456 1268
f 1480 1481 1482
f 1482 1483 1445
f 1483 1444 1445
f 1453 1445 1439
f 1484 1482 1445
f 837 1485 1486
f 858 837 1486
f 837 836 1485
f 1484 1480 1482
f 1480 1484 1487
f 1488 1480 1489
f 1480 1487 1489
f 1487 1484 1490
f 1490 1484 1491
f 1489 1492 1476
f 1485 1487 1490
f 1485 1489 1487
f 1489 1485 836
f 836 1492 1489
f 1269 1492 836
f 1485 1490 1491
f 1485 1491 1486
f 1486 1491 1493
f 1269 836 857
f 1493 1451 1452
f 1484 1445 1453
f 1451 1491 1453
f 1484 1453 1491
f 1493 1491 1451
f 1494 782 1495
f 1496 1486 1493
f 1496 1493 1495
f 1495 1497 1494
f 858 1486 1496
f 782 854 1496
f 782 1494 871
f 782 1496 1495
f 871 1494 1297
f 871 1297 783
f 858 1496 854
f 1493 1452 1497
f 1498 1450 1350
f 1450 1447 1350
f 1350 1303 1297
f 1494 1497 1498
f 1493 1497 1495
f 1498 1350 1297
f 1452 1450 1497
f 1497 1450 1498
f 1494 1498 1297
f 1399 1499 1400
f 1499 1420 1500
f 1420 1419 1500
f 1499 1362 1400
f 1402 1501 1404
f 1399 1405 1499
f 1404 1502 1405
f 1420 1405 1502
f 1420 1499 1405
f 1503 1501 1309
f 1501 1402 1311
f 1436 1309 1308
f 1503 1309 1436
f 1309 1501 1311
f 1443 1436 1435
f 1434 1414 1413
f 1417 1416 1390
f 1416 1389 1390
f 1414 1416 1415
f 1425 1434 1504
f 1504 1434 1413
f 1504 1413 1505
f 1500 1362 1499
f 1362 1500 1361
f 1500 1419 1433
f 1433 1506 1500
f 1362 1361 1359
f 1506 1361 1500
f 1434 1424 1414
f 1360 1361 1507
f 1506 1507 1361
f 1433 1425 1504
f 1505 1508 1504
f 1433 1504 1508
f 1433 1508 1506
f 1506 1508 1507
f 1432 1509 1510
f 1511 1502 1512
f 1502 1404 1512
f 1513 1423 1511
f 1511 1423 1502
f 1423 1420 1502
f 1514 1515 1516
f 1418 1517 1421
f 1517 1509 1421
f 1432 1421 1509
f 1444 1515 1446
f 1515 1514 1446
f 1483 1515 1444
f 1446 1518 1443
f 1514 1519 1446
f 1503 1512 1501
f 1512 1404 1501
f 1518 1436 1443
f 1519 1518 1446
f 1518 1503 1436
f 1514 1520 1519
f 1518 1519 1503
f 1503 1519 1512
f 1511 1512 1519
f 1520 1511 1519
f 1423 1513 1418
f 1517 1418 1513
f 1509 1517 1521
f 1520 1514 1522
f 1523 1520 1522
f 1524 1522 1514
f 1525 1523 1522
f 1513 1520 1523
f 1513 1511 1520
f 1521 1513 1523
f 1521 1517 1513
f 1521 1510 1509
f 1481 1526 1516
f 1526 1524 1516
f 1527 1481 1480
f 1459 1524 1526
f 1481 1516 1483
f 1524 1514 1516
f 1481 1483 1482
f 1527 1526 1481
f 1460 1459 1526
f 1526 1527 1528
f 1460 1526 1528
f 1460 1528 1469
f 1516 1515 1483
f 1525 1522 1524
f 1521 1523 1525
f 1458 1525 1524
f 1529 1521 1525
f 1458 1524 1459
f 1525 1458 1529
f 1510 1521 1529
f 1510 1529 1458
f 1457 1510 1458
f 1432 1510 1467
f 1426 1430 1428
f 1426 1428 1427
f 1428 1383 1385
f 1428 1430 1464
f 1429 1432 1467
f 1467 1430 1429
f 1510 1457 1467
f 1467 1464 1430
f 1488 1527 1480
f 1469 1527 1471
f 1471 1527 1488
f 1528 1527 1469
f 1488 1489 1471
f 1476 1471 1489
f 1475 1471 1476
f 1269 1476 1492
f 1268 1476 1269
f 1456 1476 1268
f 883 882 1320
f 1320 882 1319
f 885 1322 1319
f 882 885 1319
f 1301 1326 900
f 885 900 1322
f 1306 1326 1301
f 1301 900 1302
f 1302 900 899
f 1302 899 894
f 1275 1479 1271
f 1479 1455 1255
f 1254 1271 1255
f 1479 1255 1271
f 1530 1479 1274
f 1231 1530 1274
f 1398 1530 1230
f 1230 1530 1231
f 1398 1230 1211
f 1274 1479 1275
f 1397 1530 1398
f 1397 1388 1478
f 1479 1530 1478
f 1397 1478 1530
f 1531 1532 1533
f 1531 1533 1534
f 1535 1533 1532
f 1533 1536 1534
f 1537 1535 1538
f 1539 1540 1535
f 1535 1540 1533
f 1536 1533 1540
f 1539 1535 1537
f 1538 1535 1532
f 1541 1542 1543
f 1542 1544 1543
f 1542 1545 1546
f 1544 1542 1538
f 1542 1547 1538
f 1542 1548 1547
f 1547 1548 1537
f 1538 1547 1537
f 1545 1542 1541
f 1546 1548 1542
f 1549 1550 1551
f 1550 1552 1553
f 1549 1552 1550
f 1554 1555 1556
f 1555 1557 1558
f 1556 1555 1558
f 1559 1541 1543
f 1560 1543 1561
f 1560 1559 1543
f 1562 1563 1552
f 1564 1563 1562
f 1564 1562 1565
f 1549 1562 1552
f 1565 1562 1566
f 1562 1549 1566
f 1566 1549 1567
f 1568 1545 1559
f 1568 1546 1545
f 1569 1570 1568
f 1570 1571 1568
f 1568 1571 1546
f 1572 1570 1569
f 1571 1548 1546
f 1563 1569 1573
f 1570 1574 1571
f 1572 1569 1563
f 1571 1574 1548
f 1572 1564 1570
f 1574 1570 1564
f 1574 1575 1548
f 1564 1576 1574
f 1563 1564 1572
f 1574 1577 1575
f 1576 1577 1574
f 1577 1576 1578
f 1577 1578 1579
f 1564 1565 1576
f 1580 1576 1565
f 1578 1576 1580
f 1565 1566 1580
f 1537 1548 1539
f 1575 1581 1548
f 1559 1545 1541
f 1582 1560 1557
f 1582 1568 1559
f 1582 1569 1568
f 1573 1552 1563
f 1582 1559 1560
f 1554 1582 1555
f 1555 1582 1557
f 1573 1569 1582
f 1573 1582 1554
f 1552 1573 1554
f 1552 1554 1553
f 1583 1584 1585
f 1584 1583 1586
f 1587 1586 1583
f 1551 1550 1588
f 1589 1551 1588
f 1588 1550 1590
f 1588 1590 1591
f 1585 1592 1593
f 1594 1556 1558
f 1595 1596 1594
f 1597 1596 1595
f 1586 1596 1597
f 1597 1598 1584
f 1584 1586 1597
f 1553 1554 1556
f 1590 1553 1596
f 1596 1556 1594
f 1590 1596 1586
f 1596 1553 1556
f 1599 1588 1600
f 1599 1600 1601
f 1601 1600 1587
f 1587 1600 1586
f 1587 1583 1601
f 1600 1588 1591
f 1591 1586 1600
f 1591 1590 1586
f 1592 1602 1593
f 1593 1602 1603
f 1584 1592 1585
f 1590 1550 1553
f 1597 1604 1598
f 1597 1595 1604
f 1592 1584 1598
f 1598 1602 1592
f 1605 1606 1607
f 1606 1608 1607
f 1609 1610 1611
f 1612 1613 1614
f 1615 1612 1614
f 1616 1615 1617
f 1618 1615 1616
f 1619 1618 1620
f 1618 1612 1615
f 1618 1616 1620
f 1613 1601 1583
f 1613 1583 1585
f 1614 1613 1585
f 1614 1585 1621
f 1622 1617 1623
f 1622 1616 1617
f 1620 1616 1622
f 1624 1625 1605
f 1625 1606 1605
f 1626 1619 1627
f 1627 1628 1629
f 1629 1628 1630
f 1612 1601 1613
f 1609 1614 1621
f 1614 1609 1615
f 1615 1609 1617
f 1631 1617 1609
f 1609 1621 1632
f 1609 1632 1610
f 1631 1609 1611
f 1632 1585 1593
f 1621 1585 1632
f 1631 1611 1633
f 1634 1617 1631
f 1634 1631 1633
f 1635 1636 1625
f 1624 1635 1625
f 1636 1637 1625
f 1637 1606 1625
f 1636 1638 1637
f 1637 1639 1606
f 1640 1641 1638
f 1641 1642 1643
f 1619 1644 1618
f 1643 1644 1619
f 1637 1638 1639
f 1638 1641 1639
f 1643 1619 1626
f 1629 1643 1626
f 1641 1643 1629
f 1639 1641 1629
f 1629 1626 1627
f 1639 1629 1630
f 1642 1645 1646
f 1642 1646 1647
f 1640 1645 1642
f 1647 1648 1644
f 1640 1642 1641
f 1644 1648 1649
f 1643 1647 1644
f 1612 1644 1601
f 1642 1647 1643
f 1649 1599 1601
f 1646 1648 1647
f 1648 1599 1649
f 1644 1649 1601
f 1644 1612 1618
f 1650 1651 1652
f 1653 1654 1655
f 1652 1651 1656
f 1654 1657 1655
f 1604 1658 1659
f 1660 1661 1653
f 1655 1657 1651
f 1662 1663 1664
f 1662 1665 1666
f 1662 1664 1665
f 1664 1663 1667
f 1655 1651 1666
f 1665 1655 1666
f 1651 1668 1666
f 1653 1655 1665
f 1665 1664 1653
f 1669 1668 1650
f 1650 1668 1651
f 1653 1664 1660
f 1595 1594 1670
f 1670 1604 1595
f 1598 1604 1659
f 1671 1670 1672
f 1594 1558 1673
f 1674 1670 1671
f 1674 1671 1662
f 1658 1670 1674
f 1604 1670 1658
f 1659 1658 1675
f 1670 1673 1672
f 1671 1672 1662
f 1594 1673 1670
f 1674 1662 1666
f 1659 1675 1669
f 1666 1668 1674
f 1675 1658 1674
f 1675 1674 1668
f 1603 1602 1659
f 1668 1669 1675
f 1676 1659 1669
f 1603 1659 1676
f 1602 1598 1659
f 1677 1678 1679
f 1680 1679 1681
f 1679 1682 1681
f 1683 1681 1684
f 1677 1679 1680
f 1685 1681 1683
f 1686 1677 1680
f 1680 1681 1685
f 1687 1683 1688
f 1689 1680 1685
f 1685 1683 1687
f 1686 1680 1689
f 1687 1689 1685
f 1690 1686 1689
f 1691 1692 1693
f 1694 1693 1677
f 1695 1691 1694
f 1686 1694 1677
f 1695 1694 1696
f 1697 1694 1686
f 1696 1694 1697
f 1698 1696 1697
f 1693 1678 1677
f 1691 1693 1694
f 1697 1686 1690
f 1678 1676 1669
f 1678 1669 1650
f 1682 1656 1699
f 1656 1657 1699
f 1652 1656 1682
f 1682 1699 1681
f 1679 1652 1682
f 1699 1684 1681
f 1676 1678 1700
f 1652 1678 1650
f 1693 1700 1678
f 1692 1700 1693
f 1611 1610 1701
f 1692 1701 1700
f 1692 1611 1701
f 1701 1702 1700
f 1702 1676 1700
f 1678 1652 1679
f 1695 1611 1692
f 1691 1695 1692
f 1703 1633 1695
f 1703 1695 1696
f 1633 1611 1695
f 1683 1684 1688
f 1701 1610 1702
f 1632 1593 1610
f 1593 1702 1610
f 1702 1593 1603
f 1702 1603 1676
f 1704 1705 1706
f 1707 1704 1706
f 1673 1708 1663
f 1663 1708 1709
f 1663 1710 1667
f 1672 1663 1662
f 1673 1663 1672
f 1710 1711 1667
f 1660 1712 1713
f 1661 1714 1715
f 1660 1713 1661
f 1661 1713 1714
f 1715 1653 1661
f 1663 1709 1716
f 1710 1663 1716
f 1664 1712 1660
f 1717 1705 1704
f 1715 1718 1719
f 1719 1718 1717
f 1719 1717 1704
f 1557 1560 1708
f 1558 1557 1708
f 1709 1560 1561
f 1720 1721 1710
f 1561 1720 1709
f 1716 1709 1720
f 1716 1720 1710
f 1708 1560 1709
f 1667 1712 1664
f 1558 1708 1673
f 1722 1723 1724
f 1724 1723 1725
f 1724 1725 1726
f 1726 1725 1635
f 1727 1635 1624
f 1549 1589 1728
f 1728 1589 1646
f 1589 1549 1551
f 1729 1645 1730
f 1645 1728 1646
f 1731 1636 1635
f 1599 1589 1588
f 1638 1730 1645
f 1638 1645 1640
f 1636 1730 1638
f 1646 1589 1648
f 1730 1636 1731
f 1648 1589 1599
f 1580 1566 1732
f 1732 1566 1567
f 1567 1728 1732
f 1732 1645 1729
f 1567 1549 1728
f 1732 1728 1645
f 1733 1732 1729
f 1733 1729 1730
f 1734 1735 1580
f 1579 1735 1722
f 1580 1732 1734
f 1735 1723 1722
f 1579 1578 1735
f 1735 1578 1580
f 1734 1723 1735
f 1732 1733 1734
f 1733 1723 1734
f 1723 1733 1725
f 1725 1733 1731
f 1725 1731 1635
f 1733 1730 1731
f 1698 1697 1690
f 1736 1737 1738
f 1739 1737 1740
f 1738 1737 1739
f 1741 1742 1743
f 1608 1744 1745
f 1630 1746 1744
f 1747 1748 1749
f 1750 1748 1747
f 1745 1744 1736
f 1746 1748 1744
f 1745 1736 1738
f 1744 1751 1736
f 1744 1748 1751
f 1736 1751 1737
f 1608 1630 1744
f 1606 1630 1608
f 1606 1639 1630
f 1627 1619 1752
f 1743 1698 1753
f 1754 1743 1753
f 1741 1754 1755
f 1741 1743 1754
f 1737 1751 1756
f 1751 1748 1750
f 1747 1757 1750
f 1757 1742 1741
f 1750 1757 1741
f 1758 1759 1760
f 1756 1751 1750
f 1737 1756 1761
f 1750 1741 1759
f 1756 1750 1758
f 1758 1750 1759
f 1759 1741 1755
f 1760 1759 1755
f 1740 1737 1761
f 1762 1763 1764
f 1762 1764 1765
f 1766 1620 1622
f 1627 1752 1767
f 1752 1620 1766
f 1630 1767 1746
f 1767 1752 1766
f 1746 1767 1749
f 1749 1766 1763
f 1747 1749 1768
f 1757 1762 1742
f 1619 1620 1752
f 1766 1622 1623
f 1767 1766 1749
f 1763 1766 1623
f 1763 1623 1764
f 1746 1749 1748
f 1763 1762 1768
f 1749 1763 1768
f 1768 1762 1757
f 1747 1768 1757
f 1630 1628 1767
f 1767 1628 1627
f 1742 1765 1743
f 1689 1753 1690
f 1743 1696 1698
f 1753 1698 1690
f 1623 1617 1634
f 1634 1633 1703
f 1764 1634 1703
f 1765 1764 1703
f 1765 1703 1696
f 1742 1762 1765
f 1623 1634 1764
f 1765 1696 1743
f 1769 1532 1770
f 1770 1532 1531
f 1769 1770 1771
f 1667 1771 1712
f 1771 1770 1712
f 1712 1770 1772
f 1770 1531 1772
f 1772 1531 1773
f 1774 1775 1772
f 1775 1774 1714
f 1712 1772 1713
f 1713 1772 1775
f 1544 1538 1776
f 1667 1769 1771
f 1776 1769 1721
f 1711 1721 1769
f 1721 1711 1710
f 1776 1532 1769
f 1667 1711 1769
f 1538 1532 1776
f 1714 1718 1715
f 1714 1713 1775
f 1718 1714 1717
f 1714 1774 1717
f 1720 1544 1721
f 1544 1776 1721
f 1561 1543 1720
f 1543 1544 1720
f 1653 1715 1654
f 1657 1656 1651
f 1719 1654 1715
f 1777 1654 1719
f 1777 1657 1654
f 1704 1777 1719
f 1699 1657 1777
f 1777 1684 1699
f 1684 1777 1704
f 1704 1707 1684
f 1707 1688 1684
f 683 1778 1779
f 1780 1781 1782
f 1782 1778 690
f 689 1778 683
f 1778 689 690
f 149 148 160
f 1783 186 1784
f 1785 1786 1783
f 1787 1788 1786
f 1789 1790 1785
f 1785 1787 1786
f 1790 1787 1785
f 1785 1783 1791
f 1792 1784 235
f 1793 1794 1795
f 1794 1796 1795
f 1796 1789 1795
f 1789 1785 1791
f 1789 1792 1795
f 1789 1784 1792
f 1789 1791 1784
f 1791 1783 1784
f 1797 1798 1799
f 1800 1798 1797
f 1800 1797 1790
f 1797 1788 1787
f 1790 1797 1787
f 1801 1802 1803
f 1804 1801 1805
f 1806 1798 1807
f 1807 1798 1808
f 1809 1807 1810
f 1801 1809 1802
f 1807 1808 1810
f 1809 1810 1802
f 1809 1801 1811
f 1812 1793 1813
f 1813 1793 1795
f 1792 1813 1795
f 1814 1815 1804
f 1814 1804 1805
f 1801 1803 1805
f 1805 1803 1816
f 1816 1817 1805
f 1803 1793 1816
f 1803 1794 1793
f 1817 1816 1793
f 1794 1810 1800
f 1794 1800 1796
f 1800 1790 1789
f 1800 1789 1796
f 1810 1808 1800
f 1808 1798 1800
f 1810 1794 1802
f 1802 1794 1803
f 1818 1819 153
f 215 1818 214
f 1818 153 214
f 214 153 154
f 1819 1820 1821
f 1821 150 152
f 153 1821 152
f 1819 1821 153
f 1822 1823 1820
f 1824 1822 1820
f 1819 1824 1820
f 1821 1820 150
f 1823 155 150
f 1823 150 1820
f 1786 1818 1783
f 1783 215 186
f 1818 215 1783
f 1825 1826 1822
f 1788 1799 1825
f 1792 235 231
f 1817 1793 1812
f 1812 1813 231
f 1813 1792 231
f 166 165 1812
f 166 1812 237
f 158 1827 159
f 1815 1814 1827
f 1817 1812 165
f 1814 1805 1817
f 1827 164 159
f 1827 1814 165
f 164 1827 165
f 1814 1817 165
f 1828 1826 1825
f 1799 1829 1825
f 1798 1830 1799
f 1797 1799 1788
f 1828 1831 1826
f 1832 1828 1829
f 1829 1828 1825
f 1806 1833 1830
f 1830 1798 1806
f 1830 1833 1829
f 1830 1829 1799
f 1833 1832 1829
f 1834 1825 1822
f 1786 1824 1819
f 1786 1819 1818
f 1788 1824 1786
f 1834 1822 1824
f 1824 1788 1834
f 1825 1834 1788
f 1835 1836 1837
f 1835 1838 1839
f 1835 1837 1838
f 1836 1840 1837
f 1841 1839 1842
f 1843 1844 1835
f 1835 1845 1836
f 1841 1835 1839
f 1843 1835 1841
f 1846 1844 1843
f 1846 1843 1841
f 1847 1781 1780
f 1847 1780 1848
f 1849 1847 1831
f 1831 1847 1848
f 1850 700 155
f 1850 691 700
f 1851 1823 1822
f 1823 1851 1850
f 1850 155 1823
f 1822 1826 1851
f 1848 690 691
f 1850 1848 691
f 1848 1850 1851
f 1851 1831 1848
f 1831 1851 1826
f 1780 1782 690
f 1780 690 1848
f 1828 1832 1852
f 1828 1852 1831
f 1852 1849 1831
f 235 1784 188
f 1784 186 188
f 237 1812 231
f 1853 1854 1855
f 1853 1856 1854
f 1857 1853 1855
f 1855 1858 1859
f 1853 1857 1860
f 1857 1861 1860
f 1862 1863 1864
f 1856 1863 1862
f 1865 1863 1853
f 1853 1863 1856
f 1866 1864 1867
f 1868 1869 1870
f 1871 1872 1873
f 1871 1874 1872
f 1874 1871 1868
f 1871 1869 1868
f 1870 1875 1876
f 1877 1878 1879
f 1880 1879 1867
f 1863 1881 1864
f 1869 1860 1875
f 1875 1860 1861
f 1878 1873 1872
f 1877 1873 1878
f 1880 1877 1879
f 1882 1871 1873
f 1877 1882 1873
f 1882 1877 1883
f 1877 1880 1883
f 1881 1883 1880
f 1882 1884 1871
f 1869 1871 1884
f 1885 1882 1883
f 1881 1880 1867
f 1884 1882 1885
f 1864 1881 1867
f 1885 1883 1881
f 1870 1869 1875
f 1869 1884 1860
f 1865 1881 1863
f 1884 1885 1860
f 1865 1885 1881
f 1860 1885 1865
f 1860 1865 1853
f 1878 1872 1886
f 1872 1887 1888
f 1887 1889 1888
f 1872 1888 1886
f 1874 1887 1872
f 1890 1870 1891
f 1870 1876 1891
f 1892 1893 1894
f 1854 1856 1892
f 1892 1894 1895
f 1854 1892 1896
f 1897 1892 1895
f 1892 1856 1862
f 1896 1898 1899
f 1900 1899 1901
f 1900 1902 1899
f 1862 1893 1892
f 1903 1867 1904
f 1899 1898 1905
f 1906 1899 1905
f 1907 1908 1897
f 1862 1864 1866
f 1894 1909 1910
f 1893 1903 1894
f 1903 1909 1894
f 1866 1867 1903
f 1896 1908 1898
f 1908 1896 1897
f 1862 1866 1893
f 1866 1903 1893
f 1910 1911 1897
f 1910 1897 1894
f 1897 1895 1894
f 1912 1913 1914
f 1914 1915 1912
f 1912 1915 1916
f 1917 1912 1916
f 1918 1916 1919
f 1917 1916 1918
f 1920 1918 1921
f 1918 1919 1922
f 1922 1921 1918
f 1923 1913 1912
f 1923 1905 1913
f 1905 1898 1913
f 1905 1923 1906
f 1924 1913 1898
f 1923 1912 1906
f 1906 1912 1917
f 1925 1926 1927
f 1928 1929 1927
f 1927 1930 1928
f 1927 1926 1930
f 1926 1931 1930
f 1931 1926 1924
f 1927 1929 1932
f 1929 1933 1934
f 1933 1929 1928
f 1935 1928 1936
f 1932 1929 1934
f 1933 1928 1935
f 1935 1936 1937
f 1936 1938 1939
f 1936 1940 1941
f 1938 1941 1942
f 1942 1941 1943
f 1941 1911 1943
f 1943 1911 1909
f 1909 1911 1910
f 1928 1930 1936
f 1930 1931 1940
f 1944 1931 1924
f 1940 1936 1930
f 1931 1945 1940
f 1944 1945 1931
f 1944 1924 1898
f 1940 1907 1941
f 1940 1945 1907
f 1936 1941 1938
f 1945 1944 1907
f 1944 1908 1907
f 1908 1944 1898
f 1941 1907 1911
f 1907 1897 1911
f 1946 1947 1948
f 1949 1948 1950
f 1950 1948 1951
f 1952 1934 1953
f 1954 1952 1955
f 1956 1954 1955
f 1934 1957 1953
f 1956 1915 1954
f 1952 1953 1958
f 1956 1955 1959
f 1946 1960 1947
f 1954 1932 1952
f 1932 1934 1952
f 1961 1932 1954
f 1961 1954 1915
f 1927 1932 1961
f 1955 1952 1958
f 1955 1958 1960
f 1959 1955 1960
f 1959 1960 1946
f 1915 1919 1916
f 1913 1962 1914
f 1913 1963 1962
f 1913 1924 1963
f 1961 1925 1927
f 1925 1961 1962
f 1914 1961 1915
f 1962 1961 1914
f 1963 1926 1925
f 1963 1925 1962
f 1926 1963 1924
f 1915 1956 1919
f 1956 1959 1919
f 1959 1946 1964
f 1919 1959 1964
f 1949 1946 1948
f 1949 1964 1946
f 1964 1949 1965
f 1965 1949 1966
f 1949 1950 1966
f 1958 1953 1967
f 1953 1957 1967
f 1968 1958 1967
f 1947 1960 1968
f 1960 1958 1968
f 1968 1969 1947
f 1922 1919 1964
f 1922 1964 1965
f 1920 1921 1970
f 1970 1921 1922
f 1971 1965 1966
f 1970 1922 1965
f 1970 1965 1971
f 1972 1950 1973
f 1971 1966 1972
f 1966 1950 1972
f 1903 1904 1909
f 1904 1974 1943
f 1909 1904 1943
f 1937 1975 1976
f 1974 1977 1938
f 1976 1975 1978
f 1979 1980 1981
f 1975 1980 1979
f 1982 1975 1979
f 1983 1937 1976
f 1937 1936 1939
f 1937 1939 1975
f 1977 1980 1975
f 1977 1939 1938
f 1975 1939 1977
f 1984 1975 1982
f 1942 1974 1938
f 1985 1886 1986
f 1987 1886 1985
f 1988 1879 1987
f 1980 1985 1989
f 1988 1987 1980
f 1980 1987 1985
f 1977 1988 1980
f 1974 1988 1977
f 1974 1879 1988
f 1867 1879 1904
f 1904 1879 1974
f 1967 1957 1990
f 1947 1969 1948
f 1969 1951 1948
f 1951 1969 1991
f 1934 1933 1957
f 1957 1933 1983
f 1933 1935 1983
f 1983 1935 1937
f 1943 1974 1942
f 1886 1888 1986
f 1888 1889 1986
f 1878 1886 1987
f 1879 1878 1987
f 1992 1993 1994
f 1995 1815 1993
f 1815 1995 1804
f 1995 1801 1804
f 1993 1827 1994
f 1993 1815 1827
f 75 331 1996
f 1997 1998 1999
f 148 1998 2000
f 75 1996 148
f 1999 1998 148
f 148 2000 160
f 160 2000 157
f 1998 1992 1994
f 1998 1994 2000
f 2000 1994 158
f 1994 1827 158
f 157 2000 158
f 2001 2002 2003
f 1999 148 1996
f 331 329 1996
f 2004 2005 2006
f 2004 2006 2007
f 2007 2008 2002
f 2009 2010 2011
f 2010 2009 2012
f 2013 2014 2010
f 2010 2012 2015
f 2016 2017 2018
f 2016 2012 2017
f 2012 2019 2017
f 2020 2015 2016
f 2015 2012 2016
f 2021 2022 2023
f 2024 2025 2023
f 2023 2022 2024
f 2023 2026 2021
f 2023 2027 2026
f 2013 2026 2028
f 2013 2028 2014
f 908 636 635
f 2015 2013 2010
f 2029 634 2030
f 634 2031 2032
f 630 2029 632
f 2029 630 634
f 2030 634 2032
f 2033 2024 2034
f 2035 2036 2037
f 2038 2037 2036
f 2035 2037 2032
f 2039 2040 2041
f 2039 2041 2042
f 2043 2040 2039
f 2044 2039 2042
f 2030 2045 2040
f 2043 2039 2044
f 2043 2044 2046
f 2042 2041 2047
f 2040 2045 2048
f 2049 2050 2051
f 2048 2045 2052
f 2052 2053 2054
f 2053 2052 2045
f 636 2055 2033
f 637 636 2056
f 637 2056 2036
f 2056 2057 2058
f 627 637 2035
f 627 2031 634
f 2031 2035 2032
f 636 2033 2056
f 2033 2057 2056
f 2056 2058 2036
f 637 2036 2035
f 627 2035 2031
f 2040 2048 2059
f 2041 2040 2059
f 2060 2061 2062
f 2016 2018 2063
f 2064 2016 2065
f 2065 2016 2063
f 2064 2020 2016
f 2064 2065 2060
f 2066 2067 2068
f 2069 2070 2067
f 2071 2072 2066
f 2068 2067 2070
f 2073 2047 2074
f 2075 2076 2077
f 2077 2076 2078
f 2079 2080 2081
f 2075 2077 2072
f 2072 2077 2066
f 2052 2082 2083
f 2052 2083 2048
f 2082 2052 2054
f 2077 2078 2079
f 2077 2079 2084
f 2079 2081 2085
f 2066 2077 2067
f 2086 2087 2088
f 2088 2087 2089
f 2090 2060 2091
f 2092 2093 2094
f 2095 2096 2097
f 2098 2099 2100
f 2101 2102 2103
f 2100 2099 2104
f 2074 2100 2104
f 2094 2098 2100
f 2094 2100 2092
f 2095 2097 2098
f 2047 2092 2074
f 2092 2100 2074
f 2105 2083 2082
f 2059 2105 2093
f 2096 2082 2102
f 2082 2096 2095
f 2105 2082 2095
f 2093 2105 2095
f 2093 2095 2094
f 2094 2095 2098
f 2106 2102 2101
f 2097 2106 2107
f 2098 2097 2108
f 2098 2108 2099
f 2096 2102 2106
f 2096 2106 2097
f 2106 2101 2107
f 2097 2107 2108
f 645 2109 657
f 2107 2076 2075
f 2104 2099 2110
f 2110 2075 2072
f 2099 2108 2075
f 2101 2111 2107
f 2108 2107 2075
f 2110 2099 2075
f 640 2112 652
f 652 2112 2091
f 2091 2060 2113
f 2114 2088 2115
f 2115 2088 2116
f 2114 2115 639
f 2109 2114 639
f 657 2109 639
f 2088 2089 2116
f 640 2115 2116
f 656 657 639
f 639 2115 640
f 2114 2086 2088
f 2116 2089 2112
f 2116 2112 640
f 2076 2111 2079
f 2076 2079 2078
f 2107 2111 2076
f 2048 2083 2105
f 2048 2105 2059
f 2041 2059 2093
f 2069 2067 2109
f 2041 2093 2047
f 2047 2093 2092
f 2117 2104 2110
f 2117 2074 2104
f 2110 2072 2071
f 2118 2062 2119
f 2113 2062 2118
f 2062 2113 2060
f 2118 2119 655
f 2120 2121 2122
f 2121 2117 2122
f 2071 2122 2117
f 2042 2123 2044
f 2123 2047 2073
f 2121 2074 2117
f 2042 2047 2123
f 2073 2074 2121
f 2123 2073 2121
f 2110 2071 2117
f 2069 645 642
f 2124 642 644
f 2125 644 648
f 653 2118 654
f 654 2118 655
f 652 2091 2113
f 652 2113 653
f 653 2113 2118
f 2125 648 2126
f 2126 650 2127
f 648 650 2126
f 2069 2109 645
f 2128 2129 2130
f 2131 2129 2128
f 2130 2132 2133
f 2132 2134 2133
f 2135 2136 2134
f 2128 2130 2133
f 2133 2134 2136
f 2137 2133 2136
f 2138 2139 2140
f 2138 2140 2141
f 2142 2143 2140
f 2140 2143 2144
f 2143 2145 2144
f 2144 2146 2141
f 2140 2144 2141
f 2147 2144 2145
f 2144 2147 2146
f 2146 2148 2141
f 2149 2150 2151
f 2150 2152 2151
f 2151 2152 2153
f 704 2154 2155
f 2155 2154 2156
f 2157 2158 708
f 2159 2158 2153
f 2158 2157 2160
f 2158 2160 2161
f 2153 2158 2161
f 2159 2153 2162
f 2161 2160 2135
f 709 708 2159
f 2134 2161 2135
f 2153 2161 2134
f 2149 2151 2132
f 2151 2153 2134
f 2160 2163 2135
f 2132 2151 2134
f 2150 2149 2164
f 2129 2149 2130
f 2130 2149 2132
f 2165 2140 2139
f 2166 2139 2138
f 714 710 711
f 714 711 2167
f 2146 2168 2148
f 2147 2168 2146
f 2168 713 714
f 732 715 2169
f 2169 716 2168
f 716 2169 715
f 2170 2171 2172
f 2155 2170 2172
f 702 704 2155
f 2173 2171 2166
f 2172 2171 2173
f 2173 2166 2138
f 2155 2172 702
f 702 2172 2167
f 702 2167 711
f 2167 2172 2173
f 2167 2173 2174
f 2173 2138 2174
f 2138 2141 2148
f 2174 2138 2148
f 2167 2174 714
f 2168 2174 2148
f 2168 714 2174
f 2147 732 2169
f 2147 2169 2168
f 716 713 2168
f 2175 2176 2171
f 2175 2171 2170
f 2177 2165 2139
f 2177 2139 2176
f 2165 2142 2140
f 2171 2176 2166
f 2166 2176 2139
f 2178 2179 2180
f 2180 2131 2178
f 2178 2131 2128
f 2181 2182 2183
f 2184 2178 2128
f 2185 2186 2187
f 2183 2182 2188
f 2185 2187 2188
f 2188 2187 2189
f 2137 2184 2128
f 2183 2188 2190
f 2183 2190 2137
f 2190 2189 2191
f 2190 2191 2184
f 2163 2181 2192
f 2192 2181 2183
f 2163 2136 2135
f 2192 2183 2163
f 2163 2183 2136
f 2183 2137 2136
f 2187 2193 2179
f 2128 2133 2137
f 2184 2179 2178
f 2187 2179 2191
f 2187 2191 2189
f 2191 2179 2184
f 2189 2190 2188
f 2190 2184 2137
f 2193 2194 2180
f 717 2157 708
f 2157 717 2160
f 717 2195 2160
f 2160 2195 2163
f 2163 2195 2181
f 730 2195 717
f 2180 2129 2131
f 2193 2180 2179
f 2196 2197 2198
f 2199 2198 721
f 2199 2196 2198
f 2198 722 721
f 2198 2200 722
f 2200 2201 722
f 2197 2200 2198
f 2202 2203 2204
f 2204 2205 2199
f 2204 2199 721
f 2204 2203 2205
f 2203 2202 2206
f 2207 2208 2209
f 2210 2208 2211
f 2212 2211 2213
f 2211 2165 2213
f 2213 2176 2212
f 2176 2213 2177
f 2213 2165 2177
f 2211 2208 2165
f 2214 2215 2216
f 2217 2218 2219
f 2217 2219 2220
f 2221 2222 2223
f 2220 2224 2217
f 2224 2220 2225
f 2225 2220 2226
f 2220 2223 2226
f 2226 2227 2228
f 2229 2226 2228
f 2230 2231 2232
f 2233 2230 2232
f 2228 2234 2235
f 2227 2234 2228
f 2230 2227 2222
f 2227 2233 2234
f 2227 2230 2233
f 2215 2214 2230
f 2221 2215 2222
f 2223 2222 2227
f 2225 2226 2229
f 2223 2227 2226
f 2214 2231 2230
f 2222 2215 2230
f 2219 2236 2237
f 2220 2219 2223
f 2218 2236 2219
f 2219 2237 2223
f 2237 2221 2223
f 2238 2239 2240
f 2239 2241 2242
f 2239 2243 2241
f 2239 2242 2240
f 2244 2241 2243
f 2245 2246 2247
f 2247 2246 2248
f 2247 2249 2245
f 2241 2250 2208
f 2207 2241 2208
f 2250 2251 2208
f 2251 2250 2252
f 2251 2252 2142
f 2244 2250 2241
f 2208 2251 2165
f 2251 2142 2165
f 2242 2241 2253
f 2241 2207 2253
f 2254 2255 2244
f 2243 2254 2244
f 2244 2255 2250
f 2256 2257 2258
f 2259 2256 2258
f 2209 2260 2261
f 2262 2209 2261
f 2207 2209 2262
f 2209 2208 2210
f 2253 2207 2262
f 2261 2260 724
f 2209 2210 2260
f 2261 723 2201
f 2253 2262 2201
f 2242 2253 2201
f 2261 724 723
f 2201 723 722
f 2201 2262 2261
f 2200 2242 2201
f 2263 2264 2265
f 2263 2265 2266
f 2267 2268 2264
f 2268 2267 2204
f 2267 2202 2204
f 2268 2204 725
f 2264 2268 725
f 726 2264 725
f 2265 2264 726
f 725 2204 721
f 2265 726 724
f 2265 724 2260
f 2269 2206 2202
f 2263 2267 2264
f 2143 2142 2252
f 2252 2145 2143
f 2252 2270 2145
f 2181 2271 2182
f 730 2272 2271
f 730 2271 2181
f 730 2181 2195
f 2273 2274 2249
f 2249 2274 2245
f 2196 2275 2240
f 2275 2238 2240
f 2196 2240 2197
f 2197 2240 2242
f 2242 2200 2197
f 2205 2276 2199
f 2276 2277 2196
f 2276 2196 2199
f 2277 2275 2196
f 2278 2275 2277
f 2203 2248 2279
f 2203 2279 2276
f 2276 2279 2277
f 2206 2248 2203
f 2279 2248 2277
f 2203 2276 2205
f 2248 2280 2277
f 734 2281 2282
f 2283 2284 2285
f 2285 2284 2286
f 2287 2288 2289
f 735 736 2290
f 2291 733 2290
f 733 735 2290
f 2292 2290 736
f 737 2282 2293
f 2281 2283 2294
f 734 2282 737
f 2285 2286 2295
f 2294 2283 2285
f 742 2296 2297
f 2298 2299 2300
f 2300 2301 2298
f 2298 742 2299
f 2297 2299 742
f 2302 2300 2303
f 2300 2297 2303
f 2296 741 744
f 2296 742 741
f 2301 2300 2302
f 2297 2300 2299
f 744 2304 2305
f 738 2306 2307
f 734 738 2307
f 2308 2284 2283
f 2308 2309 2284
f 2308 2307 2306
f 2307 2308 2283
f 734 2307 2281
f 2308 2306 2309
f 2307 2283 2281
f 738 745 2306
f 2306 747 2309
f 745 747 2306
f 742 2298 746
f 747 746 2310
f 2310 746 2301
f 746 2298 2301
f 743 733 2311
f 2304 743 2311
f 2290 2305 2291
f 2291 2311 733
f 2305 2304 2291
f 2304 744 743
f 2311 2291 2304
f 2312 2313 2290
f 2288 2314 2289
f 2310 2301 2287
f 2309 747 2310
f 2309 2310 2287
f 2287 2301 2288
f 2315 2316 2317
f 2317 2316 2318
f 2319 2320 2321
f 2320 2322 2323
f 2320 2324 2322
f 2322 2324 2315
f 2325 2324 2320
f 2326 2317 2318
f 2318 2316 2327
f 2027 2028 2026
f 2025 2328 2023
f 2023 2328 2027
f 2329 2055 2330
f 2055 2331 2024
f 2033 2055 2024
f 908 2055 636
f 1040 1051 1035
f 1052 1051 2332
f 1062 2333 1060
f 1061 1063 1060
f 1062 1060 1063
f 1051 2334 2332
f 2335 2336 2337
f 2334 2335 2337
f 2334 2337 2332
f 2337 1068 2332
f 1062 2338 2333
f 1068 2338 1062
f 1068 1062 1066
f 1066 1062 1064
f 1067 1052 2332
f 1070 1055 1067
f 1052 1067 1055
f 1055 1053 1052
f 2336 2333 2338
f 2337 2336 2338
f 2337 2338 1068
f 1067 2332 1068
f 1079 1076 1075
f 1079 1060 2333
f 2339 1085 1079
f 2333 2339 1079
f 2336 2340 2339
f 2333 2336 2339
f 2341 1082 1085
f 1085 1076 1079
f 1085 2342 2343
f 2342 1085 2339
f 2342 2339 2340
f 2235 2344 2345
f 2228 2346 2229
f 2235 2346 2228
f 2234 2233 2235
f 2347 2235 2233
f 2348 2347 2233
f 2233 2232 2348
f 2235 2347 2344
f 2349 2344 2347
f 2350 2351 2352
f 2353 2354 2352
f 2351 2353 2352
f 1051 1198 2334
f 2335 2340 2336
f 2355 2340 2335
f 2355 2335 2334
f 2349 2356 2357
f 2349 2357 2344
f 2350 2358 2351
f 2359 2358 2350
f 2297 2296 2360
f 2360 2296 2305
f 2296 744 2305
f 2282 2281 2361
f 1581 2362 2363
f 1539 1581 2363
f 1539 2363 2364
f 1540 2364 1536
f 1548 1581 1539
f 2362 2365 2363
f 1540 1539 2364
f 1531 2366 1773
f 2367 2368 2366
f 2369 2370 1774
f 1531 1534 2367
f 2366 1531 2367
f 1773 2366 2369
f 2366 2368 2369
f 1773 2369 1774
f 2370 2369 2371
f 2370 2371 2372
f 2371 2373 2372
f 2371 2374 2373
f 2374 2368 2375
f 2373 2374 2376
f 2374 2377 2376
f 2378 2372 2379
f 2373 2376 2380
f 2369 2368 2371
f 2371 2368 2374
f 2372 2373 2380
f 2374 2375 2377
f 2378 2370 2372
f 2372 2380 2379
f 2376 2381 2380
f 2377 2382 2376
f 2376 2382 2383
f 2376 2383 2381
f 2384 1687 1688
f 2379 2380 2385
f 2380 2381 2385
f 2379 2385 2386
f 2385 2381 2387
f 2386 2385 2387
f 2388 2386 2389
f 2362 1577 1579
f 2365 2362 1579
f 1577 2362 1575
f 1575 2362 1581
f 1579 1722 2365
f 2390 2391 2392
f 2390 2392 2393
f 2390 2393 2394
f 2390 2394 2395
f 1726 1635 1727
f 2393 2396 2394
f 2396 2393 2397
f 2391 1722 2392
f 1724 2392 1722
f 1724 1726 2392
f 2392 1726 2393
f 2393 1726 2397
f 1726 1727 2397
f 1536 2398 2395
f 1536 2395 1534
f 1534 2395 2367
f 2395 2399 2400
f 2367 2395 2400
f 2395 2394 2399
f 2363 2365 2391
f 2391 2365 1722
f 2363 2391 2364
f 1536 2364 2398
f 2364 2391 2398
f 2398 2391 2390
f 2398 2390 2395
f 2367 2400 2368
f 2400 2399 2368
f 2399 2401 2368
f 2401 2402 2368
f 2397 2403 2396
f 2397 2404 2403
f 2368 2402 2375
f 2402 2405 2375
f 2375 2405 2406
f 2406 2407 2375
f 2377 2407 2382
f 2375 2407 2377
f 2408 2409 2382
f 2407 2408 2382
f 2410 1745 1738
f 2411 2412 2413
f 2410 1608 1745
f 2412 2411 2409
f 2412 2409 2408
f 2410 1738 2411
f 2411 2414 2409
f 2411 1738 2414
f 2381 2383 2415
f 2383 2409 2415
f 2415 2409 2414
f 2382 2409 2383
f 2414 1739 2416
f 2416 1739 1740
f 2414 2416 2417
f 2418 2417 2419
f 2416 2419 2417
f 2414 1738 1739
f 2419 2420 2421
f 2422 2419 2421
f 2420 1755 2421
f 2421 1755 1753
f 1755 1754 1753
f 2420 1760 1755
f 1761 1756 1758
f 2416 1760 2419
f 2416 1740 1761
f 2419 1760 2420
f 1761 1758 1760
f 2416 1761 1760
f 2415 2417 2418
f 2414 2417 2415
f 2418 2419 2423
f 2384 2422 1687
f 2424 1689 1687
f 2422 2424 1687
f 2422 2384 2423
f 2421 2424 2422
f 2424 1753 1689
f 2423 2419 2422
f 2421 1753 2424
f 2423 2384 2389
f 2418 2423 2389
f 2387 2381 2415
f 2386 2387 2425
f 2389 2386 2425
f 2415 2425 2387
f 2425 2415 2418
f 2425 2418 2389
f 1772 1773 1774
f 1774 2370 2378
f 1774 2378 1717
f 1706 2388 1707
f 1707 2388 1688
f 1705 1717 2378
f 2378 2426 1705
f 1705 2426 1706
f 1706 2426 2388
f 2389 2384 2388
f 1688 2388 2384
f 2388 2379 2386
f 2378 2379 2426
f 2426 2379 2388
f 2427 2428 2429
f 2430 2431 2432
f 2428 2432 2433
f 2432 2428 2430
f 2434 2430 2428
f 2430 2435 2431
f 2434 2435 2430
f 2435 2436 2431
f 2437 2438 2439
f 2437 2440 2438
f 2433 2432 2437
f 2431 2437 2432
f 2431 2440 2437
f 2429 2441 1842
f 1842 2441 1841
f 1839 2427 2429
f 2442 2443 2444
f 2441 2444 1841
f 2445 2446 2443
f 2445 2447 2446
f 2441 2442 2444
f 2443 2446 2444
f 2448 2449 2450
f 2449 2451 2450
f 2452 2449 2453
f 2453 2449 2454
f 2455 2453 2454
f 2447 2455 2446
f 2446 2455 1846
f 2446 1846 2444
f 2456 2457 2458
f 2456 2450 2457
f 2457 2459 2458
f 2458 2459 2460
f 2459 2461 2460
f 2462 2458 2460
f 2463 2462 2464
f 2464 2462 2460
f 1842 1839 2429
f 1839 2428 2427
f 1839 1838 2428
f 2428 1838 2434
f 2465 2462 1836
f 1840 1836 2463
f 2466 2465 1845
f 1844 2466 1835
f 2466 1845 1835
f 2448 2450 2456
f 2465 2456 2458
f 2448 2456 2465
f 2454 2449 2467
f 2467 2448 2466
f 2448 2465 2466
f 2465 1836 1845
f 2449 2448 2467
f 2454 2467 1844
f 2467 2466 1844
f 2455 2454 1846
f 2444 1846 1841
f 2454 1844 1846
f 2468 2463 2464
f 2435 2468 2464
f 2434 2468 2435
f 1840 2468 1838
f 2468 1840 2463
f 1837 1840 1838
f 1838 2468 2434
f 1836 2462 2463
f 2465 2458 2462
f 2351 2358 2469
f 2358 2470 2469
f 2359 2470 2358
f 2471 2452 2472
f 2451 2452 2471
f 2473 2452 2453
f 2449 2452 2451
f 2452 2473 2472
f 2474 2455 2447
f 2474 2453 2455
f 2475 2476 2477
f 2477 2478 2479
f 2480 2481 2482
f 2477 2479 2483
f 2477 2476 2478
f 2484 2475 2480
f 2480 2475 2481
f 2475 2477 2481
f 2482 2485 2480
f 2486 2487 2488
f 1991 2485 2482
f 2488 2487 2489
f 2490 1978 2480
f 2485 2490 2480
f 2490 2485 1991
f 2491 2492 2493
f 2494 2495 2496
f 2497 2498 2499
f 2500 2499 2501
f 2502 2494 2503
f 2500 2501 2494
f 2501 2499 2504
f 2504 2498 2495
f 2494 2504 2495
f 2502 2500 2494
f 2499 2498 2504
f 2494 2505 2503
f 2498 2506 2495
f 2501 2504 2494
f 2495 2506 2496
f 2496 2507 2508
f 2507 2509 2510
f 2510 2487 2486
f 2508 2510 2486
f 2506 2511 2496
f 2491 2493 2512
f 2512 2493 2510
f 2496 2509 2507
f 2507 2510 2508
f 2478 2505 2479
f 2503 2505 2478
f 2498 1891 1876
f 2498 1876 2506
f 2505 2496 2508
f 2483 2505 2513
f 2505 2508 2513
f 2508 2486 2513
f 2483 2479 2505
f 2513 2486 2488
f 2494 2496 2505
f 1889 1887 1890
f 2514 1889 1890
f 2514 1890 2497
f 2500 2515 2499
f 2497 1890 2498
f 2514 2497 2515
f 2515 2497 2499
f 1890 1891 2498
f 1874 1868 1870
f 1887 1874 1870
f 1890 1887 1870
f 2516 2517 2518
f 2484 2516 2518
f 2475 2518 2476
f 2484 2518 2475
f 2518 1981 2478
f 2476 2518 2478
f 1981 2503 2478
f 1980 1989 1981
f 1982 1979 2517
f 1978 1975 1984
f 1984 2480 1978
f 1981 1989 2519
f 2519 2503 1981
f 2520 1985 1986
f 1986 2521 2520
f 2521 2515 2520
f 2515 2500 2502
f 2519 2502 2503
f 1982 2517 1984
f 2517 1979 2518
f 1984 2517 2480
f 1979 1981 2518
f 2480 2517 2516
f 2480 2516 2484
f 2520 2515 2502
f 1989 1985 2520
f 1989 2520 2519
f 2520 2502 2519
f 2522 1983 1976
f 1990 1976 2490
f 1957 2522 1990
f 1990 2522 1976
f 1968 1967 2523
f 1990 2490 2523
f 2490 1976 1978
f 1967 1990 2523
f 1968 2523 1969
f 2523 2490 1969
f 1951 1973 1950
f 1951 1991 1973
f 2490 1991 1969
f 1957 1983 2522
f 1986 1889 2521
f 1889 2514 2521
f 2521 2514 2515
f 2524 2525 2526
f 2527 2528 2529
f 2530 2531 2527
f 2530 2527 2532
f 2533 2534 2528
f 2527 2533 2528
f 2531 2535 2536
f 2531 2536 2527
f 2537 2538 2539
f 2540 2539 2541
f 2541 2539 2524
f 2539 2538 2524
f 2524 2538 2525
f 2538 2537 2535
f 2538 2531 2525
f 2531 2538 2535
f 2525 2531 2530
f 2541 2524 2542
f 2543 2539 2540
f 2544 2545 2546
f 2546 2547 2544
f 2548 2541 2547
f 2549 2541 2542
f 2546 2548 2547
f 2547 2541 2549
f 2550 2551 2552
f 2550 2545 2551
f 2553 2554 2550
f 2554 2545 2550
f 2555 2553 2556
f 2553 2550 2556
f 2556 2550 2552
f 2556 2552 2557
f 2545 2554 2558
f 2545 2558 2546
f 2558 2548 2546
f 2548 2540 2541
f 2559 2560 2528
f 2534 2559 2528
f 2561 2526 2562
f 2526 2525 2563
f 2562 2563 2564
f 2562 2526 2563
f 2525 2530 2563
f 2530 2565 2563
f 2564 2563 2565
f 2564 2565 2566
f 2565 2567 2566
f 2566 2567 2568
f 2569 2568 2570
f 2571 2569 2572
f 2569 2570 2572
f 2532 2527 2573
f 2574 2573 2529
f 2527 2529 2573
f 2529 2528 2560
f 2530 2532 2565
f 2565 2532 2567
f 2532 2573 2574
f 2575 2574 2576
f 2574 2529 2576
f 2575 2576 2577
f 2529 2560 2578
f 2529 2578 2576
f 2532 2574 2567
f 2567 2574 2575
f 2568 2567 2575
f 2568 2575 2579
f 2570 2568 2579
f 2579 2575 2577
f 2571 2572 2580
f 2580 2572 2581
f 2582 2583 2584
f 2582 2585 2586
f 2587 2582 2584
f 2587 2588 2589
f 2590 2588 2587
f 2584 2590 2587
f 2591 2592 2585
f 2591 2585 2593
f 2593 2582 2594
f 2594 2582 2587
f 2582 2593 2585
f 2581 2595 2596
f 2595 2581 2597
f 2596 2595 2598
f 2596 2598 2592
f 2592 2598 2599
f 2585 2592 2599
f 2596 2592 2591
f 2595 2600 2598
f 2589 2601 2602
f 2603 2580 2596
f 2580 2581 2596
f 2571 2580 2604
f 2605 2606 2600
f 2607 2600 2606
f 2608 2607 2606
f 2609 2610 2608
f 2606 2609 2608
f 2600 2595 2597
f 2581 2572 2597
f 2597 2605 2600
f 2572 2611 2597
f 2605 2612 2606
f 2590 2613 2614
f 2583 2590 2584
f 2583 2586 2615
f 2583 2582 2586
f 2613 2590 2583
f 2589 2588 2601
f 2614 2601 2588
f 2590 2614 2588
f 2586 2616 2615
f 2585 2599 2586
f 2607 2608 2599
f 2608 2586 2599
f 2608 2616 2586
f 2608 2610 2616
f 2598 2600 2607
f 2599 2598 2607
f 2617 2613 2618
f 2583 2618 2613
f 2619 2589 2602
f 2620 2621 2622
f 2622 2623 2620
f 2624 2625 2626
f 2622 2621 2602
f 2622 2602 2601
f 2614 2626 2601
f 2627 2626 2614
f 2628 2629 2626
f 2628 2626 2630
f 2629 2624 2626
f 2624 2629 2631
f 2628 2631 2629
f 2627 2632 2626
f 2614 2633 2627
f 2632 2634 2626
f 2627 2634 2632
f 2634 2630 2626
f 2633 2614 2617
f 2617 2614 2613
f 2570 2611 2572
f 2606 2612 2609
f 2609 2635 2636
f 2616 2610 2637
f 2609 2636 2610
f 2636 2637 2610
f 2576 2578 2577
f 2578 2638 2577
f 2611 2639 2597
f 2597 2639 2605
f 2577 2638 2640
f 2641 2640 2639
f 2640 2642 2639
f 2605 2639 2642
f 2641 2577 2640
f 2642 2612 2605
f 2570 2579 2641
f 2570 2641 2611
f 2579 2577 2641
f 2611 2641 2639
f 2615 2643 2618
f 2637 2644 2643
f 2616 2637 2615
f 2637 2643 2615
f 2583 2615 2618
f 2645 2646 2647
f 2646 2648 2649
f 2647 2646 2649
f 2650 2651 2652
f 2648 2652 2653
f 2654 2653 2652
f 2652 2651 2654
f 2649 2648 2653
f 2648 2655 2650
f 2648 2650 2652
f 2651 2650 2656
f 2651 2657 2604
f 2658 2645 2659
f 2660 2661 2662
f 2663 2619 2661
f 2660 2664 2663
f 2660 2663 2661
f 2665 2666 2667
f 2668 2669 2663
f 2668 2666 2669
f 2664 2668 2663
f 2667 2670 2671
f 2670 2668 2672
f 2667 2673 2665
f 2674 2667 2671
f 2668 2667 2666
f 2670 2667 2668
f 2672 2668 2664
f 2619 2602 2661
f 2675 2676 2673
f 2673 2674 2675
f 2675 2674 2677
f 2671 2677 2674
f 2674 2673 2667
f 2620 2662 2621
f 2662 2661 2621
f 2602 2621 2661
f 2551 2544 2645
f 2544 2547 2646
f 2544 2646 2645
f 2547 2549 2646
f 2678 2542 2561
f 2678 2561 2655
f 2648 2678 2655
f 2549 2542 2678
f 2542 2524 2526
f 2542 2526 2561
f 2561 2562 2655
f 2646 2549 2678
f 2646 2678 2648
f 2655 2562 2564
f 2650 2564 2656
f 2655 2564 2650
f 2656 2569 2657
f 2566 2568 2569
f 2564 2566 2656
f 2656 2566 2569
f 2657 2569 2571
f 2651 2656 2657
f 2604 2657 2571
f 2551 2545 2544
f 2552 2551 2658
f 2658 2551 2645
f 2556 2557 2679
f 2557 2552 2658
f 2642 2680 2681
f 2640 2638 2682
f 2640 2682 2680
f 2640 2680 2642
f 2642 2681 2612
f 2683 2684 2685
f 2684 2686 2687
f 2687 2686 2688
f 2683 2685 2689
f 2688 2690 2691
f 2692 2683 2689
f 2690 2683 2692
f 2691 2690 2693
f 2684 2683 2686
f 2689 2685 2694
f 2686 2683 2688
f 2688 2683 2690
f 2689 2694 2695
f 2690 2692 2693
f 2696 2692 2689
f 2696 2689 2697
f 2693 2692 2696
f 2697 2689 2695
f 2698 2697 2699
f 2700 2698 2699
f 2698 2701 2697
f 2702 2703 2704
f 2703 2705 2704
f 2705 2706 2704
f 2707 2708 2623
f 2709 2695 2694
f 2710 2684 2687
f 2711 2687 2688
f 2684 2710 2685
f 2710 2687 2711
f 2712 2713 2702
f 2702 2713 2703
f 2702 2714 2712
f 2703 2713 2705
f 2715 2716 2679
f 2717 2715 2718
f 2719 2717 2718
f 2719 2718 2720
f 2721 2719 2720
f 2722 2718 2676
f 2723 2721 2720
f 2723 2720 2718
f 2723 2718 2722
f 2723 2722 2724
f 2721 2723 2724
f 2722 2676 2675
f 2725 2724 2722
f 2725 2722 2675
f 2679 2716 2556
f 2726 2727 2728
f 2728 2727 2729
f 2730 2731 2732
f 2733 2734 2735
f 2727 2688 2691
f 2688 2727 2711
f 2696 2701 2736
f 2727 2691 2729
f 2693 2736 2691
f 2729 2691 2736
f 2693 2696 2736
f 2701 2696 2697
f 2737 2700 2699
f 2700 2737 2738
f 2738 2739 2740
f 2738 2737 2739
f 2739 2737 2741
f 2737 2699 2742
f 2741 2737 2742
f 2739 2741 2743
f 2731 2740 2732
f 2735 2743 2733
f 2739 2732 2740
f 2739 2743 2732
f 2741 2742 2733
f 2743 2741 2733
f 2732 2743 2735
f 2729 2744 2730
f 2728 2729 2730
f 2736 2698 2745
f 2745 2698 2746
f 2745 2746 2740
f 2698 2700 2738
f 2746 2738 2740
f 2736 2745 2729
f 2701 2698 2736
f 2729 2745 2744
f 2744 2745 2740
f 2698 2738 2746
f 2744 2740 2731
f 2730 2744 2731
f 2697 2695 2747
f 2697 2747 2748
f 2704 2710 2711
f 2704 2711 2749
f 2699 2697 2748
f 2699 2748 2742
f 2742 2748 2747
f 2733 2742 2734
f 2742 2747 2734
f 2747 2750 2734
f 2020 2021 2015
f 2751 2021 2020
f 2752 2022 2021
f 2026 2015 2021
f 2026 2013 2015
f 2753 2024 2752
f 2024 2022 2752
f 2034 2024 2753
f 2752 2021 2751
f 2058 2057 2034
f 2036 2058 2038
f 2058 2034 2754
f 2755 2051 2037
f 2032 2037 2051
f 2038 2058 2755
f 2058 2754 2755
f 2038 2755 2037
f 2755 2754 2051
f 2032 2051 2045
f 2753 2752 2751
f 2034 2753 2049
f 2045 2051 2053
f 2053 2051 2050
f 2049 2751 2050
f 2034 2049 2051
f 2049 2753 2751
f 2751 2756 2050
f 2754 2034 2051
f 2057 2033 2034
f 2032 2045 2030
f 2757 2064 2060
f 2060 2758 2757
f 2064 2757 2020
f 2081 2080 2757
f 2751 2020 2757
f 2759 2760 2080
f 2759 2080 2079
f 2751 2757 2760
f 2080 2760 2757
f 2054 2053 2050
f 2756 2751 2760
f 2761 2756 2103
f 2756 2760 2759
f 2082 2054 2761
f 2761 2054 2050
f 2103 2756 2759
f 2756 2761 2050
f 2759 2079 2103
f 2084 2085 2086
f 2079 2085 2084
f 2077 2084 2067
f 2085 2081 2757
f 2085 2087 2086
f 2089 2087 2762
f 2089 2763 2112
f 2763 2091 2112
f 2763 2090 2091
f 2762 2757 2758
f 2090 2758 2060
f 2089 2762 2763
f 2762 2087 2085
f 2763 2762 2090
f 2762 2085 2757
f 2762 2758 2090
f 2102 2761 2103
f 2101 2103 2111
f 2082 2761 2102
f 2067 2084 2114
f 2084 2086 2114
f 2109 2067 2114
f 2103 2079 2111
f 2764 2765 2766
f 2766 2672 2664
f 2767 2764 2766
f 2768 2660 2662
f 2620 2768 2662
f 2765 2672 2766
f 2664 2660 2766
f 2766 2660 2767
f 2768 2767 2660
f 2671 2670 2672
f 2765 2671 2672
f 2769 2770 2765
f 2765 2770 2671
f 2771 2677 2770
f 2770 2677 2671
f 2769 2771 2770
f 2623 2768 2620
f 2186 2193 2187
f 2271 2772 2182
f 2271 2773 2772
f 2773 2185 2772
f 2182 2772 2188
f 2774 2186 2773
f 2773 2186 2185
f 2772 2185 2188
f 2193 2774 2259
f 2774 2193 2186
f 2248 2246 2775
f 2238 2243 2239
f 2775 2243 2238
f 2246 2776 2775
f 2776 2243 2775
f 2246 2777 2778
f 2778 2777 2779
f 2779 2777 2774
f 2777 2780 2774
f 2774 2780 2781
f 2781 2259 2774
f 2245 2777 2246
f 2782 2780 2777
f 2255 2246 2778
f 2776 2255 2254
f 2246 2255 2776
f 2776 2254 2243
f 2783 2782 2777
f 2781 2256 2259
f 2256 2784 2257
f 2785 2786 2784
f 2782 2785 2256
f 2785 2784 2256
f 2780 2782 2256
f 2780 2256 2781
f 2270 2787 2145
f 2145 2787 2147
f 2147 2787 732
f 2779 729 728
f 2272 729 2271
f 2774 729 2779
f 728 717 718
f 2779 728 727
f 2272 730 729
f 728 718 727
f 729 2774 2773
f 729 2773 2271
f 731 2779 727
f 2788 2779 731
f 2788 731 2787
f 2787 731 732
f 2778 2788 2270
f 2788 2787 2270
f 2250 2255 2789
f 2252 2250 2789
f 2270 2789 2778
f 2252 2789 2270
f 2255 2778 2789
f 2778 2779 2788
f 2273 2790 2274
f 2790 2791 2274
f 2274 2791 2245
f 2791 2783 2245
f 2792 2793 2783
f 2245 2783 2777
f 2794 2795 2793
f 2783 2793 2782
f 2280 2775 2278
f 2277 2280 2278
f 2278 2238 2275
f 2278 2775 2238
f 2280 2248 2775
f 2796 2797 2798
f 2705 2799 2800
f 2801 2802 2803
f 2803 2802 2797
f 2804 2803 2797
f 2796 2798 2805
f 2800 2796 2805
f 944 1181 2806
f 945 944 2806
f 1181 1180 2807
f 1181 2807 2808
f 1181 2808 2806
f 2806 953 945
f 2808 2809 2806
f 2808 2810 2809
f 2806 2809 956
f 953 2806 956
f 2811 2812 2813
f 2814 2815 2816
f 2817 2818 2819
f 2817 2819 2816
f 1010 2816 2819
f 2815 2817 2816
f 2818 2820 2819
f 2821 1010 2822
f 2821 2822 997
f 2823 2821 996
f 2812 2824 2825
f 2826 2812 2811
f 2827 2828 2811
f 2826 2811 2829
f 2830 2829 2814
f 2827 2811 2831
f 2828 2829 2811
f 2829 2815 2814
f 2828 2832 2829
f 2832 2815 2829
f 2833 2834 2835
f 2833 1146 974
f 2836 2833 974
f 973 2836 974
f 2837 2834 985
f 2837 2821 2834
f 2830 2814 985
f 2834 2838 2835
f 2823 2838 2834
f 2814 2816 2837
f 2814 2837 985
f 2834 2833 2836
f 985 2834 2836
f 2837 2816 1010
f 2834 2821 2823
f 2837 1010 2821
f 1123 2839 1106
f 2840 2841 2842
f 2843 2844 2845
f 2846 2847 2848
f 2849 2846 2850
f 2849 2850 2851
f 2851 2852 2853
f 2854 2849 2853
f 2854 2853 2843
f 2843 2853 2844
f 2853 2855 2856
f 2852 2857 2853
f 2844 2858 2840
f 2846 2849 2847
f 2859 2847 2849
f 2859 2849 2854
f 2849 2851 2853
f 2853 2856 2844
f 2844 2840 2845
f 2844 2856 2858
f 2825 2860 2861
f 2825 2861 2862
f 2861 2860 2850
f 2861 2850 2863
f 2862 2861 2864
f 2863 2850 2846
f 2861 2863 2864
f 2863 2848 2864
f 2863 2846 2848
f 2856 2855 2865
f 2853 2857 2855
f 2855 2857 2866
f 2865 2839 2858
f 2867 2868 2869
f 2866 2870 2868
f 2866 2871 2870
f 2857 2872 2871
f 2839 2865 2873
f 961 2867 963
f 2839 2873 960
f 2839 960 1106
f 2873 961 960
f 2840 2858 2841
f 2858 2856 2865
f 2855 2866 2867
f 2855 2867 2865
f 2868 2870 2874
f 2869 2868 2874
f 2866 2868 2867
f 2857 2871 2866
f 2841 2858 2839
f 963 2867 2869
f 2841 2839 2842
f 2865 2867 2873
f 2873 2867 961
f 928 960 929
f 2871 2872 957
f 2850 2860 2851
f 2860 2825 2851
f 2812 2826 2824
f 2824 2826 2825
f 2825 2826 2875
f 2851 2825 2875
f 2852 2875 2857
f 2851 2875 2852
f 2826 2829 2875
f 2875 984 2857
f 2829 2830 2875
f 964 967 961
f 963 2869 964
f 2810 2871 956
f 2807 2874 2810
f 2808 2807 2810
f 2874 2870 2810
f 2809 2810 956
f 2870 2871 2810
f 956 2871 957
f 2869 968 964
f 2807 968 2869
f 2874 2807 2869
f 2872 984 983
f 2872 983 982
f 2830 984 2875
f 2830 985 984
f 2857 984 2872
f 955 2872 982
f 982 950 955
f 981 950 982
f 973 985 2836
f 957 2872 955
f 2876 2847 2859
f 2877 2876 2859
f 2878 2859 2879
f 2342 2877 2878
f 2342 2878 2343
f 2877 2859 2878
f 2343 2878 2879
f 2879 2859 2854
f 2854 2843 2879
f 2822 999 997
f 2821 997 996
f 1010 999 2822
f 2819 1008 1010
f 2819 2820 1008
f 998 2823 996
f 1082 2341 1080
f 2341 1085 2880
f 2880 1080 2341
f 1085 2343 2880
f 2340 2877 2342
f 2881 2840 2842
f 2842 2839 1123
f 1123 1106 1105
f 2882 2842 1123
f 1106 1045 1105
f 2881 2842 2883
f 2883 2842 2882
f 2843 2845 2880
f 2880 2879 2843
f 2884 2880 2845
f 2845 2840 2884
f 2884 2840 2885
f 1121 2886 2887
f 2886 2885 2881
f 2885 2840 2881
f 2887 2886 2881
f 1080 2880 1110
f 2880 2886 1110
f 2884 2886 2880
f 1110 2886 1112
f 2343 2879 2880
f 1112 2886 1121
f 2884 2885 2886
f 1121 2887 1118
f 1122 1118 2887
f 2887 2881 2883
f 1158 2882 1123
f 1122 2887 2883
f 1119 1122 2883
f 1119 2883 1158
f 2883 2882 1158
f 1131 2838 1124
f 1124 2838 1001
f 1001 2838 998
f 2835 1131 1130
f 1146 1130 1128
f 1130 1146 2833
f 2838 2823 998
f 2833 2835 1130
f 2835 2838 1131
f 975 974 1146
f 2807 1180 968
f 2820 2888 1008
f 2340 2889 2877
f 2706 2890 2704
f 2891 2769 2765
f 2891 2765 2764
f 2623 2708 2768
f 2708 2892 2767
f 2708 2767 2768
f 2893 2894 2895
f 2896 2897 2898
f 2896 2899 2897
f 2900 2901 2893
f 2900 2893 2902
f 2903 2904 2900
f 2905 2903 2900
f 2906 2903 2905
f 2905 2898 2906
f 2907 2903 2906
f 2908 2907 2906
f 2908 2909 2907
f 2908 2906 2897
f 2906 2898 2897
f 2899 2908 2897
f 2910 2911 2912
f 2913 2911 2910
f 2914 2915 2916
f 2917 2918 2915
f 2919 2913 2916
f 2920 2919 2921
f 2915 2919 2916
f 2921 2919 2918
f 2919 2915 2918
f 2914 2916 2922
f 2914 2922 2923
f 2916 2913 2910
f 2922 2916 2910
f 2924 2925 2926
f 2927 2921 2928
f 2924 2911 2929
f 2924 2929 2920
f 2913 2919 2929
f 2919 2920 2929
f 2924 2920 2927
f 2925 2924 2927
f 2927 2920 2921
f 2915 2914 2917
f 2918 2917 2930
f 2931 2918 2930
f 2932 2931 2930
f 2926 2925 2933
f 2925 2927 2934
f 2934 2933 2925
f 2927 2928 2934
f 2931 2921 2918
f 2933 2934 2935
f 2928 2921 2931
f 2928 2931 2936
f 2934 2928 2937
f 2937 2928 2936
f 2938 2939 2940
f 2911 2940 2912
f 2941 2942 2939
f 2939 2942 2943
f 2943 2944 2945
f 2911 2938 2940
f 2938 2941 2939
f 2938 2924 2941
f 2938 2911 2924
f 2943 2942 2944
f 2942 2941 2926
f 2941 2924 2926
f 2913 2929 2911
f 2946 2944 2947
f 2946 2947 2948
f 2946 2948 2709
f 2949 2709 2950
f 2951 2952 2953
f 2952 2946 2953
f 2954 2951 2953
f 2949 2953 2709
f 2953 2946 2709
f 2917 2914 2930
f 2932 2930 2955
f 2956 2923 2957
f 2914 2958 2959
f 2930 2914 2959
f 2955 2930 2959
f 2958 2956 2959
f 2914 2923 2958
f 2958 2923 2956
f 2959 2956 2960
f 2961 2956 2894
f 2956 2961 2960
f 2955 2960 2962
f 2963 2955 2962
f 2962 2904 2964
f 2960 2961 2904
f 2955 2959 2960
f 2960 2904 2962
f 2961 2894 2893
f 2963 2962 2964
f 2901 2961 2893
f 2963 2932 2955
f 2961 2901 2904
f 2901 2900 2904
f 2963 2965 2932
f 2964 2904 2903
f 2909 2966 2964
f 2967 2965 2963
f 2967 2963 2964
f 2967 2964 2968
f 2968 2964 2966
f 2909 2964 2907
f 2964 2903 2907
f 2969 2970 2971
f 2970 2937 2971
f 2937 2972 2971
f 2937 2973 2972
f 2974 2972 2973
f 2971 2975 2976
f 2971 2976 2969
f 2685 2709 2694
f 2977 2954 2978
f 2979 2953 2802
f 2802 2953 2949
f 2802 2978 2979
f 2802 2801 2978
f 2980 2801 2803
f 2979 2954 2953
f 2978 2954 2979
f 2802 2949 2950
f 2797 2802 2950
f 2950 2709 2798
f 2981 2899 2982
f 2983 2981 2982
f 2974 2984 2983
f 2984 2968 2981
f 2984 2981 2983
f 2985 2804 2796
f 2799 2796 2800
f 2985 2714 2804
f 2985 2712 2714
f 2796 2804 2797
f 2985 2796 2712
f 2712 2796 2713
f 2799 2713 2796
f 2713 2799 2705
f 2709 2986 2695
f 2798 2709 2805
f 2890 2710 2704
f 2805 2709 2710
f 2890 2805 2710
f 2710 2709 2685
f 2947 2969 2948
f 2947 2970 2969
f 2986 2969 2747
f 2709 2948 2986
f 2986 2948 2969
f 2970 2935 2937
f 2973 2987 2988
f 2937 2987 2973
f 2987 2936 2989
f 2988 2989 2990
f 2988 2990 2974
f 2988 2987 2989
f 2974 2973 2988
f 2989 2967 2990
f 2974 2990 2984
f 2980 2803 2804
f 2797 2950 2798
f 2980 2804 2714
f 2942 2926 2991
f 2991 2926 2933
f 2991 2933 2970
f 2944 2942 2991
f 2944 2991 2947
f 2965 2931 2932
f 2989 2965 2967
f 2936 2931 2965
f 2981 2968 2909
f 2909 2968 2966
f 2989 2936 2965
f 2987 2937 2936
f 2899 2981 2909
f 2909 2908 2899
f 2968 2990 2967
f 2984 2990 2968
f 2933 2935 2970
f 2991 2970 2947
f 2890 2800 2805
f 2705 2800 2706
f 2706 2800 2890
f 2935 2934 2937
f 2992 2993 2994
f 2994 2995 2996
f 2996 2995 2997
f 2994 2993 2995
f 2998 2993 2999
f 2998 3000 2993
f 3001 2999 3002
f 2999 2993 2992
f 3000 2975 3003
f 2747 2969 2976
f 2975 3000 2998
f 2976 2998 2747
f 2750 2747 3004
f 3001 2998 2999
f 2998 2976 2975
f 2747 2998 3004
f 2998 3001 3004
f 2695 2986 2747
f 3005 3006 3002
f 3007 3008 3009
f 3010 3008 3007
f 3009 3008 3011
f 3012 3013 3014
f 3013 3015 3014
f 3016 3017 3009
f 3018 3016 3009
f 3019 3020 3021
f 3022 3009 3023
f 3009 3022 3020
f 3021 3023 3024
f 3020 3022 3025
f 3020 3026 3021
f 3014 3015 3018
f 3015 3016 3018
f 3018 3019 3021
f 3018 3009 3019
f 3019 3009 3020
f 3022 3023 3021
f 3025 3022 3021
f 3020 3025 3026
f 3026 3025 3027
f 3026 3027 3021
f 3027 3025 3021
f 3013 3028 3016
f 3028 3013 3012
f 3013 3016 3015
f 3017 3029 3009
f 3030 3017 3016
f 3030 3016 3028
f 3031 3032 3017
f 3030 3031 3017
f 3033 3034 3031
f 3035 3036 3012
f 3035 3030 3036
f 3030 3028 3036
f 3012 3036 3028
f 3030 3033 3031
f 3037 3038 3033
f 3038 3034 3033
f 3039 3040 3041
f 3041 3042 3035
f 3043 3037 3044
f 3045 3038 3037
f 3044 3037 3046
f 3030 3042 3033
f 3035 3042 3030
f 3046 3037 3033
f 3040 3046 3042
f 3040 3042 3041
f 3046 3033 3042
f 3047 3048 3049
f 3050 3048 3051
f 3050 3051 3045
f 3052 3047 3049
f 3053 3054 3052
f 2315 2324 3055
f 3056 3057 2316
f 3055 3058 3056
f 3055 3056 2315
f 2315 3056 2316
f 3009 3029 3007
f 3059 3060 2319
f 2319 2325 2320
f 3060 3061 2325
f 3010 2321 3062
f 3008 3010 3062
f 3029 3010 3007
f 2325 2319 3060
f 3063 2324 2325
f 3064 3063 3061
f 3060 3065 3061
f 3065 3066 3061
f 2325 3061 3063
f 2324 3063 3067
f 3063 3064 3067
f 2324 3067 3055
f 3064 3061 3068
f 3014 3018 3021
f 3069 3070 3071
f 3072 3073 3074
f 3072 3074 3069
f 3069 3071 3075
f 3072 3069 3076
f 3076 3069 3075
f 3077 3076 3075
f 3071 3077 3075
f 3078 3079 3080
f 3081 3082 3083
f 3082 3078 3084
f 3082 3084 3083
f 3084 3080 3085
f 3079 3086 3080
f 3083 3084 3085
f 3087 3079 3078
f 3078 3080 3084
f 3088 3078 3082
f 3083 3085 3089
f 3085 3080 3086
f 3085 3086 3090
f 3085 3090 3089
f 3045 3051 3038
f 3051 3048 3038
f 3032 3059 2319
f 3032 2319 3029
f 3029 2319 3010
f 3059 3065 3060
f 3091 3065 3059
f 3017 3032 3029
f 3031 3034 3059
f 3031 3059 3032
f 3038 3092 3034
f 3034 3091 3059
f 3047 3092 3048
f 3092 3047 3052
f 3048 3092 3038
f 3092 3052 3054
f 3092 3054 3093
f 3034 3092 3091
f 3092 3093 3091
f 3094 3093 3095
f 3093 3094 3091
f 3091 3094 3065
f 3043 3045 3037
f 3058 3064 3096
f 3096 3064 3097
f 3098 3099 3100
f 3056 3058 3096
f 3056 3096 3101
f 3067 3064 3058
f 3067 3058 3055
f 3064 3068 3097
f 3097 3068 3099
f 3096 3097 3098
f 3097 3099 3098
f 3100 3096 3098
f 3102 3100 3103
f 3100 3099 3103
f 3102 3103 3104
f 3065 3105 3066
f 3100 3102 3101
f 3101 3104 3087
f 3104 3103 3087
f 3079 3087 3086
f 3101 3102 3104
f 3087 3103 3086
f 3093 3106 3095
f 3107 3045 3043
f 3108 3044 3046
f 3109 3108 3046
f 3095 3110 3094
f 3106 3093 3095
f 3054 3053 3093
f 3068 3111 3099
f 3099 3112 3103
f 3061 3113 3068
f 3068 3113 3111
f 3111 3114 3099
f 3099 3114 3115
f 3099 3115 3112
f 3061 3066 3113
f 3065 3094 3105
f 3103 3112 3116
f 3094 3110 3105
f 3117 3118 3119
f 3118 3120 3121
f 3120 3122 3121
f 3123 3124 3125
f 3126 3123 3125
f 3127 3123 3126
f 3125 3122 3126
f 3122 3120 3126
f 3128 3129 3130
f 3123 3131 3124
f 3129 3131 3130
f 3130 3131 3123
f 3132 3133 3134
f 3133 3132 3135
f 3134 3133 3136
f 3135 3137 3138
f 3135 3136 3133
f 3134 3136 3138
f 3136 3135 3138
f 3132 3134 3139
f 3140 3132 3139
f 3132 3141 3142
f 3143 3127 3126
f 3142 3144 3137
f 3141 3145 3127
f 3141 3127 3142
f 3127 3143 3142
f 3142 3135 3132
f 3142 3137 3135
f 3146 3140 3139
f 3140 3141 3132
f 3140 3147 3145
f 3140 3145 3141
f 3145 3123 3127
f 3148 3130 3147
f 3147 3130 3145
f 3130 3123 3145
f 3149 3150 3151
f 3149 3151 3152
f 3153 3154 3155
f 3155 3152 3153
f 3155 3149 3152
f 3156 3154 3153
f 3157 3153 3158
f 3159 3160 3161
f 3159 3162 3160
f 3163 3164 3165
f 3163 3165 3166
f 3167 3168 3169
f 3164 3163 3166
f 3164 3170 3165
f 3170 3171 3165
f 3172 3171 3160
f 3160 3171 3161
f 3172 3173 3171
f 3170 3164 3171
f 3174 3161 3175
f 3161 3164 3175
f 3161 3171 3164
f 3164 3166 3175
f 3166 3167 3175
f 3176 3156 3153
f 3157 3176 3153
f 3138 3177 3178
f 3157 3178 3176
f 3176 3178 3179
f 3180 3159 3174
f 3181 3182 3174
f 3183 3182 3181
f 3184 3182 3185
f 3180 3174 3186
f 3182 3186 3174
f 3185 3182 3183
f 3186 3182 3187
f 3187 3182 3184
f 2008 3188 3189
f 3189 3188 3190
f 3188 3191 3190
f 3191 3192 3193
f 3190 3191 3193
f 3194 3195 3196
f 3197 3194 3198
f 3199 3185 3183
f 3195 3185 3199
f 3185 3195 3194
f 3194 3184 3185
f 3200 2001 3201
f 3202 3194 3197
f 3201 3197 3200
f 3175 3167 3169
f 3181 3169 3203
f 3175 3169 3181
f 3149 3204 3205
f 3149 3205 3150
f 3169 3205 3203
f 3205 3169 3206
f 3169 3207 3206
f 3208 3209 3176
f 3210 3211 3209
f 3210 3212 3156
f 3196 3209 3213
f 3214 3213 3208
f 3196 3214 3215
f 3195 3212 3196
f 3194 3196 3215
f 3198 3194 3215
f 3216 3156 3176
f 3216 3211 3156
f 3156 3211 3210
f 3179 3217 3218
f 3176 3179 3218
f 3209 3208 3213
f 3176 3218 3208
f 3196 3210 3209
f 3212 3210 3196
f 3196 3213 3214
f 3156 3212 3199
f 3214 3208 3218
f 3154 3156 3199
f 3199 3212 3195
f 3218 3217 3198
f 3198 3215 3214
f 3198 3214 3218
f 3200 3198 3217
f 3197 3198 3200
f 3219 2001 3217
f 3217 2001 3200
f 3209 3216 3176
f 3138 3220 3177
f 3221 3222 3179
f 3211 3216 3209
f 3204 3203 3205
f 3199 3183 3204
f 3155 3199 3204
f 3183 3203 3204
f 3155 3204 3149
f 3154 3199 3155
f 3183 3181 3203
f 3222 3223 3224
f 3224 3223 3225
f 3181 3174 3175
f 3117 3162 3118
f 3159 3161 3174
f 3120 3118 3159
f 3159 3118 3162
f 3126 3120 3192
f 3180 3192 3159
f 3192 3120 3159
f 3179 3222 3217
f 3222 3226 3217
f 3219 3226 3225
f 3226 3219 3217
f 3226 3222 3224
f 3226 3224 3225
f 3227 2557 3228
f 2679 2557 3227
f 3227 3228 3229
f 2718 3227 3230
f 3230 3227 3229
f 3230 3229 3231
f 3230 3231 3232
f 3231 3233 3232
f 2673 3232 3233
f 2676 3230 3232
f 2676 3232 2673
f 3234 2604 2603
f 2603 2604 2580
f 3235 2594 3236
f 2587 3236 2594
f 2587 2589 3236
f 3237 2591 2593
f 3237 2593 2594
f 3235 3237 2594
f 3238 3239 3237
f 3237 2603 2591
f 3236 3238 3235
f 3237 3235 3238
f 3238 3236 3240
f 3239 3234 2603
f 2603 3237 3239
f 2591 2603 2596
f 2619 3236 2589
f 3241 3236 2619
f 3240 3236 3241
f 3242 2654 3243
f 2659 2645 2647
f 3244 2647 2649
f 2659 2647 3245
f 3245 2647 3244
f 3246 2653 2654
f 2649 2653 3244
f 3247 3244 3246
f 3244 2653 3246
f 3247 3246 3242
f 3246 2654 3242
f 2654 2651 2604
f 2654 2604 3243
f 2557 2658 3228
f 3231 3228 3248
f 3231 3248 3233
f 3228 3231 3229
f 3228 2658 2659
f 3228 2659 3248
f 3233 3248 3249
f 3248 2659 3245
f 3248 3245 3249
f 3249 3245 3250
f 3249 3250 3251
f 3245 3244 3250
f 3233 3249 3251
f 3233 3251 3252
f 3251 3250 3253
f 3247 3242 3254
f 3247 3254 3255
f 3250 3244 3247
f 3253 3250 3247
f 3251 3253 3256
f 3252 3251 3256
f 3253 3247 3255
f 3257 3256 3258
f 3256 3255 3258
f 3258 3255 3259
f 3253 3255 3256
f 3260 3239 3238
f 3242 3243 3261
f 3254 3242 3261
f 3261 3243 3234
f 3261 3234 3239
f 3254 3261 3262
f 3262 3261 3239
f 3255 3254 3259
f 3259 3254 3260
f 3260 3254 3262
f 3260 3262 3239
f 3243 2604 3234
f 2673 3252 2665
f 2666 2665 3257
f 2666 3257 3258
f 2666 3258 2669
f 2673 3233 3252
f 3252 3257 2665
f 3252 3256 3257
f 2663 3263 2619
f 3263 3241 2619
f 3264 3260 3238
f 3263 3264 3240
f 3240 3241 3263
f 3238 3240 3264
f 2669 3263 2663
f 3258 3259 2669
f 2669 3260 3264
f 3263 2669 3264
f 3259 3260 2669
f 3265 2977 2702
f 3266 2952 3267
f 2951 3268 3269
f 3267 3269 3265
f 3267 2952 2951
f 3267 2951 3269
f 3268 3265 3269
f 3268 2977 3265
f 2977 2978 2801
f 2977 2801 2980
f 3268 2951 2954
f 2977 3268 2954
f 2977 2714 2702
f 2977 2980 2714
f 2718 2679 3227
f 2715 2679 2718
f 2676 2718 3230
f 3270 3271 3272
f 3271 3273 3272
f 3273 3274 3275
f 3272 3276 3270
f 3272 3273 3277
f 3277 3273 3275
f 3278 3272 3277
f 3271 3279 3273
f 3280 3281 3282
f 3283 3284 3285
f 3285 3284 3286
f 3284 3287 3288
f 3286 3284 3288
f 3282 3281 3289
f 3289 3281 3290
f 3287 3289 3291
f 3292 3289 3293
f 3283 3282 3287
f 3284 3283 3287
f 3282 3289 3287
f 3291 3289 3292
f 3294 3286 3288
f 3294 3288 3295
f 3288 3291 3296
f 3295 3288 3296
f 3296 3291 3297
f 3287 3291 3288
f 3291 3292 3297
f 3298 3286 3294
f 3298 3294 3295
f 3298 3271 3270
f 3279 3274 3273
f 3279 3295 3274
f 3295 3296 3274
f 3297 3274 3296
f 3297 3299 3274
f 3279 3298 3295
f 3271 3298 3279
f 3292 3293 3300
f 3301 3302 3303
f 3297 3301 3299
f 3292 3300 3301
f 3300 3302 3301
f 3297 3292 3301
f 3304 3305 3306
f 3277 3275 3307
f 3277 3307 3308
f 3275 3305 3307
f 3304 3307 3305
f 3305 3309 3310
f 3309 3275 3311
f 3309 3311 3310
f 3275 3309 3305
f 3311 3312 3310
f 3308 3307 3304
f 3311 3313 3312
f 3299 3313 3311
f 3313 3314 3312
f 3274 3299 3311
f 3274 3311 3275
f 3314 3303 3315
f 3299 3301 3313
f 3313 3301 3314
f 3301 3303 3314
f 3316 3062 2323
f 3008 3062 3316
f 3011 3008 3316
f 2323 2322 3317
f 3023 3009 3011
f 3023 3011 3024
f 3317 2315 2326
f 3318 2326 3070
f 3285 3286 3319
f 3319 3286 3298
f 3285 3320 3283
f 3320 3282 3283
f 3321 3319 3298
f 3321 3298 3270
f 2029 633 632
f 2029 2030 633
f 3322 3323 3324
f 3325 3322 3326
f 3327 631 3328
f 631 633 3328
f 3327 3325 3329
f 633 2030 3328
f 3328 2040 2043
f 3327 3328 3325
f 3328 2043 3325
f 3325 2043 3323
f 2030 2040 3328
f 3323 3322 3325
f 2043 2046 3323
f 3330 631 3327
f 655 3331 2127
f 655 2119 3331
f 3331 2119 2062
f 3332 3333 3334
f 3334 2126 3335
f 650 655 2127
f 3335 3336 3334
f 2126 2127 3335
f 3332 3334 3336
f 2127 3336 3335
f 3278 3277 3308
f 3308 3304 3337
f 3337 3304 3338
f 3304 3306 3338
f 3337 3338 3339
f 2065 3340 2061
f 2065 2063 3340
f 2060 2065 2061
f 3341 2068 2070
f 2070 2069 642
f 3342 3343 3344
f 3345 3342 3344
f 3345 3344 3346
f 3346 3347 3348
f 3349 3350 3351
f 3352 3348 3349
f 3352 3349 3351
f 3343 2121 2120
f 3344 3343 3353
f 3353 3354 3344
f 3347 3346 3344
f 3344 3354 3347
f 3347 3355 3348
f 3346 3348 3352
f 2120 2122 2071
f 2120 2071 2066
f 2120 2068 3354
f 3343 2120 3353
f 2120 2066 2068
f 2120 3354 3353
f 3354 2068 3355
f 3354 3355 3347
f 3356 2121 3357
f 3357 2121 3343
f 3357 3343 3342
f 3358 2121 3356
f 3359 3356 3357
f 3352 3351 3360
f 3349 3341 3350
f 3348 3355 3349
f 3351 3361 3360
f 3349 3355 2068
f 3349 2068 3341
f 3341 2070 2124
f 3341 2124 3350
f 3333 3360 3361
f 3361 3334 3333
f 3334 3361 2126
f 3358 2123 2121
f 3359 3358 3356
f 3324 3323 2046
f 3324 2046 3362
f 3324 3362 3363
f 3358 3359 3363
f 3362 3358 3363
f 2046 2044 3362
f 3362 2044 3358
f 3358 2044 2123
f 3364 3350 2124
f 3350 3364 3351
f 3351 3364 3361
f 3361 3364 2125
f 2124 2125 3364
f 2124 644 2125
f 2070 642 2124
f 3361 2125 2126
f 3365 3366 3367
f 3366 3365 3368
f 3369 3367 3366
f 3368 3370 3371
f 3372 3373 3374
f 3374 3373 3366
f 3372 3374 3375
f 3374 3366 3368
f 3375 3374 3368
f 3368 3371 3375
f 3371 3370 3376
f 3377 3378 3379
f 3377 3379 3380
f 3380 3379 2535
f 3375 3381 3379
f 3375 3371 3381
f 3371 3376 3381
f 3372 3379 3378
f 3372 3375 3379
f 3373 3369 3366
f 3373 3372 3382
f 2537 3377 3380
f 2537 3380 2535
f 3383 3384 3385
f 3384 3386 3385
f 3383 3385 3387
f 3387 3388 3389
f 3387 3385 3388
f 3390 2061 3391
f 3391 3392 3390
f 3393 3367 3394
f 3367 3369 3395
f 3396 3395 3369
f 3396 3397 3395
f 3398 2061 3390
f 3394 3390 3393
f 2062 3398 3331
f 3398 3394 3331
f 2062 2061 3398
f 3398 3390 3394
f 3399 3397 3336
f 3336 2127 3399
f 3394 2127 3331
f 3394 3399 2127
f 3399 3395 3397
f 3394 3395 3399
f 3394 3367 3395
f 3388 3400 3401
f 3402 3403 3404
f 3400 3405 3402
f 3400 3402 3406
f 3386 3407 3408
f 3409 3386 3408
f 3408 3407 3410
f 3411 3396 3369
f 3412 3332 3397
f 3412 3397 3411
f 3412 3411 3410
f 3411 3397 3396
f 3408 3410 3411
f 3408 3411 3413
f 3388 3385 3405
f 3386 3409 3385
f 3385 3409 3405
f 3388 3405 3400
f 3409 3403 3405
f 3408 3413 3414
f 3409 3414 3403
f 3409 3408 3414
f 3405 3403 3402
f 3414 3415 3403
f 3382 3415 3416
f 3406 3402 3417
f 3404 3403 3415
f 3418 3406 3417
f 3416 3369 3373
f 3382 3416 3373
f 3402 3404 3417
f 3404 3415 3382
f 3417 3419 3418
f 3418 3419 2543
f 2543 3419 2539
f 2539 3419 2537
f 3378 3382 3372
f 3419 3377 2537
f 3419 3417 3377
f 3377 3382 3378
f 3417 3404 3377
f 3404 3382 3377
f 3413 3411 3369
f 3413 3369 3416
f 3415 3413 3416
f 3414 3413 3415
f 3397 3332 3336
f 3420 3421 2554
f 2553 3422 2554
f 3420 3423 3421
f 2554 3421 2558
f 3421 3423 2558
f 3423 3406 3418
f 3424 2543 2548
f 3423 2548 2558
f 3423 3418 3424
f 3423 3424 2548
f 3424 3418 2543
f 2543 2540 2548
f 3390 3425 3393
f 3390 3392 3425
f 3425 3426 3393
f 3393 3426 3367
f 3367 3426 3365
f 3392 3427 3425
f 3428 3392 3391
f 3392 3429 3427
f 3426 3430 3365
f 3427 3426 3425
f 3426 3427 3431
f 3426 3431 3430
f 3431 3432 3430
f 3431 3433 3434
f 3429 3433 3427
f 3427 3433 3431
f 3433 3435 3434
f 3365 3430 3368
f 3430 3370 3368
f 3435 3436 3434
f 3332 3360 3333
f 3360 3332 3412
f 2625 3437 3438
f 2624 3437 2625
f 2626 2625 2622
f 2601 2626 2622
f 2622 2625 2623
f 2624 2631 3437
f 2628 2630 2631
f 2609 3439 2635
f 2636 2635 3440
f 2609 3441 3439
f 2612 3441 2609
f 2618 2643 3442
f 3442 2345 2618
f 2637 2636 2644
f 2644 2636 3440
f 2644 3440 2643
f 2643 3440 3442
f 3443 3444 3445
f 3446 3444 3443
f 3443 2152 2150
f 3443 2150 2164
f 2164 3446 3443
f 3447 3448 3449
f 3450 3449 3448
f 704 3448 2154
f 3448 3447 2154
f 3451 3452 2162
f 2153 3451 2162
f 2152 3453 3451
f 2153 2152 3451
f 709 3454 3450
f 3448 709 3450
f 706 709 3448
f 3455 3454 709
f 704 706 3448
f 3455 709 3456
f 2159 708 2158
f 3456 709 2159
f 3452 2159 2162
f 705 709 706
f 3456 2159 3452
f 2149 2129 2164
f 2175 2170 2155
f 2175 2155 3457
f 3446 3458 3444
f 3445 3459 3453
f 2152 3443 3445
f 2152 3445 3453
f 3450 3460 3449
f 3461 3455 3452
f 3455 3456 3452
f 3455 3460 3450
f 3461 3460 3455
f 3454 3455 3450
f 2156 2154 3447
f 3459 3461 3462
f 3462 3461 3452
f 3451 3462 3452
f 3459 3462 3453
f 3453 3462 3451
f 3459 3463 3464
f 3458 3465 3444
f 3445 3465 3463
f 3444 3465 3445
f 3445 3463 3459
f 3459 3464 3466
f 3461 3467 3460
f 3467 3461 3459
f 2164 3468 3446
f 2259 2194 2193
f 3469 3468 2164
f 3470 3468 3469
f 2180 2194 3470
f 3471 3468 3470
f 2129 2180 2164
f 2164 3470 3469
f 2180 3470 2164
f 3468 3472 3458
f 3468 3458 3446
f 2259 3473 2194
f 3473 3471 2194
f 2194 3471 3470
f 3472 3474 3475
f 3468 3474 3472
f 3471 3476 3477
f 3468 3477 3474
f 3471 2258 3476
f 3473 2258 3471
f 3471 3477 3468
f 2269 3478 3479
f 3479 2206 2269
f 3478 2269 3480
f 3480 2269 3481
f 3482 3483 3484
f 3485 3486 3487
f 3485 3487 3488
f 3489 3490 3491
f 3485 3488 3490
f 3490 3488 3491
f 3492 3491 3493
f 2682 2638 3492
f 3491 3488 3494
f 2682 3492 3493
f 2578 3491 2638
f 2638 3491 3492
f 3491 3494 3493
f 3493 3494 3495
f 3493 3495 3482
f 2682 3493 2680
f 3493 3482 2680
f 2578 3489 3491
f 3495 3496 3497
f 3495 3497 3483
f 3483 3497 3498
f 3482 3495 3483
f 3496 3499 3500
f 3483 3498 2218
f 3499 3501 3500
f 3502 3503 3504
f 3499 3505 3501
f 3502 3504 3506
f 3507 3480 3508
f 3509 3510 3499
f 3507 3503 3502
f 3487 3511 3488
f 3488 3510 3509
f 3511 3510 3488
f 3511 3512 3510
f 3510 3512 3507
f 3510 3507 3505
f 3499 3510 3505
f 3505 3507 3502
f 3494 3509 3495
f 3488 3509 3494
f 3509 3499 3495
f 3495 3499 3496
f 2247 2248 3479
f 3479 2248 2206
f 3439 3513 3514
f 3440 3439 3514
f 3440 2635 3439
f 3484 3483 2218
f 2681 2680 3482
f 2681 3482 3484
f 2612 2681 3515
f 2681 3484 3515
f 2612 3515 3441
f 3441 3515 3513
f 3439 3441 3513
f 3513 3516 2217
f 3516 3484 2217
f 3514 3513 2217
f 2217 3484 2218
f 3514 2217 2224
f 3515 3484 3516
f 3515 3516 3513
f 3440 3514 3517
f 3517 2345 3442
f 3440 3517 3442
f 3514 2224 2225
f 3514 2225 3517
f 3518 3519 3520
f 3521 3520 3522
f 3522 3520 3523
f 3520 3519 3523
f 3524 2212 2175
f 3525 3524 2175
f 3457 2155 2156
f 3523 2210 2212
f 3523 2212 3522
f 2210 2211 2212
f 3522 2212 3524
f 2212 2176 2175
f 3519 2210 3523
f 3449 3467 3466
f 2156 3447 3449
f 3457 3449 3466
f 3457 2156 3449
f 3526 3527 3528
f 3527 3526 3464
f 3527 3464 3463
f 3529 3530 3526
f 3526 3530 3464
f 3531 3464 3532
f 3466 3464 3531
f 3459 3466 3467
f 3449 3460 3467
f 3521 3532 3518
f 3533 3521 3522
f 3532 3521 3531
f 3534 3531 3533
f 3533 3524 3525
f 3518 3520 3521
f 3521 3533 3531
f 3533 3522 3524
f 3466 3531 3534
f 3525 3534 3533
f 3457 3534 3525
f 3466 3534 3457
f 3525 2175 3457
f 3535 3536 3537
f 3538 3535 3529
f 3539 3535 3538
f 3539 3538 2237
f 3535 3537 3529
f 3540 3518 3532
f 3536 3541 3542
f 3536 3543 3530
f 3464 3544 3545
f 3537 3536 3530
f 3537 3530 3529
f 3541 3544 3542
f 3536 3542 3543
f 3542 3544 3464
f 3543 3542 3464
f 3530 3543 3464
f 3464 3545 3532
f 3496 3500 3497
f 3500 3546 3497
f 3497 3546 3547
f 3547 3546 3535
f 3497 3547 3498
f 3498 3547 3539
f 3498 3539 2218
f 3547 3535 3539
f 3546 3541 3536
f 3546 3536 3535
f 3500 3501 3541
f 3500 3541 3546
f 3501 3502 3541
f 3502 3506 3541
f 3541 3506 3544
f 3501 3505 3502
f 3517 2229 2346
f 2225 2229 3517
f 2218 3539 2236
f 3539 2237 2236
f 2237 3538 2221
f 3538 2215 2221
f 3538 3529 2215
f 3529 2216 2215
f 3529 3526 2216
f 3528 2216 3526
f 3478 3548 3479
f 3507 3549 3480
f 2273 3479 3548
f 3479 2273 2249
f 2249 2247 3479
f 3486 3550 3551
f 3486 3551 3487
f 3551 3552 3487
f 3552 3512 3487
f 3553 3485 3554
f 3554 3485 3490
f 3554 3490 3489
f 2560 3554 3489
f 2578 2560 3489
f 3503 3507 3508
f 3512 3511 3487
f 3555 3556 3557
f 3558 3557 3559
f 3557 3558 3555
f 3552 3551 3550
f 3560 3561 3562
f 3563 3564 3565
f 3563 3566 3564
f 3565 3564 3567
f 3564 3568 3567
f 3566 3568 3564
f 3569 3568 3566
f 3552 3550 3570
f 3570 3550 3486
f 3571 3561 3572
f 3561 3560 3572
f 3573 3574 3561
f 3575 3573 3561
f 3576 3573 3575
f 3565 3567 3573
f 3567 3577 3573
f 3553 3486 3485
f 3560 3562 3552
f 3578 3579 3580
f 3557 3556 3579
f 3556 3580 3579
f 3581 3580 3556
f 3581 3556 3582
f 3565 3576 3583
f 3578 3580 3583
f 3565 3573 3576
f 3580 3565 3583
f 3584 3565 3580
f 3581 3584 3580
f 3584 3563 3565
f 3581 3563 3584
f 3585 3570 3486
f 3576 3571 3583
f 3559 3557 3579
f 3586 3582 3587
f 3588 3582 3589
f 3556 3555 3589
f 3582 3556 3589
f 3590 3591 3592
f 3593 3566 3563
f 3591 3594 3593
f 3569 3566 3593
f 3595 3569 3594
f 3594 3569 3593
f 3595 3594 2794
f 2794 3594 3590
f 3590 3594 3591
f 3586 3596 3597
f 3596 3591 3597
f 3593 3563 3581
f 3581 3597 3593
f 3591 3593 3597
f 3597 3581 3586
f 3581 3582 3586
f 3475 3598 3472
f 3599 3600 3601
f 3602 3600 3599
f 3603 3602 3599
f 3604 3605 3606
f 3607 3605 3604
f 3587 3582 3588
f 3588 3589 3605
f 3606 3608 3609
f 3607 3587 3605
f 3606 3605 3608
f 3605 3587 3588
f 3596 3610 3611
f 3612 3592 3611
f 3612 3611 3613
f 3614 3613 3615
f 3611 3592 3591
f 3611 3591 3596
f 3611 3610 3613
f 3614 3612 3613
f 3604 3613 3607
f 3587 3596 3586
f 3587 3610 3596
f 3613 3610 3607
f 3610 3587 3607
f 3476 3616 3477
f 3615 3613 3617
f 2786 3614 3618
f 3618 2784 2786
f 3618 3615 3619
f 3619 3615 3617
f 3620 3618 3619
f 3476 3619 3616
f 3613 3604 3617
f 3618 3614 3615
f 3619 3617 3604
f 3619 3604 3616
f 3620 3619 3476
f 3621 3612 2786
f 2786 3612 3614
f 3590 3612 3621
f 3612 3590 3592
f 3474 3622 3475
f 3475 3603 3599
f 3477 3616 3474
f 3616 3622 3474
f 3622 3623 3603
f 3623 3624 3602
f 3623 3602 3603
f 3625 3604 3626
f 3626 3606 3627
f 3623 3626 3627
f 3622 3626 3623
f 3626 3604 3606
f 3625 3626 3622
f 3622 3616 3625
f 3616 3604 3625
f 3622 3603 3475
f 2258 2257 3628
f 2258 3628 3476
f 2784 3618 3620
f 2257 3620 3628
f 3476 3628 3620
f 2784 3620 2257
f 3473 2259 2258
f 3519 3629 3630
f 3630 3631 3632
f 3633 2260 2210
f 2210 3519 3630
f 2210 3632 3633
f 2210 3630 3632
f 3634 3635 3636
f 3637 2263 2266
f 3635 2263 3636
f 3636 2263 3637
f 3638 3636 3637
f 3639 3638 3637
f 3639 3637 3631
f 3637 2266 3631
f 3518 3540 3639
f 2266 2265 3633
f 3631 2266 3633
f 3518 3639 3629
f 3629 3639 3631
f 3633 3632 3631
f 3519 3518 3629
f 3630 3629 3631
f 2265 2260 3633
f 3640 3641 3635
f 2263 3635 3641
f 3641 3481 2263
f 3481 3641 3508
f 3481 2269 2202
f 3481 2202 2267
f 3481 2267 2263
f 3638 3506 3634
f 3639 3545 3638
f 3540 3545 3639
f 3506 3642 3634
f 3638 3634 3636
f 3532 3545 3540
f 3545 3544 3638
f 3643 3508 3640
f 3642 3643 3640
f 3634 3642 3635
f 3504 3643 3642
f 3642 3640 3635
f 3503 3508 3643
f 3504 3503 3643
f 3506 3504 3642
f 3638 3544 3506
f 3508 3641 3640
f 3480 3481 3508
f 3480 3549 3478
f 3562 3549 3507
f 3512 3562 3507
f 3644 3478 3549
f 3645 3574 3646
f 3574 3645 3647
f 3574 3647 3561
f 3646 2790 3645
f 3561 3647 3562
f 3552 3562 3512
f 3648 2273 3548
f 3647 3548 3644
f 3644 3549 3562
f 3644 3548 3478
f 3647 3644 3562
f 3648 2790 2273
f 3648 3548 3647
f 3645 2790 3648
f 3645 3648 3647
f 2316 3649 3650
f 3057 3649 2316
f 3062 2321 2323
f 3316 3317 3651
f 2319 2321 3010
f 2321 2320 2323
f 3316 2323 3317
f 2322 2315 3317
f 3011 3316 3024
f 3316 3651 3024
f 3652 3070 3074
f 3070 3653 3071
f 3072 3076 3654
f 3655 3072 3654
f 3656 3654 3657
f 3076 3077 3654
f 3657 3654 3083
f 3652 3318 3070
f 3074 3070 3069
f 3655 3654 3656
f 3653 3077 3071
f 3654 3077 3083
f 3658 3083 3089
f 3317 3073 3651
f 3317 3659 3073
f 3317 3660 3659
f 3659 3318 3652
f 3659 3660 3318
f 2315 2317 2326
f 3655 3073 3072
f 3653 2326 3077
f 3077 2326 2318
f 3077 2318 2327
f 2327 3101 3088
f 2327 3650 3101
f 3077 3081 3083
f 3082 2327 3088
f 2326 3660 3317
f 3651 3073 3655
f 3660 2326 3318
f 3659 3652 3073
f 3073 3652 3074
f 3070 2326 3653
f 2316 3650 2327
f 3077 2327 3081
f 3087 3078 3088
f 3081 2327 3082
f 3024 3651 3656
f 3656 3651 3655
f 3661 3656 3662
f 3662 3656 3663
f 3663 3656 3664
f 3056 3101 3057
f 3650 3649 3101
f 3101 3096 3100
f 3057 3101 3649
f 3101 3087 3088
f 3665 3666 3667
f 3665 3668 3666
f 3667 3669 3670
f 3667 3666 3669
f 3667 3670 3671
f 3667 3671 3665
f 3665 3671 3672
f 3673 3674 3666
f 3668 3673 3666
f 3669 3675 3676
f 3672 3677 3665
f 3678 3679 3680
f 3681 3682 3683
f 3684 3685 3678
f 3686 3687 3684
f 3688 3684 3687
f 3689 3688 3687
f 3688 3682 3684
f 3683 3682 3688
f 3684 3678 3686
f 3682 3685 3684
f 3675 3690 3676
f 3691 3692 3693
f 3694 3692 3691
f 3692 3681 3683
f 3690 3681 3692
f 3690 3692 3694
f 3690 3694 3676
f 3679 3695 3680
f 3696 3682 3681
f 3693 3688 3689
f 3693 3683 3688
f 3697 3691 3693
f 3693 3692 3683
f 3698 3699 3700
f 3699 3701 3702
f 3703 3704 3698
f 3698 3704 3705
f 3705 3706 3701
f 3699 3705 3701
f 3698 3705 3699
f 3703 3698 3707
f 3708 3709 3703
f 3708 3703 3710
f 3689 3687 3711
f 3711 3687 3686
f 3686 3712 3713
f 3686 3678 3712
f 3714 3715 3716
f 3717 3718 3716
f 3712 3719 3717
f 3717 3716 3715
f 3719 3718 3717
f 3720 3714 3721
f 3720 3715 3714
f 3722 3712 3717
f 3723 3722 3717
f 3723 3717 3715
f 3724 3720 3721
f 3725 3723 3715
f 3706 3723 3725
f 3701 3706 3725
f 3726 3725 3720
f 3725 3715 3720
f 3725 3726 3701
f 3726 3720 3724
f 3727 3728 3711
f 3728 3689 3711
f 3693 3689 3728
f 3709 3693 3728
f 3728 3705 3704
f 3709 3728 3704
f 3709 3704 3703
f 3728 3727 3705
f 3727 3711 3713
f 3727 3713 3722
f 3711 3686 3713
f 3713 3712 3722
f 3706 3722 3723
f 3705 3722 3706
f 3705 3727 3722
f 3702 3701 3726
f 3729 3730 3708
f 3730 3697 3708
f 3719 3731 3680
f 3731 3719 3712
f 3712 3680 3731
f 3678 3680 3712
f 3708 3693 3709
f 3697 3693 3708
f 3732 3383 3733
f 3733 3383 3734
f 3735 3736 3737
f 3716 3718 3738
f 3719 3739 3718
f 3714 3716 3738
f 3714 3738 3740
f 3714 3740 3721
f 3740 3732 3733
f 3738 3718 3741
f 3718 3739 3737
f 3741 3718 3737
f 3738 3741 3732
f 3740 3738 3732
f 3737 3742 3741
f 3737 3736 3742
f 3741 3742 3732
f 3732 3742 3383
f 3742 3384 3383
f 3736 3735 3743
f 3743 3386 3744
f 3736 3743 3744
f 3742 3736 3744
f 3744 3384 3742
f 3744 3386 3384
f 3383 3387 3389
f 3734 3383 3389
f 3680 3739 3719
f 3330 3745 624
f 3746 3330 3747
f 624 631 3330
f 3748 3330 3327
f 3329 3748 3327
f 3747 3748 3749
f 3750 3748 3329
f 3749 3748 3750
f 3329 3325 3750
f 3325 3326 3750
f 3749 3750 3326
f 3751 3746 3747
f 3747 3330 3748
f 3386 3743 3407
f 2716 3752 2555
f 2716 2555 2556
f 3752 3420 3422
f 3422 3420 2554
f 3753 3752 3754
f 3752 3422 2553
f 2555 3752 2553
f 3410 3755 3756
f 3756 3352 3412
f 3352 3360 3412
f 3410 3756 3412
f 3352 3756 3346
f 3755 3757 3758
f 3755 3758 3756
f 3758 3342 3345
f 3345 3756 3758
f 3346 3756 3345
f 3743 3735 3755
f 3359 3357 3342
f 3759 3359 3342
f 3758 3759 3342
f 3363 3359 3759
f 3757 3363 3759
f 3757 3759 3758
f 3407 3755 3410
f 3407 3743 3755
f 3680 3695 3739
f 3695 3755 3735
f 3695 3735 3737
f 3739 3695 3737
f 3326 3322 3324
f 3757 3324 3363
f 3757 3326 3324
f 3755 3749 3757
f 3749 3326 3757
f 3760 3749 3755
f 3751 3747 3749
f 3751 3749 3760
f 3695 3751 3760
f 3679 3761 3751
f 3695 3679 3751
f 3695 3760 3755
f 3679 3762 3761
f 3763 3437 2631
f 3763 3764 3437
f 2630 3763 2631
f 3765 3766 3767
f 3763 3768 3769
f 2627 3763 2630
f 2634 2627 2630
f 3770 3768 3763
f 3770 3765 3768
f 3765 3770 3766
f 3763 3771 3764
f 3763 3772 3771
f 3763 3769 3772
f 2633 3763 2627
f 2617 3770 2633
f 2633 3770 3763
f 2345 3766 3770
f 3770 2617 2618
f 3773 3766 2345
f 2345 2346 2235
f 2618 2345 3770
f 3517 2346 2345
f 3774 3775 3776
f 3776 3777 3774
f 3778 3775 3779
f 3776 3775 3778
f 3776 3778 3780
f 3779 3781 3782
f 3778 3779 3782
f 3783 3778 3782
f 3784 3785 3777
f 3776 3784 3777
f 3784 3776 3786
f 3787 3784 3786
f 3788 3776 3780
f 3785 3789 3777
f 3790 3791 3792
f 3793 3794 3789
f 3785 3795 3793
f 3789 3785 3793
f 3796 3797 3798
f 3790 3796 3799
f 3796 3798 3799
f 3796 3790 3792
f 3790 3799 3798
f 3798 3800 3791
f 3791 3790 3798
f 3800 3793 3791
f 3801 3793 3800
f 3793 3801 3794
f 3789 3802 3774
f 3775 3774 3803
f 3775 3803 3779
f 3777 3789 3774
f 3804 3805 3806
f 3807 3805 3808
f 3805 3807 3806
f 3804 3809 3805
f 3804 3810 3809
f 3811 3810 3804
f 3812 3809 3810
f 3812 3783 3809
f 3812 3780 3783
f 3812 3813 3780
f 3814 3815 3806
f 3814 3806 3816
f 3815 3804 3806
f 3811 3817 3810
f 3813 3812 3810
f 3813 3810 3817
f 3818 3819 3820
f 3821 3806 3807
f 3819 3818 3822
f 3816 3806 3821
f 3816 3821 3822
f 3807 3823 3819
f 3821 3807 3819
f 3821 3819 3822
f 3808 3823 3807
f 3824 3795 3785
f 3824 3784 3825
f 3826 3795 3824
f 3824 3785 3784
f 3825 3784 3787
f 3827 3828 3829
f 3829 3828 3830
f 3831 3832 3827
f 3831 3827 3833
f 3832 3828 3827
f 3827 3829 3834
f 3833 3827 3834
f 3834 3830 3835
f 3834 3835 3836
f 3792 3830 3837
f 3792 3791 3830
f 3830 3791 3795
f 3795 3791 3793
f 3830 3795 3835
f 3835 3795 3826
f 3830 3828 3837
f 3837 3796 3792
f 3796 3837 3828
f 3783 3780 3778
f 3780 3813 3788
f 3788 3786 3776
f 3838 3839 3840
f 3838 3840 3841
f 3839 3838 3842
f 3843 2350 2352
f 3839 3843 3840
f 3843 2352 3840
f 3840 2352 3844
f 3845 3846 3842
f 3847 3846 3845
f 3848 3846 3847
f 3842 3838 3845
f 3844 3841 3840
f 3844 3849 3850
f 2352 3851 3844
f 3852 3847 3853
f 3853 3847 3854
f 2354 3855 3851
f 2352 2354 3851
f 3851 3849 3844
f 3845 3838 3856
f 3838 3841 3857
f 3856 3838 3857
f 3845 3856 3854
f 3847 3845 3854
f 3844 3850 3858
f 3841 3844 3858
f 3850 3859 3858
f 3831 3833 3860
f 3861 3831 3860
f 3773 3861 3766
f 3766 3862 3767
f 3861 3862 3766
f 3765 3767 3863
f 3864 3862 3861
f 3861 3865 3864
f 2344 3773 2345
f 3773 2344 2357
f 2357 3861 3773
f 3866 3867 3788
f 3866 3788 3813
f 3868 3869 3870
f 3869 3866 3870
f 3871 3869 3868
f 3872 3811 3804
f 3873 3872 3874
f 3873 3874 3875
f 3874 3876 3877
f 3875 3874 3877
f 3873 3878 3872
f 3879 3878 3873
f 3880 3873 3875
f 3866 3813 3817
f 3881 3868 3878
f 3882 3814 3816
f 3874 3872 3876
f 3882 3876 3815
f 3882 3815 3814
f 3877 3876 3882
f 3872 3815 3876
f 3878 3883 3872
f 3872 3804 3815
f 3811 3870 3817
f 3883 3868 3870
f 3883 3870 3811
f 3883 3811 3872
f 3870 3866 3817
f 3868 3883 3878
f 3884 3825 3787
f 3885 3884 3787
f 3869 3884 3885
f 3886 3884 3887
f 3869 3887 3884
f 3888 3889 3890
f 3889 3886 3887
f 3891 3825 3884
f 3824 3891 3826
f 3891 3824 3825
f 3892 3835 3826
f 3826 3891 3892
f 3892 3891 3888
f 3888 3890 3892
f 3888 3891 3886
f 3886 3891 3884
f 3867 3787 3786
f 3885 3787 3867
f 3867 3786 3788
f 3885 3867 3866
f 3869 3885 3866
f 3893 3869 3871
f 3893 3887 3869
f 3894 3842 3846
f 3894 3895 3839
f 3894 3839 3842
f 3896 3843 3839
f 3895 3896 3839
f 3808 3897 3894
f 3898 3899 3895
f 3897 3900 3898
f 3898 3895 3894
f 3898 3894 3897
f 3809 3900 3805
f 3808 3900 3897
f 3805 3900 3808
f 3900 3899 3898
f 3901 3895 3899
f 3900 3902 3899
f 3902 3901 3899
f 3896 3895 3903
f 3896 2350 3843
f 3901 3904 3895
f 3904 3903 3895
f 3900 3905 3902
f 3900 3783 3905
f 3809 3783 3900
f 3848 3894 3846
f 3894 3848 3823
f 3808 3894 3823
f 3782 3781 3905
f 3852 3853 3820
f 3819 3852 3820
f 3819 3823 3848
f 3848 3847 3852
f 3848 3852 3819
f 3905 3783 3782
f 3906 3907 3908
f 3909 3910 3911
f 3600 3909 3601
f 3911 3910 3912
f 3910 3913 3912
f 3914 3912 3913
f 3915 3916 3907
f 3913 3916 3915
f 3914 3913 3915
f 3911 3601 3909
f 2707 2623 3917
f 2623 3438 3917
f 2623 2625 3438
f 2892 2764 2767
f 3917 2708 2707
f 3918 2891 2892
f 2891 2764 2892
f 3918 2892 3919
f 2892 2708 3919
f 2708 3917 3919
f 3919 3917 3920
f 3921 2891 3922
f 3923 3921 3922
f 3922 2891 3918
f 3917 3438 3920
f 3920 3438 3924
f 3924 3438 3925
f 3290 3293 3289
f 3293 3926 3927
f 3293 3927 3300
f 3300 3928 3302
f 3764 3929 3437
f 3929 3930 3437
f 3781 3931 3932
f 3779 3931 3781
f 3933 3934 3935
f 3933 3936 3937
f 3933 3937 3938
f 2431 3935 2440
f 2431 2436 3935
f 3934 3939 3940
f 3940 3939 3941
f 3941 3939 3938
f 3941 3937 3942
f 3937 3943 3942
f 3934 3933 3939
f 3939 3933 3938
f 3938 3937 3941
f 3944 3945 3935
f 3935 3945 3933
f 2435 2464 2436
f 3944 3946 3945
f 2436 3944 3935
f 2464 3944 2436
f 2440 3935 3934
f 3933 3945 3936
f 3947 3948 3949
f 3950 3947 3951
f 3950 3952 3947
f 3952 3953 3947
f 3954 3948 3947
f 2460 2461 2464
f 2461 3955 3952
f 3946 2461 3945
f 2464 3946 3944
f 3936 3945 3952
f 3936 3952 3950
f 2461 3946 2464
f 2461 3952 3945
f 3956 2459 2457
f 3957 3958 3959
f 3957 3438 3958
f 3958 3437 3930
f 3958 3930 3960
f 3960 3961 3962
f 3925 3438 3957
f 3438 3437 3958
f 3905 3963 3964
f 3781 3932 3963
f 3965 3902 3964
f 3905 3781 3963
f 3904 3901 3966
f 3901 3902 3965
f 3905 3964 3902
f 3937 3951 3967
f 3968 3969 3970
f 3971 3969 3968
f 3950 3951 3937
f 3967 3969 3971
f 3936 3950 3937
f 3969 3948 3972
f 3951 3947 3949
f 3967 3951 3949
f 3967 3949 3969
f 3949 3948 3969
f 3943 3937 3971
f 3937 3967 3971
f 3968 3943 3971
f 3670 3676 3973
f 3672 3974 3677
f 3672 3671 3975
f 3670 3976 3671
f 3670 3973 3976
f 3976 3973 3977
f 3977 3973 3978
f 3676 3979 3973
f 3979 3980 3973
f 3671 3976 3975
f 3975 3976 3977
f 3672 3975 3974
f 3677 3974 3981
f 3979 3982 3980
f 3670 3669 3676
f 3983 3984 3985
f 3982 3984 3983
f 3984 3982 3979
f 3694 3691 3984
f 3694 3984 3979
f 3676 3694 3979
f 3730 3691 3697
f 3985 3984 3691
f 3973 3980 3978
f 3974 3975 3977
f 3986 3974 3977
f 3974 3986 3981
f 3986 3987 3981
f 3980 3982 3978
f 3985 3730 3729
f 3982 3983 3988
f 3691 3730 3985
f 3797 3800 3798
f 3774 3802 3803
f 3803 3989 3779
f 3794 3990 3991
f 3797 3794 3801
f 3797 3801 3800
f 3803 3802 3992
f 3989 3803 3992
f 3794 3991 3802
f 3789 3794 3802
f 3779 3989 3931
f 3993 3985 3729
f 3908 3907 3916
f 3908 3916 3994
f 3994 3916 3995
f 3802 3996 3997
f 3995 3998 3994
f 3994 3998 3999
f 3990 3999 4000
f 3990 4000 3996
f 3990 3994 3999
f 3991 3990 3996
f 3802 3991 3996
f 3794 3994 3990
f 3908 3994 3797
f 3994 3794 3797
f 4001 4002 4003
f 3997 3996 4000
f 4004 4000 4005
f 4004 4005 4006
f 4004 3992 4000
f 3931 3992 4004
f 4004 4006 4007
f 3997 4000 3992
f 3992 3802 3997
f 3931 4004 3932
f 3992 3931 3989
f 4002 4008 4003
f 4002 4005 4008
f 4005 4002 4006
f 3999 3998 4000
f 3916 4009 4010
f 4010 3995 3916
f 4011 3998 4012
f 4012 3998 3995
f 4013 4014 4015
f 4016 4017 4018
f 4016 4019 4017
f 4020 4019 4016
f 4019 4021 4017
f 4022 4016 4018
f 4023 4016 4022
f 4023 4020 4016
f 4024 4025 4020
f 4020 4025 4019
f 4026 4017 4013
f 4017 4026 4018
f 4021 4013 4017
f 4027 4023 4022
f 4028 4027 4022
f 4029 4030 4031
f 4026 4015 4030
f 4013 4015 4026
f 4026 4030 4029
f 4032 4033 4008
f 4000 4032 4008
f 4000 3998 4032
f 4005 4000 4008
f 4018 4034 4033
f 4035 4032 3998
f 4035 4022 4032
f 4032 4036 4018
f 4026 4029 4018
f 4022 4018 4036
f 4032 4018 4033
f 4022 4036 4032
f 4034 4018 4029
f 4035 4028 4022
f 4011 4035 3998
f 4037 4027 4028
f 4035 4038 4028
f 4011 4038 4035
f 4037 4028 4038
f 3977 3978 4039
f 4039 3978 4040
f 4039 3987 3977
f 4039 4041 3987
f 4041 4039 4042
f 3986 3977 3987
f 3978 3982 3988
f 4043 4044 4045
f 4045 4046 3988
f 4046 4045 4047
f 4045 3988 4043
f 4043 3985 3993
f 3988 3983 4043
f 3983 3985 4043
f 4048 4049 4050
f 4051 4052 4048
f 4048 4050 4051
f 4049 4053 4050
f 4054 4055 4056
f 4056 4055 4057
f 3305 4058 3306
f 4059 4054 4060
f 4059 4060 4058
f 4060 4056 4061
f 4061 4049 4048
f 4060 4052 4058
f 4060 4054 4056
f 4060 4061 4052
f 4056 4057 4049
f 4061 4056 4049
f 3305 3310 4058
f 4058 3310 4059
f 3310 3312 4059
f 3312 4054 4059
f 3338 3306 4062
f 4063 3338 4062
f 3306 4058 4064
f 4062 3306 4064
f 4058 4052 4064
f 4062 4064 4063
f 4063 4064 4052
f 4051 4063 4052
f 4052 4061 4048
f 3339 3338 4063
f 4065 4066 4055
f 3312 4065 4054
f 4054 4065 4055
f 4065 3314 3315
f 3314 4065 3312
f 4050 4053 4067
f 4051 4050 4068
f 4050 4067 4069
f 4070 4063 4071
f 4072 4073 4074
f 4074 4075 4021
f 4072 4074 4019
f 4074 4021 4019
f 4076 4024 4077
f 4025 4078 4072
f 4024 4079 4025
f 4079 4078 4025
f 4025 4072 4019
f 4080 4077 4024
f 4021 4014 4013
f 4081 3978 3988
f 3988 4046 4082
f 3988 4082 4081
f 4083 4081 4082
f 3978 4081 4040
f 4083 4040 4081
f 4084 4082 4046
f 4085 4082 4086
f 4087 4085 4086
f 4083 4082 4085
f 4086 4082 4084
f 4087 4086 4076
f 4039 4040 4042
f 4042 4040 4083
f 4042 4083 4088
f 4088 4083 4085
f 4088 4085 4089
f 4089 4085 4090
f 4091 4089 4090
f 4090 4085 4087
f 4084 4046 4092
f 4072 4093 4094
f 4093 4072 4078
f 4076 4093 4078
f 4084 4092 4093
f 4084 4093 4086
f 4086 4093 4076
f 4076 4078 4079
f 4077 4087 4076
f 4024 4076 4079
f 4073 4075 4074
f 4075 4095 4014
f 4021 4075 4014
f 4015 4014 4096
f 4095 4097 4098
f 4014 4095 4096
f 4096 4098 4099
f 4095 4098 4096
f 3559 4070 3558
f 4100 4101 4102
f 4100 4102 4103
f 4102 4104 4105
f 4103 4102 4105
f 4102 4101 4106
f 4106 4104 4102
f 4107 3608 3605
f 4108 4109 4106
f 4106 4109 4110
f 4111 4108 4106
f 4101 4111 4106
f 4108 4071 4112
f 4111 4071 4108
f 4111 3609 4071
f 3608 4113 4071
f 3609 3608 4071
f 3589 4107 3605
f 3555 4071 4113
f 3558 4070 3555
f 3589 3555 4113
f 4107 3589 4113
f 3608 4107 4113
f 4010 4114 4012
f 4010 4115 4114
f 4010 4012 3995
f 4115 4116 4114
f 4114 4117 4118
f 4105 4117 4116
f 4116 4117 4114
f 4118 4011 4012
f 4012 4114 4118
f 4117 4011 4118
f 4119 4103 4120
f 4121 4122 3909
f 4119 4100 4103
f 4121 4119 4120
f 4103 4105 4120
f 4105 4116 4115
f 4120 4105 4115
f 4122 4120 4115
f 4123 4122 4115
f 4122 4121 4120
f 4123 4115 4010
f 4123 4010 4009
f 3932 3964 3963
f 3909 3600 4121
f 4119 4121 3600
f 3909 4122 3910
f 3910 4122 4123
f 3913 4009 3916
f 3910 4123 3913
f 4123 4009 3913
f 3602 4119 3600
f 4003 4008 4124
f 4106 4110 4104
f 4125 4069 4126
f 4127 4128 4125
f 4109 4127 4125
f 4112 4127 4108
f 4109 4125 4110
f 4112 4051 4127
f 4108 4127 4109
f 4070 4071 3555
f 4127 4051 4068
f 4125 4128 4069
f 4068 4050 4069
f 4068 4069 4128
f 4127 4068 4128
f 4112 4063 4051
f 4071 4063 4112
f 4069 4129 4126
f 4130 4131 4037
f 4132 4080 4024
f 4133 4132 4024
f 4134 4133 4024
f 4135 4133 4134
f 4134 4024 4020
f 4136 4133 4135
f 4137 4129 4136
f 4137 4136 4135
f 4131 4134 4020
f 4135 4134 4131
f 4130 4137 4131
f 4131 4023 4027
f 4020 4023 4131
f 4131 4137 4135
f 4037 4131 4027
f 4138 4117 4105
f 4104 4110 4105
f 4105 4110 4138
f 4139 4130 4037
f 4139 4037 4038
f 4117 4139 4038
f 4117 4038 4011
f 4140 4126 4137
f 4140 4130 4139
f 4110 4125 4140
f 4110 4140 4138
f 4130 4140 4137
f 4125 4126 4140
f 4138 4140 4139
f 4139 4117 4138
f 4126 4129 4137
f 4101 4100 3627
f 4141 3609 4101
f 3609 4111 4101
f 3606 3609 4141
f 3606 4141 3627
f 3627 4141 4101
f 3602 3624 4119
f 3624 3627 4100
f 4119 3624 4100
f 3627 3624 3623
f 4142 4143 4144
f 4143 4142 4145
f 4142 4144 4146
f 4145 4142 4147
f 4148 4149 4150
f 4151 4148 4150
f 4149 2715 4150
f 4150 2715 2717
f 4150 2717 2719
f 4150 2719 2721
f 2721 4152 4150
f 4152 2721 4153
f 4153 2721 4154
f 4154 2724 2725
f 4154 2721 2724
f 4155 4148 4151
f 3699 3702 4156
f 4157 3702 4158
f 4157 4156 3702
f 4159 4158 3724
f 3726 3724 4158
f 3702 3726 4158
f 3754 4160 3753
f 4148 3754 4149
f 4160 3754 4148
f 4158 4159 4148
f 4158 4148 4155
f 4155 4157 4158
f 4161 4154 2725
f 4161 2725 2675
f 4154 4161 4162
f 4162 4161 2675
f 4162 2675 2677
f 4163 4162 2771
f 2771 4162 2677
f 4164 4165 4166
f 4142 4146 4167
f 4168 4142 4167
f 4168 4145 4147
f 4147 4142 4168
f 4166 4145 4164
f 4168 4167 4169
f 4169 4170 4168
f 4169 4153 4171
f 4170 4169 4171
f 4171 4153 4154
f 4171 4154 4172
f 4171 4172 4173
f 4172 4154 4163
f 4172 4163 3921
f 4172 3921 4174
f 4175 4171 4173
f 4163 4154 4162
f 4163 2771 3921
f 4174 3921 3923
f 3921 2769 2891
f 2771 2769 3921
f 4170 4171 4175
f 4176 4170 4175
f 3754 2716 2715
f 3754 2715 4149
f 3754 3752 2716
f 4151 4150 4152
f 4177 4143 4166
f 4166 4178 4177
f 4179 4177 4178
f 4166 4143 4145
f 4165 4178 4166
f 4180 4181 4144
f 4177 4180 4143
f 4143 4180 4144
f 4177 4179 4180
f 4182 4183 4184
f 4183 4152 4184
f 4184 4152 4169
f 4169 4182 4184
f 4169 4152 4153
f 4185 4186 4182
f 4186 4187 4183
f 4182 4186 4183
f 4188 3729 3710
f 3710 3703 3707
f 3710 3707 4189
f 4156 3700 3699
f 3700 3707 3698
f 4190 3700 4156
f 3729 3708 3710
f 4191 4189 4190
f 4190 4192 4191
f 4188 3710 4189
f 4156 4157 4190
f 4190 4157 4192
f 4190 3707 3700
f 4189 3707 4190
f 4193 4194 4195
f 4196 4197 4194
f 4198 4199 4195
f 4165 4200 4178
f 4201 4178 4200
f 4199 4202 4203
f 4203 4178 4201
f 4204 4205 4206
f 4207 4208 4196
f 4209 4208 4210
f 4205 4209 4210
f 4210 4208 4207
f 4211 4212 4213
f 4214 4211 4213
f 4215 4216 4209
f 4217 4213 4212
f 4217 4212 4218
f 4216 4208 4209
f 4212 4215 4218
f 4219 4212 4211
f 4212 4219 4215
f 4219 4220 4215
f 4216 4221 4208
f 4220 4221 4216
f 4220 4216 4215
f 4222 4219 4211
f 4219 4223 4224
f 4224 4221 4220
f 4219 4224 4220
f 4215 4209 4205
f 4218 4215 4204
f 4217 4189 4213
f 4204 4215 4205
f 4206 4218 4204
f 4206 4217 4218
f 4208 4197 4196
f 4225 3729 4188
f 4226 4188 4189
f 4044 4043 3993
f 4045 4044 4047
f 4047 4227 4228
f 4228 4227 4229
f 4230 4047 4228
f 4225 4044 3993
f 4044 4225 4226
f 4044 4226 4227
f 4047 4044 4227
f 4227 4226 4229
f 4217 4206 4189
f 4229 4226 4206
f 4226 4189 4206
f 4213 4189 4231
f 4225 3993 3729
f 4225 4188 4226
f 4189 4191 4231
f 4146 4144 4167
f 4167 4182 4169
f 4144 4182 4167
f 4232 4233 4234
f 4234 4233 4235
f 4236 4237 4233
f 4238 4239 4240
f 4238 4240 4241
f 4240 4242 4241
f 4243 4241 4242
f 4244 4245 4238
f 4238 4245 4246
f 4238 4246 4239
f 4247 4248 4245
f 4249 4242 4250
f 4242 4251 4250
f 2481 2483 4252
f 2513 4253 4252
f 2483 2513 4252
f 2477 2483 2481
f 4254 4255 4256
f 4255 4257 4256
f 4254 4258 4259
f 4256 4257 4260
f 4256 4260 4258
f 4255 4261 4257
f 4254 4256 4258
f 4261 4262 4257
f 1973 1991 4261
f 4262 4261 1991
f 4262 1991 2482
f 4263 4260 4257
f 4253 2489 4263
f 2489 4260 4263
f 2488 2489 4253
f 2513 2488 4253
f 4262 4263 4257
f 4264 4263 4262
f 2481 4252 2482
f 4252 4262 2482
f 4262 4252 4264
f 4264 4253 4263
f 4252 4253 4264
f 1972 1973 4261
f 4094 4073 4072
f 4046 4047 4092
f 4092 4047 4230
f 4092 4230 4094
f 4093 4092 4094
f 4265 4266 4267
f 4268 4269 4266
f 4270 4271 4269
f 4272 4270 4269
f 4268 4272 4269
f 4268 4266 4265
f 4273 4268 4265
f 4273 4265 4274
f 4275 4276 4273
f 4273 4276 4277
f 4277 4268 4273
f 4276 4270 4272
f 4277 4272 4268
f 4278 4271 4270
f 4278 4270 4276
f 4279 4278 4276
f 4277 4276 4272
f 4280 4273 4274
f 4157 4155 4192
f 4213 4271 4214
f 4278 4214 4271
f 4281 4211 4214
f 4281 4214 4278
f 4281 4282 4222
f 4281 4222 4211
f 4187 4151 4183
f 4151 4152 4183
f 4271 4213 4231
f 4274 4283 4151
f 4274 4151 4187
f 4274 4265 4283
f 4267 4151 4283
f 4265 4267 4283
f 4280 4274 4187
f 4267 4155 4151
f 4269 4271 4231
f 4191 4269 4231
f 4192 4155 4266
f 4266 4155 4267
f 4192 4266 4269
f 4191 4192 4269
f 4284 4275 4285
f 4285 4273 4280
f 4285 4275 4273
f 4286 4280 4187
f 4287 4186 4185
f 4287 4286 4186
f 4286 4187 4186
f 4094 4228 4288
f 4094 4288 4073
f 4095 4288 4289
f 4228 4290 4288
f 4289 4288 4290
f 4095 4289 4097
f 4075 4288 4095
f 4073 4288 4075
f 4193 4195 4291
f 4291 4195 4292
f 4293 4291 4292
f 4292 4195 4199
f 4229 4206 4205
f 4210 4229 4205
f 4196 4194 4193
f 4207 4196 4294
f 4196 4193 4294
f 4294 4193 4291
f 4207 4294 4290
f 4293 4290 4294
f 4210 4207 4290
f 4294 4291 4293
f 4210 4290 4228
f 4094 4230 4228
f 4228 4229 4210
f 4295 4296 4235
f 4296 4234 4235
f 4297 4296 4295
f 4298 4234 4296
f 4298 4296 4297
f 4299 4300 4301
f 4299 4301 4224
f 4223 4299 4224
f 4299 4302 4300
f 4235 4299 4223
f 4303 4299 4235
f 4304 4303 4237
f 4237 4303 4235
f 4235 4219 4222
f 4235 4223 4219
f 4222 4295 4235
f 4295 4222 4282
f 4295 4282 4297
f 4233 4237 4235
f 4305 4306 4307
f 4305 4307 4300
f 4307 4301 4300
f 1855 1859 1857
f 4308 1859 1858
f 1858 4306 4305
f 4308 1858 4302
f 4302 1858 4305
f 4309 4310 4311
f 4311 4312 4313
f 1861 1857 4314
f 4308 4315 4311
f 4314 4311 4313
f 1859 4311 4314
f 1859 4314 1857
f 4316 4317 4308
f 1859 4308 4311
f 4246 4316 4302
f 4246 4302 4303
f 4246 4303 4239
f 4317 4318 4315
f 4315 4309 4311
f 4317 4315 4308
f 4248 4317 4316
f 4316 4246 4245
f 4302 4316 4308
f 4302 4299 4303
f 4302 4305 4300
f 4239 4303 4304
f 4239 4304 4240
f 4240 4304 4319
f 4319 4304 4237
f 4310 4309 4320
f 4315 4318 4309
f 4309 4321 4320
f 4318 4321 4309
f 4248 4318 4317
f 4245 4248 4316
f 4314 4313 2492
f 1861 4314 4322
f 4314 2492 4322
f 4323 4324 4325
f 1896 1892 1897
f 1900 4326 1902
f 1902 1854 1896
f 4326 1854 1902
f 4326 1858 1854
f 1858 1855 1854
f 4306 1858 4326
f 4306 4326 4327
f 4306 4327 4307
f 1902 1896 1899
f 1899 1906 1901
f 4254 1971 4255
f 4255 1971 4261
f 4328 4254 4259
f 4329 4330 4331
f 4332 1920 4331
f 4333 4332 4334
f 1920 1917 1918
f 1906 1917 4332
f 4332 4331 4330
f 4334 4330 4329
f 4334 4332 4330
f 4332 1917 1920
f 4334 4329 4335
f 4333 1906 4332
f 1901 1906 4333
f 4336 1901 4333
f 4337 4335 4338
f 4331 1920 4339
f 4329 4331 4339
f 1920 4340 4339
f 4339 4340 4341
f 4342 4329 4339
f 4342 4339 4343
f 4343 4341 4328
f 4335 4342 4338
f 4344 4342 4343
f 4337 4338 4324
f 4324 4338 4344
f 4339 4341 4343
f 4335 4329 4342
f 4338 4342 4344
f 4328 4341 4254
f 4254 4341 4340
f 4340 1970 4254
f 4344 4343 4345
f 4340 1920 1970
f 4254 1970 1971
f 4261 1971 1972
f 4202 4198 4346
f 4195 4194 4198
f 4202 4346 4178
f 4198 4202 4199
f 4178 4203 4202
f 4279 4281 4278
f 4347 4297 4282
f 4348 4349 4297
f 4297 4347 4348
f 4350 4347 4279
f 4347 4281 4279
f 4298 4297 4349
f 4351 4298 4349
f 4281 4347 4282
f 4198 4352 4353
f 4198 4353 4346
f 4194 4354 4198
f 4198 4354 4352
f 4346 4179 4178
f 4346 4353 4355
f 4355 4179 4346
f 4356 4355 4353
f 4357 3134 3178
f 3134 3138 3178
f 4358 3134 4357
f 4359 2005 4360
f 4359 4361 2005
f 3137 4361 4359
f 3137 4359 4362
f 3138 3137 3220
f 4361 3137 3144
f 3220 3137 4362
f 4363 3152 4364
f 3152 3151 4364
f 3152 4363 3158
f 4365 3158 4363
f 3153 3152 3158
f 4366 3158 4367
f 4367 3158 4365
f 3150 3206 4364
f 3151 3150 4364
f 4368 3169 3168
f 4368 3168 4369
f 4370 4371 4372
f 4373 3157 3158
f 4371 4373 3158
f 4371 3158 4372
f 4372 3158 4374
f 4374 3158 4366
f 4375 4357 4373
f 3157 4357 3178
f 4357 3157 4373
f 4370 4373 4371
f 4376 4377 4378
f 4377 4375 4378
f 4375 4373 4378
f 4358 4357 4377
f 4377 4357 4375
f 4379 4380 4381
f 4382 4380 4379
f 4383 4384 4385
f 4385 4382 4386
f 4387 4384 4388
f 4384 4383 4389
f 4386 4382 4379
f 4385 4386 4383
f 4386 4379 4383
f 4383 4379 4390
f 3207 3169 4368
f 3206 4368 4391
f 3207 4368 3206
f 4364 3206 4391
f 3205 3206 3150
f 3177 4362 3221
f 3220 4362 3177
f 3177 3221 3178
f 3178 3221 3179
f 4392 2007 2002
f 4393 4392 2002
f 3223 4393 3219
f 3223 3219 3225
f 4362 4394 3221
f 3221 4394 3222
f 4360 2005 2004
f 4362 4360 4394
f 4360 2004 3222
f 3223 3222 4393
f 4359 4360 4362
f 4360 3222 4394
f 2004 4392 3222
f 4392 2004 2007
f 3222 4392 4393
f 4393 2002 2001
f 3219 4393 2001
f 4380 4395 4396
f 4387 4397 4385
f 4384 4387 4385
f 4395 4387 4388
f 4397 4395 4380
f 4387 4395 4397
f 4397 4380 4382
f 4385 4397 4382
f 4398 3012 4399
f 4400 4399 4401
f 4402 4403 4404
f 4405 4404 4403
f 4398 3035 3012
f 4406 2009 4407
f 2009 4406 4408
f 4409 4408 4406
f 4408 4409 2019
f 2011 4410 4407
f 4407 4410 4411
f 2009 2011 4407
f 4412 4413 2014
f 4412 4414 4413
f 2014 4413 2010
f 4410 4414 4415
f 4414 4410 4413
f 2010 4413 2011
f 2011 4413 4410
f 4411 4410 4416
f 4410 4415 4416
f 2028 4412 2014
f 4408 2012 2009
f 2012 4408 2019
f 4411 4416 4417
f 4407 4411 4418
f 4416 4415 4419
f 3379 3381 4420
f 3379 4420 2536
f 2536 4420 4421
f 2536 4421 2533
f 2527 2536 2533
f 4421 4422 2533
f 3381 3376 4420
f 2535 3379 2536
f 2533 4422 2534
f 3340 2063 3391
f 3340 3391 2061
f 2063 2018 3391
f 4423 2019 4409
f 4409 4424 4423
f 3435 4425 4423
f 2019 4423 4425
f 3435 4423 3436
f 2018 2017 4426
f 2018 4426 3428
f 3429 3428 4426
f 3429 4427 3433
f 3391 2018 3428
f 3392 3428 3429
f 4426 4427 3429
f 4425 3435 4427
f 4427 3435 3433
f 2019 4426 2017
f 2019 4427 4426
f 2019 4425 4427
f 3430 3432 4428
f 3430 4428 3370
f 3432 3436 4429
f 3434 3436 3432
f 3434 3432 3431
f 4430 4431 4432
f 4428 4431 4430
f 3376 4430 4420
f 4430 4432 4420
f 4432 4421 4420
f 4421 4432 4422
f 4432 4433 4434
f 4432 4434 4422
f 3370 4428 4430
f 3370 4430 3376
f 2559 4435 4436
f 4422 4435 2534
f 2534 4435 2559
f 3432 4437 4438
f 3432 4438 4428
f 4434 4435 4422
f 4428 4438 4431
f 4438 4433 4431
f 4431 4433 4432
f 4434 4433 4439
f 4440 4441 3579
f 4440 4070 4441
f 3578 3583 4442
f 2559 4436 3553
f 4443 4444 4442
f 4442 3583 3571
f 4443 4445 4444
f 4442 3571 4443
f 4446 4447 4445
f 4436 4446 3585
f 4445 3585 4446
f 4436 3585 3553
f 4448 3578 4449
f 4447 4444 4445
f 4449 4444 4447
f 3578 4442 4449
f 4444 4449 4442
f 3578 4448 3579
f 3579 4441 3559
f 4434 4439 4435
f 4435 4439 4447
f 4435 4447 4446
f 4436 4435 4446
f 4439 4433 4450
f 4439 4449 4447
f 4439 4450 4449
f 4448 4451 3579
f 4452 4451 4448
f 4452 4448 4450
f 4450 4448 4449
f 4451 4440 3579
f 4440 4453 4454
f 4455 4453 4440
f 4456 4457 4458
f 4457 4417 4459
f 4457 4459 4458
f 4458 4459 4460
f 4418 4411 4417
f 4424 4417 4457
f 4424 4406 4418
f 3436 4424 4456
f 4406 4407 4418
f 4418 4417 4424
f 4409 4406 4424
f 4424 4457 4456
f 4416 4461 4417
f 3436 4456 4429
f 3436 4423 4424
f 4456 4458 4429
f 4462 4463 4459
f 4463 4464 4459
f 4461 4462 4417
f 4463 4465 4464
f 4459 4464 4460
f 4464 4440 4466
f 4437 4458 4467
f 3432 4429 4437
f 4429 4458 4437
f 4437 4467 4438
f 4464 4466 4460
f 4467 4458 4460
f 4467 4460 4466
f 4467 4466 4452
f 4466 4451 4452
f 4466 4440 4451
f 4438 4467 4433
f 4433 4467 4452
f 4433 4452 4450
f 4468 4469 4470
f 4471 4470 4472
f 3929 4468 4470
f 3930 3929 4470
f 4473 4469 4474
f 4474 4469 4475
f 4470 4469 4472
f 4469 4473 4472
f 4476 4472 4473
f 3458 4477 3465
f 3458 3598 4477
f 4477 3598 4478
f 3472 3598 3458
f 4479 3465 4477
f 3527 3463 4479
f 3463 3465 4479
f 4479 3528 3527
f 4480 3528 4481
f 3528 4479 4482
f 4482 4483 4484
f 3528 4482 4481
f 4477 4482 4479
f 4481 4482 4484
f 2216 4480 2214
f 4483 4485 4484
f 2231 4480 4481
f 2231 4481 4484
f 4480 2231 2214
f 2231 4484 2232
f 3528 4480 2216
f 2559 3554 2560
f 3553 3554 2559
f 4441 4070 3559
f 3567 3568 4486
f 4487 3568 4488
f 3568 3569 4488
f 3569 3595 4488
f 4489 3560 3552
f 3573 3577 3574
f 4486 3577 3567
f 3575 3561 3571
f 3576 3575 3571
f 3585 4445 4489
f 4445 4443 4489
f 3570 4489 3552
f 3585 4489 3570
f 3571 3572 4443
f 4489 4443 3560
f 4443 3572 3560
f 3553 3585 3486
f 3598 4490 4478
f 4478 4490 4491
f 4477 4478 4482
f 4478 4492 4482
f 3475 3599 4493
f 3598 4493 4490
f 3599 4494 4493
f 4490 4493 4494
f 3598 3475 4493
f 4492 4478 4491
f 4482 4492 4483
f 4492 4491 4495
f 4490 4494 4491
f 4491 4494 4496
f 4494 3601 4496
f 4494 3599 3601
f 2794 3590 2795
f 3621 2795 3590
f 2795 2786 2785
f 2782 2795 2785
f 2790 4497 2791
f 4486 3568 4487
f 4487 4488 4498
f 2792 4498 4488
f 4497 4498 2791
f 3646 4497 2790
f 3574 3577 3646
f 3577 4487 3646
f 4487 4497 3646
f 4486 4487 3577
f 4487 4498 4497
f 3595 2794 2793
f 4488 3595 2793
f 4488 2793 2792
f 2791 4498 2783
f 2783 4498 2792
f 2793 2795 2782
f 2795 3621 2786
f 2284 4499 2286
f 2286 4499 2295
f 4401 4500 4402
f 4500 4403 4402
f 4501 3035 4398
f 4400 4398 4399
f 3041 3035 4501
f 4502 2301 2302
f 2284 2289 4499
f 2302 2303 4503
f 2314 4502 4503
f 2288 4502 2314
f 4502 2302 4503
f 2309 2287 2284
f 2288 2301 4502
f 2284 2287 2289
f 4504 4505 4506
f 4505 4507 4506
f 3012 3014 4399
f 3014 3021 3024
f 3661 3024 3656
f 4399 3014 3024
f 3664 3657 4504
f 3657 3658 4504
f 4504 3658 4505
f 3656 3657 3664
f 4508 3662 3663
f 4508 3663 3664
f 4508 3664 4504
f 4405 4509 4404
f 4404 3662 4508
f 4404 4509 3662
f 4402 4404 4508
f 4412 4510 4414
f 4510 4511 4414
f 4414 4511 4415
f 4511 4510 4512
f 4513 4514 4515
f 4516 4513 4510
f 4510 4517 4512
f 4510 4513 4517
f 4510 4412 4516
f 4516 4412 2028
f 4518 4519 4520
f 2331 2025 2024
f 4521 4513 2028
f 2027 4521 2028
f 4513 4521 4514
f 2028 4513 4516
f 4522 2331 4520
f 4519 4522 4520
f 2025 2331 2328
f 4522 2328 2331
f 4523 2328 4522
f 4521 2328 4523
f 2328 4521 2027
f 4523 4524 4514
f 4521 4523 4514
f 3762 4525 4526
f 4526 3745 4527
f 2330 907 3745
f 4520 2055 2329
f 4520 2329 2330
f 4520 2330 4518
f 2055 4520 2331
f 907 2055 908
f 2330 2055 907
f 4526 2330 3745
f 4518 2330 4526
f 4518 4526 4525
f 4511 4512 4528
f 4415 4511 4528
f 4419 4415 4528
f 3668 3665 4529
f 4528 3668 4529
f 4530 4529 3665
f 4530 4419 4529
f 4530 3665 3677
f 4419 4528 4529
f 4531 3675 3669
f 4531 3669 3666
f 3666 3674 4531
f 4532 4533 3674
f 4515 4524 3674
f 4534 4517 4513
f 4512 4517 3673
f 4528 4512 3668
f 4513 4515 4534
f 4534 4515 3674
f 4534 3674 3673
f 4517 4534 3673
f 3673 3668 4512
f 4533 3675 4531
f 4524 4532 3674
f 4531 3674 4533
f 4535 4536 4537
f 4538 4519 4518
f 4532 4519 4538
f 4524 4523 4522
f 4515 4514 4524
f 4522 4519 4524
f 4524 4519 4532
f 4539 4540 3678
f 4539 3762 4540
f 4525 3762 4539
f 3678 4540 3679
f 4525 4538 4518
f 4539 4538 4525
f 3678 3685 4539
f 3696 4539 3685
f 3696 4538 4539
f 3682 3696 3685
f 4533 3681 3690
f 4533 3690 3675
f 3696 4533 4532
f 4532 4538 3696
f 3762 3679 4540
f 4533 3696 3681
f 4527 3745 3746
f 3746 3745 3330
f 907 622 3745
f 3745 622 624
f 3761 4527 3746
f 3761 3746 3751
f 4526 4527 3762
f 3762 4527 3761
f 907 908 625
f 4416 4419 4461
f 4419 4530 4462
f 4462 4530 4463
f 4461 4419 4462
f 4463 4530 4465
f 4459 4417 4462
f 4464 4465 4440
f 4465 4530 3677
f 4440 4465 3981
f 3981 4455 4440
f 3981 4536 4455
f 4503 2303 4541
f 4503 4541 2314
f 4542 4543 4544
f 4544 4543 4545
f 4546 4543 4542
f 4546 4547 4543
f 4548 4549 4545
f 4544 4545 4549
f 4548 4550 4551
f 4551 2831 4548
f 4551 2827 2831
f 4547 4552 4543
f 4543 4552 4545
f 4545 4553 4548
f 4545 4552 4553
f 4548 4553 4550
f 4553 4554 4550
f 4549 4548 2813
f 4548 2831 2813
f 2811 2813 2831
f 2813 2825 2862
f 2862 4549 2813
f 2812 2825 2813
f 2832 2828 2827
f 4555 2827 4551
f 2832 2827 4555
f 4555 4551 2817
f 2817 2832 4555
f 2832 2817 2815
f 4549 2862 2864
f 4556 4542 4544
f 4556 4557 4542
f 4558 4557 4556
f 4558 4559 4557
f 4544 4549 4560
f 4558 4556 4560
f 4556 4544 4560
f 2864 2848 4549
f 2876 4549 2848
f 2876 2877 4560
f 4561 4560 2877
f 2889 4562 4561
f 2877 2889 4561
f 2848 2847 2876
f 4549 2876 4560
f 4559 4558 4563
f 4563 4558 4560
f 4561 4563 4560
f 4564 4472 2469
f 4476 2469 4472
f 4565 4566 4567
f 4568 4565 4567
f 4567 4566 4546
f 4569 4546 4566
f 4567 4546 4542
f 4570 4568 4567
f 4571 4572 4573
f 4574 4575 4565
f 4574 4565 4568
f 4573 4572 4566
f 4575 4571 4565
f 4571 4573 4565
f 4565 4573 4566
f 4546 4569 4547
f 4468 4475 4469
f 4474 4475 4571
f 4475 4572 4571
f 4474 4571 4575
f 4576 4577 4578
f 4578 4568 4570
f 4576 4578 4579
f 4557 4567 4542
f 4559 4579 4557
f 4578 4570 4579
f 4567 4557 4570
f 4579 4570 4557
f 4578 4574 4568
f 4577 4574 4578
f 4476 4473 4474
f 4476 4474 4575
f 4575 4574 4577
f 4576 3855 4577
f 4580 4576 4581
f 4580 4581 4563
f 4562 4580 4563
f 4562 4563 4561
f 3855 4576 3851
f 3851 4576 4580
f 4581 4576 4579
f 3859 4580 4562
f 3858 4562 2889
f 4563 4581 4559
f 4579 4559 4581
f 1041 1103 1102
f 1041 913 1103
f 1104 910 1187
f 3764 4582 3929
f 3929 4582 4468
f 3771 4582 3764
f 3771 4583 4582
f 3772 3769 4583
f 3863 3768 3765
f 3771 3772 4583
f 4584 4585 3832
f 4585 3906 3908
f 4584 3906 4585
f 4585 3796 3828
f 3832 4585 3828
f 4585 3908 3797
f 4585 3797 3796
f 909 1189 1187
f 1187 4586 4587
f 1187 1189 4586
f 4588 3818 3820
f 4588 3822 3818
f 4589 1187 4587
f 4590 4587 4591
f 4590 4591 4588
f 3834 3829 3830
f 3834 3836 3833
f 2347 2348 4592
f 4485 4592 2348
f 2347 4592 2349
f 2232 4484 2348
f 4484 4485 2348
f 4550 4554 4551
f 4593 4551 4554
f 4547 4594 4552
f 4552 4594 4553
f 4553 4595 4554
f 4596 4593 4597
f 2817 4596 2820
f 2820 4596 4598
f 2818 2817 2820
f 4596 4599 4598
f 4597 4599 4596
f 4551 4593 4596
f 4596 2817 4551
f 3768 4600 4583
f 4601 4594 4569
f 4569 4594 4547
f 4602 4603 4604
f 4604 4605 4606
f 4600 4605 4604
f 4606 4605 4607
f 4608 4606 4609
f 4609 4606 4610
f 4610 4606 4607
f 4611 4612 4613
f 4608 4609 4595
f 4595 4593 4554
f 4609 4593 4595
f 4609 4610 4613
f 4609 4613 4593
f 4610 4611 4613
f 4614 4583 4603
f 4583 4600 4603
f 4583 4614 4615
f 4615 4614 4616
f 4572 4616 4614
f 4614 4603 4601
f 4604 4603 4600
f 4601 4603 4602
f 4617 4618 4607
f 4600 4619 4605
f 4605 4617 4607
f 4601 4602 4594
f 4594 4602 4608
f 4604 4606 4608
f 4602 4604 4608
f 4608 4595 4594
f 4594 4595 4553
f 4605 4619 4620
f 4620 4617 4605
f 4593 4612 4597
f 4621 4622 4623
f 4624 4621 4623
f 4607 4618 4621
f 4625 4622 4621
f 4597 4612 4626
f 4627 4621 4624
f 4626 4627 4628
f 4629 4621 4627
f 4629 4626 4612
f 4629 4627 4626
f 4626 4628 4597
f 2820 4598 2888
f 4597 4628 4630
f 4628 4627 4624
f 4597 4630 4599
f 2888 4598 1006
f 2888 1006 1008
f 4628 4631 4630
f 4632 1006 4598
f 4598 4599 4632
f 1007 1006 4632
f 4610 4607 4611
f 4607 4629 4611
f 4607 4621 4629
f 4611 4629 4612
f 4593 4613 4612
f 4625 4633 4622
f 4634 4635 4633
f 4636 4633 4621
f 4621 4633 4625
f 4633 4635 4622
f 4636 4618 4617
f 4636 4621 4618
f 4620 4636 4617
f 4636 4637 4633
f 4638 4637 4620
f 4620 4637 4636
f 4637 4634 4633
f 4639 4640 4641
f 4641 4640 4642
f 4642 4643 4644
f 4639 4645 4640
f 4640 4645 4642
f 4645 4643 4642
f 4624 4646 4647
f 4624 4623 4646
f 4648 4649 1192
f 1192 4649 1029
f 1029 1190 1099
f 1199 1191 4650
f 1191 1190 4650
f 1190 4649 4648
f 1190 4648 4650
f 4650 4648 1192
f 4650 1192 1193
f 4650 1193 4586
f 4643 4651 4644
f 4652 4644 4653
f 4649 1190 1029
f 1193 1196 4652
f 1193 4652 4586
f 4586 4652 4654
f 4652 4653 4654
f 4655 4642 4652
f 4642 4644 4652
f 4624 4656 4628
f 4628 4656 4631
f 4599 4630 4631
f 4624 4647 4656
f 4599 4657 4632
f 4599 4631 4657
f 4656 4647 4658
f 1196 1011 1007
f 1196 1007 4632
f 1195 1011 1196
f 4657 4631 4659
f 4631 4658 4659
f 4657 4659 4655
f 4658 4641 4659
f 4658 4639 4641
f 4659 4641 4655
f 4641 4642 4655
f 4656 4658 4631
f 4647 4639 4658
f 4632 4657 1196
f 1196 4657 4655
f 1196 4655 4652
f 3862 4660 4661
f 4662 4619 4661
f 4619 4662 4638
f 4638 4663 4664
f 4660 4662 4661
f 4662 4663 4638
f 4664 4665 4666
f 4664 4666 4638
f 4661 4619 4600
f 4620 4619 4638
f 4637 4638 4666
f 4666 4634 4637
f 4666 4665 4634
f 4667 3820 3853
f 1102 1197 1042
f 4587 4590 1197
f 3849 3851 4580
f 2351 2469 4476
f 2351 4476 2353
f 4566 4601 4569
f 4661 4600 3768
f 3769 3768 4583
f 4582 4583 4615
f 4582 4615 4468
f 4468 4668 4475
f 4468 4615 4668
f 4615 4616 4668
f 4572 4601 4566
f 4572 4614 4601
f 4475 4668 4616
f 4616 4572 4475
f 4476 4575 3855
f 4575 4577 3855
f 2355 3854 3856
f 1198 2355 2334
f 4667 2355 1198
f 2355 4667 3854
f 1198 1054 1197
f 4667 1198 1197
f 3853 3854 4667
f 1197 4590 4667
f 3856 3857 2889
f 2889 2340 2355
f 3859 3849 4580
f 3850 3849 3859
f 2354 2353 3855
f 2355 3856 2889
f 3858 3859 4562
f 3857 3841 3858
f 2889 3857 3858
f 2353 4476 3855
f 2356 4584 3832
f 2357 3832 3861
f 2356 3832 2357
f 3832 3831 3861
f 3863 4661 3768
f 3862 3865 4660
f 3865 3860 4660
f 3863 3767 4661
f 4661 3767 3862
f 3862 3864 3865
f 3861 3860 3865
f 4669 4584 2356
f 4623 4622 4646
f 4670 3893 3871
f 4635 4671 4622
f 4622 4671 4646
f 4672 4673 4670
f 4673 4672 4635
f 4635 4672 4671
f 4634 4673 4635
f 3893 4670 4673
f 3893 4673 4674
f 4646 3879 4675
f 4647 4675 4639
f 3880 3875 4676
f 4645 3880 4643
f 4646 4675 4647
f 3879 3873 3880
f 4675 3879 4645
f 4639 4675 4645
f 3879 3880 4645
f 4677 3878 3879
f 4671 4677 4646
f 4646 4677 3879
f 3871 3868 3881
f 1189 1199 4586
f 1199 4650 4586
f 3875 3877 4676
f 4676 3877 4651
f 4643 4676 4651
f 4644 4651 4678
f 4644 4678 4653
f 4678 4679 4680
f 3880 4676 4643
f 3877 4679 4651
f 4651 4679 4678
f 4671 4672 4677
f 4672 3881 4677
f 4677 3881 3878
f 4670 3871 3881
f 4670 3881 4672
f 4681 3882 3816
f 3877 3882 4681
f 4682 3822 4588
f 4683 3816 3822
f 4681 3816 4683
f 4587 4586 4591
f 4682 4683 3822
f 4682 4588 4591
f 4684 4683 4682
f 4684 4680 4683
f 4653 4680 4684
f 4679 3877 4681
f 4680 4679 4681
f 4678 4680 4653
f 4586 4654 4591
f 4654 4682 4591
f 4684 4682 4654
f 4653 4684 4654
f 4680 4681 4683
f 3888 3886 3889
f 3890 3889 4665
f 3836 3835 3892
f 4685 3836 4686
f 3836 3892 4686
f 4686 3892 4687
f 3890 4687 3892
f 3860 3833 4685
f 4685 3833 3836
f 4685 4660 3860
f 4660 4685 4662
f 4662 4685 4663
f 4664 4663 4687
f 4685 4686 4663
f 4686 4687 4663
f 4687 3890 4665
f 4687 4665 4664
f 4674 3887 3893
f 3889 4674 4665
f 3889 3887 4674
f 4665 4674 4673
f 4665 4673 4634
f 3903 2350 3896
f 4590 3820 4667
f 3820 4590 4588
f 1102 1103 4589
f 1103 1104 4589
f 1187 4589 1104
f 1197 1102 4589
f 1197 4589 4587
f 4483 4492 4688
f 4492 4495 4688
f 4491 4496 4495
f 4689 4690 4691
f 3911 3912 4690
f 4692 4669 4691
f 4669 3906 4584
f 4691 4669 2356
f 4691 2356 4592
f 4592 2356 2349
f 4691 4690 4692
f 4690 3914 4692
f 3912 3914 4690
f 4485 4693 4592
f 4692 3914 3915
f 3915 3907 3906
f 4688 4689 4691
f 4689 3911 4690
f 4688 4495 4689
f 4496 3601 3911
f 4689 4495 4496
f 4496 3911 4689
f 4483 4688 4485
f 4693 4691 4592
f 4688 4691 4693
f 4485 4688 4693
f 4669 4692 3906
f 4692 3915 3906
f 4694 4695 4696
f 4697 4698 4699
f 1317 1318 804
f 1323 1366 1315
f 1328 4700 1323
f 1366 4694 4696
f 1318 1317 4696
f 4695 4694 1323
f 1323 4694 1366
f 1323 4700 4695
f 4700 4701 4695
f 4697 4699 4702
f 4702 4699 1328
f 4702 1328 1368
f 4699 4703 1328
f 4702 4698 4697
f 1328 4704 4700
f 1368 1370 4702
f 1409 1410 1370
f 1370 1410 4705
f 4705 4706 1370
f 1370 4698 4702
f 1370 4707 4698
f 1370 4706 4708
f 4708 4709 1370
f 1410 4710 4705
f 4711 4401 4712
f 4712 4401 4402
f 4713 3109 3039
f 3109 3040 3039
f 4713 3039 4501
f 4714 4713 4501
f 3109 3046 3040
f 4501 3039 3041
f 4715 4400 4716
f 4711 4716 4717
f 4401 4711 4717
f 4718 4400 4715
f 4715 4716 4711
f 2281 2294 2361
f 2294 2285 2295
f 2295 4719 2294
f 2982 2899 2896
f 4720 2896 4721
f 4722 4723 4724
f 4723 4725 4726
f 4722 4725 4723
f 4499 4727 4728
f 4729 4730 4731
f 4724 4732 4722
f 4722 3918 3919
f 4733 4734 4732
f 4734 3923 3922
f 4734 3922 4732
f 3922 3918 4722
f 4732 3922 4722
f 4733 4732 4724
f 4730 4733 4731
f 4733 4730 4734
f 4722 3919 4725
f 3919 3920 4725
f 3920 3924 4725
f 2289 4727 4499
f 4727 2289 2314
f 2972 4735 4736
f 4736 4735 4737
f 2975 2971 3003
f 2971 2972 4736
f 2974 4735 2972
f 2971 4736 4738
f 4736 4737 4738
f 4737 4739 4738
f 4737 4740 4739
f 2974 2983 4735
f 4735 4741 4737
f 4740 4741 4742
f 2983 4741 4735
f 4741 4740 4737
f 4743 2896 4720
f 4743 4744 4741
f 2983 2982 4741
f 2982 4743 4741
f 2982 2896 4743
f 4739 4740 4745
f 4742 4741 4744
f 4744 4743 4720
f 4744 4720 4721
f 4746 4747 4748
f 3930 4470 4471
f 4749 4472 4564
f 4471 4472 4749
f 2470 4564 2469
f 4749 4564 2470
f 3930 3961 3960
f 4726 4725 4750
f 4750 3925 3957
f 3957 3959 4750
f 3958 3960 3959
f 4726 4750 3959
f 3959 3962 4746
f 3962 4751 4746
f 3960 3962 3959
f 3961 4751 3962
f 3959 4746 4752
f 3961 4749 4751
f 4725 3924 3925
f 4725 3925 4750
f 4753 4754 4746
f 4751 4753 4746
f 4754 4747 4746
f 4746 4748 4752
f 4749 4753 4751
f 4755 4754 4753
f 4754 4755 4747
f 2470 4755 4753
f 4747 4755 2470
f 4753 4749 2470
f 3961 3930 4471
f 3961 4471 4749
f 4756 4757 4758
f 4756 4758 3904
f 4759 4758 4757
f 4760 4747 4759
f 4757 4760 4759
f 3903 4761 2350
f 4761 2359 2350
f 3903 3904 4761
f 4759 2359 4761
f 3965 4762 3966
f 3965 3966 3901
f 4761 3904 4758
f 3904 3966 4756
f 4758 4759 4761
f 4759 2470 2359
f 4759 4747 2470
f 4763 4764 2472
f 4764 2471 2472
f 4765 3956 2450
f 2457 2450 3956
f 4764 4763 4748
f 4763 2474 2447
f 2445 4763 2447
f 2472 2474 4763
f 2472 2473 2474
f 2474 2473 2453
f 4752 4748 4763
f 3981 4766 4537
f 3981 3987 4766
f 4033 4767 4768
f 4033 4768 4124
f 4007 4001 4769
f 4002 4001 4007
f 4007 4006 4002
f 3932 4004 4007
f 4007 4769 3932
f 4096 4099 4015
f 4099 4770 4015
f 4770 4771 4015
f 4771 4770 4772
f 4015 4771 4030
f 4031 4771 4767
f 4771 4773 4767
f 4031 4767 4033
f 4030 4771 4031
f 4008 4033 4124
f 4034 4031 4033
f 4034 4029 4031
f 4774 4201 4200
f 3339 4063 4070
f 4748 4747 4760
f 4098 4775 4770
f 4770 4099 4098
f 3966 4762 4776
f 4756 4776 4777
f 3966 4776 4756
f 4760 4757 4756
f 3965 4778 4762
f 3964 4778 3965
f 3964 4769 4778
f 3964 3932 4769
f 4764 4779 4765
f 4764 4765 2451
f 2471 4764 2451
f 2451 4765 2450
f 4756 4764 4748
f 4762 4778 4776
f 4780 4781 4779
f 4780 4779 4764
f 4776 4780 4777
f 4779 4124 4782
f 4124 4768 4782
f 4760 4756 4748
f 4756 4777 4780
f 4780 4764 4756
f 4781 4001 4003
f 4778 4001 4781
f 4778 4781 4776
f 4778 4769 4001
f 4003 4124 4781
f 4776 4781 4780
f 4124 4779 4781
f 4070 4440 4454
f 4070 4454 3339
f 4465 3677 3981
f 4537 4536 3981
f 4775 4783 4770
f 4770 4783 4772
f 4784 4785 4775
f 4541 4727 2314
f 4541 4774 4727
f 4786 4728 4176
f 4164 4728 4165
f 4176 4728 4145
f 4728 4164 4145
f 4727 4774 4728
f 4774 4165 4728
f 4165 4774 4200
f 4176 4145 4168
f 4176 4168 4170
f 4787 4729 4176
f 4787 4176 4175
f 4729 4787 4730
f 4787 4175 4730
f 4172 4174 4730
f 4730 4175 4173
f 4730 4173 4172
f 4174 3923 4730
f 4734 4730 3923
f 4233 4788 4789
f 4233 4232 4788
f 4232 4790 4788
f 4790 4232 4791
f 4232 4792 4791
f 4232 4234 4792
f 4793 4792 4351
f 4251 4794 4795
f 4789 4794 4796
f 4797 4798 4799
f 4794 4797 4799
f 4790 4791 4800
f 4788 4790 4797
f 4791 4792 4793
f 4788 4797 4794
f 4789 4788 4794
f 4242 4240 4251
f 4319 4236 4801
f 4789 4801 4236
f 4251 4240 4801
f 4240 4319 4801
f 4801 4789 4796
f 4236 4233 4789
f 4802 4803 4804
f 4805 4806 4802
f 4804 4803 4807
f 4808 4809 4803
f 4803 4810 4807
f 4803 4809 4810
f 4811 4810 4812
f 4806 4803 4802
f 4806 4808 4803
f 4813 4807 4814
f 4808 4806 4815
f 4807 4810 4814
f 4808 4815 4816
f 4808 4816 4809
f 4810 4809 4812
f 4809 4816 4812
f 4815 4817 4816
f 4812 4816 4818
f 4815 4819 4817
f 4818 4817 4820
f 4811 4818 4820
f 4817 4821 4820
f 4822 4820 4243
f 4820 4821 4243
f 4243 4821 4241
f 4249 4823 4243
f 4812 4818 4811
f 4816 4817 4818
f 4811 4820 4822
f 4819 4244 4817
f 4817 4244 4821
f 4249 4243 4242
f 4824 4802 4804
f 4825 4802 4824
f 4825 4824 4826
f 4825 4805 4802
f 4804 4813 4824
f 4827 4826 4824
f 4813 4804 4807
f 4805 4828 4806
f 4321 4828 4805
f 4806 4828 4829
f 4806 4829 4815
f 4321 4830 4828
f 4828 4830 4829
f 4318 4830 4321
f 4830 4831 4829
f 4815 4829 4831
f 4821 4238 4241
f 4815 4831 4819
f 4831 4247 4819
f 4831 4830 4248
f 4831 4248 4247
f 4819 4247 4244
f 4247 4245 4244
f 4821 4244 4238
f 4250 4251 4832
f 4251 4796 4794
f 4249 4250 4833
f 4251 4801 4796
f 4834 4835 4836
f 4827 4824 4813
f 4826 4827 4834
f 4834 4827 4835
f 4837 4349 4348
f 4837 4351 4349
f 4838 4351 4837
f 4837 4348 4839
f 4800 4791 4793
f 4840 4793 4838
f 4838 4793 4351
f 4800 4793 4840
f 4293 4841 4290
f 4289 4290 4784
f 4290 4841 4784
f 4784 4097 4289
f 4784 4775 4097
f 4098 4097 4775
f 4774 4541 4842
f 4201 4774 4203
f 4774 4842 4199
f 4199 4203 4774
f 4842 4292 4199
f 4792 4234 4298
f 4351 4792 4298
f 4311 4310 4312
f 4310 4825 4312
f 4319 4237 4236
f 1876 1875 4843
f 4320 4321 4805
f 4312 4825 4826
f 4312 4826 4834
f 4320 4805 4825
f 4320 4825 4310
f 4830 4318 4248
f 4313 4312 4834
f 4843 1861 4322
f 4843 4322 4844
f 4844 4322 2491
f 2492 4313 2493
f 4313 4836 2493
f 2491 4322 2492
f 4313 4834 4836
f 2511 4844 2509
f 2509 2491 2512
f 2511 2509 2496
f 2509 2512 2510
f 2506 4843 4844
f 2506 4844 2511
f 4844 2491 2509
f 2506 1876 4843
f 4843 1875 1861
f 4845 4846 4847
f 4848 4849 4845
f 4845 4849 4846
f 4850 2997 4851
f 4852 4853 2994
f 4852 2994 2996
f 4850 2996 2997
f 2995 4854 4855
f 2995 4855 4856
f 4855 4857 4858
f 4856 4855 4858
f 4858 4859 4848
f 4851 4856 4847
f 4856 4858 4847
f 4853 2992 2994
f 4860 4861 4862
f 4852 2996 4850
f 4849 4860 4862
f 4859 4860 4849
f 2995 4856 2997
f 4848 4859 4849
f 4857 4859 4858
f 2997 4856 4851
f 4858 4848 4845
f 4858 4845 4847
f 4863 4864 4865
f 4863 4865 4852
f 4866 4864 4863
f 4864 4867 4865
f 4863 4852 4850
f 4865 4853 4852
f 4850 4868 4863
f 4868 4869 4863
f 4870 2732 4850
f 2732 4868 4850
f 2734 4868 2732
f 2905 2900 2902
f 2896 2898 4871
f 4872 4871 4873
f 2896 4871 4861
f 4721 2896 4861
f 4721 4861 4860
f 2905 2902 2898
f 2898 2902 4873
f 2898 4873 4871
f 4726 3959 4874
f 3126 3192 4875
f 4875 4876 4877
f 4877 3126 4875
f 3192 4876 4875
f 4878 4879 4880
f 4876 4879 4881
f 4881 4879 4878
f 4879 4876 3188
f 3191 3188 4876
f 4876 3192 3191
f 3143 3144 3142
f 3143 4881 3144
f 3143 4876 4881
f 4876 3143 4877
f 3144 2005 4361
f 3144 4878 2005
f 2005 4878 2006
f 4878 3144 4881
f 3126 4877 3143
f 3193 3180 3186
f 4882 3193 3186
f 4883 3193 4884
f 3193 3192 3180
f 4882 3186 3187
f 3193 4882 4884
f 4882 3187 3202
f 3187 3184 3202
f 4885 4882 3202
f 3189 3190 3193
f 3189 3193 4883
f 4886 3201 2001
f 4883 4884 2003
f 2003 4884 4886
f 4886 4884 4885
f 4885 3202 3201
f 3202 3197 3201
f 4886 4885 3201
f 2002 4883 2003
f 3184 3194 3202
f 4884 4882 4885
f 2001 2003 4886
f 2008 3189 2002
f 3189 4883 2002
f 3000 2995 2993
f 3000 3003 4887
f 4887 3003 4739
f 4739 4888 4887
f 3000 4887 4854
f 3000 4854 2995
f 4738 4739 3003
f 3003 2971 4738
f 2006 4880 2007
f 4878 4880 2006
f 4880 2008 2007
f 4880 4879 2008
f 4879 3188 2008
f 4868 4889 4890
f 2734 2750 4891
f 4891 4889 2734
f 4891 4892 4889
f 2732 2735 2734
f 2750 4892 4891
f 2734 4889 4868
f 4859 4893 4860
f 4894 4745 4857
f 4894 4857 4855
f 4888 4745 4894
f 4893 4857 4745
f 4893 4859 4895
f 4857 4893 4895
f 4895 4859 4857
f 4893 4744 4721
f 4742 4744 4893
f 4740 4742 4745
f 4745 4742 4893
f 4739 4745 4888
f 4893 4721 4860
f 4888 4894 4887
f 4854 4887 4855
f 4855 4887 4894
f 2750 3004 4896
f 4897 4898 4867
f 4865 4899 4853
f 4853 4900 2992
f 4897 4867 4864
f 4899 4900 4853
f 3004 3001 4896
f 4896 3001 3006
f 4901 3005 4902
f 4897 4902 3005
f 3001 3002 3006
f 4903 4897 3005
f 3002 4903 3005
f 4901 3006 3005
f 4904 4892 2750
f 4903 4898 4897
f 4898 4903 2992
f 4865 4898 4899
f 4899 4898 4900
f 4900 4898 2992
f 4867 4898 4865
f 2999 4903 3002
f 2992 4903 2999
f 4901 4905 4904
f 4904 4905 4906
f 4901 4904 3006
f 3006 4904 4896
f 4904 2750 4896
f 4906 4905 4890
f 4868 4890 4869
f 4905 4901 4907
f 4890 4907 4869
f 4869 4907 4863
f 4905 4907 4890
f 4889 4906 4890
f 4902 4897 4864
f 4907 4901 4902
f 4902 4864 4866
f 4907 4866 4863
f 4907 4902 4866
f 4904 4906 4892
f 4889 4892 4906
f 4908 4909 4910
f 4911 4910 4909
f 4910 4912 4913
f 4910 4913 4908
f 4399 3661 4403
f 4405 3661 4509
f 4500 4401 4399
f 4500 4399 4403
f 4403 3661 4405
f 4914 4908 4915
f 4916 4914 4915
f 4917 4918 4916
f 4919 4920 4921
f 4919 4922 4920
f 4921 4920 4923
f 4924 4923 4920
f 4925 4926 4924
f 4925 4924 4927
f 4920 4922 4927
f 4924 4920 4927
f 4916 4915 4928
f 4917 4926 4929
f 4917 4916 4928
f 4917 4928 4924
f 4929 4926 4930
f 4915 4921 4923
f 4926 4917 4924
f 4915 4923 4928
f 4924 4928 4923
f 4931 4925 4932
f 4925 4930 4926
f 4933 4925 4927
f 4930 4925 4931
f 4925 4933 4932
f 4932 4934 4931
f 4930 4931 4935
f 4929 4930 4935
f 4913 4936 4908
f 4915 4936 4921
f 4915 4908 4936
f 4936 4937 4921
f 4938 4939 4940
f 4938 4933 4927
f 4922 4938 4927
f 4922 4941 4938
f 4940 4933 4938
f 4933 4940 4932
f 4936 4913 4937
f 4942 4943 4937
f 4921 4937 4943
f 4944 4945 4946
f 4946 4945 4947
f 4945 4948 4949
f 4950 4947 4951
f 4943 4946 4952
f 4919 4943 4952
f 4919 4952 4950
f 4921 4943 4919
f 4946 4947 4952
f 4952 4947 4950
f 4919 4950 4922
f 4947 4945 4953
f 4949 4954 4953
f 4953 4955 4951
f 4951 4955 4956
f 4948 4957 4949
f 4949 4957 4954
f 4945 4949 4953
f 4951 4947 4953
f 4956 4950 4951
f 4954 4958 4953
f 4953 4958 4955
f 4956 4939 4941
f 4955 4958 4959
f 4959 4958 4960
f 4956 4961 4939
f 4956 4955 4959
f 4956 4959 4961
f 4950 4941 4922
f 4950 4956 4941
f 4962 4963 4964
f 324 323 322
f 324 4962 323
f 4962 327 323
f 327 4962 325
f 325 4962 330
f 4965 4966 4967
f 4966 4965 4968
f 4969 4970 4968
f 328 330 4962
f 4965 4969 4968
f 4941 4939 4938
f 4971 4972 4970
f 4973 4971 4970
f 4962 4964 4974
f 4974 4964 4975
f 4964 4963 4975
f 4975 4963 4976
f 3285 3319 4977
f 4978 3320 4977
f 3320 3285 4977
f 4979 4980 4981
f 4980 4982 4983
f 4981 4980 4983
f 4982 4984 4985
f 4984 4986 4985
f 4979 4987 4988
f 4979 4981 4987
f 4989 4988 4987
f 4990 3321 3270
f 4983 3321 4990
f 4983 4982 4991
f 4982 4985 4991
f 4977 3319 4985
f 4991 4985 3321
f 4985 3319 3321
f 4983 4991 3321
f 4985 4986 4977
f 4978 4992 3320
f 4978 4977 4986
f 4983 4990 4993
f 4990 3270 3276
f 4994 4929 4995
f 4994 4995 4996
f 4929 4935 4995
f 4995 4935 4996
f 4996 4935 4997
f 4998 4999 4934
f 4935 4931 4999
f 4931 4934 4999
f 4994 4996 5000
f 5000 4996 5001
f 343 5002 344
f 5003 4998 5004
f 4998 5005 5004
f 5003 5004 5006
f 5006 5004 5007
f 5008 5003 5006
f 362 5008 5006
f 5001 4996 5009
f 5010 5009 5011
f 5009 5012 5011
f 4997 5008 5009
f 5012 5009 5008
f 4997 5003 5008
f 5009 4996 4997
f 5011 5012 357
f 5003 4999 4998
f 4997 4999 5003
f 4997 4935 4999
f 404 5013 5010
f 404 5010 5011
f 361 5006 356
f 5014 5006 5007
f 343 5014 5002
f 347 362 361
f 362 5006 361
f 5006 5014 356
f 343 356 5014
f 5014 5007 5002
f 5015 5000 5001
f 5016 5017 5015
f 5015 5001 5013
f 5015 5013 5016
f 5009 5010 5013
f 5001 5009 5013
f 358 362 347
f 404 5011 357
f 357 5012 5008
f 357 5008 362
f 5018 5019 5020
f 5021 5022 5023
f 5024 5021 5020
f 5021 5025 5022
f 5026 5027 368
f 368 5027 365
f 368 367 5026
f 5023 5022 5028
f 5023 5028 5029
f 318 378 370
f 4963 4962 324
f 316 318 324
f 377 370 378
f 5028 5030 5029
f 5030 4963 5029
f 324 5029 4963
f 5020 5021 5023
f 5031 5018 5020
f 5020 5023 5031
f 5023 5032 5031
f 5027 5018 5031
f 370 365 5027
f 5031 5032 5027
f 5032 5023 5029
f 370 5027 5032
f 370 5032 5029
f 370 5029 324
f 318 370 324
f 377 371 370
f 4976 5030 4965
f 4963 5030 4976
f 5020 5019 5024
f 5024 579 5033
f 5024 5033 5021
f 5015 5017 5034
f 404 5034 5017
f 404 5017 5016
f 5035 5036 5037
f 5035 5015 5036
f 5036 5015 5038
f 5038 5015 5034
f 403 5036 5038
f 403 5038 5034
f 403 5034 404
f 404 5016 5013
f 5039 5035 5037
f 5015 5035 5000
f 5040 5041 5042
f 5043 5040 5042
f 446 5043 5044
f 5043 5025 5044
f 5043 5042 5025
f 4969 5045 4973
f 5045 5046 5047
f 5046 5045 4969
f 5045 5048 4973
f 5048 5049 4973
f 5041 5050 5051
f 5042 5041 5047
f 5051 5049 5048
f 5047 5052 5042
f 5051 5048 5045
f 5051 5045 5041
f 5041 5045 5047
f 5005 5050 5004
f 5004 5050 5040
f 5040 5050 5041
f 344 5002 5053
f 344 5053 438
f 5002 5007 5053
f 5043 5053 5040
f 5053 5043 438
f 5053 5007 5040
f 438 5043 446
f 5044 443 446
f 5007 5004 5040
f 5054 5030 5052
f 5052 5030 5028
f 5030 5054 4965
f 4969 4973 4970
f 5046 5054 5047
f 5047 5054 5052
f 5054 5046 4969
f 5054 4969 4965
f 579 578 5033
f 443 5044 444
f 444 5044 5033
f 444 5033 621
f 578 621 5033
f 5021 5033 5025
f 5025 5028 5022
f 5025 5052 5028
f 5033 5044 5025
f 5052 5025 5042
f 4967 4976 4965
f 5055 5056 5057
f 602 5058 603
f 5059 5019 5018
f 5060 5059 5018
f 5026 5060 5018
f 5026 367 373
f 520 374 375
f 5026 5061 5060
f 5062 5061 5063
f 5061 5026 5063
f 5027 5026 5018
f 5063 5026 373
f 520 5062 5063
f 374 5063 373
f 520 5063 374
f 696 363 522
f 521 5062 520
f 696 695 521
f 696 521 363
f 563 561 558
f 565 563 558
f 5019 576 5024
f 5064 5065 5019
f 5066 5067 5059
f 5068 5069 5070
f 5070 5066 5059
f 5059 5071 5064
f 5070 5072 569
f 5070 5069 5072
f 569 5072 568
f 5070 5059 5068
f 5019 5059 5064
f 5068 5059 5060
f 577 5064 5071
f 5071 5067 577
f 577 5067 569
f 5066 5070 5067
f 5059 5067 5071
f 5067 5070 569
f 576 5073 577
f 5024 576 575
f 5073 5065 577
f 5065 5064 577
f 577 569 574
f 5019 5073 576
f 5065 5073 5019
f 575 579 5024
f 5074 5069 5068
f 5074 580 5072
f 5069 5074 5072
f 568 5072 580
f 582 580 5075
f 5075 580 5074
f 5075 5074 5068
f 5075 5068 5060
f 5061 5075 5060
f 5076 582 5075
f 580 582 557
f 5062 5075 5061
f 5077 581 582
f 5077 582 5076
f 5078 5077 5076
f 5079 5078 5076
f 521 695 5062
f 5080 5079 5076
f 5076 5075 5080
f 5062 5080 5075
f 695 5080 5062
f 581 565 558
f 565 581 5078
f 5078 581 5077
f 5057 602 597
f 594 403 585
f 403 5039 5037
f 403 5037 5036
f 592 872 593
f 5081 595 5035
f 595 5081 5082
f 5039 5082 5081
f 5039 5081 5035
f 587 592 593
f 595 5082 594
f 403 594 5039
f 594 5082 5039
f 597 5083 5055
f 597 5055 5057
f 519 518 597
f 3272 3278 3276
f 5084 3276 3278
f 5085 3276 5084
f 5085 5086 3276
f 5085 5084 4453
f 4455 5087 5085
f 5088 4987 4535
f 4987 4981 4535
f 5088 4535 4537
f 4455 4536 5089
f 5087 4993 5086
f 4535 4981 5089
f 5089 4981 4993
f 4993 5087 5089
f 4993 4990 5086
f 4990 3276 5086
f 5087 5086 5085
f 4981 4983 4993
f 5087 4455 5089
f 5084 3278 5090
f 3278 3308 5090
f 5090 3308 3337
f 5090 3337 4454
f 3389 3388 3401
f 3400 3406 3401
f 4454 3337 3339
f 5084 5090 4454
f 5091 5092 3420
f 5093 3401 3406
f 5092 5093 3420
f 5092 3401 5093
f 5093 3423 3420
f 5093 3406 3423
f 4453 5084 4454
f 4455 5085 4453
f 5094 5095 5096
f 5094 5096 5097
f 679 699 5098
f 5099 5098 5100
f 5096 5099 5101
f 5100 5098 699
f 5099 5100 5101
f 682 5102 5103
f 682 5103 685
f 1779 5102 682
f 683 1779 682
f 5103 5104 5105
f 5106 5104 5103
f 5105 5094 5103
f 685 5107 701
f 5102 5106 5103
f 685 701 686
f 5103 5107 685
f 5108 5097 5109
f 5109 695 5108
f 5108 695 697
f 701 5108 697
f 5110 5079 5080
f 5110 5080 695
f 5109 5110 695
f 5096 5101 5097
f 699 567 564
f 564 565 5078
f 5101 564 5111
f 5111 5078 5079
f 5111 564 5078
f 5100 699 564
f 564 5101 5100
f 5097 5101 5111
f 5109 5097 5110
f 5110 5111 5079
f 5097 5111 5110
f 5108 5107 5097
f 5107 5108 701
f 5103 5094 5097
f 5103 5097 5107
f 2312 2292 5112
f 5112 2292 5113
f 5113 2292 736
f 2292 2312 2290
f 4913 4912 4937
f 4937 4912 4942
f 4942 4946 4943
f 4942 4944 4946
f 5114 5115 4957
f 4945 4944 4948
f 4948 5114 4957
f 4716 4400 4717
f 4501 4398 4400
f 4400 4401 4717
f 5116 5117 5118
f 5116 5118 2313
f 5118 5117 2305
f 5119 5116 5120
f 5121 5120 5122
f 5122 5120 2313
f 5122 2313 2312
f 5122 2312 5112
f 5120 5116 2313
f 5118 2290 2313
f 5118 2305 2290
f 5123 4909 4914
f 4909 4908 4914
f 5123 4914 5124
f 5125 5124 4918
f 5126 5125 4918
f 5126 4918 4917
f 4918 5124 4916
f 5124 4914 4916
f 5127 5125 5128
f 5125 5126 5128
f 5125 5123 5124
f 5126 4917 4929
f 4994 5126 4929
f 5129 5130 5131
f 5130 5132 5133
f 5131 5133 5000
f 5133 5131 5130
f 5127 5128 5132
f 5128 5126 4994
f 5132 5128 5133
f 5133 5128 5000
f 5000 5128 4994
f 5056 5134 602
f 5056 602 5057
f 5135 5130 5129
f 5129 5136 5135
f 5035 5131 5000
f 5136 5129 872
f 872 5129 5137
f 872 5134 5136
f 602 5134 599
f 5134 872 599
f 5058 599 603
f 5138 808 5135
f 5138 5135 5136
f 5134 5138 5136
f 5137 5129 5131
f 5137 5131 5035
f 593 5137 595
f 872 5137 593
f 595 5137 5035
f 591 872 592
f 601 600 599
f 601 599 589
f 589 599 872
f 5058 602 599
f 5139 5140 4940
f 5140 5139 5141
f 5139 4940 4939
f 3048 3050 3049
f 5142 5143 4506
f 5144 5142 5145
f 5145 4506 5146
f 5147 5146 5148
f 5147 5148 5149
f 4504 4506 5143
f 5115 5142 5144
f 5142 4506 5145
f 4506 4507 5146
f 4507 5148 5146
f 5143 5115 4508
f 5142 5115 5143
f 5114 4402 5115
f 5144 5150 4958
f 5145 5146 5151
f 4958 5150 5152
f 5152 5150 5151
f 5152 5151 5153
f 5151 5154 5153
f 4960 5152 5153
f 4957 5115 5144
f 4957 5144 4954
f 4954 5144 4958
f 5144 5145 5150
f 5145 5151 5150
f 5146 5147 5151
f 4958 5152 4960
f 5155 5156 4959
f 4959 5156 4961
f 4960 5153 5155
f 4960 5155 4959
f 3658 3089 4505
f 4399 3024 3661
f 4509 3661 3662
f 3657 3083 3658
f 4508 4504 5143
f 4508 5115 4402
f 3116 5157 3090
f 3086 3103 3090
f 5156 5141 4939
f 5158 5141 5156
f 5141 5139 4939
f 4961 5156 4939
f 5159 5160 5161
f 5160 5162 5161
f 5161 5162 5163
f 5163 5164 5165
f 5161 5163 5165
f 5161 5165 5166
f 4535 5089 4536
f 5167 5168 5169
f 5168 3733 3734
f 5170 5169 5171
f 5168 3734 5169
f 3740 3733 5168
f 5170 5167 5169
f 3724 3721 5172
f 4159 3724 5172
f 3721 5167 5172
f 3721 3740 5167
f 3740 5168 5167
f 4159 5172 5170
f 5170 5172 5167
f 5171 5169 5091
f 3734 5092 5091
f 5091 3420 5171
f 5169 3734 5091
f 3734 3401 5092
f 3734 3389 3401
f 4160 4159 5170
f 4160 5170 3753
f 5170 5171 3753
f 3753 5171 5173
f 3752 5173 3420
f 5171 3420 5173
f 3753 5173 3752
f 5174 1213 1244
f 5174 5134 5056
f 5175 5056 5083
f 5055 5083 5056
f 1204 5175 1206
f 1206 5175 5083
f 518 1206 5083
f 5174 1244 5138
f 1289 1208 808
f 1289 1207 1208
f 1244 1289 5138
f 5134 5174 5138
f 1208 806 808
f 5138 1289 808
f 5176 1246 5177
f 5178 5177 1242
f 5177 5178 5179
f 5176 5177 5179
f 1242 1214 5178
f 5178 1214 1213
f 5180 5176 5179
f 5181 5180 5179
f 5176 5180 5182
f 5183 5182 5180
f 5182 5184 5185
f 5184 5186 5185
f 5185 5176 5182
f 5186 1237 1236
f 5186 1248 1246
f 5177 1247 1242
f 1246 1247 5177
f 5186 1236 1248
f 5176 5186 1246
f 5185 5186 5176
f 5179 5178 5187
f 1213 5174 5188
f 5178 1213 5188
f 5178 5188 5187
f 5181 5179 1277
f 5179 5187 1277
f 1277 5187 1204
f 5187 5188 5175
f 5187 5175 1204
f 5056 5188 5174
f 5188 5056 5175
f 597 518 5083
f 1293 5181 1277
f 5189 4911 4909
f 5189 4909 5123
f 4911 5190 4910
f 4700 5191 4696
f 5192 4696 5191
f 4695 4700 4696
f 4695 4701 4700
f 4700 5193 5191
f 5130 5192 5191
f 4696 5192 5135
f 5135 5192 5130
f 5194 4911 5189
f 5195 5196 5194
f 5195 5194 5189
f 5125 5189 5123
f 5195 5189 5125
f 4699 4698 5193
f 4703 4699 5193
f 5193 5196 5195
f 4704 4703 5193
f 5191 5193 5195
f 4704 5193 4700
f 5191 5195 5127
f 5127 5195 5125
f 5132 5191 5127
f 5132 5130 5191
f 5194 5197 4911
f 5198 5197 5194
f 5196 5198 5194
f 4698 5199 5193
f 5193 5199 5196
f 5196 5199 5198
f 5200 5201 5202
f 5201 5113 5203
f 5203 5204 5202
f 5113 736 5203
f 5200 5112 5201
f 5201 5112 5113
f 5205 5206 5207
f 5206 5205 5208
f 5207 5206 4710
f 5209 5207 4710
f 5210 5211 5212
f 5211 5213 5212
f 5213 5121 5122
f 5213 5200 5212
f 5122 5200 5213
f 5212 5200 5214
f 5122 5112 5200
f 5214 5215 5212
f 5207 5216 5205
f 5214 5200 5216
f 5217 5214 5207
f 5214 5216 5207
f 5200 5202 5216
f 5201 5203 5202
f 5218 5217 5207
f 5218 5207 5219
f 5220 5217 5218
f 5215 5214 5217
f 5220 5212 5215
f 5217 5220 5215
f 5206 5221 4710
f 1410 1364 5209
f 1410 5209 4710
f 5221 5206 5222
f 5223 5224 5225
f 5226 5224 5223
f 5223 5227 5226
f 5228 5226 5227
f 4710 5221 5229
f 5230 5231 5232
f 5209 5233 5231
f 5231 5207 5209
f 5219 5234 5218
f 5231 5230 5234
f 5231 5234 5219
f 5231 5219 5207
f 5235 5236 5237
f 5235 5237 5234
f 5237 5220 5234
f 5234 5220 5218
f 5238 5236 5235
f 5220 5236 5212
f 5237 5236 5220
f 1354 1360 5232
f 5233 1352 1354
f 1352 5233 5209
f 5232 5231 5233
f 1354 5232 5233
f 1352 5209 1364
f 1507 5239 5232
f 1507 5232 1360
f 4696 1317 1316
f 808 805 1318
f 5135 1318 4696
f 808 1318 5135
f 1316 1366 4696
f 1328 4703 4704
f 1212 1237 1210
f 4912 5240 4942
f 5197 5190 4911
f 4910 5190 5241
f 5241 5242 4912
f 4910 5241 4912
f 5242 5240 4912
f 4712 4402 5243
f 5240 4944 4942
f 5244 4944 5240
f 5244 4948 4944
f 5244 5243 5114
f 4402 5114 5243
f 5244 5114 4948
f 5228 4718 5245
f 5246 5226 5247
f 5226 5228 5247
f 5228 5245 5247
f 5227 4714 5228
f 5228 4714 4718
f 5245 4715 4711
f 5245 4711 4712
f 5245 4712 5243
f 5247 5245 5243
f 4718 4715 5245
f 4706 4705 4710
f 5248 5249 5250
f 5250 5249 5251
f 5221 5251 5249
f 5251 5221 5226
f 5250 5251 5252
f 5248 5250 5197
f 5251 5226 5252
f 5197 5250 5252
f 5248 5197 5198
f 5246 5252 5226
f 4708 5229 5253
f 5229 5221 5249
f 5248 5253 5249
f 4709 5253 4707
f 4709 4707 1370
f 4709 4708 5253
f 4707 5253 5199
f 5253 5229 5249
f 4707 5199 4698
f 5199 5253 5248
f 5198 5199 5248
f 4708 4706 5229
f 4706 4710 5229
f 5197 5252 5190
f 5242 5246 5244
f 5252 5246 5241
f 5190 5252 5241
f 5246 5247 5244
f 5246 5242 5241
f 5247 5243 5244
f 5244 5240 5242
f 3050 3045 3107
f 5254 3108 5225
f 5223 5225 5227
f 5225 4713 5227
f 5225 3108 3109
f 5225 3109 4713
f 5227 4713 4714
f 4714 4501 4718
f 4501 4400 4718
f 5254 3107 3108
f 3043 3044 3108
f 3043 3108 3107
f 5255 5256 1505
f 5255 1505 5257
f 5257 1505 1413
f 1505 5258 1508
f 5256 5258 1505
f 5259 5260 5261
f 5261 5260 5262
f 5262 5263 5261
f 2360 2305 5261
f 2297 2360 5261
f 5264 5263 5262
f 5260 5264 5262
f 5263 5265 5261
f 5266 5267 5268
f 5266 5268 5269
f 5270 5266 5269
f 5260 5271 5264
f 5264 5267 5266
f 5270 5272 5266
f 5266 5263 5264
f 5272 5263 5266
f 5270 5269 5273
f 5258 5256 5270
f 5272 5270 5256
f 5267 5271 5268
f 5268 5274 5275
f 5268 5271 5274
f 5275 5274 5276
f 5275 5276 5235
f 5277 5275 5235
f 5232 5278 5230
f 5232 5239 5278
f 5273 5277 5278
f 5278 5277 5230
f 5277 5234 5230
f 5268 5275 5277
f 5258 5278 5239
f 5258 5270 5278
f 5268 5277 5273
f 5269 5268 5273
f 5270 5273 5278
f 5277 5235 5234
f 5276 5238 5235
f 5258 5239 1508
f 1507 1508 5239
f 5279 5271 5260
f 5279 5117 5116
f 5117 5259 2305
f 2305 5259 5261
f 5279 5260 5259
f 5117 5279 5259
f 5280 5121 5210
f 5238 5280 5210
f 5281 5280 5238
f 5274 5281 5238
f 5238 5210 5236
f 5271 5281 5274
f 5281 5279 5282
f 5281 5271 5279
f 5211 5210 5121
f 5236 5210 5212
f 5276 5274 5238
f 5264 5271 5267
f 5121 5280 5119
f 5280 5281 5119
f 5281 5282 5119
f 5282 5116 5119
f 5119 5120 5121
f 5211 5121 5213
f 5282 5279 5116
f 5204 5203 5283
f 5203 736 5283
f 5283 736 2293
f 2282 2361 2293
f 2293 2361 5283
f 736 737 2293
f 5284 5285 5286
f 5287 5284 5286
f 5285 5288 5286
f 5286 5288 5289
f 5288 5290 5289
f 2361 2294 5291
f 5291 2294 4719
f 5292 5293 5294
f 5208 5295 5285
f 5285 5295 5296
f 5297 5298 5295
f 5295 5298 5296
f 5288 5285 5296
f 5296 5293 5290
f 5296 5298 5294
f 5296 5294 5293
f 5288 5296 5290
f 5206 5208 5284
f 5208 5285 5284
f 5206 5284 5287
f 5294 5299 5292
f 2361 5291 5299
f 5299 5294 5297
f 5294 5298 5297
f 5202 5204 5216
f 5204 5208 5205
f 2361 5297 5283
f 2361 5299 5297
f 5216 5204 5205
f 5204 5295 5208
f 5204 5283 5295
f 5283 5297 5295
f 5300 5301 5302
f 5303 5304 5305
f 5306 5307 5304
f 5286 5308 5287
f 5309 5310 5311
f 5254 5308 5309
f 5312 5302 5313
f 5313 5302 5314
f 5289 5315 5316
f 5290 5293 5315
f 5289 5290 5315
f 5316 5315 5312
f 5315 5293 5317
f 5312 5315 5302
f 5315 5318 5302
f 5319 3267 5320
f 5321 5319 5307
f 5322 5321 5307
f 3267 3265 2702
f 5323 3267 2702
f 5324 3267 5319
f 5321 5324 5319
f 5320 3267 5323
f 5307 5319 5304
f 5304 5319 5305
f 5320 5325 5326
f 5305 5320 5326
f 5321 5314 5302
f 5302 5301 5327
f 5324 5327 3267
f 5302 5327 5324
f 5302 5324 5321
f 5310 5312 5313
f 5310 5313 5328
f 5328 5313 5322
f 5322 5313 5314
f 5328 5322 5329
f 5329 5322 5330
f 5314 5321 5322
f 5286 5289 5316
f 5311 5310 5331
f 5286 5316 5308
f 5308 5312 5310
f 5332 5331 3110
f 3093 5332 3110
f 5309 5308 5310
f 5331 3053 5311
f 3053 5331 5332
f 5308 5316 5312
f 3093 3053 5332
f 5331 5310 5328
f 3110 5331 5328
f 3095 3093 3110
f 3266 3267 5327
f 5319 5320 5305
f 5323 2702 2704
f 5320 5323 5325
f 3049 3107 5309
f 3049 3050 3107
f 5311 3049 5309
f 3049 5311 3053
f 5309 3107 5254
f 3053 3052 3049
f 5254 5222 5287
f 5222 5254 5224
f 5254 5287 5308
f 5224 5254 5225
f 5206 5287 5222
f 5221 5222 5226
f 5222 5224 5226
f 5333 5304 5303
f 5303 5334 5333
f 5303 5305 5334
f 5335 5333 5336
f 5333 5334 5336
f 3116 5337 5338
f 3103 3116 3090
f 5305 5326 5334
f 5334 5326 5339
f 5340 5341 5342
f 5341 5343 5344
f 5344 5343 5345
f 5346 5343 5341
f 5343 5347 5345
f 5347 4724 4723
f 2295 4786 4719
f 4499 4786 2295
f 4719 4786 5348
f 5291 4719 5348
f 5348 4786 4729
f 5349 5348 4729
f 5349 4729 4731
f 5350 5349 4731
f 5350 4731 5346
f 5346 4731 5351
f 4731 4733 5351
f 4733 4724 5347
f 4733 5347 5351
f 5346 5351 5343
f 5343 5351 5347
f 5352 5353 5330
f 5352 5330 5307
f 3114 5353 5352
f 3111 5353 3114
f 3111 3066 5353
f 3113 3066 3111
f 3115 3114 5352
f 5352 5307 5306
f 3112 3115 5306
f 3112 5306 5337
f 3112 5337 3116
f 5306 5304 5337
f 3115 5352 5306
f 5330 5322 5307
f 5328 5329 5330
f 5353 5328 5330
f 3066 5328 5353
f 3110 5328 3066
f 3105 3110 3066
f 5354 5355 5356
f 5357 5358 5359
f 5358 5318 5359
f 5356 5355 5360
f 2922 2910 5361
f 5354 5318 5358
f 5354 5358 5355
f 5357 5362 5358
f 5358 5362 5363
f 2922 5364 5365
f 5361 5360 2922
f 5360 5364 2922
f 5360 5355 5364
f 5362 5350 5346
f 5362 5346 5363
f 5292 5366 5359
f 5366 5348 5349
f 5359 5366 5357
f 5366 5349 5362
f 5357 5366 5362
f 5362 5349 5350
f 5292 5299 5366
f 5299 5291 5348
f 5299 5348 5366
f 5315 5317 5318
f 5302 5354 5356
f 5300 2910 5301
f 5302 5318 5354
f 5302 5356 5300
f 2910 5367 5301
f 5367 5368 5369
f 5301 5369 5327
f 5369 5368 5370
f 5368 2940 2939
f 5370 2943 2945
f 5356 5361 5300
f 5301 5367 5369
f 5361 2910 5300
f 2912 5367 2910
f 5367 2940 5368
f 2912 2940 5367
f 5368 2939 5370
f 5369 3266 5327
f 5369 5370 3266
f 2939 2943 5370
f 5370 2945 3266
f 5361 5356 5360
f 3266 2945 2952
f 2945 2946 2952
f 2945 2944 2946
f 5293 5359 5317
f 5359 5293 5292
f 2923 2922 5365
f 5355 5340 5364
f 5355 5358 5340
f 5365 5364 5340
f 2923 5365 2957
f 5340 5358 5363
f 5340 5363 5341
f 5340 5342 2895
f 5365 5340 2895
f 2957 5365 2895
f 2894 2957 2895
f 2956 2957 2894
f 5363 5346 5341
f 5359 5318 5317
f 5371 5372 3320
f 4992 5371 3320
f 5372 3282 3320
f 5373 5374 5375
f 2394 5376 2399
f 5377 5378 5379
f 5376 5380 2399
f 2399 5380 5373
f 5378 5377 2401
f 5380 5374 5373
f 5381 5382 5383
f 5381 4989 5384
f 5381 5383 5385
f 5379 5386 5385
f 5387 5388 5389
f 5388 5379 5385
f 5388 5385 5383
f 5388 5383 5390
f 5389 5388 5390
f 5379 5388 5387
f 5375 5386 5378
f 5378 5386 5379
f 5373 5375 5378
f 5391 5392 5387
f 5392 5379 5387
f 5377 5379 5392
f 5393 4980 4979
f 4980 5393 5394
f 5394 4984 4980
f 4980 4984 4982
f 4989 4979 4988
f 5393 5395 5394
f 5396 5395 5397
f 5394 5395 5398
f 5375 5399 5386
f 5375 5397 5399
f 5375 5374 5397
f 5385 5386 5381
f 5386 5399 5381
f 5395 5393 5397
f 5396 5397 5374
f 5397 5393 5399
f 5399 5393 4979
f 5381 5399 4989
f 4989 5399 4979
f 5400 5401 5402
f 2396 5376 2394
f 2403 5376 2396
f 2403 5400 5376
f 5376 5374 5380
f 5376 5402 5374
f 5376 5400 5402
f 5403 4992 4978
f 5404 5405 5396
f 5402 5404 5396
f 5374 5402 5396
f 2399 5373 2401
f 2405 5377 5406
f 2401 5373 5378
f 2401 5377 2402
f 2402 5377 2405
f 2406 2405 5406
f 5407 5389 5390
f 5408 5409 5387
f 5408 5387 5389
f 5391 5387 5409
f 2406 5410 2407
f 2406 5406 5410
f 2408 2407 5410
f 5377 5392 5391
f 5391 5410 5406
f 5406 5377 5391
f 2408 5410 5411
f 5410 5391 5412
f 5412 5391 5409
f 2408 5411 2412
f 1779 5413 5102
f 1779 1778 5413
f 5414 5415 1809
f 5416 5417 5418
f 5417 5415 5418
f 5414 5418 5415
f 1995 1811 1801
f 1809 1811 5414
f 5419 5420 5421
f 5420 5416 5422
f 5420 5419 5416
f 5423 2433 5424
f 5425 5419 5421
f 5426 3940 3941
f 3941 3942 5427
f 3941 5427 5426
f 2438 3934 3940
f 5425 5421 3942
f 2438 3940 5428
f 3940 5426 5428
f 5426 5427 5428
f 5424 2439 2438
f 2438 5428 5424
f 5427 3942 5421
f 5427 5429 5428
f 5427 5421 5420
f 5427 5420 5430
f 5423 5424 5428
f 2440 3934 2438
f 2433 2439 5424
f 2437 2439 2433
f 5415 1807 1809
f 5431 5432 1806
f 3953 3954 3947
f 5433 3959 4752
f 5433 4752 5434
f 5435 1832 1833
f 1806 5435 1833
f 1806 5432 5435
f 5432 5436 5435
f 5435 1852 1832
f 1849 1852 5437
f 1849 5437 1847
f 4752 4763 5434
f 5425 3968 3970
f 3970 3972 5438
f 3972 5439 5438
f 3970 3969 3972
f 3972 3948 5439
f 5439 5431 5417
f 5438 5439 5417
f 5440 5432 3948
f 5439 3948 5432
f 3948 3954 5440
f 5419 5425 5416
f 5416 5438 5417
f 3970 5438 5425
f 5416 5425 5438
f 5415 5417 1807
f 5431 5439 5432
f 5417 5431 1807
f 5431 1806 1807
f 3943 3968 3942
f 3968 5425 3942
f 5383 5382 5441
f 5441 5382 5442
f 5442 5384 5443
f 5382 5381 5384
f 5382 5384 5442
f 5088 4989 4987
f 5443 4989 5444
f 5444 4989 5088
f 5384 4989 5443
f 4766 5088 4537
f 5444 4766 3987
f 5444 5088 4766
f 5390 5383 5445
f 5442 5443 5446
f 5446 5447 5442
f 5441 5442 5447
f 5445 5383 5448
f 5448 5383 5447
f 5383 5441 5447
f 5449 5407 5390
f 5450 5443 5451
f 5452 5453 4089
f 5453 5450 4088
f 5453 4088 4089
f 4088 5450 4042
f 5444 4041 5451
f 5444 3987 4041
f 4042 5451 4041
f 5451 4042 5450
f 5451 5443 5444
f 5450 5446 5443
f 5447 5446 5454
f 5453 5446 5450
f 4148 4159 4160
f 4499 4728 4786
f 4786 4176 4729
f 5455 5456 5457
f 5457 5458 4181
f 5458 5459 4181
f 4180 5456 5455
f 4180 5460 5456
f 4180 5455 4181
f 5455 5457 4181
f 4179 5460 4180
f 4181 5459 4144
f 5459 4182 4144
f 4797 4790 4798
f 4795 4794 5461
f 4794 4799 5461
f 5462 5463 5464
f 5465 5462 5466
f 5465 5466 5467
f 5466 5462 5464
f 5468 4810 5469
f 4810 4811 5469
f 4814 4810 5468
f 4822 5470 5471
f 5470 4822 4823
f 4811 4822 5469
f 4822 4243 4823
f 4832 4795 5472
f 4823 4249 4833
f 4833 4250 4832
f 4832 4251 4795
f 5468 5471 5473
f 5474 5473 5475
f 5473 5476 5475
f 5473 5471 5476
f 5476 5471 5477
f 5475 5476 5478
f 5479 5475 5478
f 5480 5477 4823
f 2489 5481 4260
f 5480 5482 5481
f 5480 4823 5482
f 5483 5481 5484
f 5482 4823 5485
f 5476 5477 5480
f 5476 5480 5478
f 5479 5478 2487
f 5478 5481 2489
f 2487 5478 2489
f 5478 5480 5481
f 4260 5481 5483
f 5468 5469 5471
f 5477 5471 5470
f 5469 4822 5471
f 5463 4259 5464
f 4259 4258 5486
f 4259 5486 5464
f 4814 5473 5474
f 4835 5474 5475
f 4836 4835 5475
f 4836 5475 5479
f 4823 4833 5485
f 5477 5470 4823
f 5487 4814 5474
f 4827 5487 5474
f 4813 5487 4827
f 4813 4814 5487
f 5473 4814 5468
f 4827 5474 4835
f 5488 5482 5485
f 5488 5485 5489
f 4833 4832 5472
f 5461 5472 4795
f 5484 5481 5482
f 5485 4833 5472
f 5485 5472 5489
f 5472 5461 5489
f 5464 5486 5490
f 5486 4258 5491
f 4260 5492 4258
f 4258 5492 5491
f 5492 4260 5493
f 4275 4350 4276
f 5461 5494 5495
f 4285 5495 4284
f 5495 5494 4284
f 4799 4798 5496
f 4798 4790 4800
f 5496 4798 4800
f 5497 5496 5498
f 5498 4800 4840
f 5497 5498 5494
f 5498 5499 5500
f 5499 4838 4837
f 5499 4837 5501
f 5501 4837 4839
f 4799 5496 5497
f 4800 5498 5496
f 5498 4840 5499
f 5498 5500 5494
f 4840 4838 5499
f 5499 5501 5500
f 4799 5497 5461
f 5461 5497 5494
f 5494 5500 5501
f 5501 4839 5502
f 4284 5502 4275
f 5502 4350 4275
f 5494 5502 4284
f 5494 5501 5502
f 4839 4350 5502
f 5503 5495 4286
f 4287 5504 5503
f 4286 5495 4285
f 4286 4285 4280
f 5495 5503 5505
f 5504 4287 5506
f 5503 4286 4287
f 5507 5508 5509
f 5467 5466 5507
f 5466 5464 5508
f 5464 5490 5508
f 5508 5490 5509
f 5507 5466 5508
f 5507 5510 5511
f 5456 5467 5507
f 5511 5456 5507
f 5511 5510 5512
f 5507 5509 5510
f 5506 5512 5510
f 5506 5458 5512
f 5460 5467 5456
f 5511 5512 5457
f 5457 5512 5458
f 5456 5511 5457
f 5458 4287 5459
f 4287 4185 5459
f 4179 4355 5460
f 5459 4185 4182
f 5513 5514 5515
f 5514 5516 5515
f 5514 5517 5516
f 5493 5517 5514
f 5518 5488 5495
f 5488 5461 5495
f 5482 5488 5484
f 5488 5489 5461
f 5506 5515 5519
f 5516 5517 5519
f 5517 5520 5519
f 5515 5516 5519
f 5520 5521 5519
f 5486 5491 5490
f 5490 5491 5509
f 5491 5492 5514
f 5491 5515 5509
f 5491 5514 5513
f 5491 5513 5515
f 5509 5515 5510
f 5514 5492 5493
f 5493 4260 5483
f 5517 5493 5483
f 5483 5520 5517
f 5483 5484 5520
f 5520 5518 5505
f 5520 5505 5521
f 5519 5521 5504
f 5521 5505 5504
f 5506 5519 5504
f 5505 5518 5495
f 5484 5518 5520
f 5518 5484 5488
f 5505 5503 5504
f 5515 5506 5510
f 5458 5506 4287
f 2493 4836 5479
f 2493 5479 2510
f 2510 5479 2487
f 5462 4345 5463
f 5522 4325 5465
f 4325 4324 5465
f 4344 4345 5462
f 4344 5462 5465
f 4324 4344 5465
f 5460 5523 5522
f 5522 5465 5460
f 5465 5467 5460
f 4328 4259 5463
f 4343 4328 5463
f 4343 5463 4345
f 4350 4279 4276
f 4839 4348 4350
f 4348 4347 4350
f 5524 5525 5526
f 4932 5527 4934
f 4934 5527 5528
f 4934 5528 4998
f 4998 5528 5524
f 5529 4998 5524
f 5529 5526 5005
f 5529 5524 5526
f 5526 5525 5530
f 5525 5531 5530
f 5140 5158 5527
f 5140 5141 5158
f 4932 5140 5527
f 4940 5140 4932
f 5158 5532 5527
f 5325 5323 5533
f 5326 5325 5534
f 5323 2704 2749
f 5323 2749 5533
f 4998 5529 5005
f 5535 5536 5537
f 5538 5535 5539
f 5539 5535 5540
f 5541 5540 5535
f 5540 5541 5542
f 5543 5536 5538
f 5544 5538 5545
f 5545 5538 5539
f 5538 5536 5535
f 5339 5543 5544
f 5543 5538 5544
f 5544 5545 5546
f 5545 5539 5547
f 5163 5542 5164
f 5548 5549 5550
f 5338 5337 5549
f 5338 5549 5548
f 5551 4507 4505
f 5551 5157 5548
f 5148 4507 5551
f 5551 5552 5148
f 5148 5552 5149
f 5551 5548 5552
f 5552 5548 5553
f 5157 5338 5548
f 5550 5336 5554
f 5555 5550 5554
f 5555 5554 5556
f 5555 5556 5557
f 5548 5550 5555
f 5556 5544 5558
f 5558 5544 5546
f 5556 5558 5557
f 5546 5547 5559
f 5554 5544 5556
f 5545 5547 5546
f 5151 5147 5154
f 5149 5552 5154
f 5147 5149 5154
f 5154 5552 5560
f 5153 5560 5155
f 5154 5560 5153
f 5534 5561 5562
f 5534 5562 5536
f 5562 5561 5563
f 5536 5562 5537
f 5564 2728 5563
f 5562 5565 5537
f 5337 5304 5333
f 5549 5335 5550
f 5550 5335 5336
f 5337 5333 5549
f 5333 5335 5549
f 3089 3090 4505
f 3090 5157 4505
f 4505 5157 5551
f 3116 5338 5157
f 5326 5534 5543
f 5543 5534 5536
f 5339 5326 5543
f 2895 5342 5566
f 2895 5566 5567
f 2895 5567 2893
f 5568 5569 5570
f 5571 5572 5569
f 4846 5570 5573
f 5572 4846 5573
f 5569 5572 5573
f 4851 4846 5572
f 5573 5570 5569
f 5569 5574 5575
f 5569 5575 5576
f 5575 5574 5577
f 4849 5578 5570
f 4851 4847 4846
f 4846 4849 5570
f 5579 4850 4851
f 5580 5581 5571
f 4850 5579 5582
f 5582 5571 5581
f 5571 5582 5572
f 5582 5579 5572
f 5579 4851 5572
f 5578 5568 5570
f 5583 5584 4862
f 5578 4862 5584
f 5578 5584 5568
f 5568 5574 5569
f 4849 4862 5578
f 5585 5586 5581
f 5586 5582 5581
f 4870 4850 5587
f 5584 5588 5568
f 5568 5588 5574
f 5589 5577 5574
f 4862 4861 5583
f 5590 5591 5577
f 5589 5590 5577
f 4861 4871 4872
f 4861 4872 5583
f 5342 5592 5566
f 5593 5594 5595
f 5566 5592 5593
f 2893 5567 2902
f 2902 5567 5566
f 5345 5596 5594
f 5594 5593 5592
f 4873 2902 5566
f 5597 4873 5566
f 4872 4873 5597
f 4872 5597 5598
f 5566 5593 5598
f 5597 5566 5598
f 4874 5433 5599
f 4874 3959 5433
f 5600 5588 5584
f 5600 5598 5588
f 4872 5598 5600
f 4872 5584 5583
f 4872 5600 5584
f 5588 5601 5590
f 5599 5602 5590
f 5589 5588 5590
f 5588 5589 5574
f 5601 5599 5590
f 5595 5603 5604
f 5593 5595 5588
f 5595 5604 5588
f 5593 5588 5598
f 5341 5344 5342
f 5342 5344 5592
f 5592 5344 5345
f 5345 5347 5596
f 5592 5345 5594
f 5605 4723 4726
f 5347 4723 5603
f 5603 5596 5347
f 5596 5603 5594
f 5594 5603 5595
f 5603 4723 5605
f 5604 5603 5605
f 4726 4874 5605
f 5599 5433 5606
f 5599 5606 5602
f 5433 5434 5606
f 5602 5591 5590
f 5602 5606 5591
f 5606 5607 5591
f 5604 5605 5601
f 5604 5601 5588
f 5605 4874 5601
f 5601 4874 5599
f 5608 1995 1993
f 1997 1992 1998
f 5608 5414 1995
f 5414 1811 1995
f 5609 5610 5428
f 5429 5430 5611
f 5610 5612 5423
f 5613 2433 5423
f 5609 5428 5429
f 5427 5430 5429
f 5610 5423 5428
f 5418 5414 5608
f 5416 5418 5614
f 5611 5422 5614
f 5608 5614 5418
f 5422 5416 5614
f 5430 5420 5611
f 5611 5420 5422
f 2433 2429 2428
f 5615 5616 5617
f 5617 5618 5619
f 5620 5619 5618
f 5615 5617 5621
f 5622 5621 5623
f 5617 5619 5621
f 5575 5577 5624
f 5576 5575 5624
f 5617 5576 5618
f 5624 5625 5576
f 5576 5625 5618
f 5618 5625 5620
f 5577 5626 5624
f 5616 5576 5617
f 5622 5615 5621
f 5627 5569 5616
f 5580 5571 5628
f 5571 5627 5628
f 5628 5627 5622
f 5622 5627 5615
f 5616 5615 5627
f 5571 5569 5627
f 5569 5576 5616
f 5629 5580 5628
f 5623 3119 5622
f 5630 3119 5623
f 3119 3118 5622
f 5622 3121 5628
f 3118 3121 5622
f 3122 3125 5629
f 5629 3121 3122
f 3121 5629 5628
f 5631 5608 1993
f 1993 1992 1997
f 5632 5611 5614
f 5614 5608 5632
f 5633 5612 5634
f 5631 5634 5632
f 5634 5609 5632
f 5612 5610 5609
f 5612 5609 5634
f 5429 5611 5632
f 5609 5429 5632
f 1997 5631 1993
f 5631 5632 5608
f 5631 5635 5636
f 5631 1997 5637
f 5636 5638 5631
f 5636 5639 5638
f 5640 5641 5620
f 5620 5641 5642
f 5642 5641 5631
f 5642 5631 5638
f 5641 5633 5634
f 5641 5634 5631
f 5640 5643 5641
f 5641 5643 5633
f 5643 5644 5633
f 5644 5645 5633
f 5644 5613 5645
f 5613 5423 5645
f 5633 5645 5612
f 5645 5423 5612
f 5620 5642 5639
f 5642 5638 5639
f 5646 5621 5619
f 5620 5639 5619
f 5619 5639 5646
f 5647 5646 5639
f 5620 5625 5640
f 5636 5647 5639
f 5648 5647 5636
f 2441 2429 5644
f 5644 2429 5613
f 5643 5649 5644
f 5613 2429 2433
f 2442 2441 2443
f 5650 2441 5649
f 5644 5649 2441
f 2441 5650 5651
f 5591 5607 5652
f 5626 5625 5624
f 5652 5651 5650
f 5652 5653 5626
f 5652 5654 5653
f 5654 5650 5649
f 5625 5653 5640
f 5653 5643 5640
f 5591 5652 5626
f 5607 5651 5652
f 5652 5650 5654
f 5626 5653 5625
f 5654 5649 5653
f 5649 5643 5653
f 5606 5655 5607
f 5655 5651 5607
f 2445 5651 5655
f 2441 2445 2443
f 2445 2441 5651
f 5623 5621 5646
f 5577 5591 5626
f 4763 2445 5655
f 5606 5434 5655
f 5434 4763 5655
f 3148 3128 3130
f 3124 3131 5656
f 5629 3125 5656
f 3124 5656 3125
f 5657 3146 5658
f 3146 3139 5658
f 5659 5658 5660
f 4376 5660 4358
f 5657 5658 5659
f 5660 5658 4358
f 5658 3139 4358
f 3139 3134 4358
f 3148 3147 5661
f 5661 3147 3140
f 3146 5661 3140
f 5662 5661 5657
f 5661 3146 5657
f 4391 4368 5663
f 4368 4369 5663
f 5664 5665 5666
f 5665 5667 5666
f 5664 4367 5665
f 4365 4363 5665
f 4365 5665 4367
f 5665 4363 5667
f 5668 5669 5666
f 5668 5666 5670
f 4366 5664 5669
f 4366 4367 5664
f 5669 5664 5666
f 5671 5663 5672
f 5672 5663 5636
f 5666 5667 5670
f 5670 5671 5672
f 5672 5635 5673
f 5667 5671 5670
f 5635 5674 5673
f 5673 5675 5676
f 5677 5675 5673
f 5670 5672 5673
f 5676 5670 5673
f 5673 5678 5677
f 4967 4966 5679
f 4967 5679 5680
f 5681 5682 5683
f 5679 4966 5684
f 5679 5684 5683
f 5685 5679 5683
f 5683 5686 5675
f 5683 5675 5685
f 5686 5676 5675
f 5679 5685 5680
f 5685 5675 5677
f 5677 5680 5685
f 5687 5683 5682
f 5687 5686 5683
f 4966 4968 5684
f 5684 4970 5681
f 4968 4970 5684
f 5684 5681 5683
f 5682 5688 5687
f 4972 5681 4970
f 4364 4391 4363
f 4363 4391 5663
f 5667 4363 5663
f 5667 5663 5671
f 3172 3162 5630
f 5630 3117 3119
f 5630 3162 3117
f 5689 5646 5647
f 3168 5690 5647
f 3168 5647 5648
f 3167 3166 5690
f 3173 3172 5630
f 3173 5630 3171
f 3171 5630 5691
f 5623 5691 5630
f 5692 5691 5623
f 3165 5692 5623
f 3162 3172 3160
f 5692 3171 5691
f 3171 5692 3165
f 3165 5623 5689
f 5623 5646 5689
f 3166 3165 5690
f 5690 5689 5647
f 3167 5690 3168
f 3168 5648 4369
f 5690 3165 5689
f 5693 5668 5676
f 5693 5676 5694
f 4370 4372 5695
f 4372 4374 4366
f 5693 5695 5669
f 5668 5693 5669
f 4372 4366 5669
f 4373 4370 5695
f 5695 4372 5669
f 5687 5696 5676
f 5697 5698 5693
f 5698 4373 5693
f 5693 4373 5695
f 5696 5694 5676
f 4376 4358 4377
f 4378 4373 5698
f 5688 5696 5687
f 5699 5700 5701
f 5702 5703 5704
f 5700 5705 5701
f 5700 5706 5705
f 5703 5707 5708
f 5703 5708 5709
f 5708 5701 5710
f 5704 5703 5709
f 5710 5705 4378
f 5709 5697 5711
f 5660 4376 4378
f 5702 5712 5707
f 5702 5707 5703
f 5707 5699 5701
f 5713 5706 5700
f 5707 5701 5708
f 5701 5705 5710
f 5706 4378 5705
f 5709 5708 5697
f 5710 4378 5697
f 5710 5697 5708
f 4378 5698 5697
f 5714 5715 5716
f 5717 5716 5704
f 5718 5716 5719
f 5704 5709 5711
f 5719 5717 5688
f 5711 5693 5694
f 5711 5697 5693
f 5716 5717 5719
f 5704 5711 5717
f 5711 5696 5717
f 5696 5711 5694
f 5688 5717 5696
f 5676 5668 5670
f 5687 5676 5686
f 5720 5721 5722
f 5720 5530 5721
f 5723 5714 5716
f 5723 5716 5718
f 5724 5714 5723
f 5725 5724 5723
f 5531 5724 5725
f 5725 5723 5726
f 5721 5725 5726
f 5727 3148 5728
f 5729 5728 3148
f 5730 5586 5585
f 5585 5581 5580
f 5731 5732 5733
f 5733 5734 5735
f 5733 5735 5736
f 5736 5735 5737
f 5738 5736 5737
f 5738 5737 5727
f 5727 5728 5738
f 5739 5732 5731
f 5731 5733 5736
f 5740 5741 5731
f 5736 5740 5731
f 5736 5742 5740
f 5736 5738 5742
f 5728 5740 5742
f 5728 5743 5740
f 5738 5728 5742
f 5744 5745 4388
f 5744 4388 5746
f 4389 4388 4384
f 4380 4396 4381
f 4381 4396 5747
f 5746 4389 5748
f 4390 4379 4381
f 5746 5748 5739
f 4389 4383 5748
f 4383 4390 5748
f 5739 4390 5747
f 5748 4390 5739
f 5747 5732 5739
f 5744 5749 5745
f 5745 5749 4396
f 4396 5749 5747
f 4390 4381 5747
f 5747 5749 5732
f 5749 5733 5732
f 5733 5749 5734
f 5734 5750 5735
f 5735 5750 5730
f 5735 5730 5737
f 5737 5730 5585
f 5727 5737 5585
f 5727 5585 3148
f 5751 5752 5741
f 5741 5752 5731
f 5743 5751 5741
f 5753 5751 5743
f 5743 5741 5740
f 5743 5729 5753
f 5743 5728 5729
f 5752 5746 5739
f 5754 5755 5756
f 5757 5744 5746
f 4388 4389 5746
f 5757 5746 5756
f 5754 5756 5752
f 5754 5752 5751
f 5746 5752 5756
f 5752 5739 5731
f 5758 5755 5759
f 5760 5758 5759
f 5760 5759 5751
f 5755 5754 5759
f 5754 5751 5759
f 5751 5753 5760
f 5761 3128 3148
f 3128 3131 3129
f 5585 5629 5761
f 3131 3128 5761
f 5761 5656 3131
f 5656 5761 5629
f 5629 5585 5580
f 3148 5585 5761
f 5706 5659 4378
f 5659 5660 4378
f 5753 5729 5662
f 5662 3148 5661
f 5706 5762 5659
f 5762 5662 5657
f 5763 5764 5713
f 5713 5764 5762
f 5764 5662 5762
f 5713 5762 5706
f 5762 5657 5659
f 5662 5729 3148
f 5765 5760 5766
f 5760 5753 5662
f 5766 5760 5662
f 5767 5766 5763
f 5766 5662 5764
f 5767 5768 5766
f 5763 5713 5769
f 5764 5763 5766
f 5765 5766 5768
f 5765 5768 5770
f 5768 5767 5771
f 5770 5768 5771
f 5050 5526 5530
f 5051 5050 5530
f 5051 5530 5720
f 4973 5720 4971
f 5049 5051 5720
f 5049 5720 4973
f 5005 5526 5050
f 5772 5773 5774
f 5637 5773 5772
f 5631 5637 5635
f 5774 5775 4962
f 5637 5772 5674
f 5775 328 4962
f 5775 329 328
f 5775 5774 5773
f 5776 5773 5637
f 5776 1999 1996
f 5776 1997 1999
f 5773 5776 5775
f 5776 329 5775
f 5776 1996 329
f 1997 5776 5637
f 5774 4962 4974
f 5774 4974 5777
f 5772 5774 5777
f 5635 5637 5674
f 4974 4975 5778
f 5778 5779 5677
f 5777 4974 5778
f 5678 5777 5778
f 5673 5674 5678
f 5674 5777 5678
f 5777 5674 5772
f 4975 4976 5779
f 5778 4975 5779
f 5680 5677 5779
f 5778 5677 5678
f 4976 4967 5680
f 5779 4976 5680
f 4369 5648 5636
f 5672 5636 5635
f 5663 4369 5636
f 5780 5781 5782
f 5765 5783 5525
f 5525 5783 5531
f 5765 5770 5783
f 5783 5770 5784
f 5155 5158 5156
f 5560 5785 5155
f 5785 5786 5158
f 5560 5787 5785
f 5155 5785 5158
f 5532 5158 5786
f 5781 5532 5786
f 5532 5781 5780
f 5164 5542 5541
f 5788 5164 5541
f 5541 5535 5788
f 5535 5537 5744
f 5789 5788 5535
f 5757 5789 5744
f 5535 5744 5789
f 4396 4388 5745
f 4396 4395 4388
f 5548 5755 5553
f 5555 5557 5755
f 5548 5555 5755
f 5558 5546 5757
f 5558 5757 5756
f 5789 5559 5788
f 5755 5557 5558
f 5559 5789 5546
f 5559 5166 5788
f 5553 5755 5758
f 5755 5558 5756
f 5165 5164 5166
f 5166 5164 5788
f 5546 5789 5757
f 5552 5553 5786
f 5560 5552 5787
f 5785 5787 5786
f 5787 5552 5786
f 5528 5780 5524
f 5530 5531 5721
f 5524 5782 5525
f 5782 5765 5525
f 5532 5780 5527
f 5528 5527 5780
f 5524 5780 5782
f 5786 5758 5781
f 5760 5781 5758
f 5781 5760 5765
f 5781 5765 5782
f 5786 5553 5758
f 5719 5688 5790
f 5791 5790 5681
f 5790 5682 5681
f 4972 5791 5681
f 5790 5688 5682
f 5718 5719 5791
f 5791 5719 5790
f 5726 5723 5792
f 5792 5723 5718
f 5721 5726 5722
f 5722 5726 5792
f 5722 5792 4971
f 5718 5791 5792
f 4971 5720 5722
f 4971 5792 4972
f 5792 5791 4972
f 5712 5699 5707
f 5699 5713 5700
f 5767 5769 5793
f 5763 5769 5767
f 5713 5699 5769
f 5771 5767 5793
f 5770 5771 5784
f 5771 5793 5794
f 5771 5794 5784
f 5715 5704 5716
f 5715 5702 5704
f 5531 5725 5721
f 5531 5783 5724
f 5793 5769 5712
f 5769 5699 5712
f 5794 5793 5712
f 5794 5712 5715
f 5715 5712 5702
f 5794 5715 5714
f 5783 5784 5724
f 5784 5794 5724
f 5724 5794 5714
f 5586 5587 4850
f 5586 4850 5582
f 5795 5587 5586
f 5796 5797 5798
f 5734 5796 5750
f 5796 5798 5750
f 5795 4870 5587
f 5750 5795 5586
f 5730 5750 5586
f 5797 5795 5798
f 5798 5795 5750
f 5795 2732 4870
f 5797 2730 5795
f 2730 2732 5795
f 5339 5544 5554
f 5336 5334 5339
f 5336 5339 5554
f 5537 5565 5749
f 5744 5537 5749
f 5565 5734 5749
f 5565 5796 5734
f 5563 2728 5797
f 5563 5797 5796
f 5562 5563 5565
f 2728 2730 5797
f 5565 5563 5796
f 5539 5160 5159
f 5539 5159 5547
f 5162 5160 5539
f 5162 5539 5540
f 5163 5162 5542
f 5162 5540 5542
f 5547 5159 5559
f 5159 5161 5166
f 5159 5166 5559
f 5533 5564 5561
f 5533 2726 5564
f 2749 2726 5533
f 5533 5561 5534
f 5564 5563 5561
f 2726 2728 5564
f 2749 2711 2726
f 5325 5533 5534
f 2726 2711 2727
f 5799 5800 5801
f 5802 5803 5804
f 5804 5803 5805
f 5802 5806 5803
f 5800 5802 5801
f 5807 5808 5806
f 5809 5810 5807
f 5800 5809 5807
f 5800 5807 5802
f 5802 5807 5806
f 5811 5812 5800
f 5813 5814 5808
f 5810 5813 5808
f 5807 5810 5808
f 5809 5815 5810
f 5816 672 673
f 673 5817 5818
f 5818 5817 673
f 672 5816 5819
f 5820 5821 5822
f 5823 5803 5822
f 5803 5820 5822
f 5805 5803 5823
f 5805 5823 5824
f 5821 5825 5095
f 5822 5821 5095
f 5095 5094 5822
f 5822 5094 5105
f 5825 5821 5826
f 5820 5826 5821
f 5803 5827 5820
f 5803 5806 5827
f 5806 5808 5827
f 5828 676 677
f 5828 677 5829
f 5829 677 675
f 5830 5829 5098
f 5829 675 674
f 674 678 5098
f 5830 5828 5829
f 674 5098 5829
f 5831 5830 5832
f 5095 5825 5096
f 5830 5098 5099
f 5096 5825 5832
f 5832 5830 5099
f 5832 5099 5096
f 5826 5831 5832
f 5825 5826 5832
f 5831 5827 5808
f 5820 5827 5826
f 5831 5826 5827
f 5833 5834 5831
f 5828 5834 5835
f 5834 5828 5831
f 5831 5828 5830
f 5098 678 679
f 5808 5833 5831
f 5828 5816 673
f 673 5818 5828
f 5818 658 676
f 5818 673 658
f 5828 5818 676
f 5799 5801 5836
f 5836 5801 5837
f 5801 5802 5804
f 5801 5804 5837
f 5102 5838 5106
f 5105 5104 5822
f 5823 5822 5104
f 5838 5104 5106
f 5824 5823 5104
f 5838 5839 5104
f 5840 5839 5838
f 5104 5839 5824
f 5839 5841 5824
f 5842 5841 5839
f 5841 5805 5824
f 5841 5804 5805
f 5842 5837 5841
f 5837 5804 5841
f 5836 5843 5799
f 5844 5845 5846
f 5847 5848 5845
f 5846 5845 5848
f 5847 5849 5848
f 5846 5848 5850
f 5851 5847 5845
f 5851 5852 5847
f 5851 5845 5853
f 5844 5853 5845
f 5854 5849 5855
f 5855 5849 5852
f 5856 5855 5852
f 5854 5857 5858
f 5854 5858 5849
f 5859 5855 5856
f 5860 5856 5852
f 5852 5849 5847
f 5860 5852 5861
f 5844 5862 5863
f 5799 5864 5865
f 5866 5812 5811
f 5812 5809 5800
f 5799 5865 5800
f 5867 5866 5865
f 5865 5866 5811
f 5800 5865 5811
f 5867 5868 5866
f 5812 5815 5809
f 5869 5865 5870
f 5869 5867 5865
f 5871 5869 5870
f 5870 5865 5864
f 5872 5873 5869
f 5863 5869 5871
f 5869 5873 5867
f 5863 5872 5869
f 5874 5875 5859
f 5859 5857 5854
f 5859 5854 5855
f 5844 5846 5862
f 5876 5872 5863
f 5862 5846 5876
f 5863 5871 5877
f 5877 5871 5878
f 5844 5863 5877
f 5846 5879 5876
f 5880 5864 5799
f 5880 5799 5843
f 5881 5864 5880
f 5871 5870 5878
f 5870 5864 5878
f 5878 5864 5882
f 5862 5876 5863
f 5846 5850 5879
f 5883 5884 2303
f 4541 2303 5884
f 5885 5814 5813
f 5815 5813 5810
f 5886 5887 5888
f 5887 5886 5885
f 5814 5886 5834
f 5888 5889 5890
f 5888 5890 1202
f 1202 5890 5891
f 5888 1202 1203
f 5819 1203 672
f 5834 5886 5835
f 5888 5835 5886
f 5835 5888 1203
f 5835 1203 5819
f 5835 5819 5816
f 5891 5890 1296
f 5891 663 1202
f 5887 5889 5888
f 5814 5885 5886
f 5814 5834 5833
f 5835 5816 5828
f 5887 5892 5893
f 5885 5892 5887
f 5808 5814 5833
f 5894 5895 5896
f 5897 5894 5896
f 5898 5899 5896
f 5897 5896 5899
f 5896 5184 5900
f 5896 5895 5184
f 5184 5182 5900
f 5898 5896 5900
f 5901 5902 5903
f 5901 5889 5893
f 5889 5901 5903
f 5904 5901 5893
f 5893 5905 5904
f 5892 5905 5893
f 5894 5906 5907
f 5897 5906 5894
f 5908 5899 5898
f 5908 5901 5904
f 5908 5898 5901
f 5901 5898 5902
f 5902 5900 5183
f 5898 5900 5902
f 5895 5909 1237
f 5894 5909 5895
f 5894 5907 5909
f 5895 1237 5186
f 5184 5895 5186
f 5910 5911 5912
f 5913 5914 5910
f 5914 5911 5910
f 5915 5916 5917
f 5918 5916 5919
f 5917 5916 5920
f 5914 5921 5911
f 5914 5917 5921
f 5913 5917 5914
f 5922 5923 5924
f 5925 5926 5924
f 1285 5922 5924
f 5900 5182 5183
f 5922 1285 1294
f 5890 5922 1294
f 5925 5183 5180
f 5925 5180 5181
f 5926 5925 5181
f 5890 5903 5922
f 5903 5902 5923
f 5903 5923 5922
f 5902 5183 5925
f 5902 5925 5923
f 5924 5923 5925
f 5857 5927 5858
f 5858 5927 5928
f 5849 5858 5928
f 5849 5928 5848
f 5848 5928 5850
f 5913 5915 5917
f 5915 5913 5929
f 5929 5910 5930
f 5910 5929 5913
f 5931 5932 5933
f 5934 5919 5916
f 5932 5919 5934
f 5935 5936 5937
f 5935 5937 5938
f 5939 5936 5935
f 5940 5941 5942
f 5942 5941 5943
f 5944 5942 5943
f 5942 5944 5945
f 5946 5940 5942
f 5943 5941 5947
f 5941 5948 5947
f 5928 5939 5935
f 5949 5937 5946
f 5950 5946 5942
f 5949 5946 5950
f 5949 5950 5951
f 5942 5945 5952
f 5950 5942 5952
f 5952 5945 5953
f 5951 5950 5952
f 5954 5912 5911
f 5955 5956 5957
f 5958 5959 5960
f 5961 5897 5899
f 5908 5904 5905
f 5960 5905 5958
f 5905 5960 5908
f 5908 5961 5899
f 5962 5963 5961
f 5908 5962 5961
f 5960 5962 5908
f 5959 5962 5960
f 5944 5963 5959
f 5959 5963 5962
f 5963 5964 5965
f 5963 5965 5961
f 5906 5965 5964
f 5965 5906 5897
f 5961 5965 5897
f 5966 5941 5940
f 5940 5954 5966
f 5967 5954 5968
f 5968 5954 5940
f 5966 5948 5941
f 5911 5955 5954
f 5912 5954 5967
f 5954 5955 5966
f 5966 5957 5948
f 5966 5955 5957
f 5953 5945 5944
f 5959 5958 5969
f 5944 5959 5969
f 5953 5944 5969
f 5970 5969 5958
f 5971 5953 5969
f 5972 5973 5964
f 5974 5973 5972
f 5944 5943 5963
f 5947 5964 5963
f 5943 5947 5963
f 5964 5973 5907
f 5906 5964 5907
f 5947 5948 5972
f 5964 5947 5972
f 5957 5975 5974
f 5948 5957 5974
f 5948 5974 5972
f 5956 5975 5957
f 5932 5934 5976
f 5977 5934 5916
f 5916 5915 5977
f 5929 5978 5915
f 5979 5930 5980
f 5979 5929 5930
f 5932 5981 5933
f 5933 5884 5883
f 5933 5982 5884
f 5924 5926 1283
f 5924 1283 1281
f 5924 1281 1287
f 1287 1286 5924
f 5924 1286 1285
f 1286 1287 1288
f 1284 1288 1287
f 5868 5983 5984
f 5983 5985 5986
f 5987 5983 5868
f 5983 5986 5984
f 5986 5971 5988
f 5986 5988 5989
f 5986 5989 5815
f 5866 5868 5984
f 5990 5987 5868
f 5873 5987 5990
f 5867 5990 5868
f 5812 5866 5984
f 5815 5984 5986
f 5812 5984 5815
f 5985 5971 5986
f 5987 5991 5992
f 5987 5992 5983
f 5873 5991 5987
f 5992 5985 5983
f 5867 5873 5990
f 5872 5993 5873
f 5857 5979 5927
f 5859 5875 5857
f 1277 1205 1293
f 1293 1205 1278
f 1292 5926 1293
f 1290 1292 1293
f 1292 1283 5926
f 5926 5181 1293
f 5977 5976 5934
f 5976 5994 5981
f 5932 5976 5981
f 5977 5915 5995
f 5995 5915 5978
f 5978 5929 5979
f 5981 5982 5933
f 5996 5976 5977
f 5996 5994 5976
f 5995 5996 5977
f 5994 5996 5997
f 5978 5875 5995
f 5998 5978 5979
f 5875 5978 5857
f 5857 5978 5998
f 5874 5997 5875
f 5996 5995 5875
f 5997 5996 5875
f 5998 5979 5857
f 5890 1294 1295
f 1296 1201 663
f 5889 5903 5890
f 5890 1295 1296
f 663 5891 1296
f 5985 5953 5971
f 5958 5905 5892
f 5969 5970 5971
f 5970 5958 5892
f 5889 5887 5893
f 5989 5988 5970
f 5989 5813 5815
f 5988 5971 5970
f 5970 5885 5989
f 5936 5999 5937
f 5967 5968 5999
f 5968 5940 5999
f 5999 5940 5946
f 5937 5999 5946
f 5980 5930 6000
f 5936 5980 5999
f 5930 5967 6000
f 6000 5967 5999
f 5980 6000 5999
f 5912 5930 5910
f 5912 5967 5930
f 5879 5935 5938
f 5937 5949 5938
f 5991 5938 5951
f 5938 5949 5951
f 5993 5938 5991
f 5873 5993 5991
f 5813 5989 5885
f 5970 5892 5885
f 5992 5952 5985
f 5985 5952 5953
f 5951 5952 5992
f 5991 5951 5992
f 5979 5980 5939
f 5927 5979 5939
f 5939 5980 5936
f 5850 5935 5879
f 5850 5928 5935
f 5876 5879 5993
f 5872 5876 5993
f 5879 5938 5993
f 5927 5939 5928
f 5973 6001 6002
f 6002 6001 6003
f 6003 6004 6002
f 5907 6002 5909
f 5907 5973 6002
f 1391 6005 1390
f 6004 6005 1391
f 6004 1391 1393
f 1210 1395 1396
f 1237 1395 1210
f 6006 6004 1393
f 6006 1393 1395
f 5909 6002 6004
f 6006 5909 6004
f 5909 6006 1395
f 1237 5909 1395
f 6007 6008 5921
f 5917 5920 6007
f 5917 6007 5921
f 5920 5918 6007
f 5919 6009 5918
f 5918 5920 5916
f 6010 5255 5257
f 6011 6012 5272
f 6012 6011 6013
f 6014 5265 6012
f 6013 6015 6012
f 6015 6014 6012
f 6016 6015 6013
f 5918 6015 6016
f 5918 6016 6017
f 6015 5931 6014
f 5931 6015 6009
f 5918 6009 6015
f 6018 6019 6020
f 6020 6008 6018
f 6020 6021 6008
f 5956 5955 6008
f 5956 6008 6021
f 5921 6008 5955
f 5911 5921 5955
f 5272 5256 6011
f 6022 6011 5255
f 6022 6017 6016
f 6011 5256 5255
f 6022 6013 6011
f 6022 5255 6019
f 6016 6013 6022
f 6018 6022 6019
f 6018 6017 6022
f 6023 6018 6008
f 6018 6023 6017
f 6007 6017 6023
f 6017 6007 5918
f 6023 6008 6007
f 6019 5255 6010
f 6020 6019 6010
f 1415 5257 1413
f 1417 5257 1415
f 6024 5257 1417
f 6024 1417 1390
f 6003 6005 6004
f 6003 6025 6005
f 6005 6024 1390
f 6025 6024 6005
f 6021 6001 5975
f 6003 6001 6025
f 6020 6001 6021
f 6020 6025 6001
f 5956 6021 5975
f 6010 5257 6024
f 6025 6010 6024
f 6025 6020 6010
f 5931 5933 6026
f 6026 5933 5883
f 5265 6027 5261
f 6027 2297 5261
f 6027 5883 2297
f 5883 6027 6026
f 2297 5883 2303
f 6014 6027 5265
f 5931 6009 5932
f 5931 6026 6014
f 6026 6027 6014
f 5919 5932 6009
f 6012 5265 5272
f 5272 5265 5263
f 5974 6001 5973
f 5974 5975 6001
f 6028 6029 6030
f 6031 6032 6033
f 6034 6031 6035
f 6035 6031 6033
f 3927 6034 3928
f 3928 6034 6029
f 6029 6034 6035
f 6029 6035 6030
f 6036 5372 5371
f 3280 6036 6037
f 3280 6037 6038
f 3280 6038 3281
f 6039 6037 6036
f 5372 6036 3280
f 5372 3280 3282
f 3281 6038 3293
f 3290 3281 3293
f 6040 6041 6042
f 6037 6041 6040
f 6040 6042 6043
f 6039 6041 6037
f 6038 6040 6043
f 6038 6037 6040
f 6044 6042 6041
f 6039 6045 6041
f 6043 6042 6032
f 6032 6046 6043
f 6038 6043 3926
f 3926 6043 6046
f 3293 6038 3926
f 6032 6031 6046
f 3926 6046 3927
f 3927 6046 6034
f 6046 6031 6034
f 3300 3927 3928
f 6028 3302 6029
f 3928 6029 3302
f 5394 5398 6047
f 5394 6047 4984
f 4984 6047 4986
f 2403 6048 5400
f 2404 6048 2403
f 6049 6050 5371
f 6051 6049 5398
f 5398 6049 6047
f 6051 6050 6049
f 6050 6052 6036
f 6052 6039 6036
f 6049 5371 4992
f 6050 6036 5371
f 6047 6049 5403
f 4986 6047 5403
f 4986 5403 4978
f 5403 6049 4992
f 5395 5396 5405
f 5395 5405 5398
f 5398 5405 6053
f 6053 6054 6051
f 6053 6051 5398
f 5401 6055 6054
f 5405 5401 6054
f 5402 5401 5404
f 5404 5401 5405
f 6050 6051 6052
f 6054 6056 6051
f 6057 6056 6058
f 6051 6056 6052
f 6055 6059 6054
f 5405 6054 6053
f 6059 6056 6054
f 6059 6058 6056
f 6056 6057 6060
f 6052 6056 6060
f 6060 6057 6045
f 6045 6057 6061
f 6045 6044 6041
f 6052 6045 6039
f 6061 6044 6045
f 6060 6045 6052
f 6062 6063 6064
f 6065 6063 6062
f 6062 6064 6066
f 6067 6063 6048
f 6064 6063 6068
f 6069 6062 6070
f 6066 6071 6070
f 6062 6066 6070
f 6072 6069 6073
f 6072 6074 6069
f 6072 6073 6075
f 6032 6042 6072
f 6076 6058 6077
f 6057 6076 6061
f 6059 6077 6058
f 6057 6058 6076
f 6076 6078 6061
f 6044 6078 6069
f 6061 6078 6044
f 6044 6069 6074
f 6044 6074 6042
f 6042 6074 6072
f 6078 6076 6062
f 6069 6078 6062
f 6077 6065 6076
f 6076 6065 6062
f 6069 6070 6073
f 6067 6048 2404
f 6063 6079 6048
f 6079 6055 6048
f 6079 6063 6065
f 6055 6079 6077
f 6077 6079 6065
f 5400 6048 6055
f 5400 6055 5401
f 6055 6077 6059
f 6080 6081 1607
f 6081 1605 1607
f 1624 6081 6082
f 2413 6083 6084
f 6085 6084 5410
f 6085 5410 6086
f 6087 2413 6084
f 6087 6084 6085
f 5410 5412 6086
f 6086 5412 6088
f 6088 6089 6090
f 6091 6070 6080
f 6084 6083 5411
f 5410 6084 5411
f 6064 6068 6082
f 6064 6082 6071
f 6071 6082 6081
f 1624 1605 6081
f 6080 6071 6081
f 6066 6064 6071
f 6070 6071 6080
f 6068 1727 1624
f 6067 1727 6068
f 6068 1624 6082
f 3302 6028 3303
f 6067 2397 1727
f 2397 6067 2404
f 5407 5408 5389
f 6089 5408 5407
f 6067 6068 6063
f 6033 6032 6092
f 6092 6072 6075
f 6032 6072 6092
f 6035 6033 6030
f 6073 6070 6075
f 2413 2410 2411
f 6093 2410 2413
f 2413 2412 6083
f 6080 2410 6093
f 5409 5408 6088
f 6089 6088 5408
f 6087 6093 2413
f 1607 1608 2410
f 6080 1607 2410
f 2412 5411 6083
f 6088 5412 5409
f 6094 6095 6096
f 6094 6096 6097
f 6097 6096 6098
f 5838 5102 5413
f 5413 5840 5838
f 5840 5413 6098
f 5840 6099 5839
f 6096 6099 5840
f 5842 6095 6100
f 6096 5840 6098
f 5842 6099 6096
f 6096 6095 5842
f 6099 5842 5839
f 6095 6101 6100
f 6100 5843 5836
f 6100 5836 5837
f 6100 5837 5842
f 6100 6101 5843
f 5843 6101 5880
f 1782 1781 6098
f 1778 6098 5413
f 6098 1778 1782
f 6102 6103 6104
f 6105 6103 6102
f 6104 5852 5851
f 5861 5852 6104
f 5861 6104 6103
f 6104 5851 5853
f 6106 6107 6108
f 6108 6109 6110
f 6108 6111 6109
f 6111 6108 6107
f 6112 6113 6114
f 3954 6112 5440
f 6115 6113 3953
f 3953 6113 3954
f 6113 6112 3954
f 3955 3953 3952
f 3953 6116 6115
f 6115 6116 6106
f 6106 6114 6115
f 6113 6115 6114
f 6114 6108 6110
f 6106 6108 6114
f 6117 6118 6106
f 6117 6106 6119
f 6120 6119 6121
f 6119 6106 6116
f 6121 6119 6116
f 2459 3956 6121
f 2459 6121 3955
f 6121 6116 3955
f 2459 3955 2461
f 3955 6116 3953
f 6112 6114 6122
f 6114 6110 6122
f 6110 6109 6123
f 6111 6124 6109
f 6125 5882 5881
f 6126 6127 6125
f 6109 6124 6126
f 6123 6109 6126
f 6125 6128 6126
f 5435 6129 1852
f 5437 1781 1847
f 1781 5437 6097
f 1781 6097 6098
f 5437 6130 6097
f 1852 6130 5437
f 6131 6094 6097
f 6131 6097 6130
f 6129 6132 6130
f 5436 6133 6132
f 5436 6132 6129
f 6129 6130 1852
f 6132 6131 6130
f 5436 6129 5435
f 6133 6134 6135
f 6133 6135 6132
f 6136 6137 6095
f 6138 6137 6136
f 6135 6138 6136
f 6136 6095 6094
f 6132 6136 6131
f 6139 6138 6135
f 6135 6136 6132
f 6094 6131 6136
f 6101 6137 6140
f 6138 6140 6137
f 6137 6101 6095
f 6118 6107 6106
f 6141 6142 6143
f 6111 6141 6143
f 6107 6141 6111
f 6141 6107 6118
f 6142 6144 6143
f 6142 6117 6145
f 6117 6142 6141
f 6146 6145 6117
f 6117 6141 6118
f 6142 6147 6144
f 6144 6148 6143
f 6149 6148 6144
f 6147 6105 6144
f 6145 6147 6142
f 4765 6150 3956
f 3956 6150 6120
f 6150 6151 6146
f 6150 6146 6117
f 6150 6119 6120
f 6150 6117 6119
f 3956 6120 6121
f 6111 6143 6124
f 6124 6148 6127
f 6124 6127 6126
f 6143 6148 6124
f 6148 5877 6127
f 5877 6152 5844
f 6153 6105 6147
f 6154 6153 6147
f 6145 6154 6147
f 6151 6154 6146
f 6146 6154 6145
f 6112 5436 5432
f 5440 6112 5432
f 6112 6134 5436
f 6134 6133 5436
f 6110 6123 6139
f 6134 6122 6135
f 6110 6139 6122
f 6122 6139 6135
f 6122 6134 6112
f 6139 6128 6140
f 6138 6139 6140
f 6123 6128 6139
f 6155 6101 6140
f 6123 6126 6128
f 5881 5880 6101
f 6148 6149 6156
f 6148 6152 5877
f 5853 5844 6152
f 6156 5853 6152
f 6148 6156 6152
f 6105 6102 6144
f 6104 5853 6156
f 6102 6104 6156
f 6149 6102 6156
f 6102 6149 6144
f 6125 5881 6155
f 6155 5881 6101
f 6128 6125 6155
f 6128 6155 6140
f 5881 5882 5864
f 5877 5878 6127
f 6125 6127 5878
f 6125 5878 5882
f 6028 6030 6157
f 6158 6154 6159
f 6159 6160 6161
f 6161 6103 6153
f 6159 6161 6158
f 6158 6161 6153
f 6160 4768 4767
f 6160 6159 4768
f 6160 6162 6161
f 4773 4772 6162
f 6162 6160 4773
f 4773 6160 4767
f 6153 6103 6105
f 6163 6103 6161
f 5861 6103 6163
f 6162 6163 6161
f 6164 5449 5448
f 6164 5448 6165
f 6085 6086 6090
f 6166 6087 6085
f 6090 6086 6088
f 6091 6080 6093
f 6167 6093 6087
f 6075 6070 6091
f 6087 6166 6167
f 6168 6090 6089
f 6166 6085 6090
f 6169 6168 6170
f 6170 6089 5449
f 6168 6089 6170
f 6170 5449 6164
f 6165 6170 6164
f 6090 6168 6169
f 4772 4773 4771
f 5860 6171 5856
f 6162 6172 6171
f 6163 6162 6171
f 6163 6171 5861
f 5860 5861 6171
f 4772 6172 6162
f 4057 4053 4049
f 4055 4066 4057
f 4057 4066 4053
f 6157 6173 6174
f 6157 6174 6175
f 4066 6176 6177
f 4066 6177 4053
f 6177 6176 6178
f 6179 6176 4066
f 6180 6178 6176
f 6177 6178 6181
f 3315 6175 6179
f 6179 6174 6180
f 6175 6174 6179
f 6174 6173 6182
f 6028 6157 6175
f 3303 6028 3315
f 6028 6175 3315
f 6182 6183 6180
f 6174 6182 6180
f 6176 6179 6180
f 6178 6180 6183
f 3315 6179 4065
f 4065 6179 4066
f 6183 6182 6184
f 4136 6185 4133
f 6186 4132 4133
f 6183 6184 6187
f 6187 6188 6183
f 6181 6178 6189
f 6178 6183 6189
f 6190 6191 6192
f 6191 6190 6188
f 6187 6191 6188
f 6188 6189 6183
f 6186 6190 6193
f 6194 6186 6185
f 6186 4133 6185
f 6193 4080 4132
f 6186 6193 4132
f 6190 6186 6194
f 6188 6190 6194
f 6188 6194 6195
f 6189 6188 6195
f 6185 4136 6196
f 4129 6196 4136
f 4067 6196 4129
f 4067 6181 6196
f 4067 6177 6181
f 4053 6177 4067
f 4067 4129 4069
f 6189 6195 6196
f 6195 6194 6185
f 6196 6195 6185
f 6181 6189 6196
f 5449 5390 5445
f 6197 6198 6199
f 6184 6200 6197
f 6173 6200 6184
f 6030 6173 6157
f 6187 6197 6199
f 6187 6199 6191
f 6184 6197 6187
f 6182 6173 6184
f 6201 6200 6173
f 6200 6198 6197
f 6201 6173 6030
f 6092 6075 6202
f 6203 6204 6166
f 6092 6202 6205
f 6202 6091 6204
f 6192 6206 6207
f 6206 6169 6207
f 6203 6206 6192
f 6192 6207 6208
f 6204 6203 6192
f 6198 6204 6192
f 6092 6205 6033
f 6202 6204 6198
f 6033 6205 6201
f 6198 6192 6199
f 6205 6202 6200
f 6202 6198 6200
f 6030 6033 6201
f 6201 6205 6200
f 6207 6169 6165
f 6209 6165 5448
f 6167 6091 6093
f 6202 6075 6091
f 6204 6091 6167
f 6167 6166 6204
f 6203 6166 6090
f 6203 6090 6206
f 6169 6170 6165
f 6206 6090 6169
f 4090 4087 4077
f 5884 5982 6210
f 6210 6211 5884
f 5884 6211 4541
f 5448 5447 6212
f 5448 5449 5445
f 5407 5449 6089
f 6213 6151 6150
f 6213 6150 4765
f 4782 4765 4779
f 4782 6213 4765
f 6158 6153 6154
f 6159 6154 6151
f 4768 6159 6213
f 4782 4768 6213
f 6213 6159 6151
f 6199 6192 6191
f 6208 6214 6193
f 6208 6193 6192
f 6193 6214 6215
f 6214 6216 6215
f 6209 6212 6216
f 6214 6209 6216
f 6216 6212 6217
f 6217 5454 5446
f 6216 6217 6218
f 6217 5446 5453
f 6217 5453 5452
f 6219 6216 6218
f 6215 6216 6219
f 4091 6217 5452
f 6218 6217 4091
f 6212 5447 5454
f 6212 5454 6217
f 6207 6165 6209
f 6214 6207 6209
f 5448 6212 6209
f 6207 6214 6208
f 4091 5452 4089
f 6215 6219 4080
f 6190 6192 6193
f 6218 4091 4090
f 6218 4090 4077
f 6218 4077 6219
f 6219 4077 4080
f 6193 6215 4080
f 4783 4775 4785
f 6220 6221 4783
f 6221 6172 4783
f 4772 4783 6172
f 5997 6221 6220
f 6221 5874 6222
f 6221 5997 5874
f 6222 5874 5859
f 6222 5859 5856
f 6222 6171 6221
f 6222 5856 6171
f 6171 6172 6221
f 6223 4785 4841
f 5994 6224 6225
f 5982 5981 6225
f 5994 6225 5981
f 6225 6224 6223
f 6211 6225 6223
f 4841 6211 6223
f 5982 6225 6210
f 6225 6211 6210
f 4785 6224 6220
f 4785 6220 4783
f 6223 6224 4785
f 6224 5997 6220
f 5994 5997 6224
f 6226 6227 4208
f 4221 6226 4208
f 6227 6228 4197
f 4208 6227 4197
f 4842 4293 4292
f 6211 4841 4293
f 4842 4541 6211
f 4842 6211 4293
f 4221 6229 6226
f 4301 6229 4221
f 4224 4301 4221
f 4307 6230 4301
f 6229 6231 6226
f 6226 6231 6232
f 6227 6232 6233
f 6226 6232 6227
f 5523 4323 4325
f 4323 6234 4324
f 5523 4325 5522
f 6235 6236 6237
f 6231 6235 6232
f 4327 6236 6235
f 6238 6235 6231
f 4327 6235 6238
f 6230 4327 6238
f 6230 6238 4301
f 1900 6236 4326
f 4327 4326 6236
f 4307 4327 6230
f 6238 6231 6229
f 4301 6238 6229
f 1900 1901 4336
f 1900 4336 6237
f 4336 6239 6237
f 6236 1900 6237
f 6240 6241 6242
f 6242 6234 4323
f 5523 6242 4323
f 6243 6241 6240
f 6244 6237 6245
f 6243 6246 6241
f 6243 6245 6246
f 6245 6243 6244
f 6235 6237 6244
f 6233 6243 6240
f 6235 6244 6232
f 6232 6244 6243
f 6232 6243 6233
f 6237 6239 6245
f 6239 6246 6245
f 4336 4333 4334
f 4336 4334 6247
f 6246 6248 6249
f 6246 6247 6248
f 6241 6246 6249
f 6241 6249 6242
f 6248 4334 4335
f 6247 4334 6248
f 6248 4335 6249
f 6249 4335 4337
f 4336 6247 6239
f 6239 6247 6246
f 6242 6249 4337
f 4337 4324 6234
f 6242 4337 6234
f 6240 6242 6250
f 6250 6233 6240
f 6233 6250 6251
f 6250 6242 5523
f 4194 4197 4354
f 6228 4354 4197
f 6227 6251 6228
f 6227 6233 6251
f 6250 4354 6228
f 6228 6251 6250
f 4353 4352 4356
f 4354 4356 4352
f 4354 6250 4356
f 4356 5523 4355
f 6250 5523 4356
f 4355 5523 5460
f 4841 4785 4784
