# Optimized for Cats vs Demons
# Source: Demo1.obj
# Simplification error: 0.0008241109899245203
v 35.07509994506836 2.1819159984588623 73.25460052490234
v 35.728538513183594 5.645544528961182 72.3796615600586
v 34.21450424194336 2.285306453704834 76.28125
v 34.31163024902344 5.790417671203613 77.11790466308594
v 33.264404296875 0.835442066192627 78.34123992919922
v 33.175621032714844 4.024387359619141 79.6527099609375
v 33.46892547607422 -1.8236289024353027 76.02169036865234
v 33.9465217590332 7.647570610046387 78.24705505371094
v 32.371055603027344 4.955285549163818 81.57220458984375
v 35.98380661010742 8.05181884765625 71.7777328491211
v 35.395057678222656 8.804222106933594 73.98775482177734
v 36.45417785644531 6.944090843200684 69.2587661743164
v 36.832916259765625 9.350677490234375 67.29936218261719
v 36.39641189575195 12.37228775024414 69.1756820678711
v 36.91620635986328 6.972645282745361 65.78005981445312
v 37.22406005859375 8.80262565612793 62.838897705078125
v 37.24460220336914 11.369059562683105 61.81605529785156
v 37.28630065917969 8.596030235290527 57.683982849121094
v 37.303287506103516 10.761884689331055 58.651424407958984
v 37.1779899597168 11.348505973815918 55.78396987915039
v 33.38715744018555 -4.63251256942749 72.46179962158203
v 35.00798034667969 -1.112833023071289 69.53468322753906
v 35.185855865478516 0.8433246612548828 71.57398223876953
v 35.4404182434082 -0.7371163368225098 66.02713012695312
v 34.0287971496582 -4.259341716766357 68.09182739257812
v 36.190364837646484 2.1600728034973145 66.18305206298828
v 35.661922454833984 0.8462123870849609 68.553466796875
v 32.78874588012695 -7.348392009735107 62.745906829833984
v 34.03499984741211 -4.789546489715576 61.49296188354492
v 31.969741821289062 -8.496480941772461 67.35491180419922
v 33.542354583740234 -5.934751033782959 61.95015335083008
v 34.09246063232422 -4.7547926902771 60.9948844909668
v 35.56367874145508 -1.0170879364013672 60.22014617919922
v 35.87580108642578 0.028342247009277344 61.59507369995117
v 34.62171936035156 -3.585724353790283 59.11017990112305
v 36.19961929321289 4.1486358642578125 69.20464324951172
v 35.26081085205078 -1.6576900482177734 56.589447021484375
v 36.25433349609375 1.734774112701416 55.61710739135742
v 36.576934814453125 3.9491031169891357 54.04103088378906
v 37.17331314086914 6.482926368713379 58.37929153442383
v 36.650054931640625 3.1943981647491455 56.83491516113281
v 36.90512466430664 5.44113302230835 55.13204574584961
v 36.71809387207031 3.7059073448181152 62.758060455322266
v 36.65087127685547 2.9850611686706543 60.37202072143555
v 37.22233200073242 8.895891189575195 56.01663589477539
v 35.72416687011719 0.8872036933898926 52.87418746948242
v 36.388885498046875 6.555108070373535 50.869911193847656
v 36.9129524230957 8.594110488891602 53.006752014160156
v 35.13093948364258 5.077486991882324 47.27516555786133
v 35.8596305847168 3.4868369102478027 50.490543365478516
v 31.0451717376709 -10.119804382324219 63.18764114379883
v -14.317774772644043 -13.047969818115234 104.37728118896484
v -15.10189437866211 -12.984945297241211 103.39280700683594
v -13.807332992553711 -13.487749099731445 102.91826629638672
v -13.937206268310547 -12.840953826904297 105.97505950927734
v -15.187832832336426 -12.045475006103516 107.76211547851562
v -14.790179252624512 -11.193510055541992 111.55683898925781
v -13.60759162902832 -11.453380584716797 111.36042785644531
v -13.87313461303711 -11.04234504699707 112.57848358154297
v -13.145153045654297 -10.107137680053711 113.87290954589844
v -14.336487770080566 -10.544811248779297 113.54568481445312
v -13.545960426330566 -10.624074935913086 113.41949462890625
v -12.67193603515625 -10.723756790161133 112.51893615722656
v -12.546028137207031 -11.755014419555664 109.78141784667969
v -14.220446586608887 -9.892122268676758 114.36910247802734
v -14.71451187133789 -9.788846969604492 114.24009704589844
v -14.943748474121094 -10.168243408203125 113.65201568603516
v -14.724784851074219 -9.059995651245117 114.50416564941406
v -13.906085968017578 -9.699731826782227 114.50505065917969
v -13.741430282592773 -8.59283447265625 114.55912780761719
v -14.41662883758545 -8.739765167236328 114.57857513427734
v -13.774381637573242 -9.231061935424805 114.630859375
v -14.89706802368164 -8.183076858520508 114.17912292480469
v -15.510125160217285 -8.22866439819336 113.63377380371094
v -15.725326538085938 -8.87318229675293 113.48252868652344
v -15.015652656555176 -8.903579711914062 114.32188415527344
v -15.15955924987793 -9.35866928100586 114.11087036132812
v -16.30350112915039 -8.979484558105469 112.37723541259766
v -16.439680099487305 -9.48419189453125 111.69621276855469
v -15.684545516967773 -9.511163711547852 113.2969970703125
v -16.209121704101562 -10.376108169555664 110.8488540649414
v -15.286484718322754 -10.473575592041016 112.66853332519531
v -15.649864196777344 -11.153886795043945 110.12657165527344
v -12.815234184265137 -12.685794830322266 106.74464416503906
v -12.939512252807617 -13.286369323730469 103.73101806640625
v -11.969989776611328 -13.502738952636719 102.30650329589844
v -13.04975700378418 -13.551626205444336 102.89219665527344
v -17.076841354370117 -7.66454553604126 110.63896179199219
v -14.216682434082031 -8.324043273925781 114.48974609375
v 14.123831748962402 -24.78420066833496 81.32750701904297
v 13.765433311462402 -24.83466339111328 80.89238739013672
v 15.822861671447754 -23.849472045898438 80.80757904052734
v 13.067150115966797 -24.690534591674805 82.17193603515625
v 12.66736125946045 -25.246191024780273 81.57689666748047
v 14.207837104797363 -24.49370002746582 81.85205841064453
v 12.36073112487793 -24.08070182800293 79.859375
v 13.729432106018066 -23.691753387451172 79.8825912475586
v 12.900257110595703 -24.449796676635742 79.96821594238281
v 12.543895721435547 -25.28065299987793 81.0433120727539
v -13.240549087524414 -13.64474868774414 101.28804016113281
v -14.713496208190918 -13.316850662231445 101.56553649902344
v -1.0907500982284546 -24.939626693725586 84.15526580810547
v 0.2185579389333725 -23.785715103149414 83.86164093017578
v -1.6231589317321777 -26.217958450317383 86.32180786132812
v -0.8985338807106018 -25.6389102935791 86.16012573242188
v 0.9473528861999512 -23.904232025146484 86.8701171875
v 2.117431640625 -22.589031219482422 85.67628479003906
v 1.900094747543335 -22.645967483520508 85.9556884765625
v -2.6300060749053955 -26.524812698364258 85.54252624511719
v -0.20624995231628418 -25.130563735961914 86.86570739746094
v 2.449589490890503 -21.643512725830078 87.27244567871094
v -5.8057451248168945 -28.85005760192871 94.44921875
v -5.639258861541748 -29.21201515197754 94.00747680664062
v -5.210891246795654 -29.299562454223633 94.07437896728516
v -5.5176239013671875 -28.580720901489258 94.80033111572266
v -5.248928070068359 -29.089021682739258 94.48397827148438
v -5.522302150726318 -29.290212631225586 93.18905639648438
v -4.778048515319824 -29.10434913635254 94.39553833007812
v -5.079085826873779 -29.184431076049805 92.37347412109375
v -4.618071556091309 -29.22047233581543 93.07972717285156
v -4.922261714935303 -28.61482810974121 94.83050537109375
v -5.3636474609375 -28.2375545501709 94.94505310058594
v -4.3493757247924805 -28.485471725463867 94.65245819091797
v -4.477316379547119 -29.162324905395508 93.90180206298828
v -4.255301475524902 -28.7760066986084 94.35659790039062
v -3.6922807693481445 -28.63145637512207 92.99787902832031
v -3.6655333042144775 -28.500032424926758 93.5218505859375
v -3.8942604064941406 -28.246496200561523 94.32872772216797
v -4.5349812507629395 -27.84796714782715 94.88172912597656
v -4.214214324951172 -27.016569137573242 94.67961120605469
v -4.782726764678955 -26.527894973754883 94.75326538085938
v -2.2610321044921875 -20.704484939575195 92.28050994873047
v -3.9989118576049805 -27.790624618530273 94.57270050048828
v -2.6104793548583984 -24.138906478881836 93.17339324951172
v -1.4221960306167603 -24.663658142089844 92.17575073242188
v -1.3998216390609741 -23.672603607177734 92.1825942993164
v -4.46877384185791 -21.692853927612305 93.17332458496094
v -1.0172197818756104 -19.166532516479492 91.34431457519531
v -1.1550254821777344 -23.556474685668945 91.96272277832031
v -1.2250980138778687 -23.65448570251465 92.13188171386719
v -0.17390884459018707 -19.3781795501709 90.94219970703125
v 1.4157910346984863 -20.12440299987793 89.6772689819336
v -4.025150775909424 -28.463903427124023 90.280517578125
v -5.672007083892822 -28.01280403137207 88.59375762939453
v -4.790964603424072 -18.51171112060547 92.0770492553711
v -7.080169677734375 -18.540807723999023 91.8421630859375
v -5.680956840515137 -23.41607093811035 93.75257873535156
v -3.102919340133667 -18.605449676513672 91.93476867675781
v -3.4836907386779785 -28.100996017456055 89.6087646484375
v -6.55813455581665 -31.79966926574707 86.14141845703125
v -6.9472455978393555 -30.691617965698242 84.29243469238281
v -5.5087761878967285 -33.446102142333984 86.32026672363281
v -1.0573920011520386 -25.02012062072754 83.90715026855469
v -4.405616760253906 -27.436677932739258 86.68531799316406
v -3.7954063415527344 -27.849576950073242 88.35567474365234
v -3.144718647003174 -27.55649757385254 88.63017272949219
v -6.098747730255127 -28.48582649230957 90.48063659667969
v -6.791844844818115 -27.378786087036133 87.70460510253906
v -5.507352352142334 -27.44367027282715 87.01742553710938
v -2.6092588901519775 -27.085561752319336 87.4761734008789
v -6.09681510925293 -32.3902473449707 86.79931640625
v -5.50847053527832 -33.42378234863281 86.52356719970703
v -5.734451770782471 -31.850805282592773 87.20645141601562
v -5.4053449630737305 -32.88469314575195 86.86474609375
v -5.314017295837402 -32.01701354980469 87.2255859375
v -5.309643745422363 -27.569326400756836 86.73665618896484
v -6.113799571990967 -29.244813919067383 86.911865234375
v -5.938973903656006 -31.114233016967773 87.1846923828125
v -4.196314334869385 -29.44560432434082 86.73887634277344
v -4.883208274841309 -31.478384017944336 87.17193603515625
v -3.302457809448242 -29.480974197387695 85.97823333740234
v -5.175194263458252 -31.287755966186523 87.27810668945312
v -4.969146251678467 -30.66206169128418 87.20038604736328
v -4.8139495849609375 -32.510372161865234 86.68758392333984
v -4.821882247924805 -32.21478271484375 86.91361236572266
v -4.341748237609863 -31.300241470336914 86.7941665649414
v -4.156956195831299 -27.629655838012695 86.45539855957031
v -4.721604347229004 -32.516357421875 86.25398254394531
v -2.295814037322998 -28.3987979888916 84.55512237548828
v -3.6912639141082764 -30.570390701293945 86.1632080078125
v -3.233809471130371 -26.933828353881836 86.2625732421875
v -3.4226694107055664 -27.27821159362793 86.03765106201172
v -0.19313040375709534 -24.34528160095215 82.73074340820312
v -2.035356044769287 -26.378644943237305 84.79216003417969
v -1.6716705560684204 -26.342382431030273 87.41336822509766
v 1.9040614366531372 -20.70073127746582 88.88917541503906
v -0.025119073688983917 -24.86927604675293 88.94216918945312
v 2.1606550216674805 -21.731006622314453 87.64917755126953
v -1.648584246635437 -26.726552963256836 89.21376037597656
v -2.0766468048095703 -17.88559341430664 98.7223892211914
v -1.6867223978042603 -17.31424903869629 94.85917663574219
v 0.06254762411117554 -17.41822052001953 96.37823486328125
v 0.09031221270561218 -17.386655807495117 96.77389526367188
v 11.067999839782715 -25.359535217285156 81.75358581542969
v 10.598644256591797 -25.575223922729492 81.37872314453125
v 10.301472663879395 -25.708786010742188 80.7615737915039
v 11.100951194763184 -24.846540451049805 82.2646484375
v 9.588747024536133 -25.6208553314209 79.72019958496094
v -6.147360801696777 -28.82850456237793 93.92989349365234
v -8.13502025604248 -26.900083541870117 89.38841247558594
v -6.359612941741943 -28.28813362121582 94.1939697265625
v -6.0765767097473145 -26.794736862182617 94.5881118774414
v -6.3625617027282715 -27.627233505249023 94.44326782226562
v -5.729163646697998 -27.54585838317871 94.87291717529297
v -5.879580020904541 -26.021684646606445 94.49755096435547
v -5.998774528503418 -28.22916603088379 94.65782165527344
v -8.700786590576172 -23.668415069580078 91.99876403808594
v -8.911208152770996 -18.813697814941406 91.20411682128906
v -10.23129653930664 -19.41351318359375 90.32408142089844
v -9.506366729736328 -24.922563552856445 89.95453643798828
v -8.539793014526367 -26.38568687438965 90.23165893554688
v -7.215025901794434 -27.70391273498535 89.64816284179688
v -10.646341323852539 -23.35637664794922 88.85199737548828
v -10.726685523986816 -22.362144470214844 89.44347381591797
v -11.612406730651855 -20.344831466674805 88.78497314453125
v -10.724855422973633 -23.701936721801758 86.02603149414062
v -8.997145652770996 -25.701539993286133 86.79635620117188
v -8.877849578857422 -27.097497940063477 83.96357727050781
v -7.702075481414795 -28.855764389038086 85.65141296386719
v -6.590475082397461 -30.872556686401367 86.73019409179688
v -9.684243202209473 -24.696590423583984 85.45936584472656
v -8.502976417541504 -26.031476974487305 86.51519775390625
v -6.691363334655762 -27.004491806030273 86.4033203125
v -8.285233497619629 -25.781227111816406 85.40396118164062
v -6.13312292098999 -27.360071182250977 86.62680053710938
v -4.897853374481201 -16.948104858398438 97.55229187011719
v -3.9168384075164795 -17.22008514404297 96.33509826660156
v -3.3924639225006104 -17.578264236450195 97.89726257324219
v -2.9871826171875 -17.29366111755371 95.3672866821289
v -5.144988536834717 -16.339275360107422 94.0384521484375
v -4.520235061645508 -16.59077262878418 93.66919708251953
v -12.016670227050781 -21.749332427978516 86.45872497558594
v -17.9169979095459 44.76502227783203 64.83881378173828
v -20.38713264465332 43.97336196899414 62.334556579589844
v -20.324481964111328 43.785888671875 64.96633911132812
v -17.949542999267578 45.00197982788086 60.63118362426758
v -15.63145637512207 45.605812072753906 63.73979949951172
v -13.893678665161133 46.2247428894043 61.268348693847656
v -15.911949157714844 45.62879180908203 57.664730072021484
v -16.664134979248047 45.191986083984375 54.89348602294922
v -13.081791877746582 46.4362907409668 59.044944763183594
v -14.29590892791748 45.75405502319336 65.9771728515625
v -7.723127841949463 47.29286575317383 57.11320877075195
v -9.264620780944824 47.144012451171875 61.15922927856445
v -8.310861587524414 46.27766418457031 69.78208923339844
v -13.143321990966797 45.27341842651367 70.44571685791016
v -10.626916885375977 45.39826202392578 72.16996002197266
v -11.896458625793457 46.40726089477539 65.2806167602539
v -9.358695983886719 46.899932861328125 64.88426208496094
v -6.918056964874268 47.4371452331543 60.821922302246094
v -5.967349052429199 47.33650207519531 64.14408111572266
v -7.393003940582275 46.92436981201172 66.7365951538086
v -22.267597198486328 35.829532623291016 83.75238800048828
v -25.714370727539062 34.558006286621094 82.1654281616211
v -22.493986129760742 34.10787582397461 85.9239501953125
v -12.649764060974121 46.4157600402832 56.39487075805664
v -5.075729846954346 47.456207275390625 56.20570755004883
v -8.272724151611328 47.10329818725586 55.453128814697266
v -11.732820510864258 46.24303436279297 52.98440933227539
v -6.7799458503723145 46.82048416137695 51.725074768066406
v -11.029756546020508 45.485450744628906 48.00617218017578
v -2.773608922958374 47.565921783447266 62.61121368408203
v -2.8168323040008545 47.57542419433594 56.94181442260742
v -18.049924850463867 42.95732116699219 73.49425506591797
v -22.1098575592041 41.773414611816406 71.29898834228516
v -19.76593780517578 41.67078399658203 75.18128967285156
v -18.339569091796875 43.474552154541016 71.15859985351562
v -20.360383987426758 43.40190887451172 67.48502349853516
v -23.661113739013672 40.36399841308594 73.29647827148438
v -24.10494041442871 42.02227020263672 63.39767837524414
v -18.253225326538086 40.581947326660156 79.12271881103516
v -15.629524230957031 42.89883804321289 76.10907745361328
v -15.582537651062012 41.58698654174805 79.11817932128906
v -15.944494247436523 44.64397048950195 69.76838684082031
v -15.501684188842773 43.909812927246094 73.29806518554688
v -13.696273803710938 44.05100631713867 74.5151138305664
v -22.138843536376953 39.3792610168457 77.82272338867188
v -17.295703887939453 38.26737976074219 83.94334411621094
v -14.028026580810547 39.28313064575195 84.23866271972656
v -10.596405982971191 42.41236877441406 80.12047576904297
v -13.42778205871582 41.35530471801758 80.87261962890625
v -12.150917053222656 43.78268814086914 76.30461120605469
v -8.125358581542969 44.06679153442383 77.32738494873047
v -7.5314202308654785 44.9736442565918 75.12996673583984
v -20.805124282836914 34.272762298583984 87.0565185546875
v -19.3273983001709 38.684120178222656 81.76923370361328
v -7.6851935386657715 46.00373840332031 47.95733642578125
v -3.9099223613739014 47.04894256591797 52.132999420166016
v 1.3846702575683594 47.542022705078125 59.48468780517578
v -24.743730545043945 37.08576965332031 79.23934936523438
v 34.6425666809082 -3.1865992546081543 56.18328094482422
v 34.76572799682617 -3.01918363571167 57.34514236450195
v 34.54106903076172 -2.276144504547119 52.328433990478516
v 34.16131591796875 -4.005482196807861 54.60889434814453
v 33.25901794433594 -5.514034748077393 53.371543884277344
v 34.63849639892578 -1.2220587730407715 50.84571838378906
v 35.00492858886719 1.1344189643859863 49.386192321777344
v 34.27613830566406 1.7609214782714844 46.77616500854492
v 23.68939208984375 -3.8829331398010254 34.966068267822266
v 25.448116302490234 -5.414255619049072 37.757389068603516
v 23.173458099365234 -6.844437122344971 36.816383361816406
v 25.84465217590332 -0.7961859703063965 35.15664291381836
v 28.386789321899414 -0.06491374969482422 37.57120132446289
v 26.920455932617188 -2.3781228065490723 37.16609191894531
v 25.175148010253906 -3.846850872039795 36.301082611083984
v 26.832685470581055 1.7103323936462402 35.01152801513672
v 29.058530807495117 3.746975898742676 36.854652404785156
v 26.883638381958008 5.3204450607299805 33.92656707763672
v 29.063514709472656 -2.50746488571167 39.83214569091797
v 30.096397399902344 2.359257459640503 38.714569091796875
v 30.257591247558594 0.01232004165649414 40.007171630859375
v 30.65829849243164 4.61989164352417 38.759700775146484
v 32.495643615722656 4.674389839172363 41.65168762207031
v 32.97038269042969 2.633265495300293 43.304141998291016
v 33.43027877807617 5.675962448120117 43.09900665283203
v 28.5133056640625 -3.9584145545959473 40.146202087402344
v 32.9602165222168 0.4996151924133301 44.45861053466797
v 31.182266235351562 -5.355400562286377 46.100311279296875
v 31.642568588256836 -2.7761950492858887 44.22492599487305
v 32.89522933959961 -1.5348443984985352 45.875701904296875
v 33.878787994384766 -1.0175209045410156 48.017940521240234
v 29.86380386352539 -4.6359686851501465 42.707340240478516
v 30.095279693603516 -6.30127477645874 45.04486083984375
v 28.64328384399414 -5.707516193389893 41.90013885498047
v 31.116464614868164 -2.2106471061706543 42.76860427856445
v 29.16826629638672 -7.527441501617432 44.98283386230469
v 28.02513885498047 -7.552156925201416 43.08827590942383
v 30.15843391418457 -7.111999988555908 46.366268157958984
v 31.67643165588379 -6.290684223175049 48.98490905761719
v 33.6209716796875 -3.730329990386963 50.921443939208984
v 32.586360931396484 -6.506006717681885 52.85124206542969
v 27.104736328125 -6.07849645614624 40.23089599609375
v 25.161725997924805 -7.740628719329834 39.67424011230469
v 31.48137092590332 2.4628753662109375 82.81614685058594
v 29.599279403686523 4.263904571533203 86.38099670410156
v -1.669534683227539 -17.196733474731445 93.01075744628906
v -2.543051242828369 -16.951168060302734 93.64231872558594
v -0.6985880136489868 -16.907268524169922 93.53799438476562
v -0.45765674114227295 -16.907970428466797 93.23426818847656
v 0.2819180488586426 -17.199634552001953 95.33302307128906
v 1.4929827451705933 -16.5709228515625 93.29055786132812
v 0.9733885526657104 -16.573932647705078 93.80638885498047
v 1.211777687072754 -16.892807006835938 95.78976440429688
v 32.2587776184082 8.734145164489746 81.95941162109375
v 30.19535255432129 7.21576452255249 85.6617202758789
v 29.581684112548828 5.697454452514648 86.5535888671875
v 28.02198600769043 8.77642822265625 88.73707580566406
v 27.57358169555664 6.266716480255127 89.34095764160156
v 27.151519775390625 3.287477493286133 89.61090087890625
v 25.122875213623047 4.582284927368164 92.1172103881836
v 25.360145568847656 2.0628914833068848 91.54032135009766
v 26.37675666809082 9.648138046264648 90.69679260253906
v 27.3875675201416 0.640716552734375 88.76273345947266
v 22.580432891845703 6.159450531005859 94.6331787109375
v -16.553890228271484 -7.068810939788818 111.42491149902344
v -15.83709716796875 -5.452764987945557 110.89610290527344
v -14.765464782714844 -7.683081150054932 113.92459106445312
v -14.520160675048828 -3.905637264251709 110.00666809082031
v -15.369880676269531 -4.165548801422119 109.82835388183594
v -0.305002361536026 -24.26611328125 83.17558288574219
v -5.597459316253662 -33.21212387084961 86.02809143066406
v -4.910972595214844 -28.53916358947754 81.53829956054688
v -5.249334335327148 -33.08263397216797 85.95747375488281
v -4.281438827514648 -31.0275821685791 84.13606262207031
v -0.39033013582229614 -24.791091918945312 81.71965789794922
v -3.397650957107544 -30.127065658569336 84.27705383300781
v -1.5402718782424927 -25.718700408935547 80.61573791503906
v 9.354528427124023 -24.70819664001465 82.00885772705078
v 9.803032875061035 -25.357282638549805 81.55226135253906
v -1.1943840980529785 -25.3319091796875 80.44312286376953
v -7.407649040222168 -25.970003128051758 79.67108917236328
v -7.187057971954346 -25.67277717590332 79.35502624511719
v -6.479823589324951 -25.960012435913086 79.32074737548828
v -6.815439224243164 -28.56376075744629 81.87593078613281
v -5.774624347686768 -25.940011978149414 79.26296997070312
v -6.021963119506836 -25.817668914794922 79.12969207763672
v -4.451687812805176 -25.883657455444336 79.18888854980469
v -3.8604955673217773 -25.83867645263672 79.15156555175781
v -3.3392741680145264 -25.858163833618164 79.38937377929688
v -2.4466378688812256 -25.73879051208496 79.64024353027344
v -3.761641263961792 -25.875192642211914 79.314208984375
v -5.110511779785156 -25.89082145690918 79.12327575683594
v -7.685091972351074 -28.532590866088867 82.47956848144531
v -8.667123794555664 -27.25287437438965 82.95745086669922
v -9.13179874420166 -25.150598526000977 80.43009948730469
v -8.272215843200684 -25.479705810546875 79.81108093261719
v -7.927142143249512 -25.505966186523438 79.55745697021484
v -9.396121978759766 -24.365760803222656 84.3762435913086
v -9.854796409606934 -23.937374114990234 83.59368133544922
v -10.180953979492188 -24.18882179260254 82.4814453125
v 9.215298652648926 -25.695762634277344 80.63529968261719
v 7.472842216491699 -25.395708084106445 80.58393096923828
v 9.132513046264648 -25.553268432617188 79.43162536621094
v 8.899209976196289 -25.264184951782227 78.78902435302734
v 8.544167518615723 -24.944150924682617 78.6899185180664
v 9.252521514892578 -25.26721954345703 78.78843688964844
v 7.173533916473389 -24.74043846130371 80.2726058959961
v 7.263742923736572 -24.856983184814453 79.98724365234375
v 7.337375640869141 -25.26605796813965 80.58031463623047
v 10.057084083557129 -24.18817901611328 79.48593139648438
v 11.608137130737305 -24.537960052490234 79.66845703125
v 10.50141716003418 -24.74740982055664 79.26220703125
v 8.718281745910645 -24.814693450927734 78.60598754882812
v 13.347744941711426 -23.181154251098633 80.21321105957031
v 32.467674255371094 -6.976283550262451 71.65619659423828
v 32.83125686645508 -5.194869518280029 74.20733642578125
v 33.26359558105469 -3.915459156036377 74.38973999023438
v 31.860614776611328 -6.02393102645874 76.61735534667969
v 32.86482238769531 -1.401911735534668 78.15160369873047
v 32.10612487792969 -0.4523129463195801 80.51414489746094
v 31.62263298034668 -4.594709873199463 78.86750030517578
v 31.182674407958984 -8.87797737121582 73.53643035888672
v 31.114837646484375 -9.422548294067383 71.58323669433594
v 30.921300888061523 -4.02587366104126 80.87899017333984
v 29.999473571777344 -6.273993015289307 80.93019104003906
v 27.692676544189453 -6.862979412078857 84.74410247802734
v 29.590532302856445 -3.0983099937438965 83.96893310546875
v 30.65606117248535 -8.409826278686523 76.86943817138672
v 30.066495895385742 -8.086128234863281 78.94769287109375
v 28.515544891357422 -10.533357620239258 79.24372100830078
v 27.643146514892578 -8.726669311523438 83.10436248779297
v 30.327054977416992 0.471224308013916 84.32130432128906
v 29.203964233398438 0.279451847076416 86.09332275390625
v 27.16067123413086 -4.723442554473877 86.97468566894531
v 27.627586364746094 -8.931476593017578 83.31533813476562
v 27.648433685302734 -6.56394624710083 85.31703186035156
v 29.010019302368164 -9.08177375793457 86.67327880859375
v 27.071073532104492 -4.662367343902588 87.37628936767578
v 26.948118209838867 -11.538787841796875 81.93020629882812
v 27.421642303466797 -10.380376815795898 82.72532653808594
v 29.389467239379883 -11.031423568725586 86.71884155273438
v 28.81322479248047 -7.516844272613525 88.2171859741211
v 26.872554779052734 -11.430238723754883 81.59483337402344
v 28.121349334716797 -14.771045684814453 85.2811279296875
v -0.871074378490448 -18.63983154296875 91.65401458740234
v 30.31536102294922 -13.455810546875 89.44293212890625
v 30.70751953125 -14.098615646362305 91.63615417480469
v 30.326446533203125 -16.266386032104492 92.37835693359375
v 29.86482048034668 -17.391225814819336 92.75890350341797
v 30.898517608642578 -17.821928024291992 98.32916259765625
v 31.41597557067871 -15.98849868774414 98.80462646484375
v 29.336074829101562 -16.93178939819336 89.93675231933594
v 29.402080535888672 -15.794534683227539 88.51756286621094
v 30.575716018676758 -12.83612060546875 90.46903991699219
v 19.722105026245117 -6.099396228790283 97.20965576171875
v 19.641761779785156 -7.838016033172607 98.10055541992188
v 20.931442260742188 -8.091049194335938 98.53471374511719
v 18.71861457824707 -7.019418239593506 97.37564086914062
v 21.024600982666016 -5.879845142364502 97.26473236083984
v 22.373369216918945 -8.159799575805664 98.69459533691406
v 16.98826026916504 -6.079051494598389 96.12348175048828
v 18.434255599975586 -8.266349792480469 97.74403381347656
v 18.21529197692871 -10.507587432861328 98.0263442993164
v 19.557350158691406 -9.87265396118164 98.67195129394531
v 20.54202651977539 -10.808858871459961 99.19522094726562
v 20.759565353393555 -9.600366592407227 99.03582763671875
v 23.08660125732422 -11.693035125732422 100.04209899902344
v 23.668846130371094 -10.781471252441406 99.8819580078125
v 23.9127254486084 -7.441788196563721 98.08325958251953
v 24.456626892089844 -9.688335418701172 99.39071655273438
v 20.13237190246582 -12.050252914428711 99.05670166015625
v 24.927202224731445 -14.190889358520508 100.83242797851562
v 31.2139949798584 -16.926679611206055 98.11321258544922
v 28.285493850708008 -16.581403732299805 102.12699127197266
v 29.14182472229004 -17.51341438293457 102.08966827392578
v 29.652366638183594 -16.957792282104492 102.16910552978516
v 30.113483428955078 -17.454891204833984 102.01943969726562
v 29.306581497192383 -18.07613182067871 101.859375
v 30.06517219543457 -18.129077911376953 101.64657592773438
v 30.289119720458984 -18.89196014404297 99.54054260253906
v 31.141584396362305 -17.636337280273438 99.48420715332031
v 30.50615119934082 -18.53458023071289 100.47845458984375
v 31.0952091217041 -17.593019485473633 100.47357940673828
v 31.33085060119629 -16.91995620727539 99.96821594238281
v 30.65738296508789 -17.680906295776367 101.47842407226562
v 30.479101181030273 -18.325315475463867 100.99850463867188
v 27.527915954589844 -15.31979751586914 101.84855651855469
v 26.31777000427246 -16.029876708984375 101.42236328125
v 28.274917602539062 -7.186865329742432 94.06733703613281
v 28.285493850708008 -8.145681381225586 95.71539306640625
v 29.667722702026367 -9.378936767578125 94.47291564941406
v 30.380449295043945 -10.659456253051758 91.52021789550781
v 29.92716407775879 -9.312095642089844 91.88459014892578
v 30.323394775390625 -10.537681579589844 93.67384338378906
v 29.124433517456055 -7.832432270050049 92.57678985595703
v 29.728946685791016 -14.735897064208984 101.48875427246094
v 28.619789123535156 -13.448326110839844 101.02447509765625
v 28.450149536132812 -14.827692031860352 101.80445861816406
v 25.582971572875977 -6.3504719734191895 96.37692260742188
v 29.191150665283203 -13.347442626953125 100.71595764160156
v 25.215221405029297 -7.02621603012085 97.27366638183594
v 29.77888298034668 -9.733139038085938 88.86592102050781
v 30.98567771911621 -13.228818893432617 95.33416748046875
v 30.583852767944336 -11.766937255859375 90.84766387939453
v 31.25701904296875 -14.816505432128906 98.44146728515625
v 30.93198013305664 -14.685462951660156 100.07109069824219
v 30.295730590820312 -13.548358917236328 99.87786865234375
v 29.796781539916992 -13.34536361694336 100.2646713256836
v 30.408111572265625 -14.700494766235352 100.9632797241211
v 27.385231018066406 -7.143425464630127 95.591552734375
v 30.129961013793945 -15.97465705871582 101.92070007324219
v 29.454761505126953 -16.018993377685547 102.11808776855469
v 30.645994186401367 -17.121789932250977 101.73623657226562
v 30.674774169921875 -15.889219284057617 101.49497985839844
v 30.53523826599121 -16.687774658203125 101.83927154541016
v 31.148094177246094 -16.3201847076416 100.89584350585938
v 31.04252815246582 -15.570064544677734 100.72299194335938
v 28.885231018066406 -16.17247200012207 102.17265319824219
v 31.307052612304688 -16.2109432220459 100.38572692871094
v 25.430015563964844 -2.716251850128174 90.2318115234375
v 24.73539161682129 -2.1941170692443848 91.11165618896484
v 23.47378158569336 0.7024135589599609 93.24066162109375
v 22.58785629272461 1.6629977226257324 94.23124694824219
v 10.205364227294922 -23.09159278869629 82.26081848144531
v 10.573220252990723 -23.915884017944336 82.5880126953125
v 11.389070510864258 -23.794479370117188 82.78606414794922
v 7.787405490875244 -24.10042381286621 81.15985870361328
v 7.278184413909912 -24.254886627197266 80.79642486572266
v 9.437618255615234 -24.377273559570312 82.16680908203125
v 9.028675079345703 -23.63151741027832 81.864990234375
v 11.385104179382324 -24.149118423461914 82.71699523925781
v 12.15417194366455 -22.350975036621094 82.56645965576172
v 12.961787223815918 -22.199365615844727 82.52828979492188
v 12.683226585388184 -24.21137046813965 82.61686706542969
v 12.813607215881348 -23.281780242919922 82.92787170410156
v 15.778011322021484 -20.989784240722656 82.13772583007812
v 14.658374786376953 -21.69948387145996 82.36504364013672
v 16.282146453857422 -20.95302391052246 81.81287384033203
v 15.983550071716309 -21.753890991210938 82.28961944580078
v 16.89896583557129 -21.718076705932617 81.90449523925781
v 16.39910125732422 -22.042043685913086 82.1750259399414
v 17.828725814819336 -21.453468322753906 81.1841812133789
v 17.147830963134766 -20.58098030090332 81.18020629882812
v 17.55036735534668 -21.6428165435791 79.61196899414062
v 17.018465042114258 -22.036348342895508 79.22785949707031
v 17.336793899536133 -20.795747756958008 79.94286346435547
v 17.761091232299805 -21.30559730529785 79.99301147460938
v 17.474090576171875 -20.708614349365234 80.59626770019531
v 17.471038818359375 -20.50442886352539 80.18020629882812
v 18.142372131347656 -21.33499526977539 80.74354553222656
v 18.034263610839844 -21.591054916381836 80.24166870117188
v 17.198680877685547 -20.425678253173828 81.32774353027344
v 17.10064125061035 -22.464136123657227 79.51071166992188
v 17.453039169311523 -22.045127868652344 79.54020690917969
v 18.141252517700195 -21.686542510986328 80.5794906616211
v 18.145118713378906 -21.51605987548828 80.84925079345703
v 14.633663177490234 -22.781652450561523 82.75764465332031
v 15.9456148147583 -23.743276596069336 81.00782775878906
v 15.559453964233398 -23.79098892211914 81.53578186035156
v 15.993109703063965 -23.198345184326172 79.68036651611328
v 16.036840438842773 -23.521759033203125 80.18392944335938
v 14.646781921386719 -23.896387100219727 82.14892578125
v 15.325030326843262 -23.067148208618164 79.63339233398438
v 16.822080612182617 -22.49213218688965 79.27836608886719
v 16.23119354248047 -22.80710220336914 81.8316650390625
v 16.49399185180664 -22.36945343017578 79.19795989990234
v 25.52276611328125 -13.669002532958984 80.8826904296875
v 28.75840950012207 -13.987024307250977 85.89261627197266
v 29.299663543701172 -13.132761001586914 86.5811538696289
v 29.59825897216797 -14.401945114135742 87.8033447265625
v 30.1029052734375 -11.781938552856445 88.66398620605469
v 29.65989112854004 -12.314188003540039 87.25419616699219
v 22.85095977783203 -5.514865398406982 96.80935668945312
v 19.9260196685791 -3.5994820594787598 95.40731048583984
v 20.973648071289062 -3.0466809272766113 94.79269409179688
v 20.703933715820312 -2.8114495277404785 94.80918884277344
v 19.227428436279297 -3.5610527992248535 95.60452270507812
v 26.51059341430664 -3.644296169281006 88.48953247070312
v 24.757564544677734 -2.649930477142334 91.36691284179688
v 22.815263748168945 -2.1639304161071777 93.17658996582031
v 22.278175354003906 -2.6061177253723145 93.79768371582031
v 23.513647079467773 -2.4840493202209473 92.69962310791016
v 28.676437377929688 -6.878201007843018 89.87519836425781
v 28.21592903137207 -6.206058979034424 91.13737487792969
v 27.401500701904297 -5.218790531158447 91.43421936035156
v 28.943708419799805 -7.323899745941162 91.17845916748047
v 28.503236770629883 -7.0030903816223145 92.8862075805664
v 27.031208038330078 -5.65326452255249 93.71147918701172
v 25.767866134643555 -5.4130988121032715 95.07556915283203
v 26.507442474365234 -4.581474781036377 92.43841552734375
v 22.286922454833984 -4.00044584274292 95.45388793945312
v 24.134132385253906 -5.553303241729736 96.3885726928711
v 25.82278823852539 -4.815951824188232 94.11129760742188
v 8.626241683959961 30.7266788482666 28.647628784179688
v 7.366666316986084 32.308048248291016 29.392406463623047
v 8.925651550292969 33.2681770324707 30.508182525634766
v 20.44479751586914 34.418880462646484 38.4443359375
v 20.824045181274414 35.17577362060547 39.832305908203125
v 23.313701629638672 32.87388610839844 39.910743713378906
v 21.89313316345215 35.78478240966797 42.10661315917969
v 13.086575508117676 34.212337493896484 32.89741134643555
v 15.492532730102539 36.1824951171875 36.239585876464844
v 16.246854782104492 33.84921646118164 34.401084899902344
v 18.89130401611328 34.0517692565918 36.58464813232422
v 6.2109270095825195 40.99149703979492 37.58387756347656
v 1.4422338008880615 39.51136779785156 34.76625061035156
v 2.614753007888794 41.35340881347656 37.19505310058594
v 8.58952808380127 39.18317794799805 36.0754280090332
v 10.631597518920898 33.418304443359375 31.19635772705078
v 10.032573699951172 35.43832778930664 32.69832992553711
v 12.937074661254883 36.87239456176758 35.4530143737793
v 6.399684906005859 34.753475189208984 31.019460678100586
v 3.9878287315368652 37.605167388916016 33.12242889404297
v 7.07325553894043 37.25 33.492698669433594
v 15.633186340332031 31.80777931213379 32.239444732666016
v 33.99736785888672 8.210846900939941 43.74089050292969
v 35.17680358886719 10.197694778442383 46.382240295410156
v 35.33068084716797 6.924519062042236 47.19739532470703
v 34.27714920043945 13.319409370422363 44.4984130859375
v 34.350074768066406 17.416683197021484 46.09889221191406
v 35.397499084472656 12.715797424316406 47.24946212768555
v 34.237281799316406 10.907807350158691 44.11771011352539
v 35.85942840576172 11.923019409179688 48.495513916015625
v 36.16910934448242 14.025138854980469 50.344993591308594
v 34.55388259887695 19.31070327758789 47.858154296875
v 33.8818359375 22.71332550048828 48.89740753173828
v 35.00269317626953 19.992961883544922 50.057533264160156
v 32.76210021972656 20.72023582458496 44.07663345336914
v 35.5945930480957 16.838668823242188 49.61566162109375
v 36.18121337890625 16.3853759765625 52.026912689208984
v 33.45418167114258 16.491090774536133 43.49958038330078
v 35.927772521972656 18.15421485900879 52.50861358642578
v 32.566627502441406 19.511178970336914 42.92878341674805
v 32.21413040161133 15.982799530029297 40.93834686279297
v 32.50113296508789 11.611671447753906 40.770774841308594
v 30.33844566345215 19.778079986572266 39.08098602294922
v 31.121652603149414 22.71883773803711 41.98592758178711
v 30.467403411865234 25.297447204589844 42.806331634521484
v 32.50184631347656 23.423555374145508 45.65689468383789
v 33.092933654785156 24.154024124145508 48.10019302368164
v 15.082268714904785 37.398040771484375 37.365638732910156
v 13.52806282043457 40.09296798706055 40.00230407714844
v 16.8826961517334 37.915523529052734 39.52033996582031
v 15.742720603942871 39.86123275756836 41.52815628051758
v 17.738718032836914 39.09016799926758 42.349609375
v 11.157700538635254 39.60996627807617 37.78013229370117
v 10.680109024047852 41.77714538574219 40.88814926147461
v 8.450196266174316 40.9727897644043 38.382850646972656
v 8.3648681640625 41.73697280883789 39.555946350097656
v 3.4035518169403076 42.88380432128906 39.774620056152344
v 1.1623501777648926 43.95077896118164 41.403072357177734
v 3.644788980484009 44.23163986206055 42.65888214111328
v 7.598952293395996 44.23838424682617 44.51409149169922
v 3.08909010887146 45.25542449951172 45.22183609008789
v 8.360292434692383 42.94563674926758 41.8536491394043
v 5.959113121032715 42.289703369140625 39.517826080322266
v 12.754112243652344 41.39437484741211 41.689910888671875
v 12.61783218383789 42.43988037109375 43.80708312988281
v 9.724417686462402 43.58689880371094 44.24175262451172
v 20.410831451416016 36.59979248046875 41.38629913330078
v 4.046205520629883 45.62013244628906 46.80950927734375
v -0.23289602994918823 44.83565902709961 43.31825637817383
v 36.83901596069336 13.637554168701172 54.024330139160156
v 37.10608673095703 13.751768112182617 58.94206237792969
v 36.321659088134766 17.70458984375 55.078575134277344
v 36.307830810546875 9.40432357788086 49.9039421081543
v 37.017913818359375 10.635147094726562 53.76935577392578
v 36.708229064941406 12.202903747558594 52.117679595947266
v 25.517580032348633 29.806428909301758 39.28662872314453
v 25.085044860839844 32.82475662231445 42.341270446777344
v 26.07785415649414 30.58480453491211 40.923011779785156
v 26.149147033691406 32.74567794799805 44.07941436767578
v 27.04401969909668 20.447185516357422 35.09346008300781
v 28.446182250976562 22.19830322265625 37.548500061035156
v 28.87546730041504 17.308698654174805 36.3309211730957
v 30.9842529296875 16.54930305480957 39.03353500366211
v 30.649858474731445 13.830896377563477 38.0494499206543
v 27.133214950561523 28.340482711791992 40.092376708984375
v 29.536224365234375 7.996240615844727 36.53281021118164
v 31.18307876586914 10.970268249511719 38.65568161010742
v 32.561546325683594 6.427223205566406 41.28801727294922
v 29.318275451660156 11.362590789794922 36.0820426940918
v 27.160978317260742 9.208765029907227 33.64307403564453
v 12.680886268615723 27.654804229736328 28.18680191040039
v 12.126916885375977 31.22829246520996 30.132747650146484
v 22.321805953979492 31.868427276611328 37.64158248901367
v 23.775020599365234 29.046606063842773 36.58300018310547
v 19.983478546142578 30.069704055786133 33.888816833496094
v 20.51263427734375 25.692928314208984 31.45579719543457
v 18.136981964111328 29.254018783569336 31.925859451293945
v 21.351978302001953 28.539161682128906 33.89642333984375
v 17.84418296813965 31.01869010925293 33.02012634277344
v 17.28258514404297 21.965118408203125 27.893550872802734
v 15.49365234375 25.676820755004883 28.415279388427734
v 18.005786895751953 26.053770065307617 29.96015167236328
v 25.205963134765625 23.077035903930664 34.23109817504883
v 28.676843643188477 23.93153953552246 38.79861068725586
v 27.711490631103516 26.580955505371094 39.35116958618164
v 25.446489334106445 27.23590850830078 36.982242584228516
v 25.578399658203125 25.429962158203125 35.91352081298828
v 23.143451690673828 25.945938110351562 33.78449249267578
v 23.64036750793457 23.29384994506836 32.84943771362305
v 25.278377532958984 20.92594337463379 33.402408599853516
v 24.362045288085938 19.391019821166992 32.09143829345703
v 21.595352172851562 21.434473037719727 30.472900390625
v 19.520532608032227 22.334917068481445 29.312030792236328
v 20.247802734375 23.642045974731445 30.308826446533203
v -2.8662590980529785 45.33119583129883 44.573097229003906
v -1.9666056632995605 45.75739288330078 45.867958068847656
v 0.7506620287895203 46.41045379638672 48.74488830566406
v -2.6253278255462646 46.50732421875 48.84803771972656
v -0.3363264799118042 47.36003875732422 54.60455322265625
v -5.516505241394043 45.75868225097656 46.261966705322266
v -0.11126063764095306 47.55025100708008 57.115386962890625
v 28.78383445739746 15.119194030761719 35.7558479309082
v 26.239458084106445 16.18610191345215 33.10981750488281
v 23.933372497558594 15.209627151489258 30.898120880126953
v 26.96316909790039 13.403081893920898 33.48561096191406
v 27.069446563720703 11.519426345825195 33.48773193359375
v 29.994287490844727 26.694725036621094 43.25092697143555
v 29.60405921936035 23.946210861206055 40.19709014892578
v 28.28539276123047 29.046682357788086 42.734100341796875
v -23.161962509155273 -23.577964782714844 80.85690307617188
v -23.249731063842773 -23.767568588256836 80.31389617919922
v -22.306446075439453 -24.19631004333496 80.66203308105469
v -21.67589569091797 -23.94283676147461 81.33169555664062
v -21.9665584564209 -23.16818618774414 81.80598449707031
v -22.894792556762695 -22.331724166870117 81.90996551513672
v -21.152132034301758 -22.895700454711914 82.07559967041016
v -22.99262809753418 -22.025028228759766 81.95918273925781
v -20.420387268066406 -24.629066467285156 80.95913696289062
v -20.38825035095215 -23.712482452392578 81.78443145751953
v -20.419269561767578 -22.984060287475586 82.02522277832031
v -19.52602195739746 -23.722396850585938 81.7420425415039
v -10.100507736206055 -10.740802764892578 108.4947738647461
v -8.139901161193848 -9.793630599975586 106.28727722167969
v -11.43768310546875 -10.003520965576172 111.82426452636719
v -11.500432014465332 -9.557043075561523 112.31034851074219
v -11.091896057128906 -11.765670776367188 107.89738464355469
v -12.823978424072266 -8.530054092407227 114.07942962646484
v -13.40052604675293 -9.193954467773438 114.518798828125
v -12.180105209350586 -8.630363464355469 113.47239685058594
v -12.674781799316406 -9.82887077331543 113.67570495605469
v -12.757364273071289 -9.215387344360352 114.05570983886719
v -11.097490310668945 -8.699420928955078 112.06511688232422
v -10.184412002563477 -12.222223281860352 104.98118591308594
v -10.474770545959473 -12.794368743896484 103.36277770996094
v -9.161699295043945 -12.474214553833008 101.96076965332031
v -10.90740966796875 -13.355588912963867 101.31196594238281
v -9.558539390563965 -13.069694519042969 99.38003540039062
v -8.67729377746582 -11.374471664428711 104.33285522460938
v -11.827200889587402 -12.848163604736328 105.30328369140625
v -10.908935546875 -13.555395126342773 99.52901458740234
v -12.232176780700684 -13.790477752685547 99.79644012451172
v 2.056105375289917 -16.180280685424805 93.90899658203125
v 13.792588233947754 0.5594387054443359 108.23410034179688
v 13.462262153625488 1.063654899597168 108.57637786865234
v 13.592134475708008 0.3971066474914551 108.81364440917969
v 13.854930877685547 -0.9645757675170898 106.57923889160156
v 14.003619194030762 -0.14790821075439453 106.28666687011719
v 13.895408630371094 0.565640926361084 107.04429626464844
v 13.187360763549805 -0.22571897506713867 109.05670928955078
v 13.79269027709961 -0.056878089904785156 108.26995849609375
v 13.267501831054688 0.48583364486694336 109.14158630371094
v 12.748723030090332 1.271237850189209 109.05537414550781
v 12.90890121459961 0.384859561920166 109.3467788696289
v 12.393681526184082 0.7950234413146973 109.36753845214844
v 12.097221374511719 0.2639274597167969 109.40602111816406
v 13.71651554107666 -4.4909539222717285 98.15167999267578
v 13.659867286682129 -1.2107481956481934 106.98297119140625
v 12.883883476257324 -2.7511868476867676 105.78568267822266
v 12.867204666137695 -5.315861225128174 100.11805725097656
v 12.6951265335083 -1.7208714485168457 107.81654357910156
v 9.503928184509277 -7.236225605010986 101.50655364990234
v 10.687126159667969 -6.3762078285217285 102.06787109375
v 12.177361488342285 -6.215399265289307 99.95823669433594
v 12.171360969543457 -0.9528589248657227 108.89026641845703
v 7.062069416046143 -5.976999759674072 103.57539367675781
v 12.196786880493164 -1.4475326538085938 108.41339111328125
v 13.035927772521973 -0.658963680267334 108.85350036621094
v 12.63725757598877 -0.5645346641540527 109.11747741699219
v 13.3960542678833 -0.7785892486572266 108.34921264648438
v 10.962331771850586 -1.0927410125732422 108.5198974609375
v 7.5354905128479 -6.531581401824951 103.07037353515625
v 7.9636549949646 -7.677944660186768 101.50576782226562
v 12.285369873046875 -0.35752439498901367 109.26899719238281
v 16.354660034179688 -7.08207368850708 96.04367065429688
v 18.766822814941406 -4.194294452667236 95.78776550292969
v 17.032806396484375 -10.438629150390625 97.15263366699219
v 15.184886932373047 -9.264383316040039 95.41348266601562
v 16.692819595336914 -11.303482055664062 96.79332733154297
v -6.264826774597168 -3.293274402618408 105.22811889648438
v -6.395512580871582 -4.915538311004639 106.18470764160156
v -3.4843008518218994 -6.596790790557861 109.21499633789062
v -7.251740455627441 -7.8942084312438965 106.80699157714844
v -7.643495559692383 -8.507347106933594 106.7708740234375
v -7.655902862548828 -9.197160720825195 106.47954559326172
v -8.073897361755371 -10.293190002441406 105.74320983886719
v -6.82682991027832 -7.6176228523254395 106.99266052246094
v -7.362900733947754 -9.529888153076172 106.61188507080078
v -3.409651756286621 -12.103775024414062 112.10731506347656
v -2.406567335128784 -11.29631233215332 112.82876586914062
v 0.02603679895401001 -13.483612060546875 114.83161926269531
v -1.0285086631774902 -12.893434524536133 114.46753692626953
v -0.7864584922790527 -13.766265869140625 114.75836181640625
v -2.409923553466797 -12.850555419921875 113.36770629882812
v -1.5130157470703125 -13.247903823852539 114.26788330078125
v -1.168552041053772 -13.940183639526367 114.54534912109375
v 0.7123202085494995 -12.927701950073242 114.40206909179688
v 0.5514279007911682 -14.128599166870117 114.669677734375
v -3.531693696975708 -3.6576075553894043 106.94342803955078
v -1.7032995223999023 -10.424753189086914 112.70651245117188
v -1.291407585144043 -5.675955295562744 109.15235900878906
v -0.04474762827157974 -11.479545593261719 113.77561950683594
v 1.1492308378219604 -10.851373672485352 112.8715591430664
v 0.18214881420135498 -12.626108169555664 114.46339416503906
v 1.8012408018112183 -12.088953018188477 113.14886474609375
v 2.1744861602783203 -12.991647720336914 112.99103546142578
v 0.8840944766998291 -13.739871978759766 114.49604034423828
v -0.7755763530731201 -12.142166137695312 114.18035888671875
v 1.3248696327209473 -14.453222274780273 113.82514953613281
v 2.3126988410949707 -14.118330001831055 112.484130859375
v 1.0738697052001953 -14.161733627319336 114.26998901367188
v 3.519695281982422 -7.557076930999756 108.60942077636719
v 2.5712246894836426 -6.842932224273682 108.89682006835938
v 4.937519073486328 -7.078274250030518 106.69990539550781
v 2.636415481567383 -11.693164825439453 111.99449157714844
v 6.354123115539551 -13.083467483520508 95.59965515136719
v 7.752216815948486 -10.883686065673828 96.60089111328125
v 6.147769927978516 -13.321704864501953 101.57435607910156
v 2.788052797317505 -16.460693359375 97.21004486083984
v 3.916637659072876 -15.259052276611328 94.34954833984375
v 5.2052998542785645 -14.352069854736328 94.77049255371094
v 4.439180374145508 -15.37672233581543 98.04257202148438
v 1.3392094373703003 -17.324199676513672 97.80024719238281
v 5.361208438873291 -14.485361099243164 98.30961608886719
v 5.0209150314331055 -14.863689422607422 100.76761627197266
v 3.8347668647766113 -15.976015090942383 100.92401123046875
v 2.9890153408050537 -16.605628967285156 100.70409393310547
v 1.9366055727005005 -17.209409713745117 100.64718627929688
v 1.6664859056472778 -17.194021224975586 98.35823059082031
v -1.0938011407852173 -17.920808792114258 98.39628601074219
v 0.3216840326786041 -17.690174102783203 98.09977722167969
v -14.669561386108398 -2.24045991897583 107.9828872680664
v -15.615386962890625 -0.10886049270629883 104.56492614746094
v -8.248620986938477 0.05971384048461914 104.28368377685547
v -10.782621383666992 -1.3858723640441895 107.01116943359375
v -9.20695686340332 -1.791618824005127 106.57499694824219
v -13.154204368591309 -0.4622936248779297 106.23268127441406
v -13.5606050491333 0.6654610633850098 104.61880493164062
v -12.24010944366455 1.5431842803955078 103.65087127685547
v -11.502365112304688 -0.721923828125 106.49095916748047
v -12.852149963378906 -3.0725865364074707 109.324462890625
v -14.678102493286133 -0.2644038200378418 105.42459869384766
v -10.184309959411621 1.08912992477417 104.03558349609375
v -13.541078567504883 -8.011274337768555 114.25852966308594
v -12.791739463806152 -7.097557544708252 113.29222869873047
v -13.22336196899414 -8.164955139160156 114.20413208007812
v -13.444969177246094 -6.5044732093811035 113.02176666259766
v -11.742177963256836 -7.424837589263916 112.65642547607422
v -13.939038276672363 -7.343247890472412 113.84345245361328
v -14.492294311523438 -6.687460422515869 113.12307739257812
v 11.389681816101074 -6.510828495025635 100.9037094116211
v 10.248994827270508 -7.974902629852295 99.18214416503906
v 10.354866027832031 -8.547395706176758 97.34449768066406
v 11.15281867980957 -7.921943187713623 97.54625701904297
v 12.616814613342285 -6.507432460784912 97.64860534667969
v 12.108814239501953 -7.503593921661377 97.16806030273438
v 16.39544105529785 -6.650007724761963 96.05525207519531
v 16.889507293701172 -5.778099536895752 96.14764404296875
v 7.944331169128418 -9.457183837890625 98.632568359375
v 8.13105583190918 -9.708700180053711 97.48555755615234
v 7.801846981048584 -8.793291091918945 100.18597412109375
v 8.012064933776855 -8.391109466552734 100.33879089355469
v 8.233673095703125 -8.900196075439453 99.10110473632812
v 8.269676208496094 -9.854341506958008 97.10753631591797
v 10.349984169006348 -8.793256759643555 97.04644775390625
v 7.515048027038574 -8.001495361328125 101.71260070800781
v 7.155126571655273 -6.905453205108643 102.84984588623047
v 7.335951805114746 -11.061578750610352 100.44579315185547
v 14.522297859191895 -10.219392776489258 94.88693237304688
v 14.653393745422363 -10.724628448486328 94.68505859375
v -7.323643684387207 -6.256564617156982 106.93302917480469
v -6.876054286956787 -5.391531467437744 106.39912414550781
v -7.450058937072754 -7.735567569732666 106.90340423583984
v -6.784115791320801 -1.8628897666931152 104.689697265625
v 6.7803544998168945 -9.382209777832031 104.13994598388672
v 6.848901748657227 -6.840732097625732 103.30558776855469
v 5.897888660430908 -8.55702018737793 105.95040893554688
v 7.073662281036377 -10.01677131652832 103.01101684570312
v 7.139057159423828 -10.813617706298828 102.10093688964844
v 6.314661979675293 -5.747995853424072 103.89678192138672
v 5.74045467376709 -4.352346897125244 104.35250854492188
v 6.590071201324463 -12.183794021606445 102.56034088134766
v 6.058984279632568 -11.377695083618164 105.43504333496094
v 6.054611682891846 -10.852876663208008 105.68529510498047
v 4.265271186828613 -15.254539489746094 104.14136505126953
v 5.257168292999268 -14.330636978149414 102.93266296386719
v 5.624107837677002 -13.530288696289062 103.92698669433594
v 2.9241302013397217 -15.285869598388672 109.03102111816406
v 4.646550178527832 -13.417877197265625 107.49864196777344
v 3.184995174407959 -16.25704574584961 103.838134765625
v 2.528510332107544 -16.172956466674805 107.00546264648438
v 2.1314666271209717 -16.981483459472656 103.28880310058594
v 2.3361916542053223 -14.855775833129883 111.60040283203125
v 3.121532917022705 -13.69951057434082 111.07588195800781
v 2.7219467163085938 -12.887331008911133 112.13816833496094
v -6.459076881408691 -14.994775772094727 103.85289001464844
v -6.71933126449585 -15.693248748779297 100.80990600585938
v -6.404157638549805 -15.650886535644531 101.61705017089844
v -5.773708820343018 -16.297426223754883 101.72183227539062
v -5.200721263885498 -16.700551986694336 101.89849853515625
v -4.979825019836426 -16.92338752746582 100.83026885986328
v -0.8961947560310364 -17.95169448852539 99.17123413085938
v 0.11797510087490082 -17.724529266357422 99.63487243652344
v 0.2837490439414978 -17.733871459960938 101.88325500488281
v 1.4053162336349487 -17.258054733276367 101.98585510253906
v -4.861037254333496 -16.349435806274414 104.04411315917969
v -3.67204213142395 -17.211896896362305 102.61576843261719
v -2.8112385272979736 -17.529388427734375 103.45726776123047
v -4.057390213012695 -16.844898223876953 104.23153686523438
v -1.8184261322021484 -17.821605682373047 102.16822814941406
v -3.577256202697754 -15.613449096679688 108.89398193359375
v -1.8843289613723755 -17.903348922729492 100.80624389648438
v 1.0735645294189453 -17.42115592956543 103.50318908691406
v -0.6326854228973389 -17.475881576538086 105.630126953125
v -7.285098552703857 -13.770635604858398 104.15702819824219
v -3.399176597595215 -13.965888977050781 111.6694107055664
v -3.9740965366363525 -12.897918701171875 111.27337646484375
v 1.668520212173462 -15.04716682434082 112.64167785644531
v 1.5984472036361694 -15.463827133178711 111.94999694824219
v -2.2769992351531982 -16.725849151611328 107.99235534667969
v -1.8881936073303223 -17.260841369628906 106.15424346923828
v -1.1719081401824951 -16.229446411132812 111.23680114746094
v -2.276897668838501 -15.001314163208008 112.47554779052734
v -1.6854002475738525 -15.45025634765625 112.62750244140625
v -1.7515063285827637 -14.809846878051758 113.46846008300781
v 1.9674211740493774 -16.731809616088867 105.845947265625
v 1.2010987997055054 -16.74382781982422 107.80238342285156
v -0.6393978595733643 -16.375699996948242 111.09521484375
v 0.34802481532096863 -16.574243545532227 109.95440673828125
v 0.8459564447402954 -16.19200325012207 111.01326751708984
v 1.993965744972229 -15.799386978149414 110.05743408203125
v -1.122175931930542 -15.566015243530273 113.0677490234375
v -2.0489840507507324 -13.635257720947266 113.76593017578125
v -0.9587412476539612 -14.550268173217773 114.449951171875
v -0.9320954084396362 -15.067037582397461 114.01472473144531
v -0.3840247094631195 -14.5538330078125 114.68006896972656
v -0.4223661422729492 -15.586793899536133 113.43892669677734
v 0.09010881185531616 -15.681600570678711 113.20753479003906
v -0.038340501487255096 -15.303354263305664 113.9487075805664
v -0.089292973279953 -14.62765121459961 114.65754699707031
v 0.912367582321167 -15.515253067016602 112.93022155761719
v 0.4272502064704895 -14.614616394042969 114.52861022949219
v 0.7449663877487183 -14.964412689208984 113.99526977539062
v -4.1845173835754395 -17.383281707763672 100.84736633300781
v -3.2747950553894043 -17.614477157592773 101.73904418945312
v -6.3414082527160645 -15.941543579101562 99.76034545898438
v -4.683873176574707 -17.029521942138672 99.94720458984375
v -3.0747478008270264 -17.663026809692383 99.08358764648438
v -5.405447006225586 -16.839473724365234 99.41002655029297
v -9.259637832641602 -13.213397979736328 98.86161804199219
v -7.103154182434082 -15.267927169799805 100.28226470947266
v -7.383240699768066 -14.518575668334961 102.48505401611328
v -9.064574241638184 -12.686746597290039 101.38817596435547
v -8.756519317626953 -11.89542007446289 103.36028289794922
v -9.986703872680664 -13.480785369873047 95.54431915283203
v -9.624341011047363 -13.380630493164062 96.14625549316406
v -9.098746299743652 -13.703531265258789 95.50658416748047
v -7.495519638061523 -15.236093521118164 99.41706848144531
v -7.700244903564453 -14.949871063232422 94.68069458007812
v -5.932160377502441 -16.538572311401367 98.90364074707031
v -7.9657883644104 -10.765342712402344 105.44097137451172
v 0.22150762379169464 47.40534973144531 64.20121765136719
v -0.7059106826782227 47.07817840576172 67.12454986572266
v 1.750694990158081 46.9876823425293 66.9053726196289
v 2.880805015563965 47.22077178955078 64.2576904296875
v -3.284050226211548 46.41240310668945 70.76359558105469
v -6.892936706542969 45.60500717163086 73.2906265258789
v -4.763098239898682 45.523372650146484 74.05912017822266
v -4.847612380981445 46.94374465942383 67.76106262207031
v 4.724148750305176 46.74931335449219 66.29164123535156
v 4.583393573760986 45.89989471435547 70.89590454101562
v 0.8948746919631958 45.97911834716797 72.21211242675781
v -2.3639543056488037 45.56428527832031 74.10052490234375
v -0.2539482116699219 44.79534149169922 76.18872833251953
v 3.3972463607788086 45.31003189086914 73.79226684570312
v 7.417109489440918 45.432823181152344 70.64600372314453
v 9.195771217346191 44.80583190917969 71.44340515136719
v -0.9620974063873291 47.45810317993164 64.02255249023438
v 30.063444137573242 31.762304306030273 66.50312042236328
v 28.1372127532959 34.27058792114258 65.92047882080078
v 28.313156127929688 33.75123977661133 67.4557876586914
v 30.063751220703125 32.316749572753906 62.531673431396484
v 28.57636260986328 34.18351364135742 61.78701400756836
v 25.43143653869629 37.366424560546875 61.93583679199219
v 29.405330657958984 33.17728805541992 57.73228454589844
v 27.84583854675293 34.864707946777344 56.616615295410156
v 30.778711318969727 31.271394729614258 56.817996978759766
v 29.51588249206543 32.593116760253906 54.1186637878418
v 26.949235916137695 34.67581558227539 50.3433837890625
v 31.443435668945312 30.424283981323242 59.861148834228516
v 24.726036071777344 37.492942810058594 66.79193115234375
v 20.85953712463379 40.58259963989258 66.20350646972656
v 20.178136825561523 40.72819137573242 67.88871765136719
v 17.8018741607666 42.37306213378906 66.60330200195312
v 19.526023864746094 41.691978454589844 63.9869270324707
v 22.951236724853516 39.44966506958008 59.89888381958008
v 20.895845413208008 40.952510833740234 59.78813171386719
v 20.50398826599121 41.183353424072266 61.850276947021484
v 19.878929138183594 41.33523941040039 54.841331481933594
v 23.9542179107666 38.34679412841797 55.08548355102539
v 19.00856590270996 42.16645812988281 60.11756134033203
v 16.890525817871094 43.3181037902832 62.019866943359375
v 23.27617645263672 39.020355224609375 64.4308090209961
v 25.276241302490234 37.437007904052734 57.52971649169922
v 26.130231857299805 36.27385711669922 66.44844055175781
v 23.194509506225586 37.342559814453125 72.16046142578125
v 20.917203903198242 39.161617279052734 71.99369049072266
v 21.282718658447266 37.67841339111328 75.28761291503906
v 23.46828842163086 35.262359619140625 76.51419830322266
v 25.249496459960938 34.33012771606445 74.99821472167969
v 25.710609436035156 34.83849334716797 72.78111267089844
v 25.387197494506836 35.87961196899414 70.75566101074219
v 28.67715072631836 31.91579818725586 48.18309020996094
v 25.74365997314453 34.59461212158203 46.66830062866211
v 19.12775993347168 40.594329833984375 71.14569091796875
v 24.328279495239258 37.41428756713867 68.67523193359375
v 26.6970157623291 35.829769134521484 54.821746826171875
v 24.911537170410156 37.272403717041016 53.25341033935547
v 25.2292537689209 35.894954681396484 48.705570220947266
v 27.684741973876953 33.86678695678711 69.5587387084961
v 20.604061126708984 40.50843811035156 52.4613037109375
v 23.16349220275879 38.18291091918945 50.47214126586914
v 34.33848190307617 24.40921401977539 63.70888900756836
v 33.84969711303711 24.283416748046875 67.83738708496094
v 35.1519889831543 21.72286605834961 65.17140197753906
v 34.44435119628906 22.708972930908203 51.31365966796875
v 32.9658088684082 26.101165771484375 50.92899703979492
v 34.051273345947266 24.584918975830078 53.38353729248047
v 35.914344787597656 19.553125381469727 55.29972839355469
v 32.62541580200195 28.39933967590332 60.79800033569336
v 32.92695999145508 27.56543731689453 63.35917282104492
v 34.27714920043945 24.9503116607666 60.41947937011719
v 35.26945877075195 21.98093605041504 56.072383880615234
v 34.20667266845703 25.028064727783203 57.609230041503906
v 35.16144561767578 22.64938735961914 59.529624938964844
v 35.809898376464844 20.286897659301758 62.439239501953125
v 36.010047912597656 19.818889617919922 59.188785552978516
v 32.77562713623047 27.485374450683594 53.95125198364258
v 32.30047607421875 26.961496353149414 49.841026306152344
v 32.49289321899414 28.49573516845703 56.893577575683594
v 31.478422164916992 29.5821533203125 53.12800598144531
v 30.649349212646484 29.046314239501953 48.069427490234375
v 31.120330810546875 27.306264877319336 46.579612731933594
v 30.176332473754883 31.315387725830078 52.18111038208008
v 27.879806518554688 31.63240623474121 45.701202392578125
v 29.74430274963379 29.48899269104004 46.43230438232422
v 35.79077911376953 12.611945152282715 71.75971984863281
v 35.00431823730469 12.570497512817383 74.49964141845703
v 34.34376525878906 11.273571968078613 76.84004211425781
v 33.082969665527344 10.357126235961914 80.12090301513672
v 29.274240493774414 12.126049995422363 86.57740783691406
v 29.43482780456543 16.348281860351562 85.07609558105469
v 27.823158264160156 14.357778549194336 88.05070495605469
v 30.595550537109375 12.032954216003418 84.5182113647461
v 31.472930908203125 14.296613693237305 82.34011840820312
v 31.944215774536133 11.756946563720703 82.17405700683594
v 25.61531639099121 12.883869171142578 91.09607696533203
v 16.95856475830078 41.80289840698242 47.84262466430664
v 15.54918098449707 42.17463684082031 46.54878234863281
v 15.37496566772461 42.98074722290039 49.20287322998047
v 17.72285270690918 40.29346466064453 44.829742431640625
v 13.759535789489746 43.470367431640625 48.20458221435547
v 20.766786575317383 38.072357177734375 44.5826416015625
v 11.114374160766602 44.719181060791016 49.493324279785156
v 13.774993896484375 44.35630416870117 53.01327133178711
v 12.102609634399414 43.598594665527344 46.39468765258789
v 9.684346199035645 44.719940185546875 47.679954528808594
v 7.859105587005615 44.713111877441406 46.05764389038086
v 6.086443901062012 45.90300369262695 49.36430358886719
v 8.601223945617676 45.87403106689453 52.17620849609375
v 36.13788604736328 16.288482666015625 67.71605682373047
v 35.719688415527344 15.032663345336914 70.783935546875
v 36.98099136352539 14.068803787231445 62.90320587158203
v 36.31820297241211 18.009756088256836 63.15476608276367
v 36.51469039916992 13.459166526794434 67.92058563232422
v 34.79389953613281 21.456254959106445 68.0761489868164
v 36.785621643066406 16.036548614501953 60.31514358520508
v 35.09971618652344 15.070030212402344 73.03276824951172
v 33.20989227294922 23.069129943847656 72.11308288574219
v 34.4492301940918 20.73075294494629 70.52503204345703
v 33.146026611328125 24.423032760620117 70.54731750488281
v 35.081207275390625 18.266700744628906 70.70616912841797
v 34.3565788269043 18.919435501098633 72.66865539550781
v 32.92634963989258 18.785470962524414 76.97559356689453
v 31.343259811401367 21.01336097717285 79.06807708740234
v 32.386009216308594 16.63908576965332 79.53239440917969
v 32.96174240112305 21.101133346557617 74.97592163085938
v 31.77488136291504 22.785236358642578 76.59063720703125
v 33.32146072387695 14.61269760131836 78.37564086914062
v 34.24898147583008 15.140840530395508 75.64625549316406
v 30.7404727935791 20.235488891601562 80.82450103759766
v 30.13372039794922 23.57076072692871 79.53361511230469
v 28.574634552001953 22.384252548217773 83.25471496582031
v 28.827566146850586 24.104476928710938 81.54214477539062
v 27.657180786132812 27.454998016357422 80.52461242675781
v 26.617586135864258 26.645536422729492 82.99334716796875
v 29.72071075439453 25.33403968811035 78.76553344726562
v 26.214643478393555 29.569564819335938 80.59054565429688
v 25.386486053466797 32.45021057128906 78.09358978271484
v 24.69104766845703 32.75434494018555 78.76612854003906
v 22.943002700805664 30.27965545654297 84.29242706298828
v 18.00751495361328 39.26136779785156 76.75779724121094
v 20.640066146850586 37.238224029541016 77.24085235595703
v 20.908353805541992 35.710174560546875 79.53533935546875
v 22.9132022857666 34.1306266784668 79.30473327636719
v 17.670883178710938 40.19499969482422 75.0486831665039
v 10.730348587036133 45.57277297973633 54.272342681884766
v 4.499693393707275 47.21466064453125 61.20951843261719
v 7.229063034057617 46.55174255371094 64.3561782836914
v 9.53993034362793 46.013790130615234 64.11207580566406
v 7.3319854736328125 46.063053131103516 67.56815338134766
v 9.902802467346191 45.11853790283203 69.16980743408203
v 7.478231906890869 46.71833801269531 59.799842834472656
v 13.390153884887695 44.89731216430664 62.44685745239258
v 10.669022560119629 45.900177001953125 58.95412826538086
v 8.387649536132812 46.354774475097656 55.84263229370117
v 3.395415782928467 47.25384521484375 56.206947326660156
v 6.140549659729004 46.254940032958984 51.363094329833984
v 4.024237632751465 46.884864807128906 53.46420669555664
v 14.315234184265137 44.544368743896484 57.45887756347656
v 11.92676830291748 45.33373260498047 55.65748977661133
v 15.701836585998535 43.67457580566406 54.3833122253418
v 13.764315605163574 44.275733947753906 66.65556335449219
v 15.908697128295898 43.87461471557617 60.21419143676758
v 31.046899795532227 18.31052589416504 81.3745346069336
v 28.01344108581543 19.982078552246094 85.58547973632812
v 4.551662445068359 44.66184616088867 75.27666473388672
v 2.7158446311950684 43.36092758178711 79.07061767578125
v 32.14802551269531 27.607818603515625 68.7451171875
v 31.315290451049805 27.527311325073242 71.94522094726562
v 31.578393936157227 29.299196243286133 67.00769805908203
v 31.028287887573242 29.350265502929688 69.46979522705078
v 31.7467098236084 29.822208404541016 62.47920227050781
v 29.821392059326172 31.438446044921875 68.82748413085938
v 28.613685607910156 32.04388427734375 71.4427261352539
v 30.25912094116211 29.289384841918945 72.19682312011719
v 27.707931518554688 31.284427642822266 75.3886947631836
v 28.6766414642334 30.68708038330078 74.0987777709961
v 32.559814453125 27.9276123046875 65.28141021728516
v 31.313255310058594 25.499753952026367 74.85875701904297
v 29.998865127563477 27.851760864257812 75.24002075195312
v 29.323566436767578 26.529037475585938 78.36155700683594
v 28.8089542388916 28.377595901489258 77.27991485595703
v 27.821430206298828 32.564632415771484 72.57413482666016
v -7.519318103790283 42.749420166015625 80.43072509765625
v -4.321611404418945 44.049659729003906 78.11471557617188
v -8.328354835510254 41.39516067504883 82.86690521240234
v -1.187163233757019 43.88533020019531 78.51551818847656
v 7.088307857513428 42.68269348144531 78.88842010498047
v 9.972975730895996 43.53850555419922 74.96614837646484
v 8.16176986694336 44.418067932128906 73.78948211669922
v 16.014162063598633 43.65290069580078 63.76055145263672
v 17.14569664001465 41.023826599121094 73.55633544921875
v 13.318963050842285 42.061851501464844 75.75926971435547
v 15.62494945526123 40.263206481933594 77.48258209228516
v 16.34418487548828 42.35781478881836 70.34248352050781
v 14.869813919067383 42.24809265136719 73.2733383178711
v 15.204819679260254 43.2716178894043 68.697265625
v 12.094677925109863 43.35633850097656 73.38670349121094
v 12.058268547058105 42.4873046875 75.90879821777344
v 12.737838745117188 43.93854522705078 70.25226593017578
v 16.589794158935547 43.50983810424805 58.13731384277344
v 20.369844436645508 39.25115203857422 46.69486999511719
v 19.828994750976562 40.63343048095703 50.30458068847656
v 17.591352462768555 42.33592224121094 51.97998046875
v 21.498022079467773 38.5119743347168 46.977535247802734
v -14.914459228515625 -13.354511260986328 100.39911651611328
v -13.740311622619629 -13.704370498657227 100.57633209228516
v -17.030771255493164 -12.093482971191406 100.12934875488281
v -16.373065948486328 -12.597984313964844 99.17867279052734
v -15.915711402893066 -12.712791442871094 102.3517837524414
v -16.341943740844727 -11.602291107177734 106.6781005859375
v -17.677593231201172 -11.354936599731445 101.67129516601562
v -17.033109664916992 -11.567724227905273 104.29349517822266
v -12.752178192138672 -13.816505432128906 98.20030212402344
v -11.380424499511719 -13.66103744506836 95.00540161132812
v -17.033414840698242 -9.959266662597656 109.23065948486328
v -7.484738349914551 -17.987768173217773 92.10698699951172
v -27.012187957763672 12.220537185668945 95.41183471679688
v -26.335054397583008 16.558570861816406 94.9464111328125
v -29.67331314086914 12.466226577758789 93.02471160888672
v -28.72687530517578 15.27495002746582 93.28538513183594
v -27.200233459472656 -7.158563137054443 96.7589111328125
v -28.695655822753906 -6.381017208099365 97.28884887695312
v -28.437026977539062 -8.100034713745117 97.72868347167969
v -29.993066787719727 -8.404441833496094 98.46476745605469
v -27.64670181274414 -8.790470123291016 97.37358093261719
v -30.15294075012207 -11.71306037902832 98.6451416015625
v -34.72199249267578 -12.74580192565918 100.55596923828125
v -36.050113677978516 -15.03196907043457 100.85665893554688
v -30.374446868896484 -12.772987365722656 98.51445007324219
v -25.026052474975586 -7.166971683502197 95.05307006835938
v -26.190841674804688 -8.377706527709961 96.2385025024414
v -27.94977378845215 -10.98404312133789 97.47930908203125
v -26.39017677307129 -10.120019912719727 96.39697265625
v -24.242950439453125 -8.846458435058594 94.36102294921875
v -30.026424407958984 -10.333295822143555 98.70170593261719
v -29.124433517456055 -10.643953323364258 98.24456787109375
v -36.78053665161133 -12.091819763183594 101.07984924316406
v -36.40983581542969 -14.465421676635742 101.31634521484375
v -25.37000846862793 11.332348823547363 96.73966979980469
v -27.112567901611328 9.971278190612793 95.62913513183594
v -25.36349868774414 8.001972198486328 97.04228210449219
v -26.59653091430664 5.913545608520508 96.18075561523438
v -22.566701889038086 6.921786308288574 98.81674194335938
v -24.185184478759766 -7.942002773284912 94.56706237792969
v -25.796138763427734 -4.543171405792236 95.03187561035156
v -25.862041473388672 -4.995972156524658 95.1314697265625
v -20.638944625854492 -4.006223201751709 98.0826187133789
v -20.02730941772461 -7.823707103729248 96.63204956054688
v -23.850990295410156 -9.04557991027832 94.15694427490234
v -22.52886962890625 -2.0528740882873535 97.65487670898438
v -20.14884376525879 -2.0848450660705566 98.97411346435547
v -19.64755630493164 -0.9139370918273926 99.52278137207031
v -19.7327823638916 -1.516491413116455 99.50276947021484
v -18.349231719970703 -3.140188694000244 104.76461791992188
v -17.906116485595703 -2.501234531402588 104.88782501220703
v -19.201696395874023 -9.4609375 96.02678680419922
v -18.288923263549805 -10.743175506591797 95.47163391113281
v -18.35401153564453 -10.698614120483398 99.6102066040039
v -17.91842269897461 -10.748674392700195 103.55606079101562
v -18.672948837280273 -9.93998908996582 102.1109619140625
v -19.468969345092773 -8.73383903503418 99.90617370605469
v -19.417098999023438 -7.15864896774292 103.52079772949219
v -19.80204200744629 -5.571590900421143 102.32406616210938
v -20.11823272705078 -5.023081302642822 100.79432678222656
v -19.666980743408203 -7.912930011749268 101.01956939697266
v -18.08734893798828 -7.28069543838501 108.00823974609375
v -18.911846160888672 -8.973592758178711 103.6314468383789
v -18.68098258972168 -8.261911392211914 105.69833374023438
v -17.990224838256836 -10.180009841918945 105.16983032226562
v -17.557178497314453 -9.191747665405273 108.683837890625
v -17.88943862915039 -5.907848834991455 107.98945617675781
v -16.972190856933594 -3.9399609565734863 107.91180419921875
v -18.71637535095215 -5.503075122833252 105.79969787597656
v -19.73471450805664 -4.553499698638916 102.27203369140625
v -19.072839736938477 -3.88258695602417 103.80941009521484
v -23.948421478271484 3.9694762229919434 97.883544921875
v -22.658842086791992 2.1803297996520996 98.4763412475586
v -17.489343643188477 0.9041652679443359 101.12786865234375
v -20.607213973999023 4.2549591064453125 99.83576965332031
v -17.996530532836914 0.22678136825561523 100.95703125
v -16.160608291625977 1.2440295219421387 101.97233581542969
v -13.997922897338867 1.6107888221740723 103.0484619140625
v -16.641658782958984 -2.1073317527770996 106.23200225830078
v -17.346351623535156 -1.0121264457702637 103.88662719726562
v -16.971071243286133 -11.917558670043945 95.08184814453125
v -14.839911460876465 -13.033210754394531 94.98106384277344
v -15.880828857421875 -12.767431259155273 96.76377868652344
v -18.203594207763672 -10.732528686523438 95.76995849609375
v -17.503276824951172 -11.637533187866211 97.87322235107422
v -14.1630859375 -13.602338790893555 98.49214172363281
v -13.175359725952148 -13.525602340698242 95.0853500366211
v -20.194202423095703 -22.06224822998047 81.69715118408203
v -21.456830978393555 -22.363420486450195 82.09397888183594
v -19.407133102416992 -23.127880096435547 81.77450561523438
v -22.790748596191406 -21.732147216796875 81.95946502685547
v -18.481748580932617 -22.79660415649414 81.36216735839844
v -32.044593811035156 -6.87223482131958 98.33182525634766
v -32.45170593261719 -8.184276580810547 98.96682739257812
v -30.36285400390625 -6.93554162979126 98.09664154052734
v -30.61456298828125 -4.697789669036865 96.86863708496094
v -29.42028045654297 -4.545666217803955 96.50909423828125
v -27.114599227905273 -3.5828843116760254 95.00762939453125
v -19.990495681762695 43.41410446166992 50.844024658203125
v -23.75234031677246 41.51689529418945 51.05997085571289
v -22.648672103881836 42.6949348449707 54.889488220214844
v -19.929880142211914 43.961265563964844 54.58351135253906
v -23.025985717773438 41.09895706176758 47.297264099121094
v -21.544904708862305 41.79895782470703 46.88080596923828
v -19.791667938232422 44.2379264831543 57.10441589355469
v -22.43520164489746 43.061378479003906 59.015830993652344
v -17.957780838012695 44.44747543334961 52.387176513671875
v 2.8255808353424072 32.6797981262207 28.837444305419922
v 6.580409526824951 29.8322811126709 27.62362289428711
v 2.053969621658325 31.568401336669922 27.991069793701172
v -3.2717440128326416 25.337350845336914 24.39850616455078
v -4.683873176574707 28.88014793395996 26.204181671142578
v -1.1926552057266235 28.673887252807617 26.09084701538086
v -1.2008931636810303 22.306236267089844 23.190902709960938
v -0.10261591523885727 23.924293518066406 23.864181518554688
v -0.1743156462907791 40.97389221191406 36.33347702026367
v -1.1738405227661133 41.86940002441406 37.48383712768555
v -5.37239408493042 41.842403411865234 37.59846496582031
v -4.171296119689941 42.57258987426758 38.622657775878906
v -21.665624618530273 40.393890380859375 43.29899597167969
v -19.53049659729004 41.81446075439453 44.19573974609375
v -19.438356399536133 42.51395034790039 45.997520446777344
v -24.133010864257812 38.03654098510742 41.56006622314453
v -23.965608596801758 39.60511016845703 44.64580154418945
v -18.9190673828125 40.05852508544922 40.02207946777344
v -17.751630783081055 41.05878448486328 40.96160888671875
v -13.608506202697754 41.970123291015625 40.19091796875
v -16.312957763671875 42.557064056396484 43.130428314208984
v -17.314008712768555 43.136878967285156 45.522674560546875
v -17.80451774597168 43.70307159423828 48.11699676513672
v -21.015953063964844 39.517372131347656 40.82215118408203
v -13.848930358886719 44.65513229370117 47.176334381103516
v -13.089421272277832 44.24195861816406 45.20111083984375
v -13.925207138061523 42.49880599975586 41.40135955810547
v -8.61810302734375 43.16173553466797 40.48311996459961
v -11.058131217956543 43.91610336303711 43.141204833984375
v -7.99802827835083 44.318294525146484 42.851783752441406
v -10.474465370178223 41.96260452270508 38.93449401855469
v -14.67922306060791 40.49196243286133 38.238739013671875
v -26.260713577270508 30.49580955505371 34.69805908203125
v -26.733625411987305 33.26015853881836 37.760887145996094
v -25.014257431030273 31.321359634399414 34.33695983886719
v -24.6148738861084 29.21695899963379 32.42070770263672
v -23.48384666442871 34.22688674926758 35.836082458496094
v -28.167924880981445 28.116470336914062 34.63343811035156
v -27.206130981445312 26.132766723632812 32.506229400634766
v -24.60419464111328 27.178462982177734 31.162982940673828
v -23.825769424438477 25.39337730407715 29.748760223388672
v -27.218740463256836 22.799938201904297 30.97576332092285
v -20.52554702758789 36.14809799194336 35.79890060424805
v -22.917165756225586 36.445762634277344 37.87492370605469
v -21.247121810913086 37.39389419555664 37.784393310546875
v -19.392183303833008 31.844261169433594 31.22689437866211
v -20.925540924072266 34.05232620239258 33.90696716308594
v -18.64467430114746 34.78348922729492 33.36723709106445
v -21.38299560546875 31.883312225341797 32.294105529785156
v -21.982322692871094 30.641653060913086 31.72012710571289
v -21.444931030273438 26.963911056518555 29.196144104003906
v -22.08290672302246 24.430757522583008 28.362106323242188
v -19.520835876464844 28.995912551879883 29.396045684814453
v -17.113250732421875 31.343568801879883 29.934764862060547
v -15.847878456115723 30.3050594329834 28.824501037597656
v -16.71498680114746 27.20052719116211 27.38467788696289
v -16.849029541015625 33.548683166503906 31.499422073364258
v -19.3286190032959 27.05345916748047 28.261722564697266
v -17.564197540283203 36.13877868652344 34.207664489746094
v -13.212987899780273 35.57093048095703 32.085044860839844
v -14.912627220153809 45.191558837890625 51.0544319152832
v -4.49043607711792 44.054500579833984 41.44805908203125
v -7.528470516204834 45.32621765136719 45.461822509765625
v -12.785026550292969 45.3304328918457 48.91950225830078
v 2.8008673191070557 35.24374771118164 30.793540954589844
v -0.12224428355693817 36.74586486816406 31.807510375976562
v -4.963857650756836 37.09801483154297 32.115478515625
v -3.4817583560943604 38.16336441040039 33.09669876098633
v -3.160583972930908 33.862586975097656 29.346534729003906
v -0.8632432818412781 35.10388946533203 30.3577880859375
v -1.291407585144043 39.25382995605469 34.269554138183594
v -7.41883659362793 35.43363952636719 30.840438842773438
v -14.019584655761719 31.393217086791992 28.99483871459961
v -12.023179054260254 30.47181510925293 27.945072174072266
v -8.41653060913086 32.132694244384766 28.447025299072266
v -12.160171508789062 33.418636322021484 30.003421783447266
v -8.757333755493164 33.992557525634766 29.84539031982422
v -9.917546272277832 35.362247467041016 31.152868270874023
v -13.551553726196289 28.23693084716797 27.028762817382812
v -10.00155258178711 29.730175018310547 27.154624938964844
v -7.768588542938232 38.43691635131836 33.761070251464844
v -9.306013107299805 39.42967987060547 35.15287780761719
v -5.857409477233887 39.881954193115234 35.12333679199219
v -14.555044174194336 25.064401626586914 25.828540802001953
v -10.722719192504883 26.228639602661133 25.496021270751953
v -7.450567245483398 26.792800903320312 25.308059692382812
v -2.2960174083709717 42.75627517700195 38.848087310791016
v -2.3783960342407227 40.5843391418457 35.77375030517578
v -6.922022819519043 40.68581008911133 36.2333984375
v -23.625316619873047 37.35984420776367 39.83567810058594
v -27.029375076293945 34.13114547729492 39.139686584472656
v -17.74431037902832 38.97015380859375 37.599308013916016
v -20.210678100585938 38.69158935546875 38.81427001953125
v -12.430596351623535 39.528663635253906 36.084110260009766
v -14.944153785705566 38.99250030517578 36.322486877441406
v -9.476058959960938 40.7115478515625 36.780540466308594
v -19.5120906829834 24.572101593017578 27.252391815185547
v 17.14223861694336 -0.8258657455444336 97.61552429199219
v 13.70115852355957 1.3009605407714844 99.9474868774414
v 14.175495147705078 -1.4033474922180176 99.09526062011719
v 14.037384033203125 -1.1097931861877441 99.47561645507812
v 13.59223747253418 0.5043416023254395 101.48394775390625
v 14.040231704711914 -2.7766919136047363 98.8648452758789
v 13.824828147888184 -0.0031986236572265625 99.81694030761719
v 13.595085144042969 1.2215609550476074 107.29385375976562
v 13.334014892578125 1.4404387474060059 108.04562377929688
v 12.035283088684082 2.612934112548828 101.55319213867188
v 12.150716781616211 2.2498230934143066 107.1101303100586
v 13.122780799865723 1.735832691192627 107.4027328491211
v 12.988840103149414 1.5948472023010254 100.81660461425781
v 13.000027656555176 1.5523219108581543 108.48927307128906
v 10.970772743225098 3.2525205612182617 102.2546615600586
v 11.22441577911377 2.377318859100342 106.99653625488281
v 12.610915184020996 1.8031258583068848 108.33419799804688
v 11.81357479095459 1.7864937782287598 108.47683715820312
v 12.774758338928223 7.646684646606445 100.80715942382812
v 10.302694320678711 3.848649024963379 101.981201171875
v 12.180005073547363 2.7535600662231445 101.07049560546875
v 15.19932746887207 7.715892791748047 99.54695129394531
v 13.330353736877441 1.2075071334838867 100.27597045898438
v 9.501181602478027 3.740241050720215 102.51362609863281
v 17.212310791015625 3.662445306777954 98.3133544921875
v 8.77889633178711 3.5448479652404785 103.19650268554688
v 6.744048118591309 3.1535000801086426 103.49516296386719
v 5.719910621643066 2.3649191856384277 103.75956726074219
v 11.128512382507324 1.6363401412963867 108.3489990234375
v 11.819270133972168 1.3423991203308105 108.97914123535156
v 11.91273307800293 0.850395679473877 109.28271484375
v 11.24709701538086 -0.32259035110473633 108.99232482910156
v 11.484773635864258 9.197968482971191 101.31460571289062
v 14.674954414367676 9.103899002075195 99.76469421386719
v 4.568545341491699 0.882535457611084 103.99492645263672
v 11.023452758789062 0.8782281875610352 108.83759307861328
v 11.293879508972168 0.3622312545776367 109.11946105957031
v 4.694655418395996 -2.529167652130127 104.48796081542969
v 4.12441349029541 -3.0542550086975098 104.56128692626953
v -2.82608699798584 -0.9376997947692871 104.66545867919922
v -1.9501298666000366 -3.6240105628967285 107.33345031738281
v -5.162888050079346 -1.7309718132019043 104.62340545654297
v 1.2270327806472778 -6.478735446929932 109.38282775878906
v 0.49508512020111084 -3.5186448097229004 107.05891418457031
v -25.654674530029297 26.28894805908203 91.06192016601562
v -27.679553985595703 24.091405868530273 90.67101287841797
v -24.60785484313965 25.66674041748047 92.26544189453125
v -25.030427932739258 22.727352142333984 93.5922622680664
v -27.067916870117188 20.99496841430664 92.82083892822266
v -26.212200164794922 19.349197387695312 94.14891815185547
v -23.753154754638672 20.43183135986328 95.39877319335938
v -24.80800437927246 14.025896072387695 96.63870239257812
v -23.267833709716797 9.516937255859375 98.27840423583984
v -22.960796356201172 13.547576904296875 97.88306427001953
v -20.23183250427246 9.85965347290039 99.9677734375
v -18.671524047851562 12.355327606201172 100.39799499511719
v -17.554330825805664 9.605514526367188 101.3006591796875
v -23.294986724853516 15.902524948120117 97.13558197021484
v -22.22945785522461 17.76849937438965 97.21308135986328
v -18.605113983154297 14.895719528198242 99.88443756103516
v -18.322790145874023 17.63014793395996 99.22895812988281
v -21.23451042175293 20.962984085083008 96.6065902709961
v -16.499073028564453 15.000591278076172 100.77459716796875
v -18.839130401611328 20.528728485107422 97.94757080078125
v -22.8991641998291 23.22437286376953 94.69242858886719
v -20.254512786865234 25.241588592529297 95.06086730957031
v -17.90855598449707 22.521451950073242 97.49655151367188
v -12.55294418334961 28.290382385253906 96.18424987792969
v -7.535793781280518 23.958335876464844 99.73918914794922
v -8.035861015319824 28.683128356933594 96.93343353271484
v -13.359439849853516 24.490150451660156 98.19175720214844
v -16.445171356201172 26.40519905090332 96.07469177246094
v -13.935476303100586 21.23816680908203 99.550048828125
v -19.548601150512695 7.917980194091797 100.4436264038086
v -15.446358680725098 12.93438720703125 101.66138458251953
v -14.441545486450195 16.422643661499023 101.12415313720703
v -16.71712303161621 19.734968185424805 99.18103790283203
v -15.497920989990234 9.420968055725098 102.17745971679688
v -12.499245643615723 18.229814529418945 101.12620544433594
v -11.758957862854004 21.02213478088379 100.26549530029297
v -15.87950611114502 6.090287685394287 102.18365478515625
v -13.361167907714844 1.909639835357666 103.11276245117188
v -10.534164428710938 1.5675368309020996 103.89743041992188
v 18.401203155517578 0.7066688537597656 97.18447875976562
v 19.367473602294922 5.439264297485352 97.04228210449219
v 19.57942008972168 8.153231620788574 96.89566040039062
v 18.13749122619629 11.139514923095703 97.57676696777344
v 18.820724487304688 -2.045494556427002 96.29560852050781
v 20.97924041748047 3.3108959197998047 95.75286865234375
v 3.780763626098633 -1.2640480995178223 104.06486511230469
v 5.297950744628906 -4.493099689483643 104.48588562011719
v 4.093699932098389 0.5421457290649414 103.91680908203125
v 2.6133291721343994 -0.7214183807373047 104.09815979003906
v 4.620616912841797 -3.0234360694885254 104.41093444824219
v 0.4398614168167114 -0.6517586708068848 104.41654205322266
v 2.9668445587158203 -1.581808090209961 104.20761108398438
v 2.8231396675109863 -2.2398838996887207 104.76605224609375
v 4.7359466552734375 1.6961779594421387 103.78955841064453
v 1.4337923526763916 2.1669740676879883 104.44711303710938
v -1.9666056632995605 -0.6978440284729004 104.61381530761719
v 0.21693073213100433 -0.9613313674926758 104.59809112548828
v -4.3629021644592285 -1.1347837448120117 104.55826568603516
v -6.293913841247559 -1.9461064338684082 104.5241470336914
v -5.853137969970703 -1.645322322845459 104.43690490722656
v 23.612096786499023 7.457784652709961 93.71656036376953
v 22.846588134765625 10.296833038330078 94.23153686523438
v 26.1716251373291 14.009529113769531 90.20484161376953
v 26.151689529418945 18.02678871154785 88.94439697265625
v 21.56514549255371 9.328075408935547 95.36876678466797
v 22.58979034423828 12.68442153930664 94.10000610351562
v 24.990764617919922 14.82002067565918 91.31376647949219
v -4.29893159866333 42.82286834716797 80.77406311035156
v -6.8947672843933105 40.063446044921875 85.55086517333984
v -2.5100996494293213 40.05152893066406 85.96875
v -0.8512426018714905 41.60728454589844 83.15507507324219
v 8.598782539367676 38.1063346862793 86.242919921875
v 11.937141418457031 36.83304977416992 86.181396484375
v 12.93432903289795 38.61687088012695 82.91043853759766
v 7.684584617614746 35.718475341796875 89.69007873535156
v 10.266691207885742 36.9366455078125 86.99536895751953
v 5.244963645935059 37.15076446533203 88.83732604980469
v 7.613190174102783 41.24378967285156 81.53494262695312
v 5.763642311096191 40.300865173339844 84.00054168701172
v 8.190347671508789 39.2784309387207 84.69308471679688
v 3.626481533050537 38.50566101074219 87.50586700439453
v 1.5357990264892578 37.240631103515625 89.62528228759766
v 3.3690743446350098 42.18190002441406 81.34565734863281
v 1.5932605266571045 39.9735107421875 85.72455596923828
v 2.5777335166931152 40.74669647216797 84.19734191894531
v -2.5595269203186035 37.61708068847656 89.494140625
v 20.60172462463379 32.016998291015625 84.9664077758789
v 17.0502986907959 34.4694709777832 85.44174194335938
v 17.80929946899414 30.80130958557129 88.94593811035156
v 15.63857650756836 36.50575637817383 83.93399047851562
v 13.843745231628418 36.09016799926758 85.89964294433594
v 15.897204399108887 33.026546478271484 88.101806640625
v 12.328895568847656 34.788169860839844 88.498046875
v -7.867340564727783 2.343410015106201 104.42613220214844
v 4.619193077087402 10.711373329162598 103.43058776855469
v 1.277578592300415 13.30615234375 103.59535217285156
v 1.8045969009399414 10.919076919555664 103.95960998535156
v 1.3775516748428345 5.303914546966553 104.48949432373047
v 4.258354663848877 8.814431190490723 103.73112487792969
v 7.454331874847412 8.553693771362305 102.87399291992188
v 6.6132588386535645 3.402653217315674 103.33995819091797
v 3.354328155517578 4.102196216583252 104.13557434082031
v 5.935213565826416 12.837787628173828 102.73625183105469
v 3.1456363201141357 14.53984260559082 103.00126647949219
v 3.8697526454925537 17.24598503112793 102.07662963867188
v 6.256590843200684 15.502538681030273 102.03466796875
v 3.739574432373047 20.893890380859375 100.80451965332031
v 5.412669658660889 18.491838455200195 101.33558654785156
v -1.4067375659942627 14.139059066772461 103.63587951660156
v -0.9991168975830078 10.115751266479492 104.40122985839844
v -0.7358109354972839 7.6421027183532715 104.6361312866211
v -0.6656367182731628 3.0923643112182617 104.72665405273438
v 0.5692258477210999 16.450407028198242 102.85321044921875
v -1.0176265239715576 20.062467575073242 101.71565246582031
v -0.34090298414230347 22.358766555786133 100.71220397949219
v -5.103799343109131 3.4475607872009277 104.75462341308594
v -9.040877342224121 6.757025241851807 104.19771575927734
v -6.439244747161865 8.171428680419922 104.50779724121094
v -2.9053127765655518 6.0177435874938965 104.80915832519531
v -3.3664286136627197 9.484274864196777 104.54313659667969
v -4.113732814788818 14.48712158203125 103.56068420410156
v 7.124208450317383 32.60798263549805 92.99578094482422
v 2.3144278526306152 33.695552825927734 93.23188781738281
v 3.769169807434082 31.386707305908203 94.84514617919922
v 5.1017680168151855 34.8167724609375 91.54884338378906
v 1.2871384620666504 31.487957000732422 95.16514587402344
v 3.8979246616363525 28.856327056884766 96.5849609375
v -0.5997341275215149 27.556127548217773 97.9861831665039
v 8.029252052307129 29.37006950378418 95.20130920410156
v 9.369173049926758 31.979459762573242 92.73953247070312
v -1.8513776063919067 34.36555480957031 93.05348205566406
v -1.423213243484497 32.365482330322266 94.73475646972656
v -3.3664286136627197 30.513431549072266 96.13214111328125
v -1.2893736362457275 30.226999282836914 96.30180358886719
v -11.173868179321289 40.415679931640625 83.6247787475586
v -9.046674728393555 39.73858642578125 85.55473327636719
v 2.1893343925476074 35.878780364990234 91.10086822509766
v -4.193975925445557 38.530601501464844 88.22222900390625
v -4.7497758865356445 37.541805267333984 89.50831604003906
v -1.3202909231185913 36.08906173706055 91.26246643066406
v -3.0371181964874268 35.91688537597656 91.48998260498047
v 15.170851707458496 30.841806411743164 90.82872009277344
v 10.707263946533203 32.35048294067383 91.85659790039062
v 12.279775619506836 29.945152282714844 93.15229034423828
v 12.39612102508545 33.41195297241211 89.97328186035156
v 26.19593048095703 25.02110481262207 84.9914321899414
v 25.765933990478516 23.91017723083496 86.37300872802734
v 25.183692932128906 27.576478958129883 84.22245788574219
v 21.161388397216797 33.23179244995117 82.83596801757812
v 19.328012466430664 35.277156829833984 82.05751037597656
v 24.015954971313477 26.415699005126953 86.72959899902344
v 18.331741333007812 37.6934928894043 79.39559173583984
v 17.611692428588867 36.787349700927734 81.65483093261719
v 15.205022811889648 39.375267028808594 79.67523193359375
v 19.295669555664062 27.2958927154541 90.76248168945312
v 18.746583938598633 26.014368057250977 92.06258392333984
v 22.431644439697266 25.386306762695312 89.22566223144531
v 21.000497817993164 23.574033737182617 91.69866943359375
v 20.18739128112793 29.180309295654297 88.38277435302734
v 16.40998649597168 27.208898544311523 92.86322021484375
v 12.801403045654297 25.712987899780273 95.6573715209961
v 16.07935333251953 24.70652198791504 94.53343200683594
v 17.676172256469727 22.800582885742188 94.53761291503906
v 11.778894424438477 26.92368507385254 95.40708923339844
v 9.510641098022461 26.661439895629883 96.43135070800781
v 12.060811996459961 24.224679946899414 96.75997924804688
v 10.81252384185791 29.691923141479492 93.96885681152344
v 14.579862594604492 29.759044647216797 92.10987091064453
v 16.625083923339844 28.961618423461914 91.470703125
v 5.625938415527344 25.90361213684082 98.01589965820312
v 9.18946647644043 23.196088790893555 98.39335632324219
v -3.693399667739868 26.507230758666992 98.66795349121094
v -4.907718181610107 32.66807174682617 94.43844604492188
v -5.838492393493652 30.323392868041992 96.12547302246094
v -1.4396889209747314 25.18291664123535 99.40458679199219
v 1.7017767429351807 24.66753578186035 99.39558410644531
v 22.118606567382812 28.667051315307617 86.9042739868164
v 4.429519176483154 22.66107749938965 99.92027282714844
v 8.58271312713623 19.37531852722168 100.16197204589844
v -7.119019508361816 31.914594650268555 94.78695678710938
v -11.821809768676758 38.59971237182617 86.35719299316406
v -7.126139163970947 38.463993072509766 87.94893646240234
v -10.846083641052246 30.126516342163086 95.38568115234375
v -12.550808906555176 32.517024993896484 93.06419372558594
v -15.50656509399414 32.367584228515625 92.14673614501953
v -16.135896682739258 30.384000778198242 93.54550170898438
v -14.88761043548584 28.891633987426758 95.05570220947266
v -5.873274803161621 34.950767517089844 92.32783508300781
v -10.57169246673584 34.74028778076172 91.59180450439453
v -8.273943901062012 35.302947998046875 91.57315063476562
v -14.037890434265137 34.237369537353516 90.89002227783203
v -13.918493270874023 35.87221908569336 89.09675598144531
v -12.008838653564453 36.92174530029297 88.59429931640625
v -8.939581871032715 36.909542083740234 89.57662963867188
v -17.229393005371094 32.09198760986328 91.62001037597656
v -17.937644958496094 36.56060791015625 86.03773498535156
v -17.814178466796875 35.01642990112305 88.14327239990234
v -17.027414321899414 33.65040969848633 90.15283203125
v 20.475513458251953 1.6883912086486816 95.92138671875
v 23.53429412841797 23.313398361206055 89.371337890625
v 20.079486846923828 11.981746673583984 96.16940307617188
v 22.634336471557617 15.802446365356445 93.34000396728516
v 18.57602882385254 14.670515060424805 96.67727661132812
v 19.970359802246094 13.534894943237305 95.97796630859375
v 20.377979278564453 19.175636291503906 94.14410400390625
v 25.05473518371582 23.64181900024414 87.4529037475586
v 26.105112075805664 20.764568328857422 87.79830932617188
v 22.54880714416504 20.433452606201172 91.81459045410156
v 23.873573303222656 19.620738983154297 90.85090637207031
v 8.390802383422852 11.429692268371582 102.24948120117188
v 9.12285041809082 6.967988967895508 102.39665985107422
v 8.832797050476074 3.930255889892578 102.60042572021484
v 10.84476375579834 14.215152740478516 100.82540893554688
v 8.695195198059082 12.594499588012695 101.9581298828125
v 14.64698600769043 13.641347885131836 99.16523742675781
v 10.601696014404297 16.476573944091797 100.35585021972656
v 12.337440490722656 17.595388412475586 99.29757690429688
v 10.631698608398438 19.539140701293945 99.36962890625
v -5.73790979385376 24.86579704284668 99.47553253173828
v -1.7687957286834717 23.12411117553711 100.4495620727539
v 0.5642421245574951 41.99195098876953 82.27063751220703
v 8.90836238861084 41.83821487426758 79.7001953125
v 11.362120628356934 40.60948181152344 80.53849792480469
v 18.011381149291992 21.031158447265625 95.09231567382812
v 13.082812309265137 22.66214370727539 97.05416107177734
v 14.661222457885742 20.54715347290039 97.15620422363281
v 12.718413352966309 20.612089157104492 98.0811767578125
v 16.978803634643555 17.713970184326172 96.85945129394531
v -24.678741455078125 30.67940902709961 88.1015625
v -22.394012451171875 32.38306427001953 88.11600494384766
v -23.709014892578125 29.745431900024414 89.82514953613281
v -21.35065269470215 30.93144989013672 90.3919906616211
v -22.098363876342773 25.92774200439453 93.69566345214844
v -21.605314254760742 29.15654754638672 91.79301452636719
v -19.516260147094727 29.13947868347168 92.96415710449219
v -17.69162940979004 28.166946411132812 94.47457885742188
v -23.66487693786621 28.482025146484375 90.93966674804688
v -13.265873908996582 8.240891456604004 103.04116821289062
v -12.983447074890137 5.057240009307861 103.26058959960938
v -4.111597061157227 18.401445388793945 102.35012817382812
v -4.815678119659424 22.79703712463379 100.5664291381836
v -7.02077579498291 21.1462459564209 101.08547973632812
v -9.097424507141113 14.695625305175781 102.97674560546875
v -10.682445526123047 12.133003234863281 103.25086212158203
v -7.666582107543945 11.431356430053711 103.93693542480469
v -8.869001388549805 18.75005340576172 101.74052429199219
v -6.637563705444336 15.686077117919922 103.0696029663086
v -13.435409545898438 14.299972534179688 102.03233337402344
v -11.787333488464355 9.568509101867676 103.35942077636719
v -27.261152267456055 38.49784851074219 48.183555603027344
v -26.262134552001953 40.72163009643555 57.55204772949219
v -26.48089599609375 40.64284133911133 60.25138854980469
v -32.37237548828125 35.53134536743164 55.262779235839844
v -34.41424560546875 33.38600540161133 56.15290832519531
v -33.498008728027344 34.67280960083008 60.51708984375
v -28.718841552734375 38.12298583984375 51.28693771362305
v -26.838987350463867 40.02771759033203 54.42280960083008
v -29.40705680847168 38.2822151184082 56.04117965698242
v -29.69141960144043 38.20472717285156 58.12244415283203
v -25.86153221130371 38.98069763183594 46.40845489501953
v -26.966827392578125 36.12993621826172 42.05138397216797
v -27.177350997924805 37.39043426513672 44.9277229309082
v -28.109445571899414 32.45869064331055 82.27781677246094
v -26.319801330566406 32.07447814941406 84.89321899414062
v -31.52255630493164 26.99452781677246 83.89155578613281
v -31.886751174926758 24.232847213745117 85.62907409667969
v -30.669891357421875 24.342350006103516 87.17697143554688
v -30.182636260986328 26.40414047241211 86.21895599365234
v -29.41621208190918 28.95282745361328 84.841064453125
v -30.62605857849121 29.99707794189453 82.01828002929688
v -27.900959014892578 28.069807052612305 87.49087524414062
v -28.076902389526367 29.977313995361328 85.35562133789062
v -34.20595932006836 22.597660064697266 83.23312377929688
v -28.274913787841797 26.589319229125977 88.32421875
v -26.732507705688477 27.59917449951172 89.12596893310547
v -31.216028213500977 22.000816345214844 87.95130920410156
v -29.44387435913086 22.420421600341797 89.78697204589844
v -26.260101318359375 29.3743839263916 87.98165893554688
v -30.339458465576172 18.13704490661621 90.74659729003906
v -31.773555755615234 18.642627716064453 88.89407348632812
v -32.449974060058594 15.524408340454102 89.18319702148438
v -33.58374786376953 20.83845329284668 85.34468078613281
v -29.841629028320312 25.47764015197754 34.55039978027344
v -28.764305114746094 29.477985382080078 36.26792907714844
v -30.676803588867188 28.938112258911133 37.9476432800293
v -29.11761474609375 30.72222137451172 37.773902893066406
v -39.729888916015625 19.410017013549805 72.6422348022461
v -38.77175521850586 18.285377502441406 76.77764892578125
v -37.586830139160156 21.31196403503418 77.47157287597656
v -37.48878860473633 18.896047592163086 79.53054809570312
v -36.61629104614258 21.09273338317871 79.86661529541016
v -35.80816650390625 18.89020538330078 82.8189697265625
v -34.9814338684082 23.456947326660156 81.21318817138672
v -23.267629623413086 42.00870132446289 67.48355102539062
v -27.0120849609375 39.90468978881836 66.42504119873047
v -25.851768493652344 39.94111251831055 70.07460021972656
v -26.98004913330078 37.498741149902344 75.21287536621094
v -26.703319549560547 35.77473831176758 79.06986999511719
v -24.241832733154297 39.55440139770508 74.64835357666016
v -26.352649688720703 38.864688873291016 72.72342681884766
v -28.19731903076172 37.665382385253906 72.24164581298828
v -29.089954376220703 38.58779525756836 64.0933837890625
v -30.21213150024414 37.368797302246094 66.63838958740234
v -28.268203735351562 38.73103713989258 67.83618927001953
v -29.551679611206055 36.86241912841797 71.24495697021484
v -31.168533325195312 36.945159912109375 62.033782958984375
v -33.03974151611328 32.404937744140625 73.81930541992188
v -30.99889373779297 33.99252700805664 75.27035522460938
v -28.68100929260254 35.42644500732422 76.73178100585938
v -33.36824035644531 33.827369689941406 68.71913146972656
v -39.753684997558594 24.15371322631836 60.224613189697266
v -39.82772445678711 23.401639938354492 55.02546310424805
v -41.18402099609375 19.575145721435547 60.24609375
v -40.82450485229492 20.24656867980957 55.18145751953125
v -40.0841178894043 22.86786460876465 63.88489532470703
v -41.022823333740234 19.72719955444336 64.23370361328125
v -38.368709564208984 27.182579040527344 56.442626953125
v -38.27545166015625 27.591388702392578 61.221920013427734
v -37.12307357788086 29.731674194335938 60.782066345214844
v -37.7114143371582 27.822816848754883 66.97584533691406
v -38.76647186279297 26.03990364074707 64.94037628173828
v -37.228633880615234 29.399110794067383 63.17840576171875
v -34.752197265625 33.14933776855469 61.772377014160156
v -35.628868103027344 31.203508377075195 67.4727554321289
v -37.47688674926758 27.352033615112305 69.68363952636719
v -39.32755661010742 23.48577308654785 68.56395721435547
v -34.1915168762207 33.49004364013672 65.44847869873047
v -35.64056396484375 31.834135055541992 56.72248840332031
v -37.02848434448242 29.54262924194336 55.41891860961914
v -35.34827423095703 32.41436767578125 59.812950134277344
v -32.1983642578125 35.57509994506836 66.39960479736328
v -34.98692321777344 30.81210708618164 71.45468139648438
v -36.663169860839844 27.421161651611328 72.66424560546875
v -30.084699630737305 33.76383590698242 77.40827941894531
v -29.41631317138672 32.27935791015625 80.76087951660156
v -31.342544555664062 31.7205867767334 78.59549713134766
v -33.169410705566406 28.564802169799805 79.57804107666016
v -33.039947509765625 31.116779327392578 76.24990844726562
v -34.093780517578125 29.37013816833496 76.64173889160156
v -40.555809020996094 19.546171188354492 68.77802276611328
v -40.25700759887695 16.69835662841797 73.21692657470703
v -41.40593338012695 16.467437744140625 67.86834716796875
v -38.438480377197266 23.553001403808594 72.4019546508789
v -39.31047058105469 22.33718490600586 70.65196228027344
v -38.258975982666016 25.574567794799805 69.87853240966797
v -37.7807731628418 22.908662796020508 75.37832641601562
v -37.45329666137695 25.181804656982422 73.56376647949219
v -40.877288818359375 12.830646514892578 73.45555877685547
v -41.868473052978516 13.383182525634766 68.15738677978516
v -41.89064025878906 15.47882080078125 64.99666595458984
v -36.31637191772461 26.109355926513672 75.65808868408203
v -34.888275146484375 26.715335845947266 78.33538818359375
v -35.54374313354492 27.805740356445312 75.40556335449219
v -34.36023712158203 30.212800979614258 74.63246154785156
v -35.60944366455078 24.71324920654297 78.88200378417969
v -29.352035522460938 32.75807571411133 40.35149383544922
v -28.71253776550293 34.405235290527344 41.80821990966797
v -32.43278884887695 29.056304931640625 40.428184509277344
v -30.733352661132812 30.55121421813965 39.596622467041016
v -38.11231994628906 26.055082321166992 50.31913375854492
v -38.78589630126953 25.452800750732422 52.79499053955078
v -37.58571243286133 28.075153350830078 52.98606491088867
v -32.9560432434082 30.242538452148438 42.71927261352539
v -30.668771743774414 32.802345275878906 42.403099060058594
v -35.14374923706055 27.236181259155273 43.23759460449219
v -32.64056396484375 32.00465774536133 44.8238639831543
v -29.778778076171875 35.898197174072266 46.720733642578125
v -28.954893112182617 35.60928726196289 44.41525650024414
v -32.64595413208008 33.47080993652344 47.83028793334961
v -34.2261962890625 30.05141258239746 45.09462356567383
v -34.55693054199219 31.17601203918457 48.048439025878906
v -33.50096130371094 33.49099349975586 50.90012741088867
v -36.337833404541016 26.782636642456055 45.4461669921875
v -35.28074264526367 31.561676025390625 52.13765335083008
v -36.33721923828125 29.645214080810547 50.95716857910156
v -31.88665008544922 35.0246696472168 50.20425033569336
v -36.881324768066406 27.371383666992188 47.9014892578125
v -31.88563346862793 26.08950424194336 37.18293762207031
v -39.99187469482422 21.695838928222656 51.6846923828125
v -42.32918167114258 13.259275436401367 61.69676208496094
v -42.26470184326172 12.003372192382812 65.78245544433594
v -41.868064880371094 16.4293155670166 59.15843963623047
v -42.065467834472656 9.520149230957031 68.82884979248047
v -42.45671463012695 8.998730659484863 64.72049713134766
v -42.26388931274414 8.32476806640625 67.175537109375
v -41.73656463623047 11.617371559143066 70.15855407714844
v 24.026325225830078 -0.325803279876709 33.27179718017578
v 25.28631019592285 2.496657133102417 33.232574462890625
v 23.52829360961914 1.8838825225830078 31.93362808227539
v 24.199932098388672 5.124365329742432 31.482786178588867
v 25.445472717285156 8.571351051330566 32.00263595581055
v 17.558605194091797 -0.7360386848449707 29.029151916503906
v 17.132678985595703 2.3309686183929443 27.443012237548828
v 20.95391845703125 0.9419918060302734 30.372970581054688
v 21.409133911132812 -0.9753766059875488 31.545629501342773
v 20.177425384521484 -1.7920279502868652 31.12173080444336
v 20.759260177612305 -3.96897554397583 32.75997543334961
v 17.90062713623047 9.022552490234375 26.467758178710938
v 16.235057830810547 11.516225814819336 25.46792221069336
v 20.18352508544922 12.979604721069336 27.959857940673828
v 18.349132537841797 7.206121444702148 26.93435287475586
v 23.269664764404297 7.2913408279418945 30.320636749267578
v 22.217458724975586 5.500013828277588 29.85483169555664
v 18.04941749572754 5.32396125793457 27.003536224365234
v 21.292177200317383 3.5671143531799316 29.698795318603516
v 20.39232063293457 15.4957275390625 28.32622528076172
v 20.353164672851562 18.1298770904541 28.721664428710938
v 21.54155158996582 18.35880470275879 29.591838836669922
v 24.85082244873047 12.34526252746582 31.41339111328125
v 17.035654067993164 16.104961395263672 26.428447723388672
v 22.607791900634766 10.407102584838867 29.579925537109375
v -25.43255615234375 -21.620073318481445 78.62039184570312
v -24.69460678100586 -22.066564559936523 78.46388244628906
v -24.575515747070312 -22.65876579284668 79.26592254638672
v -22.507307052612305 -23.85603141784668 79.55892944335938
v -18.71210479736328 -25.07081413269043 80.35873413085938
v -19.717628479003906 -24.996423721313477 79.88777923583984
v -17.924320220947266 -25.16542625427246 79.83917999267578
v -18.276412963867188 -25.00092315673828 78.76394653320312
v -17.990224838256836 -24.799644470214844 78.15911865234375
v -17.493816375732422 -24.84379005432129 78.4098892211914
v -16.442222595214844 -24.973526000976562 79.98358154296875
v -17.416423797607422 -24.324947357177734 77.88774108886719
v -16.960290908813477 -24.492074966430664 78.3593521118164
v -16.18135643005371 -24.583332061767578 79.54803466796875
v -16.277568817138672 -24.5394287109375 78.37800598144531
v -16.24278450012207 -24.882143020629883 79.86918640136719
v -16.575044631958008 -24.351411819458008 80.41102600097656
v -19.877403259277344 -24.93852996826172 80.54791259765625
v -18.586502075195312 -24.658618927001953 80.93806457519531
v -21.680065155029297 -24.403316497802734 79.98599243164062
v -19.43947410583496 -24.363359451293945 81.31719970703125
v -18.32583999633789 -24.119901657104492 81.31192016601562
v -19.016597747802734 -24.271026611328125 78.43995666503906
v -18.173084259033203 -23.78466796875 81.35458374023438
v -17.614641189575195 -23.15328025817871 81.07148742675781
v -22.02493667602539 -23.532236099243164 79.00151062011719
v -21.444421768188477 -23.228729248046875 78.92039489746094
v -20.551074981689453 -23.607662200927734 78.84992980957031
v -20.163997650146484 -22.993894577026367 79.24545288085938
v -18.753496170043945 -23.614194869995117 78.68846893310547
v -24.264001846313477 -21.34916877746582 81.52799224853516
v -26.524221420288086 -20.726318359375 79.73554229736328
v -24.030698776245117 -22.205577850341797 81.28184509277344
v -24.009849548339844 -23.05426788330078 80.55585479736328
v -24.171249389648438 -23.12225341796875 80.09095764160156
v -25.72972869873047 -21.437421798706055 79.52546691894531
v -8.235196113586426 -25.510875701904297 79.38568878173828
v -9.746891021728516 -24.815523147583008 80.91645812988281
v -27.878177642822266 2.9363632202148438 94.97505187988281
v -29.486387252807617 -0.5375189781188965 93.05071258544922
v -26.749086380004883 -0.28983259201049805 95.38214874267578
v -26.087003707885742 3.436065435409546 96.41617584228516
v -29.023948669433594 -1.2243847846984863 93.58851623535156
v -27.261661529541016 -1.7866301536560059 94.64242553710938
v -28.209928512573242 -1.818758487701416 94.1114501953125
v -26.652568817138672 -3.3728089332580566 94.82759857177734
v -30.162195205688477 4.082744598388672 92.97887420654297
v -31.71660614013672 0.13762283325195312 90.96186828613281
v -31.712739944458008 3.937579870223999 91.33260345458984
v -25.66006088256836 -1.081303596496582 95.98986053466797
v -28.82837677001953 8.10824203491211 94.31389617919922
v -35.0489616394043 2.435588836669922 86.88441467285156
v -34.0883903503418 4.808087348937988 88.46551513671875
v -36.53034973144531 3.606158971786499 84.71498107910156
v -34.88532638549805 7.384117603302002 87.43138122558594
v -32.630699157714844 0.2458181381225586 89.80231475830078
v -35.539573669433594 11.928321838378906 85.92694091796875
v -36.726837158203125 10.63267993927002 84.28207397460938
v -32.62073516845703 9.439168930053711 90.22929382324219
v -34.07242202758789 -0.14683198928833008 87.77589416503906
v -36.8939323425293 7.482131004333496 84.30249786376953
v -38.21076583862305 7.253833293914795 81.8089828491211
v -30.367528915405273 -0.48281240463256836 92.53507995605469
v -34.219688415527344 13.816665649414062 87.34312438964844
v -32.79037094116211 12.953218460083008 89.44926452636719
v -25.506389617919922 -19.5726375579834 79.61711883544922
v -25.38658332824707 -19.878192901611328 78.97144317626953
v -25.567310333251953 -19.7785587310791 79.4163589477539
v -37.021671295166016 -9.666276931762695 66.95295715332031
v -36.201141357421875 -10.73480224609375 71.71205139160156
v -37.24856948852539 -9.058225631713867 71.77483367919922
v -36.038421630859375 -11.09849739074707 66.36294555664062
v -41.572113037109375 -16.126659393310547 98.45535278320312
v -41.380409240722656 -16.79024887084961 100.18582153320312
v -41.71144485473633 -16.021684646606445 100.29946899414062
v -38.41082000732422 -14.014244079589844 101.96768951416016
v -38.7237548828125 -14.777503967285156 102.10781860351562
v -37.5303840637207 -14.026044845581055 101.76792907714844
v -40.37051010131836 -15.276241302490234 102.16778564453125
v -39.234092712402344 -15.620138168334961 102.13743591308594
v -41.112525939941406 -15.180015563964844 101.76460266113281
v -41.053436279296875 -15.854127883911133 101.81167602539062
v -40.59893035888672 -16.32367515563965 101.91251373291016
v -40.09062194824219 -16.294462203979492 102.02469635009766
v -40.28823471069336 -17.098526000976562 101.60360717773438
v -41.56814956665039 -15.409051895141602 101.19261932373047
v -41.33067321777344 -16.500452041625977 101.0300064086914
v -40.88308334350586 -16.77678871154785 101.57705688476562
v -41.706565856933594 -15.565401077270508 100.82878875732422
v -37.9326171875 -15.94021987915039 101.64604187011719
v -39.05611801147461 -16.826818466186523 101.62149047851562
v -39.2979621887207 2.2902188301086426 78.43943786621094
v -39.202362060546875 -2.4985365867614746 75.94800567626953
v -38.574554443359375 -1.4808778762817383 78.66992950439453
v -37.45237731933594 0.060678958892822266 82.0899887084961
v -40.349761962890625 1.6156563758850098 74.76359558105469
v -38.25551986694336 4.681937217712402 81.51828002929688
v -39.12923812866211 6.11489200592041 79.70462036132812
v -39.42824172973633 11.772310256958008 78.38790130615234
v -39.263790130615234 10.01412296295166 79.21394348144531
v -38.33769226074219 10.35051155090332 81.25712585449219
v -37.98020935058594 15.076396942138672 80.54459381103516
v -36.501976013183594 13.628988265991211 83.9076156616211
v -36.54357147216797 15.82307243347168 83.017822265625
v -40.81382751464844 9.969841957092285 74.68169403076172
v -41.33707809448242 8.329708099365234 72.81366729736328
v -40.49264907836914 6.98776912689209 75.95574188232422
v -40.207275390625 13.80912971496582 75.31044006347656
v -39.03455352783203 14.817441940307617 78.18719482421875
v -40.68741226196289 4.839921951293945 74.90240478515625
v -34.88542556762695 17.508663177490234 85.05046081542969
v -26.1209716796875 -20.300485610961914 79.37596130371094
v -26.461978912353516 -20.5051212310791 79.80086517333984
v -25.83783531188965 -20.584903717041016 78.79454803466797
v -40.44210433959961 -1.37404203414917 70.77237701416016
v -39.38298416137695 -4.716772556304932 70.23023223876953
v -38.50570297241211 -5.826693058013916 74.08753204345703
v -40.87932205200195 0.5973377227783203 71.07160186767578
v -40.88166046142578 1.8753571510314941 72.53802490234375
v -41.870506286621094 4.599057197570801 68.47039031982422
v -41.34084701538086 4.5439348220825195 71.96697998046875
v -25.956117630004883 -20.270397186279297 80.25332641601562
v -25.163454055786133 -19.74814224243164 80.42498016357422
v -25.99191665649414 -20.939611434936523 78.82638549804688
v -25.748645782470703 -20.460769653320312 80.54373931884766
v -25.19009780883789 -19.548322677612305 80.50239562988281
v -24.395401000976562 -20.061918258666992 81.0109634399414
v -24.12944984436035 -21.102659225463867 81.53732299804688
v -23.757526397705078 -20.424341201782227 81.31951904296875
v -22.31498908996582 -21.064313888549805 81.70609283447266
v -22.7930908203125 -19.848241806030273 83.38453674316406
v -33.448585510253906 -5.881174564361572 97.68031311035156
v -31.280099868774414 -3.7040791511535645 96.080322265625
v -32.61402130126953 -2.850304126739502 94.97200012207031
v -37.76033401489258 -11.430791854858398 100.82139587402344
v -33.8836669921875 -5.086946964263916 96.94510650634766
v -41.075809478759766 -13.868125915527344 92.24615478515625
v -40.45034408569336 -12.99005126953125 88.98561096191406
v -40.31985855102539 -14.884284973144531 90.49266052246094
v -39.90755844116211 -14.285467147827148 88.57936096191406
v -40.94451141357422 -11.932817459106445 90.24728393554688
v -39.790401458740234 -16.273653030395508 91.27754211425781
v -39.951904296875 -13.25322151184082 87.82300567626953
v -39.29856872558594 -14.256525039672852 87.18290710449219
v -39.49709701538086 -15.522241592407227 89.08650207519531
v -37.7819938659668 -13.698997497558594 84.40472412109375
v -38.43949890136719 -15.548700332641602 87.01460266113281
v -41.020790100097656 -16.373437881469727 96.75730895996094
v -41.35304641723633 -16.761926651000977 98.68955993652344
v -40.189273834228516 -17.99848747253418 98.01197052001953
v -41.8931884765625 -15.13770866394043 99.90325927734375
v -41.33820343017578 -11.853191375732422 92.72422790527344
v -41.55258560180664 -14.267139434814453 96.095703125
v -41.84843444824219 -14.057104110717773 98.59062194824219
v -41.85474395751953 -14.530353546142578 100.00172424316406
v -41.64798355102539 -13.668355941772461 100.00556945800781
v -41.14455795288086 -10.603290557861328 92.07697296142578
v -40.45542907714844 -10.637514114379883 88.47681427001953
v -40.24897384643555 -11.907827377319336 87.93046569824219
v -41.06960678100586 -10.03679084777832 92.90933227539062
v -41.141815185546875 -10.585103988647461 95.60350799560547
v -40.684967041015625 -9.341726303100586 95.05992126464844
v -41.267822265625 -12.650947570800781 99.61032104492188
v -40.74934768676758 -9.504495620727539 90.63023376464844
v -37.13954544067383 -12.729755401611328 83.12409210205078
v -38.60659408569336 -13.251649856567383 85.31517028808594
v -39.55628204345703 -6.567370891571045 91.5307388305664
v -40.48065185546875 -8.407281875610352 92.86129760742188
v -39.62300109863281 -11.691368103027344 86.44497680664062
v -39.627681732177734 -7.3156418800354 94.2589340209961
v -38.440513610839844 -5.0964035987854 91.94312286376953
v -40.113101959228516 -7.6255927085876465 91.04325866699219
v -38.77317810058594 -13.209796905517578 101.7513656616211
v -40.078826904296875 -12.947195053100586 101.32044219970703
v -40.48583984375 -14.717962265014648 102.04678344726562
v -38.786502838134766 -11.581838607788086 100.75474548339844
v -39.36000061035156 -10.65489387512207 99.65386199951172
v -40.12164306640625 -9.082799911499023 96.5536117553711
v -40.63157272338867 -11.384056091308594 99.11917114257812
v -40.684871673583984 -12.720098495483398 100.68081665039062
v -38.183921813964844 -6.20286226272583 95.27296447753906
v -37.447296142578125 -6.647329807281494 96.73602294921875
v -36.04167556762695 -6.522678852081299 97.49159240722656
v -41.493804931640625 -14.690908432006836 101.16983795166016
v -41.175071716308594 -13.186927795410156 100.52912902832031
v -40.79480743408203 -13.933656692504883 101.5526351928711
v -37.912479400634766 -4.862294673919678 93.08909606933594
v -34.92204284667969 -4.333279132843018 95.74871826171875
v -35.14801788330078 -2.9148669242858887 93.52215576171875
v -35.742977142333984 -4.413792133331299 95.30189514160156
v -33.70772171020508 -1.6396241188049316 92.5679931640625
v -32.713382720947266 -1.8233065605163574 93.55694580078125
v -36.52435302734375 -4.210525989532471 94.2089614868164
v -35.172935485839844 -2.243778705596924 92.09303283691406
v -37.78850555419922 -6.273543834686279 76.66220092773438
v -37.6169319152832 -7.547288417816162 74.9517822265625
v -36.72907638549805 -7.773051738739014 78.10331726074219
v -37.46224594116211 -5.067086696624756 79.00282287597656
v -36.68595504760742 -8.725919723510742 76.63473510742188
v -35.5445556640625 -8.914712905883789 79.79486083984375
v -36.10676193237305 -6.75538969039917 80.74860382080078
v -35.13439178466797 -9.85666275024414 79.50159454345703
v -35.74124526977539 -2.390803813934326 84.76346588134766
v -36.087745666503906 -3.962637424468994 82.92449951171875
v -36.072288513183594 -3.576240062713623 83.6875
v -35.74856948852539 -1.7888379096984863 84.64796447753906
v -36.07065963745117 -7.0199408531188965 80.94029998779297
v -36.20745086669922 -5.738915920257568 81.87051391601562
v -33.689517974853516 -12.233682632446289 79.37757110595703
v -39.6263542175293 -10.791814804077148 86.33895874023438
v -38.010009765625 -11.101896286010742 83.69007110595703
v -39.21538162231445 -9.161964416503906 85.75930786132812
v -37.93404006958008 -8.809471130371094 83.56130981445312
v -35.53428268432617 -9.156740188598633 80.01066589355469
v -36.337425231933594 -8.845741271972656 81.26600646972656
v -38.77500915527344 -5.9508233070373535 87.50104522705078
v -39.562286376953125 -8.095830917358398 87.23149871826172
v -39.82630157470703 -7.5757737159729 88.91358947753906
v -38.44285202026367 -6.46404504776001 85.78924560546875
v -38.13825607299805 -4.8662800788879395 87.45680236816406
v -39.41064453125 -6.497079372406006 89.44361877441406
v -38.736263275146484 -5.2888407707214355 90.15003204345703
v -38.30820083618164 -4.817596912384033 88.71900177001953
v -37.52011489868164 -3.8109192848205566 90.58916473388672
v -34.84871292114258 -12.400430679321289 80.55078125
v -36.78521728515625 -2.9551491737365723 88.24751281738281
v -34.98733139038086 -0.9785938262939453 86.22933959960938
v -34.0555419921875 -0.3965725898742676 88.02091217041016
v -34.70378875732422 -0.9284224510192871 87.14480590820312
v -36.69246292114258 -2.947533130645752 90.34053039550781
v -33.35359573364258 -0.2929239273071289 89.53814697265625
v -36.05215072631836 -2.528791904449463 90.9586181640625
v -36.18751525878906 -13.76287841796875 82.70156860351562
v -38.52665328979492 -6.539337635040283 71.50770568847656
v -36.66266632080078 -9.599206924438477 74.18608856201172
v -35.538352966308594 -11.326656341552734 74.09732818603516
v -35.182804107666016 -11.131298065185547 76.84119415283203
v 20.698646545410156 -6.161152362823486 34.28662872314453
v 19.0726375579834 -5.642660617828369 32.819358825683594
v -28.98286247253418 24.719236373901367 33.29930877685547
v -30.099340438842773 21.233585357666016 32.81280517578125
v -25.594974517822266 20.515460968017578 29.049484252929688
v -27.313323974609375 18.744327545166016 29.793781280517578
v -25.002559661865234 19.34899139404297 28.382957458496094
v -29.662736892700195 18.44403839111328 31.616090774536133
v -29.614124298095703 16.169435501098633 31.121662139892578
v -32.04998016357422 16.82594108581543 33.503273010253906
v -28.64917755126953 1.8895196914672852 31.53107261657715
v -29.684602737426758 5.594149589538574 31.264970779418945
v -23.471237182617188 4.044588565826416 27.283226013183594
v -23.98716926574707 6.371456146240234 27.05804443359375
v -23.6884708404541 8.311095237731934 26.58875274658203
v -25.971776962280273 0.3553895950317383 30.23556900024414
v -22.456151962280273 2.438934803009033 27.214122772216797
v -23.22328758239746 4.056783676147461 27.03036117553711
v -22.355670928955078 2.723137617111206 26.88210678100586
v -26.2398624420166 -1.5220513343811035 31.295747756958008
v -22.08107566833496 -1.1629548072814941 28.702056884765625
v -25.073040008544922 -5.054901599884033 32.66337203979492
v -29.92045021057129 -5.259271144866943 36.4484748840332
v -29.083240509033203 -2.262331485748291 33.78208541870117
v -27.373737335205078 -4.9580864906311035 34.12539291381836
v -27.770679473876953 -0.3460502624511719 31.790647506713867
v -20.227357864379883 0.9382781982421875 26.644588470458984
v -31.397464752197266 -0.5672593116760254 34.96018981933594
v -30.224132537841797 2.437621831893921 32.625892639160156
v -36.69581985473633 -3.824852466583252 44.042640686035156
v -34.41017532348633 -6.213256359100342 42.57748794555664
v -36.765689849853516 -5.446977138519287 46.057861328125
v -37.48695755004883 -4.505985736846924 46.586273193359375
v -37.7838249206543 -6.742306232452393 51.25794219970703
v -34.98163604736328 -7.382023334503174 44.98575210571289
v -35.2818603515625 -8.181755065917969 46.94014358520508
v -35.969566345214844 -8.547054290771484 49.57576370239258
v -38.5007209777832 -5.369905948638916 51.457664489746094
v -39.235008239746094 -1.8416972160339355 48.55487823486328
v -38.370948791503906 -7.246284008026123 67.21639251708984
v -38.23883819580078 -7.2801337242126465 60.92393112182617
v -37.11859130859375 -9.369361877441406 60.81519317626953
v -39.42529296875 -4.875821590423584 62.18450927734375
v -37.26504898071289 6.262314796447754 40.04443359375
v -34.21226501464844 8.929801940917969 35.387298583984375
v -33.99726486206055 4.094264984130859 36.003204345703125
v -36.531673431396484 9.152568817138672 38.527198791503906
v -33.39803695678711 8.5777587890625 34.45320510864258
v -37.645511627197266 8.23192024230957 40.379356384277344
v -35.97557067871094 2.9267687797546387 38.993656158447266
v -37.91420364379883 1.7578167915344238 42.596160888671875
v -38.021705627441406 0.15402936935424805 43.66777038574219
v -38.86359405517578 9.833946228027344 42.57577133178711
v -39.62574768066406 7.216388702392578 44.4476318359375
v -38.202632904052734 6.440069198608398 41.628360748291016
v -39.06801223754883 3.912440776824951 44.079132080078125
v -40.352203369140625 4.4140849113464355 47.10770034790039
v -39.1015739440918 1.8262581825256348 45.104217529296875
v -37.454925537109375 12.688028335571289 40.05608367919922
v -38.24463653564453 25.037384033203125 48.900821685791016
v -39.412071228027344 21.204477310180664 48.29828643798828
v -41.012855529785156 19.117111206054688 54.055686950683594
v -40.65008544921875 18.832229614257812 50.98130798339844
v -41.601707458496094 17.00882339477539 55.634857177734375
v -41.47407531738281 15.103025436401367 51.61665344238281
v -38.30952453613281 22.495925903320312 46.034934997558594
v -38.179443359375 20.03413963317871 43.81610870361328
v -40.288333892822266 16.271678924560547 47.51095199584961
v -39.163814544677734 16.054777145385742 44.2669563293457
v -40.48543167114258 13.456811904907227 46.963016510009766
v -39.49638366699219 11.275079727172852 43.992393493652344
v -40.81718063354492 7.686613082885742 47.495540618896484
v -41.540382385253906 10.816824913024902 49.93550491333008
v -41.4713249206543 9.468443870544434 49.56745529174805
v -41.01295852661133 14.769020080566406 49.201568603515625
v -38.26670837402344 14.467687606811523 41.84152603149414
v -36.94732666015625 14.910717010498047 39.53434753417969
v -37.65130615234375 18.017967224121094 41.68860626220703
v -36.60296630859375 16.574970245361328 39.352909088134766
v -42.323997497558594 10.834585189819336 54.92562484741211
v -41.9272575378418 11.244515419006348 51.96324920654297
v -42.325828552246094 8.232071876525879 54.60331726074219
v -42.1759147644043 13.324308395385742 55.608741760253906
v -41.869388580322266 4.595240592956543 53.40992736816406
v -42.26378631591797 5.938179969787598 55.6700439453125
v -41.47356414794922 6.234682083129883 50.182395935058594
v -41.40776443481445 3.712733745574951 51.389705657958984
v -40.549808502197266 1.572272777557373 49.57558059692383
v -36.171852111816406 -0.2290797233581543 40.66453552246094
v -38.378170013427734 -2.217433452606201 46.344970703125
v -37.45573425292969 -2.3178019523620605 44.23583221435547
v -35.281761169433594 -3.6769375801086426 41.53680419921875
v -39.36813735961914 -3.739107608795166 52.26808547973633
v -39.92597198486328 -1.7397656440734863 51.209129333496094
v -40.35149002075195 -2.4264140129089355 67.8599853515625
v -40.42197036743164 -2.224290370941162 58.58850860595703
v -42.264495849609375 4.826825141906738 61.47125244140625
v -41.34165573120117 1.3424615859985352 68.27714538574219
v -41.33932113647461 0.749565601348877 66.1316146850586
v -41.7370719909668 2.015223979949951 60.00162887573242
v -41.867454528808594 3.0414516925811768 56.326324462890625
v -41.14435577392578 -0.24816608428955078 61.112754821777344
v -41.012451171875 1.1589226722717285 52.269737243652344
v -40.41261291503906 -1.9231839179992676 55.19625473022461
v -40.14625549316406 -2.2864842414855957 53.789337158203125
v -39.757957458496094 -3.894484043121338 59.27598190307617
v -42.46210861206055 6.719175338745117 58.80763626098633
v -42.33101272583008 6.252703666687012 64.84558868408203
v -33.569000244140625 10.922487258911133 34.55082321166992
v -37.48838424682617 25.600383758544922 47.075191497802734
v -37.090728759765625 24.16888999938965 44.391754150390625
v -36.98871994018555 21.626773834228516 42.16361618041992
v -36.004451751708984 25.014270782470703 42.71635437011719
v -35.20466995239258 21.315444946289062 38.893043518066406
v -34.82105255126953 26.068397521972656 41.42149353027344
v -35.31074523925781 12.440811157226562 36.80725860595703
v -32.6463623046875 20.26337242126465 35.106971740722656
v -32.05303192138672 22.474369049072266 35.3265380859375
v -33.12212371826172 25.852439880371094 38.61636734008789
v -33.567474365234375 23.323348999023438 37.61948776245117
v -34.99842071533203 23.899066925048828 40.04493713378906
v -35.11903762817383 19.139711380004883 37.87890625
v -42.5392951965332 9.262456893920898 58.428218841552734
v -27.391433715820312 15.562740325927734 29.286579132080078
v -25.9222469329834 15.330974578857422 28.262413024902344
v -27.137582778930664 8.745267868041992 28.89942169189453
v -27.09364891052246 11.106378555297852 28.784740447998047
v -23.25125503540039 9.48874282836914 26.213809967041016
v -29.287763595581055 7.1716508865356445 30.657962799072266
v -22.242374420166016 11.070802688598633 25.64886474609375
v -31.050559997558594 6.987983703613281 32.21778106689453
v -30.804746627807617 12.842609405517578 31.784156799316406
v -30.748912811279297 9.683538436889648 31.685192108154297
v -34.6370735168457 -1.2209172248840332 39.04096221923828
v -32.14873504638672 0.8235068321228027 35.07725524902344
v -32.4659423828125 -2.8942599296569824 37.39037322998047
v -33.864444732666016 -4.894860744476318 40.546295166015625
v -32.12422561645508 5.493736267089844 33.536434173583984
v -31.59354591369629 -7.176506519317627 39.869178771972656
v -28.357803344726562 -6.8482489585876465 36.38949966430664
v -31.115345001220703 -3.666569232940674 36.446868896484375
v -27.312713623046875 -8.063701629638672 36.65320587158203
v -30.185890197753906 -8.62451171875 39.88841247558594
v -33.107479095458984 -8.791069030761719 43.82731628417969
v -31.90871810913086 -8.723867416381836 42.001365661621094
v -33.96299362182617 16.743593215942383 35.678287506103516
v -34.6174430847168 14.956218719482422 36.166114807128906
v -32.186466217041016 14.630613327026367 33.27735900878906
v 32.316036224365234 -8.19797134399414 63.01941680908203
v 31.22488021850586 -10.075300216674805 63.12571334838867
v -8.093729019165039 -26.130769729614258 85.35315704345703
v -6.096103191375732 -16.280622482299805 97.04273986816406
v -6.09681510925293 -16.269840240478516 97.74215698242188
v -7.094916820526123 -15.53288459777832 98.93638610839844
v -12.037418365478516 -21.334035873413086 87.24797821044922
v 30.85569953918457 -9.177339553833008 53.21272277832031
v 28.466320037841797 -11.946908950805664 55.3038215637207
v 29.469608306884766 -10.019718170166016 51.159400939941406
v 29.899703979492188 -10.361747741699219 53.84247970581055
v 30.624025344848633 -9.948352813720703 53.61996078491211
v 27.51245880126953 -11.952112197875977 51.450260162353516
v 25.855329513549805 -14.134414672851562 55.47355270385742
v 23.904388427734375 -11.281253814697266 43.11324691772461
v 25.651723861694336 -9.13441276550293 41.94115447998047
v 25.382522583007812 -11.319425582885742 45.205814361572266
v 22.597518920898438 -10.216482162475586 40.068389892578125
v 27.4814395904541 -9.488258361816406 45.14094924926758
v 29.22176170349121 -9.16672134399414 48.11856460571289
v 27.289020538330078 -10.456136703491211 46.675819396972656
v 25.119518280029297 -12.44842529296875 47.28591537475586
v 23.778480529785156 -12.658309936523438 45.663185119628906
v 32.703826904296875 -6.634697437286377 53.12673568725586
v 21.251497268676758 -8.000024795532227 36.30070114135742
v 8.326017379760742 11.964133262634277 22.44198989868164
v 4.094717025756836 17.0053768157959 22.351848602294922
v 8.170923233032227 17.158838272094727 23.12918472290039
v 1.2862231731414795 18.035066604614258 22.232742309570312
v 0.6503838896751404 15.178949356079102 21.750263214111328
v 2.765780210494995 20.17193603515625 22.86009979248047
v 4.383753299713135 13.482671737670898 21.942813873291016
v 6.7794389724731445 10.337928771972656 22.07290267944336
v 8.289202690124512 11.582780838012695 22.117923736572266
v -6.302863121032715 -25.764379501342773 79.05380249023438
v -5.784590721130371 -25.827136993408203 79.06822204589844
v -4.57942533493042 -25.917463302612305 78.93917846679688
v -6.5537614822387695 -25.756683349609375 79.10104370117188
v -6.462433338165283 -25.837846755981445 78.83672332763672
v -1.7437770366668701 -25.56679916381836 79.64103698730469
v -6.923548698425293 -25.750398635864258 79.0755844116211
v 6.476673603057861 -23.6464786529541 65.19682312011719
v 7.204959392547607 -24.370752334594727 65.46073913574219
v 6.285881042480469 -23.614667892456055 66.138671875
v -2.208960771560669 -25.67708969116211 60.17873001098633
v -2.0151171684265137 -25.806123733520508 60.13807678222656
v -1.947383999824524 -25.830018997192383 60.49589157104492
v -2.018676996231079 -26.042016983032227 61.04460906982422
v -2.167466402053833 -25.81804084777832 60.91061782836914
v -1.511897087097168 -28.28864860534668 61.122154235839844
v -2.2795417308807373 -26.49521827697754 61.40282440185547
v -1.8092728853225708 -26.176481246948242 60.36667251586914
v -3.0706796646118164 -26.269746780395508 60.809532165527344
v -3.069561004638672 -25.943201065063477 60.11069869995117
v -3.0042686462402344 -25.833534240722656 60.49464797973633
v -2.673229455947876 -26.024320602416992 61.177513122558594
v -2.576409339904785 -25.684406280517578 60.04621124267578
v -2.6577706336975098 -25.76094627380371 60.85057067871094
v -2.5473225116729736 -25.636188507080078 60.47584533691406
v -2.4491803646087646 -26.031404495239258 59.622154235839844
v -2.2453701496124268 -26.08104133605957 61.251129150390625
v -2.0587472915649414 -28.52390480041504 61.03801727294922
v -2.5671544075012207 -26.50935935974121 61.36018753051758
v -1.6625173091888428 -28.50578498840332 61.20893859863281
v -2.5453903675079346 -26.20221519470215 61.331268310546875
v -2.7765583992004395 -26.34918785095215 61.22568893432617
v -2.938162326812744 -26.182912826538086 59.73788833618164
v -2.0725786685943604 -27.106103897094727 59.3175048828125
v 19.006328582763672 -21.063907623291016 68.5611801147461
v 19.66200065612793 -19.817279815673828 67.4494400024414
v 19.12521743774414 -20.16264533996582 69.2823715209961
v 6.485623359680176 -25.390382766723633 75.71353149414062
v 6.057764053344727 -25.31291389465332 78.44713592529297
v -0.34761542081832886 -26.257009506225586 77.0032730102539
v 5.905211925506592 -24.965993881225586 79.55012512207031
v 2.5161023139953613 -26.341276168823242 73.83892822265625
v 7.963959693908691 -24.836767196655273 77.81665802001953
v 0.4706770181655884 -25.30113983154297 80.01988220214844
v 9.002945899963379 -24.246841430664062 74.71492004394531
v 10.628647804260254 -23.6607608795166 75.8939437866211
v 10.875274658203125 -23.986894607543945 76.57246398925781
v 6.566985130310059 -25.003149032592773 71.59147644042969
v 7.072035789489746 -24.616479873657227 72.02903747558594
v 7.812831401824951 -24.49945831298828 73.22002410888672
v -4.058102130889893 -26.47881507873535 76.8095932006836
v 29.6658935546875 -11.393667221069336 72.34835815429688
v 30.18670654296875 -9.905467987060547 75.43183898925781
v 28.66891098022461 -11.82590103149414 76.12432861328125
v 27.146944046020508 -12.273591995239258 79.53364562988281
v 24.41035270690918 -14.87213134765625 80.84481048583984
v 24.97907066345215 -14.480745315551758 80.31192016601562
v 8.367715835571289 -19.79962730407715 88.40560913085938
v 8.373614311218262 -21.83397102355957 85.28666687011719
v 12.504129409790039 -20.533700942993164 85.5613021850586
v 5.559934139251709 -23.157270431518555 83.76898193359375
v 23.8335018157959 -16.93682289123535 71.69219970703125
v 21.807703018188477 -18.044498443603516 68.99272155761719
v 24.638370513916016 -16.303131103515625 66.78388977050781
v 28.061038970947266 -13.17715835571289 60.516845703125
v 27.015241622924805 -14.43783950805664 66.78871154785156
v 24.839738845825195 -15.871767044067383 62.00175857543945
v 29.157690048217773 -12.333087921142578 61.996246337890625
v 16.69312286376953 -16.4757022857666 93.19876098632812
v 17.18820571899414 -17.82070541381836 90.921875
v 18.239904403686523 -17.583749771118164 93.97743225097656
v 18.240921020507812 -18.390056610107422 92.07789611816406
v 17.087318420410156 -15.798013687133789 94.83973693847656
v 19.01446533203125 -17.186893463134766 95.5394287109375
v 19.19376564025879 -18.370512008666992 93.87315368652344
v 19.808856964111328 -19.28864097595215 92.25267028808594
v 19.852689743041992 -18.23569679260254 94.97907257080078
v 16.559791564941406 -17.448238372802734 89.82022094726562
v 16.98948097229004 -17.911869049072266 88.91057586669922
v 17.698850631713867 -18.410255432128906 89.11498260498047
v 20.439205169677734 -19.720813751220703 90.41993713378906
v 18.207056045532227 -18.53823471069336 87.45667266845703
v 19.007854461669922 -19.110382080078125 88.83124542236328
v 18.95171546936035 -18.92224884033203 88.26665496826172
v 17.43290138244629 -17.875747680664062 86.5372543334961
v 19.6590518951416 -18.871511459350586 86.23573303222656
v 19.3597412109375 -19.166580200195312 88.08856964111328
v 18.964529037475586 -18.07345962524414 84.81934356689453
v 21.467613220214844 -18.41498565673828 84.33573913574219
v 20.47957992553711 -17.72282600402832 83.15680694580078
v 22.225189208984375 -18.07661247253418 83.77137756347656
v 22.748342514038086 -17.102779388427734 82.459228515625
v 24.9385929107666 -17.988073348999023 85.07745361328125
v 23.023853302001953 -18.68364906311035 85.29470825195312
v 23.147422790527344 -18.546815872192383 84.88949584960938
v 19.797061920166016 -17.899702072143555 83.62448120117188
v 21.307331085205078 -19.257349014282227 86.34407043457031
v 20.59084129333496 -19.44223976135254 87.55755615234375
v 23.156675338745117 -19.190505981445312 86.33042907714844
v 20.644031524658203 -17.450674057006836 96.77147674560547
v 20.71217155456543 -19.241788864135742 93.9582290649414
v 22.664335250854492 -18.300615310668945 97.45545196533203
v 22.133758544921875 -19.344554901123047 95.40225219726562
v 23.308212280273438 -19.840606689453125 95.35162353515625
v 26.408588409423828 -20.136079788208008 96.96066284179688
v 26.762205123901367 -20.22844123840332 96.28778076171875
v 28.499576568603516 -19.750917434692383 98.9315185546875
v 28.663925170898438 -19.79362678527832 98.21548461914062
v 28.090126037597656 -19.800838470458984 95.21276092529297
v 30.233591079711914 -18.801254272460938 98.28776550292969
v 29.54425811767578 -19.41920280456543 98.73739624023438
v 27.492528915405273 -20.059860229492188 95.2502670288086
v 26.574871063232422 -19.536054611206055 98.78175354003906
v 27.773630142211914 -19.693994522094727 99.13129425048828
v 21.5570068359375 -19.935686111450195 92.79894256591797
v 23.185657501220703 -20.419313430786133 92.00896453857422
v 24.744848251342773 -20.42453384399414 93.11064910888672
v 23.99510383605957 -20.28026008605957 94.32593536376953
v 24.364381790161133 -20.412662506103516 92.07176971435547
v 22.32404327392578 -20.175249099731445 90.38751220703125
v 23.806142807006836 -20.28715705871582 90.43305969238281
v 24.629520416259766 -20.354299545288086 92.49506378173828
v 25.982152938842773 -19.726375579833984 89.90341186523438
v 25.057483673095703 -20.19053077697754 90.48876190185547
v 25.068769454956055 -19.909440994262695 89.45821380615234
v 25.785259246826172 -19.890581130981445 90.78368377685547
v 26.889232635498047 -19.0052547454834 89.18531036376953
v 26.472558975219727 -19.974533081054688 91.80465698242188
v 27.944894790649414 -18.778091430664062 90.50314331054688
v 27.656469345092773 -18.01505470275879 88.26374816894531
v 25.50120735168457 -20.34243392944336 92.58554077148438
v 28.27979850769043 -19.083459854125977 92.36550903320312
v 28.970661163330078 -18.47637367248535 92.4356689453125
v 22.340415954589844 -19.409305572509766 87.05508422851562
v 22.97452735900879 -19.8369083404541 88.20121002197266
v 24.584569931030273 -18.962276458740234 86.58202362060547
v 26.243528366088867 -18.443830490112305 87.11366271972656
v 26.17437171936035 -16.795190811157227 84.61466979980469
v 27.327564239501953 -16.864517211914062 86.08068084716797
v 26.101449966430664 -19.28555679321289 88.74076843261719
v 28.514423370361328 -17.088232040405273 88.25888061523438
v 28.736034393310547 -18.356719970703125 101.56742858886719
v 27.896181106567383 -18.1832218170166 101.34815979003906
v 29.306581497192383 -18.78825569152832 101.25035095214844
v 28.614906311035156 -19.353715896606445 100.17157745361328
v 29.438283920288086 -19.31321907043457 100.00143432617188
v 29.996320724487305 -18.888086318969727 100.58392333984375
v 26.51984977722168 -19.099720001220703 99.41641998291016
v 23.6604061126709 -16.47854995727539 82.06353759765625
v 28.086259841918945 -15.777399063110352 86.02550506591797
v 25.64745330810547 -14.770275115966797 81.9386215209961
v 20.170000076293945 -14.719156265258789 98.41317749023438
v 20.250446319580078 -16.008867263793945 97.71211242675781
v 18.1096248626709 -12.281900405883789 97.82950592041016
v 19.72129249572754 -13.32712173461914 98.63774108886719
v 17.24892234802246 -14.84880256652832 95.92255401611328
v 18.48592185974121 -13.899702072143555 97.62954711914062
v 17.52066993713379 -13.217666625976562 97.10078430175781
v 16.407442092895508 -12.535924911499023 96.21473693847656
v 18.22892189025879 -15.91012191772461 96.09785461425781
v 24.332347869873047 -14.910116195678711 100.53976440429688
v 28.02198600769043 -16.924558639526367 102.02022552490234
v 28.450149536132812 -17.6024227142334 101.94481658935547
v 27.763561248779297 -18.045944213867188 101.44847106933594
v 20.45293426513672 -19.546863555908203 73.64948272705078
v 20.152406692504883 -19.018627166748047 76.77210998535156
v 19.134572982788086 -20.60875129699707 75.3923568725586
v 21.139217376708984 -18.515836715698242 73.31156158447266
v 19.51849937438965 -21.12828254699707 71.45897674560547
v 19.383541107177734 -20.65777015686035 71.8692398071289
v 18.78746795654297 -20.8773193359375 72.87895202636719
v 17.654712677001953 -21.284828186035156 74.27938842773438
v 17.39995002746582 -21.60805892944336 75.05889129638672
v 18.40435791015625 -21.254880905151367 74.3030776977539
v 15.165257453918457 -15.736127853393555 90.67463684082031
v 16.197834014892578 -17.29582405090332 88.14640808105469
v 15.71159839630127 -17.070791244506836 88.63145446777344
v 15.734074592590332 -19.155303955078125 85.7652816772461
v 14.801673889160156 -14.919404983520508 91.56369018554688
v 15.661766052246094 -16.713356018066406 89.24385833740234
v 15.043012619018555 -15.764080047607422 90.55443572998047
v 17.87632179260254 -18.079254150390625 85.6139144897461
v 8.909990310668945 -17.926435470581055 90.56605529785156
v 13.075693130493164 -18.4051570892334 88.38249206542969
v 18.975717544555664 -18.077587127685547 84.42012023925781
v 16.845775604248047 -19.624561309814453 83.95988464355469
v 29.216571807861328 -12.160934448242188 70.01432800292969
v 27.138504028320312 -14.197519302368164 72.53797912597656
v 25.655284881591797 -15.573301315307617 72.38068389892578
v 29.992050170898438 -11.43606185913086 62.80938720703125
v 27.809736251831055 -13.117279052734375 75.2235107421875
v 25.196508407592773 -15.223541259765625 77.67700958251953
v 22.8607234954834 -17.50240135192871 74.6821517944336
v 22.85279083251953 -16.396820068359375 80.77778625488281
v 23.175594329833984 -16.003040313720703 81.29806518554688
v 22.948795318603516 -17.154611587524414 77.6011962890625
v 14.142746925354004 -22.622228622436523 76.57310485839844
v 14.89279842376709 -22.162527084350586 76.19227600097656
v 15.816147804260254 -22.203123092651367 76.30237579345703
v 16.296791076660156 -21.710636138916016 75.47402954101562
v 14.81448745727539 -22.614791870117188 77.27002716064453
v 17.39832305908203 -21.659130096435547 75.95457458496094
v 14.02161979675293 -22.7537899017334 78.41293334960938
v 16.43327522277832 -21.36495590209961 79.49052429199219
v 11.78845500946045 -23.198015213012695 79.82000732421875
v 10.697397232055664 -24.08497428894043 77.23411560058594
v 11.289708137512207 -23.45987892150879 76.17210388183594
v 12.208991050720215 -23.31714630126953 76.5931167602539
v 13.310930252075195 -22.72441864013672 76.52354431152344
v 7.815069198608398 -24.880727767944336 73.79895782470703
v 22.015682220458984 -16.881513595581055 82.04219055175781
v 22.356689453125 -16.608537673950195 81.54330444335938
v 20.975784301757812 -17.469459533691406 82.69703674316406
v 20.903778076171875 -17.9908390045166 81.297607421875
v 16.858489990234375 -21.111425399780273 79.49026489257812
v 16.39544105529785 -21.601747512817383 79.54766845703125
v 24.484697341918945 -15.888534545898438 81.87987518310547
v 6.630344867706299 18.538002014160156 23.063045501708984
v 7.491860389709473 21.186349868774414 24.003116607666016
v 9.063965797424316 24.95226287841797 25.822139739990234
v 11.129732131958008 23.321706771850586 25.797954559326172
v 2.2968337535858154 22.706506729125977 23.608135223388672
v 4.9337568283081055 23.158912658691406 24.17819595336914
v 11.909378051757812 19.62179946899414 24.873809814453125
v 13.839167594909668 23.092016220092773 26.700428009033203
v 8.93531322479248 29.085586547851562 27.75537109375
v 11.337407112121582 26.698036193847656 27.244503021240234
v 13.85025405883789 25.22911262512207 27.502525329589844
v 2.4202990531921387 26.972421646118164 25.48114013671875
v 15.703868865966797 29.155780792236328 30.409454345703125
v 15.238178253173828 18.450267791748047 25.96424102783203
v -11.279435157775879 -22.75398826599121 84.92262268066406
v -10.250517845153809 -23.49799156188965 83.96953582763672
v 7.667804718017578 -17.063098907470703 91.7991714477539
v 3.795001745223999 -17.29140853881836 92.32626342773438
v 3.244490146636963 -15.701227188110352 93.89305877685547
v 15.837606430053711 -13.808712005615234 94.8149642944336
v 14.473380088806152 -13.088607788085938 93.1928482055664
v 11.182821273803711 -11.728620529174805 95.04904174804688
v 14.420700073242188 -12.16728401184082 93.80693054199219
v 8.460772514343262 -14.954618453979492 93.48812103271484
v 10.868358612060547 -16.292821884155273 91.64291381835938
v 7.114140033721924 -12.361516952514648 95.68972778320312
v 5.4257893562316895 -14.29854965209961 94.60617065429688
v -28.237590789794922 -13.390430450439453 96.83076477050781
v -26.45709800720215 -13.191400527954102 95.31077575683594
v -26.44072151184082 -12.09750747680664 95.90226745605469
v -25.434993743896484 -11.427459716796875 95.08340454101562
v -25.162944793701172 -12.323019027709961 94.26315307617188
v -23.943742752075195 -10.829002380371094 93.36906433105469
v -27.97255516052246 -12.361612319946289 97.1082534790039
v -30.4728946685791 -14.26436996459961 97.91778564453125
v -28.82888412475586 -14.98190689086914 96.20529174804688
v -28.961299896240234 -15.934511184692383 95.3818359375
v -26.745424270629883 -14.309064865112305 94.73287963867188
v -27.246301651000977 -15.691732406616211 93.69984436035156
v -29.68633270263672 -17.324003219604492 94.20875549316406
v -27.844512939453125 -16.929533004760742 92.36557006835938
v -25.992727279663086 -15.288976669311523 92.2676010131836
v -25.999237060546875 -15.924863815307617 90.66127014160156
v -25.682130813598633 -14.037866592407227 93.51608276367188
v -24.420013427734375 -14.314912796020508 90.26953887939453
v -24.0444278717041 -13.119579315185547 91.6010513305664
v -30.6124267578125 -17.005876541137695 95.56256103515625
v -30.276304244995117 -18.394283294677734 92.34265899658203
v -29.672399520874023 -18.384323120117188 91.21722412109375
v -27.44584083557129 -17.098392486572266 90.86282348632812
v -30.831188201904297 -18.249860763549805 93.66178894042969
v -30.73182487487793 -16.128910064697266 96.67024993896484
v -29.05689811706543 -18.184371948242188 89.47100830078125
v -23.655317306518555 -11.198091506958008 93.00608825683594
v -20.230510711669922 -7.937816143035889 96.37609100341797
v -20.501951217651367 -4.803883075714111 98.2115249633789
v -20.40940284729004 -5.985474109649658 97.70773315429688
v -25.499778747558594 -15.986371994018555 87.37171173095703
v -24.264509201049805 -15.353813171386719 88.91291809082031
v -24.893129348754883 -15.205144882202148 89.05781555175781
v -23.852924346923828 -13.003149032592773 91.60922241210938
v -21.76091766357422 -15.080678939819336 90.6632080078125
v -26.833295822143555 -16.8502197265625 89.72080993652344
v -26.753252029418945 -16.870452880859375 87.24425506591797
v -22.52897071838379 -16.78757095336914 88.3164291381836
v -20.70881462097168 -12.910745620727539 93.022216796875
v -18.73732566833496 -15.939216613769531 91.13938903808594
v -15.518159866333008 -17.287790298461914 90.96167755126953
v -15.651491165161133 -15.060625076293945 92.99867248535156
v -13.860827445983887 -13.503202438354492 94.66139221191406
v -10.697598457336426 -16.108394622802734 93.21505737304688
v -8.48639965057373 -14.388395309448242 94.89700317382812
v -11.971819877624512 -20.84758949279785 87.92488098144531
v -17.907745361328125 -17.299158096313477 90.0547103881836
v -14.739632606506348 -18.836671829223633 89.5025634765625
v -17.15505027770996 -20.17936134338379 86.66940307617188
v -14.791909217834473 -20.578540802001953 87.13561248779297
v -16.85869026184082 -21.743043899536133 84.24649810791016
v -19.94391441345215 -19.846059799194336 85.61045837402344
v 22.194067001342773 -17.2312068939209 59.19747543334961
v 7.597020149230957 -24.275653839111328 64.08786010742188
v 6.737030506134033 -23.615842819213867 64.1666030883789
v 7.074680328369141 -23.51070785522461 63.43193054199219
v 7.270251750946045 -23.81431007385254 62.85285568237305
v 7.878530025482178 -23.37081527709961 62.18537139892578
v 8.05650806427002 -24.22475814819336 63.2552375793457
v 8.77706527709961 -23.147851943969727 61.32283401489258
v 9.48165512084961 -24.338224411010742 62.21735382080078
v 9.651802062988281 -23.0135440826416 60.78129196166992
v 10.297404289245605 -22.92034339904785 60.43943405151367
v 8.401378631591797 -23.639312744140625 61.46600341796875
v 9.52172565460205 -23.503868103027344 60.60314178466797
v -1.3076798915863037 -28.0787410736084 59.98847198486328
v -1.291407585144043 -28.37990379333496 61.065956115722656
v 19.795433044433594 -20.464265823364258 72.52498626708984
v 19.959274291992188 -20.375350952148438 70.3612060546875
v 21.33540153503418 -18.980424880981445 68.05661010742188
v 19.332487106323242 -19.903076171875 69.03646850585938
v 19.189800262451172 -19.910762786865234 69.20350646972656
v 19.184917449951172 -21.017057418823242 69.16502380371094
v 19.553890228271484 -20.257835388183594 69.24420928955078
v 20.120166778564453 -20.802005767822266 69.3448257446289
v 19.886354446411133 -20.085731506347656 67.40459442138672
v 19.813129425048828 -20.386573791503906 69.33460235595703
v 19.74224281311035 -19.889928817749023 63.96977233886719
v 19.256820678710938 -19.981035232543945 62.20280456542969
v 20.297027587890625 -19.976457595825195 65.3812026977539
v 19.786788940429688 -19.800153732299805 66.46809387207031
v 20.004226684570312 -19.994300842285156 65.64215850830078
v 21.237564086914062 -19.164976119995117 65.0574722290039
v 19.666982650756836 -19.640228271484375 64.7125015258789
v 19.502838134765625 -20.57314109802246 65.52957916259766
v 19.471206665039062 -19.535289764404297 63.80615234375
v 17.679527282714844 -19.817272186279297 60.954620361328125
v 16.944936752319336 -20.25484848022461 60.47224426269531
v 18.330825805664062 -20.12255096435547 61.152774810791016
v 18.617727279663086 -19.491497039794922 61.99333572387695
v 19.12928581237793 -19.467693328857422 62.90168762207031
v 18.26055145263672 -21.00316619873047 62.36701202392578
v 9.742316246032715 -20.749170303344727 57.18470001220703
v 9.252012252807617 -20.606401443481445 56.13029098510742
v 9.165667533874512 -19.502567291259766 56.680355072021484
v 9.210925102233887 -19.283512115478516 57.1492919921875
v 6.391650199890137 -21.74178695678711 53.672000885009766
v 7.062577247619629 -22.002838134765625 54.97854232788086
v 5.961960792541504 -22.334869384765625 54.999881744384766
v 7.0136590003967285 -21.522687911987305 53.682411193847656
v 7.240047454833984 -20.181724548339844 54.08597183227539
v 7.686822891235352 -21.39104652404785 54.11692810058594
v 8.537456512451172 -21.11043930053711 54.97145080566406
v 7.204959392547607 -22.384044647216797 56.931278228759766
v 8.983824729919434 -21.4471435546875 57.095863342285156
v 6.547458648681641 -20.54466438293457 53.66583251953125
v 8.055999755859375 -19.905559539794922 54.8736572265625
v 4.3377838134765625 -22.596479415893555 56.22749710083008
v 4.908228874206543 -22.32228660583496 55.02570724487305
v 4.809782028198242 -22.854068756103516 56.71199035644531
v 5.8128662109375 -21.929954528808594 53.92328643798828
v 5.7133002281188965 -22.82752799987793 56.79633712768555
v 6.437314987182617 -21.615020751953125 53.59246826171875
v 10.516266822814941 -22.857486724853516 57.14837646484375
v 2.1978776454925537 -22.85973358154297 54.99674606323242
v 2.7747299671173096 -22.65484046936035 55.38866424560547
v 2.924638271331787 -22.718976974487305 55.708370208740234
v 2.89382266998291 -24.45292854309082 56.50655746459961
v 2.6960127353668213 -22.921546936035156 56.501930236816406
v 3.458369493484497 -22.50075912475586 56.61114501953125
v 4.273000240325928 -22.712491989135742 56.6552734375
v 1.9115872383117676 -24.886751174926758 56.58256530761719
v 5.828731536865234 -24.242713928222656 56.90126037597656
v -0.973386287689209 -23.42326545715332 54.78956604003906
v -1.5525777339935303 -22.01630401611328 54.903194427490234
v -0.07281731814146042 -23.040550231933594 54.59858322143555
v -0.8947707414627075 -21.904647827148438 54.69097900390625
v 0.2895459532737732 -21.624404907226562 54.639976501464844
v -0.1907913088798523 -23.621171951293945 56.23472213745117
v -1.4561645984649658 -23.537384033203125 55.04512405395508
v 0.7454749345779419 -23.164318084716797 54.63225173950195
v 1.3371758460998535 -23.18192481994629 55.103153228759766
v 1.481693983078003 -23.027223587036133 54.746604919433594
v 0.7354065775871277 -23.443477630615234 56.32206344604492
v 2.0163402557373047 -21.530866622924805 54.95408248901367
v -2.081223487854004 -23.53892707824707 55.46891784667969
v -2.4771482944488525 -23.63355827331543 56.12568664550781
v 1.192657709121704 -21.504894256591797 54.712890625
v 8.723570823669434 -19.509645462036133 55.946044921875
v 1.8691778182983398 -21.344141006469727 54.96040344238281
v 3.255067825317383 -22.547433853149414 56.08464050292969
v -2.11488676071167 20.871307373046875 22.71497344970703
v -5.829339504241943 23.85392951965332 23.839542388916016
v -7.755468845367432 22.14742088317871 23.36444091796875
v -4.189805507659912 18.34731101989746 22.1343994140625
v -5.958399295806885 20.82012939453125 22.784088134765625
v 1.6805208921432495 28.9665584564209 26.432716369628906
v -2.9053127765655518 30.220462799072266 26.915912628173828
v -2.576002597808838 14.581134796142578 21.554141998291016
v -12.236042022705078 22.387710571289062 24.20419692993164
v -9.536064147949219 20.17266082763672 22.99130630493164
v -8.306896209716797 17.120908737182617 22.176456451416016
v -11.791400909423828 18.913095474243164 23.067424774169922
v -21.282310485839844 21.8261661529541 27.08002471923828
v -22.890722274780273 22.215417861938477 27.987892150878906
v -23.088024139404297 20.1403865814209 27.502151489257812
v -19.763395309448242 20.272846221923828 25.961315155029297
v -18.368146896362305 21.712522506713867 25.819805145263672
v -16.944833755493164 18.526338577270508 24.403045654296875
v -13.917882919311523 20.84866714477539 24.113792419433594
v -13.915645599365234 18.83258819580078 23.556140899658203
v -11.05660629272461 14.784894943237305 22.194419860839844
v -13.934561729431152 15.798101425170898 22.943313598632812
v -14.91069507598877 12.79190444946289 22.788936614990234
v -17.98351287841797 13.25938606262207 23.821975708007812
v -13.346219062805176 11.380569458007812 22.21564483642578
v -15.802924156188965 12.613667488098145 22.71331787109375
v -14.992973327636719 12.548576354980469 22.70211410522461
v -16.746919631958008 12.908323287963867 23.12670135498047
v -18.697967529296875 12.99220085144043 23.96035385131836
v -6.473721504211426 14.735132217407227 21.67327117919922
v 21.161184310913086 -13.067115783691406 43.141883850097656
v 20.13155746459961 -18.87596893310547 56.22291564941406
v 19.07843589782715 -17.654399871826172 52.358360290527344
v 21.873300552368164 -17.134443283081055 56.95956802368164
v 21.3290958404541 -18.687767028808594 57.46617126464844
v 17.149152755737305 -17.920198440551758 49.945640563964844
v 20.912931442260742 -15.092796325683594 47.401283264160156
v 23.741357803344727 -14.752864837646484 51.642913818359375
v 20.27515983581543 -20.214324951171875 58.082271575927734
v 20.840417861938477 -19.632722854614258 57.8236198425293
v 21.259836196899414 -18.919696807861328 60.13726043701172
v 25.062667846679688 -15.060853958129883 57.26608657836914
v 28.123685836791992 -12.729185104370117 57.21718978881836
v 21.824485778808594 -18.22447395324707 62.25508117675781
v 17.527280807495117 -21.49156379699707 58.35630416870117
v 12.83882999420166 -23.20895004272461 58.04899215698242
v 17.690614700317383 -21.3665714263916 57.955055236816406
v 19.708782196044922 -20.571247100830078 58.40536117553711
v 9.665735244750977 -24.308074951171875 58.776126861572266
v 18.54450035095215 -20.453935623168945 59.976646423339844
v 14.15881633758545 -22.472633361816406 59.09245681762695
v 11.223703384399414 -22.763179779052734 60.088443756103516
v 12.140138626098633 -22.519804000854492 59.859901428222656
v 14.907341957092285 -21.335689544677734 59.7972526550293
v 13.77845287322998 -21.870243072509766 59.7232551574707
v 15.779738426208496 -21.329227447509766 59.73923873901367
v 10.391682624816895 -23.921445846557617 59.217994689941406
v 16.02585792541504 -20.771533966064453 60.06545639038086
v 19.736648559570312 -19.899433135986328 60.56588363647461
v 18.45398712158203 -20.262380599975586 60.87152862548828
v 17.114269256591797 -20.59139060974121 60.29864501953125
v 8.885276794433594 -24.406761169433594 57.818050384521484
v 15.24783992767334 -22.121246337890625 57.69895553588867
v 18.07514762878418 -19.908960342407227 57.440731048583984
v 19.30644989013672 -20.449844360351562 57.793514251708984
v 18.25566864013672 -19.670127868652344 57.36321258544922
v 18.773941040039062 -19.302082061767578 56.721275329589844
v 4.757812023162842 -25.686487197875977 58.03269958496094
v 18.998090744018555 -19.142194747924805 56.273902893066406
v 19.032669067382812 -19.043201446533203 55.34529113769531
v 19.326791763305664 -19.21650505065918 56.21552276611328
v 17.417951583862305 -18.499549865722656 51.329097747802734
v 14.633358001708984 -19.664573669433594 50.71438980102539
v 15.546436309814453 -18.841476440429688 49.472347259521484
v 15.522636413574219 -19.44896125793457 52.11546325683594
v 17.635082244873047 -18.906070709228516 57.44451904296875
v 18.617321014404297 -18.81756591796875 56.32797622680664
v 18.174306869506836 -17.957778930664062 56.20846176147461
v 16.72505760192871 -18.819110870361328 53.92127990722656
v 18.3089599609375 -19.047321319580078 55.33305740356445
v 14.758550643920898 -19.301122665405273 51.72836685180664
v 12.200448036193848 -19.675617218017578 49.61644744873047
v 9.970636367797852 -19.935983657836914 48.24458312988281
v 11.273842811584473 -20.2005615234375 48.338157653808594
v 15.039756774902344 -18.273481369018555 48.02793884277344
v 12.176039695739746 15.395410537719727 24.054767608642578
v 18.13515281677246 19.293739318847656 27.62850570678711
v 7.570069313049316 9.405001640319824 19.667797088623047
v 7.515048027038574 10.659423828125 21.80132293701172
v 8.671804428100586 10.877283096313477 20.372783660888672
v 9.704279899597168 12.443431854248047 22.514129638671875
v 9.766420364379883 11.572088241577148 20.565113067626953
v 10.665056228637695 11.65524673461914 19.671817779541016
v -5.2839131355285645 -26.28605842590332 69.01886749267578
v -4.4327712059021 -26.246736526489258 68.68952178955078
v -4.02932071685791 -26.518144607543945 69.63191986083984
v -4.49043607711792 -25.932523727416992 67.44718170166016
v -2.257676124572754 -26.16119956970215 68.03376770019531
v -2.1971635818481445 -26.30400276184082 69.06290435791016
v -1.8176124095916748 -26.665746688842773 68.53253173828125
v -1.5563406944274902 -26.71659278869629 68.67855072021484
v -0.9943367838859558 -26.24015998840332 69.15795135498047
v -0.22628530859947205 -25.937952041625977 68.60885620117188
v 1.709302544593811 -25.718351364135742 68.86846923828125
v 0.824700653553009 -25.94920539855957 69.05030059814453
v 1.4702014923095703 -26.284074783325195 69.32213592529297
v 1.3434813022613525 -26.426034927368164 69.56655883789062
v -1.0986828804016113 -26.656404495239258 68.6048583984375
v -0.6027851104736328 -26.1561336517334 68.55229187011719
v 0.7494412660598755 -26.33115577697754 69.97588348388672
v -2.225945234298706 -26.3386287689209 68.48994445800781
v -1.5549168586730957 -26.7050724029541 68.1794662475586
v -1.820358395576477 -26.63776206970215 68.20332336425781
v -0.9556902647018433 -26.499326705932617 68.31404876708984
v -11.097286224365234 -25.331329345703125 69.19293212890625
v -9.031317710876465 -25.59287452697754 68.4457778930664
v -10.026773452758789 -25.608606338500977 69.10260772705078
v -11.491177558898926 -24.996931076049805 67.780029296875
v -6.358799457550049 -26.1444034576416 68.24996185302734
v -6.651191234588623 -26.084978103637695 69.00241088867188
v -6.227197170257568 -26.025785446166992 67.86793518066406
v -6.197601795196533 -25.811925888061523 67.38214874267578
v -5.248419284820557 -26.64149284362793 68.1437759399414
v -4.605359077453613 -26.106943130493164 67.85298156738281
v -5.9010396003723145 -26.574209213256836 68.16558074951172
v -1.269846796989441 -26.2018985748291 64.16275024414062
v 0.9817279577255249 -26.165311813354492 61.783447265625
v 5.024982452392578 -25.028772354125977 62.008995056152344
v 0.36592409014701843 -26.92915153503418 59.73339080810547
v 5.333240509033203 -25.590314865112305 59.31624221801758
v -1.6857054233551025 -28.0534610748291 62.59646987915039
v -2.5665440559387207 -26.689321517944336 63.81595230102539
v -2.5026755332946777 -28.134275436401367 62.77210998535156
v -1.2615073919296265 -26.677488327026367 63.279075622558594
v -0.45602935552597046 -26.826326370239258 62.50470733642578
v 0.2600524425506592 -26.383432388305664 62.04787063598633
v -0.48511606454849243 -27.721139907836914 61.84542465209961
v -1.9223653078079224 -26.085298538208008 67.81190490722656
v -1.8208669424057007 -25.871267318725586 67.3314208984375
v -0.9091107249259949 -25.983774185180664 67.94779968261719
v -1.3934146165847778 -26.459680557250977 67.98754119873047
v -2.8278160095214844 -25.926450729370117 66.1712417602539
v -0.15834850072860718 -25.71158790588379 66.38626098632812
v 2.251372814178467 -25.3928279876709 65.54053497314453
v 5.429043769836426 -24.890687942504883 68.78321075439453
v 4.979319095611572 -24.781484603881836 66.08776092529297
v -13.198545455932617 -24.198699951171875 64.67619323730469
v -13.047011375427246 -24.726354598999023 60.731327056884766
v -8.827201843261719 -25.494489669799805 64.5362319946289
v -12.542876243591309 -24.526548385620117 65.16653442382812
v -13.18176555633545 -24.32271385192871 67.25827026367188
v -12.88764476776123 -24.6328125 68.05657958984375
v -8.085491180419922 -26.80678367614746 59.13576889038086
v -8.092711448669434 -26.176061630249023 61.873863220214844
v -7.848119735717773 -26.90462303161621 59.7608642578125
v -6.730010509490967 -25.97450065612793 64.3468017578125
v -6.544302463531494 -26.56966209411621 63.18189239501953
v -7.501722812652588 -27.39082908630371 61.64510726928711
v -7.777640342712402 -26.4760684967041 61.917335510253906
v -7.0900349617004395 -26.551958084106445 62.731239318847656
v -6.249062538146973 -26.323881149291992 63.730438232421875
v -5.96602725982666 -28.04490852355957 62.511104583740234
v -6.694211006164551 -28.133386611938477 61.87790298461914
v -4.622139930725098 -25.89312171936035 66.3704605102539
v -5.161159038543701 -26.859548568725586 63.55495834350586
v -4.115767002105713 -26.15082359313965 65.09008026123047
v -3.8634448051452637 -26.888410568237305 63.72208023071289
v -4.060644626617432 -28.055269241333008 62.896888732910156
v -5.022030830383301 -28.410120010375977 62.39368438720703
v -3.2239444255828857 -28.558271408081055 62.29774856567383
v -5.724078178405762 -26.37028694152832 67.84778594970703
v 6.900668144226074 -24.234373092651367 62.553443908691406
v 8.108477592468262 -24.14638900756836 60.85688018798828
v 6.148278713226318 -24.33152198791504 64.8377456665039
v 6.569018840789795 -24.020606994628906 64.36637115478516
v 6.049627780914307 -24.410017013549805 67.60162353515625
v 6.193434238433838 -24.184919357299805 65.8561019897461
v 6.280490875244141 -23.499061584472656 67.73429107666016
v 6.282525539398193 -24.92886734008789 67.48465728759766
v 6.120513916015625 -24.662647247314453 69.54747772216797
v 6.50931978225708 -24.663089752197266 70.66644287109375
v -21.29624366760254 -21.375165939331055 58.80376052856445
v -22.102739334106445 -20.906387329101562 58.88811492919922
v -23.529714584350586 -20.86516571044922 58.587833404541016
v -19.599655151367188 -22.674392700195312 58.48408889770508
v -26.20294761657715 -20.284297943115234 57.057373046875
v -26.390483856201172 -20.08682632446289 56.74140930175781
v -21.16789436340332 -22.418642044067383 57.10108184814453
v -26.22430419921875 -20.233901977539062 57.45586395263672
v -25.908720016479492 -20.205846786499023 56.60182571411133
v -27.085918426513672 -19.255983352661133 58.903961181640625
v -26.68033218383789 -19.951663970947266 57.01652145385742
v -25.568939208984375 -20.15314483642578 58.46729278564453
v -27.638362884521484 -18.61773681640625 56.78778076171875
v -27.175214767456055 -19.243059158325195 56.52164840698242
v -26.350616455078125 -18.410184860229492 54.867286682128906
v -24.4375057220459 -20.248289108276367 59.29397201538086
v -27.83708953857422 -17.630990982055664 56.14073181152344
v -25.05483627319336 -19.194547653198242 55.18452453613281
v -24.551410675048828 -19.860048294067383 56.189414978027344
v -28.654565811157227 -17.004838943481445 58.47187805175781
v -28.497032165527344 -18.0216064453125 62.213157653808594
v -28.00357437133789 -18.85964012145996 63.32966613769531
v -27.227386474609375 -19.113006591796875 59.882198333740234
v -27.266847610473633 -19.51373291015625 63.20465850830078
v -27.64202308654785 -19.48058319091797 67.00293731689453
v -21.864349365234375 -20.948511123657227 56.208412170410156
v -18.750953674316406 -23.366743087768555 57.66935348510742
v -18.549585342407227 -23.271732330322266 56.95227813720703
v -1.8199516534805298 -28.43092918395996 62.1726188659668
v -1.6259047985076904 -28.57850456237793 61.42808532714844
v -0.9164333343505859 -28.095998764038086 61.92625427246094
v -0.7460829019546509 -28.161699295043945 61.17725372314453
v -1.2346580028533936 -27.898149490356445 59.22650909423828
v -0.31344351172447205 -27.17449378967285 58.72710418701172
v -0.26167744398117065 -27.624067306518555 61.438777923583984
v 0.22730454802513123 -26.872751235961914 60.72541809082031
v -1.6626189947128296 -27.848386764526367 59.093807220458984
v -7.329339027404785 -27.045862197875977 58.50554275512695
v -7.254485607147217 -27.70591163635254 60.06105041503906
v -7.381003379821777 -27.767942428588867 60.97052001953125
v -2.44307804107666 -28.419191360473633 60.65415573120117
v -2.8816161155700684 -28.04841423034668 59.347938537597656
v -6.1671929359436035 -28.526315689086914 61.318241119384766
v -5.375546455383301 -28.65546226501465 60.95610046386719
v -4.800016403198242 -28.670961380004883 61.77384948730469
v -3.2779476642608643 -28.728673934936523 61.610389709472656
v -2.857309341430664 -28.380712509155273 59.769493103027344
v -2.441145896911621 -28.649850845336914 60.79155349731445
v -6.706212520599365 -28.298540115356445 61.26189422607422
v -5.627665042877197 -28.4842586517334 60.79735565185547
v -4.776828289031982 -28.226186752319336 59.289459228515625
v -0.9375872015953064 -27.11421775817871 58.18598556518555
v -13.103048324584961 -25.147611618041992 57.49278259277344
v -10.538333892822266 -24.47602653503418 56.239906311035156
v -7.620612621307373 -24.89125633239746 56.1475715637207
v -10.027079582214355 -25.995996475219727 57.66905975341797
v -4.84242582321167 -25.031415939331055 56.0960807800293
v -4.799202919006348 -26.303945541381836 57.39886474609375
v -2.0632221698760986 -26.493459701538086 57.61949920654297
v -1.9521639347076416 -24.916337966918945 56.15117263793945
v -2.633565664291382 -27.450429916381836 58.15570831298828
v -1.9904037714004517 -27.802053451538086 58.87665939331055
v -2.0804097652435303 -27.717496871948242 58.449398040771484
v 0.8901965022087097 -26.172136306762695 57.71947479248047
v -5.124444961547852 -27.705778121948242 58.33257293701172
v -6.573695182800293 -27.937177658081055 59.56871032714844
v -5.97141695022583 -27.718984603881836 58.58002471923828
v -6.596577167510986 -28.26222801208496 60.84898376464844
v -6.301438808441162 -27.847349166870117 59.36914825439453
v -6.039556980133057 -27.739866256713867 58.92072296142578
v -5.711874485015869 -27.59001350402832 58.85469436645508
v -5.010640621185303 -27.91550636291504 58.69491195678711
v -4.651328086853027 -26.331289291381836 59.70459747314453
v -5.24485969543457 -26.775541305541992 59.236778259277344
v -2.8290364742279053 -28.004491806030273 58.91228485107422
v -2.4456207752227783 -27.873018264770508 58.76346969604492
v -5.7038397789001465 -26.74724006652832 59.43675994873047
v -4.877716064453125 -28.030168533325195 59.213409423828125
v -4.584510326385498 -26.222196578979492 60.60606002807617
v -4.748656749725342 -26.52716636657715 60.83836364746094
v -2.806356906890869 -27.79036521911621 59.119712829589844
v -12.90859603881836 -23.824108123779297 56.20399856567383
v -3.695840358734131 -23.705411911010742 56.075626373291016
v 2.8266992568969727 -26.1747989654541 71.78319549560547
v 4.9203314781188965 -25.717937469482422 73.13227844238281
v -8.397512435913086 -26.46327781677246 76.11410522460938
v -2.773608922958374 -26.794580459594727 74.89990234375
v -0.33968275785446167 -26.655607223510742 74.53711700439453
v -4.438771724700928 -26.89332389831543 72.5745849609375
v -4.156956195831299 -26.93644905090332 71.32006072998047
v -3.3581905364990234 -26.734373092651367 70.70951080322266
v -2.065459728240967 -26.846357345581055 72.1054458618164
v -8.685633659362793 -26.403654098510742 70.47405242919922
v -4.766251087188721 -27.027963638305664 72.29122924804688
v -0.2374725341796875 -26.622995376586914 71.05345916748047
v 1.2292702198028564 -26.536401748657227 72.18590545654297
v 1.9042648077011108 -26.2296199798584 69.4848403930664
v 2.067800998687744 -26.61517906188965 70.78788757324219
v -5.416735649108887 -26.830533981323242 74.51444244384766
v 2.658789873123169 -26.477617263793945 70.82237243652344
v 3.3329710960388184 -26.065317153930664 71.01571655273438
v -6.188448429107666 -26.18855857849121 68.70845031738281
v -8.153326988220215 -25.922895431518555 78.04147338867188
v 3.8629391193389893 -25.48931312561035 69.91698455810547
v -24.154977798461914 -18.682979583740234 55.72060775756836
v -23.885875701904297 -19.222585678100586 56.158790588378906
v -26.97221565246582 -20.127975463867188 69.10765075683594
v -27.114295959472656 -20.546384811401367 68.72158813476562
v -27.183759689331055 -21.19708824157715 69.01040649414062
v -26.820070266723633 -20.06009292602539 68.79683685302734
v -26.582395553588867 -20.01434898376465 68.73221588134766
v -26.50967788696289 -19.61026954650879 67.85953521728516
v -26.38692283630371 -19.643293380737305 68.49330139160156
v -26.188199996948242 -20.086877822875977 68.54767608642578
v -26.567649841308594 -20.444520950317383 68.51332092285156
v -26.849260330200195 -19.576309204101562 65.51285552978516
v -26.783864974975586 -19.5972900390625 66.50833892822266
v -26.644737243652344 -20.31662940979004 65.65321350097656
v -23.062599182128906 -20.390581130981445 59.13271713256836
v -22.248476028442383 -21.601911544799805 59.29231262207031
v -25.910755157470703 -19.26088523864746 61.6135368347168
v -25.27623748779297 -19.244064331054688 60.70241928100586
v -24.54510498046875 -21.288333892822266 60.85167694091797
v -26.125652313232422 -19.279029846191406 62.108238220214844
v -26.063817977905273 -19.72213363647461 60.947967529296875
v -25.384449005126953 -19.895910263061523 60.018672943115234
v -25.83061408996582 -20.674327850341797 62.38337707519531
v -24.508390426635742 -19.592281341552734 59.890586853027344
v -26.852209091186523 -19.631088256835938 63.2878532409668
v -26.6353816986084 -19.449819564819336 63.54874801635742
v -26.415706634521484 -19.377506256103516 62.85496139526367
v -24.02713966369629 -19.82890510559082 59.57985305786133
v -26.151382446289062 -21.173410415649414 63.99533462524414
v -15.882251739501953 -24.234012603759766 79.77598571777344
v -14.32204532623291 -25.131912231445312 78.26970672607422
v -12.551114082336426 -25.46230125427246 77.490478515625
v -10.77763843536377 -25.563194274902344 78.24494171142578
v -17.36872673034668 -24.182376861572266 75.41585540771484
v -14.917612075805664 -24.703168869018555 72.70487976074219
v -15.236446380615234 -24.851289749145508 73.715576171875
v -14.63071060180664 -25.14031982421875 74.30229949951172
v -11.452327728271484 -25.934934616088867 71.85536193847656
v -12.8615083694458 -25.32284927368164 71.65206909179688
v -15.467004776000977 -24.872875213623047 78.61376953125
v -8.425580978393555 -26.741201400756836 73.21607971191406
v -9.628509521484375 -26.397436141967773 74.5242691040039
v -13.92337417602539 -24.797163009643555 71.04945373535156
v -9.756146430969238 -26.609743118286133 70.72056579589844
v -10.109763145446777 -26.46846580505371 70.3499526977539
v -9.953752517700195 -26.241159439086914 71.44194030761719
v -13.250008583068848 -24.542423248291016 68.86495971679688
v -7.615221977233887 -26.62150764465332 73.96942901611328
v -8.55728530883789 -26.041135787963867 77.18952941894531
v -7.483213424682617 -25.693754196166992 79.10287475585938
v -17.167558670043945 -24.225975036621094 77.50565338134766
v -13.360150337219238 -24.040958404541016 67.24864196777344
v -13.334521293640137 -23.965242385864258 65.57062530517578
v -9.20766830444336 -22.725801467895508 56.061424255371094
v -10.52968978881836 -23.040143966674805 56.10106658935547
v -9.854897499084473 -22.813596725463867 56.10942459106445
v -9.622407913208008 -21.699983596801758 56.086517333984375
v -9.231568336486816 -21.575393676757812 56.0787467956543
v -9.907478332519531 -21.10134506225586 56.13673400878906
v -8.967652320861816 -21.060327529907227 56.09136199951172
v -7.609628677368164 -17.100534439086914 56.13250732421875
v -9.357678413391113 -22.39652442932129 56.0909423828125
v -6.492842197418213 -23.256052017211914 54.44339370727539
v -5.52382755279541 -23.388980865478516 54.54673767089844
v -6.2345194816589355 -23.58552360534668 56.011592864990234
v -3.9794867038726807 -23.613849639892578 55.46320343017578
v -15.42500114440918 -20.926748275756836 56.31988525390625
v -14.843064308166504 -21.540847778320312 56.30371856689453
v -23.048057556152344 -17.909908294677734 56.34129333496094
v -14.989718437194824 -19.543485641479492 56.324913024902344
v -15.369573593139648 -23.107954025268555 61.1232795715332
v -14.520668983459473 -23.691856384277344 61.86536407470703
v -14.659695625305176 -23.27826499938965 61.94017791748047
v -13.47385311126709 -23.604007720947266 64.95032501220703
v -13.774787902832031 -23.514894485473633 63.751548767089844
v -13.653966903686523 -23.945119857788086 63.588531494140625
v -14.071045875549316 -23.421688079833984 63.02464294433594
v -14.867371559143066 -24.197751998901367 63.03358459472656
v -13.346826553344727 -23.5579891204834 66.07119750976562
v -13.414968490600586 -23.471160888671875 67.39875030517578
v -7.66464900970459 -26.834985733032227 73.37995910644531
v -9.271333694458008 -26.23145866394043 69.16999053955078
v -8.99856948852539 -26.146650314331055 68.95276641845703
v -9.509112358093262 -26.628332138061523 70.39118957519531
v -8.319913864135742 -25.88825035095215 68.81546783447266
v -8.678513526916504 -26.329511642456055 69.18085479736328
v -8.389782905578613 -22.88408088684082 54.85731887817383
v -7.484942436218262 -23.053537368774414 54.48603439331055
v -12.986193656921387 -22.53876304626465 56.150909423828125
v -12.15793514251709 -22.864036560058594 56.18888854980469
v -11.237330436706543 -22.735692977905273 54.961822509765625
v -14.083555221557617 -21.66604995727539 55.017662048339844
v -10.258349418640137 -22.7066593170166 55.135215759277344
v -16.781803131103516 -23.212528228759766 59.8045539855957
v -18.056127548217773 -22.560455322265625 59.40987777709961
v -16.62589454650879 -22.882795333862305 60.100467681884766
v -14.686545372009277 -23.97115135192871 60.863861083984375
v -15.420222282409668 -23.41854476928711 60.87916946411133
v -6.348934173583984 -28.192914962768555 60.96757507324219
v -6.033048629760742 -28.298715591430664 61.027591705322266
v -18.925880432128906 -22.331003189086914 59.11196517944336
v -27.994829177856445 -17.289655685424805 81.58438873291016
v -26.847326278686523 -18.151809692382812 81.71859741210938
v -27.177350997924805 -18.65626335144043 76.49999237060547
v -28.359634399414062 -18.04558563232422 71.4947738647461
v -27.507369995117188 -19.057294845581055 73.7782974243164
v -28.037443161010742 -18.986257553100586 68.03260040283203
v -27.31170082092285 -19.735897064208984 71.269287109375
v -30.318408966064453 -15.478961944580078 80.85362243652344
v -28.689247131347656 -17.320768356323242 79.26825714111328
v -28.454824447631836 -16.530147552490234 82.47978973388672
v -30.53615379333496 -16.60480499267578 73.18525695800781
v -30.696640014648438 -16.26036834716797 75.82654571533203
v -31.83051109313965 -15.499670028686523 73.96315002441406
v -32.18534469604492 -15.313629150390625 71.09680938720703
v -30.01035499572754 -16.974145889282227 69.26367950439453
v -28.876989364624023 -17.394926071166992 63.801063537597656
v -32.318477630615234 -15.085103988647461 65.99211883544922
v -27.373939514160156 -16.65987777709961 84.06002044677734
v -35.92115783691406 -10.964838027954102 60.520263671875
v -29.007780075073242 -16.285398483276367 82.18232727050781
v -31.384241104125977 -14.67559814453125 80.0355453491211
v -31.890005111694336 -15.112726211547852 76.50508880615234
v -31.447399139404297 -16.11033821105957 81.8811264038086
v -31.594663619995117 -14.596086502075195 80.1556625366211
v -30.604902267456055 -15.41375732421875 80.97665405273438
v -34.59486770629883 -12.808547973632812 71.7264404296875
v -33.37179946899414 -13.384941101074219 77.14360046386719
v -34.35149383544922 -12.890531539916992 73.7403564453125
v -34.79877853393555 -12.64579963684082 67.79103088378906
v -32.71470260620117 -13.39213752746582 79.49263000488281
v -32.84223556518555 -14.466035842895508 80.54257202148438
v -34.31772994995117 -13.05221176147461 64.45558166503906
v -37.851558685302734 -18.55499267578125 92.69210052490234
v -38.57170867919922 -18.767229080200195 96.71372985839844
v -38.147308349609375 -18.867876052856445 97.45844268798828
v -34.72199249267578 -19.377817153930664 93.47212219238281
v -36.368743896484375 -19.12492561340332 94.04883575439453
v -36.268062591552734 -19.099061965942383 91.96060180664062
v -35.611270904541016 -19.321836471557617 92.64568328857422
v -38.96895217895508 -17.916202545166016 93.35591125488281
v -37.87322235107422 -18.10145378112793 90.9350814819336
v -34.73003005981445 -19.130016326904297 89.87303924560547
v -34.68903732299805 -19.1416015625 91.2174301147461
v -33.99736785888672 -19.195280075073242 90.45686340332031
v -33.783287048339844 -19.129117965698242 89.46558380126953
v -33.31128692626953 -18.919771194458008 88.65377807617188
v -34.03031921386719 -19.394350051879883 91.93305206298828
v -36.2967414855957 -18.801780700683594 90.4407958984375
v -40.75890350341797 -17.634754180908203 99.28520202636719
v -40.68741226196289 -17.526079177856445 100.38328552246094
v -39.66246032714844 -18.353363037109375 99.0997085571289
v -38.616355895996094 -18.492321014404297 99.20494079589844
v -32.01346969604492 -19.0787353515625 89.1685791015625
v -32.6963996887207 -19.16203498840332 91.81614685058594
v -32.84508514404297 -19.32200050354004 91.1518783569336
v -31.625885009765625 -18.981571197509766 89.70841979980469
v -30.703655242919922 -18.80036735534668 88.62877655029297
v -33.13178253173828 -18.998037338256836 94.05810546875
v -34.41729736328125 -19.210012435913086 93.97537994384766
v -32.59886932373047 -19.119943618774414 92.85538482666016
v -31.13771629333496 -18.93062973022461 91.67251586914062
v -32.43461990356445 -18.067811965942383 95.5716552734375
v -30.23114776611328 -18.63762664794922 89.88417053222656
v -31.431228637695312 -18.84703254699707 88.88362121582031
v -30.404346466064453 -18.797651290893555 89.25725555419922
v -36.39345932006836 -19.03437042236328 96.36677551269531
v -33.63948059082031 -19.318477630615234 90.58890533447266
v -37.10801696777344 -18.69756507873535 97.96766662597656
v -35.63720703125 -18.20741081237793 97.9142837524414
v -37.135475158691406 -17.788959503173828 99.56035614013672
v -37.260772705078125 -17.034950256347656 100.4097900390625
v -40.15642547607422 -17.796098709106445 100.49607849121094
v -38.95359802246094 -18.02637481689453 100.25370788574219
v -39.465667724609375 -17.71890640258789 100.83256530761719
v -27.717994689941406 -17.48505973815918 87.33895874023438
v -26.290205001831055 -16.389202117919922 86.0245361328125
v -25.237083435058594 -16.037351608276367 87.31147003173828
v -27.755319595336914 -17.02556037902832 85.64768981933594
v -27.118566513061523 -16.58561134338379 85.32316589355469
v -27.805255889892578 -16.60268783569336 83.947265625
v -26.948928833007812 -16.59831428527832 84.85481262207031
v -28.098464965820312 -17.212278366088867 85.38196563720703
v -28.925195693969727 -18.16553497314453 87.76634979248047
v -29.24698257446289 -18.12856101989746 87.24858093261719
v -30.661954879760742 -18.502065658569336 87.70919036865234
v -29.2714900970459 -17.875696182250977 86.7713623046875
v -29.752944946289062 -18.06110382080078 86.20988464355469
v -29.84732437133789 -17.221696853637695 84.22203826904297
v -30.894041061401367 -17.09131622314453 83.4261474609375
v -29.36027717590332 -16.93498420715332 83.37055969238281
v -30.654430389404297 -16.476226806640625 82.4372787475586
v -31.098970413208008 -17.279958724975586 83.92243957519531
v -30.637853622436523 -17.8865966796875 85.099365234375
v -31.543001174926758 -17.77408218383789 84.95674896240234
v -26.775527954101562 -20.219533920288086 71.28266143798828
v -26.661724090576172 -19.875410079956055 74.8787841796875
v -26.001171112060547 -20.652986526489258 74.04750061035156
v -24.650468826293945 -21.34453773498535 75.03706359863281
v -24.51927375793457 -21.31267547607422 75.98125457763672
v -25.370820999145508 -21.278432846069336 78.27853393554688
v -25.11046600341797 -21.09288787841797 78.25479888916016
v -24.952829360961914 -21.54541778564453 78.17488098144531
v -25.158573150634766 -18.155025482177734 84.14137268066406
v -39.16473388671875 -17.05782127380371 91.21052551269531
v -36.392547607421875 -18.045351028442383 88.27201843261719
v -34.63188552856445 -18.656187057495117 88.14395904541016
v -33.122222900390625 -18.827434539794922 87.82392883300781
v -38.19703674316406 -16.329288482666016 87.65774536132812
v -37.85176086425781 -17.484952926635742 89.19336700439453
v -37.120323181152344 -17.150562286376953 87.37495422363281
v -34.09601593017578 -13.102079391479492 80.29208374023438
v -35.760467529296875 -17.806806564331055 87.04676055908203
v -34.82044219970703 -17.53390121459961 85.75394439697266
v -33.58303451538086 -18.38739585876465 86.69862365722656
v -32.119140625 -17.686927795410156 84.64533996582031
v -37.909934997558594 -15.212203979492188 85.82843017578125
v -35.84132385253906 -16.620424270629883 85.17241668701172
v -33.89200210571289 -16.91567611694336 84.13124084472656
v -35.60557556152344 -15.629110336303711 83.75764465332031
v -36.848575592041016 -14.934173583984375 84.27063751220703
v -32.16938018798828 -16.76288414001465 83.19226837158203
v -32.11995315551758 -18.694318771362305 87.21713256835938
v -30.006181716918945 -18.154193878173828 86.85563659667969
v -31.117578506469727 -18.243532180786133 86.50372314453125
v -31.584796905517578 -18.16953468322754 86.00057220458984
v -30.926483154296875 -18.22962760925293 85.91534423828125
v -25.610532760620117 -18.952438354492188 54.74318313598633
v -24.92974090576172 -19.103086471557617 54.86394119262695
v -23.855772018432617 -19.091859817504883 53.81182861328125
v 13.406123161315918 -19.026084899902344 47.46269226074219
v 10.26943588256836 -18.481918334960938 44.30350875854492
v 15.514196395874023 -15.735662460327148 42.800804138183594
v 11.22594165802002 -20.047277450561523 47.52458190917969
v 10.784149169921875 -19.353540420532227 45.745758056640625
v 6.580714225769043 -20.737794876098633 45.45289611816406
v 8.111529350280762 -20.684429168701172 46.68623352050781
v 7.373377799987793 -20.07221031188965 44.61130905151367
v -10.4795503616333 -0.9111247062683105 24.700698852539062
v -7.59437370300293 1.8168649673461914 23.103317260742188
v -7.6128830909729 -0.9434137344360352 24.33355712890625
v -5.12861442565918 -1.0919766426086426 24.216381072998047
v -2.9053127765655518 1.043816089630127 23.18375015258789
v -13.31326675415039 -20.718847274780273 45.92681121826172
v -9.721261978149414 -21.150968551635742 44.73268127441406
v -7.359951019287109 -21.445058822631836 44.665191650390625
v -3.7698793411254883 -20.88174057006836 45.07264709472656
v -8.332931518554688 -20.86497688293457 45.34123229980469
v -3.699908494949341 -21.405609130859375 44.807861328125
v -13.380593299865723 -20.4876708984375 46.45804214477539
v -8.037487983703613 -21.008337020874023 43.893165588378906
v 0.8164625763893127 -21.507312774658203 44.93721008300781
v -3.1688220500946045 -21.647933959960938 44.369956970214844
v 0.010374747216701508 -21.56424903869629 44.58221435546875
v 0.3058183789253235 -20.89678955078125 45.364402770996094
v 2.3733131885528564 -21.411136627197266 44.99163055419922
v -2.028033494949341 -20.635473251342773 42.818172454833984
v 1.5915319919586182 -20.383543014526367 42.98999786376953
v -4.420363426208496 -20.91454315185547 43.19280242919922
v -5.005759239196777 -21.53652000427246 44.25897216796875
v 5.365886688232422 -20.41249656677246 46.40878677368164
v 5.239065170288086 -20.22102165222168 43.83621597290039
v -20.52961540222168 -19.654197692871094 49.91040802001953
v -19.966899871826172 -19.15587043762207 47.791107177734375
v -17.16257667541504 -20.124948501586914 47.40538024902344
v -16.735836029052734 -19.276363372802734 45.23345947265625
v -15.888760566711426 -19.967145919799805 45.872581481933594
v -13.903847694396973 -20.51796531677246 45.6573371887207
v -12.724617004394531 -19.92694664001465 43.832489013671875
v -11.088032722473145 -20.017269134521484 43.29803466796875
v 6.958231449127197 -19.098058700561523 43.314056396484375
v -22.187761306762695 -19.361164093017578 51.91603088378906
v -23.360992431640625 -18.67808723449707 50.91737747192383
v -16.925813674926758 -19.984315872192383 48.11128616333008
v -16.639827728271484 -20.233531951904297 47.5132942199707
v -17.995920181274414 -19.138187408447266 49.06625747680664
v -19.436830520629883 -18.760635375976562 50.1751594543457
v -18.62555503845215 -19.56583023071289 49.354103088378906
v 7.51576042175293 -1.6482110023498535 25.591445922851562
v 12.48755168914795 0.27887916564941406 25.943466186523438
v 11.849882125854492 -4.787440776824951 28.857566833496094
v 11.56308364868164 0.07239294052124023 25.76620101928711
v 14.73221206665039 0.709867000579834 26.805065155029297
v 16.325265884399414 -3.3471121788024902 29.820880889892578
v 17.943647384643555 -7.654208660125732 33.75892639160156
v 6.53433895111084 -9.015861511230469 30.399974822998047
v 11.340152740478516 -8.583841323852539 31.48421859741211
v 6.929551601409912 -4.161825656890869 26.946002960205078
v 15.750753402709961 -8.69504165649414 33.477333068847656
v 13.260586738586426 -9.15591812133789 32.734771728515625
v 16.65874671936035 -5.714491367340088 31.522789001464844
v -23.31075096130371 -18.8548641204834 53.634639739990234
v -8.067490577697754 13.805031776428223 21.705829620361328
v 15.73061752319336 -10.378654479980469 35.157405853271484
v 17.918729782104492 -11.967199325561523 38.53954315185547
v 15.874015808105469 -13.187919616699219 38.80833435058594
v 17.74512481689453 -9.996519088745117 35.94102478027344
v 13.844457626342773 -14.391996383666992 39.261512756347656
v 6.99240255355835 -10.586099624633789 31.829784393310547
v 8.689194679260254 -14.858854293823242 37.14253234863281
v 6.67133092880249 -13.507596969604492 34.74116897583008
v 9.410565376281738 -12.650779724121094 34.71120834350586
v 12.378832817077637 -10.49913215637207 33.62126159667969
v 1.568852424621582 -10.783342361450195 31.02301788330078
v 11.777570724487305 -13.95882797241211 37.39357376098633
v 4.33880090713501 -12.025110244750977 32.5868034362793
v -4.354562759399414 -10.818281173706055 30.804641723632812
v -1.519423007965088 -6.226372241973877 27.220703125
v 1.579530954360962 -8.526649475097656 29.189300537109375
v -2.7983224391937256 -12.908679962158203 32.65421676635742
v 1.555326223373413 -13.378131866455078 33.47161865234375
v 5.411856651306152 -15.49853515625 36.787437438964844
v 1.1339757442474365 -15.392492294311523 35.678672790527344
v 4.584410667419434 -5.690144062042236 27.512977600097656
v 5.4098219871521 -17.657564163208008 40.09546661376953
v 1.0294262170791626 -17.70512580871582 38.87018585205078
v -3.3170013427734375 -14.653339385986328 34.49443054199219
v 1.9764728546142578 -19.204830169677734 41.729835510253906
v 4.131939888000488 -19.397310256958008 42.58582305908203
v 10.682042121887207 -17.041322708129883 41.699981689453125
v -1.1577715873718262 -16.69721794128418 37.080596923828125
v -10.531417846679688 -8.968355178833008 30.029006958007812
v -8.306896209716797 -5.650644779205322 27.182388305664062
v -4.98033332824707 -5.745728015899658 26.927288055419922
v -5.540201663970947 -8.626319885253906 29.09966278076172
v -11.433919906616211 -4.806943416595459 27.14764404296875
v -6.462433338165283 -3.380262851715088 25.53778076171875
v -2.262455940246582 -4.030062198638916 25.768287658691406
v -1.3243589401245117 -1.8913350105285645 24.57836151123047
v -20.333127975463867 -18.260787963867188 46.799766540527344
v -22.302480697631836 -18.590225219726562 49.288978576660156
v -10.918901443481445 -14.20970344543457 35.05922317504883
v -9.16556453704834 -10.890813827514648 31.365333557128906
v -7.12115478515625 -12.78524398803711 32.8115234375
v -8.788249969482422 -16.114328384399414 36.90560531616211
v -6.03691291809082 -15.409353256225586 35.54588317871094
v -12.412494659423828 -16.05998992919922 37.88916015625
v -9.460092544555664 -17.41065788269043 38.98633575439453
v -14.782550811767578 -16.118228912353516 38.97686767578125
v -12.826114654541016 -18.726892471313477 42.54233932495117
v -5.112037181854248 -17.50108528137207 38.258907318115234
v -10.332693099975586 -19.156497955322266 42.195579528808594
v -6.452771186828613 -19.20503044128418 41.35310363769531
v -3.790524482727051 -19.620738983154297 41.69139862060547
v -12.810351371765137 -8.900306701660156 30.475990295410156
v -12.56118106842041 -11.78594970703125 32.92693328857422
v -18.347095489501953 -18.48447036743164 45.45146179199219
v -15.233598709106445 -18.765085220336914 43.815589904785156
v -2.1478381156921387 -18.11673355102539 39.16792297363281
v -6.390326499938965 -20.478103637695312 42.78395462036133
v 4.460538387298584 -1.9500079154968262 25.171794891357422
v 10.443856239318848 0.24746227264404297 25.329315185546875
v 2.166858196258545 -3.929535388946533 25.994945526123047
v -12.291570663452148 3.5443339347839355 22.974323272705078
v 20.440628051757812 -12.220380783081055 40.96341323852539
v 20.97100257873535 -9.471559524536133 37.67383575439453
v 0.6303485631942749 -1.0377516746520996 24.24956512451172
v 2.63336443901062 1.4198851585388184 23.343765258789062
v 7.272082328796387 2.372076988220215 23.569686889648438
v -21.25617218017578 -18.583755493164062 51.79458999633789
v -32.08985137939453 -14.959463119506836 61.9166374206543
v -24.795291900634766 -17.716716766357422 51.24000549316406
v -28.282949447631836 -16.88431739807129 56.188873291015625
v -31.131107330322266 -15.051231384277344 57.31321716308594
v -30.808305740356445 -14.336235046386719 52.738792419433594
v -27.406484603881836 -16.147323608398438 50.99479293823242
v -32.04713439941406 -13.768980026245117 54.625213623046875
v -33.73802947998047 -12.752992630004883 56.7206916809082
v -33.765689849853516 -12.264236450195312 54.94994354248047
v -30.752267837524414 -13.356443405151367 49.154170989990234
v -34.63269805908203 -12.308479309082031 59.30659103393555
v -34.688026428222656 -12.468408584594727 58.966793060302734
v -34.12907409667969 -12.742361068725586 58.0993537902832
v -33.966957092285156 -12.849266052246094 58.821739196777344
v -35.996517181396484 -11.014299392700195 60.334293365478516
v -35.34572982788086 -12.086105346679688 59.60601043701172
v -34.91959762573242 -12.167011260986328 59.40776824951172
v -23.514358520507812 -17.77865982055664 49.449951171875
v -13.540874481201172 -5.342090129852295 28.019489288330078
v -12.813706398010254 -3.3498692512512207 26.523174285888672
v -17.578128814697266 -5.183032512664795 29.187191009521484
v -17.33150291442871 0.43981409072875977 25.558189392089844
v -16.609420776367188 0.32649660110473633 25.434040069580078
v -19.719154357910156 0.6111435890197754 26.554058074951172
v -16.385879516601562 -9.308345794677734 31.88456916809082
v -19.533140182495117 -10.41264533996582 34.21712875366211
v -20.698745727539062 -7.649240016937256 32.269859313964844
v -23.20009994506836 -5.201574802398682 31.6887149810791
v -22.970151901245117 -7.947726726531982 33.69843292236328
v -23.764341354370117 -10.098905563354492 36.27755355834961
v -32.64483642578125 -10.805269241333008 46.57145690917969
v -34.621307373046875 -10.129655838012695 49.678672790527344
v -36.5704231262207 -8.623340606689453 51.43607711791992
v -36.21609115600586 -8.801078796386719 51.08607482910156
v -36.21487045288086 -10.049684524536133 51.98049545288086
v -34.952552795410156 -10.891517639160156 52.88632583618164
v -35.09147644042969 -11.057271957397461 52.93999481201172
v -35.97079086303711 -9.537246704101562 51.83643341064453
v -35.18626022338867 -10.371526718139648 52.31913757324219
v -32.77857208251953 -12.043573379516602 50.068885803222656
v -38.460243225097656 -13.164571762084961 51.95245361328125
v -37.068660736083984 -8.505096435546875 51.4615478515625
v -37.15480422973633 -13.16611099243164 52.24609375
v -39.47949981689453 -12.930534362792969 52.045936584472656
v -39.794166564941406 -15.491975784301758 51.913291931152344
v -38.904884338378906 -15.420419692993164 51.893287658691406
v -36.04045486450195 -13.795759201049805 53.06016540527344
v -34.17565155029297 -12.060321807861328 54.60810089111328
v -30.399057388305664 -12.75724983215332 46.86192321777344
v -37.99455261230469 -15.463045120239258 52.06725311279297
v -37.02024841308594 -15.544113159179688 52.51121520996094
v -38.191650390625 -16.340415954589844 51.65776062011719
v -36.21477127075195 -15.478780746459961 53.16089630126953
v -21.044530868530273 15.611051559448242 25.5521240234375
v -18.400590896606445 16.61606788635254 24.54358673095703
v -21.189863204956055 -12.806438446044922 37.89794921875
v -20.35906219482422 -11.719680786132812 36.08304214477539
v -17.698137283325195 -13.757232666015625 37.144386291503906
v -24.08490562438965 -11.0716552734375 37.616092681884766
v -21.29024314880371 -14.725015640258789 40.75611877441406
v -26.359159469604492 -12.659589767456055 41.60770797729492
v -26.913637161254883 -9.573667526245117 37.95006561279297
v -28.88929557800293 -10.33043098449707 40.685646057128906
v -28.06723976135254 -12.263799667358398 42.68819046020508
v -22.007850646972656 -15.847558975219727 43.250022888183594
v -18.026124954223633 -16.565364837646484 41.57111358642578
v -27.12273597717285 -15.235971450805664 47.77507019042969
v -25.827056884765625 -15.068954467773438 45.64756774902344
v -25.40194320678711 -14.12844467163086 43.22386932373047
v -27.491607666015625 -13.559480667114258 44.4395751953125
v -14.012567520141602 -14.606796264648438 36.558265686035156
v -15.914186477661133 -12.032892227172852 34.310909271240234
v -30.0108642578125 -10.274066925048828 41.80476379394531
v -31.02177619934082 -11.354532241821289 44.90835952758789
v 41.21707534790039 -24.008426666259766 55.902610778808594
v 42.052452087402344 -24.252742767333984 56.5419921875
v 43.10008239746094 -26.763113021850586 57.71435546875
v 43.617950439453125 -26.556581497192383 58.43598175048828
v 42.412479400634766 -23.792795181274414 57.15889358520508
v 36.75704574584961 -16.411325454711914 55.945526123046875
v 37.87576675415039 -17.0974063873291 56.6695671081543
v 37.185821533203125 -17.474761962890625 55.93832015991211
v 36.25138854980469 -17.77814483642578 55.53480529785156
v 37.17972183227539 -18.593557357788086 55.251365661621094
v 36.88600540161133 -19.445398330688477 54.906986236572266
v 38.0637092590332 -18.84710693359375 55.380760192871094
v 37.69341278076172 -19.575965881347656 54.95869827270508
v 38.16754913330078 -18.048051834106445 55.98567199707031
v 39.64670181274414 -18.95623016357422 56.48761749267578
v 38.86857986450195 -19.44244956970215 55.43874740600586
v 38.90000534057617 -20.39712142944336 55.05009460449219
v 38.465232849121094 -16.963319778442383 57.706092834472656
v 39.30437088012695 -17.722801208496094 57.90341567993164
v 40.07689666748047 -21.5598201751709 55.31521987915039
v 40.27765655517578 -20.57578468322754 55.86545944213867
v 40.67378616333008 -19.887340545654297 57.04019546508789
v 40.46824645996094 -19.218687057495117 57.70478057861328
v 41.31308364868164 -21.743268966674805 56.418033599853516
v 41.49970245361328 -20.859651565551758 57.821224212646484
v 40.89519119262695 -22.615039825439453 55.66472244262695
v 42.062217712402344 -21.805532455444336 58.415958404541016
v 43.44434356689453 -25.71404266357422 58.46275329589844
v 39.4796028137207 -21.99341583251953 55.01556396484375
v 35.26803207397461 -5.995815753936768 59.48927307128906
v 41.313995361328125 -20.255882263183594 59.23096466064453
v 41.04835510253906 -19.992328643798828 60.12830352783203
v 41.8548469543457 -21.593910217285156 60.486568450927734
v 41.39495086669922 -21.336875915527344 61.588260650634766
v 42.17927551269531 -22.63101577758789 61.09284591674805
v 42.48753356933594 -22.707454681396484 58.946678161621094
v 37.067134857177734 -13.769998550415039 56.93672180175781
v 35.59886932373047 -6.841441631317139 56.59489822387695
v 37.61469650268555 -14.08241081237793 58.51295471191406
v 35.628360748291016 -8.392406463623047 60.380836486816406
v 37.01923370361328 -13.858118057250977 60.69053268432617
v 37.685176849365234 -15.131755828857422 60.24809646606445
v 36.35329055786133 -15.435739517211914 62.02507781982422
v 37.952144622802734 -16.93216323852539 61.12343978881836
v 37.0976448059082 -16.95553970336914 61.98739242553711
v 35.39515686035156 -15.338401794433594 62.50923156738281
v 36.56879806518555 -17.127059936523438 62.38427734375
v 38.61839294433594 -16.80132293701172 59.02960968017578
v 34.378753662109375 -15.969470977783203 62.78871536254883
v 35.20212936401367 -17.40745735168457 62.87898254394531
v 38.505096435546875 -16.80556869506836 59.84089660644531
v 39.446449279785156 -17.701677322387695 58.86425018310547
v 40.060420989990234 -18.555086135864258 59.937129974365234
v 39.48305892944336 -18.400501251220703 61.19373321533203
v 39.15679931640625 -18.99370002746582 62.539024353027344
v 40.86488342285156 -20.877723693847656 62.194305419921875
v 37.88797378540039 -18.789796829223633 63.492706298828125
v 39.515201568603516 -20.26507568359375 63.520694732666016
v 36.31433868408203 -20.03773307800293 65.42840576171875
v 37.252132415771484 -19.54072380065918 64.60580444335938
v 38.423736572265625 -20.349523544311523 64.58797454833984
v 37.69982147216797 -21.006267547607422 65.61093139648438
v 39.943668365478516 -22.25870704650879 64.66998291015625
v 40.69554901123047 -21.805599212646484 63.40497970581055
v 35.045711517333984 -18.656312942504883 64.32710266113281
v 33.7458610534668 -19.315027236938477 64.87702178955078
v 33.71535110473633 -17.722288131713867 62.771121978759766
v 32.76860809326172 -19.59600830078125 64.77175903320312
v 34.44465255737305 -20.524335861206055 66.00049591064453
v 38.3324089050293 -23.651782989501953 67.01345825195312
v 43.89762878417969 -26.887521743774414 60.54594421386719
v 43.23880386352539 -25.243865966796875 60.92936706542969
v 41.65856170654297 -23.0601863861084 62.77339172363281
v 43.850643157958984 -26.58637809753418 59.285396575927734
v 44.4037971496582 -28.66416358947754 60.145225524902344
v 44.286128997802734 -28.65224266052246 59.58050537109375
v 44.39291763305664 -29.0846004486084 60.83798599243164
v 43.848812103271484 -31.164648056030273 60.16749572753906
v 44.39841079711914 -30.107397079467773 60.20568084716797
v 44.233856201171875 -30.511381149291992 60.564884185791016
v 43.799285888671875 -31.061777114868164 59.382835388183594
v 43.87210464477539 -30.36610984802246 59.21632385253906
v 43.89793395996094 -28.8968448638916 59.176517486572266
v 44.46847915649414 -29.514455795288086 60.173133850097656
v 43.76805877685547 -30.905431747436523 60.79385757446289
v 43.95326232910156 -27.85308265686035 58.867679595947266
v 43.32972717285156 -30.1961612701416 58.697227478027344
v 36.54367446899414 -21.3686466217041 66.36407470703125
v 43.509639739990234 -27.68745994567871 61.93235397338867
v 42.343318939208984 -25.376216888427734 62.660518646240234
v 44.291622161865234 -29.47902488708496 61.178123474121094
v 44.12818908691406 -30.008359909057617 61.25559997558594
v 43.96271896362305 -29.324209213256836 61.63431930541992
v 43.572998046875 -27.990171432495117 58.47633361816406
v 42.350341796875 -30.4417667388916 58.05514144897461
v 41.798606872558594 -29.149572372436523 58.00845718383789
v 42.054588317871094 -27.216306686401367 57.597984313964844
v 40.576656341552734 -24.49567413330078 55.83820724487305
v 41.77724838256836 -25.912729263305664 56.727760314941406
v 31.150127410888672 -21.022655487060547 58.43532180786133
v 31.777423858642578 -21.560714721679688 57.76823043823242
v 31.316917419433594 -22.432762145996094 59.092132568359375
v 31.39370346069336 -20.203014373779297 58.00519561767578
v 31.770610809326172 -20.74039649963379 57.47443389892578
v 32.665279388427734 -20.008743286132812 56.46538543701172
v 32.59968185424805 -21.015914916992188 56.700897216796875
v 33.3973274230957 -19.64852523803711 55.90331268310547
v 30.677520751953125 -20.397815704345703 59.65475845336914
v 30.558629989624023 -22.016294479370117 60.38786697387695
v 31.905061721801758 -22.623193740844727 58.411495208740234
v 31.63026237487793 -19.022871017456055 57.94554901123047
v 39.79060745239258 -23.098922729492188 55.22984313964844
v 37.425331115722656 -21.68944549560547 54.90442657470703
v 38.562355041503906 -21.27462387084961 54.825923919677734
v 35.94404220581055 -21.550682067871094 55.17975616455078
v 35.8823127746582 -20.77750587463379 54.975799560546875
v 36.76020050048828 -20.55990219116211 54.79533386230469
v 39.234806060791016 -23.36313819885254 55.31468200683594
v 32.48689651489258 -21.79306411743164 57.14882278442383
v 33.757049560546875 -22.78780746459961 56.8454475402832
v 33.41004180908203 -23.95538330078125 58.28375244140625
v 34.53181457519531 -20.801433563232422 55.43491744995117
v 34.767356872558594 -23.244726181030273 56.66042709350586
v 34.65497589111328 -22.209487915039062 55.967994689941406
v 34.70409393310547 -24.743927001953125 58.38319778442383
v 35.282474517822266 -24.478164672851562 57.760986328125
v 37.280303955078125 -22.776657104492188 55.49066925048828
v 36.256168365478516 -23.649898529052734 56.70132827758789
v 36.32298278808594 -24.186323165893555 57.499752044677734
v 32.922481536865234 -24.141517639160156 59.073238372802734
v 35.933773040771484 -25.26270294189453 59.099849700927734
v 40.0147590637207 -28.614274978637695 58.15378952026367
v 40.54635238647461 -27.519804000854492 58.73569107055664
v 41.433292388916016 -27.73567771911621 58.50605392456055
v 42.301727294921875 -28.090375900268555 58.55087661743164
v 40.910343170166016 -29.89250373840332 57.56830596923828
v 40.79155731201172 -29.164106369018555 57.7516975402832
v 34.40793991088867 -27.155141830444336 65.37071228027344
v 34.35047912597656 -26.3601016998291 62.90951156616211
v 34.69972229003906 -26.367509841918945 63.46687698364258
v 35.050899505615234 -25.96750831604004 60.788936614990234
v 35.46797561645508 -26.133947372436523 61.97970962524414
v 33.96818161010742 -27.317792892456055 65.88919830322266
v 34.35200500488281 -27.511716842651367 66.90210723876953
v 34.497337341308594 -27.446027755737305 67.79507446289062
v 34.83702087402344 -27.17791175842285 66.4368896484375
v 35.071746826171875 -26.80986976623535 67.72315216064453
v 35.06890106201172 -26.8109073638916 65.71260070800781
v 35.263858795166016 -25.47237205505371 68.51101684570312
v 34.87220764160156 -26.334077835083008 68.8339614868164
v 35.369632720947266 -25.514102935791016 68.01435852050781
v 35.46268844604492 -25.800142288208008 66.19930267333984
v 35.30118942260742 -26.356779098510742 65.68868255615234
v 35.74623489379883 -26.195589065551758 66.04542541503906
v 33.7483024597168 -25.630868911743164 61.05113983154297
v 34.24592971801758 -27.211423873901367 68.541015625
v 34.514320373535156 -27.26371955871582 68.24729919433594
v 35.836849212646484 -27.10832405090332 65.73880004882812
v 33.52323532104492 -27.60438346862793 67.6006088256836
v 34.0628662109375 -27.556501388549805 68.03457641601562
v 30.39702796936035 -20.6380672454834 60.96247863769531
v 30.385839462280273 -21.18414306640625 60.478824615478516
v 30.784103393554688 -20.571897506713867 63.33458709716797
v 30.675992965698242 -20.149709701538086 62.1894645690918
v 30.407398223876953 -21.434024810791016 63.099609375
v 30.348106384277344 -23.67685317993164 66.5018539428711
v 30.623212814331055 -24.7791690826416 66.88624572753906
v 30.59290313720703 -25.026334762573242 67.74737548828125
v 30.588733673095703 -23.51655387878418 68.19515991210938
v 30.305496215820312 -23.883544921875 67.32840728759766
v 30.65300941467285 -23.849578857421875 68.53166198730469
v 30.800071716308594 -22.84686851501465 63.59321212768555
v 31.24847412109375 -26.037912368774414 68.03730010986328
v 31.63484001159668 -24.39716911315918 62.959800720214844
v 31.828582763671875 -26.337678909301758 66.83995819091797
v 30.50798225402832 -24.63484001159668 68.29501342773438
v 30.720844268798828 -24.97482681274414 68.58808898925781
v 31.509748458862305 -26.188230514526367 68.69204711914062
v 30.36183738708496 -21.715269088745117 62.970733642578125
v 30.265729904174805 -21.25116539001465 61.794769287109375
v 30.32674789428711 -22.0452880859375 61.813385009765625
v 30.694501876831055 -22.260099411010742 64.07286834716797
v 30.56788444519043 -22.67184066772461 62.01634216308594
v 31.083410263061523 -23.447893142700195 61.78614807128906
v 30.873294830322266 -22.860340118408203 60.75193405151367
v 32.17171859741211 -24.286439895629883 60.55426788330078
v 31.790340423583984 -23.545684814453125 59.788978576660156
v 33.96818161010742 -24.84501838684082 59.09337615966797
v 35.2551155090332 -25.36016082763672 59.1640625
v 32.60832977294922 -27.07151222229004 67.11824798583984
v 35.76616668701172 -25.89798927307129 60.827178955078125
v 31.164567947387695 -24.738889694213867 69.12350463867188
v 31.21277618408203 -25.241077423095703 69.04796600341797
v 31.672672271728516 -25.137720108032227 69.3592529296875
v 32.69324493408203 -26.036165237426758 69.40692138671875
v 32.301185607910156 -26.404970169067383 69.1083755493164
v 30.362754821777344 -23.298606872558594 66.77479553222656
v 30.59503936767578 -22.532007217407227 66.22058868408203
v 30.961673736572266 -21.27850914001465 64.28059387207031
v 31.52276611328125 -20.773223876953125 64.83937072753906
v 32.60883331298828 -27.035619735717773 68.66948699951172
v 33.53889846801758 -26.995012283325195 68.9094467163086
v 32.88800811767578 -25.200214385986328 69.70209503173828
v 33.452449798583984 -26.44466209411621 69.28303527832031
v 34.330745697021484 -26.209287643432617 69.2777328491211
v 33.687076568603516 -25.15456199645996 69.74656677246094
v 34.80976486206055 -25.889896392822266 69.15249633789062
v 32.237728118896484 -26.941843032836914 68.43807983398438
v 32.828311920166016 -27.319063186645508 68.2751235961914
v 33.4034309387207 -27.486047744750977 68.27705383300781
v 32.404823303222656 -16.040149688720703 62.4620475769043
v 33.225555419921875 -15.54088020324707 62.749515533447266
v 32.23701477050781 -19.20688247680664 63.77058410644531
v 31.21928596496582 -19.990684509277344 63.46307373046875
v 31.83376693725586 -20.01893424987793 64.43265533447266
v 33.22637176513672 -20.89560890197754 66.16452026367188
v 31.24094581604004 -22.64689826965332 68.2376480102539
v 31.235658645629883 -23.353843688964844 68.95346069335938
v 32.01601791381836 -22.618532180786133 68.91567993164062
v 31.45676040649414 -23.783241271972656 69.27996826171875
v 31.98306655883789 -23.13928985595703 69.33837127685547
v 31.844446182250977 -24.090604782104492 69.51284790039062
v 32.16918182373047 -21.557275772094727 67.3785400390625
v 32.27983093261719 -20.52530288696289 65.48202514648438
v 32.41194152832031 -23.506128311157227 69.6255111694336
v 32.83074951171875 -24.00882339477539 69.78640747070312
v 33.42102813720703 -23.75071907043457 69.74061584472656
v 33.87308883666992 -23.59362030029297 69.45092010498047
v 34.453094482421875 -24.562833786010742 69.57099914550781
v 34.464385986328125 -23.713075637817383 68.97863006591797
v 34.807525634765625 -24.28535270690918 69.0721206665039
v 34.87342834472656 -24.925575256347656 69.27547454833984
v 32.76484680175781 -22.88742446899414 69.30463409423828
v 33.369667053222656 -23.304424285888672 69.49736785888672
v 34.48075485229492 -25.1656494140625 69.5680160522461
v 33.7904052734375 -22.9841251373291 68.83175659179688
v 33.04045867919922 -22.634170532226562 68.93705749511719
v 32.37482452392578 -22.16175079345703 68.4272232055664
v 39.36457824707031 -29.1521053314209 58.79274368286133
v 39.35247802734375 -30.056230545043945 58.361549377441406
v 39.264400482177734 -30.120595932006836 58.964515686035156
v 39.621986389160156 -29.686689376831055 60.113834381103516
v 39.546730041503906 -30.676939010620117 59.73097229003906
v 39.61445999145508 -30.730920791625977 58.334190368652344
v 39.46078872680664 -30.876352310180664 59.19734191894531
v 39.810543060302734 -31.428014755249023 59.08349609375
v 39.4808235168457 -29.528955459594727 58.16478729248047
v 39.62625503540039 -30.029027938842773 57.921817779541016
v 39.84450912475586 -31.337331771850586 59.665496826171875
v 39.778812408447266 -29.52851676940918 57.853878021240234
v 40.12205123901367 -30.528139114379883 57.66533660888672
v 40.4407844543457 -31.774621963500977 58.60291290283203
v 40.288841247558594 -31.169015884399414 57.96893310546875
v 40.42258071899414 -30.371858596801758 57.51970672607422
v 39.61476516723633 -28.777963638305664 58.43295669555664
v 40.12937545776367 -31.759740829467773 59.36153030395508
v 40.403663635253906 -29.6711483001709 57.58245849609375
v 37.34518814086914 -32.52281951904297 64.71639251708984
v 37.50384521484375 -32.09385299682617 63.880859375
v 38.24880599975586 -32.71985626220703 64.81925964355469
v 37.82888412475586 -31.782575607299805 63.5114631652832
v 37.96882247924805 -32.09580612182617 63.774559020996094
v 38.365055084228516 -32.28619384765625 62.66579055786133
v 38.22795867919922 -32.294090270996094 62.15217590332031
v 38.95940017700195 -32.837440490722656 61.87041473388672
v 38.033607482910156 -31.89655876159668 61.64060974121094
v 39.25331497192383 -33.01854705810547 62.286067962646484
v 39.70619583129883 -32.83187484741211 62.845970153808594
v 36.189144134521484 -31.580480575561523 64.4174575805664
v 38.26528549194336 -32.47187805175781 64.28221130371094
v 38.81813430786133 -32.166358947753906 64.21459197998047
v 38.46319580078125 -31.82097053527832 63.742156982421875
v 39.064151763916016 -31.506872177124023 63.7242431640625
v 39.085205078125 -32.319847106933594 64.7308349609375
v 39.08612060546875 -31.901887893676758 64.28443908691406
v 36.03038787841797 -31.694753646850586 66.0208511352539
v 35.7025032043457 -31.50630760192871 65.5467758178711
v 36.06110382080078 -31.865907669067383 65.24547576904297
v 36.916717529296875 -32.40362548828125 65.79303741455078
v 36.52150344848633 -31.655099868774414 66.42493438720703
v 36.99391174316406 -32.53436279296875 65.48674011230469
v 37.515743255615234 -32.727901458740234 65.21021270751953
v 36.350135803222656 -29.922399520874023 67.37836456298828
v 35.890445709228516 -30.14769172668457 66.961181640625
v 36.012794494628906 -31.272146224975586 66.41248321533203
v 36.90837860107422 -27.919389724731445 68.35740661621094
v 37.37854766845703 -28.285123825073242 68.48643493652344
v 36.701114654541016 -24.125194549560547 67.44605255126953
v 36.25311279296875 -28.517316818237305 67.75210571289062
v 36.709346771240234 -26.992074966430664 68.15284729003906
v 36.31739044189453 -30.830385208129883 63.46407699584961
v 35.73423385620117 -30.269289016723633 63.758201599121094
v 36.387054443359375 -30.223257064819336 63.3332633972168
v 36.06039047241211 -29.5358943939209 63.58955383300781
v 36.883052825927734 -31.091161727905273 63.27798843383789
v 37.26626968383789 -30.440427780151367 63.2017936706543
v 37.47068786621094 -31.18874168395996 63.23119354248047
v 37.45675277709961 -30.536104202270508 61.71958541870117
v 37.537811279296875 -31.13727378845215 61.9567756652832
v 37.55296325683594 -30.36320686340332 62.40728759765625
v 37.582252502441406 -30.175493240356445 61.202598571777344
v 37.671142578125 -30.453359603881836 60.971229553222656
v 37.840274810791016 -31.377885818481445 61.247108459472656
v 37.794708251953125 -29.253698348999023 62.369483947753906
v 37.73490905761719 -31.61726951599121 62.0344123840332
v 37.82013702392578 -29.68763542175293 62.844356536865234
v 37.73826599121094 -31.328413009643555 62.64387893676758
v 38.089847564697266 -29.426740646362305 60.939849853515625
v 38.12880325317383 -30.68983268737793 60.46514129638672
v 38.30006408691406 -31.388307571411133 60.5814208984375
v 38.30464172363281 -29.38105583190918 63.68669128417969
v 38.05099868774414 -30.25005531311035 63.40540313720703
v 37.308677673339844 -28.14444923400879 63.877113342285156
v 38.373191833496094 -28.6279239654541 63.85690689086914
v 38.49645233154297 -28.535245895385742 63.64976501464844
v 38.14039611816406 -30.92640495300293 63.3676872253418
v 38.26701354980469 -31.6361026763916 63.14067840576172
v 38.68114471435547 -31.129003524780273 63.72688293457031
v 38.5951042175293 -30.65061378479004 60.23271560668945
v 39.28230285644531 -31.76469612121582 60.22272491455078
v 39.51255416870117 -30.52762794494629 64.496337890625
v 39.33966064453125 -31.385007858276367 60.114349365234375
v 39.876644134521484 -31.882108688354492 60.3035774230957
v 39.24436569213867 -30.644819259643555 60.16679000854492
v 39.84725570678711 -30.0461483001709 60.46851348876953
v 40.018619537353516 -30.86741828918457 60.325191497802734
v 40.22334671020508 -31.08043098449707 60.362403869628906
v 37.67836380004883 -29.477949142456055 61.594154357910156
v 38.230194091796875 -30.200162887573242 60.47760009765625
v 39.36437225341797 -29.741300582885742 60.5001220703125
v 39.937259674072266 -27.844213485717773 59.911834716796875
v 40.083404541015625 -28.208406448364258 60.595909118652344
v 36.28647232055664 -24.337923049926758 67.04067993164062
v 35.96895980834961 -26.18353843688965 66.27145385742188
v 35.481300354003906 -29.113080978393555 66.4459457397461
v 35.26792907714844 -24.38864517211914 68.15467071533203
v 35.463401794433594 -23.88865852355957 66.57392883300781
v 35.573848724365234 -24.742740631103516 66.50115966796875
v 35.97221374511719 -24.08808708190918 66.67184448242188
v 35.209754943847656 -30.205778121948242 64.70912170410156
v 35.1568717956543 -29.562395095825195 65.23612213134766
v 35.22867202758789 -29.62617301940918 64.5164794921875
v 35.306373596191406 -28.888216018676758 65.00404357910156
v 35.28257369995117 -30.551408767700195 65.82857513427734
v 35.394954681396484 -29.922460556030273 66.36014556884766
v 35.61198806762695 -28.6585750579834 64.35872650146484
v 35.713584899902344 -31.342119216918945 64.90092468261719
v 35.64748001098633 -30.85703468322754 64.30772399902344
v 35.462890625 -31.132448196411133 65.654541015625
v 35.629173278808594 -30.96158790588379 66.26663970947266
v 35.84346008300781 -27.461530685424805 64.84964752197266
v 35.508148193359375 -29.624967575073242 63.99265670776367
v 35.728538513183594 -29.12934684753418 63.94060134887695
v 35.06066131591797 -23.0396728515625 66.58872985839844
v 34.40468215942383 -21.97595977783203 66.42849731445312
v 40.39786911010742 -33.1466064453125 62.365028381347656
v 40.74222946166992 -32.59416580200195 63.19147872924805
v 40.06214904785156 -33.22510528564453 61.982540130615234
v 40.73643112182617 -33.116943359375 61.929012298583984
v 40.56109619140625 -32.994789123535156 61.38400650024414
v 41.153106689453125 -32.70978927612305 62.89414596557617
v 41.57557678222656 -32.56840515136719 62.068275451660156
v 41.13235855102539 -32.47512435913086 61.295013427734375
v 41.707889556884766 -32.483917236328125 62.63131332397461
v 41.93681716918945 -31.98209571838379 62.022037506103516
v 42.42732620239258 -31.572214126586914 63.00804901123047
v 42.18802261352539 -31.872957229614258 63.2203369140625
v 39.66561508178711 -32.6427116394043 60.888832092285156
v 40.40224075317383 -32.67714309692383 60.92252731323242
v 40.301963806152344 -32.17755889892578 60.57012939453125
v 41.649513244628906 -31.857831954956055 63.78072738647461
v 40.14350891113281 -30.667661666870117 66.53490447998047
v 40.290977478027344 -29.18922233581543 66.26763916015625
v 40.140869140625 -29.632707595825195 67.2408676147461
v 40.669105529785156 -29.683523178100586 65.22897338867188
v 39.943668365478516 -31.865480422973633 63.78096008300781
v 41.35111999511719 -30.51125144958496 64.8639144897461
v 41.25582504272461 -29.325315475463867 65.36354064941406
v 40.57289505004883 -28.767675399780273 65.39190673828125
v 39.877967834472656 -29.77629280090332 64.97351837158203
v 40.009368896484375 -27.287538528442383 65.2942123413086
v 40.21073532104492 -25.675949096679688 65.49259948730469
v 41.791893005371094 -28.947484970092773 65.24759674072266
v 42.2887077331543 -30.173086166381836 64.75666046142578
v 41.86379623413086 -27.857980728149414 65.05975341796875
v 42.24273681640625 -29.177621841430664 64.9520034790039
v 42.3795280456543 -30.9544620513916 64.19860076904297
v 42.54692840576172 -30.21061134338379 64.50848388671875
v 42.61140823364258 -28.794706344604492 64.38147735595703
v 41.50286102294922 -25.26640510559082 64.49284362792969
v 39.49190902709961 -23.344839096069336 65.6880111694336
v 42.29816436767578 -27.107511520385742 64.17713928222656
v 42.611610412597656 -30.97874641418457 63.833534240722656
v 39.94743347167969 -33.15591049194336 61.685394287109375
v 37.300132751464844 -32.30437469482422 66.1189956665039
v 37.49306106567383 -32.693199157714844 65.53543853759766
v 38.414886474609375 -32.68783950805664 65.57178497314453
v 38.42831039428711 -32.36774444580078 66.12242889404297
v 38.33932113647461 -32.765342712402344 65.22233581542969
v 38.16236114501953 -31.63243293762207 66.82527160644531
v 38.86928939819336 -32.54170608520508 65.56449890136719
v 39.103206634521484 -32.21382141113281 66.04602813720703
v 39.451332092285156 -32.137386322021484 65.51406860351562
v 39.534114837646484 -31.6254940032959 64.76758575439453
v 39.781044006347656 -31.64851188659668 65.96998596191406
v 39.329593658447266 -31.18134880065918 67.00849151611328
v 39.74585723876953 -31.259721755981445 66.6520767211914
v 38.43105697631836 -27.192758560180664 68.53218841552734
v 37.804168701171875 -27.351335525512695 68.66722106933594
v 38.2471809387207 -27.733388900756836 68.64530181884766
v 37.88248062133789 -29.88243293762207 67.9034652709961
v 38.601715087890625 -29.602792739868164 68.07139587402344
v 37.94268798828125 -28.995229721069336 68.33519744873047
v 39.35867691040039 -28.463380813598633 68.185302734375
v 38.72609329223633 -28.462678909301758 68.4668197631836
v 39.15415573120117 -29.5749568939209 68.0003662109375
v 39.54743576049805 -28.27232551574707 68.01924133300781
v 39.707618713378906 -29.203699111938477 67.8611068725586
v 39.91081619262695 -31.22239112854004 65.33686828613281
v 40.17229461669922 -30.58878517150879 65.87722778320312
v 40.14595031738281 -28.47291374206543 67.15912628173828
v 39.85020446777344 -28.060964584350586 67.61711883544922
v 37.24592971801758 -27.38401985168457 68.55236053466797
v 39.80097961425781 -30.484472274780273 67.23517608642578
v 39.979671478271484 -25.641359329223633 65.7632064819336
v 37.61967849731445 -23.217227935791016 67.14631652832031
v 37.86030578613281 -25.077049255371094 67.99150848388672
v 38.3433952331543 -25.707921981811523 68.06683349609375
v 37.800811767578125 -26.159353256225586 68.4179916381836
v 38.99407958984375 -25.719640731811523 67.60183715820312
v 42.188323974609375 -25.387746810913086 62.986778259277344
v 42.8214225769043 -29.418684005737305 64.03140258789062
v 42.77667236328125 -30.26849937438965 64.09782409667969
v 42.851932525634766 -30.293493270874023 63.6395263671875
v 36.3515625 -23.04861831665039 67.05007934570312
v 37.18999481201172 -26.4329776763916 68.39387512207031
v 36.54896545410156 -22.19598960876465 66.82810974121094
v 35.12971878051758 -21.89580726623535 66.53504180908203
v 42.36122131347656 -26.457216262817383 62.65269470214844
v 42.00790786743164 -31.376447677612305 60.719879150390625
v 40.473331451416016 -31.81247901916504 59.76377868652344
v 41.49980545043945 -32.24003219604492 59.599037170410156
v 41.207820892333984 -30.700468063354492 61.13285827636719
v 41.876304626464844 -29.976377487182617 61.833255767822266
v 41.634765625 -31.7656307220459 61.5395393371582
v 42.414306640625 -31.24772071838379 62.51419448852539
v 42.21466827392578 -29.053911209106445 62.271114349365234
v 42.525264739990234 -32.0778694152832 59.75583267211914
v 43.207176208496094 -31.20463752746582 60.785465240478516
v 42.753990173339844 -29.575761795043945 62.10218811035156
v 42.882545471191406 -28.844568252563477 62.273807525634766
v 42.7380256652832 -30.57313346862793 63.08367919921875
v 42.7806396484375 -29.175317764282227 63.32438659667969
v 43.29880905151367 -30.218454360961914 61.636810302734375
v 38.972721099853516 -31.917795181274414 60.47186279296875
v 39.99726486206055 -32.34001922607422 60.551902770996094
v 40.976959228515625 -32.230804443359375 59.36276626586914
v 40.69463348388672 -32.105804443359375 58.95885467529297
v 40.93800354003906 -31.386892318725586 57.795997619628906
v 40.91990661621094 -31.707590103149414 58.10248565673828
v 41.74002456665039 -31.946577072143555 58.183197021484375
v 41.4073600769043 -32.318302154541016 58.82062911987305
v 43.43732452392578 -31.62574577331543 59.66951370239258
v 43.10984802246094 -31.799406051635742 59.902103424072266
v 41.879661560058594 -32.238304138183594 58.60527420043945
v 42.34992980957031 -31.809537887573242 58.306251525878906
v 42.47878646850586 -32.17144775390625 58.91312789916992
v 42.87410354614258 -32.021453857421875 59.4153938293457
v 41.89725875854492 -32.35989761352539 59.00389862060547
v 42.94315719604492 -31.80192756652832 58.8265495300293
v 42.92647933959961 -31.190950393676758 58.46640396118164
v 41.65927505493164 -31.11515998840332 57.765174865722656
v 41.3641357421875 -31.2469425201416 57.718177795410156
v 35.2056884765625 -14.544530868530273 55.21867370605469
v 36.22931671142578 -13.557991027832031 55.87187957763672
v 35.83216857910156 -15.759761810302734 55.532386779785156
v 34.049339294433594 -13.68834114074707 54.73978042602539
v 34.839866638183594 -16.137134552001953 55.29414367675781
v 32.21504592895508 -19.056346893310547 57.053306579589844
v -33.79803466796875 -23.544679641723633 64.05250549316406
v -33.702125549316406 -23.02370834350586 63.10261917114258
v -33.40302276611328 -22.951993942260742 64.34087371826172
v -33.23084259033203 -22.07179832458496 63.15697479248047
v -33.065067291259766 -22.168567657470703 64.5618667602539
v -32.84651184082031 -21.048620223999023 64.20272827148438
v -33.30579376220703 -21.62644386291504 65.26380157470703
v -32.95390701293945 -20.495027542114258 62.918312072753906
v -35.377864837646484 -22.522912979125977 57.504638671875
v -34.328712463378906 -21.976184844970703 59.35905456542969
v -34.45899200439453 -23.95316505432129 62.805721282958984
v -33.7232780456543 -20.52531623840332 59.409080505371094
v -33.43739700317383 -19.348251342773438 60.17860412597656
v -33.277931213378906 -19.240638732910156 58.23530960083008
v -33.11022186279297 -18.648113250732422 58.944252014160156
v -33.112667083740234 -17.953914642333984 58.01272201538086
v -34.300132751464844 -20.67616081237793 56.690162658691406
v -34.29606628417969 -19.072973251342773 55.043357849121094
v -33.71840286254883 -18.600664138793945 55.901092529296875
v -33.536659240722656 -19.503131866455078 57.276458740234375
v -33.37047576904297 -18.435333251953125 56.755088806152344
v -42.79690933227539 -22.336061477661133 51.88526916503906
v -41.87162780761719 -21.802886962890625 51.43152618408203
v -42.56217956542969 -23.159408569335938 52.045570373535156
v -42.19615936279297 -21.185476303100586 51.37785339355469
v -42.79111099243164 -26.551759719848633 54.01258850097656
v -43.112693786621094 -24.53734016418457 52.9327278137207
v -42.7696533203125 -27.781064987182617 54.94825744628906
v -42.13493347167969 -26.303491592407227 53.85308074951172
v -43.17401885986328 -28.05579948425293 55.3527946472168
v -42.91691589355469 -29.475706100463867 56.509422302246094
v -42.52485656738281 -29.0229549407959 56.0602912902832
v -41.27280807495117 -30.277189254760742 55.53252029418945
v -41.193275451660156 -30.954668045043945 55.842933654785156
v -41.903865814208984 -30.404577255249023 56.061737060546875
v -41.90182876586914 -26.963232040405273 54.488861083984375
v -37.258026123046875 -21.95309066772461 54.26300811767578
v -37.13283157348633 -21.33991241455078 53.60966491699219
v -36.52943801879883 -21.078813552856445 53.80052947998047
v -38.31318664550781 -21.768163681030273 53.65374755859375
v -38.29385757446289 -20.784337997436523 52.489051818847656
v -39.07289505004883 -22.360431671142578 53.383026123046875
v -35.480384826660156 -20.898561477661133 54.77903747558594
v -35.21351623535156 -19.284421920776367 53.867340087890625
v -34.70989227294922 -20.653364181518555 55.73602294921875
v -34.32484817504883 -18.216787338256836 54.618900299072266
v -35.94363784790039 -20.406970977783203 53.79853057861328
v -36.86586380004883 -19.649333953857422 52.55392074584961
v -40.15673065185547 -30.669729232788086 55.13151931762695
v -40.28843688964844 -29.170534133911133 54.899200439453125
v -39.93064880371094 -30.982534408569336 55.29869079589844
v -42.075435638427734 -28.299898147583008 55.73091506958008
v -40.40538787841797 -29.884016036987305 58.7716178894043
v -41.06747055053711 -28.819089889526367 59.63174057006836
v -41.7225341796875 -29.172346115112305 59.54000473022461
v -40.776397705078125 -27.57010841369629 59.841453552246094
v -39.82355499267578 -28.55571937561035 59.204925537109375
v -41.01325988769531 -31.42063331604004 56.7601203918457
v -40.27582550048828 -31.506498336791992 56.4090461730957
v -40.732872009277344 -31.208833694458008 57.52373123168945
v -39.66428756713867 -31.25284767150879 57.04338836669922
v -40.27246856689453 -31.383039474487305 55.87300109863281
v -39.47980499267578 -30.764081954956055 55.175743103027344
v -39.339759826660156 -31.29823112487793 56.04461669921875
v -39.02397537231445 -30.787321090698242 55.52939224243164
v -38.8388786315918 -31.019128799438477 56.16431427001953
v -38.60852813720703 -30.02569007873535 55.25907516479492
v -38.17995071411133 -30.32875633239746 56.41822052001953
v -39.09587860107422 -30.044355392456055 54.86064529418945
v -38.18208694458008 -29.12590217590332 55.2281379699707
v -38.498992919921875 -30.74445152282715 56.64765167236328
v -39.09903335571289 -29.276487350463867 58.43478012084961
v -40.72849655151367 -30.769250869750977 58.113834381103516
v -39.23032760620117 -30.8974666595459 57.28079605102539
v -39.50593948364258 -30.26495933532715 54.86902618408203
v -38.921051025390625 -31.099218368530273 56.60417556762695
v -38.380714416503906 -29.371004104614258 57.83478927612305
v -38.30494689941406 -30.254884719848633 57.150455474853516
v -41.79850387573242 -29.80472755432129 59.15749740600586
v -42.31870651245117 -30.127695083618164 58.77671813964844
v -41.572723388671875 -30.70988655090332 58.308834075927734
v -41.72822952270508 -31.066843032836914 57.651763916015625
v -41.93793487548828 -31.06751823425293 57.29656982421875
v -42.23388671875 -30.83284568786621 56.96727752685547
v -40.87697982788086 -31.296926498413086 56.03239822387695
v -39.10248947143555 -29.304147720336914 54.66945266723633
v -39.168392181396484 -28.48897361755371 54.73558044433594
v -38.54475784301758 -28.322622299194336 54.90153884887695
v -37.72158432006836 -23.338125228881836 59.03303146362305
v -37.551231384277344 -23.17513084411621 56.798118591308594
v -36.80433654785156 -23.568906784057617 58.277252197265625
v -37.424312591552734 -22.877159118652344 55.86638641357422
v -37.239925384521484 -22.544126510620117 55.185455322265625
v -37.065914154052734 -23.1036319732666 56.41558837890625
v -36.48682403564453 -22.15804100036621 55.11914825439453
v -35.896141052246094 -23.382883071899414 58.676170349121094
v -36.30009841918945 -23.742538452148438 59.639495849609375
v -38.118526458740234 -22.61617660522461 55.70526885986328
v -34.974212646484375 -24.67810821533203 63.75621032714844
v -39.62950897216797 -29.620859146118164 54.72654342651367
v -36.805049896240234 -23.649066925048828 60.423072814941406
v -43.67276382446289 -18.57427978515625 57.43763732910156
v -44.076011657714844 -20.40201187133789 57.47346878051758
v -43.32301330566406 -18.958232879638672 58.59817123413086
v -44.305145263671875 -19.949735641479492 55.8426513671875
v -43.399898529052734 -22.173524856567383 59.53215789794922
v -43.985191345214844 -24.018747329711914 58.17729187011719
v -43.354434967041016 -25.982873916625977 59.207786560058594
v -41.80572509765625 -20.946008682250977 61.51241683959961
v -41.29019546508789 -23.96666717529297 62.6894416809082
v -42.198699951171875 -24.162797927856445 61.114200592041016
v -41.4427490234375 -25.126968383789062 62.50612258911133
v -41.786197662353516 -25.98299217224121 60.6602897644043
v -41.52177047729492 -27.040090560913086 61.75471878051758
v -41.14008331298828 -27.719839096069336 62.483272552490234
v -42.39173126220703 -26.226839065551758 60.17906951904297
v -42.0174674987793 -25.802452087402344 60.48332214355469
v -41.114662170410156 -26.96869468688965 62.77864456176758
v -44.10835266113281 -19.13359260559082 54.587669372558594
v -44.39220428466797 -21.22896957397461 54.52043914794922
v -44.240970611572266 -20.090301513671875 54.288673400878906
v -44.04326248168945 -18.83308982849121 56.07521438598633
v -44.46817398071289 -21.38298797607422 55.61457061767578
v -44.37125015258789 -22.310636520385742 56.85039520263672
v -42.924339294433594 -30.112306594848633 57.187767028808594
v -43.41667556762695 -28.80000114440918 56.454505920410156
v -44.30646514892578 -24.784408569335938 55.60661315917969
v -44.24026107788086 -23.222930908203125 54.10881042480469
v -44.10621643066406 -26.212961196899414 56.327789306640625
v -44.24453353881836 -25.103609085083008 56.637699127197266
v -43.712120056152344 -26.79865074157715 55.036888122558594
v -44.43827438354492 -23.418249130249023 55.987327575683594
v -44.4384765625 -22.813098907470703 54.921695709228516
v -44.10225296020508 -20.757457733154297 53.51105499267578
v -43.74761962890625 -22.94295310974121 52.964805603027344
v -43.836910247802734 -24.954654693603516 53.96670150756836
v -43.46915817260742 -21.673303604125977 52.35906219482422
v -43.5150260925293 -24.033966064453125 53.05499267578125
v -42.84532165527344 -21.368745803833008 51.74258041381836
v -43.41495132446289 -20.43913459777832 59.13042449951172
v -44.037872314453125 -22.162841796875 58.09004211425781
v -43.307247161865234 -29.41166877746582 57.708831787109375
v -43.65517044067383 -27.26402473449707 58.13975524902344
v -42.85783004760742 -28.773584365844727 59.097679138183594
v -42.47939682006836 -28.885591506958008 59.391685485839844
v -43.21540832519531 -29.31000328063965 58.22187423706055
v -42.79507827758789 -30.162397384643555 58.253902435302734
v -42.61160659790039 -29.494001388549805 59.02882766723633
v -42.49668502807617 -30.67487907409668 57.41872787475586
v -42.332942962646484 -30.59876823425293 58.17578125
v -33.560150146484375 -17.63960838317871 56.082340240478516
v -34.524078369140625 -16.462051391601562 54.74986267089844
v -35.01072692871094 -15.509195327758789 55.126747131347656
v -34.02391052246094 -16.33866310119629 56.39353942871094
v -33.43668746948242 -17.22551918029785 56.81913757324219
v -40.9222412109375 -20.584062576293945 51.123451232910156
v -41.6633415222168 -22.585397720336914 51.71101379394531
v -41.689579010009766 -20.414785385131836 51.1468505859375
v -42.488346099853516 -20.256391525268555 51.463592529296875
v -40.0829963684082 -20.18280601501465 51.18387222290039
v -39.98943328857422 -19.237850189208984 51.01112365722656
v -38.36668014526367 -18.419584274291992 51.36833190917969
v -38.120967864990234 -19.334657669067383 51.6916618347168
v -37.393592834472656 -18.2873477935791 51.8017578125
v -35.92949676513672 -18.68480110168457 52.896766662597656
v -40.230567932128906 -18.637042999267578 50.97566223144531
v -40.96953201293945 -22.21115493774414 51.711395263671875
v -34.852783203125 -17.658540725708008 53.82532501220703
v -34.37661361694336 -17.18523597717285 54.54338073730469
v -35.45200729370117 -17.381338119506836 53.167877197265625
v -43.54990768432617 -18.394309997558594 53.30672073364258
v -43.185813903808594 -18.726343154907227 52.45072937011719
v -43.30318069458008 -20.135486602783203 52.19828796386719
v -37.81545639038086 -20.62066650390625 62.830726623535156
v -38.0568962097168 -18.752010345458984 62.69786071777344
v -38.198158264160156 -19.780092239379883 62.80931854248047
v -37.35322189331055 -19.330629348754883 62.81998825073242
v -36.762535095214844 -18.39778709411621 62.78815460205078
v -36.02245330810547 -16.717405319213867 61.46770095825195
v -37.0933723449707 -16.27518081665039 61.16463088989258
v -36.22514343261719 -17.738988876342773 62.47080993652344
v -35.49462127685547 -17.39348602294922 61.955081939697266
v -39.23907470703125 -19.106170654296875 62.546268463134766
v -40.0645866394043 -18.35718536376953 61.79059982299805
v -40.198734283447266 -19.586750030517578 62.29264450073242
v -38.13896942138672 -16.48572540283203 61.30255889892578
v -40.0274658203125 -15.233108520507812 59.56515884399414
v -39.954139709472656 -16.784940719604492 60.84804153442383
v -38.504180908203125 -17.828886032104492 62.19047546386719
v -36.94600296020508 -20.89470863342285 65.05154418945312
v -36.39905548095703 -20.314796447753906 65.24862670898438
v -35.68195343017578 -20.03420066833496 65.5535659790039
v -35.46329879760742 -18.601293563842773 63.92879867553711
v -34.761962890625 -19.771717071533203 65.3912582397461
v -35.08425521850586 -20.07628631591797 65.70108032226562
v -32.978214263916016 -20.262733459472656 63.859535217285156
v -33.751556396484375 -18.363128662109375 61.16902542114258
v -33.6995849609375 -19.191513061523438 63.60454559326172
v -34.10161209106445 -19.845672607421875 65.13473510742188
v -33.485198974609375 -19.91437339782715 64.55439758300781
v -35.54536819458008 -20.71800422668457 65.98971557617188
v -35.915870666503906 -21.905805587768555 66.06433868408203
v -35.660396575927734 -22.729747772216797 65.88304138183594
v -34.820030212402344 -21.580673217773438 65.98809814453125
v -34.7114143371582 -20.515186309814453 65.85591888427734
v -33.657379150390625 -20.46509552001953 65.30692291259766
v -34.03092956542969 -20.56273078918457 65.60967254638672
v -34.25782775878906 -22.054946899414062 65.77664947509766
v -33.080020904541016 -20.703264236450195 64.75508117675781
v -36.02661895751953 -20.488670349121094 65.7073745727539
v -36.32328414916992 -21.48216438293457 65.97216796875
v -33.47035217285156 -22.26223373413086 65.30120086669922
v -39.16463088989258 -15.230997085571289 59.85112762451172
v -37.8606071472168 -15.14433479309082 59.84367370605469
v -36.66154861450195 -15.177492141723633 59.449302673339844
v -35.91719436645508 -15.218416213989258 58.89432907104492
v -34.833457946777344 -13.097723007202148 58.53165817260742
v -37.556724548339844 -21.92129135131836 64.62614440917969
v -37.97583770751953 -21.642967224121094 62.7265625
v -37.65324020385742 -22.553647994995117 64.37225341796875
v -37.35718536376953 -22.4676570892334 65.16218566894531
v -37.10221862792969 -22.000415802001953 65.48194885253906
v -36.663883209228516 -21.55738639831543 65.78547668457031
v -36.92932891845703 -22.679248809814453 65.64618682861328
v -36.540523529052734 -22.511953353881836 65.86781311035156
v -41.01570129394531 -18.146745681762695 61.036685943603516
v -34.09611892700195 -16.310781478881836 58.51152038574219
v -34.431941986083984 -16.4167537689209 59.63665771484375
v -33.765281677246094 -16.98565673828125 59.58324432373047
v -34.52682876586914 -17.69962501525879 61.55535125732422
v -33.50340270996094 -16.918588638305664 58.261253356933594
v -33.57500076293945 -17.47946548461914 60.02106475830078
v -33.52435302734375 -18.7249813079834 60.80023193359375
v -33.16392135620117 -18.476621627807617 59.60079574584961
v -33.106971740722656 -18.04055404663086 58.978031158447266
v -35.280235290527344 -16.239337921142578 60.34390640258789
v -34.857967376708984 -16.915081024169922 61.01072692871094
v -35.129005432128906 -15.305984497070312 57.71062469482422
v -34.123477935791016 -16.13456153869629 57.20772933959961
v -34.854408264160156 -15.416213989257812 56.117374420166016
v -40.12205123901367 -21.77155113220215 63.05934524536133
v -39.5642204284668 -21.698503494262695 63.12850570678711
v -38.90753173828125 -21.985023498535156 62.928897857666016
v -38.39789962768555 -22.114198684692383 62.610862731933594
v -37.80497741699219 -24.89719581604004 62.546356201171875
v -37.68863296508789 -24.249584197998047 61.793731689453125
v -38.76768493652344 -23.524152755737305 63.218238830566406
v -36.265926361083984 -27.397279739379883 61.63579559326172
v -37.5230598449707 -26.191129684448242 62.95136642456055
v -38.85576248168945 -25.28384017944336 63.811866760253906
v -38.788841247558594 -26.05433464050293 63.84147262573242
v -39.48122787475586 -26.306665420532227 63.90892791748047
v -40.317623138427734 -26.627283096313477 63.59552764892578
v -39.97712707519531 -27.02362632751465 63.668094635009766
v -39.33304977416992 -25.658327102661133 63.945960998535156
v -39.72826385498047 -24.191078186035156 63.730079650878906
v -39.991668701171875 -24.833538055419922 63.76361083984375
v -37.587032318115234 -23.05539321899414 64.02550506591797
v -40.48472213745117 -24.69382667541504 63.48229217529297
v -41.07225036621094 -20.863367080688477 62.191795349121094
v -40.50373840332031 -27.448179244995117 63.29212951660156
v -37.91532897949219 -22.42743492126465 62.5016975402832
v -37.40711975097656 -23.657928466796875 61.93241500854492
v -43.582855224609375 -17.427047729492188 56.187923431396484
v -43.23412322998047 -17.35740089416504 57.46478271484375
v -41.20954513549805 -15.318513870239258 58.79532241821289
v -41.30707931518555 -16.943883895874023 60.00459289550781
v -41.97821044921875 -15.3447265625 57.91322708129883
v -42.08113098144531 -16.831626892089844 59.08024215698242
v -42.75978469848633 -19.977893829345703 60.04617691040039
v -42.66215133666992 -18.267797470092773 59.328189849853516
v -42.131473541259766 -18.76639747619629 60.306396484375
v -36.661956787109375 -23.21927833557129 65.5782241821289
v -35.411529541015625 -23.296770095825195 65.6490249633789
v -33.64731216430664 -23.343761444091797 64.62371826171875
v -33.4393310546875 -22.89349365234375 64.86791229248047
v -35.703819274902344 -24.116012573242188 65.16852569580078
v -34.22914505004883 -23.503021240234375 65.22267150878906
v -34.563846588134766 -24.10261344909668 64.90989685058594
v -33.86759567260742 -23.38507080078125 65.02664947509766
v -36.37576675415039 -24.157838821411133 64.99695587158203
v -36.01960372924805 -24.506301879882812 64.72685241699219
v -35.54832077026367 -24.735105514526367 64.42200469970703
v -35.95644760131836 -24.858938217163086 63.894535064697266
v -35.203956604003906 -24.790376663208008 63.946285247802734
v -34.49214553833008 -24.31781578063965 64.4498519897461
v -35.09971237182617 -24.280517578125 64.96470642089844
v -37.28996276855469 -23.29546546936035 64.8407211303711
v -36.91427230834961 -23.881757736206055 64.82249450683594
v -35.82332229614258 -24.450944900512695 61.6091423034668
v -36.06669235229492 -24.805288314819336 62.974117279052734
v -40.553977966308594 -29.392988204956055 61.887210845947266
v -40.08696365356445 -29.97496223449707 61.53022003173828
v -40.18938064575195 -29.347864151000977 62.26858901977539
v -40.54441833496094 -29.638879776000977 60.92948532104492
v -40.0244140625 -30.1541690826416 60.377342224121094
v -40.11777877807617 -30.138959884643555 60.87847900390625
v -39.900543212890625 -29.20118522644043 62.49065017700195
v -39.60113525390625 -29.93999671936035 61.879058837890625
v -39.75053405761719 -29.91522789001465 59.625797271728516
v -39.51082229614258 -30.538728713989258 60.05762481689453
v -39.49169921875 -30.6343936920166 60.52223205566406
v -39.23307418823242 -30.56840705871582 61.14912796020508
v -39.1644287109375 -30.484861373901367 59.4559211730957
v -38.69253158569336 -30.142499923706055 61.7035026550293
v -38.59917068481445 -30.848955154418945 60.75321578979492
v -38.70890426635742 -30.89674949645996 59.861026763916016
v -38.57658767700195 -30.962430953979492 60.265628814697266
v -37.996482849121094 -30.938486099243164 60.23146057128906
v -38.2275505065918 -30.904394149780273 59.737548828125
v -37.78586196899414 -30.816041946411133 59.78782272338867
v -37.304405212402344 -30.65489387512207 60.36580276489258
v -36.79701232910156 -30.1909236907959 60.049373626708984
v -36.533199310302734 -29.91496467590332 60.74836730957031
v -36.269081115722656 -29.57240104675293 60.26151657104492
v -36.92892074584961 -29.28807258605957 58.623931884765625
v -35.81488037109375 -28.50286293029785 60.613800048828125
v -36.13523864746094 -29.36372184753418 60.686676025390625
v -40.49031066894531 -28.685354232788086 62.66627883911133
v -40.23971939086914 -28.07088279724121 63.1595458984375
v -38.83023452758789 -27.49503517150879 63.44548797607422
v -38.8609504699707 -29.186067581176758 62.481197357177734
v -37.97339630126953 -30.861539840698242 60.59529113769531
v -37.328102111816406 -29.681997299194336 61.63098907470703
v -37.65262985229492 -27.586301803588867 62.9256591796875
v -37.22365188598633 -30.47553062438965 60.7785530090332
v -36.5642204284668 -29.098604202270508 61.55376052856445
v -36.540523529052734 -28.269567489624023 61.933414459228516
v -36.28708267211914 -29.326658248901367 61.111717224121094
v -36.001808166503906 -28.27495765686035 61.31218719482422
v -35.9419059753418 -28.557687759399414 59.789310455322266
v -39.236228942871094 -27.425230026245117 58.75161361694336
v -38.04204559326172 -27.391950607299805 58.414756774902344
v -38.120662689208984 -29.129770278930664 58.1917724609375
v -37.932212829589844 -28.188013076782227 57.08515930175781
v -38.51841735839844 -27.17192268371582 57.210784912109375
v -37.94685363769531 -28.792001724243164 57.422523498535156
v -37.7089729309082 -28.92791175842285 56.79335403442383
v -37.65140914916992 -28.68476676940918 58.09293746948242
v -36.87685012817383 -27.945154190063477 58.3082389831543
v -37.057167053222656 -28.560224533081055 58.20571517944336
v -36.43312454223633 -27.60651206970215 58.66794204711914
v -36.432716369628906 -28.320886611938477 58.675777435302734
v -36.07818603515625 -27.59078025817871 59.124813079833984
v -38.520042419433594 -26.076292037963867 59.006534576416016
v -38.83969497680664 -28.266679763793945 58.44465637207031
v -39.432918548583984 -26.83393669128418 58.68568420410156
v -38.281959533691406 -27.2879695892334 56.14872741699219
v -37.554588317871094 -27.779638290405273 58.231170654296875
v -37.70764923095703 -28.520917892456055 56.36812210083008
v -37.85298538208008 -28.143686294555664 55.855224609375
v -37.19761657714844 -29.117826461791992 58.27650451660156
v -39.571842193603516 -27.360898971557617 63.604270935058594
v -36.66907501220703 -27.47444725036621 62.208251953125
v -36.16981887817383 -26.711362838745117 60.40240478515625
v -37.28121566772461 -25.371009826660156 61.54113006591797
v -35.8658332824707 -27.480627059936523 60.603782653808594
v -37.878204345703125 -26.579587936401367 63.31120681762695
v -36.36213684082031 -26.503324508666992 59.613868713378906
v -35.88779830932617 -27.374799728393555 59.7368278503418
v -35.87559509277344 -27.885637283325195 59.59614944458008
v -41.044281005859375 -28.709951400756836 61.734989166259766
v -40.978275299072266 -28.74544334411621 60.878173828125
v -40.601776123046875 -28.93467903137207 60.19075393676758
v -40.84840393066406 -28.159215927124023 62.691070556640625
v -39.15568161010742 -29.596357345581055 58.89005661010742
v -38.59377670288086 -30.276025772094727 58.84820556640625
v -37.9661750793457 -29.72794532775879 58.348915100097656
v -38.295589447021484 -30.61672019958496 59.13398742675781
v -37.86823654174805 -30.52436637878418 59.13357925415039
v -37.60625457763672 -29.86220359802246 58.519630432128906
v -37.35017013549805 -29.9395809173584 58.78913116455078
v -39.169307708740234 -28.73221778869629 58.694339752197266
v -37.850337982177734 -29.46114158630371 57.0859375
v -37.850440979003906 -29.718542098999023 56.54799270629883
v -37.71985626220703 -29.01991081237793 56.21149826049805
v -37.34844207763672 -25.0582332611084 60.91381072998047
v -36.50014877319336 -24.512584686279297 64.3404541015625
v -36.998077392578125 -24.20358657836914 63.28379440307617
v -36.36254119873047 -24.487197875976562 61.755699157714844
v -36.615474700927734 -24.362031936645508 61.66447448730469
v -37.125511169433594 -23.899478912353516 64.182373046875
v -30.975400924682617 1.312610149383545 19.353958129882812
v -32.376346588134766 1.140665054321289 19.12456512451172
v -31.433364868164062 0.07219552993774414 19.458858489990234
v -30.167787551879883 2.366240978240967 19.064895629882812
v -31.715383529663086 2.2340006828308105 19.00823211669922
v -30.29196548461914 3.3765347003936768 18.579574584960938
v -31.31772804260254 3.4965362548828125 18.402965545654297
v -30.090290069580078 1.1797866821289062 19.36959457397461
v -30.448488235473633 -0.8459286689758301 19.441585540771484
v -28.398176193237305 0.6537408828735352 19.16460418701172
v -30.052560806274414 -1.2036161422729492 19.256309509277344
v -28.56283187866211 1.8959856033325195 18.876747131347656
v -32.562252044677734 2.6060314178466797 18.270179748535156
v -32.25053787231445 2.533397912979126 18.645267486572266
v -31.395429611206055 -0.6872386932373047 19.4571533203125
v -28.496929168701172 -0.722991943359375 18.81033706665039
v -27.10595703125 2.364861488342285 19.206668853759766
v -32.32264709472656 -0.9841885566711426 19.236400604248047
v -33.23297882080078 -0.2030925750732422 18.877666473388672
v -34.03001403808594 -0.5767598152160645 18.06241226196289
v -33.0126953125 -1.8612513542175293 18.555404663085938
v -32.4172248840332 -2.6723647117614746 18.34955596923828
v -32.04336929321289 -2.000108242034912 18.94601058959961
v -31.21419906616211 -1.5508151054382324 19.296825408935547
v -33.96635055541992 -1.8762564659118652 17.744915008544922
v -30.668567657470703 -2.0706095695495605 18.958019256591797
v -31.600969314575195 -2.8048882484436035 18.448253631591797
v -30.163822174072266 -2.0044941902160645 18.781757354736328
v -34.47404098510742 -1.9749197959899902 17.07703399658203
v -33.973876953125 0.47069311141967773 17.96047592163086
v -33.703758239746094 1.348273754119873 17.754974365234375
v -34.52469253540039 0.4805569648742676 16.91915512084961
v -33.10839080810547 0.8992877006530762 18.827247619628906
v -33.848880767822266 0.05189657211303711 18.257980346679688
v -32.979434967041016 1.811497688293457 18.497482299804688
v -32.837764739990234 0.13042211532592773 19.111663818359375
v -34.40386962890625 -0.15991640090942383 17.50347900390625
v -31.398889541625977 4.295443534851074 17.16421890258789
v -32.0727653503418 3.42169451713562 17.84479522705078
v -31.448823928833008 3.843318223953247 17.96251678466797
v -30.85305404663086 4.55859375 17.22030258178711
v -30.877870559692383 3.963512897491455 18.073928833007812
v -29.92034912109375 5.019622802734375 16.80156707763672
v -28.876277923583984 3.8716773986816406 17.922943115234375
v -32.87335968017578 3.2664337158203125 15.902389526367188
v -30.042797088623047 5.608753681182861 13.804397583007812
v -32.61758041381836 2.5642035007476807 13.27249526977539
v -32.451499938964844 3.178312063217163 13.66644287109375
v -30.563610076904297 4.682507514953613 13.168045043945312
v -35.0526237487793 -0.49054431915283203 16.164264678955078
v -34.793792724609375 0.5249738693237305 15.490596771240234
v -35.15015411376953 -0.5407862663269043 15.409767150878906
v -34.12774658203125 1.6016645431518555 16.225086212158203
v -34.69097137451172 -1.1372017860412598 17.067707061767578
v -33.38583755493164 2.677658796310425 15.117412567138672
v -34.09672927856445 1.6010308265686035 14.767654418945312
v -32.346038818359375 -3.6006293296813965 17.517681121826172
v -30.59615707397461 -3.571061611175537 16.72067642211914
v -31.161413192749023 -4.839311122894287 16.579910278320312
v -30.601951599121094 -4.011634349822998 17.639862060546875
v -31.063779830932617 -5.154824733734131 17.57037353515625
v -30.479604721069336 -5.258753299713135 18.590194702148438
v -29.45160484313965 -2.219168186187744 17.944175720214844
v -31.884309768676758 -4.042637348175049 16.883544921875
v -31.799184799194336 -4.161412715911865 16.428466796875
v -31.20158576965332 -3.5526204109191895 17.52801513671875
v -30.673551559448242 -3.1633734703063965 17.74970245361328
v -30.09283447265625 -4.394150257110596 18.918628692626953
v -29.908143997192383 -4.758499622344971 19.2171630859375
v -29.432994842529297 -3.472504138946533 19.209640502929688
v -28.73542022705078 -1.3112444877624512 18.411476135253906
v -27.987098693847656 -1.2069816589355469 18.949813842773438
v -32.847015380859375 -3.8087830543518066 17.03076171875
v -33.80108642578125 -3.815556049346924 16.072021484375
v -32.86237716674805 -4.20453405380249 16.296024322509766
v -34.01506423950195 -3.191589832305908 16.69715118408203
v -32.35020446777344 -3.967475414276123 17.019794464111328
v -32.76219940185547 -4.3358588218688965 15.488506317138672
v -32.317562103271484 -4.251795291900635 14.460247039794922
v -31.777217864990234 -4.233444690704346 15.01373291015625
v -35.01743698120117 -1.811131477355957 16.175418853759766
v -35.17131042480469 -1.5234379768371582 15.814872741699219
v -35.085472106933594 -2.2633090019226074 15.451335906982422
v -34.99241638183594 -2.1726574897766113 14.400344848632812
v -34.78840255737305 -2.9255852699279785 14.832290649414062
v -34.63554763793945 -1.6040058135986328 13.59170150756836
v -34.62395095825195 -2.250894069671631 13.740432739257812
v -34.39207077026367 -3.0696187019348145 13.965499877929688
v -34.01953887939453 -3.7912240028381348 15.615619659423828
v -34.558250427246094 -3.240811824798584 15.579700469970703
v -34.8856315612793 -2.5839943885803223 15.79486083984375
v -34.187347412109375 -3.5996813774108887 14.559078216552734
v -33.831390380859375 -3.3040032386779785 13.792240142822266
v -33.53554153442383 -3.9521584510803223 14.228740692138672
v -33.42570114135742 -4.155277729034424 15.64255142211914
v -33.16229248046875 -3.761120319366455 13.906436920166016
v -32.301795959472656 -4.002649784088135 14.068572998046875
v -32.855560302734375 -4.228220462799072 14.4208984375
v -35.228668212890625 -1.2740507125854492 15.149250030517578
v -34.45807647705078 -0.7115030288696289 13.438682556152344
v -34.03031921386719 -1.297900676727295 13.326225280761719
v -32.05516815185547 2.915743350982666 13.102161407470703
v -34.7874870300293 0.3249220848083496 14.802528381347656
v -33.69927978515625 1.01389741897583 13.315040588378906
v -33.18629455566406 0.8313455581665039 13.103500366210938
v -35.019474029541016 -0.7768359184265137 14.436519622802734
v -31.431842803955078 -6.284615993499756 16.20981216430664
v -31.320375442504883 -6.104791164398193 14.835113525390625
v -31.195077896118164 -7.0748772621154785 14.545585632324219
v -31.131717681884766 -5.06614351272583 15.247512817382812
v -31.32403564453125 -7.056768894195557 16.189361572265625
v -31.130701065063477 -6.554279804229736 17.330570220947266
v -30.99869155883789 -6.038790225982666 14.294898986816406
v -30.833425521850586 -7.690130710601807 16.95421600341797
v -30.967876434326172 -5.550203800201416 14.371429443359375
v -31.132328033447266 -7.609556674957275 14.732730865478516
v -30.93431282043457 -7.350254535675049 14.372676849365234
v -30.94509506225586 -5.934040546417236 17.87865447998047
v -30.702739715576172 -3.823896884918213 15.47311782836914
v -31.52408218383789 -3.9505953788757324 14.259471893310547
v -30.751150131225586 -3.8534131050109863 16.24658203125
v -30.055103302001953 -3.334312915802002 14.520671844482422
v -30.74077606201172 -4.04931116104126 15.716045379638672
v -28.91767120361328 -3.3403191566467285 13.665802001953125
v 27.891094207763672 0.5963611602783203 18.463897705078125
v 27.413909912109375 1.27363920211792 18.687335968017578
v 27.681182861328125 -0.11779546737670898 18.780319213867188
v 28.812105178833008 0.5554614067077637 16.942264556884766
v 27.75481414794922 1.4168787002563477 18.13957977294922
v 28.912281036376953 -0.4039945602416992 17.26028823852539
v 28.48269271850586 -1.090059757232666 17.825618743896484
v 29.585548400878906 -1.4478888511657715 15.67388916015625
v 29.237321853637695 -0.45291852951049805 16.637741088867188
v 26.836448669433594 1.5749444961547852 18.951099395751953
v 27.28739356994629 0.5029802322387695 18.99988555908203
v 27.75908660888672 1.4096159934997559 13.269142150878906
v 27.010356903076172 3.0588855743408203 13.867645263671875
v 27.991575241088867 1.4446358680725098 13.560264587402344
v 29.22003173828125 -2.073218822479248 13.962432861328125
v 28.797563552856445 -0.9616775512695312 13.407363891601562
v 29.483238220214844 -1.1610593795776367 14.535369873046875
v 29.517000198364258 -1.762399673461914 14.629730224609375
v 29.3062744140625 -2.630375385284424 14.641178131103516
v 28.877397537231445 -0.6241097450256348 13.496021270751953
v 29.142126083374023 0.3434576988220215 14.862689971923828
v 29.10897445678711 -0.420809268951416 13.952983856201172
v 28.31844711303711 0.1136479377746582 13.242984771728516
v 28.177183151245117 2.0561270713806152 15.021236419677734
v 29.555341720581055 -0.7448744773864746 15.364028930664062
v 28.971878051757812 -2.187427043914795 13.704647064208984
v 29.33851432800293 -2.6753201484680176 15.33633804321289
v 28.81678581237793 -3.2580323219299316 14.267154693603516
v 29.521068572998047 -2.128389835357666 15.414894104003906
v 29.3392276763916 -1.8947415351867676 16.269508361816406
v 29.04062843322754 -2.698730945587158 16.237850189208984
v 29.04429054260254 0.48758649826049805 16.37216567993164
v 28.982765197753906 0.8354382514953613 15.553504943847656
v -38.814369201660156 -13.128520965576172 59.944580078125
v -36.33457565307617 -11.600919723510742 60.14870071411133
v -37.66157913208008 -13.143348693847656 60.02962112426758
v -36.89220428466797 -10.017557144165039 60.6095085144043
v -34.02676010131836 -12.816560745239258 56.58100128173828
v -34.4487190246582 -13.746129989624023 56.520484924316406
v -34.22935104370117 -12.933061599731445 57.4929313659668
v -40.73490524291992 -8.232660293579102 53.13997268676758
v -41.79901123046875 -13.558944702148438 53.6986198425293
v -41.286434173583984 -19.047588348388672 51.05767822265625
v -34.95478820800781 -14.074193954467773 54.585662841796875
v -40.40610122680664 -17.654382705688477 51.12841796875
v -39.27538299560547 -16.549734115600586 51.40968704223633
v -38.82962417602539 -17.572660446166992 51.22598648071289
v -36.073509216308594 -17.523082733154297 52.60708999633789
v -40.94847869873047 -17.09324073791504 51.43962097167969
v -35.51069259643555 -15.576993942260742 54.00602722167969
v -34.552555084228516 -13.805803298950195 55.5718994140625
v -42.33833694458008 -13.555168151855469 55.422672271728516
v -42.213340759277344 -13.30181884765625 54.82701110839844
v -42.72175216674805 -15.39405632019043 55.49361038208008
v -43.624351501464844 -17.380903244018555 55.316123962402344
v -42.96308898925781 -16.307477951049805 54.091060638427734
v -40.957122802734375 -13.83694839477539 52.70045471191406
v -42.30467224121094 -15.36635971069336 53.843017578125
v -42.85783004760742 -17.41385269165039 52.734046936035156
v -41.49827575683594 -15.431148529052734 52.755943298339844
v -42.36274337768555 -17.802175521850586 51.94998550415039
v -41.20954513549805 -16.382280349731445 51.89221954345703
v -40.72097396850586 -15.40310287475586 52.237937927246094
v -42.463226318359375 -19.197702407836914 51.57293701171875
v -41.963565826416016 -18.15070152282715 51.52231216430664
v -34.937599182128906 -15.31064224243164 57.07663345336914
v -38.76809310913086 -6.318854808807373 60.406280517578125
v -39.87318420410156 -13.310924530029297 59.57463073730469
v -42.54113006591797 -15.362133026123047 56.69043731689453
v -38.14507293701172 -7.567808628082275 60.74440383911133
v -40.842708587646484 -9.506391525268555 58.6716423034668
v -41.178123474121094 -7.054445743560791 57.429115295410156
v -41.478851318359375 -7.3339457511901855 55.89288330078125
v -40.3462028503418 -2.551901340484619 57.375328063964844
v -40.94980239868164 -8.020954132080078 58.260658264160156
v -41.01356887817383 -5.102915287017822 56.743003845214844
v -40.89559555053711 -5.147633075714111 54.441673278808594
v 39.97377014160156 -25.20621681213379 56.393157958984375
v 40.02909851074219 -24.424205780029297 55.79979705810547
v 41.04601287841797 -26.747621536254883 57.41365051269531
v 35.41448211669922 -19.777009963989258 55.02538299560547
v 34.50577926635742 -19.224117279052734 55.361854553222656
v 37.09185028076172 -23.715295791625977 56.48049545288086
v 36.90868377685547 -24.62342643737793 58.02173614501953
v 40.15541076660156 -27.580575942993164 59.07283020019531
v 40.10995101928711 -29.133543014526367 57.82157516479492
v 36.601749420166016 -25.082942962646484 59.65468978881836
v 36.27742385864258 -25.569623947143555 62.11640167236328
v 35.66304016113281 -25.59891700744629 63.731353759765625
v 36.02296447753906 -25.590368270874023 62.95336151123047
v 36.72623062133789 -26.857561111450195 62.43796920776367
v 38.10469436645508 -26.680734634399414 59.996368408203125
v 36.192806243896484 -27.359315872192383 63.748779296875
v 35.200706481933594 -25.729034423828125 64.40863037109375
v 35.14741134643555 -26.29503059387207 64.72039794921875
v 35.15260314941406 -26.462331771850586 65.03250122070312
v 35.466552734375 -26.72735023498535 64.37312316894531
v 31.348041534423828 -18.802824020385742 60.245460510253906
v 32.42058563232422 -18.189638137817383 62.08003234863281
v 31.904348373413086 -18.335147857666016 61.51945495605469
v 31.04639434814453 -16.03513526916504 61.559814453125
v 30.98679542541504 -17.661779403686523 60.31866455078125
v 29.915878295898438 -11.725290298461914 62.527191162109375
v 40.34376525878906 -28.3957462310791 61.249027252197266
v 40.27633285522461 -28.811128616333008 61.15711975097656
v 39.46353530883789 -28.126283645629883 61.35096740722656
v 36.71961975097656 -27.927095413208008 64.0195083618164
v 38.43400955200195 -28.19867515563965 63.17350387573242
v 38.43166732788086 -28.0067195892334 62.39677429199219
v 38.66781997680664 -29.815202713012695 60.47311019897461
v 38.634971618652344 -27.97227668762207 61.90793991088867
v 35.63029479980469 -18.071226119995117 55.40622329711914
v 32.95238494873047 -14.82231330871582 55.01205825805664
v 28.482288360595703 -13.123516082763672 57.67918395996094
v 28.806716918945312 -12.428363800048828 56.149566650390625
v 30.214065551757812 -15.611276626586914 57.33515548706055
v 30.588632583618164 -17.16536521911621 59.13881301879883
v 28.19732093811035 -13.073905944824219 58.549888610839844
v 28.49428939819336 -13.358579635620117 58.36696243286133
v 29.68582534790039 -10.941444396972656 54.342716217041016
v 28.779563903808594 -12.018070220947266 55.71250915527344
v 29.33871841430664 -11.538347244262695 54.93889236450195
v 32.63487243652344 -16.358325958251953 55.65365982055664
v 30.261457443237305 -16.282573699951172 59.9675407409668
v 31.376821517944336 -19.00885009765625 58.70835876464844
v 28.18674087524414 -13.102907180786133 59.81281661987305
v 28.42574119567871 -13.172372817993164 59.85356140136719
v 28.746610641479492 -12.799556732177734 61.17091369628906
v 29.240680694580078 -12.433029174804688 61.828460693359375
v 31.583070755004883 -16.661582946777344 56.44998550415039
v 32.70586013793945 -18.8839111328125 56.52431869506836
v 33.84654998779297 -18.503921508789062 55.765743255615234
v 34.70806121826172 -18.202735900878906 55.492828369140625
v -42.2314453125 -24.210525512695312 52.49028778076172
v -41.402679443359375 -24.18520164489746 52.68742752075195
v -40.982444763183594 -24.081867218017578 52.872947692871094
v -39.37993240356445 -26.112749099731445 57.078895568847656
v -39.710262298583984 -26.105134963989258 56.332210540771484
v -38.412750244140625 -25.450407028198242 58.21477127075195
v -38.38783264160156 -24.821807861328125 57.45218276977539
v -37.54462432861328 -25.357614517211914 59.7070198059082
v -38.551265716552734 -27.799558639526367 55.12855529785156
v -38.7713508605957 -27.10429573059082 55.59649658203125
v -38.3256950378418 -27.595422744750977 55.48320770263672
v -38.498077392578125 -28.778783798217773 54.855384826660156
v -38.04855728149414 -28.529150009155273 55.308441162109375
v -39.43312072753906 -26.60194969177246 58.61199188232422
v -38.77114486694336 -26.80108070373535 56.16098403930664
v -41.12747573852539 -26.489416122436523 54.73412322998047
v -40.347015380859375 -26.543760299682617 55.808921813964844
v -39.21710968017578 -27.1307315826416 55.37820053100586
v -39.8908805847168 -27.65860939025879 55.09666442871094
v -39.44013977050781 -27.557146072387695 55.0833740234375
v -41.09452438354492 -27.188451766967773 55.60346603393555
v -38.110286712646484 -24.46555519104004 57.88309097290039
v -37.19202423095703 -24.466026306152344 59.977928161621094
v -38.27952194213867 -22.445415496826172 54.88320541381836
v -37.98875427246094 -23.150123596191406 57.75985336303711
v -37.396240234375 -23.386890411376953 59.775882720947266
v -36.9945182800293 -23.440074920654297 60.56107711791992
v -36.831695556640625 -24.01651382446289 61.0528678894043
v -39.30192947387695 -26.819791793823242 58.8151969909668
v -37.1878547668457 -26.4024600982666 58.968994140625
v -36.601036071777344 -27.158674240112305 58.720237731933594
v -37.19558334350586 -27.5325984954834 58.33026885986328
v -36.54967498779297 -26.66187858581543 59.11101531982422
v -37.34955596923828 -25.199382781982422 60.24203872680664
v -26.203554153442383 1.1828598976135254 19.603271484375
v -25.619178771972656 -1.4452300071716309 19.660552978515625
v -23.368925094604492 4.147641181945801 20.22515106201172
v -23.72996711730957 2.4601054191589355 19.890792846679688
v -21.961576461791992 2.5767223834991455 20.685619354248047
v -27.561782836914062 3.7921979427337646 18.61394500732422
v -24.87004280090332 4.135000705718994 19.359355926513672
v -25.14107894897461 0.17582416534423828 19.827098846435547
v -25.622838973999023 5.383861541748047 18.703632354736328
v -26.69884490966797 -0.9233441352844238 19.43829345703125
v -22.128976821899414 1.4017033576965332 20.209747314453125
v -24.867704391479492 -1.7591519355773926 19.702194213867188
v -30.342206954956055 -6.3630690574646 18.505859375
v -30.279251098632812 -8.240676879882812 17.12839126586914
v -30.339664459228516 -7.348998546600342 17.9495849609375
v -29.21525001525879 -8.388843536376953 17.850540161132812
v -29.1411075592041 -7.751887798309326 18.52733612060547
v -29.083038330078125 -8.979146957397461 16.99911880493164
v -28.749963760375977 -6.858517169952393 19.350902557373047
v -28.322309494018555 -8.111074447631836 18.467060089111328
v -28.41465187072754 -8.625030517578125 17.843860626220703
v -27.50472640991211 -8.639261245727539 17.699729919433594
v -24.415130615234375 -6.772579669952393 19.215930938720703
v -25.169452667236328 -6.8603034019470215 17.84703826904297
v -25.47740364074707 -7.906431674957275 18.022811889648438
v -24.009544372558594 -5.147672176361084 18.642452239990234
v -27.179485321044922 -7.240279674530029 19.26693344116211
v -26.758441925048828 -7.748056888580322 18.56006622314453
v -26.92034912109375 -8.300588607788086 17.886085510253906
v -25.998016357421875 -7.53733491897583 18.02939224243164
v -28.958351135253906 -3.6553187370300293 19.59693145751953
v -27.1053466796875 -2.364462375640869 19.77642822265625
v -28.631481170654297 -3.763754367828369 19.742172241210938
v -25.92977523803711 -2.758089542388916 19.961246490478516
v -28.859397888183594 -5.258636951446533 19.789932250976562
v -27.534120559692383 -5.640431880950928 19.955944061279297
v -20.109790802001953 -1.0094618797302246 19.763710021972656
v -22.31305694580078 -2.2419161796569824 19.83887481689453
v -22.136096954345703 -4.053987979888916 19.594036102294922
v -18.552024841308594 -2.992310047149658 18.992507934570312
v -19.17769432067871 -3.859243869781494 18.904380798339844
v -23.90235137939453 -3.4564805030822754 19.437374114990234
v -22.970762252807617 -4.269787311553955 19.428749084472656
v -20.867671966552734 0.05889177322387695 20.029563903808594
v -29.463401794433594 -5.77832555770874 19.436378479003906
v -27.962387084960938 -6.2006001472473145 19.829021453857422
v -27.545917510986328 -7.0049567222595215 19.493907928466797
v -26.535612106323242 -5.80114221572876 19.89813232421875
v -26.319089889526367 -6.265976428985596 19.68871307373047
v -26.207828521728516 -4.151437282562256 20.026817321777344
v -23.849872589111328 -6.803650379180908 19.75002670288086
v -24.577852249145508 -7.757874011993408 19.223190307617188
v -23.937335968017578 -8.0089111328125 19.666133880615234
v -22.973304748535156 -7.85689115524292 20.04999542236328
v -26.185148239135742 -6.671122074127197 19.339244842529297
v -25.460725784301758 -5.582229137420654 19.61499786376953
v -23.886281967163086 -4.477864742279053 19.05795669555664
v -25.24908447265625 -3.351351261138916 19.895801544189453
v -22.49428939819336 -5.5150885581970215 19.903278350830078
v -22.241052627563477 -6.725964069366455 20.115005493164062
v -22.214303970336914 -8.385635375976562 20.0367431640625
v -19.928457260131836 -5.759214878082275 19.816638946533203
v -16.930492401123047 -0.7990837097167969 18.960277557373047
v -21.313634872436523 1.969139575958252 20.69686508178711
v -20.252885818481445 1.3044342994689941 20.64138412475586
v -19.702880859375 0.14055109024047852 20.036067962646484
v -14.920560836791992 0.24429702758789062 18.18069076538086
v -17.36730194091797 -4.919804096221924 17.869415283203125
v -19.081281661987305 -5.533726215362549 19.482025146484375
v -18.069652557373047 -4.455057621002197 18.366172790527344
v -23.066057205200195 -8.706298828125 19.793136596679688
v -20.716035842895508 -7.655358791351318 20.04126739501953
v -20.99195098876953 -8.284278869628906 19.976299285888672
v -19.272581100463867 -6.565431118011475 19.721481323242188
v -24.19891357421875 5.932409286499023 19.367507934570312
v -25.132638931274414 7.949251651763916 17.605796813964844
v -28.164976119995117 5.456212043762207 17.52532958984375
v -23.422012329101562 5.8675217628479 20.343502044677734
v -23.036666870117188 4.2996416091918945 20.669788360595703
v -24.25973129272461 7.072080135345459 18.82251739501953
v -22.421369552612305 3.1789233684539795 20.679363250732422
v -30.29196548461914 0.43855810165405273 13.072425842285156
v -18.451339721679688 9.495063781738281 12.044593811035156
v -14.976496696472168 2.505052089691162 12.825447082519531
v -14.857709884643555 -1.798703670501709 13.688896179199219
v -14.975174903869629 -2.6075568199157715 14.3216552734375
v -16.789636611938477 -5.650875568389893 14.50363540649414
v -11.655527114868164 5.450568675994873 14.23019790649414
v -11.818656921386719 6.351891994476318 15.645442962646484
v -11.912528038024902 3.8214714527130127 15.356895446777344
v -11.963276863098145 4.91636848449707 16.16059112548828
v -11.765670776367188 4.4376726150512695 14.263538360595703
v -12.147764205932617 3.174607276916504 13.952545166015625
v -13.207090377807617 0.6163344383239746 14.436767578125
v -12.47799015045166 2.083315372467041 15.100387573242188
v -14.143559455871582 -1.2431902885437012 15.634635925292969
v -12.488465309143066 2.619941234588623 13.464317321777344
v -12.366218566894531 2.602811813354492 15.8631591796875
v -16.89031982421875 -6.190435886383057 15.451080322265625
v -16.30431365966797 -5.107162952423096 16.216358184814453
v -16.86387825012207 -5.483222484588623 17.095348358154297
v -14.065146446228027 -0.539670467376709 16.685012817382812
v -29.201927185058594 -9.222906112670898 15.378196716308594
v -29.19745445251465 -9.158245086669922 14.77785873413086
v -28.71101188659668 -9.256217956542969 15.269638061523438
v -28.23677635192871 -9.038202285766602 17.077491760253906
v -28.233219146728516 -9.212717056274414 16.102752685546875
v -27.506357192993164 -8.921951293945312 16.939983367919922
v -30.668567657470703 -8.417230606079102 14.884845733642578
v -30.800273895263672 -8.175424575805664 14.667015075683594
v -30.177043914794922 -7.961735248565674 14.24161148071289
v -30.755218505859375 -8.197568893432617 16.165451049804688
v -30.144193649291992 -8.72183609008789 16.348682403564453
v -30.148366928100586 -8.830337524414062 14.795040130615234
v -29.213520050048828 -8.927267074584961 14.481719970703125
v -28.552358627319336 -9.158042907714844 14.77691650390625
v -28.24481201171875 -8.8594970703125 14.475540161132812
v -30.73833656311035 -6.742368221282959 14.172096252441406
v -27.677722930908203 -9.002771377563477 14.9915771484375
v -27.177148818969727 -8.828868865966797 15.39194107055664
v -27.380348205566406 -8.707921981811523 14.657768249511719
v -26.585039138793945 -8.437498092651367 16.53042221069336
v -26.72162628173828 -8.408658981323242 14.959415435791016
v -25.4115047454834 -6.642314434051514 14.333526611328125
v -25.75790023803711 -7.738500118255615 15.836158752441406
v -25.72789764404297 -7.662512302398682 16.912582397460938
v -25.53262710571289 -8.492000579833984 14.830612182617188
v -25.732269287109375 -9.006437301635742 15.081310272216797
v -25.665246963500977 -7.812379360198975 15.88046646118164
v -25.523679733276367 -7.533327579498291 15.533363342285156
v -25.927942276000977 -8.870918273925781 16.794757843017578
v -25.879636764526367 -9.347066879272461 15.78692626953125
v -29.50143814086914 -3.0845608711242676 13.983013153076172
v -21.649555206298828 -10.657155990600586 14.40878677368164
v -18.94754409790039 -8.336244583129883 14.41705322265625
v -17.663253784179688 -6.6585211753845215 14.298076629638672
v -28.365224838256836 -8.201875686645508 14.159553527832031
v -25.033681869506836 -6.798960208892822 14.721504211425781
v -24.31403923034668 -6.433922290802002 14.115203857421875
v -30.06140899658203 -6.5320515632629395 13.9766845703125
v -28.77488136291504 -2.0167622566223145 13.418258666992188
v -19.608097076416016 -9.605955123901367 15.348194122314453
v -18.028263092041016 -7.561539173126221 14.755142211914062
v -18.21640968322754 -8.115673065185547 15.504573822021484
v -18.91164207458496 -8.97073745727539 16.640052795410156
v -17.956968307495117 -7.634766101837158 16.889652252197266
v -23.128299713134766 -11.381750106811523 16.942501068115234
v -22.093889236450195 -11.338876724243164 16.488136291503906
v -21.641826629638672 -11.001192092895508 17.26583480834961
v -22.388216018676758 -10.946538925170898 17.80434799194336
v -19.929166793823242 -10.031824111938477 16.11379623413086
v -23.896961212158203 -11.068416595458984 17.282493591308594
v -24.0181884765625 -11.402746200561523 16.07793426513672
v -23.276578903198242 -11.506940841674805 15.571617126464844
v -25.54727554321289 -9.21220588684082 14.760917663574219
v -24.939302444458008 -8.880952835083008 14.343772888183594
v -20.454151153564453 -9.866119384765625 14.449146270751953
v -20.725391387939453 -10.403902053833008 14.912094116210938
v -23.628061294555664 -11.337385177612305 14.83840560913086
v -22.510154724121094 -11.225091934204102 14.672576904296875
v -23.11182403564453 -11.19297981262207 14.520957946777344
v -22.502527236938477 -11.456207275390625 15.854961395263672
v -22.56212615966797 -10.930318832397461 14.371315002441406
v -21.81929588317871 -11.015016555786133 14.754798889160156
v -21.478391647338867 -11.047830581665039 15.59268569946289
v -20.788854598999023 -10.694900512695312 16.277111053466797
v -19.878520965576172 -9.86821174621582 17.110214233398438
v -25.503849029541016 -10.022546768188477 15.009002685546875
v -25.496929168701172 -10.300167083740234 15.5943603515625
v -25.002864837646484 -10.330986022949219 14.638385772705078
v -25.16935157775879 -10.542074203491211 15.009674072265625
v -24.711997985839844 -10.822122573852539 14.75583267211914
v -25.13762092590332 -10.733053207397461 15.54214859008789
v -24.116737365722656 -10.882007598876953 14.498882293701172
v -24.272546768188477 -11.193580627441406 14.93942642211914
v -24.552021026611328 -9.645122528076172 14.29378890991211
v -25.87200927734375 -9.468360900878906 16.480106353759766
v -25.43906593322754 -10.343547821044922 16.498493194580078
v -24.66877555847168 -10.972806930541992 16.65949249267578
v -21.6417236328125 10.09902286529541 20.707252502441406
v -19.158472061157227 12.996539115905762 24.246997833251953
v -19.61287498474121 11.520898818969727 20.898223876953125
v -22.891944885253906 8.46685791015625 19.62869644165039
v -22.272884368896484 9.424689292907715 19.373584747314453
v -23.356822967529297 8.492507934570312 18.71967315673828
v -21.775869369506836 9.990110397338867 19.145267486572266
v -22.606365203857422 8.861776351928711 21.986793518066406
v -19.43947410583496 11.476455688476562 18.91427230834961
v -22.384248733520508 9.511570930480957 18.795543670654297
v -24.631450653076172 9.44301986694336 16.426868438720703
v -21.520700454711914 10.443227767944336 18.223873138427734
v -23.394960403442383 6.836055755615234 20.089862823486328
v -20.921064376831055 10.687742233276367 18.80438232421875
v -20.620943069458008 10.927685737609863 19.197734832763672
v -18.790006637573242 11.587902069091797 18.174705505371094
v -19.877300262451172 12.11093807220459 15.69382095336914
v -25.79522132873535 -8.466781616210938 17.42603302001953
v -25.798171997070312 -9.036478042602539 17.315616607666016
v -25.33339500427246 -8.42816162109375 18.284347534179688
v -25.562021255493164 -9.594963073730469 17.381183624267578
v -24.72135353088379 -9.64198112487793 18.28203582763672
v -24.54469871520996 -8.624467849731445 19.020832061767578
v -25.13609504699707 -10.434099197387695 17.03140640258789
v -23.770647048950195 -10.533624649047852 18.08910369873047
v -24.01788330078125 -9.117807388305664 19.13504409790039
v -23.238136291503906 -10.118291854858398 18.726306915283203
v -23.068193435668945 -9.161699295043945 19.54327392578125
v -23.04958152770996 -11.093259811401367 17.580963134765625
v -19.656402587890625 -8.187421798706055 19.349781036376953
v -18.660947799682617 -8.348861694335938 17.486438751220703
v -18.545618057250977 -7.037481784820557 19.049846649169922
v -21.605112075805664 -10.235418319702148 18.536373138427734
v -20.329669952392578 -9.627296447753906 18.335147857666016
v -21.098432540893555 -9.315729141235352 19.34351348876953
v -20.18006706237793 -8.375602722167969 19.623062133789062
v -22.099075317382812 -8.911697387695312 19.846389770507812
v -21.241729736328125 -8.947643280029297 19.722362518310547
v -18.912050247192383 -7.195406436920166 19.359786987304688
v -21.90828514099121 -9.675565719604492 19.253334045410156
v -18.503005981445312 -6.08182954788208 19.23680877685547
v -17.92279624938965 -5.9148736000061035 18.62881851196289
v -17.907846450805664 -6.5582146644592285 18.37737274169922
v 14.683496475219727 12.36836051940918 24.548873901367188
v 13.402867317199707 12.655926704406738 23.647865295410156
v 13.475788116455078 12.963440895080566 24.18006134033203
v 14.342287063598633 11.42525863647461 21.440597534179688
v 14.477652549743652 11.132421493530273 18.41170883178711
v 14.540605545043945 11.1904935836792 20.814193725585938
v 15.594439506530762 10.408575057983398 18.866008758544922
v 13.520739555358887 11.540430068969727 17.878314971923828
v 12.871273040771484 11.725537300109863 19.87676239013672
v 23.788854598999023 -4.832661151885986 19.594158172607422
v 23.2166805267334 -3.705263614654541 19.669795989990234
v 22.950931549072266 -4.8862833976745605 19.86931610107422
v 22.962018966674805 -5.921135425567627 19.786697387695312
v 23.65399932861328 -6.553303241729736 19.28607940673828
v 23.015409469604492 -7.03481912612915 19.308429718017578
v 24.50229263305664 -7.939907550811768 17.756694793701172
v 24.380455017089844 -5.9074835777282715 19.032588958740234
v 24.43862533569336 -6.588937282562256 18.725299835205078
v 24.217933654785156 -4.6283135414123535 19.270069122314453
v 25.127756118774414 -5.895445346832275 18.226985931396484
v 24.95892906188965 4.007454872131348 18.09280014038086
v 23.18098258972168 3.8880844116210938 17.965740203857422
v 24.827125549316406 3.2475571632385254 18.689945220947266
v 25.074872970581055 -4.6189494132995605 18.064468383789062
v 25.69820213317871 -5.304922580718994 16.262828826904297
v 25.270444869995117 -4.435706615447998 17.37537384033203
v 25.690677642822266 -5.717482089996338 17.141155242919922
v 25.838651657104492 -6.399155139923096 16.335979461669922
v 25.584299087524414 -7.25000524520874 16.763320922851562
v 23.802379608154297 -8.054946899414062 18.160011291503906
v 25.256208419799805 -7.497335910797119 17.240646362304688
v 25.518495559692383 -6.898820400238037 17.238075256347656
v 24.99005126953125 -8.123983383178711 16.940383911132812
v 20.239360809326172 1.057692050933838 19.66952896118164
v 18.875335693359375 -0.26711606979370117 19.892860412597656
v 19.87018394470215 -1.624833583831787 19.684345245361328
v 22.57087516784668 0.6168355941772461 19.200923919677734
v 22.53660011291504 -0.46271181106567383 18.992897033691406
v 22.849639892578125 2.2055492401123047 18.799468994140625
v 19.299636840820312 4.6647539138793945 19.196083068847656
v 18.36916732788086 2.140164375305176 19.819007873535156
v 21.82112693786621 3.68035626411438 18.695201873779297
v 22.88818359375 -0.36697959899902344 19.03683090209961
v 22.15643882751465 4.851581573486328 18.056365966796875
v 19.83570671081543 5.97254753112793 18.526458740234375
v 24.501375198364258 -2.9885754585266113 17.498775482177734
v 23.78803825378418 -2.157498836517334 17.98175048828125
v 24.166372299194336 -3.5606160163879395 18.854000091552734
v 19.98429298400879 -8.816049575805664 17.846813201904297
v 19.85828399658203 -8.072647094726562 18.119403839111328
v 19.235157012939453 -7.566381931304932 18.922523498535156
v 20.233463287353516 -8.548810958862305 17.309059143066406
v 20.16318702697754 -7.904362201690674 16.356128692626953
v 20.014497756958008 -7.51321268081665 17.334697723388672
v 20.263870239257812 -7.818139553070068 16.644851684570312
v 20.814178466796875 -8.272140502929688 17.076210021972656
v 21.553855895996094 -8.826715469360352 16.657146453857422
v 20.460662841796875 -7.423486232757568 18.361507415771484
v 20.849470138549805 -7.005956172943115 19.233707427978516
v 21.62403106689453 -8.144535064697266 18.33222198486328
v 21.496801376342773 -8.547893524169922 17.61654281616211
v 22.154102325439453 -8.840265274047852 17.4490966796875
v 22.812620162963867 -8.12021255493164 18.45477294921875
v 22.81150245666504 -8.776298522949219 17.645023345947266
v 19.527854919433594 -8.821332931518555 18.41693115234375
v 19.095623016357422 -6.238365650177002 18.1971435546875
v 23.814178466796875 -8.55027961730957 17.595935821533203
v 15.733668327331543 0.01006937026977539 19.995269775390625
v 16.7876033782959 -4.027710437774658 19.56615447998047
v 18.404560089111328 -3.3730225563049316 19.47765350341797
v 18.323198318481445 -5.201696872711182 18.653553009033203
v 20.01704216003418 -5.668674945831299 19.688121795654297
v 17.732208251953125 -4.679197788238525 19.186687469482422
v 19.666881561279297 -3.4732003211975098 19.90521240234375
v 20.71939468383789 -3.0567116737365723 19.995052337646484
v 20.907745361328125 -1.2796826362609863 19.509906768798828
v 21.27000617980957 -5.2790045738220215 19.993968963623047
v 22.68183135986328 -1.455258846282959 18.81002426147461
v 21.997478485107422 -1.2535700798034668 19.137928009033203
v 23.03239631652832 -2.821868419647217 19.438278198242188
v 23.408794403076172 -2.4734272956848145 18.93337631225586
v 20.057313919067383 -6.117491245269775 19.467201232910156
v 20.71268081665039 -6.1897358894348145 19.744216918945312
v 21.401811599731445 -6.271728992462158 19.838130950927734
v 21.467613220214844 -6.897671222686768 19.548839569091797
v 22.175762176513672 -7.1190667152404785 19.428173065185547
v 18.403440475463867 -8.405168533325195 19.492908477783203
v 17.943851470947266 -6.222767353057861 19.749000549316406
v 17.265092849731445 -5.928835391998291 19.922210693359375
v 17.552806854248047 -7.0149827003479 20.033245086669922
v 18.46527671813965 -6.471115589141846 19.43956756591797
v 18.72319221496582 -7.163427829742432 19.419376373291016
v 18.237260818481445 -7.2134623527526855 19.790626525878906
v 23.872045516967773 -4.136009693145752 19.451274871826172
v 24.827125549316406 1.329981803894043 19.361141204833984
v 24.130064010620117 0.09396743774414062 19.436492919921875
v 24.33367156982422 -1.174954891204834 19.25548553466797
v 25.336042404174805 2.683911085128784 18.95827865600586
v 25.2371883392334 0.4912123680114746 19.468093872070312
v 17.285737991333008 4.1748785972595215 20.625186920166016
v 17.416934967041016 4.248063564300537 20.94676971435547
v 17.01602554321289 3.259873390197754 21.060867309570312
v 17.612201690673828 5.283921241760254 20.491764068603516
v 17.71603775024414 3.92280650138855 20.15285873413086
v 17.672510147094727 6.076054573059082 20.473682403564453
v 17.411951065063477 7.785462379455566 20.019149780273438
v 17.43076515197754 7.151581287384033 22.18856430053711
v 18.59758949279785 4.859467029571533 19.52660369873047
v 15.234820365905762 1.702232837677002 20.660438537597656
v 14.497282028198242 1.2953710556030273 20.56789779663086
v 16.58552360534668 1.1675629615783691 20.119964599609375
v 16.323030471801758 2.2990527153015137 20.99071502685547
v 16.617557525634766 3.039928913116455 20.711341857910156
v 17.060977935791016 0.7476696968078613 19.998470306396484
v 17.242923736572266 2.314481735229492 20.152915954589844
v 14.943649291992188 0.9300551414489746 20.31838607788086
v 15.161798477172852 1.277256965637207 20.965900421142578
v 15.836387634277344 1.7624878883361816 21.251338958740234
v 16.098878860473633 2.4324731826782227 20.71173095703125
v 12.693498611450195 0.863856315612793 20.289806365966797
v 10.669631958007812 0.2615056037902832 19.131114959716797
v 12.415546417236328 0.05489492416381836 19.731216430664062
v 11.06606674194336 1.0211982727050781 19.977371215820312
v 13.799606323242188 0.6620030403137207 20.242080688476562
v 13.632102012634277 -1.3738903999328613 19.549915313720703
v 13.645426750183105 1.0176444053649902 20.470767974853516
v 11.936226844787598 0.5511255264282227 20.515804290771484
v 12.968804359436035 0.5706925392150879 20.65361785888672
v 13.068880081176758 0.5510239601135254 20.887046813964844
v 13.762688636779785 0.6720852851867676 20.879772186279297
v 14.506027221679688 0.9259371757507324 21.11328887939453
v 18.88886260986328 8.03715705871582 17.93648910522461
v 18.494972229003906 6.25859260559082 19.260150909423828
v 22.204849243164062 5.869786739349365 17.45034408569336
v 17.619626998901367 8.39539909362793 18.845237731933594
v 17.017959594726562 8.729850769042969 19.580829620361328
v 28.739696502685547 -1.9869599342346191 17.187236785888672
v 27.554767608642578 -1.4594755172729492 18.57064437866211
v 25.807836532592773 -6.713474750518799 15.031280517578125
v 25.746002197265625 -5.833179950714111 15.131023406982422
v 18.351165771484375 -9.170427322387695 19.144973754882812
v 25.156539916992188 -3.733363628387451 16.577396392822266
v 25.121349334716797 -3.0562796592712402 17.991294860839844
v 24.694711685180664 -3.562836170196533 14.717998504638672
v 25.05646324157715 -3.83427095413208 15.312084197998047
v 26.11050033569336 -4.113483905792236 16.667095184326172
v 26.234272003173828 -3.884824275970459 17.236572265625
v 26.904891967773438 -4.290144443511963 16.21045684814453
v 26.985544204711914 -3.547171115875244 17.448829650878906
v 27.620363235473633 -4.001892566680908 16.445987701416016
v 25.099077224731445 -3.8259940147399902 16.56698989868164
v 25.388622283935547 -5.5414652824401855 14.40228271484375
v 26.225730895996094 -3.47178316116333 17.763511657714844
v 26.081619262695312 -2.4269471168518066 18.732276916503906
v 15.589759826660156 -4.0003743171691895 19.4942626953125
v 15.712006568908691 -5.330019474029541 19.890953063964844
v 15.836997032165527 -7.209161281585693 20.123111724853516
v 16.179529190063477 -8.310434341430664 20.045913696289062
v 17.232650756835938 -8.47916030883789 19.935165405273438
v 17.595928192138672 -7.868196964263916 19.996910095214844
v 16.230785369873047 -9.084827423095703 19.742984771728516
v 17.185869216918945 -9.867218017578125 19.081584930419922
v 17.948225021362305 -10.462087631225586 18.28868865966797
v 27.29593849182129 -0.5026559829711914 19.014720916748047
v 24.299091339111328 -1.637892246246338 18.976375579833984
v 24.935440063476562 -1.1570825576782227 19.393692016601562
v 24.97001838684082 -1.7568860054016113 19.160236358642578
v 25.58470344543457 -2.6120238304138184 18.618942260742188
v 25.72881507873535 -0.806251049041748 19.44599151611328
v 25.89682388305664 -1.8364830017089844 19.130786895751953
v 26.470932006835938 -0.8774666786193848 19.297325134277344
v 27.509105682373047 -3.062901020050049 17.607391357421875
v 28.28142547607422 -3.011446475982666 17.002376556396484
v 11.935210227966309 -4.549527645111084 18.09259033203125
v 10.341340065002441 -0.41882848739624023 18.61322021484375
v 11.56033706665039 -5.416412830352783 17.624427795410156
v 12.183769226074219 -2.8477225303649902 18.776443481445312
v 13.367170333862305 -4.0686821937561035 18.833450317382812
v 13.351000785827637 -5.220583438873291 19.33824920654297
v 13.932429313659668 -5.08060884475708 19.51828384399414
v 12.247434616088867 -5.903757572174072 18.60077667236328
v 14.859745979309082 -6.1781487464904785 19.975311279296875
v 14.389172554016113 -7.8726725578308105 19.79766845703125
v 15.101591110229492 -8.760261535644531 19.637645721435547
v 14.58708381652832 -7.140552997589111 19.982284545898438
v 12.845948219299316 -6.004824161529541 19.22162628173828
v 13.62915325164795 -6.201792240142822 19.68712615966797
v 13.333100318908691 -6.932461261749268 19.49529266357422
v 26.769933700561523 -4.344015598297119 15.75289535522461
v 27.009239196777344 -4.2801079750061035 14.494697570800781
v 28.03276824951172 -4.066833972930908 15.354736328125
v 26.46350860595703 -4.259088039398193 14.580978393554688
v 26.244747161865234 -3.9958176612854004 14.133914947509766
v 28.149009704589844 -3.8951516151428223 15.965927124023438
v 27.826818466186523 -4.041252613067627 14.335208892822266
v 28.27227020263672 -3.755190372467041 14.236083984375
v 28.544631958007812 -3.3532443046569824 16.307605743408203
v 25.88370704650879 3.52284574508667 18.272865295410156
v 26.043684005737305 1.9209260940551758 19.111064910888672
v 25.840177536010742 3.0127029418945312 18.69253921508789
v 26.97089958190918 0.036631107330322266 19.185909271240234
v 26.680946350097656 2.7446186542510986 18.3582763671875
v 15.649662971496582 10.454977035522461 21.52886962890625
v 15.652815818786621 11.766239166259766 25.034202575683594
v 16.926427841186523 10.498239517211914 25.76561737060547
v 17.500226974487305 9.334297180175781 26.018600463867188
v 17.830249786376953 8.432836532592773 26.303180694580078
v 17.415002822875977 5.578083038330078 22.633148193359375
v 17.226852416992188 7.998585224151611 22.184555053710938
v 17.683799743652344 6.939419746398926 24.458087921142578
v 17.956157684326172 5.637031555175781 26.73257827758789
v 16.98592185974121 4.280362129211426 22.826671600341797
v 18.0737247467041 7.015697479248047 26.636096954345703
v 17.563283920288086 4.198136329650879 26.886688232421875
v 16.42808723449707 9.619222640991211 19.780048370361328
v 16.526636123657227 9.93504524230957 18.220733642578125
v 16.6657657623291 9.363012313842773 22.521968841552734
v 14.6936674118042 12.660758972167969 24.742412567138672
v 6.853681564331055 6.6923956871032715 18.036067962646484
v 6.2172322273254395 4.321518898010254 15.668014526367188
v 6.90463399887085 5.620666027069092 18.270755767822266
v 6.960569858551025 4.19136905670166 17.484569549560547
v 7.007454872131348 2.467587947845459 16.568218231201172
v 6.617937088012695 2.8274457454681396 15.748939514160156
v 5.961248874664307 5.695055961608887 14.567584991455078
v 6.186315536499023 4.0077314376831055 14.903732299804688
v 6.163635730743408 5.18173360824585 13.41171646118164
v 6.6158013343811035 2.87233304977417 13.848106384277344
v 8.354087829589844 2.4112792015075684 18.80276870727539
v 7.782015800476074 1.0541739463806152 16.955055236816406
v 8.620953559875488 1.2563438415527344 18.13506317138672
v 10.191534042358398 1.344970703125 19.782691955566406
v 9.241943359375 1.5888590812683105 19.101612091064453
v 9.22658634185791 1.875563144683838 19.590984344482422
v 7.957146167755127 3.1128320693969727 19.012561798095703
v 7.050067901611328 1.6159014701843262 15.467029571533203
v 7.066035270690918 1.5543947219848633 14.744781494140625
v 7.259064674377441 1.4047865867614746 13.896926879882812
v 8.478264808654785 -0.9784407615661621 14.125999450683594
v 7.088918209075928 2.1466546058654785 13.38455581665039
v 9.234723091125488 -2.0703787803649902 13.858768463134766
v 7.404295444488525 4.030804634094238 18.938888549804688
v 13.242586135864258 11.866324424743652 21.25635528564453
v 23.865333557128906 -9.108650207519531 14.63534927368164
v 23.857501983642578 -8.354703903198242 14.219978332519531
v 24.667659759521484 -8.721782684326172 14.588085174560547
v 25.05626106262207 -7.556559085845947 14.263538360595703
v 25.57870101928711 -6.7698445320129395 14.447734832763672
v 25.453304290771484 -7.663900852203369 14.539634704589844
v 25.696170806884766 -7.3504958152771 14.901512145996094
v 25.253662109375 -8.237857818603516 14.705657958984375
v 27.09975242614746 -3.9421486854553223 13.996788024902344
v 27.462419509887695 -4.096884250640869 14.200679779052734
v 24.26959800720215 -3.026306629180908 14.025775909423828
v 27.354516983032227 -3.5068345069885254 13.748615264892578
v 23.332721710205078 -9.296667098999023 15.068958282470703
v 24.097824096679688 -9.148246765136719 14.876415252685547
v 23.73881721496582 -9.108930587768555 16.546287536621094
v 22.981342315673828 -9.172876358032227 14.694755554199219
v 24.543174743652344 -8.961334228515625 15.086650848388672
v 25.22803497314453 -8.30158805847168 15.715187072753906
v 24.414216995239258 -8.617713928222656 16.97994613647461
v 23.26702117919922 -9.041728973388672 17.043811798095703
v 24.727558135986328 -8.652320861816406 16.36932373046875
v 22.223562240600586 -9.074459075927734 16.755813598632812
v 22.031753540039062 -9.087093353271484 15.350765228271484
v 20.259498596191406 -7.836781024932861 15.97976303100586
v 20.9761905670166 -8.462696075439453 15.67409896850586
v 21.400794982910156 -8.673992156982422 14.98983383178711
v 22.20606803894043 -9.040956497192383 14.805793762207031
v 19.765024185180664 -7.209896564483643 15.097339630126953
v 21.407812118530273 -8.29312515258789 14.480220794677734
v 22.085350036621094 -8.671222686767578 14.45058822631836
v 19.743362426757812 -9.017757415771484 14.526641845703125
v 19.99039649963379 -9.241641998291016 14.757530212402344
v 19.98409080505371 -9.83636474609375 14.91623306274414
v 19.39157485961914 -10.621990203857422 14.736320495605469
v 19.92205047607422 -10.235897064208984 15.280471801757812
v 20.231021881103516 -9.043682098388672 15.34360122680664
v 20.239158630371094 -9.70772933959961 16.225849151611328
v 20.248106002807617 -9.14622688293457 17.128551483154297
v 20.043991088867188 -7.8609795570373535 15.738300323486328
v 19.95693588256836 -8.38510513305664 14.87371826171875
v 19.590808868408203 -6.579927921295166 14.411750793457031
v 18.526805877685547 -10.954854965209961 14.50726318359375
v 18.78380584716797 -9.802190780639648 14.25869369506836
v 6.110038757324219 5.679112911224365 15.695327758789062
v 11.366698265075684 -6.185352802276611 16.60329818725586
v 12.475958824157715 -6.747293949127197 18.61391830444336
v 12.693090438842773 -7.939795017242432 17.310749053955078
v 14.032706260681152 -9.388069152832031 17.65448760986328
v 12.967482566833496 -7.1213459968566895 19.052993774414062
v 18.89466094970703 -11.149337768554688 16.55032730102539
v 18.992496490478516 -11.189933776855469 15.579063415527344
v 19.381710052490234 -10.887802124023438 16.33879852294922
v 17.150983810424805 -11.35893440246582 17.070842742919922
v 18.205631256103516 -11.465127944946289 16.237106323242188
v 18.0694522857666 -11.128435134887695 17.354015350341797
v 16.66332244873047 -10.789426803588867 18.061473846435547
v 18.89557647705078 -10.528141021728516 17.671321868896484
v 18.191089630126953 -11.380109786987305 14.950580596923828
v 15.90310287475586 -11.031410217285156 17.02729034423828
v 17.089351654052734 -11.48304557800293 16.545448303222656
v 16.49510955810547 -11.107328414916992 17.45492172241211
v 16.822080612182617 -11.446338653564453 15.686359405517578
v 17.449377059936523 -11.486520767211914 15.238746643066406
v 11.891172409057617 -6.824545383453369 14.649436950683594
v 11.365678787231445 -6.356110095977783 16.018917083740234
v 19.535585403442383 -10.207185745239258 17.398571014404297
v 19.176170349121094 -10.07046890258789 17.911212921142578
v 19.98225975036621 -10.034490585327148 16.865463256835938
v 15.394086837768555 -10.15263557434082 18.24826431274414
v 19.523685455322266 -10.782014846801758 15.487201690673828
v 18.530263900756836 -11.158702850341797 14.665016174316406
v 17.507753372192383 -11.301399230957031 14.610015869140625
v 15.000703811645508 -10.526700973510742 16.634307861328125
v 15.012298583984375 -10.349559783935547 15.038684844970703
v 15.587624549865723 -10.930767059326172 16.06186294555664
v 15.140238761901855 -10.522878646850586 17.171188354492188
v 13.312760353088379 -8.97604751586914 16.48316192626953
v 13.295775413513184 -8.920169830322266 15.593914031982422
v 13.653358459472656 -8.724111557006836 14.459007263183594
v 13.136510848999023 -8.43130874633789 14.760551452636719
v 15.750855445861816 -9.526485443115234 19.25328826904297
v 14.868185997009277 -9.29537582397461 18.89645767211914
v 14.064640045166016 -8.01478385925293 19.517086029052734
v 14.734244346618652 -9.817955017089844 14.508888244628906
v 16.39605140686035 -11.163934707641602 14.920692443847656
v 17.087522506713867 -11.31804084777832 14.746116638183594
v 15.982837677001953 -10.783403396606445 14.547508239746094
v 16.49246597290039 -10.798799514770508 14.35684585571289
v 28.3640079498291 -2.92380952835083 13.684730529785156
v 28.585514068603516 -1.6040740013122559 13.410087585449219
v 28.40265655517578 -3.498030185699463 14.010921478271484
v 28.671249389648438 -3.610527515411377 15.395755767822266
v 17.309436798095703 -10.803377151489258 14.307212829589844
v -26.649009704589844 -20.254079818725586 70.72985076904297
v -26.19379234313965 -20.40399742126465 71.75199890136719
v -25.651418685913086 -20.62926483154297 72.71844482421875
v -24.86872100830078 -20.963014602661133 73.80660247802734
v -24.653621673583984 -21.03205680847168 73.96846008300781
v -24.214269638061523 -21.181459426879883 74.36083984375
v -22.679080963134766 -21.786151885986328 75.42048645019531
v -23.089752197265625 -22.814208984375 74.5366439819336
v -21.6466064453125 -22.471059799194336 76.13754272460938
v -19.55836296081543 -23.35006332397461 76.32191467285156
v -18.546127319335938 -23.370441436767578 75.53125762939453
v -18.01076889038086 -23.58995246887207 75.2825927734375
v -20.689693450927734 -22.561674118041992 75.92646026611328
v -19.452289581298828 -23.049962997436523 75.79259490966797
v -21.892112731933594 -22.08616828918457 75.72427368164062
v -22.25640869140625 -22.95077896118164 75.01437377929688
v -20.12281036376953 -22.756994247436523 79.09231567382812
v -18.237564086914062 -23.72102165222168 78.3024673461914
v -21.158843994140625 -22.75172233581543 79.3033447265625
v -22.074363708496094 -21.991106033325195 79.32312774658203
v -24.119686126708984 -21.768129348754883 78.3905029296875
v -23.11182403564453 -22.602436065673828 78.74089813232422
v -17.199697494506836 -23.891172409057617 74.77119445800781
v -22.061140060424805 -22.258323669433594 77.69273376464844
v -24.54520606994629 -20.594934463500977 78.4694595336914
v -24.52069664001465 -20.869722366333008 78.56877136230469
v -24.888957977294922 -20.5340633392334 78.57833099365234
v -22.859094619750977 -21.719539642333984 79.18181610107422
v -20.73505401611328 -22.92716407775879 77.08924865722656
v -19.042734146118164 0.9063830375671387 20.45474624633789
v -13.842523574829102 2.042224407196045 18.142738342285156
v -14.743803024291992 1.258519172668457 18.623828887939453
v -12.88489818572998 1.9822454452514648 16.652999877929688
v -12.677020072937012 4.823197841644287 17.958106994628906
v -13.671967506408691 0.8054795265197754 17.153186798095703
v -12.997380256652832 3.5413434505462646 17.86724853515625
v -12.546232223510742 6.16782283782959 18.012435913085938
v -12.788383483886719 8.038246154785156 17.570457458496094
v 14.582710266113281 1.1293354034423828 26.2919921875
v 14.795267105102539 1.1076445579528809 26.45269012451172
v 16.717430114746094 2.7350032329559326 26.902381896972656
v -15.121726989746094 1.7271413803100586 19.563735961914062
v -14.174985885620117 2.506204605102539 19.31594467163086
v -13.141491889953613 3.955885410308838 18.85284423828125
v -17.790380477905273 0.8429722785949707 20.196449279785156
v -16.28031349182129 0.5054097175598145 19.27947235107422
v -15.882150650024414 1.3158631324768066 19.806278228759766
v -23.504695892333984 4.971301555633545 26.906108856201172
v -22.62009620666504 4.105408191680908 22.77975082397461
v -23.764951705932617 6.226097106933594 26.82294464111328
v -23.213424682617188 6.849586486816406 22.968582153320312
v -23.034835815429688 5.102358818054199 23.36437225341797
v -21.310073852539062 1.7940897941589355 26.557537078857422
v -37.817283630371094 -17.225976943969727 51.58715057373047
v -36.597171783447266 -16.38594627380371 52.420616149902344
v -20.717866897583008 12.312414169311523 24.854782104492188
v -21.79488754272461 10.258526802062988 22.47646713256836
v -21.037208557128906 11.022076606750488 22.427574157714844
v -23.062702178955078 7.869321346282959 22.975723266601562
v -23.233966827392578 6.62662935256958 21.9324951171875
v -23.22298240661621 4.560115337371826 20.921504974365234
v -23.078567504882812 5.273564338684082 22.59710693359375
v -22.961101531982422 3.7725977897644043 20.977554321289062
v -22.631994247436523 3.071713447570801 21.077621459960938
v -21.712305068969727 1.9017333984375 21.204086303710938
v -21.11541748046875 1.4180240631103516 21.195575714111328
v -20.26132583618164 0.9578680992126465 20.92955780029297
v -19.754444122314453 0.7406988143920898 20.945846557617188
v 12.121831893920898 -23.422880172729492 80.22300720214844
v 11.09515380859375 -23.905284881591797 79.94001770019531
v 12.008537292480469 -23.25232696533203 80.1600112915039
v 10.230281829833984 -23.925209045410156 79.47480773925781
v 13.897137641906738 -22.42437744140625 80.13734436035156
v 15.244178771972656 -22.019128799438477 79.95491027832031
v 15.321877479553223 -22.252363204956055 79.91209411621094
v 14.122815132141113 -22.585363388061523 80.24051666259766
v -24.039342880249023 -17.841175079345703 55.46648025512695
v -23.887195587158203 -17.15440559387207 55.824546813964844
v -23.621755599975586 -17.0391902923584 56.13942337036133
v -32.5097770690918 3.6870527267456055 15.336898803710938
v -32.405025482177734 3.6399083137512207 14.405345916748047
v -31.285184860229492 4.730231285095215 14.376319885253906
v -30.802101135253906 5.223580837249756 15.249427795410156
v -33.17388916015625 -2.3016409873962402 13.426494598388672
v -32.52869415283203 -3.3201804161071777 13.661014556884766
v -24.618635177612305 9.907234191894531 14.697826385498047
v -28.518390655517578 7.013337135314941 14.57070541381836
v -24.592599868774414 9.854726791381836 15.512210845947266
v -26.576799392700195 8.088175773620605 13.202339172363281
v -30.510622024536133 5.219186305999756 16.032588958740234
v -22.305328369140625 11.091304779052734 13.185863494873047
v -22.789426803588867 11.07066535949707 15.193805694580078
v -22.596296310424805 10.744108200073242 16.454914093017578
v -26.224506378173828 8.043529510498047 12.73382568359375
v -13.919815063476562 8.706432342529297 12.255889892578125
v -13.3701171875 3.0145504474639893 12.894035339355469
v -12.916424751281738 7.586453437805176 12.452224731445312
v -12.62189769744873 2.791975259780884 13.18289566040039
v -20.072771072387695 11.646188735961914 12.331474304199219
v -17.80909538269043 11.769136428833008 12.181453704833984
v -17.21688461303711 11.218236923217773 12.049507141113281
v -19.339704513549805 12.29155158996582 13.390750885009766
v -20.050804138183594 12.27112102508545 14.500160217285156
v -18.570940017700195 12.467592239379883 13.857490539550781
v -17.953611373901367 12.239274024963379 12.831199645996094
v -18.814414978027344 12.129003524780273 12.660667419433594
v -17.792617797851562 11.982933044433594 12.356376647949219
v -15.619150161743164 11.115067481994629 12.194271087646484
v -16.433780670166016 11.866141319274902 12.542552947998047
v -16.42828941345215 11.635313987731934 12.271183013916016
v -16.798686981201172 12.308382034301758 13.669151306152344
v -15.060806274414062 11.046886444091797 12.335254669189453
v -16.200071334838867 12.175167083740234 13.93246078491211
v -15.388490676879883 11.753166198730469 13.317283630371094
v -14.732819557189941 11.489137649536133 13.94216537475586
v -14.164102554321289 10.798486709594727 12.858333587646484
v -14.118236541748047 11.042587280273438 13.908863067626953
v -13.5438232421875 9.665706634521484 12.421070098876953
v -13.476496696472168 9.960554122924805 12.653316497802734
v -27.443302154541016 6.639723300933838 12.623737335205078
v -22.751596450805664 8.189005851745605 12.215499877929688
v -22.35282325744629 10.583883285522461 12.376018524169922
v -22.816076278686523 10.627337455749512 12.811603546142578
v -22.241153717041016 11.40208911895752 14.623054504394531
v -21.85163688659668 11.469074249267578 15.573898315429688
v -20.604061126708984 12.091498374938965 14.140541076660156
v -20.79353141784668 11.703296661376953 12.853347778320312
v -21.506765365600586 11.291645050048828 12.664939880371094
v -12.226685523986816 5.215463161468506 12.848064422607422
v -12.390729904174805 7.538591384887695 12.656551361083984
v -12.154069900512695 4.293962478637695 13.076435089111328
v -11.896763801574707 4.666553497314453 13.372207641601562
v -11.966328620910645 5.670555114746094 13.000957489013672
v -11.893712997436523 6.676015377044678 13.159992218017578
v -11.693970680236816 6.689326763153076 14.660736083984375
v -12.702342987060547 8.497213363647461 12.608966827392578
v -12.163426399230957 8.256275177001953 13.523529052734375
v -12.91805362701416 9.777236938476562 14.02420425415039
v -12.999007225036621 9.82115650177002 14.852764129638672
v -12.490396499633789 9.103350639343262 14.53323745727539
v -12.161900520324707 7.595117092132568 12.91827392578125
v -12.157222747802734 8.248794555664062 15.109050750732422
v -18.64894676208496 10.67994499206543 12.00457763671875
v -22.623552322387695 9.815271377563477 12.205577850341797
v -19.877910614013672 11.281728744506836 12.11185073852539
v -20.750715255737305 -5.302027225494385 13.694889068603516
v -28.605648040771484 -6.260008335113525 13.852607727050781
v -24.98923683166504 -5.534056186676025 13.862419128417969
v -24.77515411376953 -6.326138019561768 14.264213562011719
v -23.704744338989258 -6.567915439605713 13.915275573730469
v -23.57954978942871 -9.995965957641602 14.202606201171875
v -29.825664520263672 -2.6477580070495605 13.751045227050781
v -16.528667449951172 11.744927406311035 20.044368743896484
v -17.669050216674805 12.029008865356445 20.92009735107422
v -18.697458267211914 12.448400497436523 14.95407485961914
v -18.040260314941406 12.240189552307129 15.8297119140625
v -17.022838592529297 12.393997192382812 14.364269256591797
v -15.735191345214844 11.957515716552734 14.866031646728516
v -15.210816383361816 11.065247535705566 17.20241928100586
v -15.999920845031738 11.51014232635498 16.83294677734375
v -14.726513862609863 11.449895858764648 14.748836517333984
v -17.399436950683594 11.774055480957031 17.19049072265625
v -16.80875587463379 11.607982635498047 17.9884033203125
v -18.253732681274414 11.722496032714844 18.621990203857422
v -15.258617401123047 11.50820541381836 20.646068572998047
v -15.248852729797363 11.18709945678711 19.317054748535156
v -14.320622444152832 10.653852462768555 19.81633758544922
v -13.835707664489746 9.886856079101562 17.582656860351562
v -14.290721893310547 11.745091438293457 22.15325164794922
v -13.350386619567871 9.224005699157715 18.0703125
v -13.13498306274414 9.16185188293457 19.693405151367188
v -20.422319412231445 12.09613037109375 15.228656768798828
v -24.37180519104004 -18.59763526916504 55.21733093261719
v -24.01595115661621 -17.865619659423828 55.04085922241211
v -23.271392822265625 -17.887468338012695 54.02178192138672
v -24.524459838867188 -18.887197494506836 54.8878059387207
v 11.14702033996582 13.27100944519043 23.35061264038086
v 12.150308609008789 12.370585441589355 15.301799774169922
v 11.61962890625 11.673988342285156 17.732643127441406
v 13.422903060913086 12.232324600219727 15.730098724365234
v 24.272241592407227 5.120394706726074 16.740467071533203
v 27.122533798217773 3.34892201423645 15.87759017944336
v 25.815465927124023 4.228087425231934 17.177825927734375
v 25.84516143798828 3.900245189666748 17.828914642333984
v 25.38536834716797 4.941742420196533 15.856742858886719
v 24.76559829711914 4.946639060974121 16.776397705078125
v 14.824252128601074 1.697777271270752 22.051620483398438
v 19.894895553588867 8.892820358276367 16.204288482666016
v 17.938257217407227 10.220574378967285 16.26427459716797
v 28.254270553588867 1.9636955261230469 15.973979949951172
v 15.974090576171875 2.7327728271484375 22.434749603271484
v 14.846219062805176 1.7979745864868164 22.438766479492188
v 13.135899543762207 1.038435935974121 21.89588165283203
v 15.71617603302002 11.526390075683594 16.00345230102539
v 14.657867431640625 12.075681686401367 15.443962097167969
v 6.414737701416016 4.003421783447266 13.344791412353516
v 6.34547758102417 5.084670543670654 13.055641174316406
v 6.9784698486328125 2.956007480621338 13.099849700927734
v 7.892667293548584 9.619882583618164 17.31662368774414
v 8.795778274536133 10.57479476928711 17.102558135986328
v 8.931143760681152 10.632939338684082 17.831417083740234
v 10.138750076293945 11.345455169677734 17.22130584716797
v 7.076815605163574 8.11513900756836 17.374176025390625
v 6.894566059112549 8.21767807006836 20.278640747070312
v 10.485551834106445 0.9328560829162598 20.266098022460938
v 10.216145515441895 1.257307529449463 21.30670166015625
v 12.00660514831543 0.8599777221679688 21.44424819946289
v 8.302626609802246 0.04797935485839844 13.42697525024414
v 12.101390838623047 -6.6444268226623535 14.225811004638672
v 9.65312385559082 12.737054824829102 22.819366455078125
v 11.256959915161133 12.988101959228516 23.18825912475586
v 11.187397003173828 11.798574447631836 19.984600067138672
v 11.940802574157715 11.881597518920898 20.302635192871094
v 19.77610969543457 -5.499264240264893 13.830116271972656
v 24.526599884033203 -6.215933322906494 13.951175689697266
v 22.822484970092773 -8.425249099731445 14.226978302001953
v 25.0665340423584 -5.503187656402588 14.139163970947266
v 23.028430938720703 -3.003960132598877 13.556087493896484
v 19.347131729125977 -6.594431400299072 14.463699340820312
v 19.640743255615234 -6.011875629425049 14.023414611816406
v 17.037687301635742 -5.018974781036377 13.670177459716797
v 18.778823852539062 -6.398721218109131 14.067203521728516
v 24.234712600708008 -3.6096692085266113 14.127250671386719
v 24.298175811767578 -2.560638904571533 13.642448425292969
v 23.61077308654785 -2.1437554359436035 13.465278625488281
v 26.17111587524414 -3.4452061653137207 13.740558624267578
v 26.539886474609375 -2.553612232208252 13.470375061035156
v 27.330312728881836 0.09226608276367188 13.12481689453125
v 23.336788177490234 1.534705638885498 12.946372985839844
v 14.446327209472656 11.883317947387695 12.71142578125
v 15.259942054748535 11.692487716674805 12.982036590576172
v 15.5031099319458 11.40334701538086 12.563030242919922
v 14.614950180053711 11.538419723510742 12.28048324584961
v 16.796857833862305 10.710115432739258 12.580699920654297
v 14.236924171447754 11.45293140411377 12.160926818847656
v 16.826860427856445 10.176654815673828 12.23122787475586
v 17.36211585998535 10.629724502563477 13.131412506103516
v 11.23672103881836 10.531871795654297 12.013721466064453
v 18.17095184326172 8.731687545776367 12.260356903076172
v 9.565253257751465 4.299966812133789 12.575611114501953
v 13.464599609375 11.215383529663086 12.050540924072266
v 12.031318664550781 11.700132369995117 12.14602279663086
v 13.276248931884766 11.903600692749023 12.30990982055664
v 20.396692276000977 8.182209014892578 12.703624725341797
v 17.937849044799805 9.754876136779785 12.406684875488281
v 20.54833221435547 7.6713409423828125 12.519256591796875
v 6.706315994262695 8.939376831054688 14.49676513671875
v 6.776083469390869 8.764593124389648 13.22592544555664
v 6.324934005737305 7.873785495758057 13.718372344970703
v 6.844732284545898 8.82996940612793 15.510540008544922
v 6.159668922424316 7.368800163269043 14.86612319946289
v 7.468265533447266 9.837942123413086 15.45400619506836
v 8.12851333618164 10.794249534606934 14.45004653930664
v 8.614646911621094 11.078910827636719 15.084430694580078
v 6.908092498779297 8.650325775146484 12.795829772949219
v 6.381989479064941 6.774286270141602 12.906391143798828
v 6.283541679382324 6.993722438812256 15.800155639648438
v 7.574441909790039 10.140278816223145 13.553192138671875
v 7.634649276733398 9.614551544189453 12.559654235839844
v 8.123631477355957 10.560035705566406 13.051033020019531
v 6.081664562225342 7.058478355407715 14.187614440917969
v 5.994606971740723 5.939889907836914 15.095569610595703
v 9.085831642150879 11.040596008300781 12.519523620605469
v 9.419109344482422 11.057290077209473 12.327552795410156
v 8.163804054260254 9.628538131713867 12.293388366699219
v 10.82635498046875 11.565194129943848 12.209983825683594
v 9.969213485717773 11.645307540893555 12.679061889648438
v 9.823881149291992 11.896051406860352 13.90127182006836
v 10.586441040039062 12.071020126342773 13.205833435058594
v 11.12332534790039 12.008359909057617 12.624614715576172
v 12.3141508102417 12.444374084472656 13.57314682006836
v 11.619222640991211 12.444135665893555 14.16849136352539
v 11.908869743347168 11.978113174438477 12.36550521850586
v 13.70817756652832 12.315808296203613 13.509010314941406
v 13.58206558227539 12.416557312011719 14.779354095458984
v 14.651460647583008 12.197843551635742 14.333820343017578
v 25.033681869506836 4.356156826019287 13.013469696044922
v 7.558169841766357 4.618247985839844 12.672134399414062
v 7.935381889343262 7.080371856689453 12.373851776123047
v 12.01484203338623 -5.2770562171936035 13.826984405517578
v 15.738448143005371 11.789226531982422 14.363029479980469
v 18.11003303527832 10.425161361694336 14.27545166015625
v 16.432662963867188 11.428434371948242 15.149871826171875
v 24.662368774414062 5.053384780883789 13.263652801513672
v 26.96784782409668 3.503657817840576 14.829635620117188
v 21.240005493164062 8.049036026000977 13.674701690673828
v 19.589181900024414 9.451862335205078 14.684635162353516
v 10.170888900756836 11.99251937866211 14.879959106445312
v 17.95625877380371 10.462701797485352 15.574695587158203
v 8.670685768127441 11.177753448486328 13.5736083984375
v 9.115936279296875 11.527973175048828 14.271438598632812
v 24.558124542236328 5.580408096313477 14.094348907470703
v 25.867738723754883 4.443841934204102 14.177001953125
v 25.069787979125977 5.302889347076416 14.826530456542969
v 7.5203375816345215 8.952919006347656 12.412761688232422
v 7.005928993225098 7.564532279968262 12.520347595214844
v 6.741809844970703 4.707171440124512 12.836540222167969
v -6.130681991577148 -27.21068000793457 60.38323974609375
v -5.112037181854248 -25.804819107055664 59.655784606933594
v -5.373715400695801 -25.935976028442383 59.57843017578125
v -4.720078945159912 -25.95440101623535 59.74919891357422
v -23.63619613647461 -18.074613571166992 56.20124816894531
v -5.642106533050537 -25.883955001831055 59.848426818847656
v -5.771573066711426 -25.875961303710938 60.70000457763672
v -5.7705559730529785 -26.169389724731445 61.06138610839844
v -5.392022132873535 -26.207799911499023 61.304874420166016
v -5.381038188934326 -25.861295700073242 61.0761604309082
v -5.5821027755737305 -25.646785736083984 60.356178283691406
v -5.243842601776123 -25.567960739135742 60.29924774169922
v -5.214552402496338 -25.696535110473633 60.81498718261719
v -5.18027925491333 -26.082948684692383 61.250518798828125
v -5.276793956756592 -25.649120330810547 59.86875915527344
v -4.6488871574401855 -25.90961265563965 60.672420501708984
v -4.780896186828613 -25.70122718811035 60.48264694213867
v -4.808660984039307 -26.19277000427246 61.03880310058594
v -4.68346643447876 -25.791011810302734 59.98261260986328
v -4.541083812713623 -25.993688583374023 60.2469596862793
v -18.714645385742188 0.5304474830627441 20.814937591552734
v -17.759666442871094 0.521700382232666 20.62517547607422
v -16.450359344482422 0.8315343856811523 20.252052307128906
v -15.189155578613281 1.4430136680603027 20.093128204345703
v -15.625150680541992 1.370750904083252 21.202037811279297
v -14.13298225402832 2.3755128383636475 19.633403778076172
v -13.317130088806152 3.2549004554748535 21.162818908691406
v -14.322757720947266 2.078019142150879 21.822647094726562
v -14.025585174560547 1.9194202423095703 23.308570861816406
v -13.039382934570312 2.9298245906829834 22.866722106933594
v -13.67969799041748 1.684485912322998 23.943946838378906
v -11.760993003845215 4.885097503662109 22.504364013671875
v -13.631084442138672 2.988178253173828 19.52674102783203
v -12.825809478759766 4.721530437469482 18.668655395507812
v -12.557317733764648 5.445488452911377 19.91179656982422
v -12.232074737548828 4.647391319274902 22.103500366210938
v -12.357778549194336 6.719414234161377 20.367908477783203
v 12.410360336303711 0.5248684883117676 25.628578186035156
v 11.757943153381348 0.37796783447265625 25.510704040527344
v 11.883137702941895 0.9335947036743164 22.004295349121094
v -7.1615309715271 10.285350799560547 21.506019592285156
v -12.646305084228516 8.086858749389648 19.953113555908203
v -12.024297714233398 8.16640853881836 21.67951202392578
v -12.19841194152832 9.597078323364258 21.974796295166016
v -13.490939140319824 11.161191940307617 22.066097259521484
v -12.835267066955566 9.133567810058594 20.628509521484375
v -12.101693153381348 9.03586196899414 21.867019653320312
v -17.298551559448242 0.8735060691833496 21.348407745361328
v -14.725192070007324 1.2860455513000488 24.14997100830078
v -16.051382064819336 0.7429594993591309 24.687896728515625
v -17.133895874023438 0.49129629135131836 25.305267333984375
v -17.54558563232422 0.9338498115539551 21.905014038085938
v -15.651694297790527 0.7102713584899902 24.926658630371094
v -14.63071060180664 0.9463934898376465 24.562416076660156
v -11.30414867401123 5.032711029052734 22.496604919433594
v -5.855883598327637 4.856128692626953 22.037906646728516
v -9.055827140808105 4.2674760818481445 22.438858032226562
v -11.468803405761719 7.272719383239746 22.077625274658203
v -5.124444961547852 7.403534412384033 21.575664520263672
v -3.531083583831787 8.740530014038086 21.417083740234375
v -3.531083583831787 11.571462631225586 21.368427276611328
v -1.9062963724136353 6.412847995758057 21.665374755859375
v -5.079085826873779 3.370236396789551 22.402286529541016
v -1.4272812604904175 3.8828446865081787 22.218196868896484
v 1.4477252960205078 5.071954250335693 22.084293365478516
v 5.789881706237793 7.293754577636719 22.11785888671875
v 2.3987386226654053 2.8603973388671875 22.784984588623047
v 1.0101027488708496 10.395631790161133 21.500247955322266
v 6.380362033843994 9.362770080566406 21.997074127197266
v 6.087460994720459 7.35542631149292 21.926437377929688
v 5.55108642578125 5.68474006652832 22.389667510986328
v 6.082884311676025 5.349587440490723 22.37451934814453
v 6.23757266998291 3.933563709259033 22.884639739990234
v 6.40649938583374 5.177602767944336 21.978546142578125
v 6.69268798828125 6.955711841583252 20.23336410522461
v 6.820323944091797 5.410802841186523 20.256275177001953
v 7.107020854949951 4.239540100097656 20.86615753173828
v 6.6161065101623535 9.379216194152832 21.83429718017578
v 7.060135841369629 3.1860761642456055 22.93164825439453
v 10.927955627441406 0.5864548683166504 25.019882202148438
v 8.49402904510498 1.7260370254516602 23.661422729492188
v 9.246316909790039 1.6901679039001465 21.810264587402344
v 9.512572288513184 1.04935884475708 24.377975463867188
v 9.313643455505371 1.6134796142578125 19.90652847290039
v 8.712078094482422 2.0967917442321777 19.854206085205078
v 8.176618576049805 2.654188632965088 20.88608169555664
v 7.804084777832031 2.4347827434539795 23.08191680908203
v -11.83269214630127 6.797003746032715 21.821727752685547
v -11.897679328918457 5.760729789733887 21.985767364501953
v -11.596134185791016 5.98159122467041 22.236446380615234
v -20.85333251953125 1.94850492477417 22.216312408447266
v -20.02313995361328 0.945981502532959 26.35211181640625
v -19.276954650878906 0.769899845123291 26.06137466430664
v -17.756004333496094 0.5190587043762207 25.565982818603516
v -21.985679626464844 3.1263089179992676 22.6221923828125
v -19.867740631103516 1.3647284507751465 22.02313995361328
v -18.787464141845703 0.954124927520752 21.673358917236328
v 15.145526885986328 -25.222524642944336 71.67093658447266
v 14.006061553955078 -25.21889877319336 72.30207824707031
v 15.774043083190918 -24.472116470336914 72.2108383178711
v 10.224077224731445 -25.634140014648438 71.25475311279297
v 11.797404289245605 -25.176223754882812 72.48961639404297
v 11.595932960510254 -25.549591064453125 72.01691436767578
v 13.135086059570312 -25.839128494262695 71.53614044189453
v 12.888664245605469 -25.187908172607422 72.58084869384766
v 10.94697380065918 -26.06715202331543 70.6980972290039
v 12.160680770874023 -26.006135940551758 71.25524139404297
v 9.036303520202637 -25.769132614135742 69.34939575195312
v 10.033184051513672 -25.27263832092285 71.66287994384766
v 9.03050708770752 -25.05767250061035 71.00516510009766
v 16.296586990356445 -23.473329544067383 72.5257339477539
v 17.86971092224121 -22.092092514038086 71.61764526367188
v 17.81560516357422 -22.388362884521484 71.71514129638672
v 14.628678321838379 -22.954973220825195 72.04539489746094
v 15.56555461883545 -22.5164852142334 71.85723876953125
v 16.60789680480957 -21.948392868041992 71.51546478271484
v 15.485413551330566 -24.03585433959961 72.75342559814453
v 13.727602005004883 -24.69515037536621 72.86310577392578
v 17.351642608642578 -23.25596809387207 71.80840301513672
v 13.783842086791992 -23.28813934326172 72.07586669921875
v 10.825846672058105 -24.08219337463379 71.5022201538086
v 12.21153450012207 -23.770830154418945 71.93063354492188
v 12.614883422851562 -24.553897857666016 70.83831787109375
v 18.202171325683594 -23.12801742553711 70.59723663330078
v 18.814315795898438 -22.186128616333008 69.95906066894531
v 19.528669357299805 -22.80389976501465 70.55897521972656
v 17.98961639404297 -24.422399520874023 71.55137634277344
v 17.84652328491211 -23.59270477294922 70.89983367919922
v 20.144472122192383 -21.28925132751465 69.63404846191406
v 17.612201690673828 -21.22343635559082 70.98624420166016
v 18.429780960083008 -21.545703887939453 71.08088684082031
v 18.827537536621094 -20.32646369934082 69.88816833496094
v 18.92506980895996 -20.730979919433594 70.09752655029297
v 18.495786666870117 -22.10822105407715 70.80717468261719
v 18.292179107666016 -21.960514068603516 69.16938018798828
v 16.476192474365234 -24.57021713256836 71.42890167236328
v 14.98392391204834 -26.136884689331055 72.1290512084961
v 16.886762619018555 -25.19158172607422 71.91881561279297
v -17.8829288482666 -9.754934310913086 51.935760498046875
v -18.047077178955078 -9.567756652832031 51.05130386352539
v -16.488597869873047 -8.344635009765625 50.347984313964844
v -17.81194305419922 -9.551704406738281 49.936546325683594
v -16.473241806030273 -8.356637954711914 49.34111404418945
v -14.070436477661133 -6.60869836807251 48.56296157836914
v -15.146440505981445 -7.661877155303955 50.351219177246094
v -15.462833404541016 -8.469982147216797 51.51250457763672
v -14.002397537231445 -6.834825038909912 47.715293884277344
v -14.138778686523438 -7.278067111968994 47.30180358886719
v -13.991006851196289 -7.099323749542236 50.02039337158203
v -21.58863639831543 -14.439516067504883 52.25273132324219
v -19.276649475097656 -11.068458557128906 50.76858901977539
v -21.658403396606445 -13.445615768432617 53.09054183959961
v -22.99212074279785 -15.822006225585938 53.91325378417969
v -23.0277156829834 -15.310667037963867 54.395538330078125
v -20.331602096557617 -12.153160095214844 53.54674530029297
v -20.812040328979492 -12.338685989379883 52.76906967163086
v -18.835773468017578 -10.314569473266602 51.053627014160156
v -18.025413513183594 -10.775335311889648 49.213111877441406
v -20.330787658691406 -13.704858779907227 50.863525390625
v -17.85760498046875 -9.949567794799805 49.54012680053711
v -16.443645477294922 -9.220499038696289 48.312904357910156
v -2.3777856826782227 -17.933866500854492 56.27283477783203
v 12.51633358001709 -17.90526580810547 57.365760803222656
v 6.081968307495117 -20.822235107421875 53.64122772216797
v -2.1666529178619385 -22.07865333557129 55.320316314697266
v -23.382043838500977 -17.23978042602539 56.29241943359375
v -21.096500396728516 -15.335914611816406 55.9823112487793
v -21.065685272216797 -17.20269203186035 56.3583984375
v -19.484628677368164 -12.091032028198242 54.072357177734375
v -17.164405822753906 -10.108598709106445 52.88573455810547
v -19.186439514160156 -12.772111892700195 54.77783203125
v -13.527146339416504 -7.938344478607178 51.429962158203125
v -15.958426475524902 -11.008512496948242 53.99415969848633
v -8.438701629638672 -14.86674690246582 55.83465576171875
v -13.789536476135254 -7.542294979095459 50.85327911376953
v -22.533140182495117 -15.126399993896484 55.462005615234375
v -21.82244873046875 -13.718271255493164 54.26002502441406
v -20.365163803100586 -14.287637710571289 55.568294525146484
v -22.071720123291016 -14.962200164794922 55.578060150146484
v -23.34177017211914 -16.337194442749023 55.92841339111328
v -22.693727493286133 -16.183744430541992 56.11001968383789
v -23.748680114746094 -16.559898376464844 55.19200134277344
v -23.621654510498047 -16.456838607788086 55.709293365478516
v 6.504641532897949 -20.160675048828125 54.28797912597656
v 6.679263591766357 -19.670780181884766 55.70246124267578
v 6.994336128234863 -19.800579071044922 54.93273162841797
v 8.327543258666992 -19.37596321105957 56.066505432128906
v 7.058000564575195 -19.33559226989746 56.965553283691406
v 8.40839672088623 -19.1439208984375 57.06822967529297
v 6.297170162200928 -19.60994529724121 56.89424133300781
v 2.4667768478393555 -21.38629913330078 55.2762451171875
v 2.3997552394866943 -21.16109848022461 55.40170669555664
v 2.7951717376708984 -21.26064682006836 55.67612075805664
v 4.630990505218506 -21.141399383544922 55.079864501953125
v 3.943486452102661 -21.256851196289062 56.64030838012695
v 2.085598945617676 -20.737285614013672 56.51531219482422
v 3.1575350761413574 -20.99186897277832 56.61780548095703
v 4.255304336547852 -20.80038070678711 56.69573974609375
v 4.557968616485596 -20.96885108947754 55.39043426513672
v 5.62136173248291 -20.85842514038086 53.908416748046875
v -0.3577856421470642 -21.06192970275879 56.32258605957031
v -2.38195538520813 -21.74036979675293 56.159751892089844
v -0.09844619780778885 -15.025001525878906 56.1185417175293
v 5.830460548400879 -20.012521743774414 55.64076614379883
v 5.0784783363342285 -20.57843780517578 55.14150619506836
v 11.095255851745605 -16.138784408569336 57.100345611572266
v -6.56291389465332 -21.17656898498535 55.274085998535156
v -6.840662002563477 -20.959800720214844 56.05208206176758
v -4.803677558898926 -21.355348587036133 56.093048095703125
v -7.598543167114258 -21.105974197387695 55.175193786621094
v -2.713503360748291 -22.140670776367188 56.13288879394531
v -1.7520148754119873 -21.685832977294922 55.4625129699707
v 1.3434813022613525 -21.122270584106445 55.25619888305664
v -0.5563074946403503 -21.374267578125 55.30356216430664
v -13.033283233642578 -19.503286361694336 56.24720001220703
v -14.021414756774902 -19.351335525512695 56.287864685058594
v -11.883848190307617 -20.30805778503418 53.98475646972656
v -11.775230407714844 -19.951004028320312 56.20338439941406
v -10.793910026550293 -20.419403076171875 56.1871337890625
v -13.675528526306152 -19.611848831176758 55.142765045166016
v -8.936124801635742 -22.702444076538086 55.304405212402344
v -8.834728240966797 -21.281517028808594 55.51543045043945
v -8.642207145690918 -22.700918197631836 54.972808837890625
v -8.207329750061035 -21.27843475341797 54.953125
v -7.875375270843506 -21.514455795288086 54.64876937866211
v -8.005859375 -22.87459373474121 54.60127258300781
v -7.055354118347168 -21.567991256713867 54.45649719238281
v -6.566168308258057 -21.525882720947266 54.51701736450195
v -5.5930867195129395 -21.79623794555664 54.48086929321289
v -4.855240345001221 -21.985023498535156 54.63603591918945
v -4.244012832641602 -21.926570892333984 55.061981201171875
v -4.716519355773926 -23.482580184936523 54.799102783203125
v -4.1291913986206055 -22.430776596069336 55.01808166503906
v -4.167532920837402 -23.49626922607422 55.15578842163086
v -3.8907010555267334 -22.140626907348633 55.243995666503906
v -3.5863075256347656 -21.82213020324707 56.123687744140625
v -2.513150930404663 -22.24893569946289 55.712669372558594
v -2.7014007568359375 -23.029644012451172 56.13489532470703
v -3.351986885070801 -22.306072235107422 56.09831619262695
v -14.180171966552734 -19.671123504638672 55.09172439575195
v -14.201935768127441 -19.82398223876953 54.9246826171875
v -8.452227592468262 -20.88730812072754 56.104217529296875
v -13.315299034118652 -20.053916931152344 54.03804016113281
v 14.951278686523438 -13.742864608764648 55.942298889160156
v 13.45656681060791 -11.972246170043945 54.785186767578125
v 14.712177276611328 -12.733341217041016 54.93101501464844
v 16.959989547729492 -17.647924423217773 57.53288650512695
v 16.337778091430664 -16.765098571777344 57.402427673339844
v 17.48395538330078 -16.60650062561035 57.020992279052734
v 17.622270584106445 -17.58558464050293 57.399200439453125
v 17.871437072753906 -17.397188186645508 57.080772399902344
v 17.711055755615234 -16.466472625732422 56.53570556640625
v 17.81652069091797 -18.25010108947754 57.233699798583984
v 18.234514236450195 -18.099672317504883 56.422996520996094
v 18.04341697692871 -17.255908966064453 56.56147766113281
v 16.205665588378906 -14.233539581298828 55.50520324707031
v 15.644882202148438 -15.019779205322266 56.704071044921875
v 16.8717098236084 -15.832906723022461 56.804195404052734
v 16.93425750732422 -15.408836364746094 56.30217742919922
v 15.503822326660156 -13.123003005981445 54.40639114379883
v 16.378660202026367 -14.353937149047852 54.43708038330078
v 17.613624572753906 -16.361957550048828 55.66889953613281
v 10.900699615478516 -15.085931777954102 56.85967254638672
v 13.719161033630371 -14.274845123291016 56.561981201171875
v 14.178444862365723 -13.571645736694336 56.05154037475586
v 14.619220733642578 -18.545032501220703 51.83470916748047
v 16.48697280883789 -18.185392379760742 53.86610412597656
v 16.204242706298828 -15.70149040222168 53.48917007446289
v 14.84032154083252 -15.322242736816406 51.811500549316406
v 16.396560668945312 -15.091741561889648 53.891788482666016
v 14.853845596313477 -14.260547637939453 51.89073181152344
v 11.750314712524414 -13.510814666748047 48.857139587402344
v 12.396934509277344 -19.235288619995117 49.900211334228516
v 10.677363395690918 -15.345535278320312 48.15762710571289
v 11.232857704162598 -19.4762020111084 49.07976531982422
v 15.54989242553711 -13.169273376464844 53.855796813964844
v 15.107184410095215 -13.122852325439453 52.665122985839844
v 14.45273494720459 -12.917985916137695 51.73900604248047
v 12.952531814575195 -10.820749282836914 50.89125061035156
v 11.597153663635254 -10.596099853515625 49.21832275390625
v 12.470364570617676 -12.177417755126953 49.642189025878906
v 12.57348918914795 -10.14463996887207 51.05055618286133
v 13.855237007141113 -11.272329330444336 52.28643798828125
v 14.667630195617676 -12.36787223815918 52.503807067871094
v 13.662714958190918 -11.053604125976562 52.849342346191406
v 13.329235076904297 -11.034074783325195 53.515968322753906
v 10.739400863647461 -8.542509078979492 49.845802307128906
v 9.249774932861328 -7.7587056159973145 48.34882354736328
v 9.919175148010254 -7.972012996673584 50.7567138671875
v 11.722450256347656 -9.229602813720703 51.090782165527344
v 11.619324684143066 -9.369020462036133 52.075653076171875
v 7.996504783630371 -11.940507888793945 47.39007568359375
v 8.23224925994873 -12.35102653503418 48.82707214355469
v 7.5692548751831055 -14.506864547729492 47.754249572753906
v 5.486607551574707 -9.671405792236328 53.80149459838867
v 6.320460319519043 -11.185380935668945 53.00831604003906
v 6.576646327972412 -9.096899032592773 53.2396240234375
v 8.054067611694336 -10.640266418457031 51.22815704345703
v 7.989385604858398 -7.794527530670166 51.60588455200195
v 7.702688217163086 -10.386514663696289 51.902191162109375
v 7.980231761932373 -13.205682754516602 50.05950927734375
v 8.341985702514648 -11.491912841796875 49.660064697265625
v 7.992944717407227 -12.25058364868164 50.7605094909668
v 8.325101852416992 -9.169685363769531 50.69142532348633
v 8.090578079223633 -9.381410598754883 47.033363342285156
v 8.126886367797852 -7.5915350914001465 47.40201950073242
v 8.437177658081055 -9.070663452148438 48.71214294433594
v 8.459450721740723 -9.06375503540039 49.88360595703125
v 7.173127174377441 -13.242403030395508 51.51044464111328
v 7.306356906890869 -11.831014633178711 52.018653869628906
v 6.223029136657715 -12.511711120605469 52.58164978027344
v 7.769506454467773 -12.164594650268555 51.26873779296875
v 7.634242534637451 -14.758308410644531 49.04407501220703
v 6.7803544998168945 -16.385643005371094 47.70896530151367
v 7.054644584655762 -15.904582977294922 49.110198974609375
v 7.627835750579834 -8.233217239379883 52.20867919921875
v 10.897852897644043 -9.56962776184082 52.98851013183594
v 8.388360977172852 -6.984268665313721 49.9339714050293
v 8.192992210388184 -7.461880207061768 51.03694152832031
v 8.325407981872559 -6.842230319976807 48.244110107421875
v 8.390090942382812 -6.760916233062744 48.980735778808594
v 9.92161750793457 -8.314554214477539 51.548492431640625
v 8.799745559692383 -9.717851638793945 53.675048828125
v 9.211535453796387 -16.24250602722168 47.389305114746094
v 7.600274562835693 -12.217073440551758 46.3919563293457
v 7.272591590881348 -13.361196517944336 46.25493621826172
v 7.403685092926025 -14.446718215942383 46.308807373046875
v 7.9636549949646 -12.07618522644043 46.48511505126953
v 7.725876808166504 -11.901134490966797 46.58830261230469
v 7.784049034118652 -10.795133590698242 46.49113464355469
v 9.050541877746582 -14.060455322265625 47.061370849609375
v 7.995386600494385 -11.216960906982422 46.48149108886719
v 7.13814115524292 -13.997175216674805 46.386695861816406
v 7.96334981918335 -10.253925323486328 46.80342102050781
v 4.829410552978516 -17.792627334594727 46.16925048828125
v 4.472437381744385 -17.87398338317871 45.9780158996582
v 5.1641106605529785 -17.85565757751465 46.064903259277344
v 5.426399230957031 -17.142147064208984 46.209014892578125
v 5.659398555755615 -17.04473304748535 46.29583740234375
v 6.299407958984375 -16.046066284179688 46.37141418457031
v 6.183976173400879 -17.20916748046875 47.396644592285156
v 5.831783294677734 -17.144620895385742 46.14789581298828
v 5.888430595397949 -16.481142044067383 46.202491760253906
v 6.540542125701904 -15.464122772216797 46.27470016479492
v 3.3591084480285645 -18.734577178955078 45.90095138549805
v 2.906637191772461 -18.901653289794922 45.80414581298828
v 4.011321067810059 -18.81113624572754 45.92202377319336
v 3.6353297233581543 -18.677860260009766 46.04713439941406
v 2.053359031677246 -19.208059310913086 45.64952087402344
v 1.6747236251831055 -19.814027786254883 45.56910705566406
v 2.562173366546631 -19.429018020629883 45.721168518066406
v 2.4663705825805664 -19.35124397277832 45.84496307373047
v 1.6230593919754028 -19.529983520507812 45.712196350097656
v 1.0762088298797607 -19.361530303955078 45.463096618652344
v 10.495620727539062 -9.112024307250977 48.7719841003418
v 7.994165420532227 -9.65560531616211 46.770484924316406
v 8.326120376586914 -8.908927917480469 46.95440673828125
v 8.286558151245117 -9.33799934387207 46.91353988647461
v 9.412701606750488 -8.746166229248047 47.83140182495117
v 9.35940933227539 -9.870519638061523 47.426761627197266
v 9.38005542755127 -11.19676399230957 47.24095153808594
v 3.312122106552124 -10.533266067504883 54.424983978271484
v 1.3549734354019165 -11.870405197143555 54.27292251586914
v 2.689910650253296 -12.700241088867188 53.703243255615234
v 4.886464595794678 -11.81779670715332 53.50099182128906
v 5.093936443328857 -14.161218643188477 52.17401123046875
v 4.497354507446289 -10.097822189331055 54.112430572509766
v 0.6518077254295349 -12.842683792114258 53.88233184814453
v 0.8025295734405518 -11.041622161865234 54.613311767578125
v -8.669259071350098 -18.84942054748535 45.4379768371582
v -10.415987014770508 -17.843128204345703 45.888954162597656
v -9.492230415344238 -18.006484985351562 45.342735290527344
v -9.686784744262695 -18.710039138793945 46.1343994140625
v -9.03152084350586 -18.99240493774414 45.37574768066406
v -8.109289169311523 -18.822444915771484 45.26584243774414
v 0.715066134929657 -19.57626724243164 45.45701599121094
v -11.048774719238281 -16.560998916625977 45.482688903808594
v -10.564675331115723 -17.047382354736328 45.40202331542969
v -11.567962646484375 -15.951990127563477 45.54802703857422
v -11.32997989654541 -16.45216178894043 45.5645637512207
v -11.995109558105469 -15.592845916748047 45.739994049072266
v -12.160476684570312 -15.611471176147461 45.68271255493164
v -12.421443939208984 -14.474773406982422 45.71208953857422
v -12.157527923583984 -15.067663192749023 45.712806701660156
v -12.223531723022461 -19.998376846313477 46.31101989746094
v -5.0627121925354 -11.882116317749023 54.816436767578125
v -6.547354221343994 -11.135007858276367 54.35781478881836
v -4.86317253112793 -11.067258834838867 54.34959411621094
v -4.200993061065674 -12.245649337768555 53.882999420166016
v -5.985451698303223 -12.510297775268555 53.87804412841797
v -3.831815719604492 -10.695615768432617 54.21662902832031
v -3.4314160346984863 -12.309871673583984 53.55735778808594
v -3.397346019744873 -13.335975646972656 53.079925537109375
v -3.076171636581421 -9.86721420288086 53.753814697265625
v -2.8057467937469482 -9.317041397094727 53.428550720214844
v -2.331613302230835 -10.162700653076172 53.994171142578125
v -3.344155788421631 -10.242498397827148 53.99800109863281
v -1.8496485948562622 -10.663570404052734 54.277748107910156
v -0.7355060577392578 -11.062480926513672 54.52107238769531
v -1.3182569742202759 -10.940587997436523 54.43819046020508
v -15.906965255737305 -14.102670669555664 55.673248291015625
v -9.509112358093262 -10.446699142456055 53.95124816894531
v -10.30777645111084 -10.140682220458984 53.719139099121094
v -10.108033180236816 -11.427034378051758 53.45933532714844
v -8.411242485046387 -12.41956901550293 53.57483673095703
v -8.630409240722656 -10.777379989624023 54.15375518798828
v -9.500874519348145 -10.548307418823242 54.03065490722656
v -13.779467582702637 -11.903398513793945 54.710227966308594
v -11.409409523010254 -9.634075164794922 53.29341125488281
v -9.462940216064453 -13.826654434204102 52.50151824951172
v -8.501349449157715 -14.492189407348633 52.28895950317383
v -13.603523254394531 -10.236221313476562 46.233665466308594
v -14.03016185760498 -9.985849380493164 48.041717529296875
v -13.350081443786621 -14.380714416503906 48.58803176879883
v -13.15125560760498 -14.389842987060547 47.22199249267578
v -12.83150577545166 -15.613027572631836 48.169464111328125
v -11.892492294311523 -16.96807861328125 47.1317253112793
v -13.59691333770752 -12.360006332397461 47.11884307861328
v -13.873235702514648 -12.074098587036133 48.2991943359375
v -14.115488052368164 -8.862600326538086 49.16960525512695
v -13.96019172668457 -10.018596649169922 50.17583465576172
v -11.558708190917969 -12.12458610534668 52.541316986083984
v -13.063791275024414 -8.457355499267578 52.05219650268555
v -11.991144180297852 -9.314214706420898 52.99970245361328
v -13.34560775756836 -11.29914665222168 51.26125717163086
v -13.738582611083984 -12.157915115356445 49.98813247680664
v -12.884797096252441 -10.874080657958984 51.94383239746094
v -12.885305404663086 -12.111705780029297 51.551231384277344
v -13.013550758361816 -13.531429290771484 50.642730712890625
v -12.441884994506836 -12.920557022094727 51.592044830322266
v -11.970600128173828 -13.761343002319336 51.4600944519043
v -13.622540473937988 -13.333003997802734 49.18657302856445
v -13.27960205078125 -13.884113311767578 49.88941192626953
v 9.27235221862793 -11.230283737182617 54.92010498046875
v 9.132920265197754 -13.103580474853516 56.05462646484375
v 11.709228515625 -12.68185806274414 55.77153015136719
v 6.876667022705078 -8.838178634643555 52.977760314941406
v 6.84381628036499 -8.962930679321289 53.117027282714844
v 10.978196144104004 -10.681507110595703 54.246070861816406
v -13.735023498535156 -8.877277374267578 46.549278259277344
v -13.9719877243042 -8.506433486938477 46.641822814941406
v -13.94646167755127 -9.628536224365234 46.369239807128906
v -16.059112548828125 -19.648324966430664 47.88926315307617
v -15.197494506835938 -14.413427352905273 46.81243896484375
v -17.630504608154297 -15.566268920898438 48.40863037109375
v -13.69749641418457 -15.226282119750977 46.16792297363281
v -12.780146598815918 -13.955636978149414 45.888893127441406
v -12.983854293823242 -14.038400650024414 45.82347106933594
v -13.442630767822266 -10.908475875854492 46.079559326171875
v -13.188478469848633 -12.412050247192383 45.93345642089844
v -12.882457733154297 -13.200433731079102 45.772056579589844
v -13.459920883178711 -11.985977172851562 45.971275329589844
v -13.674002647399902 -11.13006591796875 46.074440002441406
v -13.279095649719238 -11.449705123901367 45.974884033203125
v -20.9591007232666 -15.710325241088867 51.38145446777344
v -19.539243698120117 -14.534337997436523 49.96278762817383
v -18.68220329284668 -13.360578536987305 49.236900329589844
v -14.171731948852539 -8.96213150024414 46.59428787231445
v -16.85736846923828 -13.602684020996094 47.786983489990234
v -16.796958923339844 -12.06793212890625 47.81554412841797
v -15.322080612182617 -12.36961555480957 46.840972900390625
v -15.874725341796875 -10.282697677612305 47.418304443359375
v -13.984600067138672 -7.58739709854126 47.05427169799805
v -26.71857452392578 -20.803468704223633 70.60786437988281
v -27.047985076904297 -21.799863815307617 69.3919448852539
v -26.245052337646484 -20.78427505493164 68.54534149169922
v -25.92814826965332 -20.659582138061523 69.7140884399414
v -26.002592086791992 -20.028385162353516 69.0811538696289
v -25.42746925354004 -21.495309829711914 70.63807678222656
v -25.713354110717773 -22.343366622924805 69.56410217285156
v -26.345836639404297 -22.973560333251953 70.09347534179688
v -25.611650466918945 -20.307514190673828 69.60948181152344
v -25.25773048400879 -22.948530197143555 69.97395324707031
v -24.116737365722656 -22.909358978271484 71.63421630859375
v -24.604297637939453 -22.32241439819336 71.31481170654297
v -23.160030364990234 -23.5960750579834 72.00346374511719
v -25.43255615234375 -22.18187141418457 70.39273834228516
v -23.948217391967773 -21.636228561401367 70.8345947265625
v -24.149688720703125 -23.414791107177734 71.26158142089844
v -23.0783634185791 -22.21562385559082 71.17874908447266
v -22.713151931762695 -24.153079986572266 71.89030456542969
v -23.132164001464844 -24.650453567504883 70.87837982177734
v -25.07558250427246 -24.299041748046875 70.79278564453125
v -24.618940353393555 -23.59174346923828 70.35997009277344
v -24.024696350097656 -25.05652618408203 71.14112854003906
v -14.847538948059082 -21.134498596191406 55.24650192260742
v -0.6137689352035522 -19.75674819946289 45.305721282958984
v -6.824795722961426 -19.22638702392578 45.173797607421875
v -8.598271369934082 -20.142959594726562 45.47161102294922
v -7.3846635818481445 -19.494470596313477 45.268985748291016
v -7.420870780944824 -19.39967918395996 45.381988525390625
v -1.5437297821044922 -19.765840530395508 45.17381286621094
v -4.729130268096924 -19.652101516723633 45.095821380615234
v -5.502470016479492 -20.008317947387695 45.467742919921875
v 6.6138691902160645 -25.209964752197266 69.1089859008789
v 6.167906761169434 -24.89000701904297 68.65083312988281
v 6.9123640060424805 -25.70793342590332 67.92634582519531
v 6.549289226531982 -25.31490135192871 67.593017578125
v 10.00572395324707 -25.660900115966797 73.23329162597656
v 10.831236839294434 -26.921567916870117 71.02217864990234
v 12.07840633392334 -26.857019424438477 71.60748291015625
v 10.62620735168457 -25.56572151184082 73.64442443847656
v 13.370018005371094 -24.78910255432129 74.52983856201172
v 13.611763954162598 -26.557645797729492 71.97020721435547
v 7.648989677429199 -26.186254501342773 68.59809875488281
v 6.737131595611572 -25.36546516418457 69.57469177246094
v 7.633937835693359 -25.630081176757812 70.94047546386719
v 8.26357364654541 -25.0504207611084 72.9295883178711
v 8.361003875732422 -26.490510940551758 69.22109985351562
v 8.24770736694336 -25.716777801513672 71.66604614257812
v 7.807136535644531 -25.60411262512207 70.94670867919922
v 9.281201362609863 -25.723257064819336 72.64375305175781
v 9.861917495727539 -26.850778579711914 70.43743133544922
v 16.761262893676758 -22.263307571411133 74.81541442871094
v 17.410120010375977 -21.355777740478516 74.58009338378906
v 17.55229949951172 -22.860042572021484 73.61691284179688
v 18.22109031677246 -22.30112075805664 72.91996002197266
v 18.4576473236084 -22.182170867919922 72.85387420654297
v 18.88794708251953 -21.81917381286621 72.34368133544922
v 16.588167190551758 -23.37284278869629 73.98950958251953
v 14.366796493530273 -22.345787048339844 76.3456039428711
v 15.545519828796387 -23.126455307006836 75.23152923583984
v 11.169293403625488 -24.13036346435547 75.5842514038086
v 10.395140647888184 -24.679025650024414 74.81683349609375
v 11.504096984863281 -25.390291213989258 74.09732055664062
v 12.394086837768555 -25.15751075744629 74.39926147460938
v 12.220686912536621 -24.610862731933594 75.11246490478516
v 12.825507164001465 -23.49615478515625 76.09590148925781
v 13.456768989562988 -24.225252151489258 75.2920913696289
v 13.283266067504883 -24.866138458251953 74.6417236328125
v 16.41151237487793 -23.51167106628418 74.25108337402344
v 14.958192825317383 -24.1660099029541 74.47665405273438
v 14.944055557250977 -24.20940589904785 74.65849304199219
v -9.107898712158203 -19.334686279296875 46.81725311279297
v -7.860424995422363 -19.855735778808594 46.51050567626953
v -8.537351608276367 -19.493511199951172 47.13291931152344
v -6.755741119384766 -20.030231475830078 45.86841583251953
v -6.333881378173828 -20.277803421020508 46.22256851196289
v -5.886598110198975 -20.336654663085938 46.522560119628906
v -8.403207778930664 -19.586423873901367 46.284202575683594
v -9.015655517578125 -18.12238311767578 48.775657653808594
v -5.387852191925049 -20.178133010864258 46.945701599121094
v -5.302423000335693 -20.364625930786133 45.83977508544922
v -1.1455674171447754 -20.555875778198242 46.416893005371094
v -2.9053127765655518 -20.557462692260742 45.808753967285156
v -0.2659490406513214 -20.45825958251953 46.21002197265625
v -1.4293153285980225 -20.23369789123535 47.03064727783203
v 0.883280873298645 -20.18463897705078 46.87868118286133
v 2.8137831687927246 -18.987577438354492 48.142669677734375
v -1.4123311042785645 -20.411596298217773 45.74183654785156
v 0.9649474024772644 -20.108091354370117 46.074424743652344
v 1.7895452976226807 -20.0189151763916 46.6640625
v 2.844701051712036 -19.546220779418945 47.32396697998047
v -3.6642112731933594 -20.566823959350586 46.44737243652344
v 4.13346529006958 -18.737499237060547 48.046607971191406
v 4.567426681518555 -18.052780151367188 48.76109313964844
v -10.05423355102539 -18.643247604370117 47.637611389160156
v -10.597829818725586 -17.594289779663086 48.78948974609375
v -11.236210823059082 -17.743465423583984 47.96030807495117
v -26.264678955078125 -21.422367095947266 71.45707702636719
v -25.143211364746094 -22.43732261657715 72.64557647705078
v -22.40296173095703 -23.38580894470215 70.54517364501953
v -21.037818908691406 -23.219388961791992 71.47640228271484
v -23.853229522705078 -22.24712562561035 70.4364013671875
v -23.292037963867188 -23.03541374206543 70.19088745117188
v -24.850923538208008 -22.555004119873047 72.71571350097656
v -24.13494110107422 -23.107154846191406 73.33342742919922
v -23.16318130493164 -25.56165313720703 71.3335952758789
v -21.79437828063965 -24.22048568725586 72.21282958984375
v -21.589143753051758 -26.21830177307129 71.40072631835938
v -21.64853858947754 -24.81038475036621 71.83145141601562
v -21.41777801513672 -25.4481201171875 70.99430084228516
v -20.53612518310547 -24.83639907836914 72.14334869384766
v -20.479883193969727 -25.31859016418457 71.57137298583984
v -19.339805603027344 -25.023038864135742 72.00297546386719
v -21.14084243774414 -24.14278793334961 70.36249542236328
v -20.038497924804688 -25.806406021118164 70.82208251953125
v -19.85716438293457 -23.630117416381836 71.38408660888672
v -18.748615264892578 -23.919628143310547 71.15196228027344
v -19.41059112548828 -25.362751007080078 71.65853881835938
v -23.612905502319336 -23.34735870361328 73.42901611328125
v -18.24875259399414 -25.16708755493164 71.63746643066406
v -21.974491119384766 -24.15688133239746 73.8294677734375
v -20.509376525878906 -24.74598503112793 73.83478546142578
v -19.40784454345703 -26.72481346130371 70.9980239868164
v -19.458187103271484 -25.086528778076172 73.6269302368164
v -23.440217971801758 -23.523672103881836 73.64132690429688
v -17.315027236938477 -26.75852394104004 70.08985137939453
v -16.738683700561523 -25.60679817199707 72.2994155883789
v -17.891368865966797 -25.468690872192383 73.0794906616211
v -17.616674423217773 -25.95582389831543 69.85960388183594
v -18.21417236328125 -25.590614318847656 71.07505798339844
v -16.079959869384766 -25.61933708190918 71.77066802978516
v -16.497446060180664 -25.765369415283203 69.13214874267578
v -15.680068969726562 -26.403444290161133 68.93557739257812
v -16.630878448486328 -25.40146827697754 70.38009643554688
v -19.406522750854492 -25.118896484375 73.76978302001953
v -19.02768325805664 -24.35270118713379 74.69319152832031
v -16.639219284057617 -24.033510208129883 74.34542846679688
v -22.567209243774414 -23.964996337890625 73.85282135009766
v -21.598806381225586 -24.41192054748535 73.99064636230469
v -20.512935638427734 -24.38739776611328 74.45207214355469
v -20.271495819091797 -23.344959259033203 75.49712371826172
v -20.739933013916016 -24.745304107666016 73.95360565185547
v -14.579859733581543 -24.497291564941406 71.93561553955078
v -13.934257507324219 -24.54912757873535 70.76872253417969
v -15.978461265563965 -24.235599517822266 73.7063980102539
v -15.347707748413086 -25.58559226989746 71.04186248779297
v -13.083115577697754 -24.424102783203125 67.82911682128906
v -14.39669418334961 -25.81719970703125 67.84616088867188
v -14.660101890563965 -25.484350204467773 70.2545166015625
v -13.487887382507324 -24.93691062927246 68.51380157470703
v -13.342658042907715 -24.708955764770508 67.12557983398438
v -13.68101978302002 -25.2160587310791 67.25872039794922
v 8.076136589050293 -24.43770980834961 63.10365676879883
v 9.05847454071045 -25.181278228759766 63.99225616455078
v 7.620207786560059 -24.530603408813477 63.915557861328125
v 9.246113777160645 -24.518625259399414 62.20347213745117
v 10.356086730957031 -25.52583122253418 63.97262191772461
v 10.088610649108887 -24.67411994934082 62.01912307739258
v 7.073459625244141 -24.64068603515625 66.47378540039062
v 7.201908588409424 -24.59920883178711 65.1119613647461
v 8.620038032531738 -25.406808853149414 66.6666259765625
v 8.703229904174805 -25.30299949645996 64.99000549316406
v 11.8865966796875 -24.97799301147461 62.253963470458984
v 11.604679107666016 -24.72779655456543 62.21897506713867
v 12.743637084960938 -25.132524490356445 62.66748809814453
v 13.322827339172363 -25.079517364501953 63.123714447021484
v 13.66251277923584 -25.31171989440918 63.41803741455078
v 14.27770709991455 -24.200613021850586 62.04084396362305
v 15.067115783691406 -24.42827796936035 62.96437072753906
v 14.146918296813965 -25.175390243530273 64.02230072021484
v 11.100951194763184 -25.81698226928711 64.74151611328125
v 14.322352409362793 -25.416109085083008 64.2887191772461
v 14.916799545288086 -25.301496505737305 66.01849365234375
v 14.783875465393066 -25.496633529663086 65.35352325439453
v 12.961278915405273 -25.83011245727539 65.00717163085938
v 14.980159759521484 -25.495874404907227 66.54337310791016
v 13.858084678649902 -24.95514488220215 69.60792541503906
v 15.325133323669434 -24.630266189575195 69.0566177368164
v 15.063148498535156 -24.17681121826172 70.2696762084961
v 14.647492408752441 -25.154647827148438 68.36611938476562
v 15.868729591369629 -24.66829490661621 67.99031829833984
v 16.694242477416992 -24.032882690429688 68.38906860351562
v 16.476497650146484 -23.435314178466797 70.01898193359375
v 15.666851043701172 -23.230497360229492 71.10466003417969
v 13.643290519714355 -23.993408203125 71.34585571289062
v 14.584539413452148 -25.33524513244629 68.59241485595703
v 14.917510986328125 -25.21065330505371 67.46910858154297
v 14.836150169372559 -25.430500030517578 67.83523559570312
v 15.703666687011719 -24.90976333618164 67.03834533691406
v 16.23271942138672 -24.54463005065918 65.23699188232422
v 16.823200225830078 -24.231769561767578 66.72613525390625
v 16.249906539916992 -24.18096160888672 63.88786697387695
v 16.682748794555664 -23.112943649291992 62.49671936035156
v 15.036909103393555 -23.755952835083008 61.859474182128906
v 17.679832458496094 -22.997575759887695 63.9581184387207
v 17.47815704345703 -23.622682571411133 65.46053314208984
v 17.767908096313477 -23.064571380615234 68.34490966796875
v 17.209970474243164 -22.55533218383789 70.26180267333984
v 18.536163330078125 -22.220420837402344 67.97991180419922
v 18.089893341064453 -22.973247528076172 67.37663269042969
v 18.68769645690918 -22.27375602722168 66.7957992553711
v 19.288856506347656 -21.102418899536133 67.19962310791016
v 17.433408737182617 -22.010461807250977 62.108314514160156
v 18.402118682861328 -21.99920082092285 63.81127166748047
v 17.993684768676758 -23.15416145324707 65.84912872314453
v 18.403440475463867 -22.369888305664062 64.59931182861328
v 19.062976837158203 -21.047487258911133 64.20649719238281
v 19.075180053710938 -21.620561599731445 65.82665252685547
v -11.749805450439453 -22.02737808227539 53.2047119140625
v -12.500873565673828 -21.69514274597168 53.072532653808594
v -11.830048561096191 -21.824678421020508 53.024574279785156
v -13.102642059326172 -21.55474281311035 53.39311218261719
v 12.519383430480957 -23.842395782470703 61.0765495300293
v 11.5498628616333 -23.513822555541992 60.72109603881836
v 13.949616432189941 -23.367902755737305 60.886451721191406
v 15.12732219696045 -22.5053653717041 60.622764587402344
v 16.005821228027344 -22.49324607849121 61.16158676147461
v 15.97480297088623 -21.547937393188477 60.4342041015625
v 16.84496307373047 -21.29482650756836 60.92698669433594
v -10.886052131652832 -22.343608856201172 53.90424346923828
v -10.157461166381836 -21.31463623046875 54.73724365234375
v -10.581151008605957 -21.318096160888672 53.99403762817383
v -11.170105934143066 -20.870943069458008 53.528541564941406
v -12.498838424682617 -20.499631881713867 53.3094596862793
v -14.343810081481934 -20.79499053955078 54.648963928222656
v -13.212784767150879 -20.421772003173828 53.73233413696289
v -12.061622619628906 -21.039663314819336 53.02906799316406
v -11.432394027709961 -22.03567886352539 53.25259780883789
v -11.593184471130371 -20.90498161315918 53.114219665527344
v -11.30414867401123 -21.139404296875 53.213966369628906
v -11.073590278625488 -22.330883026123047 53.754051208496094
v -13.697799682617188 -21.428476333618164 53.89544677734375
v -25.660669326782227 -21.56906509399414 68.28429412841797
v -24.903806686401367 -22.209203720092773 69.01020050048828
v -26.290103912353516 -20.75443458557129 67.45341491699219
v -25.13701057434082 -21.46442985534668 61.825050354003906
v -23.17152214050293 -22.100236892700195 60.1843376159668
v -23.620943069458008 -23.64596939086914 68.86488342285156
v -22.370519638061523 -24.67580795288086 68.25218200683594
v -22.251222610473633 -24.163667678833008 69.56637573242188
v -20.807058334350586 -24.948951721191406 69.11434173583984
v -20.309635162353516 -24.809232711791992 69.5682144165039
v -17.564804077148438 -24.141990661621094 70.74551391601562
v -16.74285316467285 -25.110097885131836 70.88019561767578
v -15.591995239257812 -24.838773727416992 70.03390502929688
v -16.111181259155273 -24.184406280517578 69.98871612548828
v -15.1248779296875 -24.93427276611328 69.20899963378906
v -25.614702224731445 -21.665502548217773 63.04032516479492
v -24.84207534790039 -22.431556701660156 62.501441955566406
v -24.83851432800293 -22.9738826751709 63.54671096801758
v -23.889230728149414 -23.39745330810547 62.47319030761719
v -23.652162551879883 -22.55674934387207 61.028953552246094
v -24.757152557373047 -22.920955657958984 68.11268615722656
v -26.132261276245117 -21.585050582885742 65.45823669433594
v -25.66392707824707 -22.334964752197266 65.14717102050781
v -25.770002365112305 -21.98529815673828 67.0599594116211
v -24.66196060180664 -23.54074478149414 65.50926971435547
v -25.211456298828125 -22.8192195892334 66.85418701171875
v -24.24803352355957 -23.56612777709961 67.79851531982422
v -23.51934242248535 -24.397836685180664 64.7545394897461
v -23.943437576293945 -23.81322479248047 63.53861618041992
v -23.4915771484375 -24.27189826965332 67.41768646240234
v -23.178030014038086 -24.66448402404785 66.03550720214844
v -21.388996124267578 -25.460933685302734 63.88970947265625
v -21.051956176757812 -25.184907913208008 63.34075164794922
v -20.20427131652832 -25.23821449279785 62.4293212890625
v -19.9442195892334 -24.93501091003418 62.216148376464844
v -18.963102340698242 -25.001052856445312 61.70601272583008
v -19.044158935546875 -25.54909896850586 63.05059814453125
v -20.79576873779297 -25.799354553222656 65.63571166992188
v -20.068702697753906 -25.677528381347656 63.751426696777344
v -19.081281661987305 -25.880722045898438 64.33344268798828
v -19.348146438598633 -25.996156692504883 65.61229705810547
v -18.316686630249023 -24.639270782470703 61.54682159423828
v -17.673830032348633 -25.55202865600586 63.33815002441406
v -17.820688247680664 -24.80177879333496 61.43958282470703
v -16.8668270111084 -24.565309524536133 61.49032974243164
v -15.845945358276367 -24.80301284790039 62.630775451660156
v -16.513412475585938 -25.53443145751953 64.37703704833984
v -17.86503028869629 -24.129961013793945 60.903560638427734
v -17.080501556396484 -24.36658477783203 61.52274703979492
v -18.410863876342773 -23.66859245300293 60.257938385009766
v -16.201189041137695 -24.210445404052734 61.79604721069336
v -17.294382095336914 -23.347787857055664 60.21747589111328
v -21.723695755004883 -25.10133171081543 67.62553405761719
v -22.13914680480957 -24.835607528686523 63.36722946166992
v -21.78980255126953 -25.259090423583984 64.8165054321289
v -21.955984115600586 -25.26973533630371 65.88308715820312
v -21.913267135620117 -25.500293731689453 65.33991241455078
v -21.912250518798828 -25.457653045654297 66.9030990600586
v -21.780344009399414 -25.394845962524414 67.47917938232422
v -21.169218063354492 -24.242284774780273 61.35170364379883
v -21.851940155029297 -22.795225143432617 59.98025894165039
v -20.25796890258789 -23.679201126098633 60.32009506225586
v -19.044158935546875 -23.972415924072266 60.55232238769531
v -19.893369674682617 -23.14746856689453 59.735130310058594
v -21.17765998840332 -22.679847717285156 59.61690902709961
v -23.097888946533203 -23.908662796020508 62.33285903930664
v -22.981847763061523 -23.369409561157227 61.363243103027344
v 7.172314167022705 -14.964761734008789 50.200599670410156
v 3.2194719314575195 -19.277812957763672 46.381187438964844
v 4.511897087097168 -18.736482620239258 46.991943359375
v 5.324290752410889 -18.12992286682129 47.210628509521484
v 5.669466495513916 -17.861186981201172 48.05408477783203
v 2.885279893875122 -14.24138069152832 52.71385192871094
v 4.372870922088623 -15.81008529663086 51.103546142578125
v 5.497997283935547 -16.113706588745117 50.4393310546875
v 6.576850414276123 -15.487516403198242 50.364219665527344
v 6.288627624511719 -14.449501037597656 51.41550064086914
v 5.831783294677734 -17.326765060424805 48.89890670776367
v -2.8153066635131836 -13.616067886352539 52.0545654296875
v -2.817950963973999 -12.276517868041992 52.72432327270508
v -2.9355180263519287 -12.904443740844727 52.74498748779297
v -2.806356906890869 -10.807931900024414 53.12908935546875
v -2.536440372467041 -10.923843383789062 53.595638275146484
v -2.773608922958374 -15.822126388549805 50.37244415283203
v -2.863004684448242 -17.2524356842041 49.69718933105469
v -2.3973124027252197 -16.807815551757812 50.088016510009766
v -3.4605026245117188 -17.603973388671875 49.5655632019043
v -3.8000848293304443 -15.68893814086914 51.54771423339844
v -4.634446144104004 -16.0148983001709 51.369873046875
v -3.3226966857910156 -14.727357864379883 52.116920471191406
v -2.8106284141540527 -14.644275665283203 51.28666305541992
v -10.124102592468262 -18.68446159362793 46.70233154296875
v -5.783675670623779 -15.030384063720703 52.25322723388672
v -2.0585439205169678 -17.85268211364746 49.37291717529297
v 3.609396457672119 -19.30253791809082 47.09538650512695
v 4.534474849700928 -18.765302658081055 47.581451416015625
v -2.0232534408569336 -14.531354904174805 52.486793518066406
v -2.416534185409546 -14.541105270385742 52.126365661621094
v -1.950740098953247 -15.426141738891602 51.76959991455078
v -2.2726259231567383 -13.044872283935547 53.209136962890625
v -2.0182700157165527 -12.132980346679688 53.775047302246094
v -1.392702579498291 -13.640207290649414 53.31153106689453
v -0.7076395750045776 -13.411075592041016 53.548194885253906
v -1.1597039699554443 -14.911663055419922 52.45198440551758
v 1.0182387828826904 -15.161500930786133 52.23808288574219
v 0.2565946578979492 -16.110260009765625 51.404998779296875
v -10.941885948181152 -17.838489532470703 46.51905822753906
v -11.248414993286133 -17.821521759033203 47.3620719909668
v -2.8219172954559326 -9.956249237060547 53.327980041503906
v -4.103359222412109 -13.942893981933594 53.01036834716797
v -5.799643039703369 -13.993782043457031 53.0470085144043
v -9.336320877075195 -16.339323043823242 50.497589111328125
v -11.19980239868164 -15.231264114379883 50.82719039916992
v -11.875711441040039 -17.034473419189453 48.255741119384766
v -12.685256958007812 -15.804466247558594 48.69594955444336
v -12.755839347839355 -15.053304672241211 49.72007369995117
v -12.096506118774414 -16.134824752807617 49.34834289550781
v 7.072035789489746 -24.071104049682617 68.58802795410156
v 7.477826118469238 -24.603748321533203 69.38920593261719
v 7.1087493896484375 -24.35833168029785 68.7486801147461
v 7.121157646179199 -24.221818923950195 68.33509826660156
v 6.938807010650635 -24.137765884399414 67.94023895263672
v 7.945348262786865 -24.38654327392578 69.1045150756836
v 7.437247276306152 -24.425992965698242 68.13711547851562
v 7.798694610595703 -24.570873260498047 68.9046401977539
v 8.35225772857666 -24.238283157348633 70.03253936767578
v 8.063322067260742 -24.973859786987305 68.25051879882812
v 8.766284942626953 -24.64804458618164 70.0145034790039
v 7.086376190185547 -24.3721866607666 68.28750610351562
v 7.34022331237793 -24.612197875976562 69.09687805175781
v 7.596104621887207 -25.007322311401367 67.98725891113281
v 9.512572288513184 -25.49184799194336 68.2918472290039
v 11.058846473693848 -25.61517333984375 68.90758514404297
v 8.616682052612305 -24.41280174255371 62.55274963378906
v 6.731740951538086 -23.966896057128906 67.60031127929688
v 6.967893123626709 -24.184329986572266 67.53568267822266
v 7.234555244445801 -24.677080154418945 67.5564193725586
v 6.905143737792969 -24.155359268188477 67.62262725830078
v 7.089019775390625 -24.591421127319336 67.59716033935547
v 7.374090194702148 -24.7514591217041 67.73379516601562
v 7.130107402801514 -24.409318923950195 66.44804382324219
v 9.586305618286133 -25.722145080566406 66.26606750488281
v 10.862154006958008 -25.85550308227539 67.74981689453125
v 10.705940246582031 -25.93815040588379 66.57262420654297
v 10.986026763916016 -24.81757164001465 62.0450439453125
v 12.774656295776367 -25.969900131225586 66.322998046875
v 12.167191505432129 -25.913667678833008 67.75216674804688
v 13.531723976135254 -25.723894119262695 67.98735809326172
v 8.447754859924316 -25.002418518066406 70.52589416503906
v 10.670243263244629 -24.53451919555664 70.78235626220703
v 12.01484203338623 -24.66573143005371 70.73590087890625
v 11.064948081970215 -24.81883430480957 70.85478210449219
v 12.557929992675781 -24.98505973815918 70.58740997314453
v 12.957109451293945 -24.77362632751465 70.36885070800781
v 12.670716285705566 -25.748790740966797 68.43583679199219
v 14.056809425354004 -25.239580154418945 69.44195556640625
v 9.014945030212402 -24.395845413208008 70.17861938476562
v 9.380156517028809 -24.236392974853516 70.72281646728516
v 9.693296432495117 -24.63924789428711 70.56116485595703
v -19.403776168823242 -24.70700454711914 70.0447769165039
v -18.311399459838867 -24.561859130859375 70.27703094482422
v -19.637081146240234 -25.91709327697754 66.8661117553711
v -18.287702560424805 -25.975481033325195 66.37057495117188
v -21.25586700439453 -25.271820068359375 68.59224700927734
v -18.95201873779297 -25.452091217041016 68.96002197265625
v -20.243528366088867 -25.088809967041016 69.65291595458984
v -16.98287010192871 -25.088396072387695 69.3196029663086
v -17.38723373413086 -25.464256286621094 68.51594543457031
v -16.82695960998535 -24.640357971191406 70.10881805419922
v -17.526668548583984 -24.46350860595703 70.24577331542969
v -17.758750915527344 -24.74568748474121 70.3153076171875
v -16.580739974975586 -24.385875701904297 69.94074249267578
v -15.777397155761719 -24.57568359375 69.50581359863281
v -19.011207580566406 -24.89951515197754 70.21805572509766
v -15.544297218322754 -24.357494354248047 69.2327880859375
v -15.246413230895996 -24.57740592956543 68.96205139160156
v -17.89188003540039 -25.883710861206055 64.74788665771484
v -16.187868118286133 -25.45842742919922 67.31719207763672
v -14.7015962600708 -24.826738357543945 67.57064819335938
v -14.960122108459473 -24.112590789794922 69.01890563964844
v -14.551485061645508 -24.358909606933594 67.7941665649414
v -13.982057571411133 -23.861766815185547 67.95345306396484
v -14.809706687927246 -24.62480354309082 69.19731903076172
v -14.50154972076416 -24.609661102294922 67.67633819580078
v -15.93778133392334 -24.397539138793945 61.85105514526367
v -15.055620193481445 -24.412160873413086 62.586238861083984
v -15.45836067199707 -24.103347778320312 62.28700256347656
v -14.463207244873047 -24.486684799194336 63.717193603515625
v -17.15179443359375 -25.834138870239258 65.79182434082031
v -15.353301048278809 -25.25103187561035 65.46270751953125
v -14.13582992553711 -24.647113800048828 65.82197570800781
v -14.332521438598633 -24.607946395874023 67.23656463623047
v -14.333638191223145 -24.281898498535156 64.45999145507812
v -14.215665817260742 -24.375120162963867 66.26447296142578
v -14.133389472961426 -24.23839569091797 68.21783447265625
v -14.043179512023926 -24.083965301513672 67.37947845458984
v -13.8150634765625 -23.90915870666504 67.19976043701172
f 1 2 3
f 2 4 3
f 5 3 6
f 3 4 6
f 7 1 3
f 4 8 6
f 6 8 9
f 4 10 11
f 2 12 10
f 12 13 14
f 12 14 10
f 15 16 13
f 16 17 13
f 18 17 16
f 18 19 17
f 18 20 19
f 2 10 4
f 21 22 23
f 23 1 7
f 24 22 25
f 26 22 24
f 26 27 22
f 27 23 22
f 28 29 30
f 31 29 28
f 32 29 31
f 29 33 25
f 25 33 24
f 33 34 24
f 34 26 24
f 32 35 29
f 36 2 1
f 23 36 1
f 23 27 36
f 37 33 29
f 33 37 38
f 12 2 36
f 27 26 36
f 33 38 34
f 39 40 41
f 39 41 38
f 39 42 40
f 43 15 26
f 44 26 34
f 44 43 26
f 38 41 44
f 38 44 34
f 15 36 26
f 41 40 44
f 45 40 42
f 44 40 43
f 40 15 43
f 15 40 16
f 40 18 16
f 15 12 36
f 15 13 12
f 45 20 18
f 46 39 38
f 47 39 46
f 39 47 42
f 47 48 42
f 48 45 42
f 49 47 50
f 40 45 18
f 50 47 46
f 28 30 51
f 52 53 54
f 55 53 52
f 56 53 55
f 57 58 59
f 60 61 62
f 62 58 63
f 57 59 61
f 61 59 62
f 59 58 62
f 62 63 60
f 58 64 63
f 57 55 58
f 65 66 67
f 68 66 65
f 69 68 65
f 70 71 72
f 60 69 61
f 73 68 71
f 65 67 61
f 71 68 72
f 68 69 72
f 69 65 61
f 74 75 76
f 68 76 77
f 68 77 66
f 73 76 68
f 78 79 80
f 80 79 81
f 75 78 80
f 81 82 67
f 81 67 80
f 75 80 77
f 80 67 77
f 75 77 76
f 77 67 66
f 83 56 57
f 57 56 55
f 81 83 82
f 82 83 57
f 67 82 61
f 61 82 57
f 55 84 58
f 58 84 64
f 55 85 84
f 85 86 84
f 52 85 55
f 54 87 52
f 52 87 85
f 85 87 86
f 88 78 75
f 71 89 73
f 90 91 92
f 93 94 90
f 93 90 95
f 96 97 98
f 99 91 90
f 54 100 87
f 101 100 54
f 102 103 104
f 104 103 105
f 106 107 108
f 109 102 104
f 110 105 106
f 105 107 106
f 108 111 106
f 112 113 114
f 115 112 116
f 113 117 114
f 116 112 114
f 116 114 118
f 114 119 120
f 121 122 115
f 117 119 114
f 121 115 118
f 115 116 118
f 121 118 123
f 114 120 124
f 114 124 118
f 123 118 125
f 118 124 125
f 120 126 124
f 124 126 125
f 127 128 125
f 126 127 125
f 129 122 121
f 130 131 129
f 132 131 130
f 123 129 121
f 129 123 133
f 130 129 133
f 128 123 125
f 123 128 133
f 134 130 133
f 135 133 128
f 136 134 133
f 135 136 133
f 132 137 131
f 134 132 130
f 138 132 134
f 139 136 140
f 136 135 140
f 135 139 140
f 134 139 141
f 139 135 142
f 141 139 142
f 119 143 120
f 117 144 119
f 145 146 147
f 145 147 137
f 148 145 137
f 148 137 132
f 138 148 132
f 119 144 143
f 120 143 149
f 149 126 120
f 141 138 134
f 139 134 136
f 150 151 152
f 109 153 102
f 144 154 143
f 155 156 143
f 143 156 149
f 157 158 144
f 144 159 154
f 154 155 143
f 160 104 105
f 161 150 162
f 163 161 164
f 163 164 165
f 166 167 168
f 169 170 171
f 161 162 164
f 168 163 165
f 168 165 172
f 166 168 173
f 173 168 172
f 174 164 162
f 172 165 170
f 164 175 165
f 175 164 174
f 165 175 170
f 173 172 170
f 176 175 174
f 169 173 170
f 170 175 176
f 169 177 173
f 171 170 176
f 178 179 174
f 176 174 180
f 179 180 174
f 180 171 176
f 181 154 182
f 154 181 155
f 181 182 109
f 155 181 160
f 156 155 160
f 183 184 171
f 160 181 109
f 109 104 160
f 166 173 177
f 177 154 166
f 182 177 169
f 182 154 177
f 182 169 171
f 171 184 182
f 184 109 182
f 160 185 156
f 186 142 135
f 111 127 187
f 186 135 128
f 111 128 127
f 106 111 187
f 188 128 111
f 188 186 128
f 149 189 126
f 149 156 185
f 149 110 189
f 149 185 110
f 189 106 126
f 189 110 106
f 126 106 187
f 187 127 126
f 110 160 105
f 185 160 110
f 190 191 192
f 190 192 193
f 194 195 196
f 93 197 194
f 196 198 99
f 196 99 94
f 194 196 94
f 194 94 93
f 94 99 90
f 112 199 113
f 199 200 117
f 199 112 201
f 201 112 115
f 199 117 113
f 202 203 204
f 147 205 131
f 131 205 204
f 129 131 122
f 206 201 115
f 205 202 204
f 204 203 206
f 204 206 115
f 204 115 122
f 204 122 131
f 147 131 137
f 207 208 209
f 207 202 208
f 206 203 201
f 202 207 203
f 208 202 205
f 203 210 201
f 210 211 199
f 210 199 201
f 211 200 199
f 200 212 157
f 203 213 210
f 214 203 215
f 209 215 207
f 215 203 207
f 117 200 157
f 157 144 117
f 208 205 146
f 146 205 147
f 216 200 211
f 200 217 212
f 212 158 157
f 216 217 200
f 218 150 161
f 219 218 220
f 220 218 161
f 217 221 222
f 217 222 212
f 223 219 220
f 221 224 222
f 222 224 223
f 222 223 212
f 223 158 212
f 225 223 167
f 167 223 220
f 168 220 161
f 163 168 161
f 167 220 168
f 223 225 159
f 226 227 228
f 227 229 228
f 230 231 227
f 229 227 231
f 229 191 190
f 210 232 211
f 232 216 211
f 216 221 217
f 233 234 235
f 236 234 233
f 236 233 237
f 238 239 237
f 236 237 239
f 240 239 241
f 242 237 233
f 243 241 244
f 245 242 246
f 247 245 246
f 237 242 238
f 238 241 239
f 238 248 249
f 238 242 248
f 241 238 244
f 248 242 245
f 250 244 249
f 251 249 252
f 244 238 249
f 250 249 251
f 252 249 245
f 249 248 245
f 253 254 255
f 256 240 241
f 243 256 241
f 243 257 258
f 259 256 258
f 258 256 243
f 260 261 259
f 259 258 260
f 243 244 250
f 243 250 257
f 262 250 251
f 257 250 263
f 264 265 266
f 267 268 265
f 265 264 267
f 265 269 266
f 234 270 235
f 271 272 266
f 272 271 273
f 235 268 267
f 235 267 233
f 233 267 274
f 242 233 274
f 267 264 275
f 275 264 266
f 275 266 272
f 275 272 276
f 275 274 267
f 274 275 246
f 242 274 246
f 246 275 276
f 271 266 277
f 273 278 279
f 280 273 281
f 280 282 273
f 283 282 280
f 273 279 281
f 282 276 272
f 284 282 283
f 276 284 247
f 276 282 284
f 246 276 247
f 278 273 271
f 272 273 282
f 285 253 255
f 286 253 285
f 287 261 260
f 260 258 257
f 260 257 288
f 288 257 263
f 263 250 262
f 263 262 289
f 290 253 286
f 277 290 286
f 278 271 286
f 271 277 286
f 37 29 35
f 291 37 292
f 46 38 37
f 293 37 294
f 294 295 293
f 296 297 46
f 298 50 297
f 298 49 50
f 297 50 46
f 299 300 301
f 302 303 304
f 304 305 302
f 306 307 303
f 306 308 307
f 303 309 304
f 303 307 310
f 303 310 311
f 310 307 312
f 312 313 310
f 314 315 49
f 314 313 315
f 304 309 316
f 316 305 304
f 311 309 303
f 311 313 317
f 311 310 313
f 317 313 314
f 318 319 320
f 321 318 320
f 322 319 323
f 323 319 318
f 324 322 323
f 322 325 319
f 326 327 324
f 326 324 323
f 323 328 326
f 328 323 318
f 328 318 329
f 324 316 322
f 322 316 309
f 309 311 325
f 322 309 325
f 329 330 331
f 331 330 295
f 318 330 329
f 318 321 330
f 330 321 296
f 330 296 293
f 321 320 298
f 325 311 317
f 325 317 319
f 319 317 320
f 317 314 298
f 317 298 320
f 330 293 295
f 332 316 324
f 301 300 333
f 305 316 332
f 333 300 332
f 305 332 300
f 332 324 327
f 321 297 296
f 321 298 297
f 293 46 37
f 298 314 49
f 293 296 46
f 6 9 334
f 334 9 335
f 231 336 337
f 337 336 338
f 338 336 339
f 338 340 191
f 192 191 340
f 338 341 342
f 343 193 192
f 9 344 345
f 346 347 348
f 346 345 347
f 335 346 349
f 9 345 346
f 9 346 335
f 348 350 349
f 349 350 351
f 352 348 347
f 349 353 335
f 348 349 346
f 350 354 351
f 355 88 75
f 74 356 355
f 357 356 74
f 355 75 74
f 357 74 73
f 73 74 76
f 358 359 356
f 360 102 153
f 183 360 153
f 105 103 107
f 153 184 183
f 152 151 361
f 361 362 363
f 362 364 363
f 184 153 109
f 179 183 180
f 365 183 179
f 363 178 152
f 366 178 363
f 363 364 366
f 364 367 366
f 150 152 162
f 152 361 363
f 152 178 162
f 162 178 174
f 366 179 178
f 367 365 366
f 366 365 179
f 183 171 180
f 197 368 369
f 197 369 194
f 369 195 194
f 370 365 367
f 371 372 373
f 374 371 361
f 361 371 375
f 373 376 375
f 371 373 375
f 375 362 361
f 377 378 379
f 380 364 379
f 378 381 379
f 364 380 367
f 375 382 362
f 362 382 377
f 377 379 362
f 362 379 364
f 151 383 361
f 218 151 150
f 374 361 383
f 218 384 151
f 385 383 151
f 386 387 371
f 383 386 371
f 383 371 374
f 384 385 151
f 221 388 224
f 389 390 219
f 219 390 218
f 391 392 393
f 394 395 396
f 392 195 369
f 368 392 369
f 393 198 391
f 391 196 195
f 391 198 196
f 397 398 399
f 399 398 392
f 398 395 394
f 392 398 394
f 394 393 392
f 392 391 195
f 368 399 392
f 394 396 393
f 198 393 396
f 400 401 402
f 396 402 401
f 395 403 396
f 396 403 402
f 198 91 99
f 396 98 91
f 396 401 98
f 198 396 91
f 401 96 98
f 404 97 96
f 25 405 30
f 29 25 30
f 405 25 21
f 406 21 407
f 407 408 406
f 21 406 405
f 409 5 410
f 7 5 409
f 7 3 5
f 410 5 334
f 407 7 408
f 411 409 410
f 7 411 408
f 411 7 409
f 412 405 406
f 30 405 413
f 411 414 415
f 411 410 414
f 414 416 415
f 414 410 417
f 412 406 418
f 406 408 418
f 412 413 405
f 418 419 420
f 419 411 415
f 418 408 419
f 408 411 419
f 419 415 421
f 23 7 407
f 23 407 21
f 25 22 21
f 5 6 334
f 422 334 335
f 417 423 424
f 417 422 423
f 410 422 417
f 410 334 422
f 425 416 426
f 425 426 427
f 416 424 426
f 425 421 416
f 426 424 428
f 429 430 431
f 430 425 431
f 421 425 430
f 416 417 424
f 416 414 417
f 415 416 421
f 432 426 428
f 433 429 434
f 429 433 430
f 430 433 421
f 108 107 111
f 148 138 435
f 436 437 438
f 439 438 440
f 438 437 441
f 439 442 438
f 442 443 438
f 436 444 437
f 445 446 447
f 448 446 445
f 449 445 447
f 449 447 450
f 448 451 446
f 452 453 454
f 454 453 455
f 447 446 456
f 456 455 457
f 447 456 458
f 459 450 460
f 446 452 454
f 455 453 461
f 446 454 456
f 454 455 456
f 462 455 461
f 457 455 462
f 447 458 450
f 458 456 457
f 450 458 460
f 438 463 440
f 464 465 466
f 466 465 467
f 467 468 469
f 470 471 472
f 471 473 472
f 471 474 473
f 472 475 476
f 472 473 475
f 463 471 440
f 463 474 471
f 477 478 464
f 477 462 478
f 479 480 481
f 482 483 484
f 485 479 481
f 486 487 488
f 488 458 477
f 457 462 477
f 458 457 477
f 488 460 458
f 487 460 488
f 489 487 490
f 459 460 487
f 491 459 487
f 489 491 487
f 492 483 482
f 483 485 481
f 484 483 481
f 482 484 493
f 494 482 493
f 493 484 495
f 494 493 441
f 493 495 441
f 496 497 498
f 496 498 499
f 489 490 498
f 498 480 500
f 500 489 498
f 495 481 496
f 497 480 498
f 496 481 480
f 496 480 497
f 484 481 495
f 501 502 466
f 503 504 505
f 506 504 503
f 501 466 505
f 505 466 467
f 467 469 475
f 503 505 467
f 469 476 475
f 475 503 467
f 475 506 503
f 473 474 506
f 473 506 475
f 504 501 505
f 506 507 504
f 498 486 499
f 499 501 504
f 488 502 501
f 486 488 501
f 499 486 501
f 508 477 464
f 488 477 508
f 507 499 504
f 507 496 499
f 495 496 509
f 496 507 509
f 509 507 506
f 502 508 466
f 508 464 466
f 502 488 508
f 490 487 486
f 498 490 486
f 444 494 437
f 437 494 441
f 463 441 474
f 474 441 509
f 474 509 506
f 441 495 509
f 438 441 463
f 423 510 424
f 335 353 423
f 423 422 335
f 353 351 511
f 511 351 512
f 353 349 351
f 351 354 513
f 513 512 351
f 514 515 516
f 517 518 399
f 519 517 399
f 520 517 519
f 368 519 399
f 521 519 368
f 521 368 197
f 516 519 521
f 520 514 517
f 515 520 519
f 515 519 516
f 520 515 514
f 522 514 523
f 521 197 524
f 524 197 93
f 523 514 516
f 525 521 524
f 516 521 525
f 523 516 525
f 526 527 528
f 528 527 529
f 530 529 531
f 532 533 530
f 534 535 536
f 534 536 537
f 538 539 533
f 540 538 533
f 534 537 541
f 523 527 526
f 528 533 526
f 528 529 533
f 533 529 530
f 526 533 542
f 539 538 536
f 539 542 533
f 543 544 545
f 536 538 540
f 534 541 544
f 537 536 540
f 544 541 545
f 533 532 540
f 540 532 546
f 537 540 541
f 541 540 545
f 545 540 546
f 529 527 547
f 90 548 549
f 91 550 551
f 91 551 92
f 548 92 545
f 92 551 545
f 551 543 545
f 549 95 90
f 90 92 548
f 531 547 552
f 529 547 531
f 550 553 554
f 549 555 552
f 531 552 555
f 549 548 555
f 553 556 554
f 530 531 555
f 555 548 545
f 555 532 530
f 555 546 532
f 555 545 546
f 98 97 550
f 552 524 93
f 552 93 95
f 552 547 524
f 97 553 550
f 98 550 91
f 95 549 552
f 525 524 547
f 523 525 527
f 527 525 547
f 425 427 431
f 434 557 433
f 558 429 559
f 443 436 438
f 434 558 560
f 434 560 443
f 444 561 494
f 559 436 560
f 558 559 560
f 429 431 559
f 559 431 562
f 559 562 436
f 434 429 558
f 443 560 436
f 436 562 561
f 431 561 562
f 431 427 561
f 561 444 436
f 563 564 449
f 449 450 459
f 564 445 449
f 565 566 567
f 565 567 564
f 423 353 510
f 353 511 510
f 424 510 568
f 568 510 569
f 570 566 571
f 570 511 512
f 569 511 570
f 510 511 569
f 569 570 572
f 512 513 570
f 570 571 572
f 573 568 574
f 432 428 573
f 432 573 492
f 574 568 575
f 428 568 573
f 573 574 576
f 574 575 577
f 576 574 577
f 578 579 500
f 480 578 500
f 479 578 480
f 578 575 580
f 485 577 479
f 577 575 578
f 577 578 479
f 576 577 485
f 581 582 571
f 581 563 582
f 563 491 582
f 571 582 579
f 579 582 489
f 579 572 571
f 583 572 579
f 583 569 572
f 571 565 581
f 581 564 563
f 449 459 563
f 581 565 564
f 491 563 459
f 489 582 491
f 500 579 489
f 566 565 571
f 492 573 483
f 573 576 483
f 576 485 483
f 580 583 578
f 569 583 580
f 427 426 432
f 424 568 428
f 427 432 492
f 561 492 494
f 494 492 482
f 427 492 561
f 578 583 579
f 568 569 575
f 575 569 580
f 584 585 586
f 587 588 589
f 589 588 590
f 591 592 593
f 593 592 594
f 595 596 597
f 598 596 595
f 591 599 600
f 591 600 601
f 602 603 604
f 602 604 600
f 586 602 600
f 599 586 600
f 600 604 598
f 601 600 598
f 598 603 596
f 604 603 598
f 591 601 592
f 605 599 591
f 606 607 608
f 609 610 611
f 612 609 611
f 612 611 607
f 607 611 613
f 611 614 613
f 615 616 617
f 618 615 610
f 619 620 614
f 615 617 619
f 609 621 610
f 610 615 619
f 610 619 611
f 614 611 619
f 622 619 617
f 619 622 620
f 623 621 624
f 625 624 612
f 612 624 609
f 624 621 609
f 624 626 623
f 627 628 629
f 623 627 618
f 618 629 616
f 618 616 615
f 621 623 618
f 621 618 610
f 616 629 630
f 618 627 629
f 631 632 633
f 634 633 632
f 633 634 635
f 636 637 632
f 631 636 632
f 601 636 631
f 638 595 639
f 598 638 636
f 637 638 639
f 638 637 636
f 640 641 642
f 643 642 644
f 645 640 642
f 601 598 636
f 638 598 595
f 595 597 640
f 595 640 646
f 646 640 645
f 639 595 646
f 639 646 645
f 632 637 647
f 634 632 647
f 647 637 648
f 642 643 645
f 637 649 648
f 639 645 637
f 637 645 649
f 645 643 649
f 633 650 587
f 633 635 650
f 588 587 650
f 631 633 594
f 594 633 587
f 592 631 594
f 592 601 631
f 643 644 651
f 641 652 642
f 642 652 644
f 653 654 20
f 655 654 653
f 19 654 17
f 607 613 656
f 607 656 608
f 49 608 47
f 20 654 19
f 620 655 653
f 45 657 20
f 656 658 48
f 658 657 48
f 47 656 48
f 48 657 45
f 656 613 658
f 620 653 658
f 657 658 653
f 657 653 20
f 613 614 658
f 658 614 620
f 608 656 47
f 659 589 660
f 661 659 660
f 660 589 590
f 661 660 662
f 663 664 665
f 626 624 666
f 667 665 666
f 659 661 668
f 625 667 624
f 669 670 671
f 670 625 671
f 307 669 312
f 312 669 313
f 669 671 313
f 672 667 670
f 669 672 670
f 667 625 670
f 673 669 308
f 308 669 307
f 673 672 669
f 671 625 606
f 671 606 315
f 625 612 606
f 315 608 49
f 315 606 608
f 612 607 606
f 313 671 315
f 667 666 624
f 585 602 586
f 586 599 584
f 674 584 675
f 584 599 675
f 659 676 589
f 676 659 677
f 676 587 589
f 678 594 676
f 676 594 587
f 678 676 677
f 679 680 678
f 679 678 681
f 682 593 594
f 591 593 605
f 682 605 593
f 683 684 685
f 664 686 687
f 688 689 668
f 686 690 687
f 687 690 689
f 686 691 690
f 690 691 677
f 677 689 690
f 687 689 688
f 692 691 686
f 692 686 693
f 693 663 694
f 693 686 663
f 663 686 664
f 689 659 668
f 689 677 659
f 694 692 693
f 695 692 694
f 691 681 677
f 677 681 678
f 679 681 691
f 696 679 697
f 695 696 697
f 691 697 679
f 695 697 692
f 697 691 692
f 696 683 685
f 685 679 696
f 679 685 680
f 599 605 675
f 652 698 699
f 644 652 699
f 644 699 700
f 700 701 702
f 699 698 703
f 287 701 703
f 287 260 701
f 701 260 288
f 699 703 701
f 700 699 701
f 644 700 651
f 288 702 701
f 702 263 704
f 288 263 702
f 672 705 667
f 706 707 694
f 706 694 663
f 706 663 665
f 707 706 708
f 708 706 672
f 705 665 667
f 706 665 705
f 672 706 705
f 673 709 672
f 688 710 711
f 688 668 710
f 626 711 627
f 687 688 711
f 664 687 711
f 626 664 711
f 711 710 628
f 711 628 627
f 668 661 712
f 668 712 710
f 628 710 629
f 664 626 665
f 665 626 666
f 626 627 623
f 713 714 715
f 715 716 713
f 717 713 716
f 718 717 719
f 720 718 719
f 715 721 716
f 716 721 722
f 723 719 724
f 724 719 722
f 718 713 717
f 717 716 722
f 719 717 722
f 725 726 727
f 728 727 726
f 63 729 725
f 729 63 64
f 730 731 732
f 70 72 731
f 731 72 69
f 731 69 60
f 731 60 733
f 734 731 733
f 732 731 734
f 60 63 733
f 728 734 733
f 735 732 734
f 733 63 727
f 728 735 734
f 728 733 727
f 727 63 725
f 736 737 738
f 739 740 737
f 737 740 738
f 736 738 741
f 84 742 64
f 64 742 736
f 64 736 729
f 84 86 742
f 742 86 737
f 737 86 739
f 742 737 736
f 743 740 739
f 86 744 743
f 86 743 739
f 736 741 729
f 741 726 725
f 729 741 725
f 141 435 138
f 339 336 148
f 192 340 745
f 343 192 745
f 148 435 339
f 340 342 745
f 746 747 748
f 749 750 746
f 750 751 746
f 748 752 753
f 753 746 748
f 749 746 753
f 754 755 756
f 747 755 754
f 748 747 754
f 755 757 756
f 757 758 756
f 754 752 748
f 759 749 760
f 761 762 760
f 760 762 759
f 763 764 765
f 765 761 763
f 761 766 762
f 767 768 769
f 769 763 770
f 767 769 770
f 767 770 771
f 770 763 772
f 763 761 772
f 761 760 772
f 772 752 770
f 772 753 752
f 753 772 760
f 760 749 753
f 773 768 767
f 774 775 769
f 768 774 769
f 775 764 769
f 769 764 763
f 776 773 767
f 776 767 771
f 758 776 771
f 756 758 771
f 771 770 752
f 752 756 771
f 754 756 752
f 452 451 777
f 778 451 448
f 446 451 452
f 778 448 445
f 779 780 781
f 777 780 779
f 777 779 453
f 452 777 453
f 782 783 784
f 785 786 787
f 788 787 786
f 789 785 787
f 789 787 790
f 789 790 791
f 783 789 792
f 793 794 795
f 794 796 797
f 797 798 795
f 794 797 795
f 799 793 800
f 801 802 803
f 803 802 804
f 802 784 792
f 801 784 802
f 805 806 799
f 807 805 799
f 808 807 809
f 802 792 810
f 792 794 810
f 802 810 804
f 804 810 806
f 808 811 812
f 784 783 792
f 792 789 791
f 796 792 791
f 806 810 794
f 799 806 793
f 800 809 799
f 813 809 800
f 807 799 809
f 794 792 796
f 806 794 793
f 808 809 813
f 811 808 813
f 814 815 807
f 816 814 807
f 815 805 807
f 805 804 806
f 808 817 807
f 818 819 820
f 821 745 822
f 823 824 822
f 745 821 825
f 826 824 823
f 824 827 828
f 824 826 827
f 823 818 826
f 818 820 826
f 829 824 828
f 821 824 829
f 821 822 824
f 829 830 821
f 825 821 831
f 825 343 745
f 832 193 833
f 193 343 833
f 831 833 825
f 833 343 825
f 821 830 831
f 359 834 835
f 836 837 838
f 839 840 834
f 839 834 358
f 841 840 839
f 842 839 843
f 842 843 837
f 840 844 834
f 839 358 843
f 841 839 842
f 842 837 845
f 834 359 358
f 846 89 71
f 847 846 848
f 849 846 847
f 850 848 730
f 847 848 850
f 732 850 730
f 357 73 89
f 357 851 852
f 357 89 846
f 851 357 846
f 846 71 70
f 849 851 846
f 846 70 731
f 846 731 848
f 730 848 731
f 837 843 849
f 837 849 847
f 849 852 851
f 843 358 849
f 358 852 849
f 358 356 357
f 358 357 852
f 837 847 838
f 853 766 761
f 854 853 765
f 765 853 761
f 854 855 856
f 857 759 762
f 853 854 856
f 856 766 853
f 857 766 856
f 858 857 856
f 766 857 762
f 759 857 858
f 859 759 858
f 759 859 860
f 861 862 863
f 863 862 864
f 864 862 865
f 764 864 865
f 862 866 865
f 866 855 865
f 865 854 764
f 865 855 854
f 867 855 866
f 868 864 775
f 863 864 868
f 768 869 774
f 868 775 869
f 775 774 869
f 775 864 764
f 854 765 764
f 819 861 870
f 819 862 861
f 451 778 860
f 777 859 780
f 859 777 451
f 860 859 451
f 780 859 871
f 871 872 780
f 786 735 728
f 873 874 732
f 786 728 726
f 786 873 735
f 875 873 786
f 785 875 786
f 732 874 850
f 873 732 735
f 876 850 874
f 875 785 873
f 876 847 850
f 789 874 873
f 783 874 789
f 789 873 785
f 838 847 876
f 786 726 788
f 877 878 879
f 880 868 877
f 863 880 881
f 868 878 877
f 863 868 880
f 882 879 878
f 883 882 869
f 883 869 768
f 878 869 882
f 869 878 868
f 870 861 881
f 861 863 881
f 819 870 820
f 820 870 884
f 879 816 817
f 879 882 816
f 885 881 877
f 881 880 877
f 870 881 884
f 885 877 886
f 828 827 887
f 826 820 888
f 887 889 890
f 888 889 887
f 887 827 888
f 827 826 888
f 820 889 888
f 884 885 891
f 820 884 889
f 885 884 881
f 889 891 890
f 889 884 891
f 892 887 893
f 892 829 828
f 892 828 887
f 894 830 829
f 890 891 895
f 895 896 812
f 891 896 895
f 817 816 807
f 886 897 896
f 886 879 897
f 879 817 897
f 893 887 890
f 812 897 808
f 897 817 808
f 896 897 812
f 877 879 886
f 885 886 896
f 891 885 896
f 567 778 564
f 564 778 445
f 898 899 900
f 898 900 901
f 898 901 902
f 901 903 902
f 904 833 905
f 906 831 830
f 190 193 832
f 190 832 904
f 904 832 833
f 906 830 907
f 906 904 905
f 908 898 902
f 908 902 909
f 908 910 911
f 910 908 909
f 910 909 912
f 913 898 908
f 908 911 913
f 914 904 906
f 915 906 907
f 912 914 916
f 916 914 906
f 916 906 915
f 917 913 918
f 791 919 796
f 920 921 895
f 921 890 895
f 911 910 922
f 923 910 912
f 913 911 924
f 922 910 923
f 918 913 925
f 913 926 925
f 918 925 927
f 923 912 916
f 915 894 928
f 915 928 929
f 924 911 922
f 922 923 930
f 930 923 916
f 924 922 930
f 930 916 931
f 916 915 931
f 931 915 929
f 931 929 932
f 932 929 893
f 893 933 932
f 929 928 893
f 913 924 926
f 927 925 926
f 926 924 934
f 935 927 936
f 937 927 926
f 937 926 934
f 936 937 938
f 939 930 940
f 937 941 942
f 938 937 942
f 930 931 932
f 940 930 932
f 940 932 943
f 936 927 937
f 934 924 939
f 934 939 937
f 924 930 939
f 937 939 941
f 941 939 940
f 940 943 941
f 800 942 944
f 942 941 944
f 941 943 945
f 941 945 944
f 813 800 944
f 944 945 811
f 943 920 945
f 811 813 944
f 943 932 921
f 811 945 920
f 932 933 921
f 921 920 943
f 920 812 811
f 812 920 895
f 921 933 890
f 796 919 935
f 935 919 918
f 935 918 927
f 797 935 798
f 795 798 938
f 795 938 942
f 800 793 795
f 800 795 942
f 797 796 935
f 798 935 936
f 798 936 938
f 928 894 892
f 894 829 892
f 928 892 893
f 914 190 904
f 905 831 906
f 902 903 946
f 902 946 947
f 902 947 909
f 947 914 912
f 947 912 909
f 901 948 949
f 901 949 903
f 903 949 946
f 946 950 190
f 950 228 190
f 947 946 190
f 947 190 914
f 951 226 950
f 951 950 949
f 949 950 946
f 226 228 950
f 933 893 890
f 833 831 905
f 915 907 894
f 830 894 907
f 952 953 899
f 954 899 898
f 740 955 738
f 956 738 955
f 738 956 741
f 955 954 956
f 955 952 954
f 952 899 954
f 956 954 917
f 954 898 917
f 740 743 957
f 740 958 959
f 740 959 952
f 952 959 960
f 960 948 953
f 740 952 955
f 952 960 953
f 960 959 961
f 953 948 899
f 900 899 901
f 948 962 951
f 948 901 899
f 228 229 190
f 790 788 963
f 790 787 788
f 741 788 726
f 741 963 788
f 741 956 963
f 963 956 918
f 790 963 919
f 917 898 913
f 956 917 918
f 963 918 919
f 791 790 919
f 948 951 949
f 4 11 8
f 9 8 344
f 964 965 966
f 964 966 967
f 968 969 970
f 968 245 969
f 245 247 969
f 971 245 968
f 971 968 965
f 972 966 973
f 965 974 966
f 974 968 975
f 974 975 976
f 977 974 976
f 973 966 974
f 973 974 977
f 978 973 979
f 975 968 970
f 974 965 968
f 980 965 964
f 971 252 245
f 262 251 980
f 251 252 971
f 251 971 965
f 980 251 965
f 660 590 662
f 981 982 983
f 984 982 981
f 985 986 982
f 984 985 982
f 987 988 985
f 989 985 984
f 989 987 985
f 990 988 987
f 991 988 990
f 992 989 984
f 993 994 995
f 994 996 995
f 997 996 994
f 998 999 1000
f 998 1001 999
f 1001 998 1002
f 1003 1004 997
f 1000 999 1003
f 1003 997 1000
f 997 994 1000
f 1005 998 1000
f 1005 1000 994
f 1005 994 993
f 1006 998 986
f 1002 998 1006
f 998 1005 986
f 1005 993 1007
f 1007 986 1005
f 1008 1009 1010
f 1010 1011 1012
f 1013 1008 1010
f 1013 1014 1008
f 1013 1010 1012
f 1008 995 1009
f 1015 1016 991
f 995 1017 1009
f 995 1008 1018
f 1019 986 988
f 1006 986 1019
f 1002 1006 1019
f 1020 1002 1019
f 1016 1021 991
f 1022 1014 1013
f 983 1014 1022
f 988 986 985
f 982 986 1007
f 1019 1021 1020
f 991 1019 988
f 993 995 1018
f 1007 993 1018
f 1018 1008 1014
f 1020 1023 1002
f 1021 1024 1020
f 982 1007 983
f 991 1021 1019
f 983 1007 1014
f 1007 1018 1014
f 1025 1026 1027
f 1028 1029 1030
f 622 1028 1031
f 1032 1033 1034
f 1034 1033 1025
f 1035 1030 1036
f 1037 1036 1034
f 1028 1030 1031
f 1035 1036 1037
f 1031 1030 1035
f 1037 1034 1025
f 1037 1025 1027
f 1038 1037 1027
f 622 655 620
f 655 622 1031
f 1031 1035 1039
f 1038 1039 1037
f 1037 1039 1035
f 1036 1040 1034
f 1030 1040 1036
f 1041 1040 1029
f 1041 1029 616
f 1029 1040 1030
f 616 1029 1028
f 1042 1040 1043
f 1044 1043 1041
f 1041 1043 1040
f 1045 1044 1041
f 1044 1015 1046
f 1034 1042 1032
f 1034 1040 1042
f 712 662 1047
f 712 1047 1048
f 617 616 1028
f 617 1028 622
f 629 1045 630
f 1045 1041 630
f 710 1045 629
f 1048 1045 710
f 1015 1047 662
f 1044 1047 1015
f 1048 1047 1044
f 1048 1044 1045
f 630 1041 616
f 1049 1050 11
f 1051 1052 8
f 1053 1054 1055
f 1053 1056 1054
f 1057 1056 1058
f 11 1051 8
f 8 1052 344
f 1056 1053 347
f 1056 347 345
f 345 344 1056
f 1052 1058 344
f 1053 1059 347
f 11 1050 1051
f 1060 1061 1062
f 1063 1061 1060
f 1061 1064 1062
f 1063 648 1061
f 634 648 1063
f 635 634 1063
f 635 1063 1065
f 634 647 648
f 1064 1066 1067
f 1062 1064 1067
f 1068 1069 1066
f 1068 1066 1064
f 1068 648 649
f 648 1068 1064
f 1061 648 1064
f 1070 1069 1068
f 643 1070 649
f 1068 649 1070
f 650 635 1065
f 590 650 1065
f 588 650 590
f 1070 651 1071
f 1070 1071 1069
f 1069 1071 1072
f 643 651 1070
f 14 1049 10
f 14 1073 1074
f 1075 1076 1073
f 1077 1073 14
f 1075 1073 1077
f 13 1075 14
f 14 1075 1077
f 1073 1078 1074
f 1076 1027 1078
f 1076 1078 1073
f 1038 1027 1076
f 1039 1038 1076
f 1079 1039 1076
f 1079 1076 1075
f 654 1079 1075
f 17 654 1075
f 1031 1039 655
f 655 1039 1079
f 654 655 1079
f 1080 14 1074
f 14 1080 1049
f 13 17 1075
f 1081 1082 1083
f 1078 1083 1082
f 1026 1083 1078
f 1084 1082 1085
f 1078 1082 1084
f 10 1049 11
f 1074 1084 1080
f 1086 1087 1088
f 1085 1089 1086
f 1087 1089 1090
f 1089 1087 1086
f 1089 1082 1081
f 1085 1082 1089
f 1091 1086 1088
f 1092 1086 1091
f 1086 1092 1085
f 1093 1094 1095
f 1087 1094 1093
f 1096 1097 1098
f 1099 1096 1094
f 1095 1094 1096
f 1090 1094 1087
f 1097 1100 1098
f 1101 1102 1103
f 1010 1104 1105
f 1011 1106 1107
f 1010 1105 1011
f 1011 1105 1106
f 1011 1107 1102
f 1010 1108 1104
f 1009 1108 1010
f 1066 1109 1067
f 972 967 966
f 1110 967 1111
f 1111 967 972
f 1112 1111 1113
f 1114 973 978
f 1113 973 1114
f 1112 1113 1114
f 1115 1111 1112
f 972 973 1113
f 1111 972 1113
f 1116 1117 1112
f 1117 1115 1112
f 1117 1118 1115
f 1119 1115 1118
f 1120 1121 1119
f 1122 1117 1116
f 1123 1118 1117
f 1122 1123 1117
f 1109 1118 1123
f 1067 1109 1123
f 1124 1067 1122
f 1067 1123 1122
f 1069 1072 1066
f 1120 1072 1071
f 1120 1119 1118
f 1072 1120 1118
f 1072 1118 1109
f 1066 1072 1109
f 1110 289 967
f 1119 289 1110
f 1119 1110 1115
f 967 289 964
f 289 980 964
f 1116 1112 1125
f 1122 1116 1126
f 1115 1110 1111
f 1049 1080 1050
f 1080 1084 1085
f 1057 1127 1054
f 1051 1091 1052
f 1050 1091 1051
f 1050 1080 1092
f 1058 1052 1091
f 1091 1057 1058
f 1092 1091 1050
f 1080 1085 1092
f 1088 1127 1057
f 1057 1091 1088
f 1093 1127 1088
f 1088 1087 1093
f 1054 1127 1128
f 1127 1093 1095
f 1127 1095 1128
f 344 1058 1056
f 1056 1057 1054
f 1129 976 1130
f 977 976 1129
f 1026 1078 1027
f 1131 1132 1083
f 1133 1134 1131
f 1131 1083 1026
f 1135 981 1133
f 1136 983 1022
f 1136 1022 1137
f 981 983 1136
f 1136 1137 1134
f 1134 1137 1138
f 1133 1136 1134
f 1133 981 1136
f 1132 1134 1138
f 1137 1139 1140
f 1137 1140 1138
f 1131 1134 1132
f 1135 1133 1141
f 1141 1133 1131
f 1025 1141 1026
f 1135 1141 1033
f 1141 1131 1026
f 1025 1033 1141
f 1078 1084 1074
f 1090 1089 1081
f 1081 1142 1090
f 1081 1083 1142
f 1083 1132 1142
f 1143 1140 1139
f 1138 1140 1143
f 1132 1138 1143
f 1132 1143 1142
f 1099 1094 1090
f 1142 1099 1090
f 1096 1144 1097
f 1099 1144 1096
f 1101 1100 1139
f 1145 1139 1100
f 1143 1139 1145
f 1142 1143 1144
f 1142 1144 1099
f 1143 1145 1144
f 1144 1100 1097
f 1145 1100 1144
f 1042 992 1032
f 1033 1032 1135
f 992 1135 1032
f 992 984 1135
f 1135 984 981
f 1101 1012 1102
f 1146 1012 1139
f 1139 1012 1101
f 1022 1013 1146
f 1012 1011 1102
f 1146 1013 1012
f 1137 1022 1146
f 1137 1146 1139
f 283 280 1147
f 1148 283 1147
f 284 283 1148
f 1147 280 1149
f 969 247 284
f 969 284 970
f 970 284 1148
f 975 970 976
f 976 970 1148
f 976 1148 1150
f 1121 700 1119
f 1071 700 1121
f 1120 1071 1121
f 651 700 1071
f 700 702 1119
f 702 704 1119
f 263 289 704
f 289 1119 704
f 289 262 980
f 1129 1151 1152
f 979 1153 1152
f 1153 1129 1152
f 977 1129 1153
f 1153 973 977
f 973 1153 979
f 1004 1154 997
f 1155 1156 1157
f 1104 1155 1157
f 1108 1155 1104
f 1017 1155 1009
f 1009 1155 1108
f 1158 1155 1017
f 1159 1156 1155
f 1158 1159 1155
f 1160 1159 1158
f 995 1158 1017
f 1161 979 1152
f 1156 1152 1162
f 1161 1152 1156
f 1159 1163 1161
f 1159 1161 1156
f 1125 1160 996
f 996 1160 1158
f 1154 1125 996
f 995 996 1158
f 1163 1114 979
f 979 1161 1163
f 1114 1163 1160
f 1159 1160 1163
f 1125 1114 1160
f 1125 1112 1114
f 1114 978 979
f 1116 1125 1154
f 1154 1126 1116
f 1154 1004 1126
f 1164 1126 1004
f 1003 1164 1004
f 997 1154 996
f 662 590 1016
f 1016 590 1065
f 1165 1060 1166
f 1060 1062 1167
f 1166 1060 1167
f 1063 1060 1165
f 1167 1062 1067
f 1165 1065 1063
f 1167 1067 1124
f 1065 1168 1016
f 1016 1168 1021
f 1024 1168 1166
f 1165 1166 1168
f 1168 1024 1021
f 1168 1065 1165
f 999 1164 1003
f 1001 1167 1164
f 1002 1023 1001
f 1164 999 1001
f 1124 1122 1164
f 1166 1001 1023
f 1164 1122 1126
f 1166 1167 1001
f 1164 1167 1124
f 1020 1024 1023
f 1024 1166 1023
f 712 661 662
f 710 712 1048
f 1046 990 1043
f 990 989 1043
f 1043 989 992
f 990 987 989
f 1044 1046 1043
f 1046 991 990
f 1043 992 1042
f 1015 991 1046
f 662 1016 1015
f 53 101 54
f 101 1169 1170
f 101 1170 100
f 1171 1172 1173
f 1174 1173 53
f 53 1169 101
f 1175 1171 1176
f 1176 1171 1173
f 1176 1173 1174
f 1173 1172 1169
f 1173 1169 53
f 1170 744 100
f 1170 1177 744
f 1177 1178 744
f 100 744 87
f 744 86 87
f 79 1179 81
f 81 1174 83
f 1179 1176 81
f 1176 1174 81
f 1174 53 56
f 83 1174 56
f 145 1180 146
f 145 336 231
f 145 148 336
f 1181 1182 1183
f 1182 1184 1183
f 1185 1186 1187
f 1187 1186 1188
f 1185 1187 1189
f 1190 1191 1192
f 1193 1190 1192
f 1194 1189 1195
f 1189 1196 1197
f 1195 1189 1197
f 1197 1198 1195
f 1194 1195 1198
f 1199 1191 1190
f 1188 1191 1199
f 1187 1199 1189
f 1189 1200 1196
f 1188 1201 1191
f 1200 1199 1190
f 1200 1190 1196
f 1188 1199 1187
f 1189 1199 1200
f 1192 1191 1202
f 1203 1181 1204
f 1205 1206 1207
f 1208 1209 1194
f 1210 1186 1185
f 1210 1185 1194
f 1209 1208 1211
f 1194 1185 1189
f 1212 1208 1213
f 1214 1209 1211
f 1214 1211 1215
f 1216 1214 1215
f 1216 1217 1218
f 1219 1216 1218
f 1220 1221 1222
f 1222 1171 1175
f 1223 1222 1175
f 1220 1222 1224
f 1224 1222 1223
f 1211 1208 1212
f 1212 1220 1225
f 1226 1227 1228
f 1228 1229 1226
f 1227 1226 1230
f 1226 1229 1231
f 1229 1225 1231
f 1231 1225 1224
f 1226 1231 1232
f 1225 1220 1224
f 1231 1224 1233
f 1230 1226 1232
f 1230 1232 1234
f 1230 1234 78
f 1234 1233 1179
f 1235 1230 88
f 78 1234 79
f 355 1235 88
f 1234 1179 79
f 88 1230 78
f 1233 1224 1223
f 1233 1223 1176
f 1223 1175 1176
f 1232 1231 1234
f 1234 1231 1233
f 1233 1176 1179
f 1219 1218 1236
f 355 1218 1235
f 1235 1237 1230
f 1236 1218 355
f 1216 1215 1217
f 1217 1215 1238
f 1217 1238 1239
f 1238 1215 1228
f 1238 1228 1227
f 1238 1227 1237
f 1239 1238 1237
f 1237 1227 1230
f 1218 1217 1239
f 1235 1239 1237
f 1239 1235 1218
f 1206 1240 1207
f 1241 1214 1216
f 1242 1241 1216
f 1243 1241 1242
f 1242 1244 1245
f 1246 1245 835
f 1219 1236 1247
f 835 1248 1247
f 359 835 1247
f 1247 1248 1219
f 835 834 844
f 1246 835 844
f 840 1246 844
f 1244 1242 1216
f 1244 1216 1219
f 1245 1248 835
f 1248 1244 1219
f 1245 1244 1248
f 356 1247 1236
f 359 1247 356
f 1236 355 356
f 1249 1250 1251
f 1252 1221 1249
f 1252 1249 1253
f 1221 1252 1222
f 1222 1252 1253
f 1222 1253 1171
f 1253 1172 1171
f 1253 1251 1172
f 1253 1249 1251
f 1172 1254 1169
f 1172 1251 1254
f 1251 1250 1254
f 1169 1254 1170
f 1254 1255 1177
f 1170 1254 1177
f 1177 1255 1178
f 1250 1255 1254
f 744 1178 957
f 744 957 743
f 740 957 958
f 1256 1257 723
f 1258 723 724
f 1257 1259 720
f 1257 720 719
f 1257 719 723
f 1256 723 1260
f 1260 723 1258
f 1261 1262 1263
f 1264 1261 1265
f 1265 1261 1263
f 1266 1265 1186
f 1265 1263 1186
f 1263 1188 1186
f 1210 1266 1186
f 1262 1201 1263
f 1263 1201 1188
f 1267 1268 1269
f 1267 1269 1270
f 1271 1268 1267
f 1272 1271 1267
f 1273 1274 234
f 1273 1269 1274
f 1267 1270 1275
f 1275 1270 240
f 1270 1273 240
f 239 1273 236
f 240 1273 239
f 1270 1269 1273
f 236 1273 234
f 1276 585 1277
f 1278 1276 1277
f 1279 1280 1281
f 1282 1279 1283
f 596 1284 597
f 1285 1286 1287
f 1288 1271 1272
f 1289 1288 1272
f 1272 1290 1289
f 1288 1291 1292
f 1288 1292 1271
f 1293 1289 1294
f 1295 1294 1296
f 1267 1290 1272
f 1294 1289 1296
f 1289 1290 1297
f 1298 1297 1290
f 1296 1289 1297
f 1291 1288 1299
f 1299 1288 1289
f 1267 1275 1298
f 1298 1290 1267
f 1297 1298 1300
f 1296 1297 1301
f 1300 1301 1297
f 1301 1302 1296
f 1303 1304 1305
f 1304 1302 1301
f 1306 1307 1295
f 1303 1295 1304
f 1302 1304 1295
f 1295 1296 1302
f 1287 1286 1303
f 1306 1303 1286
f 1306 1295 1303
f 1308 1309 1310
f 1311 1308 1310
f 1309 1312 1310
f 1308 1311 1313
f 1314 1313 1311
f 1311 1315 1314
f 1314 1316 1317
f 1314 1315 1316
f 1318 1319 1320
f 1321 1322 1323
f 1312 1319 1318
f 1322 1312 1318
f 1318 1323 1322
f 1324 1310 1312
f 1322 1324 1312
f 1321 1325 1324
f 1324 1322 1321
f 1311 1310 1325
f 1325 1310 1324
f 1312 1309 1319
f 1315 1326 1316
f 1315 1325 1326
f 1325 1315 1311
f 1327 1316 1326
f 1328 1325 1321
f 1328 1321 1329
f 1329 1330 1331
f 1329 1321 1332
f 1323 1332 1321
f 1326 1325 1328
f 1326 1328 1333
f 1328 1329 1331
f 1333 1328 1331
f 1323 1334 1332
f 1332 1334 1335
f 1336 1298 1275
f 1303 1305 1337
f 1305 1338 1337
f 1300 1298 1336
f 1287 1303 1337
f 1336 1275 240
f 1300 1336 1339
f 261 1300 1339
f 1336 240 256
f 259 1336 256
f 1339 1336 259
f 1304 1301 1300
f 1300 261 1304
f 1305 1304 1338
f 261 1339 259
f 1338 1304 261
f 287 1338 261
f 1276 1340 602
f 585 1276 602
f 1341 1342 1343
f 1344 1276 1278
f 1345 1341 1340
f 1341 603 1340
f 1342 1341 1345
f 1276 1344 1345
f 1340 1276 1345
f 1341 1343 1346
f 1347 1342 1344
f 1345 1344 1342
f 1330 1329 1348
f 1330 1348 1349
f 1350 1351 1352
f 1353 1352 1351
f 1352 1353 1347
f 1350 1352 1347
f 1329 1332 1348
f 1351 1349 1348
f 1354 1349 1355
f 1332 1335 1348
f 1348 1335 1351
f 1351 1335 1353
f 1349 1351 1350
f 1349 1350 1355
f 1347 1353 1356
f 1347 1356 1342
f 1353 1335 1356
f 1356 1335 1357
f 1356 1358 1342
f 1342 1358 1343
f 1330 1354 1331
f 1331 1354 1359
f 1359 1354 1360
f 1354 1330 1349
f 1360 1354 1355
f 1361 1360 1355
f 1284 1285 597
f 1362 1337 641
f 640 1285 641
f 597 1285 640
f 1285 1362 641
f 1362 1287 1337
f 1285 1287 1362
f 641 1337 652
f 1346 1363 1284
f 1346 1284 596
f 1363 1286 1285
f 1363 1285 1284
f 1358 1364 1286
f 1358 1286 1363
f 1346 1343 1363
f 603 602 1340
f 603 1341 596
f 596 1341 1346
f 1343 1358 1363
f 1319 1365 1320
f 1365 1319 1366
f 1291 1365 1366
f 1295 1367 1294
f 1367 1368 1293
f 1293 1294 1367
f 1307 1367 1295
f 1318 1368 1367
f 1334 1318 1367
f 1365 1291 1299
f 1368 1320 1365
f 1368 1365 1299
f 1368 1299 1293
f 1289 1293 1299
f 1318 1320 1368
f 1306 1369 1307
f 1370 1367 1307
f 1370 1334 1367
f 1369 1334 1370
f 1369 1370 1307
f 1371 1369 1306
f 1357 1369 1371
f 1286 1371 1306
f 1364 1371 1286
f 1357 1371 1364
f 1357 1364 1356
f 1356 1364 1358
f 1357 1335 1369
f 1323 1318 1334
f 1335 1334 1369
f 698 1338 703
f 1337 1338 698
f 652 1337 698
f 703 1338 287
f 1326 1333 1327
f 1372 1333 1331
f 1373 1374 1375
f 1376 1377 751
f 750 1378 1376
f 1376 751 750
f 1379 1377 1376
f 1375 1379 1376
f 1374 1379 1375
f 751 1380 746
f 1380 1381 747
f 1377 1380 751
f 1380 747 746
f 1382 1383 1384
f 1385 1382 1384
f 747 1381 1386
f 1385 1384 1380
f 1377 1385 1380
f 1387 1383 1382
f 1388 1389 1383
f 1389 1388 1390
f 1389 1390 755
f 1383 1389 1384
f 1384 1389 1386
f 1384 1381 1380
f 1381 1384 1386
f 1391 1392 1393
f 1393 1394 1391
f 1392 1387 1393
f 1393 1382 1385
f 1395 1374 1393
f 1395 1393 1385
f 1379 1374 1395
f 1395 1385 1377
f 1379 1395 1377
f 1383 1387 1396
f 1393 1387 1382
f 1397 1393 1374
f 1396 1398 1383
f 1399 1400 1390
f 1390 1400 1401
f 1398 1399 1388
f 1398 1388 1383
f 1399 1390 1388
f 1386 755 747
f 1390 1401 1402
f 1390 1402 755
f 1389 755 1386
f 757 1403 758
f 755 1402 1403
f 755 1403 757
f 1375 1376 1378
f 1378 759 1375
f 759 1378 749
f 1378 750 749
f 773 883 768
f 1404 883 773
f 776 1404 773
f 758 1404 776
f 1405 1391 1394
f 1406 1405 1394
f 1401 1407 1408
f 1409 1404 758
f 1402 1401 1408
f 1408 1409 1403
f 1402 1408 1403
f 1403 1409 758
f 1404 1410 883
f 1411 815 814
f 1412 801 1413
f 1414 782 784
f 801 1414 784
f 815 1415 805
f 1413 801 803
f 1415 1416 803
f 805 1415 804
f 803 804 1415
f 1417 1418 1419
f 1420 1421 1422
f 1420 1422 1423
f 1422 1184 1182
f 1182 1181 1424
f 1419 1418 1420
f 1425 1203 1205
f 1207 1425 1205
f 1426 1203 1425
f 1427 1425 1207
f 1426 1425 1427
f 1428 1427 1429
f 1423 1422 1182
f 1182 1424 1430
f 1423 1182 1430
f 1423 1430 1431
f 1424 1181 1203
f 1424 1203 1426
f 1430 1424 1426
f 1428 1426 1427
f 1431 1426 1432
f 1432 1426 1428
f 1433 1434 1431
f 1433 1431 1432
f 1435 1433 1432
f 1430 1426 1431
f 1434 1423 1431
f 1436 1434 1433
f 1434 1437 1423
f 1438 1434 1436
f 1439 1438 1436
f 1440 1441 1442
f 1443 1440 1444
f 1440 1443 1441
f 1443 1439 1445
f 1443 1444 1439
f 1427 1207 1446
f 1427 1446 1429
f 1432 1428 1435
f 1435 1428 1447
f 1448 1435 1447
f 1449 1433 1435
f 1447 1428 1429
f 1447 1429 1450
f 1445 1449 1451
f 1451 1449 1448
f 1439 1436 1449
f 1445 1439 1449
f 1436 1433 1449
f 1443 1445 1452
f 1449 1435 1448
f 1242 1453 1243
f 1453 1242 1454
f 1454 1242 1245
f 1454 1245 1246
f 1453 1446 1243
f 1453 1429 1446
f 1454 1246 841
f 1455 1454 841
f 841 845 1455
f 836 845 837
f 841 1246 840
f 845 841 842
f 1446 1207 1243
f 1375 860 778
f 1373 1375 778
f 1456 1374 1373
f 1397 1374 1456
f 1457 1397 1456
f 1394 1393 1397
f 1394 1397 1457
f 1375 759 860
f 1458 1459 1394
f 1457 1458 1394
f 778 567 1460
f 354 1458 1457
f 1457 1456 1461
f 1456 1373 1460
f 1409 1410 1404
f 1409 1462 1410
f 1401 1400 1407
f 1463 883 1410
f 1464 1465 1462
f 1462 1466 1410
f 1462 1465 1467
f 1462 1467 1468
f 1462 1468 1466
f 1469 815 1411
f 1469 1415 815
f 1470 1464 1407
f 1470 1407 1400
f 1464 1471 1465
f 1468 1469 1411
f 1466 1411 1463
f 1464 1462 1409
f 1466 1468 1411
f 1410 1466 1463
f 1408 1407 1464
f 1408 1464 1409
f 1467 1472 1473
f 1473 1472 1416
f 1468 1473 1416
f 1471 1467 1465
f 1469 1468 1416
f 1467 1473 1468
f 1472 1412 1413
f 1416 1472 1413
f 1469 1416 1415
f 1416 1413 803
f 1474 1414 1412
f 1414 1475 782
f 1475 1414 1476
f 1474 1476 1414
f 1414 801 1412
f 782 874 783
f 1476 836 1475
f 876 836 838
f 836 876 1475
f 1475 876 782
f 876 874 782
f 350 352 1477
f 348 352 350
f 352 1059 1478
f 1053 1055 1479
f 1059 1053 1479
f 1059 352 347
f 1054 1480 1055
f 354 1481 1458
f 1478 1482 1481
f 352 1478 1477
f 1480 1479 1055
f 1059 1483 1478
f 1483 1059 1479
f 1483 1482 1478
f 350 1477 354
f 1477 1481 354
f 354 1457 1461
f 513 354 1461
f 1477 1478 1481
f 1484 1485 1486
f 1486 1487 1484
f 1488 1489 1490
f 1491 1492 1493
f 1489 1488 1492
f 1492 1488 1493
f 1494 1495 1496
f 1490 1496 1488
f 1497 1498 1493
f 1496 1497 1488
f 1499 1500 1501
f 1499 1501 1495
f 1501 1500 1495
f 1495 1500 1497
f 1495 1497 1496
f 1487 1486 1500
f 1500 1486 1498
f 1486 1502 1498
f 1500 1498 1497
f 1503 1504 1505
f 1504 1506 1507
f 1504 1507 1508
f 1508 1489 1509
f 1507 1489 1508
f 1489 1492 1509
f 1507 1490 1489
f 883 1463 882
f 1411 814 1463
f 814 816 1463
f 882 1463 816
f 1455 845 836
f 1510 1455 836
f 1511 1512 1513
f 1513 1514 1515
f 1511 1513 1515
f 1511 1515 1516
f 1517 1514 1518
f 1515 1514 1517
f 1519 1512 1511
f 1520 1512 1519
f 1521 1520 1522
f 1520 1519 1522
f 1470 1518 1471
f 1471 1464 1470
f 1517 1518 1470
f 1523 1521 1524
f 1525 1526 1512
f 1512 1526 1513
f 1513 1527 1514
f 1514 1528 1471
f 1514 1471 1518
f 1521 1529 1520
f 1529 1525 1512
f 1529 1512 1520
f 1523 1530 1529
f 1521 1523 1529
f 1530 1523 1531
f 1528 1472 1467
f 1471 1528 1467
f 1528 1474 1472
f 1472 1474 1412
f 1474 836 1476
f 1532 1533 1510
f 836 1474 1510
f 1532 1510 1474
f 1533 1532 1534
f 1533 1455 1510
f 1526 1527 1513
f 1526 1535 1527
f 1526 1536 1535
f 1534 1532 1535
f 1536 1534 1535
f 1537 1536 1526
f 1537 1526 1525
f 1528 1527 1535
f 1514 1527 1528
f 1535 1474 1528
f 1532 1474 1535
f 1538 1539 1540
f 1541 1539 1538
f 1539 1542 1540
f 1543 1542 1544
f 1540 1542 1543
f 1540 1543 1545
f 1538 1540 1546
f 1546 1540 1545
f 1539 1547 1542
f 1547 1548 1542
f 1548 1549 1550
f 1548 1550 1542
f 1149 1551 1552
f 1485 1484 1149
f 1509 1492 1491
f 1493 1553 1541
f 1493 1498 1553
f 1491 1493 1541
f 1497 1493 1488
f 1485 1554 1486
f 1502 1554 1555
f 1486 1554 1502
f 1556 1502 1555
f 1556 1555 1557
f 1498 1502 1556
f 1558 1559 1560
f 1561 1559 1558
f 1508 1509 1561
f 1491 1541 1509
f 1509 1541 1559
f 1509 1559 1561
f 1559 1541 1538
f 1559 1538 1546
f 1541 1553 1539
f 1553 1556 1539
f 1539 1556 1547
f 1498 1556 1553
f 1562 1563 1095
f 1096 1098 1562
f 1100 1564 1098
f 1098 1564 1562
f 1095 1096 1562
f 1565 1566 1503
f 1107 1565 1103
f 1565 1503 1103
f 1106 1566 1565
f 1566 1504 1503
f 1564 1103 1567
f 1100 1103 1564
f 1102 1107 1103
f 1105 1568 1106
f 1569 1566 1106
f 1104 1568 1105
f 1568 1569 1106
f 1107 1106 1565
f 1570 1568 1157
f 1104 1157 1568
f 1571 1572 1573
f 1573 1572 1574
f 1575 1571 1573
f 1576 1577 1578
f 1576 1578 1579
f 1572 1576 1579
f 1580 1581 1582
f 1580 1582 1577
f 1560 1583 1581
f 1559 1546 1583
f 1577 1560 1580
f 1559 1583 1560
f 1558 1560 1584
f 1584 1560 1576
f 1560 1581 1580
f 1576 1560 1577
f 1558 1585 1508
f 1505 1508 1585
f 1505 1585 1571
f 1575 1505 1571
f 1585 1558 1584
f 1585 1584 1576
f 1585 1576 1572
f 1571 1585 1572
f 1581 1586 1587
f 1549 1588 1550
f 1549 1589 1590
f 1549 1590 1588
f 1544 1591 1592
f 1550 1588 1544
f 1542 1550 1544
f 1586 1545 1543
f 1544 1592 1543
f 1586 1543 1592
f 1583 1546 1545
f 1583 1545 1581
f 1545 1586 1581
f 1575 1503 1505
f 1504 1508 1505
f 1503 1575 1103
f 1593 1575 1567
f 1567 1575 1573
f 1103 1575 1593
f 1567 1103 1593
f 1587 1594 1595
f 1586 1594 1587
f 1586 1592 1594
f 1508 1561 1558
f 1581 1587 1582
f 1596 1590 1589
f 1548 1589 1549
f 1551 279 1597
f 279 278 1597
f 1551 1597 1552
f 1485 1149 1552
f 1552 1597 1598
f 1485 1552 1598
f 1596 1599 1442
f 1599 1440 1442
f 1596 1442 1590
f 1600 1599 1596
f 1601 1602 1600
f 1600 1603 1599
f 1600 1602 1603
f 1603 1440 1599
f 1589 1604 1596
f 1605 1600 1596
f 1604 1606 1605
f 1604 1605 1596
f 1607 1601 1600
f 1605 1607 1600
f 1597 1608 1609
f 1609 1608 1605
f 1610 1609 1605
f 1597 1609 1610
f 1607 1605 1608
f 1602 1601 1611
f 1610 1598 1597
f 1554 1485 1598
f 1598 1610 1554
f 1554 1610 1555
f 1610 1605 1606
f 1610 1606 1555
f 1555 1606 1604
f 1555 1604 1557
f 1548 1547 1589
f 1604 1589 1547
f 1547 1557 1604
f 1597 278 1608
f 1612 1613 1608
f 278 1612 1608
f 1608 1613 1614
f 1613 285 1614
f 1607 1608 1614
f 1601 1614 1611
f 1614 1601 1607
f 1612 285 1613
f 1556 1557 1547
f 1373 778 1460
f 1615 1461 1456
f 1615 1456 1460
f 513 1461 1615
f 1615 566 513
f 513 566 570
f 567 566 1460
f 566 1615 1460
f 1616 1573 1574
f 1128 1095 1563
f 1458 1481 1617
f 1618 1619 1620
f 1482 1617 1481
f 1482 1620 1617
f 1618 1621 1619
f 1562 1567 1622
f 1563 1562 1622
f 1562 1564 1567
f 1567 1573 1622
f 1128 1563 1623
f 1616 1624 1625
f 1616 1625 1623
f 1623 1622 1616
f 1563 1622 1623
f 1128 1623 1480
f 1624 1616 1574
f 1624 1574 1621
f 1622 1573 1616
f 1623 1625 1480
f 1128 1480 1054
f 1618 1620 1482
f 1624 1621 1618
f 1618 1625 1624
f 1625 1618 1483
f 1480 1625 1483
f 1479 1480 1483
f 1618 1482 1483
f 1626 1627 1405
f 1627 1517 1628
f 1405 1627 1391
f 1517 1400 1399
f 1628 1517 1399
f 1396 1628 1398
f 1627 1628 1392
f 1391 1627 1392
f 1628 1399 1398
f 1392 1628 1396
f 1392 1396 1387
f 1629 1630 1405
f 1631 1629 1405
f 1631 1405 1406
f 1632 1629 1633
f 1519 1626 1630
f 1519 1511 1626
f 1627 1626 1516
f 1627 1516 1517
f 1629 1632 1630
f 1632 1522 1630
f 1524 1522 1595
f 1522 1519 1630
f 1517 1470 1400
f 1626 1511 1516
f 1517 1516 1515
f 1524 1521 1522
f 1630 1626 1405
f 1595 1522 1632
f 1634 1595 1632
f 1594 1531 1523
f 1594 1523 1524
f 1588 1635 1591
f 1592 1636 1531
f 280 281 1551
f 280 1551 1149
f 1148 1147 1149
f 1484 1148 1149
f 1150 1487 1637
f 1150 1484 1487
f 1148 1484 1150
f 1151 1499 1494
f 1494 1496 1638
f 1494 1499 1495
f 1637 1487 1499
f 1499 1487 1500
f 1568 1506 1569
f 1569 1506 1566
f 1566 1506 1504
f 1130 1499 1151
f 1129 1130 1151
f 976 1150 1130
f 1130 1150 1637
f 1637 1499 1130
f 1156 1162 1639
f 1156 1639 1157
f 1162 1638 1639
f 1157 1639 1570
f 1151 1494 1638
f 1639 1638 1496
f 1162 1152 1151
f 1162 1151 1638
f 1490 1639 1496
f 1570 1639 1490
f 1490 1507 1506
f 1506 1570 1490
f 1568 1570 1506
f 1621 1579 1640
f 1574 1579 1621
f 1574 1572 1579
f 1579 1578 1641
f 1579 1641 1642
f 1579 1642 1640
f 1642 1641 1643
f 1577 1582 1641
f 1578 1577 1641
f 1544 1588 1591
f 1617 1620 1459
f 1617 1459 1458
f 1620 1619 1459
f 1459 1619 1631
f 1640 1644 1621
f 1621 1644 1619
f 1644 1642 1633
f 1640 1642 1644
f 1459 1631 1406
f 1459 1406 1394
f 1631 1619 1644
f 1631 1633 1629
f 1644 1633 1631
f 1643 1634 1633
f 1633 1642 1643
f 1587 1634 1643
f 1582 1587 1643
f 1582 1643 1641
f 1442 1441 1590
f 1588 1590 1635
f 1590 1441 1635
f 1633 1634 1632
f 1595 1594 1524
f 1587 1595 1634
f 1591 1636 1592
f 1592 1531 1594
f 1100 1101 1103
f 281 279 1551
f 255 1645 1646
f 255 1646 285
f 1645 1647 1646
f 1648 1646 1647
f 1420 1423 1437
f 1438 1649 1437
f 1650 1649 1438
f 1438 1437 1434
f 1440 1603 1444
f 1602 1651 1652
f 1602 1652 1444
f 1603 1602 1444
f 1612 286 285
f 1612 278 286
f 1648 1651 1611
f 1614 1648 1611
f 285 1646 1648
f 1614 285 1648
f 1420 1649 1419
f 1649 1650 1419
f 1653 1417 1419
f 1437 1649 1420
f 1653 1419 1650
f 1648 1650 1651
f 1647 1653 1648
f 1648 1653 1650
f 1651 1438 1444
f 1651 1444 1652
f 1444 1438 1439
f 1602 1611 1651
f 1651 1650 1438
f 1429 1453 1450
f 1654 1450 1453
f 1654 1453 1655
f 1655 1453 1454
f 1655 1454 1455
f 1654 1655 1533
f 1655 1455 1533
f 1656 1657 1658
f 1657 1656 1530
f 1441 1443 1452
f 1659 1660 1661
f 1662 1659 1663
f 1663 1659 1661
f 1537 1663 1661
f 1656 1663 1537
f 1656 1537 1530
f 1529 1530 1525
f 1530 1537 1525
f 1635 1658 1657
f 1635 1657 1636
f 1591 1635 1636
f 1657 1530 1636
f 1658 1662 1663
f 1441 1452 1662
f 1441 1662 1658
f 1441 1658 1635
f 1531 1636 1530
f 1656 1658 1663
f 1451 1448 1664
f 1664 1448 1447
f 1664 1447 1660
f 1659 1451 1664
f 1451 1659 1662
f 1665 1654 1533
f 1665 1447 1450
f 1665 1450 1654
f 1447 1665 1660
f 1660 1534 1661
f 1660 1665 1534
f 1665 1533 1534
f 1659 1664 1660
f 1536 1661 1534
f 1661 1536 1537
f 1662 1445 1451
f 1452 1445 1662
f 1274 270 234
f 1271 1666 1268
f 1269 1667 1274
f 1274 1667 1668
f 1668 270 1274
f 1669 1670 1671
f 1672 1673 1268
f 1268 1666 1672
f 1674 1673 1672
f 1268 1673 1269
f 1669 1675 1674
f 1667 1674 1675
f 1673 1674 1667
f 1673 1667 1269
f 1668 1667 1675
f 1671 1675 1669
f 1271 1292 1676
f 1291 1677 1678
f 1676 1678 1666
f 1292 1678 1676
f 1678 1292 1291
f 1676 1666 1271
f 254 1679 1680
f 290 254 253
f 1681 1682 1683
f 1684 1681 1683
f 1684 1685 1681
f 1686 1681 1685
f 1685 1684 1687
f 1688 1686 1685
f 1688 1685 1687
f 1682 1681 1689
f 1687 1690 1691
f 1683 1682 1692
f 1418 1683 1693
f 1690 1684 1683
f 1687 1684 1690
f 1683 1418 1690
f 1679 1688 1680
f 255 254 1680
f 1680 1688 1645
f 255 1680 1645
f 1690 1418 1691
f 1417 1691 1418
f 1687 1691 1694
f 1688 1687 1694
f 1653 1694 1691
f 1645 1688 1694
f 1421 1184 1422
f 1695 1696 1697
f 1682 1689 1698
f 1696 1692 1698
f 1682 1698 1692
f 1693 1683 1692
f 1693 1692 1695
f 1692 1696 1695
f 1693 1695 1421
f 1418 1421 1420
f 1421 1418 1693
f 1421 1695 1184
f 1699 1313 1314
f 1700 1313 1701
f 1308 1313 1700
f 1700 1702 1308
f 1309 1308 1702
f 1309 1366 1319
f 1703 1704 1705
f 1705 1704 1706
f 1707 1706 1708
f 1689 1681 1709
f 1689 1707 1708
f 1689 1708 1698
f 1689 1709 1707
f 1705 1706 1707
f 235 1710 268
f 268 1710 265
f 1711 1710 270
f 1710 1712 265
f 270 1710 235
f 290 1713 1714
f 1715 1713 290
f 277 1715 290
f 1716 1717 1713
f 1712 1717 1716
f 1715 1716 1713
f 1712 1716 269
f 269 1716 1715
f 1712 269 265
f 269 1715 277
f 266 269 277
f 1711 1718 1719
f 1717 1712 1720
f 1720 1721 1717
f 1720 1711 1719
f 1711 1720 1712
f 1710 1711 1712
f 1668 1718 1711
f 270 1668 1711
f 1675 1671 1722
f 1668 1675 1718
f 1675 1722 1718
f 1722 1719 1718
f 1721 1720 1719
f 1721 1723 1724
f 1717 1721 1724
f 1717 1724 1725
f 1713 1717 1725
f 1719 1726 1721
f 1727 1728 1729
f 1728 1730 1729
f 1727 1729 1731
f 1732 1731 1729
f 1733 1728 1727
f 1734 1733 1727
f 1734 1735 1733
f 1736 1734 1737
f 1736 1738 1734
f 1739 1735 1738
f 1740 1738 1736
f 1741 1736 1742
f 1738 1740 1743
f 1743 1739 1738
f 1671 1739 1743
f 1735 1734 1738
f 1744 1745 1735
f 1746 1735 1739
f 1746 1670 1744
f 1670 1746 1739
f 1670 1739 1671
f 1746 1744 1735
f 1736 1737 1742
f 1726 1743 1740
f 1726 1723 1721
f 1719 1747 1726
f 1747 1743 1726
f 1747 1671 1743
f 1722 1671 1747
f 1722 1747 1719
f 1726 1740 1748
f 1726 1748 1723
f 1740 1736 1741
f 1748 1740 1741
f 1748 1741 1749
f 1714 254 290
f 1725 1750 1714
f 1714 1750 1751
f 1725 1724 1750
f 1713 1725 1714
f 1686 1752 1753
f 1686 1751 1752
f 1751 1750 1752
f 254 1714 1751
f 254 1751 1679
f 1724 1752 1750
f 1752 1754 1755
f 1755 1753 1752
f 1724 1723 1754
f 1724 1754 1752
f 1751 1686 1688
f 1679 1751 1688
f 1686 1753 1681
f 1742 1731 1732
f 1742 1737 1731
f 1731 1737 1727
f 1737 1734 1727
f 1703 1756 1757
f 1756 1758 1757
f 1705 1759 1703
f 1703 1757 1704
f 1742 1756 1760
f 1760 1761 1742
f 1760 1756 1703
f 1760 1703 1759
f 1761 1760 1759
f 1762 1759 1705
f 1763 1759 1762
f 1757 1758 1764
f 1758 1765 1764
f 1756 1742 1732
f 1756 1766 1758
f 1732 1766 1756
f 1763 1762 1767
f 1741 1742 1761
f 1763 1741 1761
f 1761 1759 1763
f 1741 1763 1749
f 1753 1768 1709
f 1753 1709 1681
f 1768 1755 1769
f 1755 1768 1753
f 1723 1748 1770
f 1754 1770 1755
f 1723 1770 1754
f 1769 1767 1768
f 1770 1748 1769
f 1769 1755 1770
f 1748 1749 1769
f 1767 1749 1763
f 1767 1769 1749
f 1768 1767 1771
f 1768 1771 1709
f 1707 1771 1705
f 1771 1767 1705
f 1709 1771 1707
f 1767 1762 1705
f 1700 1701 1702
f 1366 1309 1772
f 1291 1366 1677
f 1366 1773 1677
f 1701 1774 1775
f 1775 1702 1701
f 1309 1702 1775
f 1309 1775 1772
f 1776 1777 1778
f 1774 1779 1780
f 1779 1774 1781
f 1782 1783 1784
f 1773 1780 1784
f 1784 1678 1773
f 1784 1783 1678
f 1678 1783 1666
f 1677 1773 1678
f 1780 1775 1774
f 1772 1775 1780
f 1772 1780 1773
f 1772 1773 1366
f 1666 1783 1672
f 1785 1783 1782
f 1780 1782 1784
f 1782 1786 1787
f 1785 1782 1787
f 1786 1782 1779
f 1782 1780 1779
f 1785 1787 1788
f 1786 1781 1789
f 1786 1779 1781
f 1788 1790 1670
f 1790 1744 1670
f 1778 1745 1791
f 1791 1745 1790
f 1791 1776 1778
f 1744 1790 1745
f 1669 1672 1792
f 1672 1783 1792
f 1672 1669 1674
f 1790 1788 1787
f 1792 1785 1788
f 1792 1788 1669
f 1783 1785 1792
f 1788 1670 1669
f 1787 1789 1793
f 1787 1786 1789
f 1787 1791 1790
f 1776 1791 1793
f 1787 1793 1791
f 1653 1691 1417
f 1694 1653 1647
f 1645 1694 1647
f 1794 1774 1701
f 1794 1701 1699
f 1313 1699 1701
f 1733 1777 1728
f 1778 1777 1733
f 1777 1795 1728
f 1745 1778 1733
f 1745 1733 1735
f 1796 1797 1766
f 1798 1796 1766
f 1765 1766 1797
f 1765 1758 1766
f 1799 1797 1800
f 1765 1797 1799
f 1800 1801 1799
f 1802 1765 1799
f 1732 1729 1766
f 1729 1798 1766
f 1803 1804 302
f 1805 1806 1804
f 1804 306 302
f 1806 1807 308
f 308 1807 673
f 1803 302 305
f 302 306 303
f 1804 1806 308
f 1804 308 306
f 300 299 305
f 1808 1809 1810
f 1808 1811 1812
f 1808 1810 1811
f 1812 1811 1813
f 1810 1805 1811
f 1811 1805 1803
f 1814 1815 1816
f 1817 1814 1818
f 1817 1818 1819
f 1817 1819 1820
f 1818 1806 1819
f 1820 1821 1809
f 1809 1821 1810
f 1810 1821 1805
f 1821 1819 1805
f 1819 1806 1805
f 1813 1811 1803
f 299 1813 1803
f 1805 1804 1803
f 1821 1820 1819
f 299 1803 305
f 1822 1823 1824
f 1824 696 695
f 1823 696 1824
f 694 1824 695
f 1824 694 707
f 1807 1825 709
f 708 672 709
f 1826 1823 1822
f 1825 1822 707
f 1822 1824 707
f 1816 1822 1827
f 1822 1825 1827
f 708 1825 707
f 1825 708 709
f 1814 1816 1827
f 1814 1827 1818
f 1827 1807 1818
f 1827 1825 1807
f 1818 1807 1806
f 1807 709 673
f 1828 1829 1830
f 1830 1829 1831
f 1830 1831 714
f 1832 1833 1834
f 1835 1836 1837
f 1832 1834 1838
f 1837 1839 1840
f 1838 1840 1841
f 1840 1842 1841
f 1843 1841 1844
f 1845 1832 1846
f 1847 1835 1833
f 1848 1846 1849
f 1833 1835 1834
f 1847 1836 1835
f 1836 1850 1839
f 1846 1832 1838
f 1835 1837 1838
f 1835 1838 1834
f 1849 1844 1851
f 1836 1839 1837
f 1849 1846 1838
f 1852 1851 1844
f 1837 1840 1838
f 1849 1838 1844
f 1838 1841 1843
f 1843 1844 1838
f 714 1831 1847
f 1853 1854 1855
f 1831 1853 1850
f 715 1833 721
f 1831 1850 1836
f 721 1833 1845
f 714 1847 715
f 715 1847 1833
f 1853 1855 1850
f 1847 1831 1836
f 1855 1856 1857
f 1833 1832 1845
f 1858 1859 1860
f 1859 1861 1860
f 1862 1863 1828
f 1862 1828 1830
f 1860 1861 713
f 713 1862 714
f 1861 1863 1862
f 1862 1830 714
f 1861 1862 713
f 720 1860 718
f 1260 1258 1851
f 1852 1260 1851
f 1258 724 1851
f 724 1849 1851
f 1860 713 718
f 1848 1845 1846
f 1849 724 1848
f 722 721 1848
f 1848 721 1845
f 724 722 1848
f 386 1864 387
f 1865 385 384
f 385 386 383
f 390 1865 218
f 1865 384 218
f 1203 1204 1205
f 1866 1867 1868
f 1869 1866 1868
f 1867 1870 1871
f 1871 1872 1873
f 1871 1870 1872
f 1874 1875 1867
f 1874 1876 1875
f 1866 1874 1867
f 1869 1206 1866
f 1204 1206 1205
f 1868 1867 1871
f 1868 1871 1877
f 1878 1874 1866
f 1206 1878 1866
f 1878 1206 1204
f 1879 1880 1881
f 1882 1881 1880
f 1880 1879 1883
f 1884 1885 1882
f 1884 1882 1886
f 1887 1883 1879
f 1888 1889 1881
f 1882 1888 1881
f 1882 1885 1888
f 1181 1183 1204
f 1867 1890 1870
f 1867 1875 1890
f 1876 1883 1875
f 1184 1695 1697
f 1886 1880 1876
f 1876 1880 1883
f 1878 1886 1876
f 1886 1878 1183
f 1697 1891 1892
f 1697 1892 1886
f 1892 1884 1886
f 1884 1892 1891
f 1697 1886 1183
f 1886 1882 1880
f 1878 1876 1874
f 1183 1878 1204
f 1184 1697 1183
f 1893 1894 1895
f 1896 1897 1898
f 1896 1899 1897
f 1900 1901 1902
f 1903 1904 1905
f 1201 1903 1905
f 1904 1906 1907
f 1908 1909 1910
f 1911 1910 1912
f 1909 1913 1914
f 1914 1915 1909
f 1909 1915 1910
f 1914 1916 1902
f 1902 1901 1914
f 1906 1908 1910
f 1907 1906 1911
f 1906 1910 1911
f 1191 1201 1905
f 1904 1907 1917
f 1202 1904 1917
f 1202 1905 1904
f 1905 1202 1191
f 1914 1901 1915
f 1907 1911 1918
f 1209 1871 1873
f 1877 1871 1209
f 1266 1210 1209
f 1873 1266 1209
f 1209 1210 1194
f 1877 1209 1214
f 1869 1868 1241
f 1241 1868 1877
f 1240 1869 1241
f 1206 1869 1240
f 1214 1241 1877
f 1240 1243 1207
f 1240 1241 1243
f 1919 1920 1921
f 1922 1919 1921
f 1923 1920 1919
f 1919 1922 1924
f 1925 1919 1924
f 1926 1927 1928
f 1929 1926 1928
f 1930 1929 1885
f 1928 1885 1929
f 1927 1925 1889
f 1928 1927 1889
f 1885 1928 1889
f 1885 1889 1888
f 1925 1924 1889
f 1889 1924 1881
f 1924 1922 1881
f 1931 1929 1930
f 1930 1884 1891
f 1930 1885 1884
f 1932 1933 1934
f 1927 1926 1932
f 1935 1926 1936
f 1706 1704 1936
f 1764 1926 1935
f 1929 1936 1926
f 1929 1706 1936
f 1932 1934 1925
f 1937 1925 1934
f 1927 1932 1925
f 1937 1923 1919
f 1925 1937 1919
f 1938 1931 1930
f 1938 1930 1891
f 1708 1929 1931
f 1706 1929 1708
f 1708 1931 1938
f 1698 1938 1696
f 1696 1938 1697
f 1698 1708 1938
f 1938 1891 1697
f 1757 1935 1936
f 1704 1757 1936
f 1757 1764 1935
f 1764 1932 1926
f 1939 1940 1895
f 1893 1895 1940
f 1941 1939 1895
f 1895 1894 1941
f 1942 1943 1944
f 1942 1944 1920
f 1923 1945 1942
f 1923 1942 1920
f 1946 1945 1923
f 1946 1947 1945
f 1937 1948 1923
f 1948 1947 1946
f 1923 1948 1946
f 1948 1933 1947
f 1933 1948 1937
f 1949 1940 1859
f 1949 1893 1940
f 1893 1949 1950
f 1940 1939 1859
f 1941 1951 1859
f 1939 1941 1859
f 1949 1859 1952
f 1950 1949 1952
f 1953 1893 1950
f 1950 1952 1954
f 1953 1950 1954
f 1955 1954 1952
f 1956 1954 1955
f 720 1858 1860
f 1956 1955 1957
f 1859 1828 1863
f 1859 1951 1828
f 1859 1863 1861
f 1952 1859 1858
f 1955 1952 1858
f 1955 1858 1259
f 1259 1858 720
f 1957 1955 1259
f 1954 1956 1958
f 1256 1957 1257
f 1257 1957 1259
f 1872 1266 1873
f 1264 1959 1261
f 1872 1960 1264
f 1266 1872 1265
f 1265 1872 1264
f 1870 1960 1872
f 1870 1961 1960
f 1261 1962 1262
f 1261 1959 1962
f 1960 1959 1264
f 1960 1963 1959
f 1960 1961 1963
f 1964 1965 1966
f 1966 1965 1967
f 1964 1968 1965
f 1967 1969 1966
f 1970 1971 1967
f 1967 1971 1972
f 1965 1970 1967
f 1969 1967 1972
f 1971 1973 1974
f 1900 1975 1976
f 1975 1977 1976
f 1900 1976 1901
f 1978 1900 1902
f 1979 1980 1981
f 1982 1981 1978
f 1981 1900 1978
f 1981 1980 1900
f 1983 1981 1982
f 1980 1975 1900
f 1984 1985 1968
f 1985 1986 1965
f 1968 1985 1965
f 1981 1987 1979
f 1979 1968 1964
f 1964 1975 1980
f 1975 1966 1969
f 1979 1964 1980
f 1964 1966 1975
f 1988 1987 1981
f 1989 1983 1990
f 1983 1988 1981
f 1989 1988 1983
f 1987 1984 1979
f 1991 1984 1987
f 1984 1968 1979
f 1992 1973 1993
f 1989 1994 1995
f 1993 1973 1971
f 1986 1996 1970
f 1970 1996 1971
f 1996 1993 1971
f 1986 1970 1965
f 1991 1985 1984
f 1994 1989 1997
f 1997 1998 1994
f 1989 1995 1988
f 1995 1987 1988
f 1999 1991 1987
f 1995 1999 1987
f 1903 1906 1904
f 1962 2000 1201
f 2000 1903 1201
f 2001 2002 2000
f 2002 1906 1903
f 2000 2002 1903
f 2003 2004 2001
f 2003 2001 2000
f 1962 2003 2000
f 1997 1989 2005
f 2004 2006 2007
f 2008 2005 2006
f 2008 2006 2004
f 2009 2008 2004
f 2010 2004 2003
f 1978 1902 1916
f 2011 1983 1982
f 1916 1914 1913
f 2012 1990 1983
f 1982 1978 1916
f 2011 1982 1916
f 2006 1990 2012
f 2007 2006 2012
f 2012 1983 2013
f 2011 1913 1908
f 2002 1908 1906
f 2007 2013 2001
f 2011 1916 1913
f 2013 1983 2011
f 1913 1909 1908
f 2013 2011 1908
f 2007 2012 2013
f 2013 1908 2002
f 2001 2013 2002
f 2004 2007 2001
f 2014 1997 2005
f 2014 1998 1997
f 2006 2005 1990
f 2005 1989 1990
f 1262 1962 1201
f 2009 2004 2010
f 2014 2005 2008
f 1890 1961 1870
f 1963 2003 1959
f 2010 2003 1963
f 2015 2010 1963
f 1961 2015 1963
f 2016 2017 2015
f 2018 2016 2015
f 1875 2018 2019
f 1890 1875 2019
f 1890 2019 1961
f 2018 2015 2019
f 2019 2015 1961
f 2020 2016 2021
f 2016 2018 2021
f 1959 2003 1962
f 2020 2014 2008
f 2008 2009 2020
f 2020 2009 2017
f 2015 2009 2010
f 2017 2009 2015
f 2016 2020 2017
f 1920 1944 2022
f 2022 1944 2023
f 2024 2025 2022
f 2022 2023 2026
f 2022 2026 2024
f 2024 2027 2025
f 2028 2025 2027
f 2027 2024 2029
f 2029 2024 2026
f 1921 2025 1922
f 1921 1920 2025
f 1920 2022 2025
f 2030 2031 2032
f 2033 2031 2030
f 2034 2035 2028
f 1922 2031 2033
f 2028 2027 2034
f 2029 2026 2036
f 2032 2031 2035
f 2031 2028 2035
f 2031 1922 2025
f 2031 2025 2028
f 2037 2038 1996
f 1996 2038 1993
f 2039 2038 2037
f 2038 2039 2040
f 2038 1992 1993
f 2041 1992 2038
f 2038 2042 2041
f 1985 2037 1986
f 2037 1996 1986
f 2039 2037 1985
f 2043 2044 2045
f 2044 2046 2039
f 2043 2046 2044
f 2047 2048 2049
f 2045 1991 1999
f 2048 2045 1999
f 2039 1985 2044
f 2043 2045 2048
f 2047 2043 2048
f 2050 2047 2049
f 1991 2044 1985
f 2045 2044 1991
f 1995 1994 1999
f 2049 1994 1998
f 2049 1998 2051
f 2048 1999 1994
f 2049 2048 1994
f 2041 2029 2052
f 1992 2041 2052
f 2038 2040 2042
f 2042 2040 2034
f 2046 2040 2039
f 2046 2035 2040
f 2035 2034 2040
f 2051 2050 2049
f 2030 2043 2047
f 2030 2046 2043
f 2030 2047 2050
f 2051 2053 2050
f 2053 2030 2050
f 2041 2027 2029
f 2034 2041 2042
f 2027 2041 2034
f 2032 2046 2030
f 2046 2032 2035
f 2054 2033 2030
f 2055 2056 2057
f 2055 2054 2056
f 1887 2054 2055
f 1881 2054 1879
f 2054 2030 2056
f 1887 1879 2054
f 1887 2055 1883
f 2055 2058 1883
f 1881 1922 2054
f 1922 2033 2054
f 2056 2030 2053
f 1883 2058 1875
f 2055 2057 2059
f 2057 2053 2051
f 2056 2053 2057
f 2059 1998 2014
f 2057 2051 2059
f 2059 2051 1998
f 2059 2014 2020
f 2021 2055 2059
f 2058 2055 2021
f 2058 2021 2018
f 2058 2018 1875
f 2059 2020 2021
f 1973 1992 2060
f 1992 2052 2060
f 2023 2061 1898
f 2062 1897 2063
f 2064 2062 2063
f 1944 2061 2023
f 2023 1898 2062
f 2023 2062 2026
f 2062 1898 1897
f 1764 1765 1802
f 1802 1799 1933
f 1932 1764 1802
f 1932 1802 1933
f 1799 1947 1933
f 1799 1801 1947
f 1934 1933 1937
f 2065 299 301
f 2066 1813 2065
f 1813 299 2065
f 1317 2067 1314
f 1314 2067 1699
f 2067 1317 2068
f 1317 2069 2070
f 1317 1316 2069
f 2070 2069 2071
f 2072 2073 2074
f 2068 2072 2074
f 2068 1317 2072
f 1317 2070 2072
f 2075 2076 2077
f 2077 2076 2078
f 2078 2079 2077
f 2080 2077 2081
f 2082 2083 2077
f 2084 2085 2086
f 2087 2088 2089
f 2089 2088 2084
f 2089 2084 2086
f 2088 2090 2084
f 2090 2080 2084
f 2084 2080 2085
f 2090 2075 2080
f 2075 2077 2080
f 2081 2091 2080
f 2088 2092 2090
f 2092 2075 2090
f 2092 2093 2075
f 2080 2091 2085
f 2094 2095 2096
f 2097 2096 2098
f 2097 2094 2096
f 2096 2095 2099
f 2096 2099 2100
f 2098 2096 2101
f 2102 2097 2098
f 2096 2100 2101
f 2103 2097 2102
f 1943 2061 1944
f 2104 1898 2061
f 1943 2104 2061
f 1896 2105 2106
f 2107 2105 2104
f 1943 2107 2104
f 1896 2104 2105
f 1898 2104 1896
f 2108 2109 2110
f 2111 2109 2108
f 2109 2112 2110
f 2113 2111 2108
f 2108 2114 2115
f 2115 2114 2116
f 2117 2113 2118
f 2118 2113 2119
f 2108 2119 2113
f 2118 2120 2121
f 2118 2119 2120
f 2122 2120 2115
f 2115 2120 2119
f 2120 2122 2121
f 2108 2115 2119
f 2123 2111 2113
f 2124 2125 1795
f 1730 1795 2126
f 1795 2127 2126
f 1730 2128 1798
f 1730 2126 2128
f 1729 1730 1798
f 2126 2127 2129
f 1728 1795 1730
f 1795 2125 2127
f 2125 2130 2131
f 2125 2131 2132
f 2132 2133 2134
f 2132 2131 2133
f 2134 2135 2136
f 2137 2136 2138
f 2127 2139 2129
f 2136 2118 2121
f 2134 2137 2139
f 2134 2139 2132
f 2134 2136 2137
f 2127 2125 2132
f 2132 2139 2127
f 2135 2118 2136
f 2135 2117 2118
f 2135 2134 2133
f 2123 2117 2135
f 2135 2140 2123
f 2140 2141 2123
f 2133 2142 2140
f 2133 2140 2135
f 2131 2142 2133
f 2142 2141 2140
f 2143 2141 2142
f 2123 2113 2117
f 2144 2145 2146
f 2146 2145 2138
f 2145 2137 2138
f 1796 2128 2147
f 2147 2129 2144
f 2144 2129 2145
f 2129 2137 2145
f 2139 2137 2129
f 2146 2148 2149
f 2128 2126 2147
f 2147 2126 2129
f 2146 2138 2150
f 2146 2150 2148
f 2150 2151 2148
f 2150 2152 2151
f 2150 2138 2136
f 2136 2121 2150
f 2150 2121 2152
f 2121 2122 2152
f 2116 2114 2153
f 2152 2122 2154
f 2155 2097 2154
f 2155 2094 2097
f 2116 2156 2094
f 2115 2116 2122
f 2116 2155 2154
f 2116 2094 2155
f 2122 2116 2154
f 2152 2154 2103
f 2103 2154 2097
f 2157 2158 2102
f 2158 2103 2102
f 2159 2107 1943
f 2159 2160 2107
f 1947 2161 2162
f 1947 2162 1945
f 1942 2162 2163
f 1945 2162 1942
f 1942 2163 2159
f 1942 2159 1943
f 2161 2164 2163
f 2161 2163 2162
f 2161 2165 2164
f 2164 2166 2163
f 2159 2163 2166
f 2159 2166 2160
f 2165 2148 2167
f 2148 2151 2167
f 2168 2160 2166
f 2165 2167 2168
f 2167 2169 2168
f 2164 2165 2168
f 2164 2168 2166
f 2149 2148 2165
f 2160 2170 2105
f 2160 2105 2107
f 2161 2171 2165
f 2149 2165 2171
f 1800 2171 2161
f 1800 2161 2172
f 2172 2161 1947
f 1801 2172 1947
f 2152 2103 2158
f 2167 2152 2158
f 2151 2152 2167
f 2167 2158 2169
f 2169 2158 2157
f 2111 2173 2109
f 2124 2130 2125
f 1776 2124 1777
f 2124 2174 2130
f 2175 2176 2130
f 2174 2175 2130
f 2175 2177 2176
f 2130 2176 2131
f 2176 2142 2131
f 2178 2143 2142
f 2176 2178 2142
f 1781 1774 2179
f 1781 2179 2177
f 2123 2180 2111
f 2180 2173 2111
f 1789 2177 2175
f 1781 2177 1789
f 2141 2180 2123
f 1776 2174 2124
f 1793 2174 1776
f 2174 1789 2175
f 1793 1789 2174
f 2181 2182 2068
f 1774 2183 2179
f 1794 2183 1774
f 2182 2181 2184
f 2183 1794 2184
f 1699 2182 2184
f 2184 1794 1699
f 2182 1699 2068
f 2067 2068 1699
f 2179 2185 2177
f 2183 2184 2185
f 2183 2185 2179
f 2185 2184 2178
f 2181 2186 2178
f 2178 2184 2181
f 2181 2068 2074
f 2177 2185 2176
f 2185 2178 2176
f 1777 2124 1795
f 2147 2144 2187
f 1796 2147 2187
f 2128 1796 1798
f 2187 2146 2171
f 2146 2149 2171
f 2187 2144 2146
f 2187 2171 1800
f 1796 2187 1800
f 2070 2188 2073
f 2188 2070 2189
f 2070 2071 2189
f 2072 2070 2073
f 2190 2079 2078
f 2190 2078 2076
f 2190 2191 2079
f 2079 2191 2192
f 2193 2190 2076
f 2191 2189 2192
f 2189 2194 2192
f 2195 2193 2076
f 2196 2073 2188
f 2196 2191 2197
f 2197 2190 2193
f 2197 2191 2190
f 2191 2196 2188
f 2188 2189 2191
f 2114 2198 2153
f 2114 2199 2198
f 2198 2199 2200
f 2094 2156 2095
f 2153 2198 2156
f 2116 2153 2156
f 2095 2156 2201
f 2198 2200 2156
f 2201 2156 2200
f 1797 1796 1800
f 2110 2199 2114
f 2110 2202 2199
f 2203 2087 2204
f 2087 2205 2088
f 2204 2206 2207
f 2207 2203 2204
f 2203 2200 2087
f 2200 2205 2087
f 2200 2092 2205
f 2092 2088 2205
f 2200 2199 2092
f 2095 2208 2099
f 2095 2209 2208
f 2201 2200 2203
f 2095 2201 2203
f 2095 2203 2207
f 2095 2207 2209
f 1800 2172 1801
f 2089 2204 2087
f 2206 2204 2089
f 2181 2210 2186
f 2181 2074 2210
f 2178 2186 2143
f 2141 2143 2186
f 2180 2211 2173
f 2211 2212 2173
f 2212 2197 2173
f 2173 2197 2112
f 2196 2197 2212
f 2074 2212 2211
f 2141 2211 2180
f 2210 2074 2211
f 2186 2211 2141
f 2186 2210 2211
f 2108 2110 2114
f 2195 2202 2112
f 2112 2197 2195
f 2202 2076 2093
f 2195 2076 2202
f 2195 2197 2193
f 2093 2076 2075
f 2074 2073 2212
f 2196 2212 2073
f 2112 2202 2110
f 2202 2093 2199
f 2092 2199 2093
f 2109 2173 2112
f 2213 51 2214
f 166 225 167
f 223 159 158
f 158 159 144
f 225 166 159
f 166 154 159
f 231 337 229
f 229 337 191
f 191 337 338
f 214 213 203
f 223 2215 219
f 224 2215 223
f 2216 230 226
f 2217 962 2218
f 2217 2218 2216
f 2216 961 230
f 2217 2216 226
f 962 2217 226
f 230 227 226
f 2219 232 210
f 2220 2221 2222
f 2223 2220 2224
f 2225 2221 2226
f 2225 2222 2221
f 2227 2228 2229
f 2230 2228 2227
f 2231 326 2232
f 326 328 2232
f 2233 2231 2232
f 328 329 2232
f 326 2231 327
f 2234 2235 2229
f 2229 2233 2234
f 2229 2228 2231
f 2229 2231 2233
f 2234 2233 2225
f 333 332 327
f 2228 333 327
f 2228 327 2231
f 2230 333 2228
f 2222 2232 2236
f 2220 2222 2236
f 2232 329 2236
f 2236 329 331
f 2232 2222 2233
f 2233 2222 2225
f 2237 333 2230
f 301 333 2237
f 340 338 342
f 2238 2239 2240
f 2241 2239 2242
f 2243 2239 2241
f 2244 2242 2239
f 2238 2244 2239
f 2245 2238 2246
f 2245 2244 2238
f 102 360 103
f 360 183 107
f 107 103 360
f 367 380 370
f 373 2247 376
f 376 2248 375
f 375 2248 382
f 2248 2249 382
f 373 372 2250
f 2250 2251 373
f 377 382 2249
f 379 381 378
f 377 2249 378
f 380 2252 370
f 224 389 2215
f 2253 2250 372
f 388 389 224
f 389 219 2215
f 2254 2255 2256
f 2257 2258 2259
f 2260 2261 2259
f 2261 2257 2259
f 2260 2262 2263
f 2258 2264 2259
f 2259 2264 2260
f 2265 2266 2267
f 2265 2267 2268
f 2266 2269 2267
f 2268 2267 2270
f 2267 2269 2271
f 2271 2269 2257
f 2269 2272 2257
f 2273 2270 2261
f 2274 2275 2276
f 2277 2273 2263
f 2257 2272 2258
f 2273 2261 2260
f 2263 2273 2260
f 2265 2268 2278
f 2269 2266 2279
f 2270 2267 2271
f 2279 2272 2269
f 2278 2275 2274
f 2278 2268 2277
f 2275 2278 2277
f 2268 2270 2277
f 2275 2277 2263
f 2277 2270 2273
f 2271 2261 2270
f 2271 2257 2261
f 2275 2263 2262
f 2275 2262 2276
f 2258 2272 2280
f 2281 2282 2283
f 2284 398 2285
f 2286 2285 2287
f 398 2287 2285
f 2285 2288 2284
f 398 403 395
f 398 2289 403
f 370 2290 365
f 2290 2286 2287
f 365 2290 2287
f 370 2252 2290
f 365 2287 183
f 398 2284 2289
f 2291 2292 2293
f 2294 2295 2296
f 378 2297 2286
f 380 379 2252
f 379 378 2252
f 2252 378 2290
f 378 2286 2290
f 2298 413 412
f 412 418 2299
f 420 419 421
f 2300 2299 420
f 2299 418 420
f 2300 420 2301
f 2299 2298 412
f 420 421 433
f 557 2301 433
f 2301 420 433
f 2302 2301 557
f 2303 2301 2302
f 2304 2305 522
f 2304 522 2306
f 107 183 2307
f 2304 107 2305
f 107 2304 111
f 107 2307 2305
f 514 2305 2307
f 2305 514 522
f 142 186 111
f 111 186 188
f 435 141 142
f 2308 2309 2310
f 2310 2311 2312
f 2311 2310 2313
f 2314 2312 2311
f 2315 2316 2317
f 2317 2316 2318
f 2319 2317 2320
f 2317 2318 2321
f 2321 2318 2322
f 2319 2315 2317
f 2320 2317 2323
f 2324 2325 2326
f 2316 2326 2318
f 2318 2326 2327
f 2325 2328 2326
f 2316 2324 2326
f 2328 2329 2326
f 2328 2330 2329
f 2328 2331 2332
f 2328 2332 2333
f 2326 2329 2327
f 2318 2327 2322
f 2328 2333 2330
f 2330 2333 2329
f 2331 2334 2332
f 2335 2336 2337
f 2337 2338 2339
f 2340 2337 2341
f 2337 2339 2341
f 2334 2342 2332
f 2332 2342 2336
f 2332 2336 2343
f 2336 2335 2343
f 2332 2343 2344
f 2335 2337 2340
f 2343 2335 2345
f 2333 2332 2344
f 2323 2317 2321
f 2346 2320 2323
f 2321 2322 2347
f 2323 2321 2347
f 2346 2323 2348
f 2323 2347 2349
f 2323 2349 2348
f 2349 2347 2350
f 2351 2352 2353
f 2353 2352 2354
f 2355 2356 2357
f 2357 2356 470
f 470 440 471
f 2352 2358 2354
f 2354 2355 2357
f 2356 440 470
f 2349 2350 2359
f 2359 2350 2351
f 2359 2351 2360
f 2347 2361 2350
f 2361 2362 2363
f 2361 2363 2364
f 2365 2366 2367
f 2365 2367 2368
f 2369 2370 2371
f 2372 2373 2374
f 2373 2375 2374
f 2375 2373 2376
f 2362 2366 2365
f 2367 2370 2368
f 2368 2370 2372
f 2370 2369 2372
f 2363 2365 2368
f 2364 2363 2352
f 2368 2372 2377
f 2377 2372 2374
f 2362 2365 2363
f 2361 2364 2350
f 2363 2368 2377
f 2350 2364 2351
f 2364 2352 2351
f 2363 2377 2352
f 2358 2352 2377
f 2358 2377 2374
f 2378 2375 2379
f 2378 2374 2375
f 2374 2378 2355
f 2358 2355 2354
f 2355 2378 2356
f 2379 440 2356
f 2358 2374 2355
f 2378 2379 2356
f 2335 2340 2345
f 2344 2343 2380
f 2343 2345 2380
f 2347 2322 2361
f 2322 2327 2361
f 2333 2344 2366
f 2361 2327 2366
f 2329 2333 2327
f 2327 2333 2366
f 2344 2381 2366
f 2344 2380 2381
f 2361 2366 2362
f 2380 2345 2381
f 2367 2366 2381
f 2340 2341 2345
f 2345 2341 2382
f 2382 2339 2383
f 2383 2339 2384
f 2382 2341 2339
f 2383 2384 2385
f 2382 2383 2386
f 2371 2382 2386
f 2369 2371 2386
f 2369 2386 2373
f 2372 2369 2373
f 2383 2376 2373
f 2376 2383 2385
f 2381 2370 2367
f 2381 2345 2382
f 2370 2381 2371
f 2381 2382 2371
f 2383 2373 2386
f 2375 2376 2379
f 2379 2376 2387
f 2379 2387 442
f 2379 442 439
f 2388 2389 2390
f 2391 2359 2360
f 2390 2389 2391
f 2360 2351 2353
f 2360 2353 2391
f 2353 2354 2357
f 2391 2353 2392
f 2353 2357 2392
f 2391 2392 2390
f 2390 2392 2393
f 2357 470 2392
f 2392 470 2393
f 2393 470 472
f 2348 2349 2394
f 2394 2389 2348
f 2389 2394 2391
f 2394 2349 2359
f 2359 2391 2394
f 2339 2395 2384
f 2385 2396 2387
f 2396 443 2387
f 2387 443 442
f 2385 2387 2376
f 2385 2384 2397
f 2385 2397 2396
f 2379 439 440
f 2389 2398 2399
f 453 2400 2401
f 2402 2403 2404
f 2400 2404 2403
f 2401 2400 2403
f 2404 2405 2402
f 781 2404 2400
f 2403 2402 2406
f 2406 2399 2403
f 2389 2399 2348
f 2406 2346 2399
f 2399 2346 2348
f 2406 2320 2346
f 2403 2399 2398
f 2401 2403 2398
f 461 2401 2407
f 462 461 2407
f 2407 2401 2398
f 453 2401 461
f 464 478 2408
f 2409 2408 2410
f 2410 2389 2388
f 2409 2410 2388
f 2408 2409 465
f 468 2409 2388
f 2388 2390 468
f 465 468 467
f 464 2408 465
f 465 2409 468
f 469 2390 476
f 468 2390 469
f 2390 2393 476
f 2393 472 476
f 2407 478 462
f 2408 478 2410
f 2389 2410 2398
f 2407 2410 478
f 2407 2398 2410
f 2411 2412 2413
f 2411 2414 2412
f 2415 2416 2417
f 2418 2417 2419
f 2417 2420 2419
f 2315 2421 2316
f 2325 2422 2331
f 2423 2424 2422
f 2325 2331 2328
f 2425 2421 2315
f 2425 2315 2319
f 2426 2423 2422
f 2427 2423 2426
f 2422 2325 2426
f 2426 2325 2324
f 2421 2426 2324
f 2421 2324 2316
f 2422 2428 2331
f 2424 2428 2422
f 2429 2304 2430
f 2304 2306 2430
f 2430 2424 2423
f 2428 2431 2334
f 2331 2428 2334
f 2424 2432 2428
f 2432 2431 2428
f 2306 2424 2430
f 2424 2306 523
f 2406 2319 2320
f 2402 2319 2406
f 30 413 51
f 2298 2299 2300
f 51 413 2298
f 51 2298 2433
f 2312 2433 2434
f 2434 2433 2298
f 2310 2312 2435
f 2312 2436 2433
f 2314 2436 2312
f 2436 51 2433
f 2434 2298 2437
f 2434 2435 2312
f 2437 2435 2434
f 2437 2303 2438
f 2437 2438 2435
f 2308 2310 2435
f 2439 2308 2435
f 2440 2303 2302
f 2440 2302 2441
f 2440 2438 2303
f 2397 2302 557
f 2437 2300 2303
f 2437 2298 2300
f 2442 2439 2435
f 2442 2435 2438
f 2442 2438 2440
f 2300 2301 2303
f 183 2287 2307
f 2287 518 2307
f 2307 518 514
f 2287 398 397
f 2287 397 518
f 397 399 518
f 518 517 514
f 2443 2444 2445
f 2444 2446 2445
f 2447 2420 2448
f 2445 2446 2419
f 2445 2420 2447
f 2449 2448 2450
f 2445 2419 2420
f 2447 2448 2449
f 2289 2449 2451
f 2289 2452 2449
f 2453 2454 2293
f 2454 2455 2443
f 2293 2447 2452
f 2454 2443 2447
f 2449 2452 2447
f 2447 2443 2445
f 2293 2454 2447
f 2456 2291 2293
f 2284 2452 2289
f 2292 2453 2293
f 403 2289 400
f 2439 2412 2414
f 2457 2458 2441
f 2459 2460 2458
f 2460 2440 2458
f 2460 2442 2440
f 2458 2440 2441
f 2457 2441 2338
f 2336 2457 2337
f 2459 2458 2457
f 2459 2457 2336
f 2337 2457 2338
f 2441 2395 2338
f 2342 542 2460
f 542 539 2442
f 2460 542 2442
f 539 2439 2442
f 539 2412 2439
f 2413 2412 539
f 526 542 2342
f 523 526 2432
f 523 2432 2424
f 526 2431 2432
f 526 2342 2431
f 2334 2431 2342
f 2461 536 535
f 2461 539 536
f 535 534 544
f 556 2462 535
f 2462 2450 535
f 535 2450 2461
f 556 535 554
f 535 544 543
f 550 554 551
f 551 554 543
f 554 535 543
f 2461 2413 539
f 522 523 2306
f 2342 2460 2459
f 2336 2342 2459
f 2448 2413 2461
f 2450 2448 2461
f 2384 2463 2397
f 2338 2395 2339
f 2395 2463 2384
f 2441 2463 2395
f 443 2396 434
f 2397 557 434
f 2397 434 2396
f 2414 2309 2308
f 2414 2308 2439
f 2441 2302 2463
f 2463 2302 2397
f 2464 2240 2239
f 2465 2466 2467
f 2243 2468 2469
f 2243 2469 2465
f 2464 2465 2470
f 2465 2467 2470
f 2470 2467 2471
f 2469 2466 2465
f 2239 2243 2464
f 2243 2465 2464
f 2466 2472 2473
f 2466 2474 2467
f 2472 674 2473
f 2466 2473 2474
f 2472 2466 1277
f 585 584 1277
f 1277 584 2472
f 2472 584 674
f 2475 2466 2469
f 682 594 678
f 2476 605 680
f 680 605 682
f 682 678 680
f 2471 684 683
f 2477 2471 683
f 2471 2467 2474
f 2470 2471 2477
f 2471 2474 684
f 685 684 2476
f 685 2476 680
f 684 674 2476
f 2474 2473 674
f 2474 674 684
f 674 675 2476
f 2476 675 605
f 232 2478 216
f 2478 2479 216
f 216 2479 221
f 388 2479 389
f 221 2479 388
f 142 2429 2480
f 2304 142 111
f 142 2304 2429
f 2481 142 2480
f 745 2482 822
f 341 2481 2482
f 2482 2481 2480
f 435 142 2481
f 338 339 341
f 341 339 2481
f 339 435 2481
f 341 2482 745
f 342 341 745
f 453 781 2400
f 779 781 453
f 2404 781 2405
f 2319 2483 2425
f 2484 2425 2483
f 2427 2421 2425
f 2427 2426 2421
f 871 2485 2486
f 2484 2485 2487
f 2485 2484 2486
f 2427 2484 2488
f 2488 2429 2427
f 2484 2427 2425
f 2429 2430 2427
f 2423 2427 2430
f 2487 2489 2490
f 2480 2429 2488
f 2480 2488 2487
f 2485 2489 2487
f 2487 2488 2484
f 866 819 2489
f 866 2489 867
f 2485 867 2489
f 818 2489 819
f 823 2489 818
f 2487 2482 2480
f 2482 823 822
f 2490 823 2482
f 823 2490 2489
f 2490 2482 2487
f 2486 2484 2483
f 2402 2483 2319
f 871 2486 872
f 855 867 858
f 856 855 858
f 858 2485 871
f 858 867 2485
f 866 862 819
f 780 872 781
f 872 2405 781
f 872 2486 2405
f 2405 2486 2483
f 2405 2483 2402
f 859 858 871
f 960 961 2216
f 960 2216 2218
f 960 2218 948
f 948 2218 962
f 951 962 226
f 231 1180 145
f 2491 2492 2493
f 2494 2493 2492
f 2495 2494 2492
f 1197 2493 2494
f 1198 1197 2494
f 2496 1198 2494
f 1197 1196 2497
f 2493 1197 2497
f 2491 1193 2498
f 1196 1193 2497
f 1193 2491 2497
f 2492 2491 2499
f 2491 2493 2497
f 1190 1193 1196
f 2500 2501 2499
f 2502 2503 2504
f 2500 2502 2501
f 2499 2501 2492
f 2502 2504 2505
f 2504 2506 2505
f 2502 2507 2501
f 2501 2495 2492
f 2495 2501 2507
f 2505 2507 2502
f 2508 2509 2505
f 2509 2507 2505
f 2509 2495 2507
f 2500 2510 2503
f 2511 2512 2513
f 2511 2513 2514
f 2503 2502 2500
f 2514 2504 2503
f 2514 2513 2504
f 2500 2499 2515
f 2512 2516 2513
f 1193 1192 2498
f 2499 2498 2515
f 2499 2491 2498
f 1194 1198 1208
f 1213 1208 1198
f 1198 2496 1213
f 2496 2517 1213
f 2518 1213 1221
f 1213 2517 1221
f 2519 1211 2520
f 1228 2519 2520
f 1229 2520 1212
f 1211 1212 2520
f 2518 1212 1213
f 1212 2518 1220
f 1229 1212 1225
f 1228 2520 1229
f 1215 1211 2519
f 1215 2519 1228
f 2494 2495 2496
f 2508 2505 2506
f 2521 2522 2523
f 2524 2523 2522
f 2508 2523 2524
f 2524 2522 2525
f 2526 2527 2521
f 2513 2506 2504
f 2526 2523 2513
f 2513 2523 2506
f 2526 2521 2523
f 2523 2508 2506
f 2508 2524 2509
f 2509 2496 2495
f 2509 2517 2496
f 2517 2509 2524
f 2516 2527 2513
f 2513 2527 2526
f 2525 2522 2528
f 2524 2525 2529
f 2517 2524 2529
f 2529 2525 2530
f 1220 2518 1221
f 2530 2531 2532
f 2529 2530 1249
f 1249 2530 2532
f 1250 1249 2533
f 2532 2533 1249
f 1249 1221 2529
f 1250 2533 1255
f 2531 2534 2532
f 2533 2532 2534
f 1178 2533 2535
f 2533 1178 1255
f 2535 2533 2534
f 2531 209 1180
f 2531 1180 2534
f 2219 213 2536
f 2525 2528 2537
f 2525 2537 2530
f 1221 2517 2529
f 2531 2537 2538
f 2537 2539 2538
f 2530 2537 2531
f 2538 2540 209
f 209 2536 215
f 2531 2538 209
f 1180 209 208
f 1180 208 146
f 215 2536 214
f 959 957 2535
f 1178 2535 957
f 958 957 959
f 2535 2534 231
f 231 2534 1180
f 959 2535 961
f 2535 231 961
f 961 231 230
f 213 2219 210
f 2536 213 214
f 2540 232 2536
f 2540 2541 2478
f 2540 2478 232
f 2542 2541 2539
f 2540 2539 2541
f 2528 2542 2537
f 2537 2542 2539
f 2538 2539 2540
f 2540 2536 209
f 2536 232 2219
f 2310 2309 2543
f 2544 2545 2546
f 2546 2545 2547
f 2547 2548 2546
f 2549 2550 2551
f 2550 2552 2553
f 2546 2548 2544
f 2554 2550 2548
f 2549 2548 2550
f 2554 2555 2550
f 2552 2550 2553
f 2254 2545 2255
f 2258 2280 2556
f 2264 2557 2260
f 2262 2260 2557
f 2258 2556 2264
f 2550 2555 2553
f 2416 2558 2420
f 2413 2558 2411
f 2416 2559 2558
f 2558 2559 2560
f 2558 2560 2411
f 2413 2448 2420
f 2420 2558 2413
f 2417 2416 2420
f 2560 2309 2411
f 2309 2414 2411
f 2283 2561 2562
f 2563 2564 2565
f 2415 2559 2416
f 2282 2566 2561
f 2564 2561 2566
f 2564 2566 2567
f 2564 2567 2565
f 2565 2567 2559
f 2567 2560 2559
f 2564 2563 2283
f 2561 2283 2282
f 2562 2561 2564
f 2283 2562 2564
f 2568 2569 2570
f 2571 2572 2282
f 2282 2572 2566
f 2566 2570 2567
f 2566 2572 2570
f 2560 2570 2573
f 2574 2571 2575
f 2574 2568 2572
f 2571 2574 2572
f 2572 2568 2570
f 2570 2560 2567
f 2576 2569 2568
f 2574 2576 2568
f 2577 2578 2579
f 2580 2577 2579
f 2580 2579 2581
f 2577 2580 2582
f 2576 2581 2569
f 2583 2584 2585
f 2583 2585 2586
f 2587 2588 2589
f 2587 2590 2588
f 2590 2591 2592
f 2588 2592 2593
f 2594 2588 2593
f 2595 2593 2583
f 2589 2588 2594
f 2588 2590 2592
f 2596 2591 2590
f 2594 2593 2595
f 2593 2597 2584
f 2593 2584 2583
f 2598 2599 2600
f 2601 2589 2599
f 2600 2599 2589
f 2600 2589 2602
f 2601 2587 2589
f 2601 2603 2587
f 2603 2590 2587
f 2603 2596 2590
f 2595 2583 2604
f 2605 2606 2607
f 2608 2609 2610
f 2609 2607 2610
f 2602 2589 2594
f 2610 2611 2608
f 2612 2608 2613
f 2608 2611 2600
f 2600 2602 2604
f 2602 2594 2604
f 2614 2615 2616
f 2617 2618 2616
f 2619 2620 2621
f 2620 2614 2621
f 2619 2621 2622
f 2622 2623 2605
f 2609 2624 2607
f 2623 2625 2605
f 2626 2620 2627
f 2627 2620 2619
f 2615 2617 2616
f 2614 2616 2621
f 2616 2618 2621
f 2619 2622 2624
f 2619 2624 2608
f 2618 2628 2621
f 2621 2623 2622
f 2621 2628 2623
f 2623 2628 2625
f 2624 2609 2608
f 2624 2622 2607
f 2605 2607 2622
f 2597 2629 2584
f 2591 2597 2593
f 2629 2585 2584
f 2592 2591 2593
f 2628 2630 2625
f 2607 2606 2631
f 2607 2631 2610
f 2611 2598 2600
f 1282 2468 2243
f 1282 1283 2468
f 1283 2475 2468
f 2468 2475 2469
f 2632 1282 2243
f 2633 1361 1279
f 2633 1279 1282
f 2634 1360 1361
f 2634 1361 2633
f 2635 2636 2632
f 2636 2633 2632
f 2633 1282 2632
f 2633 2636 2634
f 2241 2635 2632
f 2241 2632 2243
f 2475 2637 1277
f 1277 2637 1278
f 1279 1281 2475
f 1278 1281 2638
f 1281 1278 2637
f 1281 2637 2475
f 2475 1277 2466
f 1280 2638 1281
f 2639 2635 2241
f 2639 2241 2242
f 1279 2475 1283
f 1361 1280 1279
f 2640 1359 1360
f 2640 1360 2634
f 1350 1347 1344
f 2638 1344 1278
f 1280 1350 2638
f 1350 1344 2638
f 1361 1355 1280
f 1280 1355 1350
f 2640 2634 2641
f 2642 2641 2635
f 2643 2641 2642
f 2641 2634 2636
f 2641 2636 2635
f 2644 2645 1327
f 2645 2644 2646
f 2644 1327 1372
f 1327 1333 1372
f 2647 2644 2648
f 2644 1372 2648
f 1372 1331 2648
f 1331 1359 2648
f 2649 2648 2650
f 2649 2650 2651
f 2648 1359 2640
f 2640 2650 2648
f 2652 2653 2643
f 2652 2643 2642
f 2650 2643 2651
f 2651 2643 2653
f 2650 2641 2643
f 2650 2640 2641
f 2654 2655 2653
f 2655 2649 2653
f 2649 2651 2653
f 2653 2652 2656
f 2657 2655 2658
f 2659 2660 2655
f 2655 2654 2658
f 2635 2639 2661
f 2648 2649 2647
f 2235 2662 2227
f 2663 2664 2665
f 2666 2663 2665
f 2667 2668 2664
f 2664 2669 2665
f 2670 2671 2672
f 2665 2673 2313
f 2673 2669 2226
f 2673 2226 2674
f 2664 2668 2669
f 2669 2668 2234
f 2669 2234 2225
f 2669 2225 2226
f 2665 2669 2673
f 2310 2543 2313
f 2675 2543 2309
f 2671 2666 2672
f 2666 2665 2543
f 2675 2666 2543
f 2543 2665 2313
f 2313 2673 2311
f 2311 2673 2674
f 2676 2677 2678
f 2678 2670 2679
f 2676 2678 2679
f 2680 2677 2676
f 2681 2682 2679
f 2676 2679 2682
f 2683 2553 2555
f 2555 2684 2683
f 2685 2686 2687
f 2684 2555 2688
f 2684 2688 2682
f 2682 2688 2676
f 2686 2684 2682
f 2685 2687 2689
f 2687 2686 2682
f 2687 2682 2681
f 2573 2675 2560
f 2675 2309 2560
f 2690 2679 2672
f 2672 2675 2573
f 2672 2666 2675
f 2679 2670 2672
f 2672 2573 2570
f 2579 2691 2569
f 2581 2579 2569
f 2578 2689 2687
f 2579 2578 2692
f 2692 2681 2691
f 2578 2687 2692
f 2692 2687 2681
f 2692 2691 2579
f 2691 2681 2690
f 2690 2672 2570
f 2569 2691 2690
f 2679 2690 2681
f 2569 2690 2570
f 2594 2595 2604
f 2613 2604 2693
f 2693 2604 2694
f 2604 2695 2696
f 2694 2696 2678
f 2678 2696 2670
f 2695 2697 2696
f 2697 2698 2696
f 2608 2600 2604
f 2608 2604 2613
f 2677 2694 2678
f 2694 2604 2696
f 2693 2694 2677
f 2693 2677 2699
f 2700 2701 2702
f 2701 2663 2702
f 2696 2702 2670
f 2670 2702 2663
f 2671 2670 2663
f 2671 2663 2666
f 2701 2703 2663
f 2704 2705 2703
f 2704 2703 2701
f 2705 2667 2703
f 2663 2703 2664
f 2706 2704 2701
f 2707 2708 2697
f 2700 2709 2710
f 2700 2710 2711
f 2698 2697 2708
f 2708 2709 2700
f 2698 2708 2700
f 2700 2711 2701
f 2711 2712 2706
f 2706 2701 2711
f 2700 2702 2698
f 2698 2702 2696
f 2713 2714 2715
f 2706 2715 2704
f 2235 2227 2229
f 2662 2235 2668
f 2234 2668 2235
f 2716 2668 2667
f 2240 2464 2470
f 2240 2470 2717
f 2717 2470 2477
f 1823 2718 696
f 1826 2717 2477
f 1826 2477 2718
f 2718 1823 1826
f 2477 683 2718
f 683 696 2718
f 1815 1826 1816
f 1826 1822 1816
f 2719 2720 2721
f 2245 2246 2720
f 2721 2720 2246
f 2722 2246 2238
f 2722 2723 2246
f 2721 2246 2723
f 2721 2723 2724
f 2725 2726 2727
f 2728 2729 2730
f 2730 2731 2732
f 2733 2734 2735
f 2733 2735 2736
f 2736 2737 2738
f 2730 2732 2733
f 2732 2739 2733
f 2740 2733 2739
f 2733 2740 2734
f 2736 2738 2741
f 2742 2731 2730
f 2732 2731 2743
f 2731 2744 2743
f 2732 2743 2739
f 2743 2745 2739
f 2745 2740 2739
f 2746 2747 2748
f 2749 2747 2746
f 2750 2751 2752
f 2749 2753 2747
f 2747 2753 2751
f 2726 2754 2755
f 2730 2727 2728
f 2750 2752 2756
f 2725 2754 2726
f 2726 2728 2727
f 2757 2758 2759
f 2758 2760 2761
f 2762 2763 2764
f 2765 2763 2762
f 2766 2765 2762
f 2765 2767 2757
f 2768 2767 2766
f 2765 2766 2767
f 2757 2767 2758
f 2767 2760 2758
f 2744 2729 2769
f 2742 2744 2731
f 2769 2770 2771
f 2744 2769 2743
f 2743 2769 2772
f 2769 2771 2772
f 2745 2771 2740
f 2740 2771 2734
f 2763 2765 2757
f 2773 2774 2770
f 2772 2771 2743
f 2743 2771 2745
f 2773 2757 2774
f 2771 2770 2735
f 2771 2735 2734
f 2770 2774 2735
f 2774 2775 2776
f 2774 2757 2775
f 2775 2757 2777
f 2757 2759 2777
f 2775 2777 2776
f 2778 2779 2780
f 2781 2778 2780
f 2782 2781 2783
f 2783 2781 2780
f 2783 2780 2749
f 2784 2785 2779
f 2785 2784 2786
f 2787 2785 2788
f 2789 2790 2785
f 2785 2786 2789
f 2785 2790 2791
f 2788 2785 2791
f 2787 2788 2792
f 2788 2791 2793
f 2779 2785 2787
f 2779 2787 2780
f 2791 2790 2789
f 2791 2789 2794
f 2793 2791 2794
f 2749 2780 2787
f 2795 2749 2787
f 2749 2795 2753
f 2753 2752 2751
f 2796 2788 2793
f 2792 2796 2797
f 2798 2796 2793
f 2796 2798 2763
f 2763 2799 2764
f 2792 2788 2796
f 2793 2799 2798
f 2763 2798 2799
f 2793 2794 2800
f 2799 2793 2800
f 2799 2800 2801
f 2799 2801 2764
f 2756 2752 2802
f 2795 2787 2797
f 2802 2752 2728
f 2802 2728 2755
f 2797 2796 2757
f 2795 2797 2773
f 2728 2770 2729
f 2797 2757 2773
f 2730 2729 2742
f 2792 2797 2787
f 2756 2802 2754
f 2752 2753 2728
f 2802 2755 2754
f 2728 2753 2770
f 2726 2755 2728
f 2795 2773 2753
f 2753 2773 2770
f 2763 2757 2796
f 2729 2770 2769
f 2729 2744 2742
f 2803 2759 2804
f 2805 2803 2547
f 2680 2804 2759
f 2803 2804 2554
f 2777 2759 2803
f 2680 2759 2761
f 2758 2761 2759
f 2806 2545 2254
f 2547 2545 2806
f 2803 2554 2547
f 2554 2548 2547
f 2806 2254 2256
f 2805 2547 2806
f 2807 2777 2805
f 2808 2809 2807
f 2808 2256 2809
f 2777 2807 2776
f 2777 2803 2805
f 2805 2808 2807
f 2256 2808 2806
f 2810 2807 2809
f 2808 2805 2806
f 2776 2811 2294
f 2294 2811 2812
f 2813 2814 2815
f 2813 2815 2816
f 2817 2818 2819
f 2820 2817 2819
f 2818 2821 2819
f 2822 2823 2820
f 2822 2820 2824
f 2825 2826 2823
f 2826 2827 2818
f 2820 2823 2817
f 2824 2820 2828
f 2825 2829 2826
f 2826 2818 2823
f 2823 2818 2817
f 2821 2830 2831
f 2832 2825 2833
f 2834 2825 2835
f 2834 2835 2836
f 2825 2823 2822
f 2835 2825 2822
f 2833 2825 2834
f 2834 2836 2837
f 2831 2838 2821
f 2815 2820 2816
f 2820 2819 2839
f 2819 2840 2839
f 2820 2839 2816
f 2276 2262 2557
f 2764 2841 2762
f 2842 2843 2841
f 2276 2557 2842
f 2844 2843 2842
f 2842 2557 2844
f 2845 2846 2844
f 2556 2845 2844
f 2557 2556 2844
f 2844 2846 2847
f 2846 2848 2847
f 2556 2280 2849
f 2264 2556 2557
f 2849 2845 2556
f 2762 2841 2843
f 2766 2762 2843
f 2843 2844 2847
f 2768 2766 2843
f 2847 2768 2843
f 2847 2767 2768
f 2846 2760 2848
f 2848 2767 2847
f 2848 2760 2767
f 2786 2784 2850
f 2786 2851 2852
f 2853 2278 2274
f 2853 2265 2278
f 2854 2265 2853
f 2855 2856 2857
f 2800 2857 2801
f 2857 2856 2858
f 2858 2842 2801
f 2859 2854 2853
f 2860 2859 2853
f 2842 2860 2276
f 2861 2862 2855
f 2862 2856 2855
f 2855 2857 2800
f 2862 2863 2856
f 2857 2858 2801
f 2856 2860 2858
f 2856 2859 2860
f 2801 2841 2764
f 2858 2860 2842
f 2853 2274 2860
f 2860 2274 2276
f 2801 2842 2841
f 2699 2677 2680
f 2864 2699 2846
f 2760 2846 2761
f 2846 2699 2761
f 2699 2680 2761
f 2865 2866 2867
f 2865 2867 2868
f 2867 2866 2869
f 2867 2870 2868
f 2870 2867 2869
f 2871 2870 2872
f 2869 2872 2870
f 2870 2871 2873
f 2874 2875 2845
f 2845 2875 2846
f 2871 2872 2876
f 2873 2864 2875
f 2873 2871 2876
f 2873 2876 2864
f 2875 2864 2846
f 2872 2612 2876
f 2864 2876 2699
f 2680 2688 2804
f 2688 2554 2804
f 2688 2555 2554
f 2688 2680 2676
f 2850 2865 2868
f 2870 2877 2868
f 2868 2877 2850
f 2878 2850 2879
f 2851 2850 2878
f 2851 2878 2880
f 2786 2850 2851
f 2880 2878 2881
f 2879 2882 2881
f 2881 2878 2879
f 2850 2877 2879
f 2883 2882 2884
f 2885 2886 2884
f 2863 2877 2887
f 2877 2875 2887
f 2887 2875 2888
f 2280 2272 2874
f 2882 2889 2881
f 2882 2883 2889
f 2879 2877 2884
f 2882 2879 2884
f 2886 2883 2884
f 2890 2884 2863
f 2884 2877 2863
f 2877 2870 2873
f 2877 2873 2875
f 2279 2887 2874
f 2887 2888 2874
f 2891 2885 2890
f 2272 2279 2874
f 2890 2863 2892
f 2885 2884 2890
f 2863 2887 2859
f 2854 2266 2265
f 2279 2266 2854
f 2887 2854 2859
f 2887 2893 2854
f 2893 2279 2854
f 2893 2887 2279
f 2856 2863 2859
f 2888 2875 2874
f 2280 2874 2849
f 2849 2874 2845
f 2699 2876 2693
f 2612 2613 2876
f 2876 2613 2693
f 2866 2894 2869
f 2895 2619 2872
f 2872 2619 2608
f 2872 2608 2612
f 2288 2896 2284
f 2896 2897 2284
f 2898 2297 2248
f 2286 2899 2900
f 2901 2902 2903
f 2901 2903 2904
f 2727 2733 2903
f 2725 2727 2905
f 2905 2727 2902
f 2906 2902 2901
f 2902 2727 2903
f 2727 2730 2733
f 2903 2907 2904
f 2908 2899 2904
f 2900 2908 2288
f 2908 2907 2896
f 2896 2907 2741
f 2736 2735 2737
f 2738 2737 2909
f 2733 2907 2903
f 2904 2907 2908
f 2733 2736 2907
f 2907 2736 2741
f 2741 2738 2910
f 2737 2735 2909
f 2741 2910 2896
f 2908 2896 2288
f 2911 2901 2899
f 2297 2911 2899
f 2901 2904 2899
f 2297 2899 2286
f 2898 2911 2297
f 2900 2288 2285
f 2899 2908 2900
f 2286 2900 2285
f 2738 2909 2912
f 2910 2738 2912
f 2896 2910 2912
f 2896 2912 2913
f 2896 2913 2897
f 2905 2751 2725
f 2751 2914 2725
f 2750 2914 2751
f 2915 2898 2248
f 2251 2915 2248
f 2251 2247 373
f 2914 2750 2756
f 2914 2756 2725
f 2725 2756 2754
f 376 2247 2248
f 2251 2248 2247
f 2248 2297 2249
f 2249 2297 378
f 2909 2735 2912
f 2912 2735 2916
f 2912 2916 2913
f 2735 2776 2916
f 2774 2776 2735
f 2294 2291 2456
f 2294 2296 2291
f 2452 2284 2456
f 2452 2456 2293
f 2284 2294 2456
f 2294 2812 2295
f 2897 2294 2284
f 2294 2916 2776
f 2913 2916 2294
f 2897 2913 2294
f 2831 2917 2918
f 2831 2830 2917
f 2821 2838 2840
f 2819 2821 2840
f 2840 2838 2894
f 2919 2920 2921
f 2919 2922 2920
f 2923 2922 2924
f 2923 2924 2925
f 2920 2922 2926
f 2920 2926 2927
f 2922 2923 2926
f 2925 2926 2923
f 2836 2928 2922
f 2928 2929 2922
f 2929 2928 2930
f 2922 2929 2924
f 2924 2929 2930
f 2814 2828 2815
f 2931 2814 2932
f 2931 2828 2814
f 2815 2828 2820
f 2933 2934 2935
f 2936 2937 2938
f 2939 2936 2933
f 2822 2828 2938
f 2822 2824 2828
f 2938 2828 2940
f 2934 2940 2935
f 2835 2822 2836
f 2836 2822 2937
f 2836 2937 2941
f 2937 2822 2938
f 2942 2941 2937
f 2942 2937 2943
f 2936 2943 2937
f 2943 2939 2942
f 2943 2936 2939
f 2938 2933 2936
f 2938 2934 2933
f 2938 2940 2934
f 2944 2940 2828
f 2944 2828 2931
f 2928 2942 2930
f 2836 2941 2928
f 2942 2939 2945
f 2941 2942 2928
f 2946 2947 2948
f 2946 2948 2949
f 2946 2949 1865
f 2950 2951 2952
f 2953 2950 2952
f 2954 2953 2955
f 2947 2956 2948
f 2956 2953 2957
f 2956 2957 2958
f 2956 2958 2948
f 2952 2955 2953
f 2952 2959 2955
f 2955 2783 2749
f 2955 2960 2954
f 2955 2746 2961
f 2962 2954 2960
f 2951 2959 2952
f 2963 2783 2959
f 2959 2783 2955
f 2749 2746 2955
f 2953 2954 2957
f 2957 2954 2962
f 2955 2961 2960
f 2962 2905 2957
f 2948 2964 2898
f 2949 2965 2915
f 2958 2964 2948
f 2948 2898 2949
f 2965 2949 2898
f 2949 2915 1864
f 1864 2966 387
f 2966 2915 2251
f 2253 2251 2250
f 2915 2966 1864
f 2966 2253 372
f 2966 2251 2253
f 2478 1852 2946
f 1842 2953 2956
f 1839 2967 1842
f 2967 2953 1842
f 1840 1839 1842
f 1841 1842 2956
f 1841 2956 2947
f 2946 1852 1844
f 2946 1844 1841
f 1841 2947 2946
f 2968 2969 2782
f 2541 1852 2478
f 2478 2946 1865
f 390 2478 1865
f 1865 1864 385
f 385 1864 386
f 371 2966 372
f 1865 2949 1864
f 387 2966 371
f 2478 390 2479
f 2479 390 389
f 2970 2971 2972
f 2972 2973 2974
f 2973 2975 2976
f 2973 2976 2974
f 2975 2977 2976
f 2972 2974 2978
f 2979 2980 2981
f 2869 2895 2872
f 2981 2895 2869
f 2981 2982 2895
f 2895 2627 2619
f 2894 2983 2984
f 2985 2986 2983
f 2987 2988 2989
f 2990 2991 2992
f 2990 2992 2969
f 2993 2991 2994
f 2993 2989 2992
f 2992 2989 2988
f 2991 2993 2992
f 2995 2990 2969
f 2968 2995 2969
f 2992 2778 2969
f 2996 2995 2968
f 2997 2902 2906
f 2964 2997 2906
f 2964 2901 2911
f 2964 2906 2901
f 2746 2748 2961
f 2961 2748 2998
f 2747 2999 2748
f 2960 3000 2905
f 2747 3001 2999
f 3002 3001 2905
f 3001 2751 2905
f 2997 2905 2902
f 2961 3000 2960
f 2961 2998 3000
f 2960 2905 2962
f 2748 2999 2998
f 2999 3002 2998
f 2998 3002 3000
f 2999 3001 3002
f 2747 2751 3001
f 3002 2905 3000
f 2957 2905 2997
f 2958 2997 2964
f 2915 2965 2898
f 2898 2964 2911
f 2957 2997 2958
f 2839 2840 2865
f 2971 2970 2981
f 2894 2981 2869
f 2894 2971 2981
f 2970 3003 2981
f 3003 3004 2981
f 2894 2984 3005
f 2840 2894 2866
f 3006 2894 3005
f 2840 2866 2865
f 3006 3007 2971
f 3008 3005 2984
f 2894 3006 2971
f 2838 2985 2894
f 2985 2983 2894
f 2971 3009 2972
f 2816 3010 3011
f 3012 3011 3010
f 3010 2816 3013
f 3010 3013 3014
f 2816 2779 3013
f 2988 3014 3013
f 3012 3010 3014
f 3012 3014 2987
f 2988 2987 3014
f 2816 2839 2779
f 2988 3013 2779
f 2988 2779 2992
f 2992 2779 2778
f 2969 2778 2782
f 2778 2781 2782
f 2789 2852 2861
f 2789 2861 2794
f 2786 2852 2789
f 2852 2851 2861
f 2861 2855 2794
f 2794 2855 2800
f 2861 2851 2880
f 2880 3015 2861
f 3016 2861 3015
f 2839 2865 2850
f 2839 2784 2779
f 2784 2839 2850
f 2861 3016 2862
f 3017 2813 2816
f 3017 2816 3011
f 3018 1953 3019
f 3020 3021 3022
f 3022 3023 3024
f 3025 3026 3018
f 3018 3026 1953
f 3018 3019 3027
f 3028 1953 3029
f 1953 3026 3029
f 3028 3020 1953
f 3030 3031 3028
f 3030 3028 3029
f 3028 3021 3020
f 3032 3021 3028
f 3021 3033 3023
f 3021 3023 3022
f 3031 3032 3028
f 3032 3033 3021
f 3033 2833 3023
f 3023 2834 2837
f 3023 2833 2834
f 3031 3034 3032
f 1953 3020 1893
f 3035 3027 3019
f 2106 3036 1899
f 1896 2106 1899
f 3037 3018 3027
f 3038 3039 3025
f 3040 3041 3042
f 3037 3025 3018
f 3041 3038 3025
f 3041 3025 3042
f 3042 3025 3037
f 3039 3030 3029
f 3030 3043 3031
f 3044 2063 3045
f 3045 3043 3030
f 2063 1897 3045
f 3043 3045 1897
f 3044 3045 3039
f 3039 3045 3030
f 1897 3046 3043
f 3046 3031 3043
f 3047 3038 3041
f 3048 3047 3041
f 2064 3044 3047
f 3046 3049 3031
f 3049 3034 3031
f 1899 3046 1897
f 1899 3049 3046
f 3025 3039 3026
f 3026 3039 3029
f 3044 3039 3038
f 2064 2063 3044
f 3047 3044 3038
f 1977 3050 3051
f 3052 3051 3053
f 3051 3054 3053
f 3051 3055 3054
f 3054 3055 3056
f 3057 3050 1977
f 3057 3058 3050
f 3051 3050 3055
f 3055 3059 3060
f 3060 3059 3061
f 3062 3063 3061
f 3060 3064 3056
f 3061 3059 3062
f 3062 3059 3063
f 3054 3056 3053
f 3056 3064 3053
f 3056 3055 3060
f 3050 3065 3055
f 3055 3065 3059
f 1901 1976 3066
f 1901 3066 3067
f 3066 1976 1977
f 3067 3066 3068
f 3051 3052 3068
f 3066 1977 3068
f 3068 1977 3051
f 3068 3052 3069
f 3070 3071 3072
f 3070 3073 3071
f 3073 3074 3071
f 3075 3076 3077
f 3077 3071 3078
f 3076 3071 3077
f 3077 2514 3075
f 2512 2511 3078
f 3077 2511 2514
f 3077 3078 2511
f 2510 3079 2503
f 2514 2503 3079
f 2515 2510 2500
f 3071 3074 3078
f 3078 3074 3080
f 3078 3080 2512
f 2512 3080 2516
f 3073 3070 3081
f 3073 3081 3074
f 3074 3082 3080
f 1910 1915 1912
f 1917 2498 1192
f 3083 3052 3053
f 3083 3053 3076
f 3060 3084 3064
f 3064 3084 3072
f 3063 3070 3061
f 3072 3084 3070
f 3060 3061 3084
f 3061 3070 3084
f 3085 3083 3076
f 3086 3085 3075
f 3053 3064 3072
f 3076 3075 3085
f 3076 3072 3071
f 3076 3053 3072
f 3075 2514 3086
f 3086 2514 3079
f 2510 3087 3086
f 3088 2498 1917
f 3088 2515 2498
f 3079 2510 3086
f 2515 3088 3087
f 3087 2510 2515
f 3089 3067 3068
f 3090 3069 3085
f 3069 3052 3085
f 3052 3083 3085
f 3089 3068 3069
f 3090 3085 3087
f 3085 3086 3087
f 1917 1192 1202
f 1915 1901 3067
f 3089 1915 3067
f 1915 3089 1912
f 1911 1912 1918
f 1912 3091 1918
f 1907 1918 1917
f 1912 3089 3091
f 3089 3069 3091
f 3091 3069 3090
f 1918 3091 3090
f 3090 3088 1918
f 1918 3088 1917
f 3090 3087 3088
f 3092 3093 2527
f 2521 2527 3093
f 2521 3093 3094
f 2521 3094 2522
f 2522 3094 2528
f 3095 3096 3093
f 3097 3035 3096
f 3035 3098 3096
f 3096 3098 3093
f 3093 3098 3094
f 3095 3099 3096
f 3095 3093 3092
f 3099 3097 3096
f 3074 3100 3082
f 3074 3101 3100
f 3082 2516 3080
f 3102 3103 3101
f 3103 3095 3101
f 3101 3092 3100
f 3101 3095 3092
f 3100 3092 2516
f 2516 3092 2527
f 3074 3102 3101
f 3082 3100 2516
f 3104 3099 3103
f 3103 3099 3095
f 3105 3106 3107
f 3106 3037 3107
f 3097 3105 3107
f 3097 3107 3037
f 3097 3027 3035
f 3040 3037 3108
f 3108 3037 3106
f 3109 3106 3105
f 3109 3105 3110
f 3110 3105 3097
f 3097 3037 3027
f 3037 3040 3042
f 3110 3111 3109
f 3104 3110 3097
f 3104 3097 3099
f 3023 2837 3024
f 2919 2836 2922
f 2837 2919 3024
f 3024 2919 3112
f 2837 2836 2919
f 3020 3022 3113
f 3113 3024 3114
f 1893 3113 1894
f 3114 3112 3115
f 3113 3114 1894
f 3022 3024 3113
f 3024 3112 3114
f 3020 3113 1893
f 1894 3114 3116
f 3114 3115 3116
f 1951 1941 3117
f 3117 3118 3119
f 1951 3117 1828
f 3019 1953 1954
f 3019 1954 3120
f 3035 3019 3120
f 1829 3117 3119
f 1828 3117 1829
f 3098 3035 3120
f 3094 3098 3120
f 3120 1954 1958
f 1958 1957 1256
f 1958 1256 1260
f 1956 1957 1958
f 2542 1958 1260
f 1260 2541 2542
f 2541 1260 1852
f 3094 3120 2542
f 2542 3120 1958
f 2528 3094 2542
f 1969 1977 1975
f 1977 1969 3057
f 1969 3121 3057
f 3065 3122 3123
f 3065 3123 3059
f 3059 3123 3063
f 3123 3124 3063
f 1969 1972 3121
f 1972 1971 1974
f 1972 1974 3125
f 1972 3126 3121
f 3125 3126 1972
f 3121 3126 3058
f 3126 3127 3122
f 3121 3058 3057
f 3126 3122 3058
f 3058 3065 3050
f 3058 3122 3065
f 2026 2064 2036
f 2052 2036 3128
f 3128 3047 3048
f 3129 3130 3131
f 3130 3132 3131
f 3122 3129 3123
f 3129 3131 3123
f 3125 1974 3133
f 3125 3133 3127
f 3126 3125 3127
f 3129 3134 3130
f 3134 3135 3130
f 3130 3135 3132
f 3127 3133 3134
f 3134 3133 3136
f 3122 3127 3129
f 3134 3129 3127
f 3134 3136 3135
f 3136 3128 3048
f 3136 3048 3135
f 1973 3133 1974
f 1973 2060 3133
f 3133 2060 3137
f 3137 3136 3133
f 3128 3136 3137
f 3137 2060 3128
f 2052 3128 2060
f 3040 3048 3041
f 3040 3138 3135
f 3108 3132 3138
f 3135 3048 3040
f 3135 3138 3132
f 2026 2062 2064
f 2029 2036 2052
f 3128 2036 3047
f 2036 2064 3047
f 3070 3124 3139
f 3081 3070 3102
f 3070 3140 3102
f 3139 3141 3140
f 3102 3140 3103
f 3070 3139 3140
f 3081 3102 3074
f 3140 3104 3103
f 3111 3132 3109
f 3142 3110 3143
f 3141 3142 3143
f 3141 3143 3140
f 3143 3110 3104
f 3143 3104 3140
f 3131 3132 3139
f 3124 3131 3139
f 3139 3132 3142
f 3139 3142 3141
f 3124 3070 3063
f 3142 3132 3111
f 3142 3111 3110
f 3123 3131 3124
f 3040 3108 3138
f 3108 3106 3109
f 3132 3108 3109
f 2818 3144 2821
f 2827 3144 2818
f 2821 3144 2830
f 2830 3144 3145
f 3145 3144 3146
f 3147 2716 2667
f 2703 2667 2664
f 2705 3147 2667
f 3148 3149 2716
f 3150 3151 3147
f 3150 3147 2705
f 3151 3148 3147
f 3147 3148 2716
f 3152 3150 3153
f 3150 3152 3154
f 3153 3150 2715
f 3148 3151 3154
f 3154 3151 3150
f 2715 3150 2704
f 2704 3150 2705
f 3155 3156 3157
f 3158 3157 3159
f 3160 3161 3162
f 3163 3164 3165
f 3160 3162 3166
f 3166 3162 3164
f 3161 3167 3162
f 3164 3162 3165
f 3168 3169 3170
f 3168 3163 3165
f 3171 3163 3168
f 3168 3170 3172
f 3170 3173 3174
f 3170 3174 3172
f 3175 3169 3176
f 3162 3167 3176
f 3162 3168 3165
f 3176 3169 3162
f 3162 3169 3168
f 3171 3168 3153
f 3168 3172 3153
f 3171 3153 3177
f 3172 3178 3152
f 3174 3178 3172
f 3152 3178 3154
f 3172 3152 3153
f 3177 3153 2715
f 2714 3177 2715
f 3179 3180 3181
f 3180 3182 3181
f 3182 3183 3181
f 3183 3184 3181
f 3181 3184 3160
f 3160 3184 3161
f 3182 3185 3183
f 3183 3185 3184
f 3184 3185 3186
f 3184 3186 3161
f 3186 3167 3161
f 3154 3187 3148
f 3144 3179 3188
f 3180 3179 3189
f 3190 3191 3160
f 3160 3166 3190
f 3192 3193 3194
f 3191 3181 3160
f 3188 3190 3194
f 3195 3196 3197
f 3198 3196 3195
f 2066 1812 1813
f 3199 1808 3200
f 3200 1808 1812
f 2066 3200 1812
f 3197 3196 3200
f 3201 2066 2065
f 3202 3197 3203
f 3204 3197 3202
f 3203 3205 3206
f 3197 3207 3203
f 3207 2066 3201
f 3203 3207 3205
f 3200 3207 3197
f 3200 2066 3207
f 3146 3188 3208
f 3146 3144 3188
f 3209 2652 2642
f 2642 2635 2661
f 3210 3211 3212
f 3210 3213 3211
f 3214 3212 3149
f 3202 3203 3215
f 3216 3217 3218
f 3217 3219 3218
f 3220 3202 3215
f 3218 3210 3216
f 3218 3219 3210
f 3216 3210 3221
f 3210 3206 3205
f 3219 3206 3210
f 3210 3205 3213
f 3217 3215 3219
f 3215 3203 3219
f 3219 3203 3206
f 3222 3215 3217
f 3223 3224 3220
f 3224 3225 3220
f 3226 3220 3227
f 3228 3229 3217
f 3228 3217 3216
f 3230 3202 3225
f 3220 3225 3202
f 3222 3220 3215
f 3231 3228 3216
f 3227 3222 3217
f 3220 3222 3227
f 3232 3229 3228
f 3232 3228 3231
f 3233 3227 3229
f 3234 3231 3235
f 3234 3232 3231
f 3227 3217 3229
f 3235 3231 3236
f 3236 3231 3216
f 3236 3216 3214
f 3214 3216 3221
f 3237 3229 3232
f 3233 3229 3237
f 3221 3212 3214
f 3221 3210 3212
f 3235 3236 3187
f 3187 3236 3148
f 3236 3214 3149
f 3148 3236 3149
f 3238 3239 3240
f 3238 3240 3241
f 3240 3224 3241
f 3242 3157 3243
f 3239 3242 3243
f 3240 3239 3243
f 3244 3243 3245
f 3157 3158 3243
f 3243 3244 3240
f 3180 3246 3182
f 3189 3247 3180
f 3247 3246 3180
f 3248 3249 3250
f 3251 3248 3252
f 3248 3250 3252
f 3252 3250 3233
f 3233 3250 3226
f 3253 3254 3255
f 3255 3254 3256
f 3254 3253 3251
f 3254 3251 3257
f 3257 3251 3252
f 3258 3254 3257
f 3256 3254 3258
f 3186 3258 3259
f 3259 3258 3257
f 3257 3260 3259
f 3249 3261 3238
f 3262 3249 3248
f 3263 3264 3182
f 3264 3255 3256
f 3256 3258 3186
f 3250 3223 3226
f 3249 3238 3241
f 3249 3223 3250
f 3249 3241 3223
f 3223 3241 3224
f 3252 3237 3257
f 3265 3257 3237
f 3260 3257 3265
f 3233 3237 3252
f 3266 3259 3260
f 3169 3173 3170
f 3169 3175 3173
f 3226 3223 3220
f 3234 3265 3232
f 3234 3235 3174
f 3174 3235 3178
f 3178 3235 3187
f 3233 3226 3227
f 3260 3265 3234
f 3173 3260 3234
f 3173 3234 3174
f 3265 3237 3232
f 3182 3264 3185
f 3264 3256 3185
f 3256 3186 3185
f 3186 3259 3266
f 3186 3266 3167
f 3167 3266 3176
f 3175 3266 3260
f 3176 3266 3175
f 3175 3260 3173
f 3178 3187 3154
f 3204 3267 3195
f 3268 3198 3195
f 3204 3195 3197
f 3204 3269 3267
f 3269 3204 3230
f 3155 3270 3156
f 3157 3156 3159
f 3212 3211 3271
f 3149 3212 2662
f 3212 3271 2662
f 3211 3272 3271
f 3213 3272 3211
f 3213 3205 3201
f 3213 3201 2237
f 2237 3272 3213
f 3245 3158 3159
f 3243 3158 3245
f 3245 3269 3244
f 3245 3273 3269
f 3245 3159 3273
f 3273 3267 3269
f 3274 3267 3273
f 3267 3274 3275
f 3271 2230 2662
f 3271 3272 2230
f 2662 2230 2227
f 2237 2230 3272
f 3201 2065 2237
f 3201 3205 3207
f 2237 2065 301
f 3149 2662 2716
f 2716 2662 2668
f 3189 3179 3144
f 3224 3230 3225
f 3230 3224 3269
f 3230 3204 3202
f 3244 3269 3224
f 3240 3244 3224
f 3190 3188 3191
f 3179 3181 3191
f 3179 3191 3188
f 3188 3194 3208
f 3276 3208 3193
f 3194 3193 3208
f 3034 3277 3032
f 3032 3277 3033
f 3278 3189 2827
f 3279 2827 2829
f 2827 3279 3278
f 2827 3189 3144
f 2829 2827 2826
f 2832 3279 2829
f 2832 2829 2825
f 3033 3277 2832
f 2832 2833 3033
f 3280 2832 3277
f 3280 3279 2832
f 3280 3281 3279
f 3279 3282 3278
f 3281 3280 3283
f 3284 3285 3283
f 3281 3286 3282
f 3036 3049 1899
f 3287 3288 3289
f 3287 3289 3290
f 3287 3290 3049
f 3289 3284 3290
f 3290 3277 3049
f 3036 3287 3049
f 3290 3284 3280
f 3291 3292 3036
f 3036 3292 3293
f 3036 3293 3287
f 3278 3282 3294
f 3281 3282 3279
f 3049 3277 3034
f 3290 3280 3277
f 3284 3283 3280
f 1316 2645 2069
f 2069 2645 2071
f 2646 2071 2645
f 1316 1327 2645
f 2646 2644 2647
f 3238 3242 3239
f 3295 3296 3242
f 3238 3295 3242
f 3297 3298 3295
f 3298 3296 3295
f 3298 3299 3296
f 3300 3298 3297
f 3297 3295 3301
f 3261 3295 3238
f 3301 3302 3303
f 3303 3297 3301
f 3301 3295 3261
f 2086 2085 3304
f 3305 3304 3303
f 3303 3304 3297
f 2086 3305 2089
f 2089 3305 2206
f 2086 3304 3305
f 2206 3305 3306
f 3306 3305 3302
f 3305 3303 3302
f 2085 3300 3304
f 3300 2085 2091
f 3304 3300 3297
f 2101 3307 3308
f 2099 2208 2100
f 2101 2100 3307
f 2208 3307 2100
f 3309 2098 3310
f 3310 2098 2101
f 3311 3312 3313
f 3311 3314 3312
f 3315 3310 3308
f 3307 3316 3308
f 3315 3308 3283
f 3283 3316 3281
f 3309 3310 3314
f 3314 3310 3312
f 3310 3315 3312
f 2101 3308 3310
f 3308 3316 3283
f 3317 2098 3318
f 3317 3318 3319
f 3311 3318 3314
f 3313 3319 3311
f 3320 2098 3317
f 3319 3318 3311
f 3321 3320 3317
f 3322 3321 3317
f 3319 3313 3323
f 3323 3313 3324
f 3313 3312 3324
f 3324 3312 3285
f 3312 3315 3285
f 3285 3315 3283
f 3318 3309 3314
f 2098 3309 3318
f 3281 3316 3286
f 3316 3307 3286
f 3307 3325 3286
f 3322 3317 3326
f 3326 3319 3327
f 3326 3327 3328
f 3327 3319 3329
f 3326 3317 3319
f 3329 3319 3323
f 2189 3330 2194
f 2647 2649 3331
f 3331 2649 2655
f 3296 3155 3242
f 3155 3157 3242
f 3332 3333 3334
f 3335 3333 3332
f 3336 3332 3334
f 3337 3332 3336
f 3338 3306 3335
f 3338 3335 3337
f 3339 3338 3337
f 3337 3335 3332
f 3340 3339 3337
f 3263 3341 3342
f 3246 3263 3182
f 3342 3341 3336
f 3342 3336 3334
f 3342 3264 3263
f 3294 3246 3247
f 3343 3344 3294
f 3344 3246 3294
f 3345 3246 3344
f 3246 3345 3341
f 3341 3263 3246
f 3340 3337 3345
f 3346 3345 3344
f 3346 3344 3343
f 3340 3345 3346
f 3337 3341 3345
f 3337 3336 3341
f 3347 3348 3248
f 3255 3334 3347
f 3347 3253 3255
f 3347 3248 3251
f 3253 3347 3251
f 3301 3261 3262
f 3301 3262 3348
f 3262 3261 3249
f 3348 3347 3334
f 3342 3334 3255
f 3248 3348 3262
f 3264 3342 3255
f 2071 3330 2189
f 2071 2646 3330
f 2646 2647 3331
f 2646 3331 3330
f 2207 2206 3338
f 2207 3338 3339
f 3349 3339 3340
f 2208 2209 3307
f 3307 2209 3350
f 2209 2207 3349
f 3349 2207 3339
f 2209 3349 3350
f 3350 3349 3340
f 3278 3294 3189
f 3189 3294 3247
f 3282 3343 3294
f 3306 3302 3333
f 3338 2206 3306
f 3286 3325 3343
f 3286 3343 3282
f 3307 3350 3325
f 3350 3340 3346
f 3325 3346 3343
f 3350 3346 3325
f 3301 3348 3302
f 3333 3302 3348
f 3333 3348 3334
f 3335 3306 3333
f 3351 3352 3353
f 3352 3354 3353
f 3352 3355 3354
f 3356 3357 3358
f 3359 3360 3361
f 3360 3358 3362
f 3361 3360 3363
f 3364 3358 3357
f 3363 3360 3362
f 3362 3358 3364
f 3365 3364 3357
f 3363 3362 3366
f 3363 3366 3367
f 3366 3364 3365
f 3365 3357 3368
f 3369 3365 3368
f 3367 3366 3370
f 3366 3371 3370
f 3371 3366 3365
f 3360 3359 3358
f 3362 3364 3366
f 3372 3365 3369
f 3372 3369 3373
f 3371 3365 3372
f 3371 3372 3374
f 3375 3372 3373
f 3370 3371 3376
f 3376 3371 3374
f 3355 3374 3377
f 3355 3377 3378
f 3372 3375 3374
f 3351 3376 3352
f 3376 3374 3352
f 3374 3355 3352
f 3374 3375 3377
f 3379 3367 3370
f 3379 3370 3376
f 35 32 3380
f 3381 3382 3383
f 3383 3382 3384
f 3385 3383 3384
f 3377 3381 3383
f 3386 3377 3383
f 3375 3381 3377
f 3387 3388 3389
f 3380 3390 3391
f 3392 3380 3391
f 3387 3389 3368
f 3357 3387 3368
f 3391 3393 3394
f 3395 3394 3393
f 3394 3392 3391
f 3393 3396 3397
f 3389 3392 3398
f 3368 3389 3398
f 3397 3396 3399
f 3397 3399 3400
f 3375 3373 3381
f 3401 3392 3394
f 3398 3392 3401
f 3368 3398 3402
f 3403 3398 3401
f 3402 3398 3403
f 3403 3401 3404
f 3404 3405 3406
f 3395 3393 3397
f 3394 3395 3407
f 3401 3394 3404
f 3405 3394 3407
f 3404 3394 3405
f 3369 3368 3402
f 3406 3405 3408
f 3396 2213 3399
f 28 3396 3393
f 3390 3380 32
f 292 35 3380
f 3389 291 292
f 3397 3409 3410
f 3410 3395 3397
f 3395 3410 3407
f 3411 3405 3407
f 3382 3404 3384
f 3406 3384 3404
f 3403 3404 3382
f 3373 3369 3402
f 3381 3402 3403
f 3373 3402 3381
f 3381 3403 3382
f 32 3393 3391
f 3390 32 3391
f 31 3393 32
f 3410 3412 3407
f 3408 3405 3411
f 3408 3411 3413
f 3408 3413 3414
f 3406 3408 3414
f 3409 3400 3415
f 3397 3400 3409
f 3389 292 3392
f 292 3380 3392
f 3416 3417 3418
f 3400 3417 3416
f 3415 3419 3409
f 3400 3416 3415
f 3415 3416 3419
f 3413 3411 3420
f 3421 3422 3423
f 3424 3386 3421
f 3425 3424 3421
f 3425 3426 3424
f 3425 3421 3427
f 3386 3422 3421
f 3423 3406 3414
f 3423 3384 3406
f 3422 3386 3383
f 3422 3383 3385
f 3385 3384 3423
f 3422 3385 3423
f 3428 3429 3430
f 3431 3432 3429
f 3432 3433 3426
f 3432 3434 3429
f 3432 3426 3434
f 3429 3434 3430
f 3428 3430 3435
f 3433 3436 3426
f 3426 3425 3434
f 3434 3425 3427
f 3437 3433 3432
f 3409 3419 3438
f 3410 3409 3412
f 3412 3409 3438
f 3411 3407 3412
f 3439 3423 3440
f 3439 3421 3423
f 3421 3439 3427
f 3430 3427 3441
f 3427 3439 3441
f 3435 3430 3442
f 3439 3443 3441
f 3443 3442 3441
f 3442 3430 3441
f 3430 3434 3427
f 3353 3354 3436
f 3353 3436 3444
f 3354 3378 3424
f 3444 3436 3433
f 3354 3424 3426
f 3354 3355 3378
f 3378 3386 3424
f 3354 3426 3436
f 3445 3433 3437
f 3378 3377 3386
f 3445 3446 3433
f 3447 3448 3449
f 3450 3451 3452
f 3453 3454 3450
f 3454 3451 3450
f 3455 3456 3454
f 3456 3455 3457
f 3458 3453 3450
f 3450 3452 3459
f 3452 3451 3460
f 3458 3450 3459
f 3461 3453 3458
f 3351 3379 3376
f 3449 3448 3351
f 3379 3351 3448
f 3462 3463 3464
f 3464 3367 3379
f 3464 3379 3462
f 3448 3462 3379
f 3465 3466 3463
f 3466 3467 3463
f 3467 3464 3463
f 3468 3462 3448
f 3454 3456 3451
f 3460 3451 3469
f 3469 3451 3456
f 3469 3470 3460
f 3460 3470 3471
f 3456 3470 3469
f 3456 3457 3472
f 3470 3456 3472
f 3471 3470 3473
f 3470 3472 3474
f 3475 3473 3476
f 3470 3474 3473
f 3473 3474 3477
f 3476 3473 3477
f 3476 3478 3479
f 3476 3477 3478
f 3460 3471 3480
f 3475 3471 3473
f 3472 3465 3474
f 3474 3465 3477
f 3476 3479 3481
f 3482 3483 3484
f 3483 3447 3484
f 3484 3447 3485
f 3486 3487 3446
f 3488 3489 3490
f 3489 3491 3492
f 3489 3492 3490
f 3493 3488 3494
f 3495 3494 3496
f 3488 3490 3496
f 3494 3488 3496
f 3495 3496 3497
f 3496 3490 3498
f 3496 3498 3497
f 3497 3499 3500
f 3497 3501 3499
f 3502 3503 3504
f 3505 3489 3493
f 3493 3489 3488
f 3506 3507 3500
f 3495 3497 3507
f 3500 3507 3497
f 3497 3503 3502
f 3502 3501 3497
f 3504 3503 3508
f 3509 3493 3510
f 3494 3495 3510
f 3493 3494 3510
f 3511 3458 3512
f 3513 3514 3515
f 3516 3517 3518
f 3519 3520 3521
f 3516 3522 3517
f 3518 3517 3523
f 3523 3517 3524
f 3524 3525 3523
f 3516 3518 3520
f 3520 3518 3526
f 3521 3520 3526
f 3526 3518 3527
f 3527 3518 3523
f 3527 3523 3528
f 3529 3530 3531
f 3530 3511 3512
f 3532 3529 3522
f 3531 3459 3533
f 3522 3533 3534
f 3533 3535 3534
f 3459 3452 3535
f 3522 3534 3524
f 3524 3534 3536
f 3452 3460 3537
f 3530 3512 3531
f 3515 3530 3529
f 3512 3459 3531
f 3511 3530 3514
f 3514 3530 3515
f 3529 3531 3522
f 3512 3458 3459
f 3533 3522 3531
f 3515 3529 3532
f 3459 3535 3533
f 3452 3537 3535
f 3534 3535 3536
f 3535 3537 3536
f 3480 3471 3538
f 3537 3480 3536
f 3460 3480 3537
f 3538 3471 3475
f 3539 3475 3476
f 3539 3476 3481
f 3524 3536 3540
f 3536 3480 3505
f 3505 3538 3491
f 3538 3475 3539
f 3492 3491 3541
f 3491 3481 3541
f 3505 3540 3536
f 3480 3538 3505
f 3489 3505 3491
f 3491 3538 3539
f 3491 3539 3481
f 3521 3526 3542
f 3542 3527 3543
f 3543 3527 3528
f 3544 3542 3543
f 3545 3543 3546
f 3542 3526 3527
f 3543 3528 3546
f 3532 3516 3520
f 3547 3532 3520
f 3548 3549 3547
f 3549 3513 3515
f 3547 3549 3532
f 3550 3513 3549
f 3522 3524 3517
f 3548 3547 3520
f 3515 3532 3549
f 3532 3522 3516
f 3546 3528 3551
f 3546 3551 3552
f 3553 3545 3554
f 3544 3543 3545
f 3553 3544 3545
f 3554 3545 3546
f 3554 3546 3552
f 3555 3554 3552
f 3552 3506 3555
f 3555 3556 3554
f 3555 3506 3500
f 3500 3557 3555
f 3500 3499 3557
f 3523 3540 3558
f 3523 3525 3540
f 3551 3558 3559
f 3558 3509 3559
f 3551 3559 3560
f 3551 3560 3552
f 3540 3505 3493
f 3506 3552 3560
f 3528 3523 3558
f 3525 3524 3540
f 3528 3558 3551
f 3540 3509 3558
f 3540 3493 3509
f 3506 3560 3510
f 3507 3506 3495
f 3560 3509 3510
f 3506 3510 3495
f 3559 3509 3560
f 3444 3449 3353
f 3485 3447 3433
f 3433 3447 3444
f 3449 3351 3353
f 3444 3447 3449
f 3446 3485 3433
f 2213 28 51
f 3393 31 28
f 28 2213 3396
f 3561 3417 3562
f 3562 3417 3400
f 3563 3564 3565
f 3564 3514 3513
f 3563 3565 3418
f 3417 3563 3418
f 3418 3566 3416
f 3399 3562 3400
f 3567 3519 3568
f 3569 3567 3568
f 3568 3519 3521
f 3568 3570 3571
f 3568 3521 3542
f 3570 3568 3542
f 3572 3570 3542
f 3572 3542 3544
f 3567 3548 3519
f 3567 3550 3548
f 3564 3513 3550
f 3565 3564 3550
f 3573 3574 3567
f 3548 3520 3519
f 3549 3548 3550
f 3550 3567 3574
f 3572 3544 3553
f 3571 3570 3575
f 3556 3576 3553
f 3577 3576 3556
f 3578 3577 3579
f 3580 3578 3581
f 3581 3578 3579
f 3582 3581 3579
f 3570 3572 3575
f 3575 3572 3576
f 3576 3572 3553
f 3583 3575 3576
f 3584 3583 3576
f 3584 3576 3577
f 3584 3577 3578
f 3556 3553 3554
f 3577 3556 3585
f 3577 3585 3579
f 3555 3585 3556
f 3557 3585 3555
f 3579 3585 3582
f 3582 3585 3557
f 3499 3582 3557
f 3573 3567 3569
f 3569 3568 3571
f 3586 3587 3584
f 3586 3584 3578
f 3586 3578 3580
f 3573 3569 3588
f 3569 3571 3583
f 3588 3569 3583
f 3583 3571 3575
f 3588 3583 3587
f 3583 3584 3587
f 3565 3550 3574
f 3418 3574 3566
f 3565 3574 3418
f 3589 3590 3591
f 3589 3591 3592
f 3592 3591 3593
f 3591 3590 3594
f 3595 3594 3596
f 3590 3597 3598
f 3590 3598 3594
f 3599 3595 3596
f 3597 3600 3598
f 3594 3598 3601
f 3596 3594 3602
f 3594 3601 3603
f 3603 3601 3604
f 3602 3594 3603
f 3597 3590 3589
f 3591 3595 3593
f 3589 3605 3597
f 3591 3594 3595
f 3593 3595 3599
f 3596 3606 3599
f 3598 3600 3601
f 3601 3600 3607
f 3608 3609 3610
f 3609 3611 3612
f 3613 3614 3615
f 3614 3616 3615
f 3613 3617 3618
f 3619 3609 3608
f 3612 3620 3609
f 3610 3609 3620
f 3620 3612 3621
f 3612 3622 3621
f 3623 3613 3618
f 3620 3621 3624
f 3621 3622 3625
f 3621 3625 3624
f 3626 3627 3628
f 3626 3628 3629
f 3626 3629 3630
f 3628 3608 3631
f 3631 3608 3632
f 3619 3608 3628
f 3628 3631 3629
f 3608 3610 3632
f 3633 3634 3635
f 3636 3633 3637
f 3638 3639 3640
f 3639 3634 3633
f 3636 3639 3633
f 3636 3640 3639
f 3641 3642 3643
f 3642 3644 3643
f 3641 3643 3645
f 3619 3641 3645
f 3645 3643 3646
f 3645 3647 3611
f 3648 3649 3650
f 3648 3651 3652
f 3649 3652 3653
f 3654 3651 3648
f 3650 3654 3648
f 3649 3653 3655
f 3656 3650 3657
f 3653 3616 3655
f 3652 3658 3659
f 3660 3653 3652
f 3653 3660 3616
f 3652 3659 3660
f 3661 3656 3662
f 3663 3664 3661
f 3664 3665 3661
f 3666 3667 3668
f 3659 3669 3660
f 3667 3613 3623
f 3668 3667 3623
f 3660 3669 3670
f 3625 3668 3671
f 3670 3672 3673
f 3674 3675 3676
f 3672 3674 3676
f 3676 3593 3599
f 3676 3599 3677
f 3676 3677 3673
f 3643 3644 3663
f 3619 3645 3609
f 3643 3663 3646
f 3645 3646 3647
f 3645 3611 3609
f 3648 3652 3649
f 3649 3655 3657
f 3656 3654 3650
f 3646 3662 3666
f 3650 3649 3657
f 3647 3646 3666
f 3663 3661 3646
f 3678 3658 3651
f 3651 3658 3652
f 3657 3655 3613
f 3647 3666 3622
f 3611 3647 3622
f 3646 3661 3662
f 3656 3657 3662
f 3679 3659 3658
f 3655 3614 3613
f 3657 3613 3667
f 3655 3616 3614
f 3666 3657 3667
f 3662 3657 3666
f 3611 3622 3612
f 3665 3656 3661
f 3622 3666 3668
f 3622 3668 3625
f 3671 3668 3623
f 3670 3669 3672
f 3674 3680 3675
f 3681 3589 3682
f 3682 3589 3592
f 3672 3676 3673
f 3592 3593 3676
f 3592 3676 3675
f 3638 3683 3684
f 3638 3684 3685
f 3686 3582 3499
f 3501 3687 3686
f 3688 3687 3501
f 3688 3502 3504
f 3501 3686 3499
f 3502 3688 3501
f 3504 3508 3684
f 3689 3688 3504
f 3687 3688 3689
f 3684 3508 3685
f 3689 3504 3684
f 3689 3684 3683
f 3690 3691 3692
f 3693 3691 3685
f 3685 3694 3695
f 3693 3696 3692
f 3685 3508 3693
f 3697 3690 3698
f 3694 3699 3700
f 3696 3693 3701
f 3699 3628 3627
f 3699 3697 3628
f 3700 3699 3626
f 3699 3627 3626
f 3619 3628 3697
f 3626 3630 3635
f 3638 3685 3639
f 3691 3690 3694
f 3691 3693 3692
f 3694 3690 3699
f 3685 3691 3694
f 3702 3690 3692
f 3690 3697 3699
f 3692 3696 3703
f 3701 3693 3508
f 3695 3694 3700
f 3685 3695 3639
f 3695 3700 3634
f 3634 3700 3635
f 3700 3626 3635
f 3639 3695 3634
f 3690 3642 3698
f 3642 3641 3698
f 3698 3619 3697
f 3702 3642 3690
f 3703 3702 3692
f 3703 3644 3702
f 3702 3644 3642
f 3619 3698 3641
f 3581 3704 3580
f 3686 3581 3582
f 3566 3587 3586
f 3686 3704 3581
f 3566 3574 3573
f 3566 3573 3588
f 3566 3588 3587
f 3566 3586 3705
f 3419 3416 3566
f 3705 3586 3580
f 3618 3706 3707
f 3708 3709 3706
f 3708 3710 3709
f 3707 3706 3711
f 3709 3710 3712
f 3712 3710 3713
f 3714 3709 3712
f 3712 3715 3716
f 3712 3716 3714
f 3714 3716 3717
f 3718 3719 3710
f 3719 3720 3713
f 3710 3719 3713
f 3706 3709 3711
f 3707 3711 3721
f 3711 3709 3714
f 3713 3715 3712
f 3721 3711 3714
f 3722 3723 3724
f 3725 3726 3727
f 3728 3729 3725
f 3728 3725 3727
f 3730 3725 3729
f 3731 3730 3729
f 3732 3731 3729
f 3732 3729 3728
f 3732 3728 3733
f 3728 3727 3734
f 3735 3733 3736
f 3733 3728 3734
f 3734 3727 3721
f 3734 3721 3737
f 3736 3733 3734
f 3738 3736 3734
f 3735 3736 3739
f 3740 3741 3735
f 3732 3733 3735
f 3740 3423 3414
f 3741 3732 3735
f 3742 3740 3735
f 3742 3735 3739
f 3707 3727 3726
f 3727 3707 3721
f 3721 3714 3717
f 3717 3737 3721
f 3743 3737 3717
f 3613 3615 3617
f 3617 3615 3744
f 3726 3623 3618
f 3617 3744 3708
f 3744 3710 3708
f 3615 3718 3744
f 3617 3708 3618
f 3618 3708 3706
f 3744 3718 3710
f 3707 3726 3618
f 3745 3746 3747
f 3745 3747 3748
f 3632 3610 3749
f 3745 3748 3750
f 3747 3749 3751
f 3620 3624 3749
f 3752 3747 3751
f 3624 3753 3751
f 3751 3749 3624
f 3625 3754 3624
f 3624 3754 3753
f 3753 3755 3752
f 3632 3749 3746
f 3749 3747 3746
f 3610 3620 3749
f 3748 3747 3752
f 3750 3748 3752
f 3750 3752 3756
f 3752 3751 3753
f 3757 3752 3755
f 3758 3759 3760
f 3761 3750 3762
f 3762 3763 3761
f 3764 3760 3765
f 3758 3760 3764
f 3764 3765 3766
f 3767 3758 3764
f 3625 3671 3754
f 3768 3767 3764
f 3754 3671 3769
f 3753 3754 3769
f 3671 3730 3769
f 3769 3730 3770
f 3623 3726 3671
f 3725 3671 3726
f 3770 3730 3731
f 3768 3771 3772
f 3724 3723 3771
f 3730 3671 3725
f 3770 3731 3723
f 3770 3723 3722
f 3637 3763 3760
f 3773 3760 3759
f 3760 3763 3765
f 3765 3763 3762
f 3762 3766 3765
f 3762 3750 3766
f 3766 3750 3756
f 3756 3752 3757
f 3766 3756 3774
f 3768 3764 3766
f 3768 3772 3767
f 3768 3766 3774
f 3774 3756 3757
f 3769 3770 3753
f 3753 3770 3755
f 3768 3774 3724
f 3755 3722 3757
f 3757 3722 3774
f 3722 3724 3774
f 3724 3771 3768
f 3755 3770 3722
f 3723 3775 3771
f 3776 3777 3420
f 3778 3779 3758
f 3420 3777 3778
f 3780 3420 3778
f 3778 3758 3780
f 3780 3758 3767
f 3772 3780 3767
f 3772 3741 3780
f 3771 3741 3772
f 3732 3741 3775
f 3732 3775 3731
f 3777 3779 3778
f 3779 3759 3758
f 3741 3420 3780
f 3771 3775 3741
f 3731 3775 3723
f 3740 3413 3741
f 3740 3414 3413
f 3741 3413 3420
f 3781 3440 3423
f 3781 3423 3742
f 3782 3781 3742
f 3739 3782 3742
f 3739 3736 3738
f 3738 3734 3737
f 3783 3739 3738
f 3423 3740 3742
f 3783 3784 3782
f 3717 3716 3743
f 3783 3738 3743
f 3738 3737 3743
f 3743 3784 3783
f 3783 3782 3739
f 3630 3629 3745
f 3629 3631 3746
f 3750 3630 3745
f 3629 3746 3745
f 3631 3632 3746
f 3630 3633 3635
f 3761 3633 3630
f 3637 3633 3761
f 3773 3636 3637
f 3761 3630 3750
f 3637 3761 3763
f 3760 3773 3637
f 3638 3785 3683
f 3773 3640 3636
f 3786 3640 3773
f 3779 3786 3759
f 3777 3787 3779
f 3785 3689 3683
f 3787 3785 3638
f 3786 3638 3640
f 3787 3638 3786
f 3779 3787 3786
f 3786 3773 3759
f 3686 3687 3704
f 3419 3566 3788
f 3419 3788 3787
f 3785 3788 3689
f 3566 3705 3788
f 3704 3705 3580
f 3788 3705 3704
f 3788 3704 3687
f 3788 3785 3787
f 3788 3687 3689
f 3420 3411 3412
f 3438 3419 3787
f 3438 3787 3776
f 3776 3787 3777
f 3438 3776 3412
f 3412 3776 3420
f 3789 3440 3781
f 3789 3781 3782
f 3440 3789 3443
f 3440 3443 3439
f 3790 3791 3792
f 3793 3794 3795
f 3713 3795 3715
f 3793 3790 3794
f 3795 3796 3715
f 3715 3796 3716
f 3795 3797 3796
f 3790 3798 3799
f 3797 3794 3800
f 3801 3797 3800
f 3796 3802 3716
f 3801 3789 3797
f 3716 3802 3784
f 3716 3784 3743
f 3803 3789 3782
f 3802 3803 3784
f 3789 3801 3443
f 3795 3794 3797
f 3798 3790 3792
f 3790 3800 3794
f 3797 3789 3796
f 3789 3803 3802
f 3796 3789 3802
f 3800 3790 3804
f 3803 3782 3784
f 3799 3804 3790
f 3801 3800 3804
f 3804 3799 3435
f 3801 3804 3443
f 3442 3804 3435
f 3442 3443 3804
f 3616 3805 3615
f 3615 3805 3718
f 3718 3806 3719
f 3806 3720 3719
f 3616 3660 3805
f 3805 3660 3670
f 3806 3670 3673
f 3670 3718 3805
f 3670 3806 3718
f 3720 3795 3713
f 3795 3677 3793
f 3793 3791 3790
f 3720 3677 3795
f 3793 3677 3791
f 3807 3606 3808
f 3606 3807 3791
f 3791 3807 3792
f 3596 3602 3808
f 3596 3808 3606
f 3806 3673 3720
f 3791 3599 3606
f 3677 3599 3791
f 3673 3677 3720
f 3603 3604 3809
f 3602 3603 3810
f 3810 3811 3812
f 3431 3428 3813
f 3814 3813 3428
f 3428 3435 3814
f 3431 3429 3428
f 3815 3816 3817
f 3818 3819 3817
f 3820 3821 3431
f 3820 3813 3818
f 3813 3820 3431
f 3816 3820 3817
f 3817 3820 3818
f 3821 3432 3431
f 3798 3818 3814
f 3814 3435 3798
f 3814 3818 3813
f 3799 3798 3435
f 3792 3819 3798
f 3815 3817 3819
f 3798 3819 3818
f 3822 3445 3821
f 3816 3821 3820
f 3815 3811 3816
f 3822 3821 3816
f 3821 3445 3437
f 3821 3437 3432
f 3603 3809 3810
f 3823 3486 3822
f 3486 3446 3445
f 3604 3823 3809
f 3810 3809 3811
f 3809 3823 3811
f 3486 3445 3822
f 3823 3816 3811
f 3823 3822 3816
f 3602 3810 3808
f 3808 3810 3812
f 3807 3808 3812
f 3792 3807 3812
f 3812 3811 3815
f 3812 3815 3819
f 3792 3812 3819
f 3824 3825 3826
f 3826 3825 3356
f 3358 3826 3356
f 3356 3825 3357
f 3827 3824 3828
f 3826 3358 3359
f 35 292 37
f 3825 294 3387
f 3387 294 3388
f 3357 3825 3387
f 3388 291 3389
f 294 291 3388
f 294 37 291
f 3824 295 3825
f 295 294 3825
f 3454 3829 3455
f 3829 3454 3453
f 3827 2236 3824
f 2236 331 295
f 2236 295 3824
f 3830 3831 3832
f 3831 3833 3832
f 3832 3833 3834
f 3833 3835 3834
f 3835 3836 3834
f 3833 3837 3835
f 3831 3838 3839
f 3838 3831 3840
f 3831 3830 3840
f 3839 3841 3833
f 3833 3841 3842
f 3833 3842 3837
f 3839 3833 3831
f 3839 3843 3841
f 3843 3844 3841
f 3843 3845 3844
f 3838 3846 3839
f 3847 3848 3846
f 3839 3846 3849
f 3846 3848 3849
f 3849 3843 3839
f 3849 3848 3850
f 3850 3843 3849
f 3850 3845 3843
f 3851 3852 3853
f 3851 3854 3852
f 3855 3856 3853
f 3857 3855 3858
f 3856 3855 3859
f 3860 3861 3862
f 3863 3864 3862
f 3857 3859 3855
f 3859 3857 3860
f 3857 3858 3865
f 3866 3867 3868
f 3869 3870 3866
f 3871 3870 3869
f 3872 3873 3847
f 3846 3874 3847
f 3875 3848 3847
f 3868 3876 3872
f 3872 3847 3874
f 3877 3876 3868
f 3862 3878 3863
f 3862 3879 3878
f 3880 3863 3878
f 3862 3861 3881
f 3881 3879 3862
f 3860 3857 3861
f 3857 3865 3861
f 3881 3861 3865
f 3882 3883 3884
f 3885 3883 3886
f 3887 3888 3889
f 3889 3888 3890
f 3891 3880 3892
f 3891 3892 3893
f 3888 3893 3890
f 3893 3894 3895
f 3894 3896 3895
f 3895 3896 3897
f 3898 3899 3896
f 3900 3895 3897
f 3901 3886 3882
f 3902 3890 3903
f 3888 3891 3893
f 3880 3904 3892
f 3901 3882 3903
f 3892 3894 3893
f 3890 3893 3905
f 3905 3903 3890
f 3892 3898 3894
f 3894 3898 3896
f 3901 3903 3906
f 3905 3893 3900
f 3903 3905 3907
f 3893 3895 3900
f 3906 3903 3907
f 3905 3900 3907
f 3908 3909 3910
f 3910 3911 3889
f 3912 3887 3911
f 3911 3887 3889
f 3863 3880 3891
f 3913 3914 3912
f 3912 3914 3887
f 3910 3902 3908
f 3882 3884 3908
f 3910 3889 3902
f 3882 3908 3902
f 3887 3914 3888
f 3914 3863 3891
f 3914 3891 3888
f 3902 3903 3882
f 3883 3882 3886
f 3890 3902 3889
f 3915 3916 3917
f 3918 3919 3920
f 3921 3922 3923
f 3924 3866 3868
f 3922 3924 3923
f 3920 3923 3925
f 3923 3924 3925
f 3920 3925 3926
f 3927 3921 3919
f 3866 3922 3921
f 3870 3867 3866
f 3919 3921 3923
f 3919 3923 3920
f 3922 3866 3924
f 3868 3872 3924
f 3928 3925 3838
f 3924 3872 3838
f 3925 3924 3838
f 3874 3846 3838
f 3872 3874 3838
f 3879 3929 3878
f 3880 3878 3904
f 3878 3929 3904
f 3904 3915 3898
f 3929 3915 3904
f 3892 3904 3898
f 3929 3916 3915
f 3918 3920 3930
f 3920 3926 3930
f 3931 3932 3933
f 3931 3934 3932
f 3935 3936 3937
f 3938 3935 3939
f 3939 3935 3940
f 3939 3940 3941
f 3935 3937 3940
f 3940 3942 3943
f 3940 3943 3944
f 3940 3945 3946
f 3941 3940 3944
f 3941 3944 3947
f 3948 3949 3934
f 3948 3950 3949
f 3951 3948 3934
f 3934 3949 3952
f 3934 3952 3953
f 3954 3860 3864
f 3954 3864 3913
f 3860 3862 3864
f 3955 3860 3954
f 3956 3957 3958
f 3956 3958 3959
f 3957 3960 3958
f 3958 3960 3955
f 3952 3961 3953
f 3962 3963 3957
f 3961 3956 3959
f 3949 3962 3961
f 3962 3956 3961
f 3949 3961 3952
f 3963 3962 3949
f 3950 3963 3949
f 3962 3957 3956
f 3957 3964 3965
f 3957 3963 3966
f 3967 3856 3965
f 3964 3966 3851
f 3964 3851 3967
f 3967 3851 3856
f 3856 3851 3853
f 3957 3966 3964
f 3965 3964 3967
f 3968 3851 3966
f 3955 3859 3860
f 3965 3856 3960
f 3955 3960 3859
f 3859 3960 3856
f 3957 3965 3960
f 3932 3934 3953
f 3933 3932 3969
f 3935 3969 3970
f 3970 3936 3935
f 3971 3955 3954
f 3864 3863 3913
f 3959 3958 3971
f 3937 3936 3972
f 3936 3959 3972
f 3972 3959 3971
f 3958 3955 3971
f 3953 3961 3959
f 3932 3953 3970
f 3970 3969 3932
f 3953 3959 3936
f 3970 3953 3936
f 3940 3973 3945
f 3973 3974 3945
f 3940 3946 3942
f 3942 3946 3885
f 3937 3973 3940
f 3974 3884 3945
f 3945 3884 3883
f 3946 3945 3885
f 3885 3945 3883
f 3975 3971 3976
f 3973 3977 3974
f 3954 3913 3978
f 3909 3976 3979
f 3976 3978 3979
f 3974 3977 3884
f 3979 3911 3910
f 3909 3979 3910
f 3979 3912 3911
f 3884 3977 3909
f 3884 3909 3908
f 3971 3954 3976
f 3973 3975 3977
f 3975 3976 3977
f 3977 3976 3909
f 3976 3954 3978
f 3978 3912 3979
f 3978 3913 3912
f 3913 3863 3914
f 3972 3971 3975
f 3937 3972 3973
f 3973 3972 3975
f 3875 3980 3848
f 3848 3980 3850
f 3981 3982 3983
f 3981 3983 3984
f 3852 3985 3986
f 3987 3854 3988
f 3854 3987 3852
f 3852 3987 3985
f 3989 3990 3991
f 3870 3992 3867
f 3877 3993 3994
f 3867 3992 3877
f 3992 3993 3877
f 3867 3877 3868
f 3877 3994 3876
f 3985 3995 3990
f 3985 3989 3996
f 3985 3990 3989
f 3876 3873 3872
f 3873 3997 3875
f 3873 3875 3847
f 3980 3998 3984
f 3994 3997 3873
f 3999 3998 3997
f 3997 3998 3875
f 3998 3980 3875
f 3981 3984 3998
f 3876 3994 3873
f 3994 3999 3997
f 3948 4000 3950
f 3851 3968 3854
f 4000 3963 3950
f 3968 3988 3854
f 4000 4001 3963
f 3963 4002 3966
f 3963 4001 4002
f 4002 3988 3966
f 3988 3968 3966
f 4003 4004 4005
f 4006 4004 4003
f 4004 4006 4007
f 4008 4009 4010
f 4011 4008 4010
f 4012 4013 4014
f 4015 4016 4017
f 4013 4018 4017
f 4015 4017 4018
f 4018 4013 4012
f 4018 4012 4004
f 4007 4018 4004
f 4018 4007 4015
f 4015 4007 4010
f 4009 4015 4010
f 4006 4019 4007
f 4010 4007 4020
f 4010 4020 4021
f 4011 4010 4022
f 4023 4022 4024
f 4025 4026 4027
f 4010 4021 4022
f 4022 4021 4024
f 4011 4022 4028
f 4022 4023 4028
f 4027 4011 4028
f 4029 4027 4028
f 4024 4021 4030
f 4031 4032 4033
f 4034 4030 4033
f 4028 4023 4024
f 4035 4024 4034
f 4028 4024 4035
f 4035 4034 4036
f 4035 4037 3836
f 4029 4028 4035
f 4025 4027 4029
f 4038 4035 3836
f 4038 4025 4029
f 4021 4039 4030
f 4030 4040 4031
f 4030 4031 4033
f 4030 4034 4024
f 4033 4037 4034
f 4036 4034 4037
f 4035 4036 4037
f 3836 4037 4041
f 4029 4035 4038
f 4038 3836 3835
f 3835 4025 4038
f 3835 3837 4025
f 4016 4015 4042
f 4043 4042 4009
f 4009 4042 4015
f 4044 4043 4009
f 4044 4009 4008
f 4044 4045 4046
f 4047 4048 4049
f 4006 4003 4047
f 4019 4006 4047
f 4047 4050 4051
f 4052 4019 4047
f 4040 4052 4053
f 4030 4039 4040
f 4020 4039 4021
f 4003 4048 4047
f 4047 4049 4050
f 4052 4047 4051
f 4053 4051 4050
f 4051 4053 4052
f 4020 4007 4019
f 4020 4019 4052
f 4039 4020 4052
f 4039 4052 4040
f 4040 4053 4054
f 4031 4040 4054
f 4017 4055 4013
f 4056 4057 4058
f 4026 4059 4027
f 4060 4056 4058
f 4026 4061 4059
f 4060 4058 4061
f 4062 4063 4026
f 3844 3842 3841
f 4063 4061 4026
f 4060 4061 4064
f 4064 4061 4063
f 4062 4026 4025
f 3845 4060 4064
f 3844 4063 4062
f 3844 4064 4063
f 3837 4062 4025
f 4065 4008 4066
f 4008 4011 4066
f 4066 4011 4059
f 4059 4011 4027
f 4057 4066 4058
f 4058 4066 4059
f 4061 4058 4059
f 3844 4062 3842
f 3842 4062 3837
f 3845 4064 3844
f 4044 4008 4065
f 4045 4044 4065
f 4067 4045 4057
f 4057 4045 4065
f 4057 4065 4066
f 4056 4067 4057
f 3984 4068 4060
f 3984 4060 3845
f 3980 3984 3845
f 3850 3980 3845
f 4068 4056 4060
f 4069 4067 4068
f 4068 4067 4056
f 3983 4068 3984
f 4012 4070 4004
f 4004 4070 4071
f 4005 4004 4071
f 4003 4005 4048
f 4005 4071 4072
f 4072 4073 4005
f 4005 4073 4048
f 4074 4075 4076
f 4074 4076 4077
f 4078 4079 4080
f 4081 4082 4083
f 4078 4076 4079
f 4084 4085 4086
f 4084 4086 4081
f 4079 4085 4084
f 4079 4084 4080
f 4086 4082 4081
f 4084 4081 4080
f 4049 4048 4087
f 4072 4085 4079
f 4088 4089 3939
f 4070 4089 4088
f 4014 4089 4070
f 4070 4088 4085
f 4085 4088 4086
f 4082 3941 3947
f 4082 3947 4090
f 4088 3941 4082
f 4083 4082 4090
f 3939 3941 4088
f 4086 4088 4082
f 4012 4014 4070
f 4071 4070 4085
f 4076 4072 4079
f 4048 4073 4091
f 4048 4091 4087
f 4091 4092 4087
f 4071 4085 4072
f 4072 4076 4075
f 4073 4072 4075
f 4091 4073 4092
f 4092 4073 4075
f 4093 3951 3931
f 4094 4093 3931
f 3933 4094 3931
f 3951 3934 3931
f 4016 4095 4096
f 4095 4097 4098
f 4099 3933 3969
f 4094 3933 4100
f 4100 3933 4099
f 4098 4094 4100
f 4100 4099 4101
f 4101 4099 3938
f 4101 3938 4089
f 4014 4055 4089
f 4013 4055 4014
f 4016 4055 4017
f 4101 4098 4100
f 4098 4101 4096
f 4095 4098 4096
f 4055 4096 4101
f 4055 4101 4089
f 4055 4016 4096
f 3938 3969 3935
f 4089 3938 3939
f 4099 3969 3938
f 4032 4102 4103
f 4033 4032 4037
f 4104 3832 4105
f 3832 3834 4105
f 4102 4106 4103
f 4032 4103 4037
f 4107 4037 4103
f 4108 4109 4107
f 4037 4107 4041
f 4105 4109 4104
f 4109 4105 4107
f 3830 3832 4104
f 4041 4107 4105
f 4105 3836 4041
f 3834 3836 4105
f 4110 4111 4112
f 4112 4113 4114
f 4114 3928 4115
f 4109 4115 4104
f 4106 4110 4112
f 4112 4116 4106
f 4103 4106 4116
f 4116 4112 4108
f 4103 4116 4107
f 4114 4115 4112
f 4112 4115 4108
f 4116 4108 4107
f 3840 3830 3928
f 3928 3830 4115
f 4108 4115 4109
f 4104 4115 3830
f 4111 4113 4112
f 4053 4050 4117
f 4054 4053 4102
f 4102 4118 4110
f 4102 4110 4106
f 4031 4054 4032
f 4032 4054 4102
f 4119 3925 3928
f 4119 3928 4114
f 3840 3928 3838
f 4120 4119 4114
f 4121 4122 4123
f 4124 4125 4126
f 4127 4123 4128
f 4123 4122 4128
f 4129 4130 4125
f 4126 4130 4131
f 4122 4132 4128
f 4122 4126 4132
f 4129 4133 4130
f 4132 4126 4131
f 4128 4134 4127
f 4128 4132 4135
f 4132 4131 4135
f 4131 4136 4137
f 4137 4136 4138
f 4139 4140 4138
f 4138 4140 4141
f 4141 4142 4143
f 4142 4144 4143
f 4142 4145 4144
f 4144 4146 4147
f 4148 4123 4127
f 4149 4148 4127
f 4125 4130 4126
f 4150 4149 4127
f 4131 4130 4136
f 4134 4128 4135
f 4150 4127 4151
f 4133 4136 4130
f 4127 4134 4151
f 4135 4131 4137
f 4136 4139 4138
f 4135 4137 4152
f 4151 4153 4150
f 4138 4152 4137
f 4154 4150 4153
f 4152 4134 4135
f 4151 4134 4153
f 4134 4152 4155
f 4134 4155 4153
f 4152 4138 4141
f 4152 4141 4155
f 4154 4153 4156
f 4141 4140 4142
f 4157 4154 4156
f 4153 4155 4158
f 4158 4156 4153
f 4141 4143 4155
f 4155 4143 4158
f 4144 4147 4143
f 4159 4157 4156
f 4143 4147 4158
f 4156 4158 4159
f 4145 4160 4144
f 4147 4159 4158
f 4161 4162 4163
f 4164 4165 4161
f 4166 4164 4161
f 4166 4167 4164
f 4168 4169 4170
f 4170 4169 4171
f 4172 4173 4160
f 4161 4174 4162
f 4175 4161 4163
f 4165 4176 4161
f 4161 4175 4166
f 4164 4177 4165
f 4163 4162 4178
f 4179 4180 4164
f 4179 4164 4167
f 4178 4169 4168
f 4181 4170 4172
f 4172 4170 4171
f 4171 4173 4172
f 4083 4090 4149
f 4081 4083 4182
f 4077 4076 4078
f 4077 4078 4183
f 4184 4185 4074
f 4186 4074 4077
f 4083 4149 4182
f 4149 4150 4182
f 4081 4182 4150
f 4081 4150 4080
f 4080 4150 4154
f 4154 4187 4080
f 4187 4078 4080
f 4078 4187 4183
f 4187 4154 4183
f 4183 4154 4157
f 4157 4159 4183
f 4077 4183 4159
f 4184 4074 4186
f 4173 4188 4189
f 4144 4160 4146
f 4147 4146 4159
f 4160 4173 4190
f 4190 4173 4189
f 4189 4184 4186
f 4160 4190 4146
f 4190 4189 4146
f 4188 4184 4189
f 4186 4077 4159
f 4146 4186 4159
f 4189 4186 4146
f 4191 4192 4124
f 4191 4124 4121
f 4193 4125 4192
f 4124 4192 4125
f 4121 4124 4126
f 4193 4129 4125
f 4121 4126 4122
f 4148 4121 4123
f 4191 4121 3944
f 3944 4121 4194
f 4194 4121 4148
f 3942 3886 4193
f 4194 4148 4149
f 4193 3886 4129
f 3942 4193 4192
f 3885 3886 3942
f 4090 4194 4149
f 3943 3942 4191
f 3942 4192 4191
f 3943 4191 3944
f 3886 4195 4129
f 4133 4129 4195
f 4133 4195 4196
f 4195 4197 4196
f 4133 4196 4136
f 4195 4163 4197
f 4196 4197 4198
f 4139 4198 4199
f 4197 4200 4199
f 4199 4200 4201
f 4199 4201 4140
f 4181 4168 4170
f 4201 4142 4140
f 4201 4145 4142
f 4181 4172 4145
f 4145 4172 4160
f 4202 3886 3901
f 4195 3886 4202
f 4175 4163 4202
f 4195 4202 4163
f 4202 3901 3906
f 4136 4196 4198
f 4166 4175 4202
f 4136 4198 4139
f 4203 3906 3907
f 4166 4202 3906
f 4203 4166 3906
f 3897 4204 3900
f 3900 4204 3907
f 3907 4204 4203
f 4198 4197 4199
f 3897 4205 4204
f 4139 4199 4140
f 4167 4166 4203
f 4204 4205 4167
f 4204 4167 4203
f 4205 4179 4167
f 4163 4168 4197
f 4197 4181 4200
f 4197 4168 4181
f 4200 4181 4145
f 4200 4145 4201
f 4206 4075 4185
f 4185 4075 4074
f 4207 4208 4120
f 4209 3926 4119
f 4092 4210 4208
f 4208 4210 4120
f 4210 4209 4120
f 4110 4207 4111
f 4111 4207 4113
f 4211 4208 4207
f 4211 4207 4117
f 4118 4117 4207
f 4118 4207 4110
f 4207 4120 4113
f 4117 4049 4087
f 4117 4087 4211
f 4050 4049 4117
f 4211 4087 4208
f 4102 4117 4118
f 4053 4117 4102
f 4113 4120 4114
f 4209 4119 4120
f 4119 3926 3925
f 4090 3947 4194
f 4087 4092 4208
f 3944 4194 3947
f 4212 4213 4214
f 4215 4216 4212
f 4217 4218 4216
f 4219 4215 4212
f 4219 4214 4220
f 4221 4219 4220
f 4221 4220 4222
f 4223 4215 4221
f 4218 4224 4225
f 4218 4225 4216
f 4216 4213 4212
f 4217 4216 4215
f 4214 4226 4220
f 4212 4214 4219
f 4217 4215 4223
f 4215 4219 4221
f 4221 4222 4227
f 4228 4223 4221
f 4229 4230 4231
f 4229 4231 4232
f 4232 4233 4234
f 4234 4229 4232
f 4235 4229 4234
f 4231 4236 4232
f 4226 4229 4235
f 4237 4234 4238
f 4235 4234 4237
f 4220 4235 4222
f 4220 4226 4235
f 4222 4235 4237
f 4222 4237 4239
f 4231 4240 4236
f 4241 4242 4243
f 4244 4241 4245
f 4244 4242 4241
f 4246 4242 4244
f 4244 4230 4247
f 4224 4242 4246
f 4247 4226 4214
f 4213 4247 4214
f 4241 4248 4245
f 4245 4231 4230
f 4244 4245 4230
f 4246 4244 4225
f 4247 4230 4229
f 4225 4244 4213
f 4244 4247 4213
f 4224 4246 4225
f 4247 4229 4226
f 4216 4225 4213
f 4249 4250 4251
f 4252 4249 4251
f 4252 4251 4253
f 4254 4252 4253
f 4254 4253 4255
f 4255 4253 4217
f 4217 4223 4255
f 4251 4224 4218
f 4253 4251 4218
f 4253 4218 4217
f 4250 4224 4251
f 4250 4249 4256
f 4257 4258 4259
f 4258 4257 4260
f 4261 4262 4263
f 4262 4261 4264
f 4243 4264 4261
f 4243 4261 4265
f 4243 4265 4248
f 4243 4248 4241
f 4266 4267 4262
f 4264 4266 4262
f 4243 4242 4264
f 4245 4248 4231
f 4256 4264 4242
f 4224 4256 4242
f 4224 4250 4256
f 4231 4248 4265
f 4238 4233 4268
f 4234 4233 4238
f 4269 4270 4271
f 4271 4272 4273
f 4274 4269 4271
f 4275 4276 4277
f 4238 4277 4237
f 4277 4278 4237
f 4277 4269 4278
f 4278 4269 4274
f 4279 4273 4280
f 4271 4273 4279
f 4281 4271 4279
f 4282 4274 4281
f 4227 4282 4283
f 4237 4278 4239
f 4239 4278 4274
f 4274 4271 4281
f 4274 4227 4239
f 4227 4222 4239
f 4274 4282 4227
f 4284 4285 4286
f 4233 4287 4284
f 4286 4276 4288
f 4268 4284 4288
f 4268 4288 4238
f 4287 4285 4284
f 4233 4284 4268
f 4284 4286 4288
f 4286 4289 4276
f 4290 4291 4289
f 4276 4289 4291
f 4288 4276 4275
f 4288 4275 4238
f 4238 4275 4277
f 4292 4293 4294
f 4265 4293 4292
f 4294 4295 4296
f 4297 4298 4295
f 4296 4295 4299
f 4265 4292 4240
f 4295 4298 4299
f 4296 4300 4301
f 4302 4301 4287
f 4296 4299 4303
f 4300 4296 4303
f 4231 4265 4240
f 4299 4298 4304
f 4287 4301 4285
f 4300 4303 4305
f 4236 4240 4287
f 4285 4300 4306
f 4236 4287 4233
f 4286 4285 4306
f 4305 4307 4308
f 4309 4290 4289
f 4293 4310 4294
f 4310 4295 4294
f 4261 4293 4265
f 4292 4294 4302
f 4294 4296 4302
f 4240 4292 4302
f 4296 4301 4302
f 4311 4298 4297
f 4240 4302 4287
f 4298 4311 4312
f 4300 4285 4301
f 4303 4299 4305
f 4300 4305 4306
f 4306 4305 4309
f 4232 4236 4233
f 4306 4309 4289
f 4306 4289 4286
f 4309 4305 4308
f 4309 4308 4290
f 4258 4260 4313
f 4261 4310 4293
f 4261 4263 4310
f 4314 4263 4262
f 4315 4313 4316
f 4310 4317 4295
f 4263 4317 4310
f 4317 4297 4295
f 4317 4263 4314
f 4317 4311 4297
f 4311 4317 4314
f 4267 4314 4262
f 4315 4311 4314
f 4315 4314 4267
f 4315 4316 4311
f 4258 4315 4267
f 4259 4258 4267
f 4315 4258 4313
f 4318 4319 4320
f 4270 4321 4318
f 4321 4319 4318
f 4318 4322 4323
f 4319 4324 4320
f 4323 4322 4325
f 4321 4326 4319
f 4327 4320 4328
f 4273 4272 4329
f 4320 4327 4318
f 4318 4327 4322
f 4270 4318 4272
f 4272 4318 4329
f 4329 4318 4323
f 4326 4324 4319
f 4330 4326 4321
f 4291 4290 4331
f 4291 4331 4330
f 4270 4332 4321
f 4271 4270 4272
f 4269 4330 4332
f 4330 4331 4333
f 4276 4291 4330
f 4276 4330 4269
f 4276 4269 4277
f 4334 4321 4332
f 4330 4321 4334
f 4332 4330 4334
f 4332 4270 4269
f 4333 4326 4330
f 4333 4335 4326
f 4336 4337 4338
f 4339 4340 4336
f 4341 4336 4338
f 4342 4341 4338
f 4340 4337 4336
f 4341 4339 4336
f 4343 4344 4341
f 4339 4341 4344
f 4337 4345 4346
f 4347 4348 4349
f 4350 4351 4352
f 4350 4352 4353
f 4350 4353 4354
f 4355 4347 4349
f 4349 4356 4357
f 4355 4357 4352
f 4357 4356 4352
f 4358 4347 4355
f 4349 4359 4356
f 4358 4355 4351
f 4355 4349 4357
f 4352 4356 4360
f 4352 4360 4353
f 4354 4361 4350
f 4362 4363 4354
f 4354 4353 4362
f 4362 4364 4365
f 4353 4364 4362
f 4366 4362 4365
f 4364 4343 4365
f 4344 4367 4339
f 4367 4356 4368
f 4356 4367 4360
f 4360 4344 4343
f 4351 4355 4352
f 4353 4343 4364
f 4353 4360 4343
f 4016 4042 4369
f 4044 4370 4043
f 4043 4369 4042
f 4371 4369 4043
f 4370 4371 4043
f 4372 4371 4370
f 4044 3292 4370
f 3292 4044 3288
f 4372 4369 4371
f 4373 4374 3324
f 4373 3324 3285
f 4373 3285 3284
f 2106 3291 3036
f 4046 3289 3288
f 4046 4375 3289
f 4373 3289 4375
f 4373 3284 3289
f 3293 3292 3288
f 3293 3288 3287
f 2169 4376 4377
f 2157 4376 2169
f 3988 4378 3987
f 3987 4378 3985
f 3985 4378 3995
f 4379 3323 3324
f 3995 4380 4381
f 3995 4382 3990
f 3995 4381 4382
f 3990 4382 3991
f 3993 4383 3994
f 4384 3321 4381
f 4382 4381 3328
f 4381 3322 3328
f 4384 4381 4380
f 4378 4380 3995
f 3329 4379 4385
f 3329 3323 4379
f 3982 4379 4386
f 4379 3324 4386
f 4386 3324 4374
f 4385 4379 3982
f 4385 3982 3981
f 4387 4388 4389
f 4000 3948 4390
f 4391 4000 4390
f 4391 4390 4389
f 4376 4392 4377
f 4376 2157 4392
f 2169 4377 4388
f 4388 4393 4389
f 4388 4377 4393
f 4389 4393 4391
f 4393 4394 4391
f 4395 4394 4393
f 4377 4395 4393
f 4392 4395 4377
f 4392 2157 2102
f 4395 4396 4394
f 4397 4396 4395
f 4398 4397 4395
f 4398 4384 4397
f 4392 4398 4395
f 4392 3320 4398
f 4002 4001 4399
f 4378 4384 4380
f 4394 4001 4000
f 4399 3988 4002
f 4399 4001 4396
f 4001 4394 4396
f 4399 4396 4400
f 4399 4400 3988
f 4400 4378 3988
f 4400 4397 4384
f 4400 4396 4397
f 4378 4400 4384
f 4391 4394 4000
f 4046 3288 4044
f 4067 4046 4045
f 4401 4373 4067
f 4069 4401 4067
f 4374 4401 4069
f 4067 4373 4046
f 4374 4373 4401
f 3291 4372 4370
f 2106 4372 3291
f 4069 4386 4374
f 4373 4375 4046
f 3982 4386 4069
f 3291 4370 3292
f 2170 4402 2105
f 4403 4016 4369
f 4097 4404 4094
f 4097 4094 4098
f 4389 4093 4404
f 4372 4405 4369
f 2105 4405 2106
f 2106 4405 4372
f 4403 4402 4095
f 4402 4403 4405
f 4405 4403 4369
f 4390 3951 4093
f 4094 4404 4093
f 4095 4404 4097
f 4403 4095 4016
f 4404 4095 4406
f 4407 4408 4404
f 4404 4387 4389
f 4093 4389 4390
f 3951 4390 3948
f 2105 4402 4405
f 2170 4409 4410
f 4410 4406 2170
f 4407 4410 4409
f 2170 4406 4402
f 4407 4404 4410
f 4410 4404 4406
f 4402 4406 4095
f 2168 4411 4409
f 2160 2168 4409
f 2160 4409 2170
f 4408 4388 4387
f 4408 4387 4404
f 4412 2169 4388
f 2168 4388 4408
f 4388 2168 4412
f 4411 4408 4407
f 4411 4407 4409
f 2168 4408 4411
f 2168 2169 4412
f 3361 3363 3464
f 3464 3363 3367
f 4413 4414 4415
f 4415 4414 3447
f 3448 3447 4414
f 3466 4416 3467
f 3457 4417 3472
f 4416 3472 4417
f 4416 3466 3472
f 3467 3361 3464
f 4416 3361 3467
f 3478 3477 4418
f 4418 3477 4413
f 3463 3462 3468
f 4413 3477 4414
f 3479 3478 4418
f 3465 3463 3477
f 3477 3463 3468
f 3477 3468 4414
f 3468 3448 4414
f 4418 4413 4415
f 3479 4418 4419
f 4418 4415 4420
f 3466 3465 3472
f 3483 4420 4415
f 3487 3482 3484
f 3447 3483 4415
f 3446 3484 3485
f 3482 4420 3483
f 3446 3487 3484
f 4421 3482 3487
f 3541 4422 4423
f 4424 4425 4426
f 4423 4426 4425
f 4422 4426 4423
f 4422 4419 4426
f 4426 4427 4428
f 4427 4420 3681
f 4419 4427 4426
f 4420 4419 4418
f 3479 4419 4422
f 4419 4420 4427
f 4420 3482 3605
f 4425 3490 4423
f 3490 3492 4423
f 3492 3541 4423
f 3541 3481 4422
f 4425 4424 4429
f 4430 4431 3490
f 3490 4431 3498
f 3498 3503 3497
f 4430 4426 4432
f 4430 4432 4431
f 4431 3508 3503
f 4426 4429 4424
f 4429 4430 3490
f 4431 3503 3498
f 4429 3490 4425
f 4429 4426 4430
f 3514 4433 3511
f 3458 3511 3461
f 4433 3461 3511
f 3481 3479 4422
f 4434 4435 3563
f 3417 3561 4434
f 3417 4434 3563
f 4435 4433 3514
f 4436 4435 4434
f 4437 4433 4435
f 4435 3514 3564
f 3563 4435 3564
f 2213 2214 3562
f 2213 3562 3399
f 4438 3561 3562
f 4439 3682 4440
f 4440 4441 4439
f 3604 3601 3607
f 3607 4421 3487
f 3681 3605 3589
f 3605 3600 3597
f 3482 3600 3605
f 3600 4421 3607
f 3482 4421 3600
f 3663 4442 4443
f 3665 3654 3656
f 3665 4444 3654
f 3665 4443 4444
f 3679 4445 3669
f 3669 3674 3672
f 3680 4441 4440
f 3680 4440 3675
f 3682 3675 4440
f 3701 4442 3644
f 3644 4442 3663
f 3654 3678 3651
f 3658 3678 4444
f 4444 3678 3654
f 3663 4443 3664
f 4444 4446 3658
f 3658 4445 3679
f 3659 3679 3669
f 4443 3665 3664
f 4441 3658 4446
f 4445 3658 4441
f 4445 3674 3669
f 4445 3680 3674
f 4445 4441 3680
f 3682 3592 3675
f 4442 4444 4443
f 4428 4444 4442
f 4428 3681 4446
f 4444 4428 4446
f 3681 4428 4427
f 4446 3681 4441
f 4441 3681 4439
f 3681 3682 4439
f 4442 4432 4428
f 4420 3605 3681
f 4426 4428 4432
f 4431 3701 3508
f 4432 4442 3701
f 4431 4432 3701
f 3696 3701 3703
f 3644 3703 3701
f 3607 3487 3486
f 3823 3604 3486
f 3604 3607 3486
f 3828 3826 4447
f 4447 3826 3359
f 3827 3828 4448
f 3824 3826 3828
f 2226 2221 2674
f 4449 4450 4451
f 4449 4451 4452
f 4453 2674 4449
f 4453 4449 4454
f 4449 4452 4454
f 2221 4455 4456
f 2221 2223 4455
f 2674 4456 4450
f 4456 4455 4457
f 4450 4456 4457
f 2221 2220 2223
f 4455 2223 2224
f 4457 4455 2224
f 2674 2221 4456
f 2674 4450 4449
f 2224 4458 4457
f 2220 4448 2224
f 4459 4452 4437
f 4460 4433 4452
f 2311 2674 4453
f 4461 4453 4462
f 4463 4462 4459
f 2311 4453 4461
f 4461 4462 4463
f 2311 4461 4463
f 4453 4454 4462
f 2311 4463 2314
f 4464 4463 4459
f 4459 4462 4454
f 4464 4459 4436
f 4459 4437 4436
f 4459 4454 4452
f 4465 3829 3461
f 3829 4465 4466
f 4465 4458 4467
f 3455 3829 4466
f 4465 4467 4466
f 4468 3828 4447
f 4468 3361 4416
f 3455 4466 3457
f 4466 4467 3457
f 3457 4467 4417
f 4467 4468 4417
f 4417 4468 4416
f 3361 4468 4447
f 4458 2224 4448
f 4458 4468 4467
f 4458 4448 4468
f 4468 4448 3828
f 4451 3461 4460
f 3461 4451 4465
f 3461 3829 3453
f 4457 4465 4450
f 4465 4457 4458
f 4451 4450 4465
f 4452 4451 4460
f 4460 3461 4433
f 4447 3359 3361
f 3561 4436 4434
f 4437 4452 4433
f 4436 4437 4435
f 3561 4464 4436
f 4438 4464 3561
f 2314 4463 4464
f 4438 2314 4464
f 3562 2214 4438
f 2436 2314 4438
f 2436 4438 51
f 2214 51 4438
f 2220 2236 3827
f 2220 3827 4448
f 3855 3853 4469
f 3853 3852 4469
f 4469 3852 3986
f 4469 3986 4470
f 3986 3996 4470
f 3865 4470 4471
f 3855 4469 3858
f 3858 4469 4470
f 3858 4470 3865
f 4470 3992 4471
f 4470 3996 3992
f 4471 3992 3871
f 3992 3870 3871
f 4472 4473 4474
f 4474 4475 4476
f 4477 4478 4479
f 4480 3917 4477
f 4480 4481 3899
f 3899 4481 4205
f 4472 4474 4482
f 4483 4473 4472
f 4480 4477 4481
f 4474 4476 4174
f 3896 3899 4205
f 3896 4205 3897
f 3915 4480 3898
f 3898 4480 3899
f 4471 3871 4484
f 4485 4473 4486
f 3916 4487 4488
f 4485 3871 4473
f 4486 4473 4478
f 4473 3871 4475
f 4488 4486 4477
f 4488 4477 3916
f 4478 4473 4483
f 3916 4477 3917
f 4487 4489 4488
f 4489 4485 4488
f 3879 4487 3929
f 4488 4485 4486
f 3929 4487 3916
f 4477 4486 4478
f 4473 4475 4474
f 4475 4490 4491
f 3871 4492 4475
f 3871 3869 4492
f 4492 3927 4475
f 3927 4492 3869
f 4475 3918 4490
f 3927 3869 3866
f 3866 3921 3927
f 3927 4493 4475
f 4493 3918 4475
f 3927 3919 4493
f 4493 3919 3918
f 3865 4471 4484
f 3915 3917 4480
f 4490 3918 4494
f 4495 3930 4496
f 4494 4491 4490
f 4494 3918 4495
f 4494 4495 4491
f 3918 3930 4495
f 3865 4484 3881
f 4484 4485 4489
f 3881 4484 4489
f 4489 3879 3881
f 4489 4487 3879
f 3871 4485 4484
f 3986 3985 3996
f 3996 3989 3992
f 3989 3991 3992
f 4176 4472 4482
f 4176 4482 4497
f 4472 4176 4165
f 4482 4474 4174
f 4479 4483 4177
f 4205 4481 4180
f 4180 4177 4164
f 4205 4180 4179
f 4498 4174 4476
f 4162 4499 4500
f 4499 4498 4501
f 4498 4502 4501
f 4169 4500 4499
f 4169 4499 4171
f 4171 4499 4173
f 4161 4176 4497
f 4482 4174 4497
f 4497 4174 4161
f 4483 4472 4177
f 4479 4478 4483
f 4177 4472 4165
f 4477 4479 4481
f 4479 4177 4180
f 4479 4180 4481
f 4174 4498 4162
f 4162 4500 4178
f 4162 4498 4499
f 4169 4178 4500
f 4499 4501 4173
f 4502 4206 4185
f 4498 4476 4502
f 4184 4502 4185
f 4501 4502 4188
f 4173 4501 4188
f 4475 4491 4476
f 4188 4502 4184
f 4163 4178 4168
f 4502 4491 4496
f 4210 4496 4209
f 4476 4491 4502
f 4502 4496 4206
f 4496 4092 4206
f 4092 4496 4210
f 3930 3926 4496
f 4496 3926 4209
f 4206 4092 4075
f 4491 4495 4496
f 4503 4228 4221
f 4503 4221 4504
f 4505 4506 4507
f 4508 4223 4228
f 4228 4503 4509
f 4503 4504 4510
f 4509 4503 4506
f 4506 4503 4510
f 4511 4508 4228
f 4509 4511 4228
f 4221 4227 4283
f 4512 4221 4283
f 4507 4506 4513
f 4504 4221 4512
f 4510 4504 4514
f 4510 4514 4506
f 4515 4329 4323
f 4325 4516 4517
f 4517 4516 4518
f 4517 4518 4519
f 4518 4516 4520
f 4521 4517 4519
f 4519 4518 4522
f 4323 4325 4517
f 4515 4323 4517
f 4329 4515 4273
f 4522 4518 4523
f 4523 4524 4522
f 4525 4526 4527
f 4525 4528 4526
f 4522 4524 4529
f 4530 4524 4531
f 4524 4530 4529
f 4531 4532 4530
f 4532 4526 4528
f 4281 4279 4280
f 4281 4280 4533
f 4283 4282 4281
f 4534 4533 4535
f 4536 4537 4538
f 4535 4533 4280
f 4283 4281 4533
f 4283 4533 4534
f 4535 4537 4536
f 4539 4540 4541
f 4542 4541 4543
f 4544 4545 4541
f 4546 4506 4540
f 4539 4541 4542
f 4546 4540 4539
f 4513 4506 4546
f 4280 4273 4515
f 4280 4515 4547
f 4547 4515 4517
f 4547 4517 4521
f 4537 4280 4547
f 4535 4280 4537
f 4537 4547 4521
f 4537 4521 4548
f 4549 4519 4522
f 4549 4521 4519
f 4548 4521 4549
f 4549 4522 4529
f 4538 4537 4548
f 4550 4538 4548
f 4551 4548 4549
f 4552 4538 4550
f 4553 4525 4554
f 4553 4554 4555
f 4545 4528 4525
f 4553 4555 4556
f 4549 4529 4551
f 4550 4548 4551
f 4529 4530 4557
f 4551 4529 4557
f 4557 4530 4532
f 4558 4550 4551
f 4552 4550 4558
f 4558 4551 4557
f 4558 4557 4559
f 4528 4557 4532
f 4559 4557 4528
f 4545 4525 4553
f 4534 4535 4536
f 4504 4534 4536
f 4512 4534 4504
f 4560 4536 4552
f 4560 4552 4544
f 4544 4514 4560
f 4545 4559 4528
f 4541 4514 4544
f 4540 4514 4541
f 4512 4283 4534
f 4552 4536 4538
f 4514 4504 4536
f 4552 4558 4544
f 4536 4560 4514
f 4544 4558 4559
f 4506 4514 4540
f 4544 4559 4545
f 4541 4545 4553
f 4541 4553 4561
f 4562 4553 4556
f 4561 4553 4562
f 4562 4556 4563
f 4541 4561 4562
f 4541 4562 4564
f 4539 4542 4565
f 4507 4513 4566
f 4513 4546 4567
f 4546 4539 4568
f 4569 4565 4570
f 4571 4543 4541
f 4572 4543 4571
f 4542 4543 4572
f 4570 4542 4572
f 4555 4573 4556
f 4556 4573 4563
f 4574 4562 4563
f 4574 4563 4575
f 4564 4574 4576
f 4571 4564 4576
f 4541 4564 4571
f 4574 4564 4562
f 4577 4578 4511
f 4577 4511 4509
f 4254 4579 4578
f 4511 4579 4508
f 4578 4579 4511
f 4577 4509 4505
f 4505 4509 4506
f 4580 4577 4505
f 4580 4505 4581
f 4578 4577 4582
f 4583 4505 4507
f 4581 4505 4583
f 4579 4255 4223
f 4254 4255 4579
f 4579 4223 4508
f 4584 4585 4586
f 4587 4588 4589
f 4590 4591 4592
f 4592 4591 4593
f 4594 4592 4595
f 4594 4590 4592
f 4596 4597 4598
f 4596 4599 4595
f 4597 4595 4592
f 4598 4597 4600
f 4596 4595 4597
f 4597 4592 4600
f 4601 4598 4602
f 4589 4588 4601
f 4602 4598 4603
f 4598 4604 4603
f 4587 4596 4588
f 4587 4599 4596
f 4598 4600 4604
f 4588 4596 4598
f 4588 4598 4601
f 4605 4606 4607
f 4608 4609 4610
f 4605 4607 4609
f 4605 4609 4520
f 4608 4520 4609
f 4322 4327 4611
f 4611 4327 4612
f 4328 4612 4327
f 4612 4328 4613
f 4325 4614 4516
f 4516 4614 4615
f 4616 4612 4613
f 4616 4613 4617
f 4516 4615 4520
f 4616 4617 4606
f 4615 4605 4520
f 4616 4606 4605
f 4520 4523 4518
f 4607 4606 4618
f 4523 4520 4608
f 4618 4606 4619
f 4607 4618 4609
f 4523 4608 4524
f 4608 4610 4524
f 4322 4614 4325
f 4322 4611 4614
f 4611 4615 4614
f 4326 4620 4324
f 4611 4612 4616
f 4615 4611 4616
f 4615 4616 4605
f 4606 4617 4619
f 4609 4618 4621
f 4618 4619 4621
f 4610 4609 4622
f 4619 4623 4621
f 4609 4621 4622
f 4531 4524 4610
f 4610 4622 4624
f 4621 4625 4622
f 4625 4623 4626
f 4624 4622 4627
f 4627 4622 4625
f 4628 4624 4627
f 4629 4630 4631
f 4631 4627 4632
f 4621 4623 4625
f 4610 4624 4531
f 4624 4628 4531
f 4531 4628 4532
f 4633 4630 4634
f 4631 4630 4633
f 4631 4633 4628
f 4627 4631 4628
f 4532 4628 4526
f 4632 4629 4631
f 4333 4635 4335
f 4636 4587 4637
f 4637 4587 4638
f 4638 4587 4589
f 4617 4639 4619
f 4639 4623 4619
f 4632 4640 4629
f 4641 4629 4640
f 4328 4620 4613
f 4324 4620 4320
f 4320 4620 4328
f 4613 4620 4642
f 4326 4335 4620
f 4620 4335 4642
f 4617 4613 4639
f 4613 4642 4639
f 4335 4635 4643
f 4644 4637 4645
f 4644 4646 4647
f 4644 4645 4646
f 4648 4647 4646
f 4645 4637 4638
f 4645 4589 4646
f 4638 4589 4645
f 4589 4601 4646
f 4646 4601 4648
f 4601 4602 4648
f 4649 4650 4651
f 4652 4649 4651
f 4653 4644 4647
f 4649 4654 4655
f 4655 4656 4649
f 4629 4657 4630
f 4629 4658 4657
f 4636 4637 4659
f 4660 4637 4644
f 4656 4661 4662
f 4661 4663 4662
f 4656 4662 4664
f 4649 4656 4650
f 4662 4663 4636
f 4663 4665 4636
f 4662 4636 4666
f 4664 4662 4666
f 4667 4666 4660
f 4666 4659 4660
f 4667 4660 4668
f 4644 4653 4668
f 4659 4637 4660
f 4656 4664 4650
f 4664 4667 4650
f 4667 4664 4666
f 4636 4659 4666
f 4650 4667 4668
f 4650 4668 4651
f 4668 4669 4651
f 4660 4644 4668
f 4653 4669 4668
f 4653 4647 4669
f 4634 4630 4670
f 4634 4670 4671
f 4630 4657 4670
f 4657 4658 4672
f 4670 4657 4672
f 4670 4673 4671
f 4670 4672 4673
f 4673 4672 4674
f 4673 4674 4675
f 4674 4672 4676
f 4677 4674 4676
f 4677 4656 4655
f 4677 4663 4661
f 4671 4673 4675
f 4675 4674 4677
f 4672 4678 4676
f 4675 4677 4655
f 4676 4663 4677
f 4677 4661 4656
f 4676 4665 4663
f 4679 4634 4671
f 4680 4675 4681
f 4681 4675 4655
f 4671 4675 4680
f 4679 4671 4680
f 4681 4655 4654
f 4682 4683 4684
f 4685 4686 4687
f 4682 4688 4689
f 4690 4682 4684
f 4686 4689 4688
f 4691 4692 4687
f 4686 4691 4687
f 4693 4692 4691
f 4582 4577 4694
f 4694 4577 4580
f 4687 4582 4694
f 4687 4692 4578
f 4578 4582 4687
f 4691 4686 4688
f 4695 4693 4688
f 4696 4688 4682
f 4696 4695 4688
f 4693 4691 4688
f 4696 4682 4690
f 4690 4695 4696
f 4697 4695 4690
f 4698 4695 4697
f 4684 4697 4690
f 4699 4633 4700
f 4628 4699 4527
f 4701 4699 4700
f 4527 4699 4701
f 4526 4628 4527
f 4699 4628 4633
f 4554 4527 4701
f 4633 4634 4679
f 4700 4702 4701
f 4701 4703 4704
f 4701 4702 4703
f 4525 4527 4554
f 4554 4701 4704
f 4555 4554 4704
f 4633 4679 4702
f 4633 4702 4700
f 4702 4680 4705
f 4703 4705 4681
f 4703 4681 4706
f 4704 4703 4707
f 4703 4706 4708
f 4703 4708 4707
f 4702 4705 4703
f 4555 4704 4573
f 4573 4704 4707
f 4707 4708 4709
f 4573 4707 4709
f 4652 4710 4649
f 4706 4681 4654
f 4654 4649 4710
f 4706 4654 4710
f 4702 4679 4680
f 4705 4680 4681
f 4711 4712 4713
f 4714 4715 4716
f 4716 4715 4717
f 4715 4669 4711
f 4669 4712 4711
f 4563 4573 4718
f 4575 4563 4719
f 4576 4575 4717
f 4711 4717 4715
f 4711 4720 4717
f 4718 4573 4709
f 4709 4708 4721
f 4718 4721 4719
f 4721 4714 4716
f 4718 4709 4721
f 4721 4716 4719
f 4563 4718 4719
f 4717 4575 4719
f 4719 4716 4717
f 4647 4648 4712
f 4652 4651 4714
f 4708 4706 4710
f 4708 4710 4652
f 4708 4652 4721
f 4652 4714 4721
f 4714 4651 4715
f 4715 4651 4669
f 4669 4647 4712
f 4542 4570 4565
f 4571 4576 4722
f 4572 4722 4723
f 4711 4713 4720
f 4722 4576 4720
f 4722 4572 4571
f 4713 4722 4720
f 4723 4722 4713
f 4724 4723 4713
f 4712 4724 4713
f 4602 4712 4648
f 4602 4724 4712
f 4724 4570 4723
f 4602 4603 4724
f 4570 4724 4603
f 4570 4572 4723
f 4576 4574 4575
f 4576 4717 4720
f 4725 4726 4727
f 4728 4726 4725
f 4729 4730 4731
f 4732 4733 4730
f 4729 4732 4730
f 4734 4735 4736
f 4734 4736 4737
f 4734 4737 4738
f 4739 4740 4738
f 4738 4741 4734
f 4741 4738 4742
f 4743 4734 4741
f 4744 4743 4741
f 4745 4746 4747
f 4748 4743 4744
f 4749 4750 4751
f 4752 4751 4753
f 4740 4739 4754
f 4740 4742 4738
f 4742 4744 4741
f 4755 4742 4740
f 4755 4756 4742
f 4744 4742 4756
f 4744 4751 4748
f 4757 4753 4755
f 4751 4750 4748
f 4756 4751 4744
f 4753 4756 4755
f 4753 4751 4756
f 4752 4749 4751
f 4758 4759 4760
f 4758 4760 4761
f 4761 4760 4762
f 4763 4764 4761
f 4765 4759 4758
f 4761 4764 4758
f 4766 4764 4763
f 4761 4762 4767
f 4763 4768 4766
f 4746 4768 4763
f 4764 4766 4769
f 4769 4766 4768
f 4770 4771 4772
f 4770 4772 4748
f 4750 4770 4748
f 4773 4774 4775
f 4776 4777 4778
f 4778 4774 4776
f 4777 4779 4778
f 4780 4781 4782
f 4783 4782 4784
f 4784 4782 4785
f 4784 4785 4786
f 4787 4784 4788
f 4775 4789 4773
f 4774 4778 4775
f 4776 4774 4773
f 4790 4778 4782
f 4778 4780 4782
f 4778 4779 4780
f 4781 4785 4782
f 4788 4791 4787
f 4739 4787 4754
f 4754 4787 4791
f 4759 4792 4793
f 4794 4795 4796
f 4794 4793 4797
f 4794 4797 4795
f 4794 4759 4793
f 4794 4760 4759
f 4798 4794 4796
f 4799 4800 4760
f 4736 4799 4801
f 4802 4803 4804
f 4735 4799 4736
f 4804 4800 4735
f 4805 4802 4804
f 4798 4760 4794
f 4760 4798 4799
f 4799 4798 4801
f 4762 4760 4800
f 4762 4800 4803
f 4762 4803 4802
f 4800 4799 4735
f 4804 4803 4800
f 4767 4762 4771
f 4762 4802 4771
f 4771 4802 4805
f 4775 4778 4790
f 4795 4806 4796
f 4806 4790 4782
f 4807 4796 4806
f 4806 4782 4783
f 4808 4796 4807
f 4807 4806 4783
f 4809 4808 4807
f 4809 4783 4784
f 4808 4809 4810
f 4795 4790 4806
f 4789 4775 4811
f 4798 4796 4808
f 4801 4798 4808
f 4783 4809 4807
f 4737 4808 4810
f 4801 4808 4737
f 4809 4784 4787
f 4810 4809 4787
f 4739 4810 4787
f 4737 4736 4801
f 4737 4810 4738
f 4738 4810 4739
f 4797 4793 4812
f 4812 4793 4813
f 4812 4813 4814
f 4797 4812 4815
f 4795 4797 4815
f 4795 4815 4790
f 4815 4812 4816
f 4775 4790 4815
f 4816 4775 4815
f 4812 4814 4817
f 4816 4812 4817
f 4775 4816 4817
f 4817 4811 4775
f 4805 4804 4818
f 4818 4804 4735
f 4818 4735 4734
f 4772 4771 4805
f 4743 4772 4818
f 4748 4772 4743
f 4772 4805 4818
f 4818 4734 4743
f 4819 4761 4820
f 4761 4767 4821
f 4822 4763 4819
f 4823 4819 4820
f 4763 4761 4819
f 4747 4746 4763
f 4747 4763 4822
f 4764 4765 4758
f 4824 4825 4826
f 4824 4827 4825
f 4828 4827 4824
f 4827 4829 4825
f 4829 4830 4831
f 4827 4828 4832
f 4833 4834 4835
f 4836 4837 4826
f 4838 4792 4759
f 4765 4839 4835
f 4828 4839 4765
f 4765 4835 4838
f 4832 4828 4765
f 4765 4838 4759
f 4835 4834 4840
f 4841 4836 4842
f 4835 4843 4833
f 4840 4792 4838
f 4835 4840 4838
f 4843 4837 4836
f 4837 4843 4835
f 4837 4835 4839
f 4828 4824 4837
f 4828 4837 4839
f 4764 4832 4765
f 4844 4845 4846
f 4844 4847 4845
f 4848 4844 4846
f 4848 4846 4849
f 4834 4850 4848
f 4840 4834 4848
f 4851 4852 4853
f 4852 4854 4853
f 4848 4849 4840
f 4854 4841 4855
f 4840 4849 4792
f 4769 4856 4857
f 4769 4857 4764
f 4768 4856 4769
f 4768 4858 4856
f 4827 4830 4829
f 4830 4832 4857
f 4832 4830 4827
f 4857 4859 4830
f 4857 4832 4764
f 4859 4860 4830
f 4856 4859 4857
f 4861 4342 4862
f 4863 4864 4749
f 4752 4863 4749
f 4789 4811 4865
f 4750 4866 4770
f 4770 4866 4867
f 4864 4868 4869
f 4867 4866 4870
f 4866 4869 4870
f 4867 4870 4871
f 4870 4872 4871
f 4873 4871 4874
f 4869 4866 4875
f 4868 4864 4876
f 4864 4869 4749
f 4877 4867 4871
f 4873 4877 4871
f 4878 4877 4873
f 4792 4879 4793
f 4793 4879 4880
f 4881 4882 4883
f 4884 4881 4883
f 4813 4793 4880
f 4814 4881 4884
f 4817 4884 4883
f 4817 4814 4884
f 4880 4881 4814
f 4883 4882 4885
f 4813 4880 4814
f 4811 4817 4883
f 4885 4886 4883
f 4883 4886 4865
f 4886 4887 4865
f 4811 4883 4865
f 4342 4338 4888
f 4821 4767 4889
f 4767 4771 4889
f 4771 4770 4889
f 4820 4821 4890
f 4821 4889 4891
f 4889 4770 4867
f 4890 4821 4891
f 4892 4891 4889
f 4889 4867 4892
f 4893 4890 4891
f 4891 4892 4894
f 4893 4891 4894
f 4894 4892 4878
f 4867 4877 4892
f 4893 4894 4895
f 4892 4877 4878
f 4888 4895 4894
f 4894 4878 4862
f 4888 4894 4862
f 4878 4873 4896
f 4862 4878 4896
f 4820 4761 4821
f 4820 4890 4893
f 4823 4820 4893
f 4897 4862 4896
f 4898 4899 4900
f 4899 4898 4901
f 4901 4898 4902
f 4849 4899 4901
f 4849 4901 4902
f 4845 4899 4849
f 4902 4898 4903
f 4879 4849 4902
f 4879 4902 4904
f 4898 4900 4905
f 4846 4845 4849
f 4792 4849 4879
f 4879 4906 4880
f 4882 4907 4908
f 4880 4906 4881
f 4909 4907 4882
f 4906 4909 4881
f 4881 4909 4882
f 4882 4908 4885
f 4898 4905 4910
f 4911 4910 4912
f 4902 4903 4904
f 4911 4912 4909
f 4909 4912 4907
f 4898 4910 4903
f 4903 4910 4911
f 4904 4903 4911
f 4904 4911 4906
f 4906 4911 4909
f 4879 4904 4906
f 4342 4888 4862
f 4869 4913 4870
f 4870 4913 4872
f 4872 4914 4915
f 4868 4916 4869
f 4917 4916 4868
f 4869 4916 4913
f 4913 4916 4914
f 4913 4914 4872
f 4871 4872 4874
f 4872 4918 4874
f 4915 4914 4919
f 4919 4920 4915
f 4872 4915 4918
f 4873 4897 4896
f 4874 4897 4873
f 4874 4918 4921
f 4874 4921 4897
f 4862 4897 4861
f 4366 4861 4897
f 4366 4897 4921
f 4341 4342 4861
f 4366 4365 4861
f 4861 4365 4341
f 4343 4341 4365
f 4922 4745 4747
f 4923 4822 4819
f 4924 4747 4822
f 4922 4747 4924
f 4924 4822 4923
f 4925 4823 4893
f 4922 4924 4926
f 4926 4924 4345
f 4337 4926 4345
f 4337 4340 4926
f 4346 4925 4338
f 4338 4925 4888
f 4337 4346 4338
f 4923 4819 4823
f 4924 4923 4345
f 4923 4823 4925
f 4345 4923 4925
f 4925 4893 4895
f 4346 4345 4925
f 4925 4895 4888
f 4927 4928 4929
f 4930 4929 1814
f 4930 1814 4931
f 4826 4825 4932
f 4831 4932 4829
f 4825 4829 4932
f 4930 4831 4933
f 4831 4930 4934
f 4932 4935 4936
f 4935 4934 4937
f 4931 1814 4937
f 4932 4934 4935
f 4932 4831 4934
f 4936 4935 4938
f 4931 4937 4934
f 1809 4938 1820
f 4938 4935 1820
f 4935 4937 1817
f 4935 1817 1820
f 1814 1817 4937
f 4934 4930 4931
f 4939 4927 4860
f 4940 4731 4939
f 4860 4940 4939
f 4933 4860 4941
f 4831 4860 4933
f 4941 4860 4927
f 4830 4860 4831
f 4939 4730 4927
f 4941 4929 4930
f 4941 4927 4929
f 4933 4941 4930
f 4929 4928 1815
f 4725 4942 1815
f 4927 4725 4928
f 4725 1815 4928
f 4939 4731 4730
f 4730 4728 4927
f 4927 4728 4725
f 4943 4944 4945
f 4945 4944 4946
f 4947 4944 4948
f 4944 4947 4946
f 4944 4949 4950
f 4951 4952 4950
f 4944 4950 4948
f 4953 4954 4955
f 4956 4957 4845
f 4956 4845 4847
f 4958 4953 4957
f 4958 4957 4956
f 4946 4954 4953
f 4946 4953 4959
f 4960 4952 4961
f 4961 4952 4962
f 4961 4962 4963
f 4963 4962 4964
f 4964 4965 4963
f 4946 4947 4954
f 4946 4959 4966
f 4960 4950 4952
f 4950 4960 4948
f 4728 4730 4726
f 4733 4967 4730
f 4968 4969 4970
f 4971 4972 4973
f 4973 4972 4974
f 4972 4876 4864
f 4970 4973 4975
f 4970 4971 4973
f 4973 4974 4975
f 4917 4976 4977
f 4914 4917 4977
f 4868 4978 4917
f 4916 4917 4914
f 4914 4977 4919
f 4976 4979 4977
f 4980 4981 4982
f 4983 4968 4980
f 4980 4968 4981
f 4981 4968 4970
f 4984 4981 4970
f 4970 4975 4984
f 4984 4975 4985
f 4975 4974 4985
f 4982 4986 4987
f 4986 4791 4987
f 4984 4982 4981
f 4988 4986 4982
f 4986 4740 4791
f 4982 4984 4988
f 4988 4757 4986
f 4740 4986 4757
f 4988 4984 4985
f 4757 4988 4985
f 4989 4990 4980
f 4786 4989 4987
f 4989 4980 4982
f 4989 4982 4987
f 4779 4777 4991
f 4781 4992 4990
f 4993 4994 4990
f 4784 4786 4788
f 4994 4983 4990
f 4786 4987 4788
f 4779 4991 4992
f 4995 4992 4991
f 4779 4992 4780
f 4780 4992 4781
f 4992 4993 4990
f 4993 4996 4994
f 4785 4781 4786
f 4996 4997 4994
f 4781 4990 4989
f 4781 4989 4786
f 4997 4983 4994
f 4990 4983 4980
f 4788 4987 4791
f 4998 4999 5000
f 5001 5000 5002
f 5000 4999 5003
f 5004 5003 5005
f 5001 4998 5000
f 5000 5003 5004
f 5006 4991 4777
f 5007 5006 5003
f 5003 5006 4777
f 4995 5008 4993
f 4995 4993 4992
f 4993 5008 4996
f 5005 4777 4776
f 5003 4777 5005
f 5009 5010 5001
f 4943 5011 4944
f 4900 5012 5013
f 4954 5012 4900
f 4899 4955 4900
f 4957 4955 4899
f 4953 4955 4957
f 4957 4899 4845
f 4955 4954 4900
f 5013 5012 5014
f 4905 4900 5013
f 5013 5014 5015
f 4910 5013 4912
f 4912 5013 5016
f 4905 5013 4910
f 4754 4791 4740
f 4757 4755 4740
f 4757 4985 4753
f 4974 4863 4753
f 4863 4752 4753
f 4974 4972 4863
f 4972 4864 4863
f 4985 4974 4753
f 5017 5018 5019
f 5020 5021 5022
f 5021 5018 5017
f 5022 4887 5023
f 5017 5022 5021
f 4887 5022 5024
f 5017 5024 5022
f 5025 5018 5021
f 5024 5017 5019
f 5026 5027 5028
f 5028 5020 5023
f 5020 5028 5027
f 5029 5030 5027
f 5020 5022 5023
f 5020 5027 5021
f 5025 5021 5027
f 4963 5031 5032
f 4961 4963 5032
f 4948 4960 4947
f 4947 4960 4954
f 4961 5032 4960
f 4954 4960 5012
f 4960 5032 5012
f 5024 5033 5034
f 5034 4789 4865
f 5024 5019 5033
f 4773 4789 5034
f 5033 4773 5034
f 5035 4773 5033
f 5035 5005 4773
f 4887 5024 5034
f 4887 5034 4865
f 5023 5036 5028
f 5036 5026 5028
f 4886 5023 4887
f 5001 5002 5037
f 5019 5002 5004
f 5019 5004 5035
f 5000 5004 5002
f 5018 5037 5019
f 5018 5001 5037
f 5019 5035 5033
f 5037 5002 5019
f 5004 5005 5035
f 5005 4776 4773
f 5038 5009 5001
f 5018 5038 5001
f 5039 5009 5038
f 5040 5041 5042
f 5043 5040 5026
f 5044 5045 5040
f 5015 5044 5043
f 5040 5045 5041
f 5043 5044 5040
f 5014 5044 5015
f 5031 5046 5047
f 4885 5048 4886
f 5043 5026 5036
f 5036 5023 5048
f 5048 5023 4886
f 5049 5036 4908
f 4908 5036 5048
f 4908 5048 4885
f 5015 5043 5036
f 5049 5015 5036
f 5016 5015 5049
f 5050 5016 5049
f 5050 5049 4908
f 5050 4908 4907
f 5041 5051 5052
f 5026 5040 5042
f 5026 5052 5029
f 5052 5053 5029
f 5026 5029 5027
f 5054 5055 5053
f 5053 5055 5039
f 5041 5052 5042
f 5051 5054 5052
f 5042 5052 5026
f 5054 5053 5052
f 5029 5053 5030
f 4963 4965 5031
f 5045 5031 5047
f 4919 4977 4920
f 5056 5057 4361
f 4363 5058 4361
f 4363 4361 4354
f 4977 4979 5058
f 4977 5058 4920
f 4979 5056 5058
f 4920 5058 4363
f 5056 4361 5058
f 5057 4351 4361
f 4351 4350 4361
f 4952 4964 4962
f 4920 5059 4915
f 4920 4363 5059
f 5059 4362 4921
f 5059 4363 4362
f 4915 5059 4918
f 4918 5059 4921
f 4362 4366 4921
f 5025 5038 5018
f 5039 5025 5030
f 5030 5053 5039
f 5027 5030 5025
f 5039 5038 5025
f 5016 5013 5015
f 4912 5016 5050
f 4912 5050 4907
f 5031 5045 5044
f 5012 5032 5044
f 5032 5031 5044
f 5055 5060 5039
f 5039 5060 5009
f 5045 5047 5041
f 5047 5051 5041
f 5014 5012 5044
f 5047 5046 5051
f 3112 5061 5062
f 3112 5062 5063
f 5064 5063 5065
f 5064 5065 5066
f 3115 5064 5066
f 3115 5066 5067
f 5066 5068 5067
f 3115 5067 5069
f 5070 5071 2950
f 5070 2950 2967
f 5071 5072 2950
f 5069 5073 5070
f 5070 5073 5074
f 5070 5074 5071
f 5075 5067 5076
f 5069 5067 5075
f 5075 5073 5069
f 1856 5077 1857
f 5077 5078 1857
f 5079 5080 1856
f 1829 3119 5081
f 1829 5081 5082
f 5078 2967 1839
f 5072 5083 2950
f 2950 2953 2967
f 1857 1839 1850
f 1857 5078 1839
f 1831 1829 1853
f 1854 5082 5079
f 1854 5079 1856
f 1850 1855 1857
f 1829 5082 1853
f 5082 1854 1853
f 1855 1854 1856
f 3112 5063 5064
f 3115 3112 5064
f 3116 3115 5084
f 3116 5084 5085
f 3118 5086 3119
f 3118 5087 5086
f 3119 5086 5081
f 1894 3116 5085
f 5088 5081 5086
f 5086 5085 5088
f 1941 1894 5087
f 3117 1941 3118
f 3118 1941 5087
f 1894 5085 5087
f 5086 5087 5085
f 5084 3115 5089
f 5085 5084 5077
f 5081 5088 5082
f 5089 5069 5070
f 5084 5089 5078
f 5078 5089 2967
f 5070 2967 5089
f 5089 3115 5069
f 5082 5088 5079
f 5080 5085 5077
f 5088 5085 5080
f 5079 5088 5080
f 5077 5084 5078
f 5080 5077 1856
f 5090 4546 4568
f 5091 4569 4570
f 5092 4569 5091
f 4566 4513 4567
f 4567 4546 5090
f 4565 4568 4539
f 5090 4568 4565
f 5093 4600 5094
f 4600 4593 5094
f 4592 4593 4600
f 5093 5095 4604
f 4600 5093 4604
f 5093 5096 5095
f 5093 5094 5096
f 4593 4591 5097
f 5097 4591 5098
f 4603 4604 5095
f 3199 3196 5099
f 3199 1809 1808
f 3200 3196 3199
f 5100 5101 3199
f 3199 5101 1809
f 5101 4938 1809
f 3195 3275 3268
f 5092 5091 5102
f 5091 5103 5102
f 5091 5104 5103
f 5104 5091 5096
f 5096 5091 5095
f 4603 5095 4570
f 5095 5091 4570
f 5105 5090 4565
f 5106 5105 4565
f 5105 5106 5107
f 4565 4569 5106
f 5092 5106 4569
f 5106 5102 5107
f 5106 5092 5102
f 4959 4953 4958
f 5108 5109 2082
f 5110 5111 5108
f 5108 5111 5112
f 5112 5109 5108
f 2077 2079 5110
f 2077 5108 2082
f 2077 5110 5108
f 2077 2083 2081
f 2081 2083 5113
f 4392 2102 3320
f 3321 4384 4398
f 3320 2102 2098
f 3992 3991 3993
f 3991 5114 3993
f 4383 3999 3994
f 4382 5114 3991
f 3993 5114 4383
f 4381 3321 3322
f 3328 3322 3326
f 5115 3328 3327
f 5115 3327 3329
f 5114 5115 4383
f 4382 3328 5114
f 3328 5115 5114
f 4383 5115 3999
f 5115 3329 3999
f 3329 3998 3999
f 3998 3329 4385
f 3998 4385 3981
f 4398 3320 3321
f 3982 4069 4068
f 3983 3982 4068
f 5116 5117 2194
f 5118 4682 5117
f 2192 4689 5119
f 5117 4689 2192
f 2194 5117 2192
f 4682 4689 5117
f 5116 5118 5117
f 5118 5116 4683
f 4682 5118 4683
f 5120 5111 5119
f 5111 2079 2192
f 2192 5119 5111
f 5119 4689 5120
f 4689 4685 4694
f 4689 4686 4685
f 5120 4580 5121
f 4694 4580 5120
f 5120 5121 5122
f 5120 4689 4694
f 4685 4687 4694
f 2660 4684 4683
f 5112 5120 5122
f 5111 5120 5112
f 5112 5122 5109
f 2079 5111 5110
f 5122 5121 5123
f 5123 4583 5124
f 5125 4566 5126
f 5126 5127 5128
f 403 400 402
f 404 96 5129
f 400 5130 401
f 5131 5132 2451
f 5131 2451 5133
f 2451 2450 5133
f 5132 5131 5130
f 401 5130 96
f 5131 5129 5130
f 5130 5129 96
f 2451 2449 2450
f 400 2289 5132
f 5132 2289 2451
f 400 5132 5130
f 5134 2450 2462
f 5134 2462 5135
f 5135 2462 556
f 97 5135 553
f 553 5135 556
f 5136 5135 97
f 5135 5136 5134
f 5134 5133 2450
f 5131 5136 5129
f 5131 5133 5136
f 5129 5136 404
f 404 5136 97
f 5136 5133 5134
f 5137 5138 5139
f 5140 4266 4256
f 5141 4266 5140
f 5142 5141 5140
f 4264 4256 4266
f 5141 4267 4266
f 4259 4267 5141
f 5142 4257 5141
f 5140 4256 4249
f 4249 5143 5140
f 4257 4259 5141
f 4312 5144 4304
f 4305 4299 4304
f 4304 4307 4305
f 4298 4312 4304
f 4307 4304 5145
f 4304 5144 5145
f 4312 4311 4316
f 5144 4312 4584
f 4312 4316 4584
f 4692 4254 4578
f 5146 5147 5148
f 5146 5149 5147
f 5150 4692 5148
f 5151 5149 5146
f 5152 5146 5148
f 5152 5148 5153
f 4692 5150 4254
f 5147 5143 5148
f 5149 4257 5147
f 5154 4257 5149
f 5150 5143 4249
f 5142 5140 5143
f 5150 4249 4252
f 4254 5150 4252
f 5147 5142 5143
f 5143 5150 5148
f 5147 4257 5142
f 4257 5154 4260
f 4586 5155 5156
f 5155 5157 5156
f 5156 5158 4587
f 5159 5160 5161
f 5162 5163 5164
f 4585 5161 5155
f 5165 5166 5162
f 5166 5165 5167
f 5165 5162 5164
f 5161 5160 5168
f 5167 5165 5169
f 5160 5170 5168
f 5169 5170 5167
f 5169 5165 5171
f 5170 5169 5172
f 5169 5171 5173
f 5169 5173 5174
f 5168 5170 5172
f 5174 5172 5169
f 5174 5173 5175
f 5160 5166 5167
f 5165 5164 5171
f 5167 5170 5160
f 5155 5161 5168
f 5176 5174 5175
f 5172 5174 5176
f 5177 5176 5175
f 5168 5172 5178
f 5155 5168 5178
f 5178 5172 5179
f 5172 5176 5179
f 5180 5181 4316
f 4316 4313 5180
f 4260 5180 4313
f 5182 5154 5183
f 5184 5146 5152
f 5152 5185 5184
f 5186 5184 5185
f 5166 5187 5162
f 5162 5186 5163
f 5184 5151 5146
f 5183 5151 5188
f 5188 5182 5183
f 5188 5151 5187
f 5186 5151 5184
f 5186 5187 5151
f 5188 5187 5159
f 5187 5166 5159
f 5187 5186 5162
f 5160 5159 5166
f 5154 5149 5183
f 5183 5149 5151
f 5156 5189 5158
f 5157 5190 5189
f 5189 5191 5158
f 5158 5191 4599
f 4599 5191 5192
f 5189 5190 5193
f 4599 5192 4595
f 5191 5193 5192
f 5193 5190 5194
f 4590 5192 5194
f 5194 5195 4590
f 4590 5195 4591
f 5156 5157 5189
f 5191 5189 5193
f 4595 5192 4594
f 5193 5194 5192
f 5192 4590 4594
f 4587 5158 4599
f 5155 5178 5196
f 5197 5179 5198
f 5198 5199 5200
f 5157 5196 5190
f 5190 5201 5194
f 5197 5200 5195
f 5195 5200 5202
f 5201 5197 5194
f 5194 5197 5195
f 5176 5177 5198
f 5198 5177 5199
f 5179 5176 5198
f 5155 5196 5157
f 5178 5179 5196
f 5196 5179 5197
f 5197 5198 5200
f 5190 5196 5201
f 5196 5197 5201
f 5195 5202 4591
f 5181 4585 4584
f 4585 5181 5203
f 5154 5182 5204
f 5204 5205 5181
f 5181 5205 5203
f 5203 5205 5161
f 5182 5188 5159
f 5182 5159 5204
f 5204 5159 5205
f 5205 5159 5161
f 5180 5154 5204
f 4260 5154 5180
f 5181 5180 5204
f 4586 4585 5155
f 5203 5161 4585
f 4625 4632 4627
f 4636 5206 4586
f 4636 5156 4587
f 4639 5207 5208
f 4640 4632 4626
f 5209 5208 4641
f 4678 5210 5211
f 4639 5208 4623
f 4623 5208 4626
f 4626 5208 5209
f 4626 5209 4640
f 4640 5209 4641
f 4641 5208 5210
f 5210 5208 5206
f 5210 5206 5211
f 5211 5206 4636
f 4636 4586 5156
f 4584 5206 5208
f 5206 4584 4586
f 4642 5207 4639
f 5144 4643 5145
f 5145 4643 5212
f 4642 4335 5207
f 4335 4643 5207
f 5145 5212 4308
f 4331 5212 4333
f 5212 4635 4333
f 5212 4643 4635
f 5207 4643 5208
f 4290 4308 4331
f 4308 5212 4331
f 4307 5145 4308
f 4316 5181 4584
f 5144 4584 4643
f 4643 4584 5208
f 4625 4626 4632
f 4658 4641 5210
f 4629 4641 4658
f 4672 4658 4678
f 4658 5210 4678
f 5211 4636 4665
f 4676 4678 5211
f 4676 5211 4665
f 5153 4692 4693
f 5148 4692 5153
f 2659 5213 5214
f 2657 5213 2659
f 2657 2659 2655
f 5164 5163 5215
f 5215 4698 5216
f 5171 5164 5217
f 5217 5164 5215
f 5218 5217 5216
f 5171 5217 5173
f 5173 5217 5218
f 5219 5218 5220
f 5175 5218 5221
f 5217 5215 5216
f 5216 5222 5218
f 5175 5173 5218
f 5221 5218 5219
f 5223 5224 5213
f 5222 5224 5220
f 5223 5213 5225
f 5219 5223 5225
f 5219 5225 5226
f 5224 5214 5213
f 5220 5224 5223
f 5218 5222 5220
f 5219 5220 5223
f 5213 2657 5225
f 5227 5225 2657
f 5226 5225 5227
f 5177 5175 5221
f 5199 5177 5221
f 5221 5219 5228
f 5199 5221 5228
f 5227 2657 5229
f 5228 5219 5227
f 5219 5226 5227
f 5228 5227 5230
f 5230 5227 5231
f 4698 4693 4695
f 5185 5152 5153
f 5185 5153 4693
f 5186 5185 5232
f 5186 5232 5163
f 4698 5215 5232
f 5232 5185 4698
f 5163 5232 5215
f 5185 4693 4698
f 5216 4698 4697
f 4697 4684 5214
f 5216 4697 5222
f 5224 4697 5214
f 5222 4697 5224
f 5214 4684 2659
f 4684 2660 2659
f 5202 5199 5228
f 5202 5228 5098
f 5200 5199 5202
f 5233 5234 5137
f 5235 5236 3208
f 3276 5235 3208
f 4725 4727 4942
f 2238 2717 5237
f 2238 2240 2717
f 5238 5239 4732
f 5238 4732 5240
f 4768 4746 5241
f 5242 5243 5244
f 5242 5244 4926
f 5241 4858 4768
f 5243 5241 5244
f 5245 5241 5246
f 5245 5246 5243
f 5246 5241 5243
f 5245 4940 5241
f 4836 4826 4842
f 4837 4824 4826
f 4834 4833 4841
f 4855 4841 5247
f 4833 4836 4841
f 4833 4843 4836
f 4851 4847 4852
f 4847 4844 4852
f 4852 4844 4850
f 4844 4848 4850
f 4852 4850 4854
f 4850 4841 4854
f 4841 4850 4834
f 5241 4856 4858
f 5248 5249 4940
f 5245 5248 4940
f 4940 4856 5241
f 4940 4859 4856
f 5244 4745 4922
f 5241 4745 5244
f 4749 4869 4875
f 4875 4750 4749
f 4866 4750 4875
f 4340 5242 4926
f 5242 4340 5250
f 4367 5250 4340
f 4367 4340 4339
f 4926 5244 4922
f 5241 4746 4745
f 4929 1815 1814
f 4826 4936 5251
f 4932 4936 4826
f 5247 4842 5252
f 4841 4842 5247
f 5252 4842 5251
f 4842 4826 5251
f 5100 5251 5101
f 5251 4936 4938
f 5101 5251 4938
f 4855 5253 4853
f 4855 4853 4854
f 5253 4855 5247
f 4859 4940 4860
f 1815 4942 2717
f 2717 1826 1815
f 4729 4731 4940
f 4732 4729 5254
f 5254 4729 4940
f 5255 5240 4732
f 5255 4732 5254
f 5256 5257 5258
f 5256 5258 4964
f 4951 5257 5256
f 4949 4951 4950
f 2721 5259 2719
f 5260 5259 5261
f 5261 2721 5262
f 5260 5261 5262
f 5259 2721 5261
f 4945 4946 4966
f 4951 5256 4952
f 5259 5263 5264
f 5264 5263 4943
f 2719 5264 2720
f 5259 5264 2719
f 4956 4847 5265
f 5266 4851 4853
f 5267 4853 5253
f 5265 4847 4851
f 5266 4853 5267
f 4965 5268 5269
f 2238 5237 5270
f 2238 5270 2722
f 2722 5270 5271
f 5270 5237 5271
f 2724 5262 2721
f 5272 2723 2722
f 2724 2723 5272
f 5239 5262 2724
f 5272 2722 5271
f 5272 5239 2724
f 2717 4727 5237
f 4727 2717 4942
f 5271 5237 4727
f 5273 5271 4727
f 4967 5273 4726
f 4726 5273 4727
f 5272 5271 5273
f 4967 4726 4730
f 5239 5272 4732
f 4732 5272 4733
f 4967 4733 5273
f 5272 5273 4733
f 4969 5274 5275
f 5276 4969 4968
f 4971 4969 5275
f 4969 4971 4970
f 5275 4972 4971
f 5275 5277 4972
f 4972 5277 4876
f 5278 5277 5275
f 5279 5280 5008
f 5008 5280 5274
f 5008 5274 4996
f 4996 5276 4997
f 4969 5276 5274
f 4996 5274 5276
f 5281 5280 5282
f 5282 5280 5279
f 5010 5281 5282
f 5281 5274 5280
f 5278 4978 5283
f 5278 5283 5277
f 5284 5285 5286
f 4978 5284 4917
f 4917 5284 5286
f 5285 5287 5286
f 4917 5286 4976
f 5286 4979 4976
f 4978 5285 5284
f 5283 4978 4868
f 4876 5283 4868
f 5283 4876 5277
f 5285 5288 5287
f 5281 5289 5274
f 5274 5285 5278
f 5274 5289 5285
f 5278 5285 4978
f 5275 5274 5278
f 5285 5289 5288
f 5290 5291 5292
f 5293 5292 5294
f 5294 5295 5293
f 5295 5294 5296
f 5294 5292 5291
f 5294 5291 5297
f 5289 5298 5299
f 5298 5296 5299
f 5300 5298 5289
f 5301 5296 5298
f 5301 5302 5295
f 5295 5303 5293
f 5293 5303 5290
f 5292 5293 5290
f 5298 5302 5301
f 5302 5303 5295
f 5301 5295 5296
f 5304 5305 5294
f 5296 5294 5305
f 5296 5305 5306
f 5306 5299 5296
f 5010 4998 5001
f 4998 5279 5007
f 4999 5007 5003
f 4983 4997 5276
f 4983 5276 4968
f 5010 5282 4998
f 5282 5279 4998
f 5279 4995 5007
f 5279 5008 4995
f 4998 5007 4999
f 5007 4995 5006
f 5006 4995 4991
f 5060 5281 5010
f 5009 5060 5010
f 5307 5308 5309
f 5310 5307 5311
f 5310 5311 5263
f 5312 5313 5307
f 5312 5310 5263
f 5259 5312 5263
f 5313 5312 5314
f 5260 5312 5259
f 5314 5312 5260
f 5309 5315 5316
f 5263 5311 5317
f 5308 5315 5309
f 5318 5308 5307
f 5307 5310 5312
f 5319 5315 5308
f 5318 5319 5308
f 5318 5307 5313
f 5320 5319 5318
f 4949 5321 4951
f 5322 5321 4949
f 4951 5316 5257
f 5321 5316 4951
f 5322 5311 5321
f 5311 5309 5321
f 5311 5322 5317
f 5307 5309 5311
f 5309 5316 5321
f 5320 5318 5313
f 5263 5317 4943
f 4943 5317 5011
f 5322 4949 4944
f 5011 5317 5322
f 5011 5322 4944
f 5323 5324 5325
f 5325 5326 5298
f 5327 5324 5323
f 5324 5326 5325
f 5324 5327 5326
f 5328 5329 5327
f 5330 5327 5329
f 5330 5329 5331
f 5332 5331 5329
f 5326 5333 5302
f 5303 5333 5331
f 5334 5331 5335
f 5334 5335 5336
f 5290 5334 5291
f 5291 5334 5336
f 5326 5327 5330
f 5326 5302 5298
f 5333 5326 5330
f 5333 5330 5331
f 5302 5333 5303
f 5303 5331 5334
f 5303 5334 5290
f 4358 5306 5337
f 5289 4358 5288
f 5306 5305 5304
f 5289 5299 4358
f 5299 5306 4358
f 5288 4358 5057
f 5057 4358 4351
f 5338 5339 5300
f 5325 5298 5339
f 5339 5298 5300
f 5340 5338 5300
f 5258 5338 5340
f 5300 5289 5281
f 5340 5300 5281
f 5291 5336 5341
f 5291 5341 5297
f 5297 5341 5342
f 5343 5341 5255
f 5343 5255 5254
f 5336 5335 5255
f 5341 5336 5255
f 5335 5240 5255
f 5344 4348 4347
f 5337 5344 4347
f 4358 5337 4347
f 4359 4348 5345
f 4349 4348 4359
f 5297 5342 5346
f 5346 5342 5347
f 5262 5348 5260
f 5348 5314 5260
f 5239 5238 5348
f 5348 5262 5239
f 5347 5349 5248
f 5349 5343 5254
f 5342 5341 5343
f 5347 5342 5343
f 5347 5343 5349
f 5349 5254 5249
f 5349 5249 5248
f 5249 5254 4940
f 5320 5313 5350
f 5351 5313 5314
f 5348 5351 5314
f 5350 5313 5351
f 5344 5352 5353
f 5344 5353 4348
f 5353 5352 5354
f 4348 5353 5345
f 5344 5304 5352
f 5352 5347 5354
f 5304 5346 5352
f 5352 5346 5347
f 5355 5325 5356
f 5315 5355 5316
f 5316 5355 5356
f 5315 5319 5355
f 5257 5316 5357
f 5257 5357 5258
f 5316 5356 5357
f 5335 5238 5240
f 5335 5332 5238
f 5331 5332 5335
f 5323 5350 5328
f 5332 5328 5348
f 5329 5328 5332
f 5323 5320 5350
f 5350 5351 5328
f 5327 5323 5328
f 5348 5328 5351
f 5356 5325 5339
f 5357 5356 5338
f 5356 5339 5338
f 5258 5357 5338
f 5337 5306 5304
f 5337 5304 5344
f 5269 5268 5340
f 5245 5354 5347
f 5245 5347 5248
f 5340 5281 5060
f 5340 5060 5055
f 5319 5325 5355
f 5323 5325 5319
f 5323 5319 5320
f 5250 5345 5242
f 5345 5250 4359
f 4368 4359 5250
f 4356 4359 4368
f 5031 5269 5046
f 5340 5046 5269
f 5332 5348 5238
f 5054 5051 5055
f 4979 5286 5287
f 5287 5288 5057
f 4979 5287 5057
f 4979 5057 5056
f 5256 4964 4952
f 4367 4368 5250
f 5346 5294 5297
f 4360 4367 4344
f 5354 5245 5242
f 4964 5268 4965
f 5345 5353 5354
f 5345 5354 5242
f 5245 5243 5242
f 5340 5268 5258
f 5304 5294 5346
f 4964 5258 5268
f 5046 5340 5051
f 5051 5340 5055
f 4965 5269 5031
f 2881 2889 5358
f 5359 5360 2886
f 2891 2890 2892
f 2881 5358 2880
f 2886 2889 2883
f 5360 2889 2886
f 2892 2863 2862
f 5361 2886 2885
f 3145 5236 5233
f 2917 5233 5137
f 2831 2918 2838
f 2917 5137 2918
f 5137 5362 2918
f 3145 2917 2830
f 5233 2917 3145
f 5236 5234 5233
f 5362 2985 2838
f 2918 5362 2838
f 5363 5364 5358
f 3015 5364 5365
f 3015 5366 3016
f 5365 5367 5366
f 5368 5369 5370
f 5364 5368 5370
f 5364 5370 5367
f 3016 5366 5371
f 5368 5372 5369
f 5367 5370 5371
f 5371 5370 5373
f 5372 5359 5369
f 5370 5374 5373
f 5361 5359 2886
f 5371 5373 5375
f 5374 5376 5377
f 5358 5364 3015
f 3015 5365 5366
f 2889 5360 5363
f 5363 5368 5364
f 5365 5364 5367
f 5360 5372 5363
f 5363 5372 5368
f 5366 5367 5371
f 5372 5360 5359
f 2862 3016 5371
f 5371 5375 2862
f 5369 5374 5370
f 5359 5376 5369
f 2892 2862 5375
f 5359 5361 5376
f 5374 5369 5376
f 2891 2892 5375
f 5373 2891 5375
f 5376 5361 2885
f 5374 5377 5373
f 5376 2885 5377
f 5377 2885 2891
f 5373 5377 2891
f 2880 5358 3015
f 2889 5363 5358
f 5378 5090 5379
f 5090 5105 5379
f 5379 5105 5107
f 5379 5107 5380
f 5380 5102 5381
f 5379 5380 5382
f 5380 5381 5382
f 5381 5383 5384
f 5385 5381 5384
f 5382 5381 5385
f 5386 5385 5384
f 5386 5387 5388
f 5388 5387 3270
f 3155 5388 3270
f 5386 5384 5387
f 5387 5384 5389
f 5390 5104 5384
f 5096 5391 5104
f 5094 5391 5096
f 5391 5392 5104
f 5104 5392 5393
f 5391 5097 5392
f 5384 5104 5393
f 5097 5391 5094
f 5097 5394 5392
f 4593 5097 5094
f 5389 5384 5393
f 4591 5202 5098
f 3196 5395 5099
f 3198 5396 5395
f 3198 5395 3196
f 5099 5252 5100
f 5100 5252 5251
f 5395 5253 5099
f 5099 5247 5252
f 5395 5397 5253
f 5099 5253 5247
f 5099 5100 3199
f 3145 3146 5236
f 3146 3208 5236
f 5398 3209 2661
f 5399 5400 5394
f 5098 5399 5097
f 5097 5399 5394
f 2653 2656 2654
f 3209 2642 2661
f 5401 2652 3209
f 5227 5229 5402
f 5403 5231 5402
f 5231 5403 5399
f 5399 5403 5400
f 5231 5227 5402
f 5098 5230 5231
f 5098 5231 5399
f 5400 5403 5404
f 5229 2657 2658
f 5229 2658 2656
f 2656 2652 5401
f 2658 2654 2656
f 5402 5229 2656
f 5403 5402 5404
f 2656 5401 5402
f 5404 5402 5401
f 5098 5228 5230
f 5127 5090 5128
f 5128 5090 5378
f 5378 5379 5405
f 5406 5405 5382
f 5386 5382 5385
f 5405 5379 5382
f 5382 5386 5406
f 5407 5405 5406
f 5408 5409 5407
f 5409 5405 5407
f 5407 5406 5410
f 5386 5388 5406
f 5406 5388 5411
f 5127 4566 4567
f 5127 4567 5090
f 5412 5413 5414
f 5415 5416 5413
f 5415 5398 5416
f 5416 5398 5417
f 5398 5418 5417
f 5416 5417 5419
f 5413 5416 5419
f 5420 5413 5421
f 5414 5413 5420
f 5398 2661 5418
f 5418 2661 2639
f 5420 5421 3159
f 5413 5419 5421
f 5421 5419 5422
f 5422 5419 5423
f 5421 5422 5424
f 5417 5418 5425
f 5417 5423 5419
f 5417 5425 5423
f 5418 2639 5425
f 2639 2242 5425
f 5423 5425 5426
f 5423 5426 5427
f 5424 5422 5428
f 5428 5423 5429
f 5423 5428 5422
f 5424 5428 5430
f 5428 5429 5430
f 5423 5427 5431
f 5429 5423 5431
f 5425 2242 2244
f 5425 2244 5426
f 5432 5433 5431
f 5432 4945 5433
f 5431 5433 5434
f 4943 4945 5432
f 5433 4945 5434
f 4945 4966 5434
f 5264 5432 5435
f 5264 4943 5432
f 5435 5432 5427
f 5426 2720 5435
f 5426 2245 2720
f 5264 5435 2720
f 5429 5436 5430
f 5429 5431 5436
f 5426 5435 5427
f 5431 5427 5432
f 2244 2245 5426
f 3275 5424 5430
f 5437 5395 5396
f 5437 5267 5397
f 3268 5437 3198
f 3198 5437 5396
f 3268 3275 5438
f 5439 5267 5440
f 5440 5267 5437
f 3268 5438 5440
f 5440 5437 3268
f 3267 3275 3195
f 5437 5397 5395
f 5267 5253 5397
f 5266 5265 4851
f 5439 5441 5266
f 5441 5265 5266
f 5439 5266 5267
f 5438 5439 5440
f 5383 5104 5390
f 5103 5104 5383
f 5383 5390 5384
f 5387 5389 3270
f 5381 5103 5383
f 5107 5102 5380
f 5102 5103 5381
f 3159 5421 3273
f 3273 5421 5424
f 3273 5424 3274
f 5442 4959 4958
f 5431 5434 5436
f 5434 4966 4959
f 5434 4959 5443
f 5443 4959 5442
f 5444 5443 5439
f 5442 4958 5441
f 5441 4958 4956
f 5434 5443 5444
f 5442 5441 5443
f 5443 5441 5439
f 5265 5441 4956
f 5436 5434 5444
f 3275 5436 5444
f 3275 5444 5438
f 3275 5430 5436
f 5439 5438 5444
f 5424 3275 3274
f 5415 5404 5401
f 5400 5404 5415
f 5400 5415 5445
f 5446 5445 5447
f 5447 5415 5412
f 3270 5412 5414
f 5445 5415 5447
f 5389 5447 5412
f 3270 5389 5412
f 5415 5401 5398
f 5412 5415 5413
f 5398 5401 3209
f 3270 5414 3156
f 3156 5414 5420
f 3156 5420 3159
f 5394 5446 5392
f 5392 5446 5393
f 5394 5400 5445
f 5446 5394 5445
f 5393 5446 5389
f 5389 5446 5447
f 5121 4581 5123
f 5121 4580 4581
f 2082 5109 2083
f 2081 5113 2091
f 2083 5448 5113
f 5449 5450 3300
f 5449 3300 2091
f 5450 5409 5451
f 3298 5451 5408
f 5450 5451 3298
f 3298 5408 3299
f 3300 5450 3298
f 3296 3299 5388
f 5113 5448 5449
f 5113 5449 2091
f 3330 4683 2194
f 2194 4683 5116
f 3330 3331 2655
f 3330 2655 4683
f 4683 2655 2660
f 5123 4581 4583
f 5109 5122 5124
f 5122 5123 5124
f 5109 5452 2083
f 2083 5452 5448
f 5109 5124 5452
f 5124 5448 5452
f 5124 4583 4507
f 5124 5125 5448
f 5448 5453 5450
f 5454 5128 5378
f 5453 5128 5454
f 5450 5453 5409
f 5454 5378 5405
f 5453 5454 5409
f 5454 5405 5409
f 5451 5409 5408
f 3299 5408 5407
f 3299 5407 5410
f 5410 5406 5411
f 5410 5411 3299
f 3299 5411 5388
f 3296 5388 3155
f 5449 5448 5450
f 5448 5125 5126
f 5126 5128 5453
f 5124 4507 5125
f 5125 4507 4566
f 4566 5127 5126
f 5448 5126 5453
f 5455 5456 5457
f 5458 5459 5460
f 5461 5462 5456
f 5463 5458 5460
f 5464 5463 5460
f 5460 5459 5462
f 5461 5464 5460
f 5461 5460 5462
f 5463 5465 5458
f 5466 5467 5459
f 5468 5469 5470
f 5471 5472 5468
f 5473 5469 5472
f 5472 5469 5468
f 5471 5468 5474
f 5456 5475 5457
f 5475 5474 5457
f 5474 5468 5457
f 5476 5468 5470
f 5459 5458 5466
f 5459 5475 5462
f 5475 5477 5474
f 5459 5478 5479
f 5479 5478 5480
f 5479 5475 5459
f 5475 5479 5477
f 5456 5462 5475
f 5477 5471 5474
f 5481 5482 5483
f 5481 5483 5484
f 5481 5485 5476
f 5485 5481 5484
f 5482 2563 5486
f 5482 5486 5483
f 5473 5487 5469
f 5469 5487 5488
f 5489 5490 5488
f 5490 5482 5491
f 5489 2283 5490
f 2283 2563 5490
f 5490 2563 5482
f 5470 5481 5476
f 5469 5488 5470
f 5491 5482 5481
f 5491 5481 5470
f 5488 5491 5470
f 2283 5489 5492
f 5487 5489 5488
f 5488 5490 5491
f 5457 5493 5455
f 5494 5455 5495
f 5455 5493 5484
f 5493 5485 5484
f 5476 5457 5468
f 5476 5493 5457
f 5476 5485 5493
f 5483 5486 2415
f 5496 5497 5498
f 5497 5499 5500
f 5497 5500 5498
f 5498 5500 5501
f 5502 5498 5501
f 5503 5498 5502
f 5498 5503 5496
f 5500 5504 5501
f 5505 5504 5500
f 5506 5502 5501
f 5507 5508 5509
f 5510 5509 5511
f 5510 5507 5509
f 5512 5513 5497
f 5509 5508 5513
f 5508 5514 5513
f 5514 5497 5513
f 5508 5499 5514
f 5499 5497 5514
f 5515 5508 5516
f 5508 5515 5517
f 5517 5499 5508
f 5499 5517 5518
f 5518 5500 5499
f 5505 5500 5518
f 2563 2565 5486
f 2565 2559 5486
f 5519 5520 2586
f 2603 2601 5521
f 5521 2596 2603
f 2615 2620 5522
f 2620 2615 2614
f 5137 5139 5362
f 5523 5524 5525
f 5526 5527 5528
f 5512 5527 5526
f 5527 5529 5530
f 5525 5524 5531
f 5512 5496 5527
f 5496 5503 5527
f 5503 5502 5532
f 5527 5503 5529
f 5502 5506 5532
f 5503 5532 5529
f 5533 5534 5512
f 5535 5536 5528
f 5509 5534 5511
f 5537 5533 5536
f 5537 5536 5538
f 5524 5536 5535
f 5509 5513 5534
f 5533 5512 5536
f 5534 5513 5512
f 5536 5512 5526
f 5536 5526 5528
f 5512 5497 5496
f 5138 5539 5540
f 5511 5540 5539
f 5138 5540 5139
f 5139 5540 5537
f 5540 5533 5537
f 5540 5534 5533
f 5511 5534 5540
f 5537 5538 5139
f 5538 5524 5523
f 5536 5524 5538
f 5139 5538 5523
f 5541 5542 5543
f 2596 5541 2591
f 5544 5543 5545
f 5544 5545 5546
f 2629 5544 2586
f 2585 2629 2586
f 2596 5521 5541
f 5542 5547 5545
f 2591 5541 5543
f 5543 5542 5545
f 2591 5543 5544
f 2597 2591 2629
f 2591 5544 2629
f 5545 2586 5546
f 5544 5546 2586
f 5548 2625 2630
f 5548 5549 5550
f 5551 2598 5552
f 2598 5551 2599
f 5551 2601 2599
f 2630 5549 5548
f 2630 5553 5549
f 5549 5553 5554
f 5550 5549 5554
f 5555 5552 2610
f 5555 5556 5552
f 5556 5551 5552
f 5557 5551 5556
f 5557 2601 5551
f 2601 5557 5521
f 5553 5558 5519
f 5559 5519 5558
f 5519 5560 5520
f 5519 5547 5555
f 5561 5562 5555
f 5561 5555 5547
f 5542 5541 5561
f 5553 5519 5554
f 5556 5555 5562
f 5557 5556 5562
f 5557 5562 5561
f 5547 5519 5545
f 5521 5557 5541
f 5541 5557 5561
f 5519 2586 5545
f 5542 5561 5547
f 5560 5563 5520
f 5564 5565 5566
f 5564 5567 5565
f 5522 5568 5569
f 2977 5519 5566
f 5570 5571 5558
f 5553 5570 5558
f 5522 5569 2615
f 5571 5569 5559
f 2617 2615 2618
f 2615 5569 2618
f 5559 5558 5571
f 5569 5571 2618
f 5570 2618 5571
f 2628 2618 5570
f 2628 5570 2630
f 2630 5570 5553
f 5572 5573 2977
f 5574 5572 5575
f 5572 2977 5575
f 5575 2977 5576
f 5572 5577 5573
f 5525 5531 2977
f 5573 5525 2977
f 5548 5550 2606
f 5552 2598 2611
f 2605 2625 5548
f 2605 5548 2606
f 2606 5550 2631
f 5550 5554 2631
f 2631 5554 2610
f 5554 5555 2610
f 2611 2610 5552
f 5554 5519 5555
f 5578 5579 5580
f 5567 5581 5565
f 5579 5578 2978
f 2974 5579 2978
f 5579 2974 2976
f 5580 5579 5581
f 5580 5582 5583
f 5582 5584 5583
f 5583 5584 3004
f 5567 5564 5585
f 3004 5584 5586
f 3004 5586 2979
f 5565 2977 5566
f 2979 5586 5587
f 5585 5564 5588
f 5586 5585 5588
f 5586 5588 5587
f 5588 5564 5566
f 5589 5587 5590
f 5589 5590 5591
f 5591 5590 2982
f 2982 5590 5592
f 5566 5559 5593
f 5568 5593 5559
f 5568 5594 5595
f 2627 5595 2626
f 2979 5587 2980
f 2980 5587 5589
f 5588 5566 5593
f 5589 5591 2982
f 5587 5588 5592
f 5590 5587 5592
f 5588 5593 5592
f 2982 5592 5596
f 5592 5593 5596
f 2982 5596 2895
f 5596 5593 5568
f 5596 5568 5595
f 5522 5594 5568
f 5569 5568 5559
f 5595 5594 5522
f 5595 5522 2626
f 5566 5519 5559
f 2626 5522 2620
f 2986 5573 5597
f 5597 5598 2986
f 5565 5581 5599
f 5581 5579 2976
f 2976 5599 5581
f 5580 5581 5582
f 5582 5581 5567
f 5584 5582 5567
f 5584 5567 5585
f 5584 5585 5586
f 5597 5573 5577
f 5574 5577 5572
f 5600 5597 5577
f 5600 5598 5597
f 5601 5602 5603
f 2695 5604 2707
f 5605 5606 5607
f 2707 5604 5607
f 5607 5606 5608
f 5609 5608 5606
f 2707 5608 5610
f 5608 5611 5610
f 5610 2708 2707
f 5520 5604 2695
f 5604 5605 5607
f 5607 5608 2707
f 5609 5612 5608
f 5601 5603 5613
f 5614 5601 5615
f 5601 5613 5616
f 5601 5616 5615
f 5615 5616 5606
f 5606 5614 5615
f 5605 5614 5606
f 5606 5616 5609
f 5613 5617 5609
f 5613 5609 5616
f 5609 5618 5619
f 5609 5619 5612
f 5563 5620 5605
f 5605 5621 5614
f 5620 5621 5605
f 5621 5622 5614
f 5622 5601 5614
f 5604 5563 5605
f 5563 5604 5520
f 2583 2586 2604
f 2695 2707 2697
f 2586 5520 2604
f 5520 2695 2604
f 5623 2712 2710
f 5624 5623 2710
f 2710 2712 2711
f 5610 5611 2708
f 2709 5624 2710
f 2709 5625 5624
f 5619 2709 5612
f 5608 5612 5611
f 5612 2709 5611
f 2709 2708 5611
f 5626 5624 5625
f 5619 5627 5625
f 5628 5625 5627
f 5619 5625 2709
f 5625 5628 5626
f 5629 5630 5626
f 5623 5626 5630
f 5630 5631 5632
f 5624 5626 5623
f 2713 5632 2714
f 5630 5632 2713
f 5623 5630 2713
f 5623 2713 2712
f 2715 2706 2712
f 2713 2715 2712
f 5618 5627 5619
f 5633 5634 5618
f 5628 5627 5634
f 5634 5627 5618
f 5633 5618 5617
f 5617 5618 5609
f 5634 5635 5628
f 5636 5637 5638
f 5636 5638 5635
f 5639 5636 5640
f 5640 5636 5641
f 5636 5635 5641
f 5641 5635 5634
f 5626 5638 5629
f 5638 5626 5628
f 5635 5638 5628
f 5640 5641 5633
f 5640 5633 5642
f 5642 5617 5643
f 5643 5613 5603
f 5643 5617 5613
f 5617 5642 5633
f 5641 5634 5633
f 5644 5645 5636
f 5646 5647 5648
f 5644 5636 5639
f 5649 5650 5651
f 5652 5653 5654
f 5655 5656 5657
f 5658 5659 5660
f 5660 5661 5655
f 5649 5662 5650
f 5662 5663 5664
f 5664 5665 5659
f 5665 5661 5659
f 5666 5667 5668
f 5666 5669 5667
f 5655 5657 5667
f 5655 5667 5669
f 5660 5655 5669
f 5650 5659 5658
f 5655 5661 5656
f 5660 5659 5661
f 5650 5662 5664
f 5664 5659 5650
f 5651 5650 5670
f 5670 5650 5658
f 5671 5670 5672
f 5651 5670 5671
f 5673 5656 5674
f 5661 5675 5676
f 5677 5678 5664
f 5678 5677 5644
f 5656 5673 5657
f 5661 5676 5656
f 5663 5677 5664
f 5665 5675 5661
f 5676 5679 5656
f 5665 5678 5675
f 5676 5675 5679
f 5664 5678 5665
f 5656 5679 5674
f 5678 5646 5675
f 5675 5646 5679
f 5678 5644 5647
f 5646 5678 5647
f 5644 5677 5645
f 5673 5674 5680
f 5631 5681 5632
f 5682 5683 5684
f 5685 5682 5684
f 5682 5686 5649
f 5685 5686 5682
f 5649 5686 5687
f 5688 5685 5684
f 5688 5689 5685
f 5683 5682 5690
f 5687 5686 5685
f 5689 5687 5685
f 5649 5691 5662
f 5692 5693 5694
f 5692 5695 5696
f 5696 5697 5698
f 5695 5692 5694
f 5699 5695 5694
f 5695 5699 5696
f 5700 5696 5699
f 5696 5700 5697
f 5697 5700 5699
f 5701 5697 5699
f 5702 5703 5704
f 5702 5704 5705
f 5705 5693 5692
f 5693 5705 5704
f 5694 5704 3177
f 5706 5707 5708
f 5709 5706 5708
f 5708 5703 5709
f 5704 5703 5708
f 5703 5702 5705
f 5694 5693 5704
f 5694 3177 5699
f 5710 5711 5707
f 5707 5706 5710
f 5697 5701 5671
f 5701 5651 5671
f 5651 5701 5690
f 5690 5682 5651
f 5651 5682 5649
f 5681 5688 5684
f 5697 5671 5698
f 5701 5699 5684
f 5684 5690 5701
f 5684 5699 3177
f 5683 5690 5684
f 5684 3177 2714
f 5681 5684 2714
f 5688 5681 5631
f 5681 2714 5632
f 5645 5712 5636
f 5691 5713 5662
f 5714 5663 5715
f 5716 5663 5714
f 5662 5713 5715
f 5663 5662 5715
f 5716 5714 5717
f 5713 5691 5689
f 5718 5689 5688
f 5718 5688 5631
f 5687 5691 5649
f 5691 5687 5689
f 5715 5713 5689
f 5715 5689 5718
f 5715 5718 5714
f 5717 5714 5718
f 5629 5718 5631
f 5638 5637 5718
f 5638 5718 5629
f 5712 5637 5636
f 5629 5631 5630
f 5717 5718 5637
f 5716 5717 5637
f 5677 5663 5645
f 5712 5645 5716
f 5716 5637 5712
f 5645 5663 5716
f 5719 5720 5721
f 5722 5721 5723
f 5719 5721 5722
f 5724 5719 5722
f 5653 5724 5722
f 5720 5725 5721
f 5720 5719 5726
f 5727 5728 5729
f 5728 5727 5730
f 5729 5731 5727
f 5727 5731 5732
f 5733 5711 5710
f 5720 5726 5725
f 5709 5710 5706
f 5728 5734 5735
f 5729 5728 5735
f 5736 5737 5738
f 5737 5736 5739
f 5728 5737 5734
f 5740 5741 5738
f 5738 5739 5736
f 5741 5739 5738
f 5737 5739 5742
f 5737 5742 5734
f 5234 5138 5137
f 5234 5539 5138
f 5531 5743 5560
f 5743 5744 5745
f 5746 5744 5747
f 5745 5744 5746
f 5748 5745 5746
f 5746 5749 5748
f 5749 5746 5750
f 5745 5748 5743
f 5751 5752 5753
f 5754 5751 5755
f 5754 5755 5748
f 5751 5753 5755
f 5748 5755 5743
f 5743 5756 5726
f 5743 5755 5757
f 5743 5757 5756
f 5758 5743 5531
f 5759 5760 5761
f 5759 5761 5762
f 5762 5763 5759
f 5763 5762 5747
f 5744 5763 5747
f 5760 5759 5764
f 5764 5759 5763
f 5743 5763 5744
f 5528 5527 5530
f 5528 5530 5535
f 5524 5535 5758
f 5758 5535 5765
f 5758 5765 5743
f 5535 5530 5765
f 5758 5531 5524
f 5765 5764 5763
f 5765 5530 5760
f 5760 5530 5766
f 5765 5760 5764
f 5765 5763 5743
f 5762 5767 5768
f 5504 5769 5770
f 5767 5762 5761
f 5771 5772 5773
f 5772 5738 5774
f 5770 5775 5776
f 5776 5775 5771
f 5501 5770 5777
f 5501 5504 5770
f 5532 5506 5778
f 5506 5501 5777
f 5506 5777 5778
f 5766 5779 5761
f 5761 5779 5767
f 5760 5766 5761
f 5529 5780 5530
f 5530 5781 5766
f 5530 5780 5781
f 5777 5770 5776
f 5778 5777 5776
f 5782 5778 5783
f 5784 5782 5785
f 5785 5786 5787
f 5784 5785 5787
f 5780 5784 5781
f 5781 5787 5779
f 5766 5781 5779
f 5779 5787 5788
f 5776 5789 5778
f 5783 5778 5789
f 5532 5778 5529
f 5529 5778 5782
f 5782 5783 5790
f 5529 5782 5780
f 5782 5790 5786
f 5780 5782 5784
f 5782 5786 5785
f 5781 5784 5787
f 5510 5511 5234
f 5234 5511 5539
f 5647 5644 5639
f 5719 5724 5791
f 5791 5724 5652
f 5726 5719 5792
f 5652 5724 5653
f 5792 5719 5791
f 5621 5792 5793
f 5621 5793 5622
f 5622 5602 5601
f 5620 5792 5621
f 5679 5646 5648
f 5647 5639 5640
f 5648 5647 5642
f 5794 5795 5654
f 5743 5792 5620
f 5654 5795 5652
f 5680 5674 5796
f 5652 5795 5680
f 5652 5680 5791
f 5792 5791 5793
f 5674 5679 5643
f 5602 5674 5643
f 5793 5796 5602
f 5622 5793 5602
f 5602 5643 5603
f 5791 5680 5793
f 5796 5674 5602
f 5680 5796 5793
f 5679 5648 5643
f 5648 5642 5643
f 5560 5620 5563
f 2977 5531 5560
f 5743 5726 5792
f 5743 5620 5560
f 5519 2977 5560
f 5647 5640 5642
f 5797 5798 5799
f 5797 5769 5504
f 5800 5801 5802
f 5802 3192 5800
f 5803 5801 5800
f 5739 5803 5800
f 5772 5804 5738
f 5775 5804 5772
f 5804 5805 5740
f 5804 5740 5738
f 5805 5803 5739
f 5740 5805 5739
f 5740 5739 5741
f 5769 5799 5806
f 5797 5799 5769
f 5775 5769 5806
f 5775 5806 5807
f 5807 5808 5775
f 5807 5809 5808
f 5808 5804 5775
f 5808 5809 5805
f 5804 5808 5805
f 5809 5801 5803
f 5806 5799 5810
f 5769 5775 5770
f 5811 5810 5809
f 5810 5811 5806
f 5806 5811 5807
f 5809 5803 5805
f 5811 5809 5807
f 5812 3276 5813
f 5814 5516 5813
f 3193 5813 3276
f 5813 3193 5802
f 5798 5815 5799
f 5801 5816 5802
f 5802 3193 3192
f 5816 5814 5802
f 5814 5813 5802
f 5817 5814 5816
f 5818 5816 5801
f 5817 5816 5818
f 5819 5817 5818
f 5810 5819 5818
f 5815 5819 5810
f 5809 5818 5801
f 5809 5810 5818
f 5815 5810 5799
f 5820 5798 5797
f 5820 5797 5504
f 5815 5798 5820
f 5504 5505 5820
f 5235 5507 5510
f 5812 5507 5235
f 5812 5235 3276
f 5516 5507 5812
f 5813 5516 5812
f 5516 5508 5507
f 5814 5515 5516
f 5518 5819 5815
f 5518 5815 5505
f 5820 5505 5815
f 5817 5819 5515
f 5518 5517 5515
f 5817 5515 5814
f 5518 5515 5819
f 5236 5235 5234
f 5235 5510 5234
f 5362 5139 5523
f 5362 5523 2985
f 5523 5525 2985
f 5821 2921 5822
f 5821 2919 2921
f 5822 2921 5823
f 2927 2926 5823
f 5824 5823 2926
f 2926 5825 5824
f 5823 5824 5826
f 5827 5823 5826
f 2921 2920 5823
f 2920 2927 5823
f 5822 5823 5827
f 5828 5822 5827
f 5825 2926 5829
f 5824 5825 5829
f 5826 5824 5829
f 5827 5830 5828
f 5831 5832 5833
f 5827 5826 5834
f 5830 5827 5834
f 5834 5826 5832
f 5826 5829 5835
f 5826 5835 5832
f 5830 5834 5836
f 5834 5832 5836
f 5836 5832 5831
f 5832 5837 5833
f 5838 5839 5833
f 5840 5828 5830
f 5841 5836 5839
f 5836 5831 5833
f 5839 5836 5833
f 5840 5830 5841
f 5841 5830 5836
f 5840 5841 5842
f 5599 2977 5565
f 2976 2977 5599
f 2978 5578 2970
f 2972 2978 2970
f 5580 5583 5578
f 3003 5583 3004
f 2980 5589 2981
f 2981 5589 2982
f 2895 5596 2627
f 5596 5595 2627
f 2984 2983 5843
f 2985 5525 5573
f 2985 5573 2986
f 2986 5843 2983
f 5578 5583 3003
f 2981 3004 2979
f 5578 3003 2970
f 5711 3171 5707
f 5844 3163 3171
f 5733 3171 5711
f 5845 3164 3163
f 5708 5707 3177
f 5707 3171 3177
f 5704 5708 3177
f 5731 5735 5742
f 5731 5742 5846
f 5732 5731 5847
f 5846 5847 5731
f 5845 5847 5846
f 5845 5846 3164
f 5848 5847 5845
f 5735 5731 5729
f 5848 5732 5847
f 5844 5849 3163
f 5733 5844 3171
f 5846 3166 3164
f 5742 3166 5846
f 5800 3166 5742
f 5845 5850 5851
f 5850 5845 3163
f 5849 5850 3163
f 5800 3192 3194
f 5800 5742 5739
f 5734 5742 5735
f 3166 5800 3194
f 3190 3166 3194
f 5852 5853 5854
f 5855 5854 5853
f 5856 5857 5858
f 5856 5858 5859
f 5463 5858 5857
f 5463 5464 5858
f 5859 5858 5860
f 5464 5461 5858
f 5858 5461 5494
f 5860 5858 5861
f 5858 5494 5861
f 5860 5861 5494
f 5461 5456 5455
f 5494 5461 5455
f 5852 5854 5862
f 5863 5852 5862
f 2812 5864 5865
f 5863 5862 5866
f 5865 5864 5867
f 5868 5863 5866
f 5864 5868 5867
f 5867 5868 5869
f 5870 5869 5868
f 5868 5866 5870
f 5869 5870 5856
f 5856 5870 5857
f 2812 5863 5864
f 2295 2812 5865
f 5864 5863 5868
f 5866 5465 5463
f 5870 5866 5857
f 5866 5463 5857
f 5871 5872 2446
f 5873 5872 5871
f 5483 2415 5874
f 5875 5874 5876
f 5876 5874 2415
f 5874 5875 5873
f 5877 5874 5873
f 5874 5877 5484
f 5483 5874 5484
f 5871 2446 2444
f 5878 5879 2444
f 2444 5879 5871
f 5880 5881 5882
f 2453 2292 5880
f 5882 5883 5884
f 5880 5882 5884
f 2453 5880 5884
f 5881 5859 5882
f 2453 5884 5885
f 2455 2453 5885
f 5884 5886 5885
f 5884 5887 5886
f 5886 2455 5885
f 5878 2455 5886
f 5886 5879 5878
f 2296 5865 2291
f 5869 5856 2291
f 2291 5856 5881
f 5859 5881 5856
f 2292 5881 5880
f 2291 5881 2292
f 2295 5865 2296
f 5865 5867 2291
f 2291 5867 5869
f 5877 5873 5888
f 5889 5877 5890
f 5879 5890 5888
f 5877 5888 5890
f 5879 5888 5871
f 5873 5871 5888
f 5882 5859 5860
f 5882 5860 5883
f 5883 5860 5887
f 5884 5883 5887
f 5860 5889 5890
f 5887 5890 5886
f 5887 5860 5890
f 5879 5886 5890
f 5860 5494 5889
f 5494 5495 5889
f 5455 5484 5495
f 5889 5495 5877
f 5495 5484 5877
f 2415 2417 5876
f 5876 2417 5875
f 5875 2417 2418
f 5872 2418 2419
f 5873 5875 5872
f 5875 2418 5872
f 2446 5872 2419
f 5878 2444 2443
f 2454 2453 2455
f 2455 5878 2443
f 5486 2559 2415
f 5891 5892 5893
f 5892 5894 5895
f 5892 5895 5896
f 5897 5848 5894
f 5892 5897 5894
f 5898 5893 5899
f 5895 5894 5900
f 5893 5896 5899
f 5901 5902 5903
f 5904 5901 5905
f 5905 5901 5903
f 5904 5905 5906
f 5902 5907 5903
f 5903 5908 5909
f 5910 5905 5909
f 5899 5896 5911
f 5851 5850 5900
f 5894 5851 5900
f 5895 5900 5896
f 5896 5900 5911
f 5900 5902 5911
f 5900 5850 5902
f 5850 5849 5902
f 5911 5902 5901
f 5899 5911 5904
f 5902 5849 5907
f 5904 5911 5901
f 5905 5910 5912
f 5906 5905 5912
f 5906 5912 5913
f 5914 5891 5893
f 5915 5914 5893
f 5915 5893 5898
f 5915 5916 5914
f 2810 5855 5853
f 2807 2810 5853
f 5863 5853 5852
f 2776 2807 2811
f 2811 5853 5863
f 2807 5853 2811
f 2811 5863 2812
f 5062 5917 5063
f 5061 2919 5821
f 5061 5821 5917
f 5821 5822 5828
f 5061 5917 5062
f 5821 5828 5917
f 5063 5917 5918
f 5065 5063 5918
f 5065 5918 5066
f 5837 5919 5920
f 5921 5922 5837
f 5918 5917 5923
f 5832 5835 5837
f 5837 5835 5921
f 5917 5828 5923
f 5918 5923 5924
f 5842 5839 5925
f 5838 5833 5926
f 5925 5839 5927
f 5839 5928 5929
f 5926 5928 5838
f 5926 5930 5928
f 5929 5928 5931
f 5926 5920 5932
f 5919 5933 5920
f 5931 5928 5930
f 5934 5929 5931
f 5932 5920 5935
f 5935 5936 5932
f 5937 5934 5931
f 5937 5931 5932
f 5839 5838 5928
f 5833 5837 5920
f 5833 5920 5926
f 5839 5929 5927
f 5926 5932 5930
f 5930 5932 5931
f 5840 5842 5938
f 5938 5842 5925
f 5842 5841 5839
f 5923 5828 5840
f 5923 5840 5938
f 5924 5923 5938
f 5937 5932 5939
f 5927 5940 5925
f 5940 5927 5941
f 5927 5942 5941
f 5940 5938 5925
f 5927 5929 5934
f 5927 5934 5942
f 5941 5942 5943
f 5066 5918 5924
f 5066 5924 5068
f 5924 5938 5944
f 5068 5924 5944
f 5942 5934 5945
f 5943 5946 5947
f 5948 5934 5949
f 5948 5945 5934
f 5942 5945 5946
f 5946 5945 5950
f 5945 5948 5951
f 5945 5952 5950
f 5952 5945 5951
f 5943 5942 5946
f 5949 5934 5937
f 5948 5949 5953
f 5954 5947 5955
f 5071 5955 5083
f 5955 5947 5083
f 5071 5083 5072
f 5083 5947 5956
f 5944 5940 5957
f 5068 5944 5076
f 5076 5067 5068
f 5944 5957 5958
f 5958 5957 5940
f 5959 5076 5958
f 5960 5073 5076
f 5960 5076 5959
f 5954 5941 5943
f 5959 5954 5955
f 5074 5073 5960
f 5943 5947 5954
f 5944 5938 5940
f 5944 5958 5076
f 5940 5941 5958
f 5958 5941 5961
f 5959 5958 5961
f 5961 5941 5954
f 5959 5961 5954
f 5960 5959 5955
f 5960 5071 5074
f 5960 5955 5071
f 5075 5076 5073
f 2951 5962 2959
f 5962 5963 2959
f 5963 2963 2959
f 5964 5962 2951
f 5946 5950 5956
f 5965 5962 5950
f 5950 5962 5964
f 5083 5956 2950
f 5956 5964 2950
f 5964 2951 2950
f 5947 5946 5956
f 5964 5956 5950
f 5965 5963 5962
f 5966 2783 2963
f 5966 2782 2783
f 5952 5967 5968
f 5966 2963 5969
f 5969 5970 5966
f 5970 2968 2782
f 5970 2782 5966
f 5969 5967 5971
f 5971 5970 5969
f 5968 5967 5969
f 5950 5968 5965
f 5952 5968 5950
f 5963 5965 5968
f 5968 5969 5963
f 5969 2963 5963
f 3112 2919 5061
f 5972 5973 5974
f 5973 5975 5976
f 5975 5977 5976
f 5978 5979 5980
f 5979 5981 5980
f 5979 5974 5981
f 5974 5973 5981
f 5981 5973 5976
f 5976 5977 5982
f 5982 5983 5984
f 5984 5985 5986
f 5985 5987 5988
f 5985 5988 5989
f 5976 5982 5990
f 5982 5984 5990
f 5985 5989 5986
f 5991 5992 5993
f 5990 5984 5994
f 5986 5989 5991
f 5991 5989 5992
f 5993 5992 5995
f 5996 5997 5998
f 5999 6000 5997
f 5997 6000 6001
f 5998 6002 6003
f 5998 5997 6001
f 5998 6001 6002
f 5996 5999 5997
f 5480 5996 6004
f 6005 6006 5999
f 6006 6005 6007
f 5995 6006 6007
f 5999 6008 6000
f 5999 6006 6008
f 5995 5992 6006
f 6006 5992 6008
f 5992 6009 6008
f 6000 6008 6010
f 6011 5988 6012
f 5988 6013 6012
f 6011 6012 6014
f 5992 6011 6009
f 6011 6015 6009
f 5988 6011 5989
f 5989 6011 5992
f 6016 6017 6002
f 6016 5492 6017
f 6017 5492 5487
f 6018 5492 6016
f 5487 5492 5489
f 6018 2281 5492
f 2281 2283 5492
f 6001 6016 6002
f 6001 6019 6016
f 6019 6018 6016
f 6019 6020 6018
f 6000 6010 6001
f 6021 2282 2281
f 6018 6021 2281
f 6012 6022 6014
f 6022 6023 6014
f 6022 2582 6023
f 6010 6024 6019
f 6014 6025 6015
f 6014 6023 6025
f 6025 6020 6024
f 6023 2582 6026
f 6020 6025 6027
f 6020 6021 6018
f 6026 2575 6025
f 6015 6024 6010
f 6015 6025 6024
f 6024 6020 6019
f 6025 6023 6026
f 6027 6021 6020
f 6025 2575 6027
f 6009 6015 6010
f 6011 6014 6015
f 6001 6010 6019
f 6009 6010 6008
f 6028 6029 6030
f 6031 6029 6028
f 2550 2553 2551
f 5983 6032 5985
f 5985 6032 5987
f 2553 6033 2551
f 2553 2683 6033
f 5983 6033 6032
f 5983 2551 6033
f 2683 2684 6033
f 6033 2684 6032
f 6032 2684 6034
f 5987 6032 6034
f 5987 6034 6013
f 2684 2686 6034
f 6034 2686 6035
f 6034 6035 6013
f 5988 5987 6013
f 6013 6035 6036
f 6037 2689 6038
f 6036 6038 6022
f 2686 2685 2689
f 6035 2686 6037
f 2686 2689 6037
f 6035 6037 6036
f 6036 6012 6013
f 6037 6038 6036
f 6036 6022 6012
f 6038 2689 2578
f 6026 2576 2574
f 2574 2575 6026
f 6027 2571 6021
f 2571 2282 6021
f 6027 2575 2571
f 6038 2578 2582
f 2581 6026 2582
f 2578 2577 2582
f 6038 2582 6022
f 2580 2581 2582
f 2581 2576 6026
f 6039 6040 3009
f 6041 6042 6040
f 2975 6040 5576
f 6039 6041 6040
f 6040 6042 5576
f 6043 5600 5574
f 5598 5843 2986
f 5598 6044 5843
f 5598 6045 6044
f 5598 5600 6045
f 5600 5577 5574
f 6029 6046 6030
f 6028 6030 6047
f 6030 6048 6049
f 6050 6047 6039
f 6039 6049 6041
f 6051 6045 6031
f 6046 6048 6030
f 6030 6049 6047
f 6028 6047 6050
f 6047 6049 6039
f 6049 6042 6041
f 6048 6043 5574
f 6042 6048 5574
f 6049 6048 6042
f 6043 6045 5600
f 6031 6045 6043
f 6031 6043 6029
f 6029 6043 6046
f 6046 6043 6048
f 6051 5843 6044
f 6044 6045 6051
f 6042 5574 5575
f 6042 5575 5576
f 5829 6052 6053
f 2926 6052 5829
f 2924 2930 6054
f 2925 2924 6054
f 2925 6054 2926
f 2933 2935 6055
f 2940 2944 2935
f 6056 2944 2932
f 2944 2931 2932
f 2935 2944 6056
f 5837 5922 5919
f 5921 6057 5922
f 6057 6058 6059
f 5919 6057 6059
f 6060 6059 6058
f 6059 6060 5933
f 5933 5935 5920
f 6061 5935 5933
f 5922 6057 5919
f 5919 6059 5933
f 5933 6060 6061
f 5939 5932 6062
f 6063 5939 6062
f 6064 6062 6065
f 5936 6062 5932
f 5937 5939 5949
f 5949 5939 6063
f 5953 5949 6063
f 6062 6064 6063
f 5953 6063 6064
f 5951 5953 6066
f 6066 5953 6064
f 2939 6067 2945
f 2933 6055 2939
f 6067 2939 6068
f 2939 6055 6068
f 6067 6068 6069
f 6055 2935 6068
f 6068 6070 6069
f 6071 6068 2935
f 6071 2935 6056
f 6068 6071 6070
f 6072 6057 6053
f 5921 6053 6057
f 6053 6052 6072
f 5829 6053 5835
f 5835 6053 5921
f 2942 2945 2930
f 2930 2945 6073
f 2945 6067 6074
f 6075 6073 6074
f 6074 6067 6069
f 6074 6069 6076
f 6077 6074 6076
f 6072 6078 6057
f 6054 2930 6073
f 6054 6073 6075
f 6073 2945 6074
f 2926 6054 6052
f 6054 6075 6052
f 6074 6077 6075
f 6052 6075 6072
f 6072 6075 6077
f 6072 6077 6078
f 6069 6079 6076
f 6069 6080 6079
f 6057 6081 6058
f 6077 6076 6081
f 6078 6077 6081
f 6078 6081 6057
f 6081 6076 6082
f 6076 6079 6082
f 5576 2977 2975
f 2972 6040 2973
f 6040 2972 3009
f 5843 3008 2984
f 6050 6039 3009
f 2973 6040 2975
f 6083 6084 6085
f 6086 6087 6085
f 6085 6087 6088
f 6089 6090 6091
f 6089 6091 6092
f 6090 6088 6091
f 6086 6093 6087
f 6091 6088 6094
f 6094 6095 6096
f 6094 6096 6097
f 6094 6097 6098
f 6087 6093 6095
f 6093 6099 6100
f 6093 6100 6095
f 6095 6100 6096
f 6093 6101 6099
f 6100 6099 6102
f 6102 6103 2987
f 6099 6103 6102
f 2989 6102 2987
f 3007 6028 6050
f 3005 6031 3006
f 3006 6028 3007
f 2971 3007 6050
f 6050 3009 2971
f 3008 5843 6051
f 6051 6031 3008
f 3008 6031 3005
f 6031 6028 3006
f 6058 6104 6060
f 6084 6086 6085
f 6105 6084 6106
f 6105 6086 6084
f 6081 6107 6104
f 6079 6105 6106
f 6107 6108 6109
f 6104 6107 6109
f 6107 6106 6108
f 6082 6079 6106
f 6082 6106 6107
f 6082 6107 6081
f 6081 6104 6058
f 6106 6083 6108
f 6104 6109 6110
f 6108 6083 6089
f 6106 6084 6083
f 6111 6112 6113
f 6111 6113 6086
f 6114 6115 6101
f 3017 3011 6103
f 6101 3017 6103
f 6103 3012 2987
f 6101 6103 6099
f 6103 3011 3012
f 6112 6116 6113
f 6116 6115 6113
f 6113 6115 6114
f 6115 3017 6101
f 6079 6080 6105
f 6080 6117 6105
f 6105 6111 6086
f 6118 6071 6112
f 6071 6056 6112
f 6080 6069 6070
f 6117 6070 6118
f 6070 6117 6080
f 6070 6071 6118
f 2932 2814 2813
f 6112 2932 6116
f 2932 2813 6116
f 6116 3017 6115
f 6116 2813 3017
f 6117 6111 6105
f 6118 6111 6117
f 6118 6112 6111
f 6093 6114 6101
f 6113 6114 6086
f 6086 6114 6093
f 6112 6056 2932
f 5668 5667 5653
f 5653 5667 5654
f 6119 5669 5666
f 6119 5658 5669
f 5658 5660 5669
f 6119 5672 5670
f 5670 5658 6119
f 5795 5673 5680
f 5673 5794 5654
f 5657 5654 5667
f 5657 5673 5654
f 5709 5703 6120
f 5705 5692 6120
f 6121 5692 5696
f 6121 5696 6122
f 6122 5696 5698
f 5703 5705 6120
f 6120 5692 6121
f 5698 5671 6123
f 5672 6123 5671
f 5653 5722 5668
f 5722 5723 5668
f 6124 6125 5723
f 5723 6125 6126
f 6126 6127 5723
f 5668 5723 6128
f 6128 5723 6127
f 5721 6124 5723
f 6127 6129 5672
f 6128 6127 6119
f 5668 6128 5666
f 5672 6119 6127
f 5666 6128 6119
f 6130 6131 6132
f 6133 6131 6134
f 6135 6136 6137
f 6138 6139 6140
f 6139 6138 6136
f 6141 6139 6136
f 6132 5750 6141
f 6135 6142 6141
f 6142 6132 6141
f 6136 6135 6141
f 6142 6130 6132
f 5897 5730 5848
f 5730 5727 5848
f 5891 5897 5892
f 5727 5732 5848
f 5893 5892 5896
f 5894 5848 5851
f 6143 5897 5891
f 5730 5897 6143
f 5903 5844 5710
f 5903 5710 5908
f 5908 5710 5709
f 5844 5907 5849
f 5907 5844 5903
f 5844 5733 5710
f 5905 5903 5909
f 6144 5898 6140
f 5904 6138 5899
f 6138 5904 6145
f 5848 5845 5851
f 5898 5899 6140
f 6137 6136 6145
f 6140 5899 6138
f 6138 6145 6136
f 5908 5709 5909
f 5909 6120 6146
f 6146 6120 6121
f 6123 6121 6122
f 6122 5698 6123
f 5709 6120 5909
f 5910 5909 6146
f 5910 6146 5912
f 6146 6147 5912
f 6146 6121 6147
f 6147 6121 6123
f 5913 5912 6129
f 5912 6147 6123
f 6129 5912 6123
f 6142 6135 6137
f 6148 6149 6150
f 6130 6142 6149
f 6149 6142 6137
f 6149 6137 6150
f 6130 6149 6131
f 6151 6149 6148
f 6151 6131 6149
f 6134 6131 6151
f 6134 6151 6152
f 6153 6152 6151
f 5757 5755 6152
f 5757 6152 6153
f 5756 5757 6153
f 5756 6153 5725
f 5726 5756 5725
f 6153 6151 6148
f 6153 6154 5725
f 6154 6124 5725
f 5721 5725 6124
f 6153 6155 6154
f 6124 6154 6155
f 6124 6155 6156
f 6156 5906 6125
f 6124 6156 6125
f 5906 5913 6125
f 6125 5913 6126
f 5913 6129 6126
f 6127 6126 6129
f 5672 6129 6123
f 5904 5906 6157
f 6145 5904 6157
f 6150 6137 6145
f 6155 6153 6148
f 6150 6145 6155
f 6155 6145 6157
f 6148 6150 6155
f 6155 6157 6156
f 6157 5906 6156
f 5728 5730 6158
f 6158 5730 6143
f 6143 5891 5914
f 5774 6158 6159
f 6159 6158 6143
f 6158 5737 5728
f 5738 5737 5774
f 5774 5737 6158
f 6160 5752 5751
f 5753 6134 5755
f 5754 5748 5749
f 5754 5749 5750
f 5750 6132 5754
f 6132 6133 5754
f 6133 5751 5754
f 6132 6131 6133
f 6133 6160 5751
f 6160 6133 6134
f 6160 6134 5752
f 5752 6134 5753
f 6161 6139 6141
f 6144 6140 6161
f 6140 6139 6161
f 5750 6161 6141
f 6162 6144 6161
f 6161 5746 6162
f 5747 6162 5746
f 5746 6161 5750
f 5747 5762 5768
f 5747 5768 6162
f 6163 5898 6144
f 5768 6163 6144
f 5768 6144 6162
f 5755 6134 6152
f 5916 6159 5914
f 6159 6143 5914
f 6164 6163 5768
f 5767 5788 6164
f 6164 5768 5767
f 6163 5915 5898
f 5773 5772 5774
f 5773 5774 6165
f 6165 5774 6159
f 6165 6159 5916
f 5771 5775 5772
f 5767 5779 5788
f 5783 5789 5790
f 5771 5773 6166
f 5790 6166 6167
f 5786 5790 6167
f 6166 5773 6165
f 6167 6166 6165
f 5786 6167 6168
f 5787 5786 5788
f 6168 5788 5786
f 6167 6165 6168
f 5788 6168 6164
f 5915 6165 5916
f 6164 6168 5915
f 6164 5915 6163
f 5776 5771 5789
f 5789 6166 5790
f 5789 5771 6166
f 6165 5915 6168
f 5794 5673 5795
f 6169 6170 6171
f 6169 6172 6173
f 6169 6173 6174
f 6175 6176 6174
f 6177 6169 6174
f 6176 6178 6179
f 6180 6169 6171
f 6180 6171 6181
f 6181 6171 6170
f 6169 6177 6170
f 6182 6181 5465
f 6178 6183 6179
f 6179 6183 6184
f 2544 5972 5974
f 2544 2549 5972
f 6185 5972 2549
f 2549 2551 6185
f 5972 6185 5973
f 5973 6185 5975
f 6186 2809 6187
f 6187 2809 2256
f 2810 6188 5855
f 6186 6187 6189
f 6190 6186 6189
f 6173 6189 6187
f 6191 6190 6180
f 6173 6172 6180
f 6180 6172 6169
f 2255 5979 5978
f 6188 6190 6191
f 6173 6187 6175
f 6191 6180 6181
f 6192 5978 6175
f 6175 5978 6188
f 6173 6175 6174
f 6191 6178 6176
f 6178 6188 5980
f 5980 5981 6193
f 6178 5980 6183
f 5980 6193 6183
f 5981 5976 6193
f 2256 2255 6192
f 2256 6192 6187
f 6189 6173 6190
f 6188 6186 6190
f 6190 6173 6180
f 6192 2255 5978
f 5855 6188 6191
f 6187 6192 6175
f 5854 5855 6182
f 2544 5979 2255
f 6175 6188 6191
f 5979 2544 5974
f 5855 6191 6182
f 6182 6191 6181
f 6188 6178 6191
f 5854 6182 5862
f 6175 6191 6176
f 5978 5980 6188
f 5976 5990 6193
f 6183 6193 6194
f 6194 6193 6195
f 5977 5983 6196
f 6196 5983 5982
f 5984 5983 5985
f 5977 6196 5982
f 6195 5990 6197
f 6195 6197 6198
f 5990 5994 6197
f 6197 6199 6198
f 5984 5986 5994
f 5994 5993 6197
f 5994 5986 5991
f 5991 5993 5994
f 6183 6194 6184
f 6195 6193 5990
f 6195 6198 6194
f 6184 6194 6198
f 6197 5993 5995
f 5465 6200 5458
f 5466 6200 5467
f 5458 6200 5466
f 6181 6170 6200
f 5866 5862 6182
f 6182 5465 5866
f 6181 6200 5465
f 5467 5478 5459
f 5472 5471 6003
f 5471 5998 6003
f 6201 6202 5478
f 5478 6202 5480
f 6202 6203 6204
f 6205 6202 6204
f 5480 6202 6205
f 5479 5480 5477
f 6204 6206 6207
f 6205 6204 6207
f 5996 6205 6207
f 5996 6207 6005
f 6201 6203 6202
f 6203 6184 6204
f 6184 6206 6204
f 5996 5480 6205
f 5477 5480 6004
f 5477 6004 5471
f 6207 6199 6005
f 5996 5998 6004
f 6004 5998 5471
f 5999 5996 6005
f 6174 6176 6179
f 6170 6177 6200
f 6177 6174 6208
f 6177 6208 6201
f 6201 6208 6179
f 6209 6177 6201
f 5478 5467 6209
f 6210 6179 6203
f 6201 6210 6203
f 6201 5478 6209
f 6208 6174 6179
f 6200 6177 5467
f 6177 6209 5467
f 6201 6179 6210
f 6179 6184 6203
f 6184 6198 6206
f 6206 6198 6199
f 6206 6199 6207
f 6005 6199 6007
f 6199 5995 6007
f 6199 6197 5995
f 6003 5473 5472
f 6003 6002 6017
f 6003 6017 5473
f 5473 6017 5487
f 2551 5983 5977
f 5975 6185 2551
f 5975 2551 5977
f 2544 2548 2549
f 2545 2544 2255
f 2809 6186 2810
f 2810 6186 6188
f 5935 6061 5936
f 5936 6061 6211
f 5936 6211 6212
f 6212 6062 5936
f 5948 5953 5951
f 6213 6092 6214
f 6215 6213 6216
f 6217 6215 6216
f 6218 6216 6219
f 6220 6221 6222
f 6223 6221 6220
f 6224 6223 6220
f 6220 6218 6224
f 6225 6216 6218
f 6225 6218 6222
f 6222 6218 6220
f 6224 6226 6223
f 6218 6227 6224
f 6092 6091 6228
f 6216 6213 6219
f 6092 6228 6214
f 6219 6213 6214
f 6219 6214 6229
f 5951 6230 5952
f 6066 6230 5951
f 6083 6085 6090
f 6085 6088 6090
f 6089 6092 6213
f 6083 6090 6089
f 6226 6224 6227
f 6231 6232 6233
f 6234 6064 6233
f 6232 6226 6227
f 6230 6066 6234
f 6226 6232 6231
f 6230 6234 6235
f 6088 6087 6095
f 6088 6095 6094
f 6096 6100 6236
f 6096 6236 6097
f 6097 6236 6237
f 6236 6102 6238
f 6236 6238 6237
f 6237 6238 2994
f 6239 6097 6237
f 6236 6100 6102
f 6091 6094 6228
f 6214 6240 6229
f 6218 6219 6229
f 6241 6098 6097
f 6240 6241 6229
f 6097 6239 6241
f 6241 6242 6230
f 6214 6228 6240
f 6228 6094 6098
f 6228 6098 6240
f 6240 6098 6241
f 6218 6229 6227
f 6227 6229 6230
f 6229 6241 6230
f 6230 6242 6243
f 6230 6235 6227
f 6102 2989 6238
f 2989 2994 6238
f 2994 2991 2990
f 2994 2989 2993
f 6237 2994 6239
f 6242 6241 6239
f 5967 5952 6230
f 6230 6243 5967
f 6243 6232 6235
f 2994 6244 6239
f 6242 6245 6232
f 6242 6232 6243
f 6233 6246 6234
f 6245 6247 6232
f 6246 6247 6243
f 6244 2994 2990
f 6244 2990 6245
f 6247 6245 6248
f 5967 6243 5971
f 6248 2996 2968
f 6235 6232 6227
f 6247 6233 6232
f 6246 6243 6235
f 6246 6235 6234
f 6239 6244 6242
f 6244 6245 6242
f 6233 6247 6246
f 6247 6248 6243
f 6245 2995 2996
f 6248 6245 2996
f 6243 6248 5970
f 6245 2990 2995
f 5971 6243 5970
f 6248 2968 5970
f 6231 6233 6064
f 6060 6104 6215
f 6104 6110 6215
f 6110 6213 6215
f 6060 6215 6217
f 6060 6217 6061
f 6061 6217 6225
f 6211 6061 6225
f 6225 6217 6216
f 6108 6089 6213
f 6108 6213 6109
f 6110 6109 6213
f 6223 6062 6221
f 6064 6065 6231
f 6212 6211 6225
f 6212 6221 6062
f 6212 6225 6222
f 6221 6212 6222
f 6062 6223 6065
f 6223 6226 6065
f 6226 6231 6065
f 6064 6234 6066
