# Optimized for Cats vs Demons
# Source: KinFinal.obj
# Simplification error: 0.0009076076094061136
v -29.7281494140625 0.559834361076355 69.22608947753906
v -29.594532012939453 0.570062518119812 69.1259536743164
v -29.60478973388672 0.5015907883644104 68.9632797241211
v -27.9530086517334 -0.6114534139633179 65.80601501464844
v -27.91754913330078 -0.4723508358001709 65.81830596923828
v -27.963998794555664 -0.46210986375808716 65.76529693603516
v -27.117712020874023 -2.6082277297973633 70.46376037597656
v -26.945369720458984 -1.9761581420898438 70.24131774902344
v -27.226167678833008 -2.4013659954071045 70.02564239501953
v -27.241867065429688 -2.976016044616699 69.64476776123047
v -27.012502670288086 -3.4622979164123535 68.86688995361328
v -27.212778091430664 -3.0167994499206543 71.09394836425781
v -27.45770835876465 -1.7373191118240356 71.25872039794922
v -26.710302352905273 -4.401461601257324 72.04408264160156
v -28.995323181152344 -1.333211064338684 72.50463104248047
v -26.091632843017578 -3.06365704536438 66.50927734375
v -25.12417221069336 -4.273818492889404 66.25985717773438
v -26.135549545288086 -3.4451026916503906 67.42339324951172
v -26.07009506225586 -3.063387870788574 66.95157623291016
v -25.951953887939453 -2.4177472591400146 66.87361907958984
v -26.100080490112305 -2.392037868499756 66.66499328613281
v -26.071823120117188 -2.5925955772399902 67.1994857788086
v -26.402488708496094 -2.8616864681243896 67.55784606933594
v -25.784154891967773 -2.147728443145752 66.58275604248047
v -25.629180908203125 -1.9192430973052979 67.3487777709961
v -25.325902938842773 -2.1092188358306885 66.35015106201172
v -26.893779754638672 -1.3414936065673828 68.07083129882812
v -26.33909034729004 -1.2590606212615967 68.53348541259766
v -25.227018356323242 -1.3841137886047363 68.85406494140625
v -24.024105072021484 -2.40842866897583 64.82089233398438
v -26.447101593017578 -1.5666627883911133 70.3493423461914
v -25.357118606567383 -0.8976401686668396 71.2660140991211
v -24.67662811279297 -0.43715977668762207 74.81703186035156
v -25.662734985351562 -0.7246630191802979 74.41626739501953
v -25.291854858398438 -1.2530235052108765 75.08174896240234
v -25.205533981323242 -0.35494107007980347 73.12290954589844
v -24.575870513916016 0.027730394154787064 72.2654800415039
v -24.12638282775879 0.6602712273597717 73.73361206054688
v -25.042980194091797 -0.29220399260520935 73.84367370605469
v -23.962303161621094 0.0436442606151104 75.4762191772461
v -25.958690643310547 -0.39178743958473206 73.41522216796875
v -25.92206382751465 -2.263266086578369 74.90203857421875
v -24.686445236206055 -3.5006661415100098 75.81929016113281
v -24.81444549560547 -1.9398802518844604 75.72970581054688
v -23.5998592376709 -2.6573734283447266 77.31999206542969
v -23.79145050048828 -1.169764518737793 76.6544189453125
v -26.35113525390625 -1.2190959453582764 74.59231567382812
v -23.008337020874023 -2.485060930252075 63.14849853515625
v -24.57147216796875 -1.8683416843414307 63.06499099731445
v -24.513669967651367 -1.7350521087646484 62.96688461303711
v -25.378185272216797 -4.245535850524902 107.47166442871094
v -24.346515655517578 -4.569554328918457 107.23526000976562
v -23.623249053955078 -3.8614768981933594 107.10365295410156
v -24.087909698486328 -2.2831780910491943 63.682342529296875
v -24.050739288330078 -2.8604652881622314 64.17120361328125
v -23.939844131469727 -2.3846962451934814 64.21611022949219
v -25.09846305847168 -2.5838916301727295 65.21436309814453
v -24.358762741088867 -2.8244998455047607 64.69722747802734
v -23.54181480407715 -3.0145263671875 63.463279724121094
v -22.468345642089844 -4.669442176818848 63.21230697631836
v -24.310266494750977 -3.6269192695617676 64.74264526367188
v -22.608718872070312 -1.704360008239746 63.923622131347656
v -23.148231506347656 -2.0472161769866943 63.9613151550293
v -24.179094314575195 -1.3136072158813477 67.76741790771484
v -23.18523597717285 -9.648636817932129 34.71220397949219
v -22.672351837158203 -10.319048881530762 34.65095520019531
v -23.131006240844727 -10.062605857849121 35.012977600097656
v -23.674638748168945 -10.044639587402344 35.50067138671875
v -23.33808708190918 -10.395936965942383 36.2593994140625
v -24.251220703125 -9.111610412597656 33.79899978637695
v -23.58225440979004 -9.227046966552734 34.42430114746094
v -25.064727783203125 -9.248700141906738 34.183170318603516
v -24.700672149658203 -8.680869102478027 32.339019775390625
v -23.075162887573242 -9.269174575805664 34.47792053222656
v -22.97603416442871 -2.202509641647339 63.413726806640625
v -22.949918746948242 -2.054621934890747 32.551483154296875
v -22.741050720214844 -3.009347915649414 32.668731689453125
v -22.822580337524414 -2.365316152572632 31.918724060058594
v -22.516752243041992 -3.152191162109375 79.1333236694336
v -20.41403579711914 -6.753633975982666 82.90767669677734
v -21.26344871520996 -3.136249542236328 81.81243896484375
v -21.85823631286621 -9.85830307006836 32.53555679321289
v -21.32392692565918 -10.216983795166016 32.47679138183594
v -21.992202758789062 -10.039563179016113 32.86769104003906
v -22.23619270324707 -10.183507919311523 33.45918273925781
v -22.07108497619629 -10.026593208312988 32.97772979736328
v -21.196346282958984 4.371749401092529 78.34429931640625
v -22.980018615722656 -0.5085935592651367 77.69428253173828
v -21.823888778686523 0.8062691688537598 80.11161041259766
v -21.97732162475586 -1.2219395637512207 80.393798828125
v -22.03200340270996 -0.8270525336265564 80.86314392089844
v -21.66779327392578 -10.327433586120605 16.340267181396484
v -21.769315719604492 -9.907952308654785 15.528186798095703
v -21.734085083007812 -10.617647171020508 15.330490112304688
v -21.46817970275879 -11.038805961608887 15.880374908447266
v -21.394996643066406 -10.806510925292969 16.61711883544922
v -21.62224578857422 -7.445817470550537 34.51398468017578
v -22.28168296813965 -8.150224685668945 34.045143127441406
v -22.36417007446289 -7.8798441886901855 34.31417465209961
v -22.587491989135742 -7.1343889236450195 34.30886459350586
v -22.120256423950195 -7.072165012359619 34.638694763183594
v -21.914472579956055 -6.544785022735596 34.906639099121094
v -21.67391586303711 -7.191938877105713 34.771820068359375
v -21.957571029663086 -6.6733503341674805 34.84129333496094
v -20.682662963867188 -7.511573791503906 35.592185974121094
v -22.120256423950195 -7.072165012359619 34.638694763183594
v -22.049165725708008 -6.929093360900879 34.714210510253906
v -20.590938568115234 -11.067204475402832 13.032875061035156
v -19.858421325683594 -11.753348350524902 13.639789581298828
v -20.679731369018555 -11.044395446777344 13.051132202148438
v -20.99405288696289 -11.067058563232422 13.257549285888672
v -20.84914207458496 -10.710455894470215 12.935173034667969
v -19.768878936767578 -3.270505666732788 86.65879821777344
v -19.50972557067871 -3.136018991470337 85.51791381835938
v -19.473201751708984 -3.6401565074920654 85.60762786865234
v -20.90123176574707 -8.31824016571045 32.465179443359375
v -21.501068115234375 -8.818390846252441 32.33600616455078
v -21.275632858276367 -8.187394142150879 32.6038818359375
v -20.888851165771484 -8.016486167907715 32.76946258544922
v -20.419721603393555 -8.431276321411133 32.565765380859375
v -18.795225143432617 -4.926807880401611 86.11294555664062
v -19.858898162841797 -3.1784827709198 84.62455749511719
v -19.643484115600586 -2.0048747062683105 87.80944061279297
v -19.532752990722656 -3.657667398452759 86.8472671508789
v -19.19985008239746 -2.1573967933654785 86.17520904541016
v -19.686620712280273 -2.8638486862182617 88.046142578125
v -18.699607849121094 -4.007769584655762 88.55369567871094
v -20.002893447875977 -1.9605036973953247 89.06002044677734
v -20.535219192504883 -2.3329973220825195 89.79754638671875
v -20.22359848022461 -2.099989652633667 89.41875457763672
v -19.04258155822754 -4.207448482513428 86.28141021728516
v -16.2871150970459 -5.531144618988037 91.49163818359375
v -16.598684310913086 -5.6572771072387695 90.340087890625
v -15.780716896057129 -6.082831859588623 92.34723663330078
v -14.14060115814209 -7.966504096984863 91.67546081542969
v -14.19672679901123 -7.678262710571289 91.78248596191406
v -14.247661590576172 -7.891036510467529 91.43400573730469
v -14.260573387145996 -7.481454849243164 91.90709686279297
v -14.222817420959473 -7.575273513793945 91.85066223144531
v -14.325215339660645 -10.890359878540039 90.42170715332031
v -14.53670597076416 -11.177613258361816 89.29692840576172
v -13.633275032043457 -11.56342887878418 90.28727722167969
v -14.780667304992676 -10.059470176696777 90.40892028808594
v -15.071826934814453 -9.937687873840332 89.55400085449219
v -14.394033432006836 -15.20121955871582 17.714649200439453
v -13.866079330444336 -15.567621231079102 16.61126708984375
v -13.510076522827148 -14.714468002319336 18.07778549194336
v -12.073488235473633 -19.26641082763672 84.12696838378906
v -12.300166130065918 -18.91383934020996 84.43536376953125
v -12.513921737670898 -18.428142547607422 83.97830963134766
v -12.251569747924805 -18.458648681640625 84.49795532226562
v -11.87848949432373 -17.663557052612305 84.17766571044922
v -14.359253883361816 -16.082035064697266 83.74913024902344
v -11.693422317504883 -18.078371047973633 83.02908325195312
v -11.907981872558594 -17.92888069152832 83.50621032714844
v -8.81385612487793 -19.872825622558594 85.183349609375
v -8.687230110168457 -18.817983627319336 85.43655395507812
v -9.411367416381836 -19.35820198059082 85.3536376953125
v -7.471031665802002 -1.111327052116394 96.62431335449219
v -6.944794178009033 -0.43453046679496765 96.2829818725586
v -7.763482570648193 -1.554448127746582 96.62744140625
v -7.148990154266357 0.3172302544116974 95.81158447265625
v -7.922666549682617 0.0659869834780693 95.75007629394531
v -7.6154351234436035 -3.3135836124420166 96.79510498046875
v -7.559959411621094 -1.7362329959869385 97.3140869140625
v -7.045690059661865 -2.579939842224121 97.72802734375
v -7.960616111755371 -1.9683337211608887 96.67822265625
v -6.839738845825195 -20.052766799926758 84.36416625976562
v -6.384944915771484 -20.22838020324707 82.80335235595703
v -6.317986488342285 -19.73834800720215 84.94953155517578
v -7.015406131744385 -20.17632484436035 83.28783416748047
v -7.587202548980713 -20.313705444335938 84.40371704101562
v -6.629824638366699 -20.59368133544922 70.6071548461914
v -4.102746963500977 -21.828102111816406 71.70565032958984
v -5.365997314453125 -20.58025360107422 71.83218383789062
v -5.98292875289917 -19.592632293701172 71.55810546875
v -5.412318706512451 -20.28413200378418 72.36058044433594
v -5.601020812988281 -20.010848999023438 73.73455810546875
v -5.766757488250732 -19.30766487121582 72.71119689941406
v -5.105908393859863 -0.7460662126541138 97.86546325683594
v -6.392452716827393 -0.6421212553977966 97.3978271484375
v -5.9392008781433105 -0.6680330038070679 98.06573486328125
v -5.635967254638672 -1.8526291847229004 98.28923034667969
v -5.282913684844971 -1.5012372732162476 98.34307861328125
v -5.691967964172363 -1.083193302154541 98.34838104248047
v -5.136223793029785 -1.0806877613067627 98.27500915527344
v -4.254162311553955 -1.7680542469024658 98.83992767333984
v -4.543107986450195 -1.227164626121521 98.79550170898438
v -4.744535446166992 -0.7772710919380188 98.32489013671875
v -4.5615105628967285 -0.5688716173171997 98.66841888427734
v -4.2733306884765625 -0.35723674297332764 97.85429382324219
v -3.528444528579712 2.6752877235412598 103.15678405761719
v -3.444800853729248 2.929154634475708 103.17521667480469
v -3.706077814102173 2.644807815551758 102.87501525878906
v -3.593024730682373 -22.59308624267578 64.34819793701172
v -4.095791816711426 -22.755258560180664 65.70926666259766
v -5.300235271453857 -22.939388275146484 65.9729232788086
v -2.7994258403778076 -22.70229721069336 65.36091613769531
v -2.9751877784729004 -22.445819854736328 66.50162506103516
v -3.5100321769714355 -22.361459732055664 66.27047729492188
v -3.230839252471924 -22.290658950805664 66.31722259521484
v -2.711185932159424 -22.1854248046875 66.31464385986328
v -3.257991313934326 2.8700551986694336 103.23185729980469
v -2.8330187797546387 2.543898344039917 102.74748229980469
v -3.01108455657959 2.6701090335845947 102.72020721435547
v -1.605014681816101 3.222864866256714 57.39337158203125
v -3.8693408966064453 3.0165505409240723 57.4619255065918
v -0.25259819626808167 3.949674129486084 57.58102798461914
v -1.4540807008743286 26.111692428588867 32.11382293701172
v -1.3749886751174927 25.87115478515625 31.520788192749023
v -1.7108006477355957 25.701152801513672 31.88581657409668
v -1.9599871635437012 25.353670120239258 32.54764175415039
v -0.7590963244438171 10.19877815246582 92.0219497680664
v 1.5806764364242554 11.117733001708984 91.03472900390625
v 0.6495023369789124 12.259800910949707 89.69481658935547
v -0.47489994764328003 -0.7568334341049194 98.98859405517578
v 0.2906171977519989 -0.7894280552864075 98.89295959472656
v -0.17399902641773224 -0.4642500877380371 98.77002716064453
v -0.41200119256973267 -0.418670654296875 98.91032409667969
v -1.0902739763259888 0.0805569514632225 99.77523040771484
v 0.660814106464386 -0.45390060544013977 98.96880340576172
v 0.9563659429550171 0.003574457485228777 98.79424285888672
v 0.27992773056030273 -0.34032300114631653 98.53245544433594
v 2.5084757804870605 0.21613335609436035 97.20958709716797
v -0.45688116550445557 -0.12011025100946426 97.51688385009766
v 1.4134759902954102 0.021608350798487663 98.10865020751953
v 0.583304762840271 -1.027382731437683 98.97750854492188
v 2.3573930263519287 -3.1564314365386963 98.58324432373047
v 1.0358604192733765 -0.6835363507270813 99.34262084960938
v 1.123445987701416 -22.764909744262695 66.07573699951172
v 2.7280397415161133 -22.729454040527344 65.3266372680664
v 1.3765239715576172 -22.724727630615234 66.05811309814453
v 0.6691346764564514 -22.809656143188477 66.16291809082031
v 1.3765239715576172 -22.724727630615234 66.05811309814453
v 2.517888069152832 -22.360843658447266 66.15864562988281
v 3.4711458683013916 2.9201900959014893 103.15185546875
v 3.5990443229675293 1.9905954599380493 102.532958984375
v 3.753605365753174 2.402020215988159 102.68000030517578
v 3.2337069511413574 -22.378076553344727 66.22644805908203
v 4.656180381774902 -22.966793060302734 65.67432403564453
v 4.175882339477539 -23.338253021240234 65.871826171875
v 3.844000816345215 -22.99981689453125 65.8426742553711
v 4.655691623687744 -23.44137191772461 66.26495361328125
v 6.276439189910889 -22.068119049072266 69.56500244140625
v 6.812050819396973 -20.806161880493164 70.39049530029297
v 5.266086101531982 -20.948177337646484 71.40425109863281
v 1.984480619430542 -24.827701568603516 70.05724334716797
v 4.787618160247803 -0.6965840458869934 98.33805847167969
v 4.015250205993652 -0.20872995257377625 97.43588256835938
v 4.122204303741455 -0.19647082686424255 98.00309753417969
v 5.246391296386719 -1.571885108947754 98.47775268554688
v 5.864681720733643 -1.4643689393997192 98.49049377441406
v 5.3524956703186035 -0.9108644723892212 98.20518493652344
v 6.546926498413086 -2.260855197906494 98.14338684082031
v 6.011776447296143 -3.3868768215179443 97.592041015625
v 6.576012134552002 -0.6229201555252075 97.65206909179688
v 7.247021675109863 -0.6658376455307007 96.28205871582031
v 5.2883992195129395 -0.41534584760665894 96.99143981933594
v 6.669157981872559 -0.522011935710907 99.20133972167969
v 7.137805938720703 -0.2769046127796173 99.38525390625
v 6.875825881958008 -0.1756954938173294 99.01856994628906
v 8.401579856872559 -18.867788314819336 85.51795959472656
v 7.114494800567627 -19.065685272216797 85.89495086669922
v 7.159679412841797 -19.760150909423828 84.92719268798828
v 6.214699745178223 -19.915245056152344 84.632568359375
v 7.047049045562744 -20.072851181030273 84.48186492919922
v 7.956976413726807 -20.458477020263672 84.21565246582031
v 8.19560718536377 -20.3394718170166 84.59056091308594
v 7.060031414031982 -2.8979413509368896 97.31525421142578
v 6.549398422241211 -5.143287658691406 96.62451171875
v 7.529989719390869 -3.1747400760650635 96.84491729736328
v 7.7226033210754395 -2.009398937225342 96.794921875
v 7.401414394378662 -2.1211752891540527 97.29295349121094
v 7.498039245605469 -1.5730347633361816 97.08686828613281
v 7.384149551391602 -1.7579033374786377 97.89954376220703
v 7.289702415466309 -0.2189801037311554 99.25874328613281
v 7.255794048309326 -0.8858041763305664 99.0425796508789
v 7.570777893066406 -13.531184196472168 93.28971099853516
v 6.659513473510742 -14.855170249938965 92.6168212890625
v 8.394609451293945 -15.729530334472656 90.47377014160156
v 8.924447059631348 2.0752718448638916 94.7288818359375
v 7.274106025695801 0.38476431369781494 95.73011016845703
v 7.986001014709473 -1.4056726694107056 96.45198059082031
v 9.574462890625 -20.017269134521484 84.96593475341797
v 10.949695587158203 -19.314613342285156 85.03012084960938
v 10.038607597351074 -19.46784782409668 85.23619842529297
v 8.788479804992676 -19.890840530395508 85.11160278320312
v 14.639528274536133 -15.578125 84.34430694580078
v 12.14860725402832 -17.79099464416504 83.59105682373047
v 14.39872932434082 -16.755104064941406 81.96461486816406
v 11.371753692626953 -18.438812255859375 83.03878784179688
v 10.888667106628418 -18.598297119140625 82.58737182617188
v 12.600566864013672 -18.57347297668457 84.19818115234375
v 12.460359573364258 -18.878921508789062 83.9671859741211
v 12.508177757263184 -18.67361831665039 83.83167266845703
v 12.230445861816406 -18.883283615112305 83.65049743652344
v 14.381922721862793 -10.859619140625 90.3599624633789
v 12.588302612304688 -12.336705207824707 90.41828918457031
v 14.772528648376465 -10.744569778442383 89.36090087890625
v 14.048526763916016 -11.20904541015625 90.88756561279297
v 13.093823432922363 -11.905447006225586 90.52217102050781
v 15.699677467346191 -14.867345809936523 16.91488265991211
v 15.033123970031738 -15.669330596923828 16.114360809326172
v 15.277793884277344 -15.586991310119629 15.328727722167969
v 14.901216506958008 -15.186049461364746 17.68115997314453
v 15.43089485168457 -15.083080291748047 17.258522033691406
v 15.488237380981445 -5.3615193367004395 93.12770080566406
v 16.1097354888916 -5.016727447509766 93.02757263183594
v 16.154878616333008 -4.515733242034912 92.67815399169922
v 15.288718223571777 -5.795630931854248 92.90789794921875
v 17.06485939025879 -5.0245361328125 93.08930969238281
v 15.41413688659668 -5.483872413635254 93.09786224365234
v 15.17054271697998 -6.025721549987793 92.75907135009766
v 15.241268157958984 -5.9054083824157715 92.83455657958984
v 16.811508178710938 -5.014027118682861 93.12967681884766
v 16.715953826904297 -4.846446514129639 92.68270111083984
v 16.2042236328125 -4.411962032318115 92.44784545898438
v 17.532434463500977 -13.778450965881348 13.055992126464844
v 17.357784271240234 -14.298412322998047 13.718395233154297
v 17.055692672729492 -13.826007843017578 13.045639038085938
v 17.027456283569336 -5.175125598907471 92.89601135253906
v 16.34139060974121 -5.211248874664307 91.5714111328125
v 17.116214752197266 -4.6872968673706055 19.970195770263672
v 20.131053924560547 -8.716429710388184 18.350975036621094
v 17.619714736938477 -4.399023532867432 19.131622314453125
v 16.300552368164062 -2.7611334323883057 20.402881622314453
v 20.34943389892578 -9.345022201538086 38.83412551879883
v 20.840869903564453 -9.820807456970215 40.04615020751953
v 19.98072624206543 -9.406157493591309 39.22632598876953
v 19.83907699584961 -9.078439712524414 39.126583099365234
v 19.84166145324707 -9.011194229125977 39.117767333984375
v 20.845596313476562 -8.003500938415527 32.772796630859375
v 20.193655014038086 -8.08945369720459 33.19389724731445
v 21.004703521728516 -7.736835479736328 33.27416229248047
v 20.670166015625 -7.718934059143066 34.877281188964844
v 21.33946990966797 -7.897093296051025 32.99677276611328
v 19.837724685668945 -8.732329368591309 32.810325622558594
v 20.08907127380371 -2.547609329223633 88.94850158691406
v 19.732770919799805 -1.64755380153656 88.53474426269531
v 19.98952865600586 -2.2132551670074463 89.30952453613281
v 19.7487735748291 -2.0269522666931152 89.4202880859375
v 20.972225189208984 -10.911684036254883 17.40243148803711
v 18.246841430664062 -12.109478950500488 18.995830535888672
v 19.698848724365234 -12.100314140319824 17.38399887084961
v 20.62972640991211 -2.447845220565796 89.94542694091797
v 19.37936019897461 -2.5165789127349854 89.99740600585938
v 19.482553482055664 -3.19661021232605 89.7519760131836
v 21.222349166870117 -7.464449882507324 34.525367736816406
v 21.728622436523438 -6.504877090454102 35.03363800048828
v 21.960500717163086 -7.436391830444336 34.409523010253906
v 22.629377365112305 -7.291857719421387 34.240966796875
v 21.864194869995117 -7.569735527038574 34.254520416259766
v 22.476778030395508 -8.270889282226562 34.10569763183594
v 22.145788192749023 -8.661090850830078 32.893699645996094
v 22.525367736816406 -8.123583793640137 34.20198059082031
v 22.476778030395508 -8.270889282226562 34.10569763183594
v 21.903451919555664 1.1239936351776123 79.39603424072266
v 20.561506271362305 3.485093593597412 81.35520935058594
v 21.76093101501465 0.7708026170730591 80.42317199707031
v 21.714054107666016 1.136942744255066 81.22492980957031
v 20.824012756347656 3.0135397911071777 82.70087432861328
v 21.9454288482666 -0.25068628787994385 80.27912902832031
v 22.70734405517578 -1.214969515800476 78.40451049804688
v 21.58140754699707 -10.58653736114502 37.407833099365234
v 23.614608764648438 -9.708581924438477 38.50934600830078
v 22.584386825561523 -9.2838134765625 39.82427215576172
v 21.72281265258789 -9.504807472229004 39.39812469482422
v 23.206937789916992 -8.127823829650879 41.50075149536133
v 22.037700653076172 -9.304564476013184 40.52389907836914
v 23.006460189819336 -2.2143046855926514 63.820674896240234
v 23.248777389526367 -1.7799980640411377 65.27799224853516
v 24.038890838623047 -2.5727813243865967 64.73747253417969
v 24.360702514648438 -1.7618112564086914 62.98686981201172
v 23.68293571472168 -2.079174757003784 63.1454963684082
v 24.5458984375 -1.8251044750213623 63.07013702392578
v 23.8651180267334 -2.0703229904174805 63.32791519165039
v 23.928152084350586 -2.7340357303619385 63.81547546386719
v 24.046598434448242 -2.4397294521331787 63.36081314086914
v 24.52310562133789 -1.8465396165847778 31.54460334777832
v 25.496912002563477 -2.3956780433654785 31.876646041870117
v 24.912260055541992 -2.325908899307251 31.36282730102539
v 25.109827041625977 -1.4527615308761597 32.49110794067383
v 25.450111389160156 -2.9067113399505615 106.80720520019531
v 25.1097354888916 -2.0055534839630127 105.52091979980469
v 24.135164260864258 -1.886487603187561 105.66947174072266
v 25.155364990234375 -1.4227120876312256 75.13935852050781
v 26.506610870361328 -1.717703938484192 74.57904815673828
v 26.226266860961914 -1.0148866176605225 74.45989990234375
v 25.058292388916016 -2.00603985786438 75.41817474365234
v 25.193389892578125 -1.0181523561477661 74.79861450195312
v 23.914552688598633 -0.6031476855278015 76.07898712158203
v 23.963613510131836 -2.04032564163208 76.58202362060547
v 25.538053512573242 -1.9619548320770264 67.05681610107422
v 24.254194259643555 -1.2952815294265747 67.97586059570312
v 25.59681510925293 -1.4350464344024658 68.84609985351562
v 24.645889282226562 -2.407724618911743 65.34451293945312
v 26.15119743347168 -1.4587912559509277 68.10474395751953
v 26.48861312866211 -1.4834424257278442 69.7078857421875
v 26.90443992614746 -1.0178338289260864 68.6485595703125
v 26.285856246948242 -1.9338306188583374 67.62210083007812
v 25.94962501525879 -2.2631494998931885 67.07738494873047
v 24.01998519897461 0.9877709746360779 72.51339721679688
v 23.671382904052734 1.4926775693893433 73.75130462646484
v 23.544404983520508 1.2555418014526367 74.96748352050781
v 25.303667068481445 -0.4291065037250519 72.33828735351562
v 24.806303024291992 -0.11907824873924255 74.00790405273438
v 25.140460968017578 -0.24279700219631195 73.49906921386719
v 26.10249137878418 -0.5559443235397339 73.8752670288086
v 27.851543426513672 0.02893558144569397 73.472900390625
v 26.082637786865234 -0.4138580560684204 73.2713851928711
v 25.59562873840332 -1.9154558181762695 66.26959991455078
v 25.945323944091797 -2.0491316318511963 66.59609985351562
v 26.115169525146484 -0.5114172697067261 72.61433410644531
v 26.724321365356445 -1.60332453250885 70.78765106201172
v 25.350120544433594 -1.2812092304229736 70.013671875
v 26.418304443359375 -1.6360710859298706 70.29527282714844
v 26.077730178833008 -2.597614288330078 66.7844467163086
v 26.057374954223633 -2.2695767879486084 66.74095916748047
v 26.365800857543945 -2.8490073680877686 67.49824523925781
v 26.067996978759766 -3.012582540512085 66.43923950195312
v 27.11821174621582 -1.89460027217865 70.9583740234375
v 26.8922176361084 -2.706247568130493 70.46952819824219
v 27.181730270385742 -1.2389100790023804 71.38179779052734
v 26.918697357177734 -2.1476402282714844 70.12328338623047
v 26.57062339782715 -3.9075188636779785 70.1176986694336
v 26.89422035217285 -3.6191582679748535 69.32920837402344
v 27.03785514831543 -2.969062328338623 69.93923950195312
v 29.8914737701416 0.7276681065559387 73.86019134521484
v 30.05341339111328 0.7788397669792175 73.63114929199219
v 29.90341567993164 0.8183542490005493 73.58848571777344
v -22.896259307861328 -7.420743465423584 32.130592346191406
v -22.98363494873047 -7.622295379638672 32.710853576660156
v -23.34339141845703 -8.057884216308594 32.250885009765625
v -23.199628829956055 -7.563666820526123 31.571550369262695
v -24.284103393554688 -9.769105911254883 37.5650634765625
v -24.95352554321289 -9.55374526977539 36.4171142578125
v -23.801847457885742 -9.43327522277832 38.89612579345703
v -22.5178279876709 -10.386567115783691 37.71071243286133
v -22.078285217285156 -11.021707534790039 35.66535186767578
v -22.439496994018555 -10.795042991638184 36.580318450927734
v -21.979543685913086 -9.313858032226562 40.172035217285156
v -21.314258575439453 -9.504566192626953 39.507659912109375
v -20.0966739654541 -9.933882713317871 32.45844268798828
v -19.64826774597168 -9.9296236038208 32.78816223144531
v -19.760986328125 -10.458879470825195 33.11351776123047
v -20.683435440063477 -10.732733726501465 32.956298828125
v -19.428890228271484 -9.024529457092285 33.934207916259766
v -19.38748550415039 -9.568851470947266 34.476951599121094
v -19.41856575012207 -9.25737190246582 33.07525634765625
v -19.324724197387695 -9.647354125976562 33.412086486816406
v -19.748302459716797 -9.58917236328125 32.61205291748047
v -19.829492568969727 -8.913614273071289 32.701072692871094
v -19.816986083984375 -8.361454010009766 37.411163330078125
v -19.94430923461914 -8.226062774658203 36.69556427001953
v -19.3286075592041 -6.686618804931641 37.68865966796875
v -18.863317489624023 -4.009722709655762 60.013755798339844
v -16.772855758666992 -1.1046255826950073 59.4046630859375
v -17.776369094848633 -5.618460178375244 59.24909210205078
v -16.553123474121094 -6.9362969398498535 58.62918472290039
v -17.29928970336914 -8.938565254211426 58.84312438964844
v -16.356088638305664 -6.114150524139404 89.52864074707031
v -18.924646377563477 -3.4549593925476074 89.91865539550781
v -16.94016456604004 -5.123522758483887 90.5133056640625
v -14.797199249267578 -19.168821334838867 66.5325927734375
v -17.812131881713867 -17.008975982666016 66.87545013427734
v -17.102994918823242 -17.594158172607422 65.12530517578125
v -14.122566223144531 -14.709809303283691 12.87240982055664
v -13.901214599609375 -15.054702758789062 13.108509063720703
v -14.504744529724121 -15.200545310974121 13.069725036621094
v -13.194171905517578 -14.726325988769531 13.432201385498047
v -13.812864303588867 -15.383584976196289 13.690013885498047
v -14.313379287719727 -15.601480484008789 13.854740142822266
v -15.192840576171875 -15.060998916625977 13.3126220703125
v -14.984576225280762 -14.847414016723633 13.056072235107422
v -11.318032264709473 -18.345251083374023 82.76902770996094
v -11.979166030883789 -18.32787322998047 79.23924255371094
v -11.701790809631348 -18.426328659057617 79.26879119873047
v -10.572328567504883 -10.419794082641602 19.456623077392578
v -11.869489669799805 -13.54356861114502 17.415653228759766
v -9.165665626525879 -9.906599998474121 18.30899429321289
v -9.691832542419434 -20.24563217163086 83.60111236572266
v -11.110603332519531 -19.570337295532227 83.4736099243164
v -9.622276306152344 -19.211380004882812 82.4041976928711
v -6.123624801635742 -20.416324615478516 79.86831665039062
v -7.847955226898193 -20.47150993347168 83.84358215332031
v -8.062735557556152 -20.351726531982422 83.30418395996094
v -2.2450742721557617 -24.924318313598633 69.72864532470703
v -2.132812976837158 -24.936378479003906 69.91778564453125
v -2.785555124282837 -24.40933609008789 69.70691680908203
v -2.0009765625 -24.951618194580078 70.08777618408203
v -2.262208938598633 -24.15915298461914 70.57095336914062
v -1.4425764083862305 -23.087142944335938 71.91969299316406
v -2.9738097190856934 -21.754302978515625 73.28438568115234
v -2.965568780899048 -22.618911743164062 71.70652770996094
v -0.35879969596862793 -25.02505874633789 70.7138671875
v -1.0229500532150269 -22.775428771972656 63.31537628173828
v -0.5085673928260803 -23.068889617919922 64.9598617553711
v -0.6908411979675293 26.079008102416992 31.16916275024414
v 0.5526403188705444 25.649188995361328 30.811864852905273
v -0.6069775223731995 25.427234649658203 30.646320343017578
v 0.04644256457686424 23.910144805908203 30.19647979736328
v -1.0772736072540283 24.955291748046875 30.670761108398438
v -1.4686272144317627 -24.899179458618164 66.27391052246094
v 0.2027154266834259 -24.94739532470703 66.44334411621094
v 0.5206434726715088 -25.369909286499023 67.54341125488281
v 1.9462796449661255 25.353870391845703 32.65789794921875
v 1.5912264585494995 25.909090042114258 31.95730972290039
v 1.3438661098480225 26.200803756713867 32.30181884765625
v 1.5311444997787476 25.873493194580078 32.944610595703125
v 1.962395191192627 25.032133102416992 31.716995239257812
v 1.398345708847046 25.77121925354004 31.465272903442383
v 8.244049072265625 -19.949459075927734 82.67034149169922
v 6.25383186340332 -20.257272720336914 83.37195587158203
v 6.792019367218018 -20.182035446166992 82.15916442871094
v 11.025144577026367 -19.560749053955078 83.43959045410156
v 10.422833442687988 -20.02391242980957 83.69627380371094
v 8.971774101257324 -20.317138671875 83.39524841308594
v 12.825122833251953 -18.002647399902344 79.2112808227539
v 13.092958450317383 -17.902008056640625 79.14315795898438
v 13.344794273376465 -17.808494567871094 79.04246520996094
v 11.842748641967773 -19.303808212280273 84.46826934814453
v 11.502645492553711 -19.613630294799805 84.19641876220703
v 10.893016815185547 -19.861988067626953 84.49169921875
v 12.458745002746582 -9.84707260131836 57.55817413330078
v 14.108421325683594 -6.290716171264648 58.03260803222656
v 15.55437183380127 -8.969664573669434 58.202484130859375
v 13.722200393676758 -4.397109031677246 58.11438751220703
v 17.244203567504883 -8.143099784851074 58.810157775878906
v 14.692208290100098 -17.724851608276367 74.6080093383789
v 13.559466361999512 -17.629241943359375 76.51190185546875
v 13.584200859069824 -18.371402740478516 74.85279846191406
v 15.295012474060059 -14.740646362304688 13.219451904296875
v 15.59448528289795 -14.616576194763184 13.867870330810547
v 15.287765502929688 -15.202072143554688 13.554969787597656
v 14.985025405883789 -15.233729362487793 13.229068756103516
v 14.804238319396973 -14.884673118591309 12.979297637939453
v 14.925683975219727 -15.523609161376953 13.697280883789062
v 14.394826889038086 -15.176604270935059 13.068931579589844
v 16.00889778137207 -6.29043436050415 90.18905639648438
v 19.662750244140625 -3.3656318187713623 87.03305053710938
v 19.670747756958008 -9.291038513183594 83.22415161132812
v 22.98128318786621 -9.414320945739746 75.9225845336914
v 20.984840393066406 -8.859224319458008 80.8299789428711
v 22.24565315246582 -10.857263565063477 36.57172775268555
v 24.67869758605957 -9.684536933898926 36.932071685791016
v 22.99431610107422 -9.054056167602539 34.36442184448242
v 23.129432678222656 -8.779569625854492 34.3131103515625
v 23.478403091430664 -9.50999641418457 34.72521209716797
v 24.187076568603516 -9.124710083007812 33.83940124511719
v 24.01915740966797 -9.85011100769043 35.329872131347656
v 24.88286018371582 -9.620668411254883 35.87615203857422
v 23.04926872253418 -10.143176078796387 35.05541229248047
v 23.260738372802734 -10.39282512664795 36.05299377441406
v 22.483396530151367 -3.937800884246826 63.01827621459961
v 26.22906494140625 -2.7974209785461426 65.55030822753906
v 24.17951202392578 -4.499882698059082 65.20901489257812
v 25.096405029296875 -3.205711841583252 65.11283111572266
v 25.719871520996094 -7.3302903175354 31.808448791503906
v 26.28868865966797 -6.539529800415039 32.411041259765625
v 26.041120529174805 -7.392899513244629 32.41273498535156
v 25.585681915283203 -8.400552749633789 32.73332595825195
v 25.024873733520508 -5.427124500274658 67.94839477539062
v 26.235904693603516 -4.078060626983643 106.97734069824219
v 25.95306968688965 -4.1935601234436035 107.35214233398438
v 26.04720687866211 -4.337459087371826 107.08563232421875
v 29.195106506347656 -0.6920057535171509 72.37608337402344
v 27.283950805664062 -3.4875471591949463 71.88770294189453
v 27.24837875366211 -2.7813045978546143 71.17169952392578
v 27.46763801574707 -1.3250579833984375 66.05628204345703
v 27.597232818603516 -1.210214376449585 65.81846618652344
v 27.99936866760254 -0.42566415667533875 65.78826141357422
v 1.931656002998352 23.865558624267578 33.77771759033203
v 1.156089425086975 21.9451904296875 34.694156646728516
v 2.0383830070495605 21.40300750732422 34.066680908203125
v 2.1903939247131348 21.507549285888672 33.81730651855469
v 2.4421920776367188 23.12919044494629 32.90752029418945
v 2.177370071411133 24.17767906188965 33.21393585205078
v 0.3717729449272156 23.517597198486328 34.74207305908203
v 0.9325992465019226 22.137971878051758 34.7648811340332
v 1.0691921710968018 24.515993118286133 34.30615234375
v 0.4166218340396881 22.65380859375 34.819793701171875
v 0.9449129104614258 25.896739959716797 33.63136291503906
v 1.6678376197814941 25.419143676757812 33.29853820800781
v 0.787705659866333 26.45024871826172 32.726356506347656
v -0.0020126625895500183 26.33273696899414 33.44975280761719
v 0.23678715527057648 26.60765266418457 32.46952819824219
v -0.6782709360122681 26.486099243164062 32.83660888671875
v -0.8088912963867188 26.496511459350586 32.481075286865234
v -1.4990172386169434 25.985918045043945 32.85216522216797
v -2.239298105239868 24.02249526977539 33.09770202636719
v -2.2285830974578857 21.495243072509766 33.730674743652344
v -1.7954580783843994 24.373167037963867 33.75682067871094
v -0.8635222911834717 24.11365509033203 34.505531311035156
v -0.7986066937446594 25.44591522216797 34.07392883300781
v -1.287391185760498 23.4669132232666 34.43247985839844
v -0.7372909188270569 22.501811981201172 34.79133605957031
v -0.8611313104629517 22.349925994873047 34.76948547363281
v 0.4166218340396881 22.65380859375 34.819793701171875
v -2.51613187789917 21.720212936401367 32.964385986328125
v -2.4615535736083984 22.992494583129883 32.134910583496094
v -2.2303526401519775 23.942365646362305 31.699453353881836
v -1.8996477127075195 23.598535537719727 31.0107421875
v -2.3425326347351074 21.180923461914062 31.38884162902832
v -2.0838663578033447 24.81136703491211 31.86595916748047
v -1.6010040044784546 25.26744270324707 31.26469612121582
v -1.5413554906845093 23.368789672851562 30.65216064453125
v -1.6447265148162842 23.232013702392578 30.717178344726562
v -0.35455554723739624 26.50107192993164 31.755308151245117
v 0.8395195007324219 26.369911193847656 31.791662216186523
v 0.2646379768848419 26.3040714263916 31.342021942138672
v 1.0602091550827026 24.645328521728516 30.596851348876953
v -1.8286000490188599 22.776212692260742 30.835031509399414
v -1.7283692359924316 23.045000076293945 30.767719268798828
v 2.1988277435302734 24.101348876953125 31.66212272644043
v 2.4854328632354736 21.475475311279297 31.84907341003418
v 2.41902756690979 21.622655868530273 31.650163650512695
v 2.2672760486602783 24.45625114440918 32.420745849609375
v 2.458181858062744 23.089160919189453 32.066429138183594
v 2.572744607925415 21.311391830444336 33.007286071777344
v 2.5884785652160645 21.528085708618164 32.63593292236328
v 14.820114135742188 -2.3515496253967285 33.52345275878906
v 14.682685852050781 -0.7297419905662537 32.810096740722656
v 14.103852272033691 -0.9607189297676086 34.83818054199219
v 14.534470558166504 -4.328478813171387 35.3814697265625
v 14.5645112991333 -5.721746444702148 35.382568359375
v 14.568239212036133 -5.154568195343018 34.9095573425293
v 14.842222213745117 -2.691856861114502 33.62872314453125
v 15.427457809448242 -2.258798599243164 34.5206413269043
v 14.949119567871094 -0.5410226583480835 34.44999694824219
v 16.201534271240234 -4.140003204345703 33.998497009277344
v 15.28567123413086 -4.822890281677246 34.955955505371094
v 15.298178672790527 -3.190169095993042 34.81733703613281
v 15.40970230102539 -2.4161813259124756 34.574920654296875
v 15.377182960510254 -2.5880849361419678 34.64176940917969
v 14.802095413208008 -2.230067729949951 35.08697509765625
v 14.492380142211914 -1.6514029502868652 35.13424301147461
v 14.796797752380371 -2.058574676513672 35.051265716552734
v 14.62850284576416 -3.189955711364746 35.34918212890625
v 14.094056129455566 -0.3880664110183716 34.88508605957031
v 14.575247764587402 -4.242550373077393 35.404052734375
v 16.63006019592285 -4.480790615081787 20.446514129638672
v 15.035118103027344 -0.40007248520851135 19.964218139648438
v 15.86439037322998 -1.6132937669754028 20.342540740966797
v 15.93603801727295 -1.7648277282714844 20.342941284179688
v 16.078838348388672 -2.108344316482544 20.361785888671875
v 16.228761672973633 -2.5241730213165283 20.392574310302734
v 15.972773551940918 -7.914516448974609 20.962692260742188
v 16.299293518066406 -7.522013187408447 20.64969253540039
v 16.56596565246582 -5.418638706207275 20.693435668945312
v 19.184444427490234 -9.16230297088623 19.2071533203125
v 20.916961669921875 -8.851127624511719 17.300559997558594
v 20.979543685913086 -8.073250770568848 15.608978271484375
v 19.480546951293945 -5.900379657745361 16.907840728759766
v 21.561676025390625 -9.261027336120605 15.430133819580078
v 21.709089279174805 -10.386363983154297 15.767681121826172
v 21.728364944458008 -10.433259963989258 14.854854583740234
v 21.643146514892578 -9.877664566040039 14.301837921142578
v 21.258480072021484 -9.622893333435059 13.462039947509766
v 21.407913208007812 -8.989269256591797 14.611915588378906
v 21.542709350585938 -10.667022705078125 14.031482696533203
v 21.215471267700195 -11.301290512084961 14.39870834350586
v 19.647294998168945 -11.68355941772461 13.357810974121094
v 20.86509132385254 -11.02756118774414 13.203441619873047
v 16.541709899902344 -13.661500930786133 13.179367065429688
v 15.734773635864258 -13.381587028503418 13.957073211669922
v 16.148710250854492 -13.14519214630127 13.313102722167969
v 16.42829704284668 -13.156943321228027 13.09365463256836
v 16.32756233215332 -13.119816780090332 13.150558471679688
v 15.922331809997559 -14.054059982299805 14.945220947265625
v 15.698620796203613 -13.96906852722168 14.24161148071289
v 16.58076286315918 -14.081788063049316 13.74831771850586
v 15.671549797058105 -15.15314769744873 15.321880340576172
v 14.48188304901123 -15.866783142089844 15.33969497680664
v 14.420040130615234 -15.727612495422363 14.106575012207031
v 14.021718978881836 -15.798893928527832 15.62271499633789
v 13.393935203552246 -15.466504096984863 15.142505645751953
v 13.981267929077148 -15.57175350189209 13.928150177001953
v 13.913695335388184 -14.482961654663086 12.852169036865234
v 13.462753295898438 -14.827248573303223 13.239025115966797
v 12.779363632202148 -13.445136070251465 13.112167358398438
v 9.382928848266602 -9.678484916687012 13.550525665283203
v 18.10409927368164 -4.723923206329346 13.56463623046875
v 20.341211318969727 -7.356652736663818 14.080986022949219
v 19.551654815673828 -5.7643537521362305 14.827457427978516
v 18.956209182739258 -5.387108325958252 13.908233642578125
v 17.947223663330078 -3.4107699394226074 16.351661682128906
v 16.65213394165039 -1.7128037214279175 15.980064392089844
v 15.389907836914062 -0.4111787676811218 17.713115692138672
v 14.000079154968262 0.8489370346069336 20.224597930908203
v 13.145132064819336 1.223042368888855 19.719257354736328
v 14.730829238891602 0.1289009153842926 20.28372573852539
v 15.490336418151855 -8.88150691986084 21.29384994506836
v 15.172913551330566 -9.009663581848145 21.01748275756836
v 14.313743591308594 -9.855180740356445 20.76409149169922
v 15.549705505371094 -8.749963760375977 20.75802993774414
v 18.30300521850586 -10.862435340881348 19.420650482177734
v 19.204349517822266 -10.086755752563477 19.16271209716797
v 21.061281204223633 -9.904890060424805 17.58304214477539
v 20.454635620117188 -9.728818893432617 18.28463363647461
v 21.378005981445312 -10.281829833984375 17.024635314941406
v 21.521839141845703 -9.547137260437012 16.375022888183594
v 20.49777603149414 -10.41667652130127 18.198333740234375
v 18.704648971557617 -13.195417404174805 17.84170913696289
v 21.400148391723633 -11.017633438110352 16.18947982788086
v 20.8870906829834 -11.332535743713379 16.870738983154297
v 21.12978172302246 -11.451287269592285 15.443748474121094
v 19.98609161376953 -12.139495849609375 15.44051742553711
v 19.759849548339844 -11.952834129333496 13.809871673583984
v 18.947345733642578 -12.972000122070312 13.304874420166016
v 19.01915168762207 -13.596034049987793 14.323249816894531
v 18.6213436126709 -13.637383460998535 13.55615234375
v 18.256746292114258 -13.365767478942871 13.021305084228516
v 17.983985900878906 -13.683485984802246 13.131431579589844
v 18.36881446838379 -14.328302383422852 15.607711791992188
v 17.83348846435547 -14.460769653320312 14.451351165771484
v 17.817501068115234 -13.751551628112793 13.1148681640625
v 17.286130905151367 -14.656718254089355 15.01742935180664
v 17.03452491760254 -14.368051528930664 13.981231689453125
v 17.143917083740234 -14.695856094360352 15.792835235595703
v 16.111927032470703 -14.15435791015625 17.691478729248047
v 16.62181282043457 -14.466142654418945 15.159503936767578
v 15.717506408691406 -14.332379341125488 17.8885498046875
v 15.776189804077148 -13.740828514099121 18.612377166748047
v 14.942501068115234 -14.0718355178833 18.783069610595703
v 13.782577514648438 -14.573806762695312 18.348365783691406
v 13.78587818145752 -15.205341339111328 17.497249603271484
v 14.25001049041748 -14.998729705810547 18.048851013183594
v 14.243566513061523 -15.675399780273438 16.692039489746094
v 13.425453186035156 -15.298299789428711 16.77230453491211
v 13.372698783874512 -14.603580474853516 18.029117584228516
v 12.739261627197266 -14.442384719848633 17.436756134033203
v 11.786016464233398 -13.655548095703125 16.857776641845703
v 12.989933967590332 -15.076801300048828 14.734066009521484
v 10.822020530700684 -12.664313316345215 15.56130599975586
v 9.781996726989746 -11.196492195129395 14.8087158203125
v 12.669833183288574 -14.471922874450684 13.887680053710938
v 9.505572319030762 -10.485349655151367 14.127254486083984
v 6.982746124267578 -6.923552513122559 14.628379821777344
v 17.440715789794922 -3.518482208251953 13.870132446289062
v 16.988439559936523 -2.3660969734191895 14.65243911743164
v 15.203094482421875 -0.20203909277915955 15.01068115234375
v 14.02125072479248 0.5389699339866638 14.138835906982422
v 14.247152328491211 0.8177225589752197 16.67548370361328
v 11.385457038879395 1.961768627166748 19.764057159423828
v 12.79173755645752 1.5805264711380005 20.0684814453125
v 12.346149444580078 1.6033645868301392 19.65044403076172
v 15.151331901550293 -11.920695304870605 19.758609771728516
v 17.42917823791504 -11.323409080505371 19.57424545288086
v 17.2171688079834 -13.108380317687988 18.850521087646484
v 18.435958862304688 -14.030879974365234 16.91362762451172
v 18.98404884338379 -13.531632423400879 16.814659118652344
v 18.945541381835938 -13.838476181030273 15.776317596435547
v 19.50006675720215 -13.092449188232422 15.21030044555664
v 17.895658493041992 -14.493729591369629 16.47205352783203
v 18.05706787109375 -13.529186248779297 18.145416259765625
v 17.239044189453125 -14.194737434387207 17.723026275634766
v 17.455631256103516 -13.841377258300781 18.156688690185547
v 17.090923309326172 -14.555048942565918 16.796600341796875
v 13.479926109313965 -13.334776878356934 19.12990951538086
v 14.133803367614746 -13.741837501525879 19.047557830810547
v 12.573846817016602 -10.507420539855957 20.38520050048828
v 10.273918151855469 -10.41130542755127 19.188106536865234
v 8.186264038085938 -8.986620903015137 17.63646697998047
v 11.489181518554688 -10.411380767822266 20.193233489990234
v 9.595569610595703 -9.682388305664062 19.606155395507812
v 8.892528533935547 -9.294864654541016 19.239429473876953
v 7.169061660766602 -7.712172031402588 18.971664428710938
v 7.401799201965332 -7.969150543212891 16.001129150390625
v 6.049139022827148 -5.752966403961182 17.977428436279297
v 6.155323028564453 -5.72649621963501 15.359230041503906
v 6.17139196395874 -5.281113147735596 14.383575439453125
v 5.979588985443115 -5.586950302124023 17.924327850341797
v 5.642404556274414 -4.671780109405518 18.2154541015625
v 5.2970147132873535 -3.3712103366851807 16.515213012695312
v 5.298839569091797 -3.3019967079162598 15.550609588623047
v 5.2784810066223145 -3.236330986022949 15.704776763916016
v 5.6646294593811035 -1.2781438827514648 14.184425354003906
v 5.416319847106934 -1.5438951253890991 14.731819152832031
v 5.301264762878418 -1.4585731029510498 15.58487319946289
v 6.117661952972412 -0.08706780523061752 14.527549743652344
v 5.64882230758667 -0.5642868876457214 15.286930084228516
v 6.5267720222473145 0.6357593536376953 15.747764587402344
v 6.704017639160156 0.5579838752746582 14.532859802246094
v 7.192248344421387 0.4789893627166748 13.76700210571289
v 6.245578289031982 -0.6556226015090942 13.712993621826172
v 6.128746509552002 -0.7892160415649414 13.756587982177734
v 7.692539691925049 1.2324655055999756 14.333984375
v 8.956310272216797 1.373370885848999 13.60683822631836
v 6.846851825714111 -0.17964182794094086 13.52587890625
v 7.737802505493164 0.46845540404319763 13.445350646972656
v 7.195789337158203 -5.933632850646973 13.439464569091797
v 8.04025650024414 -7.969184875488281 13.814403533935547
v 7.298468589782715 -6.7192158699035645 13.791191101074219
v 8.04025650024414 -7.969184875488281 13.814403533935547
v 8.664289474487305 -9.812350273132324 15.814102172851562
v 6.282695293426514 -4.94995641708374 13.918594360351562
v 6.282695293426514 -4.94995641708374 13.918594360351562
v 6.153430938720703 -4.788132190704346 14.014617919921875
v 5.927043437957764 -4.5090131759643555 14.232566833496094
v 6.031671524047852 -4.6237382888793945 14.111915588378906
v 5.724726676940918 -4.167206764221191 14.437652587890625
v 5.820972442626953 -4.338962078094482 14.334518432617188
v 14.134854316711426 0.6711209416389465 14.553672790527344
v 12.97868537902832 1.3363903760910034 14.139896392822266
v 13.459155082702637 1.4440721273422241 15.93582534790039
v 12.60867691040039 1.9450141191482544 15.93170166015625
v 12.246838569641113 1.9258323907852173 14.568523406982422
v 11.416069030761719 2.2981252670288086 16.794727325439453
v 10.561689376831055 2.3965001106262207 15.048759460449219
v 9.975362777709961 2.4121193885803223 15.717723846435547
v 10.066510200500488 1.865167498588562 18.99801254272461
v 10.600085258483887 1.905344009399414 19.128402709960938
v 9.397132873535156 2.0896430015563965 17.455127716064453
v 8.884682655334473 1.607277750968933 18.61302947998047
v 9.037482261657715 1.6527457237243652 18.668853759765625
v 9.495238304138184 1.7672218084335327 18.834659576416016
v 9.152033805847168 1.6796751022338867 18.730854034423828
v 7.474803924560547 1.3688974380493164 16.376663208007812
v 6.89847469329834 0.5461932420730591 17.86962127685547
v 7.192537784576416 0.7693667411804199 17.962642669677734
v 6.781139850616455 0.45755141973495483 17.816234588623047
v 7.720074653625488 1.111897349357605 18.140018463134766
v 6.536614894866943 0.25396841764450073 17.69268798828125
v 8.051034927368164 1.2876677513122559 18.252925872802734
v 7.90271520614624 1.2138327360153198 18.193111419677734
v 6.407576084136963 0.13711196184158325 17.61520767211914
v 6.090664863586426 0.12110867351293564 16.407222747802734
v 5.589747905731201 -0.6520642042160034 16.32297134399414
v 5.693387031555176 -0.8412636518478394 17.394161224365234
v 7.760993480682373 1.5738633871078491 15.613147735595703
v 8.836736679077148 2.1122095584869385 15.8836669921875
v 9.479524612426758 2.1486191749572754 14.594596862792969
v 11.36783504486084 2.054288148880005 14.181625366210938
v 10.821929931640625 1.927747368812561 13.827964782714844
v 10.301240921020508 2.221284866333008 14.397689819335938
v 10.235236167907715 1.4844567775726318 13.392799377441406
v 9.620223999023438 1.7810113430023193 13.806503295898438
v 12.06233024597168 1.3374422788619995 13.58542251586914
v 5.196131229400635 -2.431980609893799 15.651012420654297
v 5.33418083190918 -1.6325308084487915 16.867290496826172
v 11.054201126098633 -10.444942474365234 20.336700439453125
v 11.35721206665039 -10.3916654586792 20.21157455444336
v 11.35721206665039 -10.3916654586792 20.21157455444336
v 7.975008964538574 -8.850744247436523 19.532970428466797
v 6.15677547454834 -5.996771335601807 18.116596221923828
v 6.235111236572266 -6.155558109283447 18.179298400878906
v 12.439833641052246 1.2500897645950317 13.682510375976562
v -11.162418365478516 -10.536428451538086 20.411327362060547
v -10.64971923828125 -10.184961318969727 19.952972412109375
v -8.183557510375977 -9.101140975952148 19.562236785888672
v -7.563665390014648 -8.459464073181152 19.33614730834961
v -8.636500358581543 -9.16442584991455 19.372905731201172
v -7.573892116546631 -8.168789863586426 18.762683868408203
v -11.580595016479492 1.8679423332214355 19.60163116455078
v -13.428486824035645 1.0521687269210815 19.835350036621094
v -12.07786750793457 1.8331769704818726 19.87865447998047
v -14.69143295288086 -0.0049480595625936985 19.945934295654297
v -16.16202735900879 -2.250387668609619 20.392837524414062
v -15.685908317565918 -1.0999001264572144 20.43541717529297
v -11.97304630279541 -10.430817604064941 20.229991912841797
v -6.432888031005859 -6.341562271118164 15.860492706298828
v -6.2617292404174805 -6.186107635498047 18.09579086303711
v -6.341971397399902 -6.347563743591309 18.152973175048828
v -6.204769134521484 -6.063320159912109 18.03045654296875
v -9.841755867004395 1.824526071548462 18.96337890625
v -9.065892219543457 1.6582211256027222 18.686351776123047
v -9.052867889404297 2.055694103240967 17.103561401367188
v -10.849464416503906 2.3993639945983887 16.407649993896484
v -11.291191101074219 1.883949875831604 19.274730682373047
v -9.466595649719238 1.7534395456314087 18.857887268066406
v -9.345735549926758 1.728502869606018 18.79808807373047
v -9.186165809631348 1.6870670318603516 18.746505737304688
v -16.80978775024414 -3.033586025238037 19.419536590576172
v -16.13387107849121 -1.2068431377410889 17.476261138916016
v -16.384185791015625 -1.381515383720398 15.952220916748047
v -18.262327194213867 -3.9291460514068604 16.82412338256836
v -14.68972110748291 0.41108977794647217 15.597846984863281
v -15.851547241210938 -0.8942355513572693 15.049030303955078
v -16.24263572692871 -1.9299994707107544 13.937801361083984
v -18.601364135742188 -4.466868877410889 14.558074951171875
v -14.850743293762207 -0.40131261944770813 13.987709045410156
v -15.118622779846191 -0.6218440532684326 14.052181243896484
v -14.579198837280273 -0.18566805124282837 13.921554565429688
v -13.09256362915039 0.9297006130218506 13.770065307617188
v -14.029558181762695 0.22414769232273102 13.8212890625
v -14.300559043884277 0.017518537119030952 13.858779907226562
v -13.647869110107422 0.833989143371582 14.108531951904297
v -11.987200736999512 1.9425468444824219 14.375350952148438
v -13.09256362915039 0.9297006130218506 13.770065307617188
v -12.082427024841309 2.1267213821411133 15.263683319091797
v -12.919114112854004 1.5635812282562256 14.55230712890625
v -11.757547378540039 1.3758703470230103 13.487651824951172
v -11.099495887756348 2.3034238815307617 14.84103012084961
v -11.324335098266602 1.933180570602417 13.98336410522461
v -10.456833839416504 2.2073686122894287 14.398983001708984
v -9.654196739196777 1.5684806108474731 13.600883483886719
v -9.564438819885254 2.316138744354248 15.549320220947266
v -9.565106391906738 2.0793240070343018 14.396099090576172
v -10.486117362976074 1.367762565612793 13.32989501953125
v -8.498394012451172 1.4504319429397583 13.962059020996094
v -8.664887428283691 0.9844215512275696 13.460563659667969
v -8.394177436828613 0.9064490795135498 13.50823974609375
v -18.321826934814453 -5.608116149902344 13.273868560791016
v -20.916879653930664 -9.04127311706543 13.425834655761719
v -18.091205596923828 -4.449036121368408 13.703376770019531
v -19.83107566833496 -6.140690803527832 15.183696746826172
v -19.233116149902344 -5.421455383300781 16.772239685058594
v -20.21019172668457 -8.162761688232422 17.979827880859375
v -17.114938735961914 -4.868082523345947 19.996681213378906
v -12.825565338134766 -14.007852554321289 18.22540283203125
v -12.675971984863281 -14.641552925109863 16.82564926147461
v -11.302075386047363 -13.23238754272461 16.15164566040039
v -9.217376708984375 -10.526073455810547 15.289237976074219
v -6.400756359100342 -6.467474937438965 18.221710205078125
v -6.068486213684082 -5.774394989013672 17.913150787353516
v -5.2958269119262695 -3.395522356033325 16.525497436523438
v -5.6045074462890625 -4.512991428375244 17.928871154785156
v -5.967967987060547 -0.3227066993713379 17.303924560546875
v -6.522767066955566 0.4981846213340759 17.002052307128906
v -6.120395660400391 -0.12151211500167847 17.385913848876953
v -6.22652530670166 -0.0018439588602632284 17.451953887939453
v -6.571751594543457 0.33662286400794983 17.620044708251953
v -6.667782306671143 0.4109126031398773 17.686386108398438
v -7.405401706695557 1.2773513793945312 16.73316192626953
v -6.893519878387451 0.5843035578727722 17.804149627685547
v -6.793570518493652 0.5140848159790039 17.739818572998047
v -7.024676322937012 0.682045042514801 17.85655975341797
v -8.018600463867188 1.2737014293670654 18.224716186523438
v -7.544394016265869 1.0154314041137695 18.076595306396484
v -7.297333240509033 0.8667331337928772 17.961627960205078
v -8.473026275634766 1.4783650636672974 18.38196563720703
v -13.35439682006836 1.4881669282913208 16.769817352294922
v -14.171247482299805 0.8205069899559021 17.400100708007812
v -13.616707801818848 1.319248080253601 15.644481658935547
v -12.136849403381348 2.1172807216644287 16.58251190185547
v -8.403745651245117 1.9179463386535645 15.774467468261719
v -8.142967224121094 1.602967619895935 14.62636947631836
v -7.114344596862793 1.072306752204895 15.135250091552734
v -6.815654754638672 0.3877965807914734 14.066520690917969
v -6.009283542633057 -0.15954287350177765 14.63812255859375
v -7.244636058807373 0.09828774631023407 13.46319580078125
v -21.18265151977539 -8.585219383239746 14.434932708740234
v -19.285356521606445 -5.706018447875977 14.067672729492188
v -21.3599796295166 -8.772542953491211 15.502639770507812
v -20.250186920166016 -10.125009536743164 18.42449951171875
v -19.505664825439453 -9.435449600219727 19.009990692138672
v -20.03713035583496 -8.815164566040039 18.492046356201172
v -19.16650390625 -10.193061828613281 19.145950317382812
v -18.82406234741211 -11.640657424926758 18.850936889648438
v -17.400577545166016 -10.93336296081543 19.68670654296875
v -16.229944229125977 -7.921449184417725 20.62865447998047
v -14.671802520751953 -9.659575462341309 20.74413299560547
v -13.977479934692383 -10.162528038024902 20.63684844970703
v -17.357023239135742 -12.575149536132812 19.106529235839844
v -14.141270637512207 -13.734102249145508 19.06515884399414
v -14.805312156677246 -13.945221900939941 18.877559661865234
v -14.05781078338623 -14.388818740844727 18.618011474609375
v -13.462169647216797 -14.141474723815918 18.602554321289062
v -16.00762367248535 -14.004616737365723 17.987857818603516
v -15.302353858947754 -15.226239204406738 16.929218292236328
v -14.826062202453613 -15.372843742370605 17.22405242919922
v -15.657910346984863 -15.068906784057617 15.828350067138672
v -14.871824264526367 -15.620857238769531 16.386356353759766
v -15.208707809448242 -15.541831016540527 15.829452514648438
v -14.795538902282715 -15.672890663146973 14.278682708740234
v -14.522483825683594 -15.784061431884766 15.799919128417969
v -14.201315879821777 -15.767681121826172 14.72214126586914
v -14.331480979919434 -15.641201972961426 16.648880004882812
v -13.32818603515625 -15.409501075744629 15.72513198852539
v -13.724446296691895 -15.569169998168945 14.484317779541016
v -13.5299654006958 -15.057905197143555 17.573436737060547
v -12.582910537719727 -14.61634635925293 14.557075500488281
v -12.449413299560547 -13.408281326293945 13.291324615478516
v -10.511528015136719 -11.679548263549805 13.882125854492188
v -10.129836082458496 -11.546130180358887 14.48025131225586
v -7.229225158691406 -6.611701011657715 13.805614471435547
v -6.524371147155762 -6.232379913330078 14.846946716308594
v -5.185895919799805 -2.4644532203674316 15.616500854492188
v -5.495729923248291 -0.812573254108429 16.208396911621094
v -5.224909782409668 -2.329007625579834 16.673625946044922
v -5.481654167175293 -1.223970651626587 17.128772735595703
v -6.075345039367676 0.15591809153556824 15.649986267089844
v -6.670191287994385 0.7678129076957703 16.204246520996094
v -5.349711894989014 -1.698380708694458 14.784343719482422
v -5.532609462738037 -0.7569593191146851 15.310638427734375
v -5.438704967498779 -1.5020848512649536 14.557064056396484
v -5.4946160316467285 -1.388211965560913 14.457389831542969
v -5.712554931640625 -0.8286042213439941 14.35080337524414
v -5.4946160316467285 -1.3882118463516235 14.457389831542969
v -5.580704212188721 -1.2734909057617188 14.316829681396484
v -5.272235870361328 -3.2003931999206543 15.531440734863281
v -5.496192455291748 -3.9484612941741943 14.9295654296875
v -5.305449485778809 -3.292632818222046 15.36614990234375
v -6.281658172607422 -5.063875198364258 14.025379180908203
v -12.648380279541016 -13.67394733428955 13.274425506591797
v -6.476954936981201 -5.364845275878906 13.930450439453125
v -14.838417053222656 -15.476449012756348 13.65402603149414
v -15.43283748626709 -15.24358081817627 14.103279113769531
v -15.604593276977539 -14.593672752380371 13.883201599121094
v -15.424654006958008 -14.714324951171875 13.37448501586914
v -15.610201835632324 -13.829488754272461 13.996505737304688
v -15.95627212524414 -14.021507263183594 14.993541717529297
v -15.865180015563965 -13.669904708862305 14.218452453613281
v -16.71221160888672 -14.501835823059082 15.261455535888672
v -16.914443969726562 -14.477777481079102 14.529937744140625
v -16.868684768676758 -14.181414604187012 13.721939086914062
v -16.363378524780273 -13.524946212768555 13.36807632446289
v -17.562397003173828 -14.499431610107422 14.436408996582031
v -17.44474220275879 -14.038911819458008 13.306747436523438
v -16.803247451782227 -13.836315155029297 13.261032104492188
v -18.29924774169922 -13.877728462219238 13.571552276611328
v -19.33429527282715 -13.332698822021484 15.277633666992188
v -19.686336517333984 -12.009106636047363 13.770866394042969
v -18.9724063873291 -13.63635540008545 14.357955932617188
v -19.549652099609375 -11.695905685424805 13.308841705322266
v -18.767047882080078 -13.179637908935547 13.26754379272461
v -18.53855323791504 -13.059179306030273 13.086563110351562
v -18.53855323791504 -13.059179306030273 13.086563110351562
v -17.804582595825195 -13.32979965209961 12.879753112792969
v -21.596643447875977 -9.887264251708984 13.992851257324219
v -21.68595314025879 -10.56676197052002 14.415412902832031
v -21.162214279174805 -11.372598648071289 14.299518585205078
v -21.032363891601562 -11.533496856689453 15.190269470214844
v -20.031044006347656 -11.9407320022583 16.79079818725586
v -19.683616638183594 -11.969144821166992 17.608524322509766
v -19.859386444091797 -12.228476524353027 15.047924041748047
v -19.159975051879883 -13.23358154296875 16.891826629638672
v -18.736278533935547 -12.948238372802734 18.010478973388672
v -20.237030029296875 -10.760868072509766 18.198421478271484
v -18.571596145629883 -13.709383964538574 17.237457275390625
v -18.075286865234375 -13.271286010742188 18.319580078125
v -15.774275779724121 -13.67465877532959 18.599376678466797
v -16.292715072631836 -13.946558952331543 17.975494384765625
v -16.13399314880371 -14.130271911621094 17.040306091308594
v -15.906490325927734 -14.364992141723633 16.824447631835938
v -17.385540008544922 -14.30491828918457 17.300994873046875
v -18.03483009338379 -14.293707847595215 16.723861694335938
v -17.02261734008789 -14.58283519744873 16.23786163330078
v -17.892169952392578 -14.51409912109375 15.909393310546875
v -17.320268630981445 -14.650877952575684 15.42978286743164
v -18.17374038696289 -14.360971450805664 14.849674224853516
v -19.099822998046875 -13.57839584350586 16.07767105102539
v -18.582849502563477 -14.132115364074707 15.585216522216797
v -17.19091033935547 -13.716975212097168 18.300857543945312
v -17.881166458129883 -14.0105619430542 17.563461303710938
v -20.90312385559082 -10.812280654907227 17.438953399658203
v -21.169626235961914 -9.94365406036377 17.43523406982422
v -19.744035720825195 -11.462117195129395 13.25118637084961
v -20.3584041595459 -11.09280776977539 13.005935668945312
v -19.744035720825195 -11.462117195129395 13.25118637084961
v -19.549652099609375 -11.695905685424805 13.308841705322266
v -21.305150985717773 -10.243014335632324 13.324081420898438
v -20.913511276245117 -10.115323066711426 12.992839813232422
v -21.375431060791016 -9.338847160339355 16.74460220336914
v -6.486681938171387 -0.27596572041511536 13.785011291503906
v -16.62005043029785 -4.766983985900879 20.626365661621094
v 16.54630470275879 -2.818434953689575 33.97857666015625
v 15.953991889953613 -1.9426960945129395 34.78843688964844
v 16.297626495361328 -3.866298198699951 34.693477630615234
v 15.93808650970459 -2.0575945377349854 34.854164123535156
v 15.952730178833008 -2.5017271041870117 34.96664810180664
v 15.951951026916504 -1.7840031385421753 34.7301025390625
v 16.267793655395508 -1.710335373878479 34.144691467285156
v 15.160780906677246 -1.2384929656982422 35.64482879638672
v 19.636533737182617 -7.9935712814331055 37.79902648925781
v 19.795059204101562 -9.199260711669922 36.39256286621094
v 20.02051544189453 -9.179030418395996 37.782958984375
v 21.13719940185547 -11.014890670776367 36.10557556152344
v 19.917997360229492 -10.742939949035645 34.53575134277344
v 20.731067657470703 -11.104887008666992 34.940948486328125
v 21.415193557739258 -11.060298919677734 34.113014221191406
v 22.062639236450195 -11.016789436340332 35.29213333129883
v 21.40899085998535 -11.119582176208496 35.6790771484375
v 20.416362762451172 -11.017474174499512 33.951026916503906
v 20.95880126953125 -10.870340347290039 33.156944274902344
v 21.74274444580078 -10.276907920837402 32.81927490234375
v 22.087827682495117 -10.317519187927246 33.34614562988281
v 20.56203842163086 -10.825066566467285 33.067317962646484
v 21.19135093688965 -10.244592666625977 32.486671447753906
v 20.019699096679688 -10.131937026977539 32.625911712646484
v 20.735332489013672 -9.744502067565918 32.242374420166016
v 22.193315505981445 -9.735255241394043 32.906349182128906
v 20.78602409362793 -8.994352340698242 32.2288818359375
v 21.504369735717773 -8.972867965698242 32.277565002441406
v 21.788026809692383 -9.664734840393066 32.47479248046875
v 21.181171417236328 -8.405525207519531 32.4454345703125
v 21.614078521728516 -8.449950218200684 32.58353805541992
v 22.0454158782959 -9.422456741333008 32.55724334716797
v 20.14056396484375 -8.974034309387207 32.446529388427734
v 19.4198055267334 -9.14158821105957 33.21783447265625
v 20.011030197143555 -8.420702934265137 35.614524841308594
v 19.946300506591797 -8.223738670349121 33.680206298828125
v 20.328575134277344 -7.717225551605225 36.003089904785156
v 20.222536087036133 -7.113417148590088 36.49333190917969
v 19.36797332763672 -9.21232795715332 34.020912170410156
v 19.39617347717285 -9.956286430358887 34.303768157958984
v 19.80205535888672 -10.520748138427734 33.31380844116211
v 19.338537216186523 -9.61270523071289 33.379974365234375
v 21.614078521728516 -8.449950218200684 32.58353805541992
v 21.80196762084961 -8.374720573425293 32.790931701660156
v 22.79366111755371 -9.359187126159668 34.28853225708008
v 20.469663619995117 -10.379745483398438 36.958045959472656
v 21.86341667175293 -9.544393539428711 40.478721618652344
v -20.106334686279297 -9.133967399597168 38.161216735839844
v -19.317644119262695 -7.821079254150391 38.62377166748047
v -19.997854232788086 -8.867132186889648 38.7182731628418
v -19.193185806274414 -7.340692043304443 38.32659149169922
v -19.997854232788086 -8.867132186889648 38.7182731628418
v -20.697168350219727 -9.606546401977539 38.481056213378906
v -19.94430923461914 -8.226062774658203 36.69556427001953
v -19.851367950439453 -8.949431419372559 36.476104736328125
v -19.70010757446289 -10.085127830505371 35.56595993041992
v -20.012556076049805 -8.468523979187012 35.9830207824707
v -20.29659652709961 -7.953762054443359 33.77668762207031
v -19.643709182739258 -8.640625 33.36297607421875
v -20.86963653564453 -7.578533172607422 35.0677490234375
v -20.510404586791992 -7.96649169921875 33.0787353515625
v -19.993911743164062 -9.033318519592285 32.546470642089844
v -20.764808654785156 -9.849863052368164 32.303192138671875
v -21.021909713745117 -9.800902366638184 32.23820495605469
v -20.784570693969727 -8.94998836517334 32.237796783447266
v -20.882349014282227 -11.004048347473145 33.602378845214844
v -21.303136825561523 -10.693567276000977 33.00535202026367
v -21.89559555053711 -11.012500762939453 34.70795440673828
v -22.054798126220703 -8.791372299194336 32.73680877685547
v -22.216007232666016 -8.521319389343262 33.23086929321289
v -21.468812942504883 -7.877620220184326 33.172279357910156
v -21.580646514892578 -11.068005561828613 35.9696159362793
v -20.710222244262695 -11.090222358703613 34.8599739074707
v -20.7884464263916 -10.764832496643066 36.49541473388672
v -20.255868911743164 -10.897683143615723 34.968379974365234
v -19.70673370361328 -10.46609878540039 34.75556945800781
v -20.302066802978516 -10.455389022827148 36.481040954589844
v -19.671401977539062 -10.503480911254883 33.53106689453125
v -19.39506721496582 -10.059568405151367 34.02056121826172
v -21.370073318481445 -10.572458267211914 37.349449157714844
v -20.97163963317871 -6.599684238433838 35.76488494873047
v -21.80497932434082 -6.3057541847229 35.06267547607422
v -21.092418670654297 -6.456812381744385 35.68476104736328
v -23.53993797302246 -1.7342901229858398 31.846376419067383
v -23.73067283630371 -1.2907559871673584 33.56888198852539
v -23.98151969909668 -1.466620922088623 32.05293273925781
v -24.279172897338867 -0.6928143501281738 34.472381591796875
v -23.128297805786133 -2.3205506801605225 31.455339431762695
v -24.09453010559082 -2.040235757827759 31.28742790222168
v -23.089712142944336 -7.821558475494385 33.30718231201172
v -23.1282958984375 -7.910850524902344 33.43575668334961
v -23.576053619384766 -8.568466186523438 33.63331604003906
v -23.860008239746094 -8.252859115600586 31.856117248535156
v -24.365192413330078 -8.063618659973145 31.401111602783203
v -23.852399826049805 -7.899782657623291 31.37934684753418
v -23.435909271240234 -7.081544399261475 31.167896270751953
v -23.351720809936523 -7.016451835632324 31.210424423217773
v -23.096399307250977 -7.098775386810303 31.441272735595703
v -24.977678298950195 -4.748024940490723 30.87420654296875
v -25.64920425415039 -3.714381456375122 31.42544174194336
v -24.978811264038086 -3.677091360092163 30.96625328063965
v -25.9552059173584 -2.7458207607269287 32.28330993652344
v -25.303184509277344 -2.367110252380371 31.661624908447266
v -26.482418060302734 -3.8792054653167725 32.700592041015625
v -26.45810317993164 -2.8041939735412598 33.41096496582031
v -26.825956344604492 -3.4789767265319824 34.19529342651367
v -26.642059326171875 -2.66172194480896 34.39122772216797
v -25.761199951171875 -1.356426477432251 33.750396728515625
v -25.540315628051758 -1.7361150979995728 32.63966369628906
v -25.47491455078125 -0.811631977558136 34.5892448425293
v -25.257625579833984 -1.2158658504486084 33.118247985839844
v -24.514734268188477 -0.9993455410003662 33.21234130859375
v -24.52448081970215 -1.4044277667999268 32.16731262207031
v -24.77215576171875 -0.585119903087616 34.47496032714844
v -23.525556564331055 -0.869560718536377 35.22670364379883
v -22.854772567749023 -2.2851760387420654 34.9158935546875
v -19.908910751342773 -1.3757039308547974 38.23847961425781
v -19.83734893798828 -1.6400145292282104 38.11461639404297
v -20.897449493408203 -3.3010735511779785 36.429779052734375
v -20.064958572387695 -2.9159743785858154 37.27836990356445
v -19.215164184570312 -7.499922752380371 38.440460205078125
v 20.77239990234375 0.3857574462890625 39.7454833984375
v 19.684402465820312 -0.031093141064047813 39.184173583984375
v 21.14167594909668 0.6490386128425598 40.03561782836914
v 19.695566177368164 -1.0783041715621948 38.63677215576172
v 19.449356079101562 -0.7965711951255798 39.03271484375
v 19.564870834350586 -0.5458289384841919 39.15327453613281
v 19.43636131286621 -1.0745735168457031 38.83621597290039
v 19.40994644165039 -1.0039423704147339 38.907432556152344
v 19.949691772460938 -1.9648889303207397 37.803409576416016
v 20.0339412689209 -1.5934739112854004 37.96924591064453
v 20.114356994628906 -2.5016627311706543 37.38677978515625
v 21.18741226196289 -3.101240634918213 36.24601364135742
v 20.33087730407715 -2.859879970550537 37.07140350341797
v 21.33437156677246 -3.0506772994995117 36.131568908691406
v 22.663848876953125 -3.2166757583618164 34.76385498046875
v 22.115772247314453 -3.438516616821289 35.302886962890625
v 22.160655975341797 -3.5842747688293457 35.216617584228516
v 23.50348472595215 -8.107381820678711 32.11909103393555
v 23.289281845092773 -8.414713859558105 33.945404052734375
v 22.971193313598633 -7.864527225494385 33.991180419921875
v 22.99196434020996 -7.5983991622924805 33.0560302734375
v 24.366966247558594 -8.79295825958252 32.7276611328125
v 23.753915786743164 -7.907415866851807 31.584217071533203
v 24.35310173034668 -7.433286190032959 31.11651611328125
v 24.501296997070312 -8.129652976989746 31.5731201171875
v 25.050016403198242 -7.955463886260986 31.60698890686035
v 24.97311782836914 -6.920827865600586 31.098060607910156
v 23.63848304748535 -1.572410225868225 32.097076416015625
v 23.96027183532715 -1.5777908563613892 31.833106994628906
v 23.66897201538086 -1.602584719657898 31.988651275634766
v 23.510107040405273 -1.9677284955978394 31.475852966308594
v 24.015262603759766 -2.2459349632263184 31.163145065307617
v 23.90650749206543 -2.2831387519836426 31.149385452270508
v 25.608957290649414 -5.67742919921875 31.276891708374023
v 25.314130783081055 -3.701017379760742 31.153825759887695
v 25.961702346801758 -4.52204704284668 31.646286010742188
v 26.92467498779297 -5.5324320793151855 34.070343017578125
v 26.415693283081055 -7.136711597442627 33.17376708984375
v 26.690410614013672 -4.538582801818848 33.06452178955078
v 26.169219970703125 -8.133934020996094 33.98683166503906
v 25.30510711669922 -8.855280876159668 33.19921112060547
v 25.100311279296875 -8.460411071777344 32.197715759277344
v 25.594266891479492 -9.038589477539062 35.12403106689453
v 25.144832611083984 -9.253847122192383 34.29551315307617
v 25.404190063476562 -8.85125732421875 37.58088302612305
v 26.235490798950195 -8.19696044921875 35.35112762451172
v 26.629512786865234 -7.229434013366699 36.147377014160156
v 26.07193374633789 -8.123347282409668 37.0723876953125
v 26.77817726135254 -6.833688259124756 34.769161224365234
v 25.710491180419922 -7.3501296043396 39.195892333984375
v 27.06233787536621 -4.85231351852417 35.40583038330078
v 26.959749221801758 -4.432621479034424 36.782081604003906
v 26.871623992919922 -5.884950637817383 36.84653091430664
v 26.99807357788086 -3.8258087635040283 35.31362533569336
v 26.728200912475586 -3.3077127933502197 33.86576843261719
v 26.202592849731445 -2.6541271209716797 32.862220764160156
v 26.142269134521484 -1.769916296005249 33.96261215209961
v 26.461652755737305 -1.9689550399780273 35.03419494628906
v 26.385435104370117 -3.9375061988830566 32.46488952636719
v 26.81153106689453 -3.0838160514831543 36.6495361328125
v 25.62285041809082 -1.293748378753662 33.56127166748047
v 25.23127555847168 -0.8174667954444885 34.096527099609375
v 25.213388442993164 -0.41181907057762146 35.63400650024414
v 25.681427001953125 -0.8394525647163391 35.099632263183594
v 23.89951515197754 -1.1435472965240479 33.59424591064453
v 24.385231018066406 -0.5000314116477966 34.87977600097656
v 23.679458618164062 -1.6582170724868774 31.866086959838867
v 24.834671020507812 -0.45820218324661255 34.92797088623047
v 24.128198623657227 0.12184877693653107 37.25757598876953
v 24.521177291870117 0.026362918317317963 37.775535583496094
v 25.147680282592773 -0.2649056017398834 36.648193359375
v 25.27776336669922 -0.45279040932655334 37.77385711669922
v 25.844499588012695 -0.8696339130401611 36.19237518310547
v 26.532777786254883 -2.98795747756958 37.994720458984375
v 26.492687225341797 -1.9933630228042603 36.4754638671875
v 26.36396598815918 -3.9295647144317627 38.99028396606445
v 26.00875473022461 -2.9126689434051514 39.46710968017578
v 25.491180419921875 -4.472696781158447 40.900978088378906
v 25.880887985229492 -5.557666778564453 40.01049041748047
v 26.2630558013916 -6.441991806030273 38.70677947998047
v 25.14697265625 -7.3910908699035645 40.13529968261719
v 24.510108947753906 -8.743270874023438 39.3409423828125
v 23.830982208251953 -6.611475467681885 42.59236526489258
v 23.54949951171875 -7.1983866691589355 42.51264190673828
v 23.482810974121094 -7.4385762214660645 42.69731903076172
v 23.751468658447266 -6.797557353973389 42.584266662597656
v 24.23056983947754 -5.093874931335449 42.707740783691406
v 25.35892677307129 -5.416475296020508 40.991886138916016
v 24.26816749572754 -4.713697910308838 42.72804641723633
v 25.066360473632812 -2.534686803817749 41.164031982421875
v 25.139341354370117 -1.7167446613311768 40.45380401611328
v 24.035511016845703 -2.1853861808776855 42.589542388916016
v 22.673662185668945 0.25832104682922363 40.7209358215332
v 23.009756088256836 0.051707472652196884 41.18697738647461
v 24.08399200439453 -0.1043083518743515 39.822120666503906
v 22.506994247436523 0.40582916140556335 39.59489440917969
v 23.966304779052734 -0.8838936686515808 34.383460998535156
v 23.520618438720703 -1.108522891998291 34.892845153808594
v 20.577775955200195 0.09673675894737244 39.31308364868164
v 22.194026947021484 0.6565450429916382 40.835838317871094
v -23.46054458618164 -7.300590515136719 42.492919921875
v -22.478370666503906 -8.864935874938965 41.0308952331543
v -23.237632751464844 -7.696905136108398 42.35516357421875
v -23.408401489257812 -7.848907947540283 41.647457122802734
v -23.69780921936035 -6.826818943023682 42.561527252197266
v -23.62127685546875 -6.991085529327393 42.54613494873047
v -23.850025177001953 -6.49174690246582 42.579185485839844
v -23.955354690551758 -6.666565895080566 42.23394775390625
v -23.92700958251953 -6.270808219909668 42.60791778564453
v -24.466394424438477 -8.764942169189453 39.355369567871094
v -25.42338752746582 -8.015002250671387 38.97132873535156
v -25.90852928161621 -8.19223403930664 37.501220703125
v -25.346973419189453 -9.112751007080078 36.96398162841797
v -25.917816162109375 -8.600349426269531 36.124515533447266
v -25.186317443847656 -9.363919258117676 35.139381408691406
v -25.764421463012695 -8.776812553405762 34.379150390625
v -25.540918350219727 -8.562651634216309 32.9578857421875
v -25.338184356689453 -8.369321823120117 32.29436492919922
v -25.977251052856445 -8.007357597351074 33.00189971923828
v -26.608854293823242 -6.802760124206543 33.56517028808594
v -25.90779685974121 -7.265646934509277 32.094627380371094
v -26.443513870239258 -7.6331071853637695 34.198402404785156
v -26.270761489868164 -6.122954845428467 32.22370910644531
v -25.411266326904297 -6.693160533905029 31.276214599609375
v -25.76943016052246 -4.996391296386719 31.398035049438477
v -25.36543083190918 -5.48724365234375 31.10334014892578
v -25.280982971191406 -5.728400230407715 31.068984985351562
v -25.189266204833984 -5.963590621948242 31.034799575805664
v -25.092483520507812 -7.77214241027832 31.422496795654297
v -26.622655868530273 -5.622912883758545 32.90947723388672
v -26.829010009765625 -6.644752025604248 34.876583099365234
v -27.04720115661621 -5.00930643081665 35.114776611328125
v -26.99151039123535 -4.571811676025391 36.502098083496094
v -27.011077880859375 -3.9839773178100586 35.344032287597656
v -26.615354537963867 -3.0754339694976807 37.68928146362305
v -26.607847213745117 -2.328622817993164 36.48895263671875
v -26.07804298400879 -1.2771103382110596 36.934326171875
v -26.305461883544922 -1.7150286436080933 34.878875732421875
v -26.015642166137695 -1.5711820125579834 38.03097152709961
v -25.579479217529297 -0.6070168614387512 36.686668395996094
v -25.10015296936035 -0.4021088480949402 35.4446907043457
v -24.617704391479492 -0.0241122804582119 37.68308639526367
v -25.384906768798828 -0.5604833364486694 37.70787048339844
v -23.914939880371094 0.14297108352184296 37.31175994873047
v -20.124374389648438 -0.14696386456489563 39.26251983642578
v -21.12645721435547 0.4734947383403778 39.85401916503906
v -24.112930297851562 -2.465057849884033 42.60619354248047
v -24.258596420288086 -2.800449848175049 42.562767028808594
v -24.174070358276367 -2.819465160369873 42.647705078125
v -24.26240348815918 -4.601032257080078 42.75775909423828
v -25.89212417602539 -3.4458820819854736 39.93370819091797
v -26.179752349853516 -4.546787738800049 39.48347091674805
v -25.312782287597656 -5.6357526779174805 40.936798095703125
v -26.078950881958008 -6.374054431915283 39.15815734863281
v -25.65692710876465 -6.942745208740234 39.62948226928711
v -26.46356201171875 -6.574996471405029 37.94865798950195
v -26.760021209716797 -6.31955623626709 36.964935302734375
v -26.635873794555664 -7.006503105163574 36.623268127441406
v -26.33223533630371 -8.014216423034668 35.18565368652344
v -26.813072204589844 -4.467427730560303 37.540374755859375
v -25.400867462158203 -2.3762710094451904 40.444183349609375
v -25.336467742919922 -0.9745745062828064 39.006622314453125
v -24.72762107849121 -0.24294951558113098 38.706382751464844
v -22.901622772216797 0.22909149527549744 40.995025634765625
v -21.279083251953125 0.7633667588233948 39.95588684082031
v -23.8989315032959 -1.5758063793182373 42.440399169921875
v -23.818693161010742 -1.3274879455566406 42.37316131591797
v -23.458797454833984 -0.4124997556209564 41.840110778808594
v -22.901622772216797 0.22909149527549744 40.995025634765625
v 11.342432022094727 -1.6999002695083618 57.670135498046875
v 11.586504936218262 -1.6600794792175293 57.89186477661133
v 11.356907844543457 -1.7966279983520508 57.646060943603516
v 11.261859893798828 -1.3030333518981934 57.746360778808594
v -11.067068099975586 -0.9762642979621887 57.7418212890625
v -12.157476425170898 -3.6584277153015137 57.92668914794922
v -10.913233757019043 -0.594005286693573 57.753604888916016
v -11.067068099975586 -0.9762641787528992 57.7418212890625
v -11.149186134338379 -1.1931676864624023 57.73823165893555
v -10.983154296875 -0.7667170166969299 57.745601654052734
v 10.976622581481934 -0.5199961066246033 57.77284240722656
v 12.89544677734375 -2.7504923343658447 58.108089447021484
v 11.0524263381958 -0.6842737197875977 57.77214813232422
v 10.389156341552734 0.3433529734611511 57.724613189697266
v 10.722879409790039 1.1302094459533691 58.055511474609375
v 12.53511905670166 -3.103627920150757 58.018245697021484
v -12.09449577331543 -5.435721397399902 57.79450225830078
v -11.537202835083008 -3.7643895149230957 57.66445541381836
v -11.41386890411377 -4.603969573974609 57.543888092041016
v -12.324870109558105 -4.242142677307129 57.9119873046875
v -12.290194511413574 -4.096251487731934 57.916969299316406
v -12.19998550415039 -3.842632532119751 57.920501708984375
v -13.580496788024902 -0.67252516746521 58.445106506347656
v -12.0282621383667 -0.3105024993419647 58.16923522949219
v 5.9119873046875 4.682464122772217 57.961753845214844
v 8.051515579223633 3.00077486038208 57.90569305419922
v 9.09015941619873 1.6350232362747192 57.72346878051758
v 5.555961608886719 2.931932210922241 57.555660247802734
v 8.01524543762207 3.0592572689056396 57.91110610961914
v 10.039795875549316 1.986206293106079 58.06171417236328
v 12.274141311645508 1.3454737663269043 58.426570892333984
v -12.41170883178711 -4.507221698760986 57.9061393737793
v -13.547571182250977 -3.454000949859619 58.16499710083008
v -3.6431214809417725 4.080628395080566 57.6863899230957
v 8.544995307922363 3.3882930278778076 58.055023193359375
v 9.972867965698242 2.1077048778533936 58.07085037231445
v -14.720632553100586 -2.013885021209717 58.56259536743164
v -14.730097770690918 -6.760436058044434 58.12031936645508
v -9.026535987854004 3.9081971645355225 58.22761535644531
v -9.528121948242188 3.227045774459839 58.18695068359375
v -9.646408081054688 3.258371353149414 58.21449661254883
v -6.424200534820557 5.517282009124756 58.21735763549805
v -5.543966293334961 4.718257904052734 57.94281005859375
v -7.782165050506592 2.5067172050476074 57.75424575805664
v -5.543966293334961 4.718257904052734 57.94281005859375
v -5.244009017944336 4.866675853729248 57.9473876953125
v -4.943687438964844 5.010314464569092 57.95229721069336
v -4.596367835998535 5.130993366241455 57.9501838684082
v -4.596367835998535 5.130992412567139 57.9501838684082
v -4.366575717926025 5.17533540725708 57.94146728515625
v -3.1704418659210205 6.319632530212402 58.145870208740234
v 3.3986661434173584 5.815889358520508 58.02251052856445
v 0.1723988950252533 3.983954668045044 57.586631774902344
v -0.8072591423988342 5.628576278686523 57.890377044677734
v -0.07683782279491425 7.744887351989746 58.528079986572266
v 7.349101543426514 7.181654930114746 58.895687103271484
v 10.084288597106934 3.2773513793945312 58.30326843261719
v 8.544995307922363 3.3882930278778076 58.055023193359375
v 15.683672904968262 -0.5143214464187622 59.073246002197266
v 18.03683090209961 -6.628945350646973 59.259151458740234
v 18.332881927490234 -3.447147846221924 59.764469146728516
v 17.267438888549805 -10.016789436340332 58.836669921875
v 14.479248046875 -10.88379955291748 57.945579528808594
v 12.716388702392578 -13.063393592834473 57.75191116333008
v -13.565446853637695 -10.99003791809082 57.7496452331543
v -16.672348022460938 -10.65524959564209 58.64434814453125
v -18.350120544433594 -9.84305477142334 59.42368698120117
v -18.12763786315918 -12.062677383422852 59.616519927978516
v -16.04729652404785 -13.01566219329834 58.76290512084961
v -19.681766510009766 -10.65062427520752 60.503273010253906
v -19.778804779052734 -8.395804405212402 60.35737609863281
v -20.391132354736328 -9.133030891418457 60.96503448486328
v -20.40172004699707 -5.836992263793945 60.934539794921875
v -22.155813217163086 -2.388880729675293 62.924827575683594
v -19.202354431152344 -0.9090614318847656 60.850990295410156
v -18.085582733154297 0.4033203721046448 60.46599578857422
v -14.526854515075684 0.3652937412261963 58.847469329833984
v -13.580496788024902 -0.67252516746521 58.445106506347656
v -14.82790756225586 2.616067886352539 59.461280822753906
v -12.889792442321777 4.624582290649414 59.3692741394043
v -15.859503746032715 2.7707910537719727 59.977516174316406
v -12.317122459411621 2.0275256633758545 58.55397415161133
v -8.078129768371582 6.078585624694824 58.63178634643555
v -6.074863910675049 8.320962905883789 59.18211364746094
v 11.5635347366333 6.276195526123047 59.558250427246094
v 13.111490249633789 3.1056928634643555 58.99418640136719
v 9.052467346191406 5.4585442543029785 58.62152862548828
v 15.404809951782227 3.3986403942108154 59.95428466796875
v 16.619043350219727 -0.2660003900527954 59.50064468383789
v 17.62236785888672 0.5781342387199402 60.22691345214844
v 19.96697425842285 -0.7502529621124268 61.512210845947266
v 19.37337303161621 -1.7063905000686646 60.76222610473633
v 20.10268211364746 -4.526272296905518 60.78696823120117
v 22.260482788085938 -2.6656601428985596 62.91249084472656
v 19.217317581176758 -5.111960411071777 60.0770263671875
v 21.244253158569336 -8.824584007263184 61.93983840942383
v 19.598793029785156 -8.915313720703125 60.213130950927734
v 19.99734115600586 -7.034773349761963 60.520668029785156
v 20.38612937927246 -10.534595489501953 61.16690444946289
v 18.28896713256836 -11.90731143951416 59.65717697143555
v 10.314050674438477 -11.422492980957031 57.251399993896484
v 8.492822647094727 -12.43004035949707 57.07587432861328
v 9.669961929321289 -14.653396606445312 57.47895050048828
v 8.175663948059082 -12.475622177124023 57.04690933227539
v 7.668221950531006 -16.617263793945312 57.78594970703125
v 5.216762542724609 -15.383213996887207 57.12839889526367
v -13.375049591064453 -13.018610000610352 57.90013122558594
v -12.118569374084473 -12.584707260131836 57.570640563964844
v -11.759570121765137 -14.078025817871094 57.73688507080078
v -15.670050621032715 -15.419682502746582 59.61539840698242
v -17.71210479736328 -15.122735977172852 60.809547424316406
v -17.06661605834961 -14.246606826782227 59.74407958984375
v -15.82807445526123 -14.118544578552246 59.02744674682617
v -18.057756423950195 -14.049260139465332 60.34096908569336
v -19.3514461517334 -12.846062660217285 60.881649017333984
v -19.246078491210938 -14.17719554901123 61.63145446777344
v -19.748647689819336 -14.170699119567871 62.36016845703125
v -20.870361328125 -11.569097518920898 62.200164794921875
v -20.886301040649414 -13.008862495422363 63.33872985839844
v -21.485389709472656 -10.04523754119873 62.61924743652344
v -22.9527645111084 -5.497549533843994 64.19084167480469
v -22.7840633392334 -2.9489681720733643 63.04578399658203
v -23.541715621948242 -5.90696382522583 65.45049285888672
v -25.651660919189453 -3.1356494426727295 65.36885070800781
v -24.610029220581055 -7.134411334991455 69.54805755615234
v -23.598403930664062 -9.93838119506836 71.38887786865234
v -27.497175216674805 -2.2492706775665283 73.92005920410156
v -27.648427963256836 -2.971513271331787 72.94356536865234
v -25.772953033447266 -5.466617107391357 73.35810852050781
v -25.815465927124023 -4.528932094573975 74.13285827636719
v -29.429906845092773 -0.43689385056495667 73.82603454589844
v -29.618289947509766 -0.510341465473175 73.347412109375
v -29.74794578552246 -0.1821875274181366 73.04754638671875
v -30.163314819335938 0.6519615054130554 73.63127136230469
v -30.003175735473633 0.6416364908218384 73.91260528564453
v -27.541837692260742 -0.9541450142860413 74.27165222167969
v -26.997920989990234 -1.9783118963241577 74.34947967529297
v -27.291730880737305 -0.32807502150535583 73.95691680908203
v -30.028640747070312 0.8422437310218811 73.80400848388672
v -27.4622745513916 -0.09126701951026917 73.24031829833984
v -28.07786750793457 -0.08046632260084152 72.67770385742188
v -30.07866668701172 0.8824582099914551 73.655517578125
v -29.718875885009766 0.4588489830493927 73.03993225097656
v -27.357271194458008 -1.0875250101089478 71.57405090332031
v -29.64542007446289 0.007655902300029993 72.82007598876953
v -27.03062629699707 -2.0735583305358887 70.70735931396484
v -23.06685447692871 -6.339223861694336 77.58145141601562
v -16.506322860717773 -6.241579055786133 89.08976745605469
v -14.332005500793457 -7.303496360778809 92.0291748046875
v -14.957016944885254 -9.022390365600586 90.17550659179688
v -14.744247436523438 -9.28287410736084 90.87552642822266
v -14.008564949035645 -8.315690994262695 91.84771728515625
v -15.138934135437012 -10.098580360412598 93.55701446533203
v -13.982839584350586 -8.6234130859375 92.86650085449219
v -15.005558967590332 -10.695526123046875 95.14991760253906
v -17.767120361328125 -8.905790328979492 100.38337707519531
v -16.463451385498047 -9.47166633605957 97.96598815917969
v -14.688016891479492 -10.7229642868042 96.6822509765625
v -17.869895935058594 -8.870415687561035 101.29843139648438
v -15.305177688598633 -9.982839584350586 98.9177017211914
v -20.054821014404297 -7.121644973754883 104.44808197021484
v -17.377857208251953 -7.775150775909424 102.9547119140625
v -18.688613891601562 -6.480483055114746 104.53226470947266
v -20.1390323638916 -4.588872909545898 105.8863525390625
v -21.4408016204834 -5.495120048522949 106.07609558105469
v -24.337318420410156 -3.5512025356292725 107.21707153320312
v -21.418155670166016 -3.7204973697662354 106.41053771972656
v -25.341690063476562 -3.0729432106018066 107.00895690917969
v -25.456953048706055 -3.817192554473877 107.4663314819336
v -25.218360900878906 -2.8001632690429688 106.71710205078125
v -25.843656539916992 -3.035536050796509 106.80300903320312
v -25.961166381835938 -3.792109966278076 107.36538696289062
v -26.218976974487305 -4.104540824890137 106.95458984375
v -25.84417152404785 -4.284279823303223 107.36396789550781
v -22.473461151123047 -5.002305507659912 106.59944915771484
v -23.4246826171875 -5.581754684448242 106.47119140625
v -20.873462677001953 -7.417269229888916 103.6875
v -19.03106117248535 -8.01999282836914 103.09344482421875
v -16.00742530822754 -8.423908233642578 97.76075744628906
v -15.573763847351074 -10.154415130615234 95.75675964355469
v -15.046680450439453 -8.366080284118652 96.39665222167969
v -15.560046195983887 -9.225274085998535 96.08477020263672
v -15.137521743774414 -9.831226348876953 93.77075958251953
v -19.75306510925293 -6.626599311828613 101.79377746582031
v -20.712480545043945 -6.695946216583252 102.8313980102539
v -19.983301162719727 -6.564447402954102 102.00025177001953
v -20.44605827331543 -6.425856590270996 102.40205383300781
v -20.216066360473633 -6.490780353546143 102.1991195678711
v -20.675548553466797 -6.361149787902832 102.60247802734375
v -25.520652770996094 -4.830965995788574 106.50953674316406
v -24.91684913635254 -4.618444919586182 105.62223815917969
v -23.017051696777344 -6.066258907318115 104.77317810058594
v -25.056591033935547 -4.867781639099121 107.18583679199219
v -25.89453125 -4.542686939239502 107.02264404296875
v -23.45219612121582 -5.853608131408691 106.12425231933594
v -18.415508270263672 -7.828164100646973 100.79225158691406
v -17.268512725830078 -7.557243347167969 99.6515121459961
v -17.640771865844727 -8.621254920959473 99.86370849609375
v -15.370027542114258 -7.950163841247559 97.24186706542969
v -16.502944946289062 -3.933105945587158 91.21922302246094
v -16.18097686767578 -4.389308929443359 92.26787567138672
v -16.131847381591797 -4.256752967834473 91.72431945800781
v -16.33543586730957 -5.101773262023926 91.49066162109375
v -16.253480911254883 -4.680891513824463 92.82121276855469
v -16.34324836730957 -4.779918193817139 92.8865966796875
v -16.29099464416504 -4.736300468444824 92.86308288574219
v -16.93539810180664 -5.144251346588135 92.7763671875
v -16.846126556396484 -5.031111717224121 93.02328491210938
v -16.156213760375977 -4.1326375007629395 91.59272003173828
v -20.504274368286133 -2.4665603637695312 89.67213439941406
v -20.018096923828125 -2.558234691619873 88.84439086914062
v -20.002893447875977 -1.9605036973953247 89.06002044677734
v -18.12694549560547 -3.231931447982788 90.39961242675781
v -17.955520629882812 -3.3745064735412598 90.44916534423828
v -19.550418853759766 -1.652137041091919 87.49219512939453
v -19.43183135986328 -1.692142367362976 86.69816589355469
v -19.5731143951416 -1.555249810218811 87.03813171386719
v -19.582551956176758 -1.5506958961486816 86.932861328125
v -19.669200897216797 -1.5183923244476318 86.6490249633789
v -19.58237648010254 -1.7400012016296387 85.77665710449219
v -19.306612014770508 -2.2091426849365234 85.50548553466797
v -19.21342658996582 -2.3636488914489746 85.76901245117188
v -20.74508285522461 -2.191423177719116 84.37720489501953
v -20.07745933532715 -2.613020896911621 84.48365783691406
v -20.835012435913086 -1.3907933235168457 85.75272369384766
v -22.71354103088379 -1.476302146911621 84.7199935913086
v -21.432300567626953 -2.304529905319214 82.72087097167969
v -20.815187454223633 -2.870875358581543 83.0511474609375
v -21.654722213745117 -2.093306303024292 81.871337890625
v -21.951496124267578 -1.412471890449524 81.185791015625
v -25.25787925720215 -0.909298300743103 89.97689819335938
v -23.15192222595215 -0.9132959842681885 87.41931915283203
v -23.842031478881836 -1.038135290145874 87.24806213378906
v -23.577037811279297 -0.8971328139305115 88.18281555175781
v -24.43320083618164 -1.018739104270935 88.64974975585938
v -22.15241241455078 -1.338547945022583 85.61297607421875
v -24.925935745239258 -4.490169048309326 105.45228576660156
v -24.795944213867188 -4.5642313957214355 105.40988159179688
v -26.176414489746094 -4.120725631713867 106.28516387939453
v -25.08898162841797 -4.393423557281494 105.48080444335938
v -25.700563430786133 -3.6195743083953857 103.4569091796875
v -24.496013641357422 -1.0913207530975342 90.42788696289062
v -23.715612411499023 -0.9026873111724854 88.5128402709961
v -23.113008499145508 0.8389990925788879 84.16011810302734
v -21.37066650390625 1.9745303392410278 81.7724380493164
v -22.139204025268555 0.19558560848236084 81.3831787109375
v -24.197368621826172 -0.06907635182142258 86.10072326660156
v -19.729366302490234 4.3843278884887695 83.98088073730469
v -19.942811965942383 4.143986701965332 82.60742950439453
v -20.502731323242188 3.4512414932250977 82.95362091064453
v -18.202131271362305 5.6315107345581055 84.89993286132812
v -20.015382766723633 5.8054728507995605 79.89102172851562
v -24.056520462036133 0.0842910036444664 70.17434692382812
v -23.551023483276367 -0.6100313663482666 67.51052856445312
v -22.06355857849121 2.316488027572632 66.49115753173828
v -20.815166473388672 3.235478639602661 64.78181457519531
v -22.293554306030273 -0.9912689328193665 64.1185531616211
v -20.52975845336914 2.194951057434082 63.53720474243164
v -19.463550567626953 1.0604403018951416 61.74681091308594
v -17.49237632751465 2.8402724266052246 60.937469482421875
v -15.859503746032715 2.7707910537719727 59.977516174316406
v -16.23033332824707 2.7476577758789062 60.164588928222656
v -15.680021286010742 4.709872245788574 60.65068817138672
v -14.9761381149292 6.766565322875977 61.361175537109375
v -15.431806564331055 4.705479145050049 60.50992965698242
v -13.2581787109375 5.83221960067749 59.97389221191406
v -12.393939971923828 7.665281772613525 60.5684814453125
v -11.267712593078613 6.544402122497559 59.57667922973633
v -9.632129669189453 6.845308303833008 59.24925994873047
v -8.691255569458008 8.728799819946289 59.9395751953125
v -3.6792426109313965 10.459748268127441 60.10383605957031
v -3.0013175010681152 8.010984420776367 58.72327423095703
v 1.0984834432601929 8.986505508422852 59.0800666809082
v -2.390942096710205 9.635689735412598 59.47649383544922
v -0.4343547523021698 11.417471885681152 60.6234130859375
v 2.030968427658081 10.768122673034668 60.18423843383789
v 3.9492673873901367 9.692852020263672 59.63596725463867
v 3.2503180503845215 7.562254905700684 58.561031341552734
v 5.729887962341309 10.318851470947266 60.301509857177734
v 7.585230350494385 10.756834983825684 61.081382751464844
v 9.187162399291992 8.879217147827148 60.168270111083984
v 10.591639518737793 8.982391357421875 60.704627990722656
v 13.759719848632812 6.727536201477051 60.65074157714844
v 13.095002174377441 4.9808220863342285 59.5665397644043
v 16.278217315673828 5.084507942199707 61.19115447998047
v 17.128564834594727 2.8563461303710938 60.69779968261719
v 18.727540969848633 2.7283918857574463 61.85200881958008
v 20.252676010131836 1.9330124855041504 63.00115966796875
v 22.467178344726562 -2.159621477127075 63.446109771728516
v 21.03437614440918 2.7082362174987793 64.67912292480469
v 22.79903221130371 1.4149727821350098 67.53660583496094
v 23.82623863220215 0.203627347946167 69.39273071289062
v 22.485164642333984 2.9874022006988525 68.8411636352539
v 22.042442321777344 4.349426746368408 70.11019134521484
v 21.399490356445312 3.938972234725952 66.79269409179688
v 19.499094009399414 5.740808010101318 65.1327133178711
v 20.132572174072266 6.136707782745361 66.99899291992188
v 18.90891456604004 4.18549919128418 62.908992767333984
v 17.67715072631836 6.230892658233643 63.193397521972656
v 15.776631355285645 6.621031284332275 61.803035736083984
v 15.575906753540039 8.006665229797363 62.795284271240234
v 14.087775230407715 8.13341999053955 61.794124603271484
v 15.516416549682617 10.261712074279785 65.77130126953125
v 17.157121658325195 8.066038131713867 64.55397033691406
v 13.502827644348145 10.04065990447998 63.28628158569336
v 12.63400936126709 9.225930213928223 61.84431457519531
v 10.127460479736328 11.474474906921387 62.82673645019531
v 12.495672225952148 11.358508110046387 64.28681945800781
v 9.754667282104492 10.399511337280273 61.51323699951172
v 4.772232532501221 12.047690391540527 61.612693786621094
v 7.131032466888428 12.506241798400879 62.79262161254883
v 5.398383140563965 13.032247543334961 62.93404769897461
v 2.305288314819336 13.763991355895996 63.35369873046875
v 0.4855833351612091 13.670560836791992 63.081398010253906
v -0.8680070042610168 12.876349449157715 62.06163024902344
v -4.015193462371826 13.341300010681152 63.01509475708008
v -3.850388526916504 11.803510665893555 61.213714599609375
v -9.273931503295898 11.768155097961426 62.766624450683594
v -5.685978889465332 12.305931091308594 62.09867858886719
v -8.500931739807129 10.783157348632812 61.39883804321289
v -6.120905876159668 10.169095993041992 60.272891998291016
v -10.544965744018555 9.906764030456543 61.409393310546875
v -13.466897964477539 9.680728912353516 62.841941833496094
v -11.042557716369629 11.198750495910645 63.01118469238281
v -12.107231140136719 10.07769775390625 62.3636474609375
v -15.391241073608398 8.279851913452148 62.91373062133789
v -19.365598678588867 4.256651878356934 63.511131286621094
v -18.59600830078125 6.384672164916992 64.4876708984375
v -17.202425003051758 7.68598747253418 64.14938354492188
v -18.566503524780273 7.379752159118652 65.74386596679688
v -18.022356033325195 8.636545181274414 66.93733215332031
v -17.176237106323242 8.81363582611084 65.7050552368164
v -16.920270919799805 10.102995872497559 68.0086669921875
v -15.608442306518555 9.940650939941406 65.32910919189453
v -9.916647911071777 12.379486083984375 63.980472564697266
v -12.192893028259277 11.733198165893555 64.64595794677734
v -6.378118515014648 14.03976821899414 64.96564483642578
v -6.74811315536499 13.151062965393066 63.560726165771484
v -4.523049831390381 13.995806694030762 64.17664337158203
v -1.7765326499938965 14.186854362487793 63.97501754760742
v -3.6053924560546875 14.92741584777832 65.84020233154297
v 1.036069393157959 15.255814552307129 66.16354370117188
v 6.95415735244751 14.203792572021484 65.61722564697266
v 9.536483764648438 12.814861297607422 64.45115661621094
v 8.308929443359375 14.022913932800293 66.08224487304688
v 15.169580459594727 11.453384399414062 68.01187896728516
v 16.76081085205078 9.871569633483887 67.04705810546875
v 18.5920352935791 8.598458290100098 68.25082397460938
v 18.760629653930664 7.261380672454834 65.90052032470703
v 19.41426658630371 8.27436351776123 70.37835693359375
v 21.37384796142578 5.740970611572266 71.31957244873047
v 21.061386108398438 5.740416526794434 69.1893539428711
v 21.249984741210938 6.0221781730651855 72.93134307861328
v 22.19719696044922 -2.997480630874634 79.69416809082031
v 21.233684539794922 -6.582830905914307 81.29764556884766
v 23.49835777282715 -4.99304723739624 77.16144561767578
v 21.58570098876953 -2.5728306770324707 81.21221160888672
v 19.814895629882812 -7.781063556671143 83.67950439453125
v 18.712995529174805 -9.269936561584473 84.87849426269531
v 18.0627498626709 -10.505027770996094 85.15591430664062
v 19.593463897705078 -11.501206398010254 81.68621063232422
v 18.323955535888672 -12.385625839233398 83.13906860351562
v 18.339412689208984 -13.604823112487793 81.51141357421875
v 19.910789489746094 -12.583105087280273 79.68917846679688
v 21.091793060302734 -12.537449836730957 76.62190246582031
v 21.447845458984375 -11.417491912841797 77.4748764038086
v 18.587039947509766 -14.159525871276855 79.98115539550781
v 19.558774948120117 -14.543865203857422 76.173095703125
v 20.54753303527832 -13.498147010803223 76.078857421875
v 18.00893211364746 -15.159503936767578 78.85856628417969
v 18.044498443603516 -15.785492897033691 76.04588317871094
v 18.395709991455078 -15.777956008911133 74.5825424194336
v 9.261350631713867 -21.881004333496094 67.26629638671875
v 10.724214553833008 -21.421735763549805 66.62455749511719
v 10.895209312438965 -20.840707778930664 68.13978576660156
v 9.397750854492188 -21.993698120117188 65.90998840332031
v 5.616322994232178 -23.109495162963867 66.67654418945312
v 8.704150199890137 -22.09286880493164 64.73558807373047
v 7.359799861907959 -21.632144927978516 62.54815673828125
v 10.111559867858887 -20.33925437927246 61.67919158935547
v 9.61401081085205 -21.25566864013672 63.01622772216797
v 3.3996753692626953 -22.695228576660156 64.73148345947266
v 1.0187796354293823 -22.49692153930664 62.53252410888672
v 1.7885740995407104 -21.55131721496582 60.901954650878906
v 7.542034149169922 -20.785062789916992 61.16301345825195
v -0.593333899974823 -20.46442413330078 59.50952911376953
v 2.8635382652282715 -19.90596580505371 59.17407989501953
v -1.6854215860366821 -19.01049041748047 58.4022216796875
v -0.8884994983673096 -17.5654296875 57.602012634277344
v 1.2839003801345825 -18.667102813720703 58.175941467285156
v -2.746757984161377 -18.164377212524414 57.96071243286133
v -6.651679992675781 -16.597827911376953 57.63276290893555
v -0.15587806701660156 -15.669872283935547 56.99260711669922
v -4.1902360916137695 -15.281963348388672 57.03794479370117
v -2.054926872253418 -14.159695625305176 56.790794372558594
v -7.5227274894714355 -14.400434494018555 57.15219497680664
v -9.650012969970703 -17.025182723999023 58.372222900390625
v -10.865368843078613 -15.744718551635742 58.05531692504883
v -13.160710334777832 -15.626541137695312 58.6658821105957
v -11.51078987121582 -18.146272659301758 59.79761505126953
v -13.907491683959961 -16.894092559814453 59.804595947265625
v -14.691658020019531 -17.29705047607422 60.649383544921875
v -16.124988555908203 -16.085405349731445 60.40433883666992
v -15.527935028076172 -17.728710174560547 61.9412841796875
v -18.262941360473633 -15.965149879455566 62.46728515625
v -16.938058853149414 -17.316137313842773 63.09254837036133
v -19.790788650512695 -15.329559326171875 65.73410034179688
v -20.61631202697754 -14.308784484863281 65.45536804199219
v -18.839920043945312 -16.1396541595459 64.43567657470703
v -20.28707504272461 -14.352851867675781 63.873661041259766
v -23.12523078918457 -10.028491973876953 68.54399871826172
v -21.514638900756836 -12.012735366821289 63.918922424316406
v -21.46688461303711 -12.73325252532959 64.91361236572266
v -22.86650848388672 -8.013551712036133 65.23475646972656
v -22.706167221069336 -10.34243106842041 75.50699615478516
v -24.757652282714844 -6.352294921875 74.6269760131836
v -21.191505432128906 -10.09726619720459 79.53756713867188
v -20.927549362182617 -8.533018112182617 81.16282653808594
v -19.06451988220215 -11.691981315612793 82.52740478515625
v -18.67662239074707 -10.06872844696045 84.48468780517578
v -19.476505279541016 -8.77083969116211 83.8587875366211
v -17.298673629760742 -8.39879322052002 87.32569122314453
v -18.22818374633789 -6.939408302307129 86.50933837890625
v -16.404130935668945 -12.846935272216797 85.59332275390625
v -11.644469261169434 -14.333086967468262 89.33677673339844
v -10.119518280029297 -16.311094284057617 88.29669952392578
v -8.36676025390625 -16.043119430541992 90.1194076538086
v -8.911067962646484 -14.42102336883545 91.56461334228516
v -11.378250122070312 -12.30029296875 91.64649200439453
v -5.11997127532959 -15.375271797180176 92.86306762695312
v -7.7275896072387695 -13.896409034729004 92.89547729492188
v -10.117485046386719 -12.127845764160156 92.69934844970703
v -6.059731960296631 -13.778286933898926 93.90383911132812
v -8.560843467712402 -10.634467124938965 94.57621765136719
v -6.441154956817627 -10.971209526062012 95.38180541992188
v -7.549745559692383 -7.823239326477051 95.91064453125
v -8.149630546569824 -9.635642051696777 95.21925354003906
v -8.138022422790527 -8.125457763671875 95.81541442871094
v -11.210164070129395 -0.6384041905403137 99.08277130126953
v -9.10088062286377 -1.3796782493591309 97.22126770019531
v -10.124299049377441 0.29114922881126404 97.22087097167969
v -11.95619010925293 1.6792947053909302 97.57810974121094
v -19.150062561035156 2.259192943572998 99.57149505615234
v -20.08888816833496 3.231142044067383 97.01336669921875
v -21.737693786621094 1.5020644664764404 100.23181915283203
v -23.164138793945312 1.1946823596954346 99.75907897949219
v -24.213037490844727 -0.8986481428146362 103.92082214355469
v -23.565370559692383 1.8846150636672974 96.47415924072266
v -24.761903762817383 -0.04813884198665619 101.05691528320312
v -25.233394622802734 -1.6738107204437256 104.74179077148438
v -24.91509246826172 0.5971506237983704 98.09967041015625
v -26.055768966674805 -1.2438514232635498 101.88636779785156
v -26.599720001220703 -2.855470657348633 100.56041717529297
v -26.79615020751953 -2.6373167037963867 102.25028991699219
v -26.259506225585938 -3.644700765609741 106.94103240966797
v -26.48436737060547 -2.875237464904785 105.18473052978516
v -26.144372940063477 -2.3271946907043457 104.89765167236328
v -20.20215606689453 0.8013172149658203 101.99761962890625
v -21.369016647338867 -0.7493692636489868 104.28094482421875
v -17.58498764038086 1.0497041940689087 101.40499877929688
v -16.50284767150879 0.11992961168289185 102.14784240722656
v -15.426985740661621 0.5680528283119202 101.18767547607422
v -15.348562240600586 1.5405619144439697 100.01094055175781
v -15.906529426574707 2.490222692489624 98.87052917480469
v -13.074800491333008 0.017988378182053566 100.20039367675781
v -12.224759101867676 -2.014765739440918 100.72559356689453
v -10.485358238220215 -2.4658777713775635 99.23475646972656
v -11.268064498901367 -5.382116317749023 100.07847595214844
v -9.507217407226562 -6.3786702156066895 97.89906311035156
v -11.436756134033203 -4.238272190093994 100.38909912109375
v -8.264098167419434 -5.7547783851623535 96.5982437133789
v -8.803732872009277 -7.768392562866211 96.39364624023438
v -9.034385681152344 -10.148527145385742 94.88984680175781
v -8.767922401428223 -9.1701021194458 95.51727294921875
v -9.848515510559082 -11.239631652832031 93.88370513916016
v -10.654264450073242 -11.825334548950195 92.919921875
v -12.055374145507812 -9.17914867401123 98.45988464355469
v -11.846193313598633 -10.30030632019043 96.85824584960938
v -13.559344291687012 -10.377054214477539 97.66688537597656
v -12.559901237487793 -8.296388626098633 99.68620300292969
v -11.991058349609375 -7.165560722351074 100.01860046386719
v -12.82373046875 -4.404016494750977 101.58512878417969
v -13.473611831665039 -3.024686336517334 102.02367401123047
v -15.662086486816406 -3.4111135005950928 103.58966827392578
v -15.993255615234375 -4.392388343811035 103.8023681640625
v -13.820990562438965 -5.194092750549316 102.23515319824219
v -14.378015518188477 -1.7700440883636475 102.29127502441406
v -18.806413650512695 -3.0768039226531982 105.23524475097656
v -16.726402282714844 -1.770267128944397 103.7130126953125
v -16.081647872924805 -0.942940890789032 102.86550903320312
v -19.05060386657715 -0.9749265313148499 104.11137390136719
v -18.585683822631836 -2.5394530296325684 104.96517181396484
v -20.122940063476562 -1.608528971672058 104.98275756835938
v -23.83475685119629 -1.2502307891845703 104.75578308105469
v -23.160099029541016 -2.4830899238586426 106.33499908447266
v -21.607669830322266 -2.7923595905303955 106.20148468017578
v -17.770694732666016 -4.962427616119385 104.71733093261719
v -15.999163627624512 -6.0465617179870605 103.39788818359375
v -16.322092056274414 -7.416117191314697 102.78355407714844
v -14.044239044189453 -6.148754596710205 102.09922790527344
v -15.911124229431152 -8.29256534576416 101.78390502929688
v -14.314952850341797 -9.221452713012695 99.87347412109375
v -16.241926193237305 -8.897225379943848 101.16690063476562
v -12.118585586547852 -11.14840030670166 95.35804748535156
v -11.807686805725098 -11.986435890197754 92.05975341796875
v -21.737268447875977 -4.407785892486572 106.51009368896484
v -25.91699981689453 -3.0184860229492188 100.54852294921875
v -25.846899032592773 -3.2683658599853516 101.7742919921875
v -25.891977310180664 -2.7530741691589355 99.17276000976562
v -25.898149490356445 -2.8218047618865967 99.5279541015625
v -25.917381286621094 -2.953705310821533 100.2159423828125
v -25.870784759521484 -2.5364387035369873 98.07025146484375
v -25.871723175048828 -2.6111955642700195 98.44390869140625
v -25.883316040039062 -2.6826236248016357 98.81138610839844
v -25.842350006103516 -2.3854572772979736 97.30968475341797
v -25.851932525634766 -2.4622998237609863 97.69261932373047
v -26.032602310180664 -1.769206166267395 94.516845703125
v -25.791349411010742 -2.2316434383392334 96.53358459472656
v -25.742408752441406 -2.137132406234741 96.06309509277344
v -25.69032859802246 -2.0492684841156006 95.62506103515625
v -26.4989013671875 -1.6916652917861938 95.73106384277344
v -25.913738250732422 -1.0263770818710327 92.20071411132812
v -24.55074119567871 1.0691087245941162 89.13563537597656
v -24.37161636352539 0.3570617139339447 86.95694732666016
v -24.940214157104492 0.8848587274551392 90.69363403320312
v -22.342967987060547 3.181760311126709 87.74850463867188
v -22.59855079650879 2.354854106903076 85.5412826538086
v -21.710058212280273 3.321979284286499 85.82841491699219
v -17.104001998901367 6.197216510772705 85.98161315917969
v -19.289962768554688 7.1962995529174805 79.59513854980469
v -18.21278953552246 8.30832290649414 80.39754486083984
v -18.198104858398438 9.164125442504883 78.19097137451172
v -20.88850212097168 6.231876850128174 75.51297760009766
v -20.822303771972656 6.621355056762695 71.79283142089844
v -21.84320640563965 4.9488420486450195 73.7851791381836
v -22.612838745117188 3.5481882095336914 71.49490356445312
v -21.623790740966797 5.076788902282715 70.10464477539062
v -21.137632369995117 4.889995098114014 67.5804214477539
v -16.20847511291504 11.286565780639648 70.32070922851562
v -14.871689796447754 11.685564041137695 68.13948059082031
v -12.74543285369873 12.659862518310547 67.29788208007812
v -5.83171272277832 15.187994956970215 67.64480590820312
v 3.3336379528045654 15.886308670043945 68.82009887695312
v 6.937069416046143 14.971616744995117 67.7225570678711
v 3.801501989364624 15.360394477844238 67.10187530517578
v 8.174577713012695 14.94467544555664 68.85539245605469
v 10.932417869567871 12.821070671081543 65.5543212890625
v 13.705429077148438 12.824734687805176 69.72984313964844
v 15.598581314086914 11.786569595336914 70.60041809082031
v 17.051834106445312 10.36031436920166 69.20793914794922
v 19.679889678955078 8.18410873413086 72.07113647460938
v 18.30694580078125 9.330499649047852 77.15653991699219
v 20.07185173034668 7.162091255187988 76.78807067871094
v 20.561677932739258 6.911000728607178 74.71617126464844
v 20.895849227905273 4.57875919342041 79.02163696289062
v 19.91304588317871 5.815117835998535 80.17021179199219
v 19.653514862060547 4.763949394226074 82.31373596191406
v 20.177265167236328 3.8087732791900635 82.76824951171875
v 19.059328079223633 4.961837291717529 84.50192260742188
v 22.75156593322754 2.076266050338745 85.2872314453125
v 23.256223678588867 0.3873074948787689 84.02345275878906
v 23.792003631591797 0.6149959564208984 85.57901000976562
v 23.540624618530273 -0.4088594913482666 84.34878540039062
v 22.2072696685791 -0.4074966013431549 81.45420837402344
v 21.776514053344727 -1.869016170501709 81.60137939453125
v 21.977155685424805 -1.4032577276229858 80.2149429321289
v 21.229869842529297 -2.523386001586914 82.7623291015625
v 20.80388069152832 -2.461226463317871 83.91124725341797
v 19.95136833190918 -2.965588092803955 84.50540161132812
v 20.6346435546875 -1.9409165382385254 84.83792114257812
v 19.778240203857422 -2.1348495483398438 85.14102935791016
v 19.367536544799805 -2.2980244159698486 85.9239730834961
v 19.585491180419922 -3.4399020671844482 85.30548858642578
v 19.520435333251953 -2.2812423706054688 85.38551330566406
v 19.697948455810547 -4.06704568862915 84.75668334960938
v 20.10971450805664 -1.5564818382263184 85.90743255615234
v 19.595922470092773 -1.738044023513794 86.1633529663086
v 19.381488800048828 -2.055413007736206 86.31998443603516
v 19.698545455932617 -3.108463764190674 86.4958267211914
v 19.360897064208984 -2.282898426055908 86.44554901123047
v 16.470142364501953 -5.123030185699463 91.07940673828125
v 16.15335464477539 -4.235736846923828 91.3639907836914
v 16.20372772216797 -4.376635551452637 92.32843780517578
v 16.995450973510742 -3.5578720569610596 90.90192413330078
v 16.75267219543457 -5.1833271980285645 90.65791320800781
v 19.557003021240234 -3.1091864109039307 88.3861083984375
v 20.638036727905273 -2.458070755004883 89.74407958984375
v 14.272215843200684 -7.3111138343811035 92.1119384765625
v 14.346959114074707 -7.080482482910156 92.28768920898438
v 14.2977933883667 -7.209496021270752 92.19662475585938
v 15.038736343383789 -7.504432678222656 90.52824401855469
v 15.052586555480957 -6.936323642730713 91.58474731445312
v 14.272215843200684 -7.3111138343811035 92.1119384765625
v 14.22751235961914 -7.928588390350342 91.465087890625
v 13.964425086975098 -7.818934917449951 92.10777282714844
v 14.899470329284668 -9.457155227661133 90.40882873535156
v 13.918267250061035 -8.240214347839355 92.08575439453125
v 15.306571006774902 -9.313719749450684 89.51880645751953
v 16.891551971435547 -6.070584297180176 88.58430480957031
v 17.208349227905273 -8.916336059570312 87.23287963867188
v 16.979955673217773 -10.814268112182617 86.48868560791016
v 15.665191650390625 -13.115571022033691 86.30192565917969
v 16.43406105041504 -13.587844848632812 84.76179504394531
v 16.97175407409668 -14.820155143737793 81.98797607421875
v 16.30620765686035 -16.203222274780273 79.6122055053711
v 17.32937240600586 -16.204143524169922 76.3533935546875
v 17.765459060668945 -15.957087516784668 76.16083526611328
v 8.947626113891602 -19.919193267822266 69.6425552368164
v 11.007108688354492 -20.13322639465332 68.87471008300781
v 11.119444847106934 -19.699647903442383 68.99866485595703
v 7.026553153991699 -19.58854103088379 70.53550720214844
v 5.998402118682861 -19.593521118164062 71.35558319091797
v 5.965790748596191 -20.20491600036621 71.21134185791016
v 4.859875679016113 -20.60296058654785 73.17078399658203
v 4.914834499359131 -20.8836612701416 71.9359130859375
v 5.36421012878418 -20.34445571899414 71.95457458496094
v 5.437352180480957 -20.298490524291992 74.86898040771484
v 2.8943333625793457 -21.53402328491211 74.14005279541016
v 2.741450071334839 -22.007890701293945 72.60231018066406
v 1.8379758596420288 -21.720598220825195 78.00654602050781
v 0.582043468952179 -22.02121925354004 74.27682495117188
v -3.682281732559204 -21.113605499267578 81.2215347290039
v -2.288978338241577 -21.694217681884766 74.802734375
v -2.061067819595337 -21.597095489501953 79.59709930419922
v -0.7401643395423889 -21.249908447265625 82.86268615722656
v -2.5837090015411377 -20.05582618713379 86.29403686523438
v -2.517232656478882 -21.032752990722656 83.04067993164062
v 1.0223171710968018 -20.322946548461914 86.0107421875
v -0.8365024924278259 -19.83391571044922 87.25353240966797
v -2.665729284286499 -18.361236572265625 89.76905059814453
v -5.443096160888672 -18.32062530517578 88.61981201171875
v -4.155478000640869 -16.596975326538086 91.84590911865234
v -6.1540141105651855 -17.453025817871094 89.64553833007812
v -3.4541101455688477 -15.136836051940918 93.66529083251953
v -4.4549455642700195 -13.47475528717041 94.71035766601562
v -3.987360715866089 -11.376411437988281 95.91732025146484
v -4.4290385246276855 -9.659893989562988 96.34652709960938
v -7.329087734222412 -0.22669923305511475 99.47441101074219
v -6.042567253112793 -3.097721815109253 97.74617004394531
v -7.19974422454834 -0.1025610938668251 99.50912475585938
v -7.056394100189209 -0.8866552114486694 97.11849975585938
v -7.32893705368042 -1.188718557357788 96.98833465576172
v -7.492116928100586 -1.415239930152893 97.111572265625
v -9.720550537109375 2.4631338119506836 94.55665588378906
v -9.663183212280273 3.311816692352295 93.96409606933594
v -11.08399772644043 3.8917834758758545 93.47852325439453
v -10.668558120727539 2.8318443298339844 94.69021606445312
v -12.962894439697266 3.8036539554595947 95.0447998046875
v -15.253877639770508 4.774174213409424 94.01278686523438
v -15.20724105834961 3.647007703781128 96.60990905761719
v -12.474710464477539 4.722492218017578 92.63673400878906
v -16.838729858398438 5.247956275939941 92.46881866455078
v -18.109539031982422 5.451999187469482 89.92805480957031
v -17.57915687561035 4.781632900238037 93.87810516357422
v -19.717878341674805 4.629575252532959 92.3848876953125
v -20.043500900268555 4.742578983306885 90.44731903076172
v -21.82132339477539 2.9584591388702393 95.9223861694336
v -21.55682373046875 3.9284658432006836 90.19454956054688
v -22.527284622192383 3.0580976009368896 93.42475891113281
v -25.77490234375 -0.23934577405452728 98.4910888671875
v -26.034164428710938 -0.25973978638648987 94.39692687988281
v -26.408639907836914 -1.0723754167556763 99.0270767211914
v -26.490856170654297 -1.231371283531189 95.39787292480469
v -25.87342643737793 -0.5587736964225769 91.8841552734375
v -22.897329330444336 2.9180374145507812 89.69733428955078
v -20.849946975708008 4.218284606933594 87.10738372802734
v -19.319408416748047 5.113722324371338 88.4880142211914
v -18.579862594604492 5.283636093139648 85.77488708496094
v -16.618022918701172 5.801548957824707 88.57009887695312
v -16.492977142333984 6.016515731811523 87.50176239013672
v -15.837830543518066 8.044315338134766 85.51123809814453
v -15.167620658874512 10.071443557739258 83.45628356933594
v -16.210594177246094 8.986924171447754 83.53964233398438
v -17.23476791381836 9.891433715820312 79.19671630859375
v -17.50684356689453 10.370695114135742 75.85869598388672
v -18.416147232055664 9.634037971496582 73.15399169921875
v -18.64935874938965 9.301630020141602 75.02765655517578
v -19.860761642456055 7.807676315307617 75.25328063964844
v -19.733840942382812 7.5213446617126465 77.16161346435547
v -19.921215057373047 7.595724582672119 70.15239715576172
v -20.62890625 6.270979404449463 68.883544921875
v -18.374935150146484 9.010624885559082 68.81855773925781
v -18.267505645751953 9.676583290100098 71.44485473632812
v -14.685672760009766 12.631824493408203 72.55767059326172
v -11.758544921875 13.498997688293457 68.42170715332031
v -12.348980903625488 13.861648559570312 71.81802368164062
v -9.661277770996094 14.71297550201416 70.02084350585938
v -9.063139915466309 14.405427932739258 67.87521362304688
v -7.8445000648498535 15.530952453613281 71.71077728271484
v -4.024989604949951 16.125123977661133 70.50383758544922
v -1.6132211685180664 15.903494834899902 68.32855987548828
v -1.8546340465545654 16.274307250976562 70.14447784423828
v 1.1525828838348389 16.211626052856445 69.61958312988281
v 5.800660133361816 15.813376426696777 70.31700897216797
v 8.102962493896484 15.434394836425781 71.47651672363281
v 11.215338706970215 13.926519393920898 69.14222717285156
v 10.980260848999023 14.491626739501953 71.89832305908203
v 12.775266647338867 13.6386137008667 71.66334533691406
v 18.088457107543945 9.586835861206055 69.89298248291016
v 16.39679718017578 11.380776405334473 71.99153900146484
v 14.992298126220703 12.493213653564453 74.3868408203125
v 17.23642349243164 10.525768280029297 76.63006591796875
v 18.277658462524414 9.780743598937988 73.94105529785156
v 17.78601837158203 9.044097900390625 79.91311645507812
v 18.86031723022461 7.8247175216674805 79.58868408203125
v 18.220510482788086 5.698981285095215 84.62911987304688
v 17.788732528686523 7.921014785766602 82.16497802734375
v 15.83541202545166 6.299869060516357 87.67491149902344
v 17.141923904418945 5.909428596496582 86.72808837890625
v 18.52814483642578 5.312211990356445 85.46451568603516
v 21.148704528808594 3.769247531890869 85.79008483886719
v 21.54033851623535 3.8254785537719727 87.72590637207031
v 22.712034225463867 2.6402347087860107 86.77420043945312
v 23.436359405517578 2.2977421283721924 88.63093566894531
v 23.8305606842041 1.5368249416351318 87.4310073852539
v 24.329442977905273 -1.0123965740203857 87.98088073730469
v 22.74724769592285 -1.459602952003479 84.89619445800781
v 21.362178802490234 -2.2687931060791016 83.46578979492188
v 23.489316940307617 -1.1433889865875244 86.2403564453125
v 22.36556625366211 -0.6874568462371826 87.67916870117188
v 21.86861801147461 -1.3442074060440063 85.54999542236328
v 14.592713356018066 -9.174812316894531 91.3120346069336
v 14.019267082214355 -8.639259338378906 92.86341857910156
v 14.817574501037598 -9.788697242736816 91.10952758789062
v 14.928945541381836 -10.228775024414062 92.48106384277344
v 14.790839195251465 -10.176294326782227 90.13504028320312
v 10.682645797729492 -12.1462984085083 92.42605590820312
v 9.805248260498047 -11.15640926361084 94.08892059326172
v 9.413188934326172 -11.270980834960938 93.91810607910156
v 3.643162488937378 -4.650388717651367 97.75315856933594
v 2.5436108112335205 -6.414074420928955 97.29864501953125
v 0.29928749799728394 -4.112259864807129 97.87855529785156
v -0.4219530522823334 -3.1023075580596924 98.19219970703125
v -2.3688995838165283 -5.808945178985596 97.48828125
v -1.834305763244629 -8.902482986450195 96.85993194580078
v -2.1553094387054443 -2.001460552215576 99.1572265625
v -3.4743423461914062 -2.233430862426758 98.98558044433594
v -2.450803279876709 -3.642263889312744 98.36840057373047
v -4.0763840675354 -6.147833347320557 97.1259765625
v -3.675870656967163 -0.5461106896400452 100.10621643066406
v -3.7939581871032715 2.2314484119415283 102.56956481933594
v -2.6088109016418457 0.5643340349197388 98.98506164550781
v -3.061770439147949 0.015509083867073059 97.63105010986328
v -0.9520918130874634 -0.04036376625299454 98.3246841430664
v -2.367608070373535 0.15707063674926758 97.23823547363281
v -2.8139359951019287 0.5408129096031189 96.83721923828125
v -4.529553413391113 2.7154245376586914 95.91231536865234
v -5.467010974884033 4.398263454437256 95.10621643066406
v -6.062525749206543 2.7470285892486572 95.49992370605469
v -9.120738983154297 3.365840435028076 94.10879516601562
v -10.842391014099121 5.119285583496094 92.46621704101562
v -12.496601104736328 5.431116104125977 91.48600006103516
v -13.909478187561035 5.613574981689453 90.76397705078125
v -15.02987003326416 6.140477180480957 88.84981536865234
v -12.090994834899902 5.782456874847412 91.3299560546875
v -12.330937385559082 8.827179908752441 88.59774780273438
v -14.367173194885254 6.516079425811768 88.9256362915039
v -13.414567947387695 9.506381034851074 86.74040985107422
v -10.691821098327637 11.589406967163086 86.4415054321289
v -13.132965087890625 11.413601875305176 83.99846649169922
v -14.111322402954102 9.751849174499512 85.56131744384766
v -11.329212188720703 10.318376541137695 87.73382568359375
v -10.5943603515625 12.76534366607666 84.29920959472656
v -10.617164611816406 13.879372596740723 81.15364074707031
v -12.11107063293457 12.524409294128418 82.94955444335938
v -12.952564239501953 12.930299758911133 80.2159423828125
v -12.953585624694824 13.443636894226074 77.71440124511719
v -14.332561492919922 12.28471851348877 79.31827545166016
v -14.927528381347656 12.309298515319824 77.10177612304688
v -16.666650772094727 11.243401527404785 73.702880859375
v -10.796183586120605 14.697683334350586 74.57414245605469
v -13.125194549560547 13.580163955688477 73.26841735839844
v -8.603271484375 15.44681453704834 73.4284896850586
v 0.31304168701171875 16.725236892700195 74.95134735107422
v 1.3263823986053467 16.6160888671875 72.63456726074219
v -3.540745735168457 16.411611557006836 72.3438949584961
v 4.60447883605957 16.268680572509766 72.25748443603516
v 9.265447616577148 15.269784927368164 74.88661193847656
v 10.519454956054688 14.811113357543945 74.09431457519531
v 12.68610954284668 13.834346771240234 74.8600082397461
v 14.439967155456543 12.681852340698242 76.86824798583984
v 15.034378051757812 11.258465766906738 81.05119323730469
v 15.843351364135742 11.130969047546387 79.40078735351562
v 13.999268531799316 10.688092231750488 84.16413116455078
v 15.826988220214844 9.683810234069824 83.03093719482422
v 13.421401023864746 9.025936126708984 87.33625793457031
v 15.314848899841309 8.726469993591309 85.38350677490234
v 18.010374069213867 5.509655952453613 89.47630310058594
v 19.972009658813477 4.825732707977295 89.45477294921875
v 22.55120849609375 3.1848859786987305 89.26036834716797
v 23.77138328552246 2.2195210456848145 91.56488037109375
v 24.893993377685547 0.8008870482444763 90.00562286376953
v 24.728092193603516 0.4517475962638855 88.32198333740234
v 25.24019432067871 -0.400747686624527 89.34478759765625
v 24.085481643676758 -0.6800931692123413 85.92469024658203
v 24.222517013549805 0.15667536854743958 86.306640625
v 23.28644371032715 -0.8619956970214844 87.85037994384766
v 23.067188262939453 -0.8617578148841858 87.53779602050781
v 24.960126876831055 -1.1958034038543701 90.87330627441406
v 23.1517276763916 -0.7054661512374878 88.78651428222656
v 15.523598670959473 -9.348499298095703 95.85894012451172
v 14.185526847839355 -7.821251392364502 94.99262237548828
v 15.256576538085938 -8.230714797973633 96.87605285644531
v 14.050261497497559 -8.461434364318848 93.81021881103516
v 14.856576919555664 -9.772199630737305 92.26528930664062
v 11.38027572631836 -11.983518600463867 92.47270965576172
v 14.533368110656738 -10.429566383361816 97.77459716796875
v 10.433225631713867 -11.614583015441895 93.46200561523438
v 8.83819580078125 -9.77583122253418 95.15594482421875
v 7.9902544021606445 -8.619925498962402 95.64935302734375
v 8.43458080291748 -8.87500286102295 95.57844543457031
v 7.05432653427124 -5.501762390136719 96.40058135986328
v 8.275369644165039 -4.0832600593566895 96.88050842285156
v 8.030596733093262 -3.1245243549346924 96.80096435546875
v 8.185027122497559 -7.093031883239746 96.17559814453125
v 9.61108112335205 1.614394187927246 95.28069305419922
v 8.876748085021973 0.7577699422836304 95.52705383300781
v 9.985010147094727 -0.2896447479724884 97.5628433227539
v 8.335189819335938 -0.9642837643623352 96.31698608398438
v 12.07150936126709 5.7937469482421875 91.32127380371094
v 9.548891067504883 7.88631010055542 91.42771911621094
v 8.919683456420898 5.956604480743408 93.03457641601562
v 12.202004432678223 8.557879447937012 88.98594665527344
v 9.795816421508789 9.232641220092773 90.10277557373047
v 11.44418716430664 11.72282600402832 85.48283386230469
v 9.929062843322754 12.106825828552246 86.25144958496094
v 11.268206596374512 10.666552543640137 87.32524108886719
v 8.070804595947266 13.118542671203613 85.84796142578125
v 7.78718900680542 11.626851081848145 88.5030517578125
v 12.164642333984375 12.353565216064453 83.29972839355469
v 10.371170997619629 13.755555152893066 81.955322265625
v 10.223807334899902 14.458648681640625 79.40316772460938
v 12.178377151489258 13.220938682556152 80.77314758300781
v 7.131234645843506 15.188850402832031 80.84880065917969
v 12.008788108825684 13.779227256774902 78.72770690917969
v 9.583045959472656 15.028669357299805 77.221923828125
v 3.7788498401641846 16.319610595703125 78.0577392578125
v 7.548954486846924 15.559701919555664 78.16655731201172
v 6.608267307281494 16.003917694091797 74.29224395751953
v 3.339021921157837 16.548009872436523 74.470458984375
v 1.30186128616333 16.55350685119629 77.81361389160156
v 4.165133953094482 15.73972225189209 81.1617202758789
v 4.418272018432617 14.33568000793457 85.36970520019531
v 5.113405704498291 13.271129608154297 87.23412322998047
v 4.457554817199707 11.87727165222168 89.59396362304688
v 6.547962665557861 10.563101768493652 90.43449401855469
v 8.455344200134277 10.452987670898438 89.61256408691406
v 7.405890464782715 8.750365257263184 91.82152557373047
v 5.135778427124023 8.020771026611328 93.20140075683594
v 6.933257579803467 7.494600296020508 92.98091125488281
v 9.92702579498291 3.9179365634918213 93.5413818359375
v 6.386334419250488 2.5705606937408447 95.44224548339844
v 7.162088394165039 -0.9456631541252136 96.82327270507812
v 7.388068675994873 -0.830871045589447 98.29364013671875
v 6.720174789428711 -1.0008288621902466 99.06367492675781
v 7.364614963531494 -0.7419043779373169 98.36238098144531
v 6.9601240158081055 -0.7996203303337097 97.3060073852539
v 7.0884904861450195 -0.33998048305511475 98.54564666748047
v 5.727828502655029 -0.6806753873825073 97.89588928222656
v 4.5103759765625 0.8363614678382874 96.3980712890625
v 4.329448699951172 4.067571640014648 95.51240539550781
v 1.859191656112671 2.7689614295959473 96.27940368652344
v 4.261959552764893 2.2459051609039307 96.09481811523438
v 0.03725317865610123 8.177183151245117 93.73652648925781
v -0.5753558874130249 5.725533485412598 95.20574188232422
v 2.2657625675201416 6.7277936935424805 94.56478881835938
v 2.676194429397583 8.936993598937988 92.99462890625
v 5.631282806396484 8.964406967163086 92.31880187988281
v 3.942124843597412 10.028205871582031 91.80913543701172
v 1.7212241888046265 14.290454864501953 86.22259521484375
v 3.790224075317383 15.163490295410156 83.45228576660156
v 1.8461731672286987 16.194683074951172 80.15048217773438
v 1.4311954975128174 15.570079803466797 82.88999938964844
v -0.6135812997817993 15.269404411315918 83.93321228027344
v 0.7235444784164429 14.879179000854492 84.97830200195312
v -0.5518278479576111 15.9956636428833 81.3707504272461
v -2.645054340362549 16.519426345825195 77.17607879638672
v -4.782852649688721 15.862716674804688 80.08760833740234
v -7.016481399536133 15.720802307128906 77.928466796875
v -6.505912780761719 15.306711196899414 81.0414810180664
v -8.333504676818848 15.01923656463623 80.00402069091797
v -10.9066162109375 14.540976524353027 76.85029602050781
v -7.592463493347168 15.750244140625 75.52381134033203
v -4.819499492645264 16.266799926757812 76.92561340332031
v -6.671058177947998 15.895920753479004 72.482177734375
v -3.168407917022705 16.557178497314453 74.29661560058594
v -5.244440078735352 14.540240287780762 84.46977233886719
v -3.6133058071136475 15.511150360107422 82.37619018554688
v -3.259650707244873 14.758888244628906 84.78359985351562
v -0.8908238410949707 14.023250579833984 86.85845184326172
v -5.8511481285095215 14.020898818969727 85.38057708740234
v -4.754435062408447 12.65914249420166 88.37065887451172
v -8.676434516906738 12.841263771057129 85.92472076416016
v -8.483654975891113 13.905753135681152 83.70272827148438
v -9.615214347839355 10.482215881347656 88.84419250488281
v -6.422217845916748 11.26426887512207 89.64974975585938
v -6.987967491149902 11.883798599243164 88.56283569335938
v -7.024121284484863 9.351183891296387 91.44503784179688
v -3.826961040496826 11.142438888549805 90.65025329589844
v -5.153661727905273 8.73381233215332 92.6430435180664
v -1.7452147006988525 9.009857177734375 93.02909851074219
v -2.961465835571289 11.959210395812988 89.83326721191406
v -3.9775147438049316 7.624445915222168 93.73990631103516
v -3.0240440368652344 6.140327453613281 94.7908706665039
v -2.2324979305267334 4.241185665130615 95.75609588623047
v -1.3432543277740479 2.8621463775634766 96.28398895263672
v 0.485885888338089 1.416536569595337 96.69487762451172
v 2.8397223949432373 1.5418306589126587 96.49951171875
v 2.6884405612945557 0.08487366139888763 97.7562484741211
v 2.2852699756622314 0.5010631680488586 96.95502471923828
v -6.874356269836426 6.534972667694092 93.6111831665039
v -8.186667442321777 5.302494049072266 93.72979736328125
v -7.947397232055664 8.15647029876709 92.05718994140625
v -9.113566398620605 7.434208869934082 92.01043701171875
v -10.803193092346191 8.92335319519043 89.70861053466797
v -0.9144431948661804 0.05390520766377449 99.24789428710938
v -1.5725436210632324 0.8181147575378418 100.01826477050781
v -2.5473358631134033 1.7376577854156494 102.19996643066406
v -3.5072975158691406 1.8277250528335571 102.4498291015625
v -2.349395513534546 0.11378006637096405 100.71315002441406
v -3.224123954772949 2.5401101112365723 103.11492919921875
v -3.6519508361816406 2.1929140090942383 101.84104919433594
v -1.6959209442138672 1.0210152864456177 100.96371459960938
v 4.635268688201904 -0.6679067611694336 98.85393524169922
v 4.169144630432129 0.1781654804944992 100.31695556640625
v 3.6742963790893555 -0.4654034376144409 100.19114685058594
v 3.4148786067962646 -2.296236038208008 98.97518920898438
v 4.067250728607178 -1.4625500440597534 99.20664978027344
v 2.4973959922790527 -1.4966771602630615 99.5264892578125
v 2.770822286605835 2.1167266368865967 102.60765075683594
v 2.0160715579986572 1.3586572408676147 101.48114013671875
v 2.90181040763855 2.6170332431793213 102.80372619628906
v 1.1827484369277954 0.24932050704956055 99.51177215576172
v 3.7874388694763184 2.2182912826538086 102.03964233398438
v 3.268369197845459 2.7925732135772705 102.77615356445312
v 3.391162633895874 2.911848783493042 103.25453186035156
v 6.109041213989258 3.206305503845215 95.34855651855469
v 6.963720798492432 4.680729389190674 94.51803588867188
v 5.349485397338867 5.560436248779297 94.62734985351562
v 13.664949417114258 6.231075763702393 89.8546371459961
v 14.943012237548828 6.160783767700195 88.90667724609375
v 14.763601303100586 5.749597549438477 90.12749481201172
v 18.71187973022461 4.917059898376465 92.547607421875
v 17.578109741210938 5.308398246765137 91.7828598022461
v 17.300260543823242 5.017068862915039 93.18453979492188
v 22.771570205688477 2.7091047763824463 94.74468994140625
v 21.235694885253906 4.083426475524902 91.11683654785156
v 25.48426055908203 0.4697152376174927 94.43562316894531
v 25.707382202148438 0.07864195853471756 92.62716674804688
v 25.89276123046875 -0.5018841624259949 92.04922485351562
v 26.013439178466797 -1.506994366645813 93.50938415527344
v 25.69988441467285 -2.099754571914673 95.93864440917969
v 26.22283935546875 -2.298119306564331 97.08302307128906
v 25.69988441467285 -2.099754571914673 95.93864440917969
v 25.761934280395508 -2.1938400268554688 96.40918731689453
v 16.56887435913086 -8.825345993041992 98.25123596191406
v 15.844513893127441 -9.626049995422363 96.46196746826172
v 16.249284744262695 -9.688070297241211 97.68998718261719
v 15.411384582519531 -10.411541938781738 96.57057189941406
v 13.964620590209961 -11.18606185913086 95.0082778930664
v 12.66751480102539 -10.511388778686523 97.02352142333984
v 11.65582275390625 -8.372784614562988 98.90742492675781
v 8.879374504089355 -8.515299797058105 96.04067993164062
v 10.1295747756958 -5.670648574829102 98.85089111328125
v 11.502169609069824 3.467367649078369 94.39154052734375
v 10.310367584228516 3.214514970779419 94.00711822509766
v 12.430200576782227 4.7125959396362305 92.64630126953125
v 12.132560729980469 5.083761692047119 92.02001953125
v 13.399858474731445 5.239133834838867 91.74105834960938
v 14.44058609008789 4.9211578369140625 93.26213073730469
v 14.53268814086914 4.055992603302002 95.5024185180664
v 15.953633308410645 3.458521842956543 97.19111633300781
v 16.420093536376953 4.003225803375244 96.12033081054688
v 16.302064895629883 4.725028038024902 94.29083251953125
v 20.51436424255371 4.290212631225586 92.49937438964844
v 20.720888137817383 3.2381839752197266 96.45265197753906
v 23.63351821899414 1.119375467300415 99.3071060180664
v 26.759174346923828 -1.7367534637451172 98.69213104248047
v 26.463035583496094 -1.4465665817260742 95.1465835571289
v 26.333660125732422 -0.7576944828033447 95.29174041748047
v 26.649028778076172 -2.4263148307800293 98.60050964355469
v 21.52922248840332 -6.720015525817871 103.6224594116211
v 19.45952606201172 -6.6946001052856445 101.48893737792969
v 19.72134780883789 -6.634098052978516 101.71723937988281
v 19.19902801513672 -6.751656532287598 101.2572250366211
v 15.463974952697754 -7.881624221801758 97.39901733398438
v 17.67304801940918 -8.471940994262695 99.92985534667969
v 17.85350799560547 -8.790702819824219 100.43272399902344
v 16.54524803161621 -9.520339965820312 99.93333435058594
v 13.346627235412598 -8.288187026977539 100.27974700927734
v 13.999074935913086 -9.850865364074707 98.79859924316406
v 10.362960815429688 -1.9530038833618164 98.92677307128906
v 12.131753921508789 -1.141789197921753 100.24095916748047
v 11.0350923538208 0.9920591711997986 97.48272705078125
v 26.441865921020508 -1.0381802320480347 98.4400863647461
v 25.24842071533203 0.605481743812561 96.17240905761719
v 26.138084411621094 -3.977280855178833 105.74150085449219
v 25.8971004486084 -2.9856464862823486 100.42141723632812
v 25.865808486938477 -2.416461229324341 97.52154541015625
v 20.756118774414062 -6.359704494476318 102.60392761230469
v 21.01044273376465 -6.275835037231445 102.8161392211914
v 19.818571090698242 -7.827253818511963 103.39495849609375
v 16.29828643798828 -9.062289237976074 100.91837310791016
v 13.024093627929688 -5.111116886138916 101.64964294433594
v 12.38879680633545 -7.094106674194336 100.39686584472656
v 11.083518028259277 -7.161727428436279 99.2142562866211
v 12.094609260559082 -3.90283203125 100.98474884033203
v 10.242680549621582 -4.465453147888184 99.17403411865234
v 12.759719848632812 -2.8428006172180176 101.4256591796875
v 16.403610229492188 0.5528687834739685 101.64179992675781
v 12.778621673583984 1.2783154249191284 98.73899841308594
v 13.742237091064453 0.2643546462059021 100.47500610351562
v 16.38547706604004 2.082233428955078 99.64542388916016
v 14.31592082977295 2.730614423751831 97.8263168334961
v 20.451108932495117 1.2160295248031616 101.2707290649414
v 20.00215721130371 2.493373394012451 98.87383270263672
v 17.920236587524414 2.357022762298584 99.4483642578125
v 23.901269912719727 -0.9686926603317261 104.2330322265625
v 22.856992721557617 1.1925448179244995 100.10924530029297
v 25.66736602783203 -1.2854499816894531 103.08132934570312
v 26.104625701904297 -1.4166502952575684 102.35655212402344
v 24.40073585510254 0.6883929371833801 99.27328491210938
v 25.896390914916992 -0.510092556476593 99.35978698730469
v 26.58462142944336 -1.8786078691482544 101.92215728759766
v 26.63979148864746 -2.4211785793304443 103.39077758789062
v 26.835111618041992 -2.3963541984558105 100.10298919677734
v 26.72811508178711 -2.9106357097625732 103.30099487304688
v 25.43577003479004 -4.744819164276123 106.17289733886719
v 23.594852447509766 -5.8637776374816895 105.29778289794922
v 18.726491928100586 -8.075424194335938 102.98442077636719
v 20.734546661376953 -6.551103115081787 105.1622314453125
v 17.76174545288086 -7.6310882568359375 103.24695587158203
v 16.149215698242188 -8.68930435180664 101.41574096679688
v 15.616509437561035 -7.171298503875732 102.56912231445312
v 15.975196838378906 -5.501796722412109 103.57947540283203
v 15.788938522338867 -4.003693580627441 103.69963073730469
v 14.226330757141113 -4.852323532104492 102.59364318847656
v 14.505640029907227 -3.5071146488189697 102.84294128417969
v 14.74644660949707 -2.1536896228790283 102.70085144042969
v 16.60051918029785 -1.6655246019363403 103.58937072753906
v 13.982039451599121 -0.8809337615966797 101.53408813476562
v 15.784353256225586 -0.1278996765613556 102.04655456542969
v 24.17820930480957 -0.5367591381072998 103.14739990234375
v 25.904876708984375 -1.924261450767517 104.38206481933594
v 26.33354949951172 -2.3583617210388184 104.50032043457031
v 26.527700424194336 -3.368046760559082 105.43499755859375
v 25.828128814697266 -4.623539924621582 106.64918518066406
v 22.662614822387695 -6.156400203704834 105.81184387207031
v 17.844959259033203 -4.668256759643555 104.81205749511719
v 16.838253021240234 -3.2208409309387207 104.26628875732422
v 19.138595581054688 -0.68248450756073 103.84475708007812
v 19.410154342651367 -2.650754928588867 105.36065673828125
v 21.67861557006836 -2.203549385070801 105.84326934814453
v 23.413476943969727 -1.7077711820602417 105.51007080078125
v 21.136627197265625 -1.1047004461288452 104.6916732788086
v 24.177824020385742 -2.839679718017578 106.75759887695312
v 25.992197036743164 -2.760587215423584 106.1853256225586
v 26.332029342651367 -3.436746835708618 106.70719909667969
v 26.20209503173828 -3.539332389831543 107.11093139648438
v 26.04692840576172 -3.6592371463775635 107.33202362060547
v 25.269201278686523 -4.6010332107543945 107.35591888427734
v 25.628402709960938 -4.64198112487793 107.19330596923828
v 24.49201774597168 -5.025066375732422 107.04481506347656
v 23.568082809448242 -5.927810192108154 105.919189453125
v 24.602102279663086 -4.244024753570557 107.34550476074219
v 23.046113967895508 -5.136641025543213 106.70062255859375
v 22.30584716796875 -4.026398181915283 106.72172546386719
v 19.503061294555664 -5.7947211265563965 105.24687194824219
v 21.25791358947754 -3.304551839828491 106.27816009521484
v 19.87200164794922 -3.782881736755371 105.81983947753906
v 23.85573387145996 -3.1467959880828857 106.92479705810547
v 25.526893615722656 -3.4819483757019043 107.32878112792969
v 25.925800323486328 -3.372154474258423 107.19368743896484
v 26.2181453704834 -2.7938694953918457 105.82829284667969
v 25.813573837280273 -4.002690315246582 107.45668029785156
v 24.172170639038086 -3.7662527561187744 107.2257308959961
v -5.727384090423584 -4.678632736206055 97.06813049316406
v -2.2882585525512695 -11.498309135437012 96.14356231689453
v -0.5549427270889282 -11.509655952453613 96.26093292236328
v 1.8039429187774658 -10.07348346710205 96.63104248046875
v 2.636517286300659 -12.814956665039062 95.50004577636719
v 4.406569004058838 -13.201549530029297 94.90237426757812
v 3.899143695831299 -11.043415069580078 96.06300354003906
v 6.269262790679932 -11.208450317382812 95.35220336914062
v 6.294197082519531 -12.651820182800293 94.58990478515625
v 5.756751537322998 -14.160722732543945 93.71635437011719
v 2.888211488723755 -16.293075561523438 92.59982299804688
v 4.896919250488281 -16.479290008544922 91.67964172363281
v 7.610159873962402 -16.884599685668945 89.50070190429688
v 10.424880981445312 -16.23764991760254 88.10714721679688
v 10.211808204650879 -15.021955490112305 89.85696411132812
v 12.890436172485352 -14.694727897644043 87.70722961425781
v 14.502161979675293 -14.609317779541016 86.0130386352539
v 14.405350685119629 -17.40859031677246 78.52351379394531
v 14.599617958068848 -17.334362030029297 78.4098892211914
v 14.781085014343262 -17.265417098999023 78.29399871826172
v 15.607086181640625 -16.94437026977539 77.7292709350586
v 15.30742359161377 -17.063125610351562 77.93448638916016
v 15.468716621398926 -17.001911163330078 77.80870819091797
v 14.964066505432129 -17.194910049438477 78.17659759521484
v 5.613126754760742 -19.7612247467041 73.32332611083984
v 7.692025661468506 -19.467578887939453 77.46835327148438
v 4.354794502258301 -21.037124633789062 77.67760467529297
v 7.173057556152344 -19.461713790893555 76.79624938964844
v 6.033149719238281 -19.738264083862305 74.95426940917969
v 8.378260612487793 -19.365219116210938 78.13946533203125
v 8.609636306762695 -19.323650360107422 78.32951354980469
v 9.066764831542969 -19.291683197021484 78.94332122802734
v 8.851468086242676 -19.27543067932129 78.49861145019531
v 9.045796394348145 -19.240455627441406 78.65057373046875
v 14.109127044677734 -17.29751205444336 76.5135498046875
v 12.841205596923828 -18.37688636779785 75.7938232421875
v 5.902597904205322 -19.105863571166992 73.55138397216797
v 5.862129211425781 -19.033227920532227 72.66024780273438
v 6.1949968338012695 -18.859819412231445 73.20440673828125
v 13.572833061218262 -17.7226505279541 78.94929504394531
v 9.390863418579102 -19.436336517333984 82.58252716064453
v 11.628973960876465 -17.650127410888672 84.74331665039062
v 12.048955917358398 -17.585813522338867 84.32499694824219
v 12.469446182250977 -18.196266174316406 84.21345520019531
v 9.345869064331055 -20.370508193969727 84.45950317382812
v 9.136958122253418 -20.446985244750977 83.85276794433594
v 8.010666847229004 -20.4996280670166 83.84538269042969
v 11.30650520324707 -18.756696701049805 85.00460815429688
v 12.390656471252441 -18.46245002746582 84.47004699707031
v 10.430091857910156 -17.593448638916016 85.81503295898438
v 3.7264797687530518 -18.633947372436523 88.91908264160156
v 1.3373866081237793 -17.917518615722656 90.74601745605469
v 2.2561428546905518 -15.217619895935059 93.841064453125
v 0.8268201947212219 -15.032537460327148 94.15715026855469
v -0.2905867099761963 -15.94578742980957 93.3114013671875
v -1.3869976997375488 -16.453907012939453 92.68646240234375
v -2.0686697959899902 -15.862991333007812 93.2442626953125
v -0.9412178993225098 -13.764718055725098 95.10989379882812
v -3.0941593647003174 -14.28991985321045 94.46621704101562
v -3.0685997009277344 -13.312432289123535 95.14137268066406
v 1.5721426010131836 -14.003713607788086 94.89936065673828
v 0.13390563428401947 -18.926366806030273 89.15328979492188
v 2.232426881790161 -19.860755920410156 86.9080810546875
v -0.11135052144527435 -21.648574829101562 80.62162780761719
v 2.3795735836029053 -21.430715560913086 80.84495544433594
v 1.015773892402649 -21.342021942138672 82.34065246582031
v 2.9885432720184326 -20.66716766357422 84.2451400756836
v 10.558958053588867 -18.05144500732422 85.25908660888672
v -23.626598358154297 2.296518087387085 93.1637191772461
v -26.78244972229004 -1.9815670251846313 100.33164978027344
v -20.364341735839844 3.6060969829559326 95.63897705078125
v -9.173856735229492 1.1476860046386719 95.42529296875
v -6.9908766746521 -0.8226001858711243 97.2340087890625
v -6.208553314208984 -0.6047582030296326 97.07083129882812
v -8.4828462600708 -17.44283676147461 87.92084503173828
v -8.49466323852539 -20.4691104888916 84.41178894042969
v -9.337309837341309 -20.41782569885254 84.28399658203125
v -9.527198791503906 -19.922775268554688 85.0916748046875
v -10.745772361755371 -19.091209411621094 85.16326141357422
v -11.248769760131836 -19.545745849609375 84.7281723022461
v -11.903955459594727 -18.600446701049805 84.75755310058594
v -9.910778999328613 -18.551786422729492 85.30229949951172
v -11.858532905578613 -17.85641098022461 84.2913818359375
v -12.314778327941895 -18.442651748657227 83.63276672363281
v -11.269545555114746 -17.626489639282227 85.00069427490234
v -12.297701835632324 -18.89008903503418 83.76163482666016
v -11.40279769897461 -19.643796920776367 83.84423065185547
v -11.348095893859863 -17.860044479370117 84.81394958496094
v -12.138293266296387 -15.720185279846191 87.1577377319336
v -18.108348846435547 -13.098255157470703 82.6796875
v -17.852895736694336 -11.624982833862305 84.642822265625
v -19.75518226623535 -12.591229438781738 80.03885650634766
v -16.671794891357422 -14.886159896850586 82.40743255615234
v -17.10917091369629 -15.407691955566406 80.34320831298828
v -14.619959831237793 -16.53201675415039 82.22286987304688
v -19.968814849853516 -13.866490364074707 77.00624084472656
v -18.49973487854004 -14.842557907104492 78.51387023925781
v -19.683900833129883 -13.225223541259766 79.19331359863281
v -21.59406089782715 -12.215415000915527 75.70159149169922
v -21.4153995513916 -13.00044059753418 74.12012481689453
v -19.70747947692871 -14.783098220825195 74.38202667236328
v -22.494579315185547 -11.60675048828125 73.54107666015625
v -22.15494155883789 -12.341632843017578 71.97102355957031
v -23.778121948242188 -9.5860595703125 72.84291076660156
v -21.027257919311523 -13.823084831237793 71.44277954101562
v -19.458303451538086 -15.309063911437988 71.59608459472656
v -17.87110710144043 -15.911288261413574 76.03384399414062
v -17.627981185913086 -16.051822662353516 76.14441680908203
v -17.448593139648438 -16.15091323852539 76.22752380371094
v -14.232413291931152 -17.491466522216797 78.54063415527344
v -14.068767547607422 -17.55698013305664 78.61253356933594
v -13.903562545776367 -17.62171173095703 78.68616485595703
v -12.589195251464844 -18.108985900878906 79.13839721679688
v -12.262472152709961 -18.22654914855957 79.19972229003906
v -4.849132537841797 -20.645992279052734 74.25055694580078
v -3.65897536277771 -21.247154235839844 74.49671173095703
v -1.5908622741699219 -22.06458854675293 73.64852905273438
v 0.9446349143981934 -22.301546096801758 73.15625
v 0.349366158246994 -23.37201690673828 71.8279037475586
v 2.392484664916992 -22.422897338867188 72.16898345947266
v 0.712599515914917 -22.86798095703125 72.30176544189453
v 1.1428803205490112 -24.48546600341797 70.79776763916016
v 2.345553159713745 -24.97532081604004 69.04969787597656
v 1.6323086023330688 -25.366249084472656 68.23192596435547
v 3.8155786991119385 -24.299461364746094 67.33260345458984
v 2.534139633178711 -24.897571563720703 66.84374237060547
v 2.8940422534942627 -24.2412052154541 65.71961212158203
v 3.493950605392456 -24.352497100830078 66.41473388671875
v 2.421880006790161 -24.695606231689453 66.06629943847656
v 3.311847448348999 -23.796154022216797 65.69757080078125
v 1.446333408355713 -24.331148147583008 65.664794921875
v 2.577265977859497 -24.15064239501953 65.6017837524414
v 1.8044124841690063 -24.64224624633789 65.80284118652344
v -0.02761649340391159 -24.40646743774414 66.00979614257812
v 0.3510225713253021 -24.07701873779297 66.0082778930664
v -1.777954339981079 -24.56842041015625 65.8537368774414
v -1.7503242492675781 -24.148685455322266 65.71343231201172
v -2.2144620418548584 -23.763965606689453 65.80033111572266
v -3.173422336578369 -23.780393600463867 65.73991394042969
v 3.5997238159179688 -22.72966194152832 66.1668472290039
v 2.5850319862365723 -23.578948974609375 65.78942108154297
v 3.333901882171631 -23.065876007080078 66.06290435791016
v 2.2107362747192383 -23.87958335876465 65.61994934082031
v 5.488180160522461 -23.2415828704834 67.24633026123047
v 5.610947132110596 -23.023557662963867 68.3833236694336
v 1.1908570528030396 -24.912492752075195 70.5127182006836
v 1.4168061017990112 -24.89604949951172 70.41465759277344
v -6.899134159088135 -19.7626953125 76.880615234375
v -6.727567195892334 -19.632854461669922 76.25730895996094
v -14.446038246154785 -19.000961303710938 67.9370346069336
v -13.207340240478516 -19.06703758239746 68.489013671875
v -15.454273223876953 -18.08587646484375 68.58557891845703
v -16.156295776367188 -17.81960105895996 68.66191101074219
v -15.965496063232422 -17.910892486572266 68.62525177001953
v -15.867708206176758 -17.95261573791504 68.61369323730469
v -16.24932289123535 -17.770294189453125 68.68778228759766
v -12.936918258666992 -19.18581771850586 68.52478790283203
v -7.559453010559082 -20.916805267333984 69.92945861816406
v -10.335705757141113 -20.38585090637207 68.99560546875
v -9.894355773925781 -21.410737991333008 67.91089630126953
v -6.454007148742676 -21.98638916015625 69.50531768798828
v -12.492121696472168 -20.302837371826172 67.5407943725586
v -10.960640907287598 -21.31919288635254 66.60133361816406
v -12.102578163146973 -20.824974060058594 65.902099609375
v -11.191207885742188 -21.22289276123047 65.07098388671875
v -14.412527084350586 -19.390899658203125 64.70072174072266
v -14.631210327148438 -18.908946990966797 63.29877471923828
v -12.257214546203613 -20.432092666625977 63.849342346191406
v -11.891816139221191 -19.888505935668945 62.196327209472656
v -10.250457763671875 -20.79056167602539 62.54468536376953
v -10.971575736999512 -21.035688400268555 63.82443618774414
v -9.526519775390625 -21.9283504486084 65.39836120605469
v -8.040983200073242 -22.296266555786133 64.94343566894531
v -8.082103729248047 -21.70156478881836 63.03369140625
v -9.269929885864258 -22.031139373779297 66.24309539794922
v -5.635868549346924 -23.120418548583984 66.88514709472656
v -6.5676116943359375 -22.688661575317383 67.82868957519531
v -5.7168073654174805 -23.032323837280273 68.11534118652344
v -3.270028591156006 -24.60048484802246 67.15876007080078
v -1.3664451837539673 -25.43431854248047 67.98658752441406
v -2.0014657974243164 -25.278568267822266 68.5839614868164
v -2.1361958980560303 -25.200361251831055 68.75267028808594
v -2.253091812133789 -25.10894775390625 68.92778778076172
v -2.34255313873291 -24.975849151611328 69.3194808959961
v -5.138113498687744 -23.229862213134766 66.4410629272461
v -3.346611261367798 -24.227657318115234 66.01686096191406
v -4.4765496253967285 -22.982940673828125 65.82709503173828
v -3.734269618988037 -23.81510353088379 65.90074920654297
v -2.7159268856048584 -24.228382110595703 65.76046752929688
v -6.508197784423828 -21.4408016204834 61.91310119628906
v -9.848860740661621 -19.93642807006836 60.98193359375
v -8.350200653076172 -19.737667083740234 60.131126403808594
v -6.3226470947265625 -20.61253547668457 60.57093811035156
v -8.023755073547363 -18.65842628479004 59.03544998168945
v -6.535515308380127 -17.746906280517578 58.14495086669922
v -6.0465192794799805 -19.253145217895508 59.07912826538086
v -1.0138533115386963 -21.630290985107422 60.910675048828125
v -4.1809186935424805 -20.58660316467285 60.06813430786133
v -0.21319885551929474 -22.148746490478516 61.707515716552734
v -6.840746879577637 -19.394229888916016 70.66805267333984
v -7.503771781921387 -19.60454559326172 70.28736114501953
v -6.022740364074707 -19.506229400634766 74.4401626586914
v -6.056177139282227 -19.331159591674805 71.54834747314453
v -17.872957229614258 -16.285268783569336 73.28287506103516
v -17.939647674560547 -16.301166534423828 72.70569610595703
v -7.8026442527771 -19.02327537536621 85.50895690917969
v 12.273786544799805 -20.037899017333984 68.26443481445312
v 14.05378246307373 -18.582477569580078 68.4676513671875
v 11.657243728637695 -19.57649803161621 68.85491943359375
v 18.447052001953125 -5.060399055480957 86.63209533691406
v 14.592559814453125 -6.724748134613037 92.44801330566406
v 15.079400062561035 -6.170012474060059 92.66818237304688
v 18.84954071044922 -4.457577705383301 86.4225845336914
v -8.306520462036133 -2.2108094692230225 96.82380676269531
v -8.309463500976562 -3.112215995788574 96.94120788574219
v 2.257167339324951 -16.680604934692383 57.30305099487305
v 5.813894748687744 -18.6398868560791 58.57920837402344
v 2.3359177112579346 -17.82134246826172 57.76681900024414
v 7.990296363830566 -19.311134338378906 59.586090087890625
v 6.153697490692139 -20.414308547973633 60.275901794433594
v 12.591245651245117 -18.779972076416016 61.04166030883789
v 11.997565269470215 -20.240406036376953 62.98051834106445
v 10.444721221923828 -21.531646728515625 64.9472427368164
v 14.191033363342285 -19.6337890625 65.9298095703125
v 11.755077362060547 -21.008834838867188 65.81842041015625
v 12.902942657470703 -20.265228271484375 66.94636535644531
v 15.57136058807373 -18.37992286682129 67.83731079101562
v 16.258352279663086 -17.705907821655273 68.82007598876953
v 15.440084457397461 -18.089706420898438 68.55802917480469
v 16.70750617980957 -17.430343627929688 69.08563232421875
v 12.6439790725708 -20.372053146362305 64.33592987060547
v 15.019902229309082 -18.151411056518555 62.11960220336914
v 16.503440856933594 -17.586729049682617 62.968177795410156
v 17.17244529724121 -16.410991668701172 61.671756744384766
v 15.656529426574707 -16.890161514282227 60.87812805175781
v 14.278536796569824 -16.822879791259766 59.93166732788086
v 10.653736114501953 -17.304515838623047 58.8175048828125
v 13.915291786193848 -15.284204483032227 58.764678955078125
v 11.51276969909668 -15.410067558288574 58.08234405517578
v 9.971697807312012 -18.873525619506836 59.84507751464844
v 16.594989776611328 -15.391858100891113 60.143245697021484
v 18.877656936645508 -14.778761863708496 61.69466781616211
v 18.308137893676758 -16.16097640991211 62.88312911987305
v 19.477401733398438 -15.255928039550781 63.501773834228516
v 18.683507919311523 -16.23006248474121 64.072021484375
v 15.997984886169434 -18.236387252807617 64.00468444824219
v 18.807519912719727 -16.277772903442383 66.43688201904297
v 17.253877639770508 -16.790464401245117 72.48994445800781
v 17.23280906677246 -16.932109832763672 70.9966049194336
v 21.361967086791992 -13.20538330078125 73.42997741699219
v 20.42184066772461 -14.368522644042969 72.47953033447266
v 24.496278762817383 -8.078869819641113 73.40778350830078
v 24.11266326904297 -6.507167339324951 75.69343566894531
v 25.763294219970703 -4.881678104400635 74.00170135498047
v 24.336368560791016 -4.524960041046143 76.01657104492188
v 25.59412956237793 -4.095481872558594 74.65694427490234
v 27.806812286376953 -2.2320454120635986 73.67145538330078
v 27.432987213134766 -1.5932238101959229 74.2352294921875
v 27.15984535217285 -0.939129114151001 74.30728912353516
v 29.265790939331055 -0.4548119902610779 73.91514587402344
v 27.903106689453125 -0.06111215427517891 73.82677459716797
v 28.85919189453125 0.033201877027750015 72.54277038574219
v 28.824054718017578 -0.6442441940307617 72.10688781738281
v 30.012685775756836 0.5363950729370117 73.31448364257812
v 29.88160514831543 -0.05725499987602234 73.3242416381836
v 26.583251953125 -4.318424224853516 73.13627624511719
v 27.727327346801758 -3.0297863483428955 72.55635070800781
v 25.778045654296875 -5.83322286605835 71.42118835449219
v 21.83336067199707 -11.782365798950195 64.74391174316406
v 24.0372257232666 -8.549934387207031 69.8291015625
v 24.07308578491211 -9.125948905944824 72.31494140625
v 21.374248504638672 -13.12419605255127 65.51757049560547
v 21.018022537231445 -12.8175048828125 63.393524169921875
v 20.673494338989258 -12.168545722961426 62.17020797729492
v 19.908428192138672 -14.423218727111816 62.937320709228516
v 19.32285499572754 -12.084949493408203 60.51746368408203
v 18.08077621459961 -14.900955200195312 60.934844970703125
v 18.152759552001953 -12.949633598327637 59.87455368041992
v 21.6119384765625 -10.580971717834473 63.06539535522461
v 23.766803741455078 -7.616745471954346 67.59504699707031
v 26.539262771606445 -3.970414400100708 68.66353607177734
v 26.992809295654297 -3.048210859298706 67.97254180908203
v 22.95586585998535 -6.696167469024658 64.74002838134766
v 23.305866241455078 -5.622117042541504 64.8232192993164
v 25.608592987060547 -3.652916431427002 66.21501922607422
v 22.802635192871094 -2.892310380935669 63.0070686340332
v 20.745376586914062 -14.120648384094238 65.31797790527344
v 19.718936920166016 -15.428277969360352 65.82626342773438
v 22.991315841674805 -10.905460357666016 73.12409210205078
v 22.281147003173828 -12.16162109375 72.00682830810547
v 29.456579208374023 -0.6125947833061218 73.62537384033203
v 30.122303009033203 0.611897349357605 73.68806457519531
v 1.3934688568115234 -13.05819320678711 56.700653076171875
v 0.6618465781211853 -22.970293045043945 64.08776092529297
v 22.096019744873047 0.5014859437942505 40.72066116333008
v 24.58110237121582 -0.7871543169021606 40.374576568603516
v 25.594398498535156 -1.2985897064208984 38.92648696899414
v 24.180953979492188 -3.0487115383148193 42.73039245605469
v 23.582916259765625 -1.5320796966552734 32.32246398925781
v 23.549108505249023 -1.5260261297225952 32.441436767578125
v 23.828964233398438 -1.214478611946106 33.48834991455078
v 23.161842346191406 -7.022289276123047 31.460050582885742
v 22.788854598999023 -7.029168128967285 32.27452850341797
v 22.904178619384766 -6.8941779136657715 31.75580406188965
v -24.652711868286133 -7.226225852966309 30.993328094482422
v -23.852664947509766 -7.002647876739502 30.95492935180664
v -22.90095329284668 -2.9515023231506348 33.3973503112793
v -22.971071243286133 -2.685499429702759 33.531089782714844
v 19.751497268676758 -8.71391487121582 39.0536994934082
v 1.6910452842712402 25.016666412353516 31.25126838684082
v -1.839339017868042 22.77189064025879 34.117919921875
v -1.3142144680023193 21.676816940307617 34.64814758300781
v -1.4250704050064087 21.518354415893555 34.593719482421875
v 28.09566307067871 -2.438356876373291 68.61106872558594
v 28.506221771240234 -1.8052222728729248 68.46524047851562
v 28.23540496826172 -2.2450180053710938 69.19776916503906
v 29.57581901550293 -0.13053761422634125 69.18132019042969
v 29.438528060913086 -0.44401246309280396 68.87838745117188
v 28.23025894165039 -1.0544872283935547 68.15193939208984
v 28.183225631713867 -1.773978352546692 68.13343048095703
v 29.380556106567383 -0.36418333649635315 68.70048522949219
v 29.75877571105957 0.6274705529212952 69.02348327636719
v 29.50848388671875 0.10378536581993103 69.36644744873047
v 29.727251052856445 0.6167387366294861 69.1827392578125
v 22.799230575561523 -2.4648184776306152 63.19711685180664
v 23.481794357299805 -2.282305955886841 64.15878295898438
v 23.564777374267578 -2.4604761600494385 63.09318161010742
v -0.585034966468811 -22.917144775390625 65.98277282714844
v -1.5563451051712036 -22.695341110229492 66.09378814697266
v -1.2349015474319458 -22.740131378173828 66.15151977539062
v -1.3819130659103394 -22.727441787719727 66.11409759521484
v -0.8647355437278748 -22.766529083251953 66.2322006225586
v -1.0862910747528076 -22.747390747070312 66.19377136230469
v 0.4493235945701599 -22.821557998657227 66.20685577392578
v 0.23098212480545044 -22.825075149536133 66.244873046875
v 25.470840454101562 -1.9984288215637207 65.66261291503906
v 19.596765518188477 -2.257675886154175 89.77012634277344
v 20.4349365234375 -2.2721328735351562 89.81620788574219
v 5.832352638244629 -1.1051087379455566 98.49322509765625
v -16.467252731323242 -5.331634521484375 93.00495910644531
v -16.917633056640625 -5.225918292999268 92.8599624633789
v -16.163110733032227 -5.390860557556152 93.02555847167969
v -23.9189453125 -2.5113611221313477 63.34495162963867
v -23.899551391601562 -2.0341970920562744 63.1773567199707
v -25.249210357666016 -2.165255308151245 65.64614868164062
v -27.22421646118164 -1.4623597860336304 65.5382080078125
v -26.951101303100586 -2.126999616622925 65.69795227050781
v -26.64983367919922 -1.3661233186721802 69.67643737792969
v -27.097103118896484 -0.9187220335006714 69.02619934082031
v -28.055774688720703 -1.8387397527694702 68.07022857666016
v -28.90290069580078 -1.232053279876709 68.57206726074219
v -28.6617488861084 -0.573233962059021 68.35567474365234
v -29.71896743774414 0.4214232861995697 68.99440002441406
v -29.019468307495117 -0.7106146812438965 69.4489517211914
v -28.213333129882812 -0.8906278014183044 69.62692260742188
v -27.056800842285156 -1.8081210851669312 70.04701232910156
v -28.491628646850586 -1.9911587238311768 68.81828308105469
v -27.968820571899414 -2.504312038421631 68.442626953125
v -26.180072784423828 -1.9898877143859863 67.54144287109375
v -26.760568618774414 -1.840260624885559 67.74568939208984
v -26.086669921875 -4.560016632080078 69.11885833740234
v -29.688457489013672 0.19646304845809937 69.2095947265625
v -26.557727813720703 -1.3998950719833374 70.98746490478516
v -24.520870208740234 -7.3640289306640625 40.990299224853516
v -24.07243537902832 -5.768955230712891 42.67280578613281
v -25.26373863220215 -3.80863618850708 107.45494842529297
v -23.117408752441406 -8.521156311035156 34.199703216552734
v -23.16030502319336 -8.06765365600586 33.70449447631836
v -22.735492706298828 -2.9086945056915283 31.926395416259766
v -20.3584041595459 -11.09280776977539 13.005935668945312
v -20.261816024780273 -2.5508251190185547 89.90418243408203
v -20.393354415893555 -2.5664637088775635 89.85362243652344
v -20.126054763793945 -2.6237404346466064 89.91122436523438
v -20.204500198364258 -2.5303852558135986 89.91959381103516
v -20.33935546875 -9.011338233947754 32.38471221923828
v -18.942182540893555 -2.615705966949463 90.20494079589844
v -18.24299430847168 -3.1143860816955566 90.37528228759766
v -13.885733604431152 -8.357919692993164 92.31985473632812
v -14.296086311340332 -7.393222332000732 91.96426391601562
v -14.19672679901123 -7.678262710571289 91.78248596191406
v -7.053225517272949 -3.882082462310791 96.91294860839844
v -7.29517126083374 -0.07734791934490204 99.52290344238281
v -7.3625383377075195 -0.3822552263736725 98.84703826904297
v -6.963718891143799 -0.7803130149841309 97.35462188720703
v -7.3625383377075195 -0.3822552263736725 98.84703826904297
v -7.25766134262085 -0.20111344754695892 99.50860595703125
v -3.827718734741211 -22.74724769592285 66.02828979492188
v -3.0560684204101562 -23.13302230834961 66.08523559570312
v -1.5755137205123901 -24.96714973449707 70.45819091796875
v -2.148050308227539 13.410223007202148 87.82766723632812
v 0.20399168133735657 25.733816146850586 34.062843322753906
v -0.14260044693946838 25.934913635253906 33.932769775390625
v -0.9224952459335327 26.050853729248047 33.5084228515625
v -0.07406031340360641 24.718944549560547 34.51310729980469
v 3.371420383453369 -22.391836166381836 66.4061279296875
v 4.5752410888671875 -1.0996454954147339 98.94317626953125
v 15.488237380981445 -5.3615193367004395 93.12770080566406
v 15.288718223571777 -5.795630931854248 92.90789794921875
v 16.18976593017578 -4.450657367706299 92.56444549560547
v 17.666929244995117 -13.782377243041992 13.089092254638672
v 16.070642471313477 -5.983030796051025 91.79867553710938
v 19.5387020111084 -9.558663368225098 32.86426544189453
v 19.902740478515625 -9.309774398803711 39.16394805908203
v 19.794479370117188 -8.8254976272583 39.084938049316406
v 23.880859375 -2.5690863132476807 64.02848052978516
v 24.490659713745117 -2.998718500137329 30.92011260986328
v -19.1948299407959 -7.155761241912842 38.16609191894531
v -16.897584915161133 -13.576519012451172 13.034015655517578
v -8.017561912536621 -20.011056900024414 82.80680084228516
v -5.659026145935059 -1.1752194166183472 14.212661743164062
v -2.116191864013672 -22.54708480834961 66.08511352539062
v 0.13453738391399384 24.78837013244629 30.372129440307617
v -0.7351494431495667 -25.402307510375977 67.64127349853516
v 14.108421325683594 -6.290716171264648 58.03260803222656
v 16.258352279663086 -17.705907821655273 68.82007598876953
v 16.418359756469727 -17.612899780273438 68.88533782958984
v 20.911588668823242 -9.875585556030273 13.068950653076172
v 21.008079528808594 -10.423051834106445 13.012763977050781
v 20.798492431640625 -10.625036239624023 13.00717544555664
v 24.378480911254883 -3.0262234210968018 64.70240783691406
v 2.5934433937072754 21.42717933654785 32.446868896484375
v 2.3083231449127197 21.584426879882812 33.59858322143555
v -1.5047993659973145 25.460386276245117 33.517635345458984
v -1.1977593898773193 21.83468246459961 34.69276428222656
v -1.1064282655715942 22.040468215942383 34.71296691894531
v -0.6110148429870605 22.653236389160156 34.80260467529297
v -0.4541991353034973 22.754987716674805 34.81972122192383
v -1.1064282655715942 22.040468215942383 34.71296691894531
v -0.4541991353034973 22.754987716674805 34.81972122192383
v -2.5046277046203613 21.548667907714844 31.930871963500977
v -1.4537838697433472 23.54943084716797 30.61287498474121
v 1.9546408653259277 23.154943466186523 31.013320922851562
v 14.858612060546875 -3.0290205478668213 33.72490692138672
v 14.739020347595215 -0.7887977957725525 34.7189826965332
v 16.00005531311035 -1.9195592403411865 20.34395980834961
v 15.171890258789062 -0.39499402046203613 20.322776794433594
v 15.041223526000977 -0.22513261437416077 20.31934356689453
v 15.171890258789062 -0.39499402046203613 20.322776794433594
v 20.565216064453125 -10.708559036254883 12.921092987060547
v 19.81688117980957 -11.44113540649414 13.248443603515625
v 16.233179092407227 -13.115994453430176 13.223442077636719
v 15.698620796203613 -13.96906852722168 14.24161148071289
v 14.638373374938965 -14.849047660827637 12.936656951904297
v 15.490336418151855 -8.88150691986084 21.29384994506836
v 11.130532264709473 1.8900271654129028 19.309062957763672
v 5.356579780578613 -2.3019721508026123 14.550010681152344
v 5.7426910400390625 -1.2058770656585693 14.069538116455078
v 6.656839847564697 -0.31660327315330505 13.570770263671875
v 6.51006555557251 -0.420369029045105 13.619476318359375
v 7.1287078857421875 -6.397815704345703 13.772724151611328
v 5.724726676940918 -4.167206764221191 14.437652587890625
v 8.6172513961792 1.5232045650482178 18.49306869506836
v 8.769854545593262 1.57564115524292 18.549903869628906
v 8.351896286010742 1.4212157726287842 18.37091827392578
v 9.304593086242676 1.7185717821121216 18.785953521728516
v 6.536614894866943 0.25396841764450073 17.69268798828125
v 8.20167350769043 1.3544095754623413 18.312320709228516
v 10.955866813659668 1.4001634120941162 13.322639465332031
v 6.312007427215576 -6.313229560852051 18.242767333984375
v 6.312007427215576 -6.313229560852051 18.242767333984375
v -13.478313446044922 1.1354008913040161 20.082496643066406
v -13.715617179870605 0.9722757935523987 20.10980987548828
v -16.389263153076172 -3.021437406539917 20.490467071533203
v -16.67711639404297 -4.408232688903809 20.765953063964844
v -16.899206161499023 -5.875783920288086 20.34133529663086
v -16.30869483947754 -7.158960342407227 20.874141693115234
v -15.161731719970703 -9.051225662231445 21.014068603515625
v -8.74521255493164 1.5780534744262695 18.495059967041016
v -8.627135276794434 1.5397615432739258 18.433990478515625
v -8.86512565612793 1.6107155084609985 18.556594848632812
v -9.627156257629395 1.788794994354248 18.909496307373047
v -15.118622779846191 -0.6218440532684326 14.052181243896484
v -17.713871002197266 -4.217174053192139 13.573562622070312
v -6.451957702636719 0.2278156280517578 17.564830780029297
v -6.451957702636719 0.2278156280517578 17.564830780029297
v -7.403950214385986 0.9288148880004883 18.024311065673828
v -7.689329147338867 1.0964316129684448 18.12939453125
v -21.17359161376953 -8.914997100830078 13.875499725341797
v -15.072868347167969 -14.457058906555176 18.36703109741211
v -5.349711894989014 -1.698380708694458 14.784343719482422
v -5.391181468963623 -1.6130566596984863 14.65816879272461
v 13.713836669921875 -0.47675207257270813 37.249176025390625
v 13.688606262207031 -0.09851595759391785 37.02699279785156
v 13.686266899108887 -0.26853930950164795 37.149131774902344
v 19.56682586669922 -8.048924446105957 38.11162567138672
v 19.604583740234375 -8.03618049621582 37.956478118896484
v 19.692710876464844 -10.351900100708008 35.11052322387695
v 19.877729415893555 -7.636462211608887 37.06005096435547
v 21.78085708618164 -9.752925872802734 40.58017349243164
v -20.49652099609375 -10.330199241638184 32.53144073486328
v -22.030323028564453 -9.38789176940918 32.57635498046875
v -22.228530883789062 -9.511312484741211 32.872005462646484
v -24.514734268188477 -0.9993455410003662 33.21234130859375
v -24.80705451965332 -2.9645466804504395 31.04762840270996
v -22.805347442626953 -6.5310845375061035 31.900815963745117
v -23.16030502319336 -8.06765365600586 33.70449447631836
v -24.824867248535156 -3.183809995651245 30.996213912963867
v -20.36062240600586 -3.1827707290649414 36.93344497680664
v 19.6406192779541 -0.42022988200187683 39.199981689453125
v 19.481700897216797 -0.6988651752471924 39.08537292480469
v 19.6406192779541 -0.42022988200187683 39.199981689453125
v 22.068218231201172 -3.2905726432800293 35.39093780517578
v 22.83871841430664 -6.741611480712891 33.66362762451172
v 23.082538604736328 -7.601454734802246 31.980045318603516
v 23.752971649169922 -1.2828396558761597 33.386375427246094
v 23.752971649169922 -1.2828396558761597 33.386375427246094
v 23.530336380004883 -1.5141535997390747 32.62713623046875
v 23.679458618164062 -1.6582170724868774 31.866086959838867
v 25.211381912231445 -4.523429870605469 30.99335289001465
v 25.98822784423828 -1.2144180536270142 37.356971740722656
v 23.667356491088867 -6.974576950073242 42.56317901611328
v 24.282760620117188 -3.9111454486846924 42.75506591796875
v 24.23056983947754 -5.093874931335449 42.707740783691406
v 23.387069702148438 -0.4457606375217438 41.938743591308594
v 23.386348724365234 -1.2208112478256226 34.974830627441406
v 23.386348724365234 -1.2208112478256226 34.974830627441406
v 22.862321853637695 0.5213447213172913 41.303627014160156
v 24.174158096313477 -2.9746782779693604 43.25751876831055
v 24.180953979492188 -3.0487115383148193 42.73039245605469
v -23.53893280029297 -7.144979953765869 42.520751953125
v -23.777353286743164 -6.664247035980225 42.575347900390625
v -25.114089965820312 -6.223032474517822 31.021099090576172
v -20.09356117248535 -0.23666293919086456 39.18246078491211
v -23.63804817199707 -0.6439831852912903 42.39006042480469
v -23.818693161010742 -1.3274879455566406 42.37316131591797
v -23.970653533935547 -1.842191219329834 42.50680923461914
v -24.041860580444336 -2.1283609867095947 42.54684066772461
v -24.137468338012695 -5.486606121063232 42.70547866821289
v -22.386432647705078 0.6211147904396057 40.765743255615234
v -22.966142654418945 0.20120036602020264 41.121917724609375
v -10.983153343200684 -0.7667170166969299 57.745601654052734
v -9.473387718200684 1.2363098859786987 57.63174057006836
v -9.26359748840332 1.283833622932434 57.28557205200195
v 11.120433807373047 -0.8517258167266846 57.7714729309082
v 11.223590850830078 -1.1617308855056763 57.759071350097656
v 10.976622581481934 -0.5199961066246033 57.77284240722656
v 11.598834037780762 -3.77966570854187 57.62800598144531
v -11.84836483001709 -5.415647029876709 57.753265380859375
v -12.238517761230469 -3.985624313354492 57.916595458984375
v -12.360715866088867 -4.390806674957275 57.90678024291992
v -8.629040718078613 1.7852591276168823 57.56303405761719
v 4.334396839141846 2.9029812812805176 57.31531524658203
v -0.2136891931295395 3.239304542541504 57.39272689819336
v -12.249014854431152 -5.350670337677002 57.82402038574219
v -3.1732723712921143 4.250808238983154 57.69261932373047
v -10.049703598022461 3.3169403076171875 58.30219268798828
v -10.463302612304688 3.284817934036255 58.378963470458984
v -9.921394348144531 3.2824223041534424 58.27072525024414
v 5.9119873046875 4.682464122772217 57.961753845214844
v 9.695758819580078 3.2313742637634277 58.22195053100586
v 16.888996124267578 -11.831585884094238 58.862117767333984
v 14.640612602233887 -13.5864896774292 58.382240295410156
v -20.120637893676758 -2.668948173522949 61.1158561706543
v -11.70207405090332 2.772373914718628 58.54845428466797
v 15.795744895935059 -14.066656112670898 58.982418060302734
v 7.85680627822876 -12.51655387878418 57.01860427856445
v 6.892770767211914 -12.582467079162598 56.938297271728516
v 7.20992374420166 -12.552240371704102 56.96326446533203
v 7.526174068450928 -12.516829490661621 56.989200592041016
v -5.730523586273193 -11.897003173828125 56.84318923950195
v -11.832432746887207 -10.018475532531738 57.47330093383789
v -11.832432746887207 -10.018475532531738 57.47330093383789
v -21.924144744873047 -10.188458442687988 63.626502990722656
v -14.391839981079102 -7.198561191558838 92.0857162475586
v -15.3455171585083 -6.0035505294799805 92.7366943359375
v -16.008872985839844 -5.4519453048706055 93.01498413085938
v -16.008872985839844 -5.4519453048706055 93.01498413085938
v -14.084465980529785 -8.399665832519531 94.14838409423828
v -13.968632698059082 -7.931050777435303 94.37110900878906
v -18.089820861816406 -7.007537841796875 100.26173400878906
v -21.201627731323242 -6.195872783660889 103.03472900390625
v -16.19955825805664 -7.248490333557129 98.1566162109375
v -14.978703498840332 -7.545600891113281 96.61022186279297
v -21.201627731323242 -6.195872783660889 103.03472900390625
v -17.955520629882812 -3.3745064735412598 90.44916534423828
v -20.493358612060547 -2.528115749359131 89.73927307128906
v -18.24299430847168 -3.1143860816955566 90.37528228759766
v -19.56961441040039 -1.5638080835342407 87.14209747314453
v -19.611963272094727 -1.5318152904510498 86.84516143798828
v -23.857648849487305 -0.6790091395378113 85.32192993164062
v -23.715612411499023 -0.9026873111724854 88.5128402709961
v -25.201269149780273 -0.4274298846721649 89.23548889160156
v -23.364715576171875 1.3495334386825562 85.50895690917969
v -17.04850959777832 5.738844394683838 62.200008392333984
v -15.945890426635742 4.636112689971924 60.771480560302734
v 1.7399523258209229 12.352286338806152 61.53702926635742
v -16.312549591064453 4.442575454711914 60.906246185302734
v -10.060464859008789 13.56191635131836 66.44503784179688
v 2.393360137939453 14.824652671813965 65.31256866455078
v 13.536932945251465 11.987112045288086 66.65505981445312
v -14.506316184997559 -14.759746551513672 85.79278564453125
v -7.045516490936279 -5.708780288696289 96.37213897705078
v -14.12971305847168 1.384325385093689 99.56005859375
v -13.328041076660156 2.6021976470947266 97.41290283203125
v -13.641828536987305 3.6507697105407715 95.83135986328125
v -16.817771911621094 3.9122772216796875 96.34739685058594
v -18.573360443115234 3.609203815460205 96.7918472290039
v 19.411149978637695 8.484216690063477 74.48490905761719
v 20.0725040435791 -1.4877780675888062 86.19126892089844
v 19.808698654174805 -1.467510461807251 87.2301254272461
v 18.192628860473633 -4.071657180786133 90.04985046386719
v 16.370685577392578 -16.919023513793945 75.34058380126953
v 8.229390144348145 -19.79486083984375 69.92105102539062
v -7.2167887687683105 -0.12925563752651215 99.51553344726562
v -26.79660987854004 -2.248114824295044 99.19288635253906
v -15.160261154174805 11.060133934020996 81.28035736083984
v 13.779741287231445 -8.078333854675293 93.01252746582031
v 5.080208778381348 -9.096893310546875 96.32659149169922
v 13.079113960266113 12.41633415222168 81.68221282958984
v 16.05978012084961 5.878652095794678 88.77937316894531
v 14.783517837524414 -7.682337760925293 96.26217651367188
v 8.44290542602539 -2.2951886653900146 96.90633392333984
v 6.812042236328125 14.441995620727539 83.69053649902344
v 2.6940903663635254 5.2262139320373535 95.29348754882812
v 2.4392738342285156 0.36011070013046265 98.60908508300781
v -0.8484649658203125 0.7430315017700195 96.87007141113281
v 25.84040069580078 -2.349029779434204 97.18374633789062
v 18.779863357543945 -8.048157691955566 101.2132568359375
v 16.224557876586914 -7.562224388122559 98.35777282714844
v 18.26708984375 3.4473278522491455 97.25999450683594
v 19.98219871520996 -6.571849346160889 101.9432373046875
v 18.677562713623047 -6.87200927734375 100.79026794433594
v 18.939369201660156 -6.80692195892334 101.0218734741211
v 10.94451904296875 -2.9089696407318115 99.80375671386719
v 25.83190155029297 -3.2385811805725098 101.71113586425781
v 25.7845401763916 -3.411513566970825 102.5767822265625
v 25.768369674682617 -3.467494249343872 102.84370422363281
v 25.752836227416992 -3.522374391555786 103.09841918945312
v 19.98219871520996 -6.571849346160889 101.9432373046875
v 18.555849075317383 0.8887070417404175 101.80427551269531
v 25.689899444580078 -3.652639389038086 103.63067626953125
v 17.258028030395508 -6.294345855712891 103.97586059570312
v 25.528987884521484 -2.44059681892395 106.04121398925781
v 24.998960494995117 -3.884758472442627 107.40957641601562
v 25.980365753173828 -3.1293489933013916 106.865478515625
v 25.568326950073242 -4.144082069396973 107.46829223632812
v 14.00741958618164 -17.558870315551758 78.74397277832031
v 14.212936401367188 -17.48115348815918 78.63520050048828
v 15.135052680969238 -17.12980079650879 78.05626678466797
v 7.345891952514648 -19.483600616455078 70.35826110839844
v 6.2146382331848145 -19.190567016601562 74.7040786743164
v 15.25249195098877 -16.83744239807129 75.58422088623047
v 15.070541381835938 -16.895366668701172 75.8401107788086
v 14.335817337036133 -17.19428253173828 76.4215087890625
v 13.818767547607422 -17.45685577392578 76.54219055175781
v 13.69066047668457 -17.53795623779297 76.53825378417969
v 13.949041366577148 -17.379690170288086 76.54373168945312
v 13.788683891296387 -17.641775131225586 78.84845733642578
v -0.06637593358755112 -17.7247257232666 91.11549377441406
v -7.8222975730896 -20.219736099243164 84.70805358886719
v -10.50424575805664 -20.05707359313965 84.46414947509766
v -17.627981185913086 -16.051822662353516 76.14441680908203
v -14.441664695739746 -17.406198501586914 78.4457015991211
v -13.567054748535156 -17.751588821411133 78.8177490234375
v -13.567054748535156 -17.751588821411133 78.8177490234375
v -8.543066024780273 -19.396974563598633 78.33753967285156
v 1.8160110712051392 -24.838743209838867 70.1988754272461
v 2.345553159713745 -24.97532081604004 69.04969787597656
v 1.984480619430542 -24.827701568603516 70.05724334716797
v 1.2154498100280762 -24.077299118041992 65.76898956298828
v 1.2154498100280762 -24.077299118041992 65.76898956298828
v 0.1599290817975998 -24.04444122314453 66.04867553710938
v 0.3510225713253021 -24.07701873779297 66.0082778930664
v 2.37258243560791 -23.67325210571289 65.75540924072266
v 0.9370501041412354 -24.945480346679688 70.58576202392578
v -15.73067569732666 -18.012042999267578 68.58900451660156
v -14.604659080505371 -18.15631675720215 68.61042022705078
v -16.541641235351562 -17.593189239501953 68.8294677734375
v -16.748191833496094 -17.45508575439453 68.9513931274414
v -16.44841957092285 -17.649330139160156 68.79293060302734
v -12.603327751159668 -19.316204071044922 68.58638000488281
v -2.3217759132385254 -25.03616714477539 69.11316680908203
v -2.317946672439575 -24.940650939941406 69.5215072631836
v -17.818466186523438 -16.290258407592773 73.56192779541016
v 11.920331001281738 -19.519372940063477 68.78208923339844
v 11.390116691589355 -19.636756896972656 68.92706298828125
v 29.828092575073242 0.47802919149398804 73.9466323852539
v -16.312549591064453 4.442575454711914 60.906246185302734
v -23.92700958251953 -6.270808219909668 42.60791778564453
v -22.934560775756836 -2.8309409618377686 33.47721481323242
v 14.502267837524414 -4.833137035369873 35.40808868408203
v 26.945051193237305 -1.721841812133789 69.92216491699219
v 27.09227752685547 -0.9485473036766052 69.10720825195312
v 25.282764434814453 -2.5835278034210205 65.20919799804688
v -1.5563451051712036 -22.695341110229492 66.09378814697266
v -1.9264028072357178 -22.604890823364258 66.07772827148438
v 4.111626148223877 -16.850107192993164 49.19963073730469
v 4.025784015655518 -17.266115188598633 49.435020446777344
v 3.9732377529144287 -16.753524780273438 49.37315368652344
v 4.576315879821777 -17.349363327026367 49.342315673828125
v 4.093655109405518 -16.79107093811035 50.39530944824219
v 4.6851983070373535 -16.41496467590332 51.03006362915039
v 4.410673141479492 -16.303035736083984 51.025543212890625
v 5.471310615539551 -16.50330352783203 48.957698822021484
v 5.910717487335205 -16.4133358001709 49.10145568847656
v 5.777398109436035 -16.734582901000977 48.964393615722656
v 5.471310615539551 -16.50330352783203 48.957698822021484
v 5.0176544189453125 -16.619754791259766 48.958221435546875
v 5.3157877922058105 -16.50897979736328 48.95758819580078
v 5.307596206665039 -16.928186416625977 48.85077667236328
v 4.887124538421631 -16.682226181030273 48.96536636352539
v 5.795027732849121 -16.985307693481445 49.25035858154297
v 6.135495185852051 -16.455780029296875 50.142189025878906
v 6.22459077835083 -16.47251319885254 49.518455505371094
v 5.263332366943359 -16.16309356689453 51.20763397216797
v 5.344913005828857 -17.098997116088867 48.9379768371582
v 4.142863750457764 -17.204273223876953 49.16315841674805
v 5.056789398193359 -15.988566398620605 51.29644012451172
v 6.231560707092285 -15.258415222167969 50.741886138916016
v 6.017271041870117 -15.772773742675781 51.02887725830078
v 5.928478240966797 -16.00774383544922 49.43418884277344
v 6.341952323913574 -15.704538345336914 50.3427734375
v 3.9512786865234375 -16.580577850341797 50.435089111328125
v 3.7243080139160156 -16.667593002319336 49.97722244262695
v 3.7945377826690674 -16.711408615112305 50.21206283569336
v 3.9610824584960938 -16.487960815429688 49.65039825439453
v 3.7535560131073 -16.934070587158203 49.73379898071289
v -33.2897834777832 5.634579181671143 44.08457565307617
v -33.200950622558594 6.1307597160339355 43.70287322998047
v -33.43810272216797 5.938258647918701 43.76518630981445
v -33.53319549560547 6.260758399963379 42.99932098388672
v -0.06725829094648361 -17.372373580932617 40.996185302734375
v -1.4887901544570923 -17.28396224975586 40.488609313964844
v -0.9459257125854492 -17.7352352142334 40.78925704956055
v -0.35851114988327026 -16.896360397338867 40.76959991455078
v -1.1897203922271729 -18.111974716186523 40.35863494873047
v 0.813559889793396 -18.621957778930664 41.421661376953125
v 1.0363373756408691 -18.182249069213867 40.98701477050781
v 0.6475520133972168 -18.224637985229492 41.441490173339844
v 0.5775419473648071 -18.87368392944336 41.46623992919922
v 0.8728333711624146 -18.883790969848633 41.20940017700195
v 1.0360206365585327 -18.672868728637695 41.08330535888672
v 1.0679155588150024 -18.131738662719727 40.18979263305664
v 1.1513959169387817 -18.741474151611328 40.46509552001953
v 0.664831280708313 -16.41529083251953 40.79094696044922
v 0.9515672922134399 -17.523080825805664 40.38521194458008
v 1.373652458190918 -16.038047790527344 40.92878723144531
v 1.4313815832138062 -17.047218322753906 40.231380462646484
v 4.151697635650635 -16.046030044555664 40.032859802246094
v 29.62235450744629 7.691141128540039 22.993141174316406
v 30.151165008544922 7.923791408538818 23.122295379638672
v 29.578712463378906 7.138579368591309 22.52950668334961
v 29.971391677856445 7.37700891494751 22.70154571533203
v 28.635576248168945 7.417707920074463 23.265304565429688
v 30.553829193115234 8.063390731811523 23.490577697753906
v 0.6709662675857544 -17.795166015625 39.352413177490234
v 0.18904249370098114 -18.361289978027344 39.33755874633789
v -0.7791708707809448 -18.135208129882812 38.797019958496094
v -0.20221459865570068 -19.06810188293457 39.552978515625
v 0.7112383246421814 -18.90316390991211 39.670074462890625
v -0.07043230533599854 -19.200796127319336 39.80189514160156
v -0.6051554083824158 -19.030778884887695 39.719581604003906
v 1.4896107912063599 -17.385568618774414 39.20550537109375
v 0.9420002698898315 -17.7357120513916 39.92997741699219
v 29.655900955200195 4.842067718505859 21.979175567626953
v 30.006208419799805 3.9541099071502686 22.465686798095703
v 29.84259796142578 3.904139995574951 22.423419952392578
v 29.276552200317383 4.643518924713135 22.271270751953125
v 32.82024383544922 8.463027000427246 27.585845947265625
v 33.76325988769531 6.016331672668457 29.36178970336914
v 33.070316314697266 5.812892913818359 28.011505126953125
v 32.497657775878906 8.261930465698242 26.93124771118164
v 31.248706817626953 8.651055335998535 24.72463607788086
v 31.491132736206055 9.071990013122559 26.565780639648438
v 32.61531448364258 8.698528289794922 27.85391616821289
v 32.29534912109375 8.918980598449707 26.88272476196289
v 32.975650787353516 8.374289512634277 28.29949951171875
v 30.892324447631836 8.752762794494629 24.511241912841797
v 29.64460563659668 8.726865768432617 24.952957153320312
v 28.824769973754883 8.0447359085083 24.02731704711914
v 28.287282943725586 7.200613021850586 23.429508209228516
v 28.113126754760742 6.511697292327881 22.970794677734375
v 27.924442291259766 5.5468363761901855 22.985008239746094
v 27.96335220336914 6.4816741943359375 23.23211669921875
v 28.211084365844727 5.92909574508667 22.70321273803711
v 27.957714080810547 4.892983913421631 23.484378814697266
v 28.581628799438477 4.42348051071167 25.37378692626953
v 27.648670196533203 5.036743640899658 24.933460235595703
v 28.00324821472168 5.05216646194458 24.216148376464844
v 29.298622131347656 4.307577610015869 26.888832092285156
v 28.572813034057617 4.497138500213623 26.00156021118164
v 27.573152542114258 6.113408088684082 24.560195922851562
v 27.62725067138672 6.214771270751953 24.567794799804688
v 27.531322479248047 5.9946980476379395 24.555076599121094
v 27.917072296142578 6.356063365936279 24.270397186279297
v 27.484113693237305 5.5381927490234375 24.627883911132812
v 27.875402450561523 5.224246025085449 24.361934661865234
v 27.93252182006836 6.6612372398376465 24.812110900878906
v 28.533109664916992 7.128622531890869 25.166522979736328
v 28.71445655822754 7.930438995361328 24.210437774658203
v 29.99466323852539 8.816128730773926 26.28577423095703
v 31.130022048950195 8.845231056213379 27.99679946899414
v 30.32168960571289 9.023110389709473 26.451549530029297
v 33.72432327270508 6.562057018280029 29.46795654296875
v 31.75853729248047 5.678206920623779 25.565940856933594
v 32.12209701538086 5.611613750457764 26.240943908691406
v 33.0360107421875 3.012242078781128 28.08084487915039
v 32.442405700683594 2.4481921195983887 27.00623321533203
v 31.859928131103516 4.560696125030518 25.759246826171875
v 31.45839500427246 2.4355039596557617 25.098316192626953
v 30.68438148498535 4.636748313903809 23.60213851928711
v 32.650089263916016 2.5911240577697754 27.705585479736328
v 32.17443084716797 2.346545696258545 27.218055725097656
v 31.699674606323242 2.239799976348877 25.786090850830078
v 33.154781341552734 3.300413131713867 28.70124626159668
v 33.59559631347656 4.267891883850098 29.155136108398438
v 33.52190399169922 4.222448348999023 29.31934356689453
v 32.14913558959961 3.8234896659851074 29.637155532836914
v 32.0848274230957 3.1776926517486572 28.959287643432617
v 33.63906478881836 4.993825912475586 29.592613220214844
v 32.20392990112305 4.810367107391357 30.2161865234375
v 32.331336975097656 6.6223978996276855 30.280323028564453
v 33.40382385253906 7.565063953399658 29.10834312438965
v 32.14101028442383 7.5627617835998535 29.777334213256836
v 31.547075271606445 8.23917007446289 29.051349639892578
v 31.635990142822266 8.678913116455078 28.453136444091797
v 30.049589157104492 7.438376426696777 28.22522735595703
v 30.86346435546875 7.528195381164551 29.24924659729004
v -28.719701766967773 4.212543964385986 38.260887145996094
v -27.822887420654297 4.427976608276367 36.92427444458008
v -27.419761657714844 4.660683631896973 38.494468688964844
v -30.348318099975586 4.769209384918213 40.75785827636719
v -28.776874542236328 4.467622756958008 39.63658142089844
v -28.288984298706055 4.647698879241943 39.680580139160156
v -28.160032272338867 5.520984649658203 40.05254364013672
v -29.864587783813477 5.36983585357666 40.65159606933594
v -31.6014347076416 6.107581615447998 42.02754211425781
v -31.487686157226562 4.871077060699463 41.75836944580078
v -30.322473526000977 6.32692813873291 40.80910110473633
v -31.396024703979492 6.542314529418945 41.48533630371094
v -32.813201904296875 6.408514976501465 43.011749267578125
v -33.126556396484375 6.400476455688477 43.12684631347656
v -33.38416290283203 6.673923015594482 41.67129898071289
v -33.64335250854492 5.905045509338379 43.12382507324219
v -33.47385025024414 5.125636100769043 44.022796630859375
v -32.75834274291992 5.938252925872803 43.51628494262695
v -33.157737731933594 5.142949104309082 43.895851135253906
v -32.63934326171875 4.781835556030273 42.9645881652832
v -31.134614944458008 4.578747272491455 40.965126037597656
v -29.454526901245117 4.127130031585693 36.886512756347656
v -29.977476119995117 4.2182841300964355 35.63042449951172
v 29.70396614074707 7.109838485717773 28.540096282958984
v 29.148265838623047 7.142795562744141 27.233768463134766
v 30.174087524414062 6.8864240646362305 29.53238868713379
v 30.355268478393555 6.5166473388671875 30.025150299072266
v 30.714365005493164 6.826132774353027 30.002777099609375
v 31.05095863342285 6.23092794418335 30.39234161376953
v 32.0451545715332 5.58803129196167 30.44074058532715
v 32.35154342651367 5.839372634887695 30.40663719177246
v 31.75165557861328 3.733715534210205 29.505468368530273
v 31.5770263671875 3.131018877029419 28.850027084350586
v 31.524730682373047 2.4317328929901123 27.586868286132812
v 31.076663970947266 2.318042516708374 27.03396987915039
v 30.268495559692383 2.3690345287323 25.476760864257812
v 30.794918060302734 2.3898208141326904 24.71739959716797
v 29.28343391418457 2.9969820976257324 24.07738494873047
v 30.739768981933594 2.6496660709381104 24.02410888671875
v 30.313373565673828 3.0247740745544434 23.348316192626953
v 28.865921020507812 3.4218034744262695 23.606380462646484
v 28.718280792236328 4.510868549346924 22.654422760009766
v 29.29425811767578 2.965125322341919 24.825355529785156
v 28.586158752441406 3.6167778968811035 23.66445541381836
v 30.464670181274414 2.331880569458008 26.16683578491211
v 31.005769729614258 2.6575474739074707 27.800186157226562
v 30.109294891357422 4.421974182128906 29.009078979492188
v 30.75775146484375 4.946949481964111 30.128440856933594
v 30.446334838867188 6.005354881286621 30.266887664794922
v 28.159963607788086 4.311342239379883 23.41667938232422
v 28.00801658630371 5.16176176071167 22.965927124023438
v 28.718280792236328 4.510868549346924 22.654422760009766
v 29.51085662841797 6.390323638916016 22.249794006347656
v 30.34603500366211 6.284488201141357 23.006736755371094
v -27.537694931030273 6.917496681213379 37.79109191894531
v -28.618139266967773 7.153048515319824 38.60723114013672
v -28.22974967956543 7.0130133628845215 38.99040985107422
v -33.85091018676758 6.501792907714844 39.27705383300781
v -33.5477409362793 6.634374141693115 38.015480041503906
v -33.66269302368164 4.746822834014893 38.43195343017578
v -33.817440032958984 6.659476280212402 40.559814453125
v -33.81300735473633 4.753256797790527 41.21074295043945
v -32.73819351196289 4.431194305419922 37.00568389892578
v -31.77908706665039 4.49299430847168 35.808135986328125
v -31.22541046142578 4.253731727600098 35.8902702331543
v -30.610986709594727 4.3478803634643555 35.17192077636719
v -30.716827392578125 4.5178117752075195 35.01491165161133
v -31.601783752441406 5.0117669105529785 35.5081672668457
v -30.17307472229004 4.625219345092773 34.75029373168945
v -30.308713912963867 5.378652095794678 34.51575469970703
v -28.731042861938477 5.598342418670654 33.912933349609375
v 2.74705171585083 -16.658836364746094 36.15310287475586
v 4.000978946685791 -17.06060028076172 36.659610748291016
v 2.883643388748169 -17.177507400512695 36.46949768066406
v 4.000978946685791 -17.06060028076172 36.659610748291016
v 2.825005531311035 -17.396007537841797 36.73932647705078
v 4.125100135803223 -16.444808959960938 36.11998748779297
v 1.5635807514190674 -16.59073257446289 35.38150405883789
v 4.466425895690918 -16.270538330078125 35.622283935546875
v 0.0011449416633695364 -17.24579429626465 40.936546325683594
v -0.83063805103302 -19.02208709716797 40.196556091308594
v -0.9512889981269836 -18.731130599975586 40.928863525390625
v -1.0611000061035156 -18.301408767700195 39.4041862487793
v -0.5833102464675903 -19.216064453125 40.49937438964844
v -0.7932730913162231 -19.002944946289062 40.99256896972656
v 0.8994671702384949 -19.084856033325195 40.216880798339844
v 0.32186225056648254 -19.132001876831055 41.22691345214844
v -2.4509167671203613 -17.607341766357422 39.92750930786133
v -28.70395278930664 6.681317329406738 34.544776916503906
v -30.32131576538086 7.000386714935303 35.00151443481445
v -28.166093826293945 6.994980812072754 35.95370101928711
v -29.9829044342041 6.414687633514404 34.45161437988281
v -30.787599563598633 6.6095123291015625 34.90146255493164
v -28.465431213378906 6.151028156280518 33.92505645751953
v -32.6572380065918 4.775979042053223 36.573482513427734
v -33.34738540649414 4.7104620933532715 37.63069152832031
v -33.62582778930664 4.547423362731934 38.909568786621094
v -33.543212890625 4.721199989318848 42.625579833984375
v -32.91193771362305 6.737514019012451 36.896366119384766
v -32.510738372802734 7.013458728790283 36.674827575683594
v -32.088470458984375 6.826264381408691 36.018463134765625
v -31.070781707763672 7.114096641540527 35.53416442871094
v -30.05838966369629 7.222672462463379 35.91270446777344
v 3.338960886001587 -15.989335060119629 46.234344482421875
v 4.7611894607543945 -16.012691497802734 46.09015655517578
v 5.959211826324463 -14.619792938232422 46.449100494384766
v 3.8727025985717773 -16.519325256347656 45.88153839111328
v 5.367927074432373 -15.932290077209473 45.98445510864258
v -4.4272260665893555 -16.017589569091797 46.15740203857422
v -4.107118606567383 -16.413583755493164 45.92089080810547
v -3.751659870147705 -16.587190628051758 45.69834899902344
v 2.803161144256592 -15.175810813903809 49.66645812988281
v 4.552549362182617 -14.927990913391113 48.92417526245117
v 4.873842716217041 -14.401346206665039 50.08491516113281
v -33.7707405090332 6.761512756347656 39.32695007324219
v -29.930326461791992 6.8605499267578125 39.98845672607422
v -27.958908081054688 6.727074146270752 39.52245330810547
v -28.04641342163086 6.507978439331055 39.822776794433594
v -27.32437515258789 6.582876205444336 38.894935607910156
v -27.09264373779297 5.959591865539551 39.26185607910156
v -27.255836486816406 4.99470853805542 39.02806091308594
v -27.98319435119629 5.201851844787598 39.88361358642578
v 27.38783073425293 6.69569730758667 25.393627166748047
v 31.94469451904297 8.166448593139648 29.191709518432617
v 33.7899284362793 5.516173839569092 29.49918556213379
v 33.70321273803711 6.053389072418213 29.64550018310547
v -0.10369308292865753 -17.606124877929688 41.130104064941406
v 0.5222914218902588 -18.664962768554688 39.446956634521484
v 0.3058358430862427 -18.240978240966797 39.36432647705078
v -0.014604168012738228 -18.236623764038086 41.503326416015625
v -0.639069139957428 -18.858999252319336 41.26762390136719
v 1.0212939977645874 -18.835432052612305 39.94511032104492
v 0.8692293167114258 -18.492345809936523 39.63493347167969
v 4.496348857879639 -16.22600555419922 51.09602355957031
v 4.410673141479492 -16.303035736083984 51.025543212890625
v 4.674051761627197 -15.880269050598145 51.186038970947266
v 6.087613105773926 -15.228014945983887 50.518531799316406
v 0.3312583863735199 -17.834861755371094 41.31199264526367
v 0.603937566280365 -17.117115020751953 40.745880126953125
v -1.063511848449707 -16.13707160949707 40.79867172241211
v 0.759408175945282 -17.920061111450195 39.62773132324219
v 0.43938177824020386 -18.149930953979492 39.41912078857422
v 30.8779296875 9.034936904907227 27.342742919921875
v -28.425975799560547 4.555534362792969 35.19306182861328
v 29.3553524017334 4.3227458000183105 27.062660217285156
v 29.106403350830078 6.762185573577881 22.489356994628906
v -33.257259368896484 6.979093074798584 39.06158447265625
v -33.31053924560547 6.85819149017334 37.655860900878906
v -33.56061935424805 4.861198425292969 43.35729217529297
v -28.421783447265625 5.025805950164795 34.19123840332031
v -28.186304092407227 5.311416149139404 33.908058166503906
v -28.268871307373047 5.211015701293945 33.99245834350586
v -1.5352404117584229 -17.986751556396484 39.546905517578125
v 0.4770645797252655 -19.272624969482422 40.423500061035156
v -28.552946090698242 6.248030185699463 33.99808883666992
v -28.552946090698242 6.248030185699463 33.99808883666992
v 6.023915767669678 -14.0790376663208 49.40420913696289
v 5.883464336395264 -14.041842460632324 49.77315902709961
v 5.983242988586426 -14.153202056884766 49.204071044921875
v 3.7272040843963623 -15.522052764892578 46.60679244995117
v 3.0535385608673096 -16.470041275024414 46.117530822753906
v -2.1239542961120605 -16.809202194213867 45.9367561340332
v -3.913451671600342 -16.52604866027832 45.779632568359375
v -4.1995415687561035 -16.345563888549805 45.98183822631836
v -2.6519811153411865 -15.922588348388672 46.32679748535156
v -4.712626934051514 -15.299688339233398 46.459110260009766
v -4.05150032043457 -15.353007316589355 46.84852600097656
v -27.120647430419922 5.382379055023193 39.23974609375
v -27.20285415649414 5.110957622528076 39.10826873779297
v -2.132812976837158 -24.936378479003906 69.91778564453125
v -1.6406402587890625 -25.687889099121094 70.0338134765625
v -1.2403994798660278 -25.781801223754883 70.29429626464844
v 0.6067511439323425 -26.00412940979004 70.38848114013672
v -0.3992610275745392 -26.271495819091797 70.17385864257812
v 1.1908570528030396 -24.912492752075195 70.5127182006836
v 1.0157784223556519 -25.961191177368164 70.30940246582031
v 1.4168061017990112 -24.89604949951172 70.41465759277344
v 0.9228920340538025 -26.16637420654297 70.18353271484375
v 0.049150001257658005 -26.42069435119629 69.89249420166016
v -0.6293308138847351 -26.402912139892578 69.69205474853516
v -1.6174085140228271 -25.896484375 69.40435791015625
v -1.2620799541473389 -26.164262771606445 69.65596008300781
v 1.1226485967636108 -26.05331802368164 69.12606811523438
v -0.7351494431495667 -25.402307510375977 67.64127349853516
v -22.07108497619629 -10.026593208312988 32.97772979736328
v 1.5833460092544556 -25.790435791015625 69.96249389648438
v 1.4051543474197388 -26.080652236938477 69.6776351928711
v -2.317946672439575 -24.940650939941406 69.5215072631836
v -2.3217759132385254 -25.03616714477539 69.11316680908203
v -2.253091812133789 -25.10894775390625 68.92778778076172
v -2.34255313873291 -24.975849151611328 69.3194808959961
v -21.992202758789062 -10.039563179016113 32.86769104003906
v -2.0009765625 -24.951618194580078 70.08777618408203
v -0.8627461194992065 -26.255840301513672 70.0110855102539
v 22.33739471435547 -9.274311065673828 33.00128173828125
v -2.1361958980560303 -25.200361251831055 68.75267028808594
v -2.0014657974243164 -25.278568267822266 68.5839614868164
v -2.2450742721557617 -24.924318313598633 69.72864532470703
v 3.9732377529144287 -16.753524780273438 49.37315368652344
v 4.111626148223877 -16.850107192993164 49.19963073730469
v 5.412894248962402 -16.274093627929688 49.090057373046875
v 5.485107898712158 -15.846003532409668 49.647544860839844
v 5.1186299324035645 -15.864631652832031 49.794288635253906
v 4.509220123291016 -15.82957649230957 50.38761901855469
v 4.75685453414917 -15.819196701049805 50.15110397338867
v -20.493358612060547 -2.528115749359131 89.73927307128906
v -20.393354415893555 -2.5664637088775635 89.85362243652344
v -20.482276916503906 -2.5408072471618652 89.77206420898438
v -19.621437072753906 -2.153742790222168 89.85462188720703
v -20.10744285583496 -2.4627797603607178 89.92711639404297
v -19.562225341796875 -1.938462257385254 89.826171875
v -19.762447357177734 -1.6488336324691772 88.90147399902344
v -16.18602752685547 -4.461909770965576 92.88377380371094
v -15.900424003601074 -4.85807466506958 93.30889892578125
v -16.566558837890625 -3.948856830596924 92.51293182373047
v -16.29099464416504 -4.736300468444824 92.86308288574219
v -15.453767776489258 -5.480981826782227 94.0088119506836
v -16.34324836730957 -4.779918193817139 92.8865966796875
v -15.909629821777344 -5.2362260818481445 93.1226577758789
v -14.229801177978516 -6.853967666625977 92.73036193847656
v -13.776527404785156 -8.085027694702148 92.66667938232422
v -14.332005500793457 -7.303496360778809 92.0291748046875
v -14.296086311340332 -7.393222332000732 91.96426391601562
v -14.260573387145996 -7.481454849243164 91.90709686279297
v -13.8796968460083 -7.579818248748779 92.49227905273438
v -14.222817420959473 -7.575273513793945 91.85066223144531
v -13.950718879699707 -7.493237495422363 94.10676574707031
v -14.441852569580078 -6.42677640914917 93.47955322265625
v -11.24241828918457 0.6763526201248169 45.18644714355469
v -12.25680160522461 -0.8081476092338562 44.747135162353516
v -10.568116188049316 0.8514254093170166 45.87135314941406
v -11.349329948425293 4.323555946350098 35.599952697753906
v -9.037578582763672 4.548666000366211 37.85025405883789
v -12.038861274719238 4.471827507019043 35.492652893066406
v -9.448320388793945 1.983520746231079 45.888179779052734
v -10.570307731628418 1.575682520866394 44.982460021972656
v -10.506876945495605 -18.83338165283203 32.116004943847656
v -10.736040115356445 -18.19267463684082 32.85157775878906
v -10.552486419677734 -18.833341598510742 31.709674835205078
v -14.120389938354492 6.624971866607666 33.329803466796875
v -10.640951156616211 6.502852439880371 33.3509407043457
v -11.075492858886719 6.362013339996338 33.20160675048828
v -11.47412395477295 -0.46442264318466187 46.07947540283203
v -10.997628211975098 0.15939439833164215 46.15330505371094
v -9.784303665161133 -14.7979154586792 37.15576934814453
v -9.784868240356445 -14.98920726776123 36.2650032043457
v -9.680607795715332 -15.34719181060791 36.90734100341797
v -9.296324729919434 -15.7322359085083 37.2523193359375
v -8.230952262878418 -15.930466651916504 37.70964050292969
v -9.511256217956543 -15.033113479614258 37.41033935546875
v -8.193150520324707 -15.802129745483398 37.79655456542969
v 11.606230735778809 -0.5025724172592163 46.17963409423828
v 11.588994979858398 -0.4156625270843506 45.746177673339844
v 11.023930549621582 0.20202787220478058 46.34916687011719
v 11.379948616027832 0.5710817575454712 45.00785827636719
v 12.46403694152832 5.839366912841797 32.81211853027344
v 11.78873348236084 5.952983856201172 32.77616882324219
v 11.557555198669434 6.133921146392822 32.9686279296875
v 12.212298393249512 5.627869606018066 32.81182098388672
v 11.401525497436523 -8.351814270019531 46.28045654296875
v 12.137742042541504 -8.02914810180664 45.84709167480469
v 12.047605514526367 -8.055086135864258 45.88024139404297
v 12.271442413330078 -8.386663436889648 45.28477096557617
v 13.025569915771484 4.433413982391357 33.5518798828125
v 10.849075317382812 6.182911396026611 32.36769485473633
v 13.413190841674805 3.7877776622772217 34.049766540527344
v 13.29664421081543 3.915152072906494 33.668392181396484
v 13.322502136230469 4.3632330894470215 33.823551177978516
v 12.151201248168945 -0.24777722358703613 41.4488525390625
v 12.960267066955566 -1.3474788665771484 42.966285705566406
v 12.910552024841309 -1.3183566331863403 41.968692779541016
v 14.847774505615234 -0.6417399644851685 34.57672882080078
v 15.208342552185059 0.945960283279419 33.72967529296875
v 14.949119567871094 -0.5410226583480835 34.44999694824219
v 16.107431411743164 -4.044416427612305 91.54408264160156
v 16.32825469970703 -3.808134078979492 91.69807434082031
v 16.23280906677246 -4.437217712402344 93.06031036376953
v 15.076205253601074 -5.635295391082764 93.33338928222656
v 15.41413688659668 -5.483872413635254 93.09786224365234
v 16.71333122253418 -7.298281669616699 24.92348861694336
v 16.826810836791992 -6.942836284637451 24.871002197265625
v 16.774383544921875 -7.092641353607178 24.90093994140625
v 16.55199432373047 -7.877107620239258 24.926513671875
v 16.93464469909668 -6.591636657714844 24.805068969726562
v 21.168018341064453 -0.9571253061294556 86.88734436035156
v 20.10971450805664 -1.5564818382263184 85.90743255615234
v 20.568708419799805 -1.0161733627319336 87.57847595214844
v 20.0725040435791 -1.4877780675888062 86.19126892089844
v 22.957473754882812 -2.4061050415039062 31.600749969482422
v 22.975872039794922 -2.982160806655884 31.39927864074707
v 22.79604148864746 -2.573896884918213 31.804786682128906
v -21.690019607543945 -0.7676814794540405 89.20919799804688
v -19.995059967041016 -1.2623413801193237 89.01366424560547
v -20.28023910522461 -1.3476313352584839 89.7791748046875
v -12.440879821777344 4.890292167663574 37.542606353759766
v -14.238617897033691 4.722189426422119 37.02777862548828
v -14.05974292755127 4.693692684173584 36.930912017822266
v -8.110424995422363 -16.831302642822266 31.972137451171875
v -9.073556900024414 -16.44371223449707 32.35272979736328
v -9.294075965881348 -16.07231330871582 32.45253372192383
v -7.900570869445801 -19.805112838745117 31.35280990600586
v -8.074597358703613 -19.384674072265625 31.166719436645508
v -6.712183952331543 -18.171974182128906 32.16373825073242
v -6.796444892883301 -18.890382766723633 32.33272933959961
v -1.6204581260681152 -18.04575538635254 37.90657043457031
v 0.11906824260950089 -17.88939666748047 38.24560546875
v 7.956267833709717 -19.466163635253906 72.78956604003906
v 7.528861045837402 -19.238901138305664 73.68427276611328
v 7.359854221343994 -19.235307693481445 73.1474609375
v 7.064287185668945 -19.1402587890625 72.83712768554688
v 7.400857448577881 -19.252099990844727 70.855712890625
v 7.359854221343994 -19.235307693481445 73.1474609375
v 14.11689567565918 4.637119293212891 33.31411361694336
v 12.245099067687988 4.410046100616455 36.149898529052734
v 14.11689567565918 4.637119293212891 33.31411361694336
v 21.29032325744629 -0.7806849479675293 88.28361511230469
v 20.474641799926758 -1.0910935401916504 89.02102661132812
v 18.949975967407227 -2.3467655181884766 90.86441040039062
v 19.74006462097168 -1.5220098495483398 89.46680450439453
v 22.803083419799805 -3.119962215423584 96.4424057006836
v 22.396976470947266 -4.384757041931152 99.71530151367188
v 16.579740524291992 -4.512259483337402 93.76123046875
v 26.940444946289062 4.711545467376709 26.28024673461914
v 19.6554012298584 4.925497055053711 34.46388244628906
v 15.96533489227295 4.623855113983154 35.4058952331543
v 29.684242248535156 5.1993408203125 30.102807998657227
v 20.510665893554688 6.185439109802246 34.48682403564453
v 17.174118041992188 5.803732872009277 36.500770568847656
v 22.847333908081055 5.652184963226318 33.40886306762695
v 14.386563301086426 6.06821346282959 38.19110870361328
v 14.924216270446777 6.57489538192749 37.300437927246094
v 17.472761154174805 6.811330318450928 34.997623443603516
v 21.594425201416016 6.643896579742432 33.37877655029297
v 8.357327461242676 6.771763324737549 40.6983642578125
v 16.86136817932129 6.925551414489746 33.29485321044922
v 12.18918228149414 6.861227989196777 35.042171478271484
v 9.195520401000977 6.724978923797607 34.78110885620117
v 7.850310325622559 6.916409015655518 35.20367431640625
v 6.80099630355835 6.992378234863281 35.758216857910156
v 6.896008491516113 6.874512195587158 36.74880599975586
v 5.42417049407959 7.008054256439209 36.436546325683594
v 4.517174243927002 6.965267658233643 36.85955810546875
v 1.2754178047180176 6.656209945678711 38.0039176940918
v 1.8334321975708008 6.725244998931885 37.76386642456055
v 1.6970959901809692 6.724000930786133 37.76103591918945
v 1.9004185199737549 7.112580299377441 37.000244140625
v 2.0148091316223145 7.164022922515869 36.87615203857422
v 1.7827438116073608 7.061485767364502 37.125755310058594
v 0.5691503882408142 7.109736442565918 37.663665771484375
v -1.2995703220367432 7.137736797332764 37.39263153076172
v -0.5381947755813599 6.821343421936035 38.2945556640625
v -2.3632915019989014 7.279047966003418 36.58294677734375
v -2.2942702770233154 7.211738586425781 36.719085693359375
v -2.287437915802002 8.149801254272461 35.88824462890625
v -1.4329205751419067 7.611955165863037 37.012237548828125
v -2.57677960395813 7.4486775398254395 36.20832061767578
v -2.4591457843780518 7.3579816818237305 36.41321563720703
v -2.9068737030029297 7.907805442810059 35.22108459472656
v -2.8760135173797607 8.561612129211426 33.77553939819336
v -2.9190101623535156 8.505203247070312 33.87067413330078
v -2.7053167819976807 8.396707534790039 34.84149169921875
v -2.780658006668091 8.696673393249512 33.587486267089844
v -2.8369102478027344 8.621535301208496 33.6816291809082
v -2.9190101623535156 8.505203247070312 33.87067413330078
v -3.0009336471557617 8.343840599060059 34.15372848510742
v -2.460268497467041 14.393779754638672 34.269386291503906
v -2.646068572998047 9.725446701049805 34.46757507324219
v -1.7959257364273071 11.070052146911621 31.74832534790039
v -1.880740761756897 10.948373794555664 31.849674224853516
v -1.7102187871932983 11.19564151763916 31.645681381225586
v -1.9868593215942383 10.852659225463867 31.971717834472656
v -2.0874147415161133 10.724332809448242 32.11639404296875
v -2.113312005996704 14.986857414245605 31.323156356811523
v 1.9240007400512695 14.578227996826172 31.158397674560547
v 1.706347107887268 9.773995399475098 31.902219772338867
v 1.5824757814407349 14.909951210021973 30.877981185913086
v 2.1485867500305176 18.88844108581543 31.051597595214844
v 2.5637893676757812 15.48354434967041 31.96727752685547
v 1.4969849586486816 15.671669006347656 30.74398422241211
v 1.5224342346191406 17.182708740234375 30.61866569519043
v 2.4854328632354736 21.475475311279297 31.84907341003418
v 2.707683801651001 17.541166305541992 33.061248779296875
v 2.5934433937072754 21.42717933654785 32.446868896484375
v 2.5884785652160645 21.528085708618164 32.63593292236328
v -0.7372909188270569 22.501811981201172 34.79133605957031
v -0.7371014952659607 21.777803421020508 34.89144515991211
v -0.6110148429870605 22.653236389160156 34.80260467529297
v 0.9325992465019226 22.137971878051758 34.7648811340332
v -0.8611313104629517 22.349925994873047 34.76948547363281
v -1.1977593898773193 21.83468246459961 34.69276428222656
v 1.9191086292266846 14.861822128295898 34.93968200683594
v 2.4575395584106445 14.06121826171875 34.35462951660156
v 1.829014539718628 9.487622261047363 31.916728973388672
v 2.612365484237671 9.03054428100586 33.31964111328125
v 2.596280813217163 8.97498607635498 32.895263671875
v 2.6996517181396484 8.656095504760742 34.655799865722656
v 2.196577310562134 8.131964683532715 36.03516387939453
v 0.7510583996772766 11.792590141296387 36.07044982910156
v 0.2979721128940582 12.10194206237793 36.093360900878906
v -2.638291835784912 20.51935386657715 32.71133041381836
v -1.4534627199172974 19.411643981933594 30.47490882873535
v -2.3355369567871094 18.127016067504883 31.368513107299805
v -2.686445713043213 16.68783950805664 32.364013671875
v -2.2285830974578857 21.495243072509766 33.730674743652344
v 0.637148380279541 8.518342018127441 36.98403549194336
v 1.6980640888214111 8.05345344543457 36.60028076171875
v 2.7948107719421387 8.0498046875 35.104270935058594
v 2.9308037757873535 8.409268379211426 34.207237243652344
v 2.920236349105835 8.470710754394531 34.082313537597656
v 2.855025053024292 8.174714088439941 34.81556701660156
v -2.3380608558654785 7.073565483093262 36.950721740722656
v -2.2908406257629395 7.106252670288086 36.901634216308594
v 0.8729562163352966 6.8259453773498535 38.89404296875
v 2.7042531967163086 6.813803195953369 37.966217041015625
v 3.554337739944458 6.8971381187438965 37.264007568359375
v -1.5808660984039307 6.8559041023254395 39.82950210571289
v 15.501771926879883 5.41354513168335 37.439659118652344
v 14.96169376373291 4.594726085662842 35.40789794921875
v 28.976736068725586 4.545314311981201 27.98529815673828
v 26.742685317993164 6.018833637237549 25.120967864990234
v 27.62725067138672 6.214771270751953 24.567794799804688
v 27.573152542114258 6.113408088684082 24.560195922851562
v 28.19330596923828 6.970676898956299 26.149307250976562
v 16.641733169555664 5.214613914489746 30.99764633178711
v 16.33059310913086 5.007850646972656 31.39431381225586
v 16.212270736694336 4.655143737792969 32.35243225097656
v 27.9412841796875 4.612746715545654 26.325157165527344
v 16.742822647094727 4.570518970489502 33.59189987182617
v 13.071483612060547 4.727189540863037 37.86164093017578
v 11.608379364013672 6.148596286773682 40.071128845214844
v 8.575679779052734 6.578759670257568 41.29888153076172
v 3.3070013523101807 6.834774971008301 41.22771453857422
v 0.7173864245414734 6.78150749206543 41.338722229003906
v -6.031635284423828 6.9549641609191895 36.29730987548828
v -2.3380608558654785 7.073565483093262 36.950721740722656
v -5.623719215393066 7.2065324783325195 35.633785247802734
v -5.9526519775390625 7.200928688049316 35.4844970703125
v -6.261444091796875 7.192589282989502 35.3338737487793
v -11.464298248291016 6.202717304229736 33.03338623046875
v -11.182049751281738 6.321033000946045 33.149837493896484
v -12.248552322387695 5.806093215942383 32.89813995361328
v -13.709071159362793 6.452504634857178 33.04864501953125
v -13.127062797546387 5.795737266540527 32.79499816894531
v -14.730745315551758 5.942586898803711 32.47916030883789
v -15.823681831359863 6.195772171020508 32.44384002685547
v -15.868447303771973 6.488619804382324 32.776222229003906
v -16.173006057739258 5.489261627197266 32.3501091003418
v -16.93518829345703 5.932219505310059 32.27260208129883
v -14.338810920715332 5.743453025817871 32.55270767211914
v -21.364381790161133 4.985655307769775 32.771995544433594
v -17.065439224243164 4.806948184967041 33.097023010253906
v -21.818069458007812 4.604520320892334 34.30818176269531
v -23.557809829711914 4.5834059715271 34.75102996826172
v -23.23868179321289 4.536956310272217 35.57954025268555
v -26.21157455444336 4.659727096557617 37.86199188232422
v -25.560739517211914 5.211260795593262 33.214778900146484
v -24.79022216796875 5.6371283531188965 32.81803894042969
v -22.025508880615234 5.2461838722229 32.548789978027344
v -23.536481857299805 5.987372398376465 32.553131103515625
v -22.26158332824707 5.645371437072754 32.36662673950195
v -22.675823211669922 6.196059226989746 32.51385498046875
v -21.403039932250977 6.190924167633057 32.39142608642578
v -23.87451171875 6.509427070617676 33.07666778564453
v -21.283916473388672 6.78882360458374 33.96659851074219
v -8.924724578857422 6.825918674468994 34.645484924316406
v -8.866312026977539 6.912411212921143 34.12028503417969
v -9.302787780761719 6.833029747009277 33.93932342529297
v -9.52258586883545 6.7901611328125 33.847381591796875
v -9.7324800491333 6.744298458099365 33.75891876220703
v -8.652993202209473 6.949350357055664 34.207611083984375
v -7.803548812866211 7.059782981872559 34.61351776123047
v -7.63019323348999 8.141716003417969 31.9106502532959
v -7.803548812866211 7.059782981872559 34.61351776123047
v 6.616641521453857 6.619112014770508 41.975833892822266
v 4.536579608917236 6.4632697105407715 42.639610290527344
v 7.10504150390625 6.262482166290283 42.39949035644531
v 7.090517044067383 5.802013397216797 42.618255615234375
v 7.832210540771484 5.363053321838379 42.273277282714844
v 8.729534149169922 5.890115261077881 41.93268585205078
v 9.858664512634277 5.590040683746338 41.31565856933594
v 10.836030960083008 5.207820892333984 40.457984924316406
v 11.036380767822266 4.354959964752197 38.041603088378906
v 10.943923950195312 3.8546252250671387 37.746315002441406
v 11.798465728759766 3.8454155921936035 36.55469512939453
v 13.124874114990234 4.589484214782715 36.81110382080078
v 14.772073745727539 4.588732719421387 35.33342742919922
v 14.334522247314453 4.580245018005371 35.10770034790039
v 14.772073745727539 4.588732719421387 35.33342742919922
v 16.395889282226562 5.075300693511963 31.276126861572266
v 16.5176944732666 5.135332107543945 31.143239974975586
v 16.009838104248047 5.840198516845703 31.118824005126953
v 15.606637001037598 5.882905006408691 31.34415626525879
v 29.37810516357422 6.660035133361816 29.824586868286133
v 28.88953971862793 6.955513954162598 28.705177307128906
v 29.18812370300293 4.7323150634765625 29.43729019165039
v 29.572507858276367 5.932570457458496 30.362567901611328
v 13.000364303588867 5.5258893966674805 32.678489685058594
v 14.698083877563477 6.389012813568115 32.148948669433594
v 29.497831344604492 6.402443885803223 30.14777183532715
v 29.3553524017334 4.3227458000183105 27.062660217285156
v 11.005270957946777 3.184476137161255 37.808937072753906
v 14.212423324584961 2.792184591293335 33.80991744995117
v 12.838088035583496 3.9784555435180664 33.698307037353516
v 12.879914283752441 3.8876447677612305 33.73324966430664
v 2.46077823638916 7.53787088394165 36.13690948486328
v 2.294799566268921 7.366695880889893 36.45964813232422
v 2.397066831588745 7.452610969543457 36.28419494628906
v 2.5106561183929443 7.6268630027771 35.98823547363281
v -1.1731877326965332 10.40066909790039 36.22600173950195
v -1.8545478582382202 12.5820894241333 35.34203338623047
v -2.550990581512451 10.292109489440918 33.01860809326172
v -1.1300702095031738 14.871944427490234 30.640016555786133
v 1.7165871858596802 21.918081283569336 30.63347816467285
v 1.4980659484863281 19.641408920288086 30.49489974975586
v 0.9585179090499878 21.881637573242188 30.20733642578125
v 1.4152112007141113 19.975732803344727 30.43988800048828
v 1.6237348318099976 17.75290298461914 30.645172119140625
v 1.6237348318099976 17.75290298461914 30.645172119140625
v 1.5730706453323364 17.468162536621094 30.63106346130371
v -1.4881166219711304 12.863739013671875 31.139636993408203
v -1.5195770263671875 11.673197746276855 31.39727783203125
v -2.627161979675293 9.91402530670166 33.37901306152344
v 2.1157004833221436 7.227059364318848 36.73937225341797
v 11.42723560333252 6.7064642906188965 34.525108337402344
v 12.24398136138916 3.0274250507354736 34.62174987792969
v 12.903558731079102 1.8344123363494873 34.56581115722656
v -9.799625396728516 -14.768383026123047 35.538291931152344
v -9.505584716796875 -15.950064659118652 33.484378814697266
v -9.641589164733887 -17.82173728942871 31.43698501586914
v -9.211174011230469 -16.99098777770996 31.983081817626953
v -8.732348442077637 -19.608551025390625 31.069673538208008
v -9.374075889587402 -19.5756893157959 31.372697830200195
v -9.675687789916992 -19.192859649658203 31.149028778076172
v -8.245853424072266 -20.03726577758789 31.400896072387695
v -8.185371398925781 -20.096647262573242 31.75025177001953
v -9.594083786010742 -19.446889877319336 31.91317367553711
v -10.414363861083984 -17.78836441040039 34.19599914550781
v -10.663269996643066 -18.26272964477539 31.7485408782959
v -10.520998001098633 -16.07653045654297 35.936187744140625
v -10.530766487121582 -17.594539642333984 32.43118667602539
v -10.254829406738281 -18.756853103637695 31.297508239746094
v -10.25182819366455 -18.43210220336914 31.33204460144043
v -10.85656452178955 -13.385031700134277 36.55961608886719
v -10.387446403503418 -13.984749794006348 36.04353713989258
v -10.327569007873535 -14.074085235595703 35.918701171875
v -11.33890151977539 -12.826148986816406 36.758827209472656
v -11.534631729125977 -12.617650985717773 36.981719970703125
v -11.556943893432617 -12.568381309509277 36.832332611083984
v -17.562055587768555 4.958951473236084 37.55235290527344
v -25.43890380859375 4.854662895202637 38.219173431396484
v -17.693891525268555 4.791639804840088 37.283599853515625
v -17.481191635131836 5.0531511306762695 37.66423416137695
v -20.905879974365234 5.524311065673828 38.16374588012695
v -26.436769485473633 5.580288410186768 39.00153350830078
v -20.213136672973633 6.14376163482666 38.03741455078125
v -26.21993064880371 6.180975437164307 38.834449768066406
v -25.322406768798828 5.821673393249512 38.761016845703125
v -26.104228973388672 6.613743305206299 38.310386657714844
v -28.268871307373047 5.211015701293945 33.99245834350586
v -28.186304092407227 5.311416149139404 33.908058166503906
v -28.465431213378906 6.151028156280518 33.92505645751953
v -24.775800704956055 6.190201282501221 32.897342681884766
v -12.820829391479492 6.7929463386535645 36.875457763671875
v -13.187334060668945 6.474689483642578 37.66197204589844
v 1.4106005430221558 6.46840238571167 42.30699920654297
v 0.1257275938987732 6.470786094665527 41.94406509399414
v 2.5962841510772705 5.566268444061279 42.95862579345703
v 3.6381728649139404 6.340272903442383 42.75038528442383
v -0.3175736665725708 6.233842849731445 41.97032165527344
v 4.525586128234863 6.119770526885986 42.889591217041016
v 6.21850061416626 5.5949249267578125 42.826881408691406
v 6.322586536407471 4.908818244934082 42.57041931152344
v 7.447536945343018 4.22978401184082 41.6060791015625
v 7.713864803314209 4.642582893371582 41.58380126953125
v 8.697922706604004 3.349935293197632 40.369346618652344
v 8.961750030517578 3.6611058712005615 39.87617492675781
v 6.533102512359619 4.602160453796387 42.47514724731445
v 7.154516696929932 4.088791847229004 43.58086395263672
v 7.926216125488281 3.6544904708862305 41.96690368652344
v 8.447638511657715 3.4404211044311523 42.25757598876953
v 9.420733451843262 2.476008653640747 40.71699523925781
v 11.100313186645508 0.7902787923812866 40.439727783203125
v 12.049261093139648 1.9797461032867432 37.48849105834961
v 15.055584907531738 0.8704953789710999 34.48011779785156
v 15.56672477722168 0.39071446657180786 34.0074348449707
v 12.922896385192871 3.7961084842681885 33.7696418762207
v 16.073026657104492 -1.0424919128417969 33.83457946777344
v 12.477956771850586 3.1095895767211914 34.53710174560547
v 16.585067749023438 -9.306456565856934 24.27332305908203
v 16.95704460144043 -8.76217269897461 24.054119110107422
v 16.501121520996094 -8.038718223571777 24.921661376953125
v 17.42957305908203 -6.868411540985107 24.386402130126953
v 17.71784210205078 -6.276226043701172 23.393112182617188
v 17.788541793823242 -5.569749355316162 23.531421661376953
v 16.857473373413086 -7.8040452003479 22.674354553222656
v 17.33454704284668 -6.638007640838623 22.714458465576172
v 17.543128967285156 -5.3207268714904785 22.652488708496094
v 17.32391357421875 -4.184544563293457 21.414169311523438
v 17.16388702392578 -3.927220344543457 21.150901794433594
v 17.14995574951172 -3.201840400695801 21.301433563232422
v 17.03804588317871 -6.116135597229004 21.33023452758789
v 17.054912567138672 -6.69043493270874 21.717605590820312
v 16.619800567626953 -3.4651525020599365 20.76409149169922
v 16.078838348388672 -2.108344316482544 20.361785888671875
v 16.300552368164062 -2.7611334323883057 20.402881622314453
v 15.93603801727295 -1.7648277282714844 20.342941284179688
v 15.041223526000977 -0.22513261437416077 20.31934356689453
v 15.931270599365234 -0.8151395916938782 20.767200469970703
v 16.398679733276367 -1.2805553674697876 21.095760345458984
v 17.202360153198242 -3.0158541202545166 22.11231231689453
v 15.410561561584473 0.1607491672039032 20.88400650024414
v 16.41095733642578 -1.0886554718017578 21.985828399658203
v 17.443326950073242 -2.724355459213257 23.480430603027344
v 17.72102165222168 -4.165040493011475 23.306743621826172
v 17.555492401123047 -3.3696014881134033 24.175949096679688
v 17.21014404296875 -2.2394661903381348 24.3839111328125
v 17.369361877441406 -3.3465373516082764 24.48786163330078
v 17.11042594909668 -4.587320327758789 24.72467041015625
v 17.141603469848633 -4.99571418762207 24.701526641845703
v 17.140684127807617 -5.242217540740967 24.699859619140625
v 13.436911582946777 -12.128214836120605 24.33724594116211
v 14.77834701538086 -11.44507884979248 23.978919982910156
v 14.39624309539795 -11.100532531738281 24.978595733642578
v 15.582860946655273 -10.723538398742676 24.055641174316406
v 15.211677551269531 -10.434504508972168 24.771072387695312
v 15.549378395080566 -10.672650337219238 23.751914978027344
v 16.569242477416992 -9.316405296325684 23.63617706298828
v 16.15164566040039 -8.785338401794434 22.385753631591797
v 15.694820404052734 -9.147095680236816 21.79977798461914
v 16.547595977783203 -7.765239715576172 21.56389617919922
v 13.057611465454102 1.9719815254211426 20.455604553222656
v 13.859842300415039 1.7648128271102905 21.83834457397461
v 14.65170955657959 1.1093158721923828 21.851211547851562
v 15.84665584564209 0.4679732024669647 22.87353515625
v 16.05646514892578 0.3600744903087616 23.833477020263672
v 16.942306518554688 -1.207253098487854 24.036273956298828
v 16.512134552001953 -0.546720564365387 24.230587005615234
v 16.412677764892578 -1.20881187915802 24.768505096435547
v 16.642765045166016 -1.7971084117889404 24.74209976196289
v 16.725116729736328 -2.055927276611328 24.735244750976562
v 15.686750411987305 0.18324750661849976 24.793834686279297
v 15.520231246948242 0.9358315467834473 24.09290313720703
v 14.617527961730957 1.5132349729537964 24.543807983398438
v 16.25775718688965 -0.8524702191352844 24.754283905029297
v 3.0537235736846924 -6.0923357009887695 22.31989288330078
v 3.63240909576416 -8.31762981414795 22.719257354736328
v 2.6978261470794678 -7.085935115814209 23.131031036376953
v 2.7578001022338867 -4.593569755554199 21.282371520996094
v 2.932072401046753 -4.564557075500488 22.27255630493164
v 3.0590245723724365 -2.212293863296509 21.60519027709961
v 2.8217289447784424 -3.385615825653076 21.492992401123047
v 2.893143653869629 -2.982187032699585 21.199443817138672
v 3.577782154083252 -0.7058517336845398 21.576358795166016
v 3.4745049476623535 -1.0653170347213745 21.24254608154297
v 4.216114044189453 0.31370973587036133 21.47857666015625
v 3.9545352458953857 -1.5696518421173096 20.1754150390625
v 3.5839953422546387 -2.1420724391937256 20.454151153564453
v 4.823003768920898 -0.6681987047195435 19.54065704345703
v 5.529709339141846 0.13874489068984985 19.497699737548828
v 5.208943843841553 1.484264850616455 21.753929138183594
v 6.109299659729004 2.1870429515838623 21.940052032470703
v 6.66572380065918 1.7608526945114136 20.705394744873047
v 8.73512077331543 2.3584983348846436 20.013126373291016
v 8.495741844177246 2.62953782081604 21.03765106201172
v 12.18395709991455 2.4208426475524902 20.47589111328125
v 11.232065200805664 2.709207773208618 20.552509307861328
v 11.793144226074219 2.7194981575012207 21.437877655029297
v 13.369327545166016 1.9551469087600708 20.731334686279297
v 11.255901336669922 2.4750635623931885 20.16726303100586
v 8.202823638916016 1.5538650751113892 19.561767578125
v 7.566860198974609 1.841038703918457 19.822357177734375
v 10.303993225097656 2.6148712635040283 20.154762268066406
v 3.4999523162841797 -3.438046455383301 20.12737274169922
v 3.2544283866882324 -4.820274353027344 20.517417907714844
v 2.9620940685272217 -6.195188522338867 21.338340759277344
v 3.612375259399414 -7.721362113952637 21.25054168701172
v 3.2308709621429443 -7.332540512084961 21.718597412109375
v 4.161932945251465 -9.42467975616455 22.976119995117188
v 10.5503511428833 -12.922663688659668 23.54663848876953
v 11.685322761535645 -12.793113708496094 23.96860122680664
v 12.631426811218262 -12.25982666015625 24.731266021728516
v 11.751791000366211 -12.721588134765625 23.55255889892578
v 13.182573318481445 -12.271751403808594 23.67422866821289
v 11.811973571777344 -11.358217239379883 21.272754669189453
v 14.183600425720215 -10.991888046264648 22.73210906982422
v 13.664105415344238 -10.9440336227417 21.84310531616211
v 10.560956954956055 2.007934331893921 19.64019775390625
v 6.324240684509277 0.006666631903499365 19.207096099853516
v 7.121152400970459 1.3552353382110596 19.583621978759766
v 5.91763162612915 0.6892625689506531 19.64712142944336
v 5.475579738616943 -9.478752136230469 20.61111068725586
v 4.2642669677734375 -9.509474754333496 22.081844329833984
v 4.807435989379883 -10.47694206237793 22.641185760498047
v 5.539620876312256 -10.973246574401855 22.39990234375
v 5.651762008666992 -11.27972412109375 22.88620376586914
v 5.315486907958984 -10.949142456054688 23.152999877929688
v 6.276350975036621 -11.554399490356445 23.481189727783203
v 5.955535411834717 -11.342992782592773 23.409988403320312
v 5.649725437164307 -11.110143661499023 23.346633911132812
v 9.310768127441406 -12.844268798828125 23.48752212524414
v 9.71121597290039 -12.69834041595459 24.054000854492188
v 7.680228233337402 -12.358989715576172 23.537464141845703
v 8.1987943649292 -12.506108283996582 23.071739196777344
v 9.53040885925293 -11.939472198486328 21.885902404785156
v 13.22634506225586 -10.379805564880371 20.8839111328125
v 5.564036846160889 -1.548276424407959 18.901687622070312
v 6.131814956665039 -0.29911425709724426 19.143089294433594
v 4.204001426696777 -6.066026210784912 19.375225067138672
v 4.025615692138672 -4.572286605834961 19.22945785522461
v 4.097949028015137 -3.4572153091430664 19.239547729492188
v 4.096979141235352 -4.1942009925842285 19.202674865722656
v 4.088849067687988 -3.825237512588501 19.217750549316406
v 3.9175171852111816 -7.36061954498291 20.65442657470703
v 4.989445209503174 -8.172205924987793 19.681751251220703
v 7.079730033874512 -12.066888809204102 22.904895782470703
v 6.872951030731201 -10.940771102905273 21.356861114501953
v 8.259503364562988 -11.484101295471191 21.404888153076172
v 5.926677703857422 -9.302367210388184 19.776752471923828
v 4.906717300415039 -7.399135589599609 19.35759735107422
v 4.38790225982666 -5.6433329582214355 19.126293182373047
v 8.313933372497559 -10.9192476272583 20.439403533935547
v 10.198254585266113 -11.56690788269043 21.14432144165039
v 7.7242584228515625 -10.833504676818848 20.416107177734375
v 8.592195510864258 -11.016464233398438 20.507293701171875
v 8.782000541687012 -11.054960250854492 20.537471771240234
v 9.122941970825195 -10.732558250427246 20.367427825927734
v 9.033395767211914 -10.568126678466797 20.278762817382812
v 14.191251754760742 1.3803633451461792 20.753185272216797
v 14.036454200744629 2.3212695121765137 23.100635528564453
v 14.555342674255371 1.9998960494995117 23.83761978149414
v 15.154348373413086 1.4714289903640747 23.571067810058594
v 13.304810523986816 2.786997079849243 23.832012176513672
v 12.039361000061035 3.2688987255096436 23.165374755859375
v 14.414602279663086 1.6893243789672852 24.5343017578125
v 12.435586929321289 2.881399631500244 24.25686264038086
v 13.157397270202637 2.5353567600250244 24.40064239501953
v 4.89285945892334 0.8612734079360962 22.433536529541016
v 3.892047643661499 -0.580769956111908 22.29875946044922
v 6.574380397796631 2.3267009258270264 22.786888122558594
v 7.025161266326904 2.766545057296753 22.31326675415039
v 9.81233024597168 2.8483896255493164 21.123737335205078
v 8.11391544342041 3.12835955619812 22.247936248779297
v 9.824295043945312 3.466876983642578 22.940139770507812
v 10.816454887390137 3.379767417907715 23.603939056396484
v 12.110180854797363 3.001601219177246 24.183189392089844
v 11.440467834472656 3.188265085220337 24.01799774169922
v 10.679876327514648 3.3075504302978516 23.826507568359375
v 11.098190307617188 3.254580497741699 23.92890167236328
v 10.28534984588623 3.3365321159362793 23.744525909423828
v 3.650015115737915 -0.6513423323631287 22.66122055053711
v 4.260929107666016 0.36961862444877625 22.764205932617188
v 8.717169761657715 3.3327109813690186 22.812015533447266
v 9.917381286621094 3.345219373703003 23.65582275390625
v -3.054161787033081 -2.8710548877716064 22.332923889160156
v -2.80916690826416 -4.2356462478637695 21.51266860961914
v -3.3709752559661865 -1.8793052434921265 22.011985778808594
v -3.48655366897583 -0.8265516757965088 21.569808959960938
v -4.015302658081055 0.1986895501613617 21.721229553222656
v -3.868556499481201 -0.6424170136451721 22.28656768798828
v -9.651324272155762 3.571842670440674 22.97353744506836
v -9.565596580505371 3.3213415145874023 23.489898681640625
v -8.333739280700684 3.1336612701416016 23.206802368164062
v -10.857157707214355 3.528201103210449 23.001571655273438
v -11.089498519897461 3.23016095161438 23.901763916015625
v -12.127227783203125 2.945214033126831 24.151885986328125
v -12.701452255249023 3.052171230316162 23.64818572998047
v -13.298972129821777 2.443502187728882 24.336009979248047
v -13.778558731079102 2.5129077434539795 23.764747619628906
v -14.737831115722656 1.338265061378479 24.641868591308594
v -4.020866870880127 -9.166118621826172 22.865375518798828
v -2.7314257621765137 -6.234207630157471 22.867321014404297
v -4.4152374267578125 -9.834755897521973 23.168834686279297
v -3.5212178230285645 -8.21768569946289 21.821121215820312
v -3.1394691467285156 -6.1576361656188965 22.259532928466797
v -2.8762130737304688 -5.847888946533203 21.481155395507812
v -2.8893184661865234 -3.8501455783843994 21.037399291992188
v -3.21970796585083 -1.927185297012329 21.06848907470703
v -3.7326903343200684 -0.48002609610557556 21.249114990234375
v -5.125822067260742 1.360161304473877 21.482234954833984
v -5.288906097412109 1.67403244972229 21.887962341308594
v -4.502715587615967 0.8425517082214355 21.599472045898438
v -6.237599849700928 2.3394863605499268 21.912818908691406
v -6.250193119049072 2.0740997791290283 22.73263168334961
v -4.923487663269043 0.8645164966583252 22.43315887451172
v -13.492801666259766 2.6858303546905518 23.238346099853516
v -14.485957145690918 2.0502877235412598 23.57675552368164
v -15.080324172973633 1.390543818473816 22.969024658203125
v -15.634393692016602 0.9036127328872681 23.754940032958984
v -15.697230339050293 0.07709178328514099 24.829326629638672
v -9.960688591003418 -12.69090461730957 24.2890625
v -11.57495403289795 -12.556727409362793 24.583106994628906
v -10.849203109741211 -12.957040786743164 23.835094451904297
v -11.855681419372559 -12.497753143310547 24.616859436035156
v -12.87646770477295 -12.504217147827148 24.07406234741211
v -11.567716598510742 -12.871475219726562 23.721820831298828
v -8.357166290283203 -12.622965812683105 23.23870086669922
v -9.960688591003418 -12.69090461730957 24.2890625
v -9.885305404663086 -12.849462509155273 23.250835418701172
v -8.366384506225586 -12.612445831298828 23.53146743774414
v -7.634017467498779 -12.2305326461792 22.788253784179688
v -6.055544853210449 -11.436687469482422 22.680248260498047
v -7.14632511138916 -12.1644926071167 23.146148681640625
v -6.1246232986450195 -11.302693367004395 23.686412811279297
v -6.339653015136719 -11.721405029296875 23.150615692138672
v -5.004605293273926 -10.494762420654297 23.394847869873047
v -4.9971489906311035 -10.635683059692383 22.651836395263672
v -4.434950351715088 -9.977350234985352 22.602340698242188
v -4.551667213439941 -9.987817764282227 22.26047134399414
v -4.369902610778809 -7.66603422164917 20.232681274414062
v -3.050394296646118 -6.668231010437012 21.388591766357422
v -2.905618906021118 -5.4593586921691895 21.13802719116211
v -3.987039566040039 -4.64557409286499 19.320629119873047
v -5.5237932205200195 1.0831658840179443 20.829883575439453
v -8.01370620727539 2.4480934143066406 20.887859344482422
v -7.345067024230957 2.7332799434661865 21.815719604492188
v -8.95242977142334 2.7919492721557617 21.213176727294922
v -11.687934875488281 2.7570888996124268 21.726158142089844
v -13.662895202636719 1.9310613870620728 22.017356872558594
v -12.768899917602539 2.8405678272247314 22.689640045166016
v -15.56524658203125 0.1265016347169876 22.109268188476562
v -16.328277587890625 -0.14768919348716736 23.236495971679688
v -16.515451431274414 -0.42583826184272766 23.973068237304688
v -16.99720001220703 -1.5196453332901 24.133590698242188
v -16.50387191772461 -1.5369541645050049 24.867782592773438
v -17.310375213623047 -2.676372528076172 24.237171173095703
v -17.081756591796875 -4.626720905303955 24.73651123046875
v -17.5098934173584 -5.752868175506592 24.383586883544922
v -17.095762252807617 -4.998928546905518 24.73052978515625
v -15.22503662109375 -10.97455883026123 24.367958068847656
v -13.834723472595215 -12.055259704589844 24.15015411376953
v -14.218181610107422 -11.324294090270996 24.85662078857422
v -12.586067199707031 -12.590278625488281 23.767005920410156
v -14.750449180603027 -11.440322875976562 23.867321014404297
v -8.900534629821777 -11.673962593078613 21.572803497314453
v -7.106236934661865 -11.087409019470215 21.434993743896484
v -5.416782379150391 -9.646685600280762 20.955238342285156
v -4.202991962432861 -5.372928142547607 19.211219787597656
v -4.053382396697998 -3.161628246307373 19.315914154052734
v -17.034095764160156 -2.500361919403076 22.050804138183594
v -17.359832763671875 -3.985527992248535 22.231689453125
v -17.750408172607422 -4.666412353515625 23.29340362548828
v -17.70463752746582 -5.012672424316406 24.021522521972656
v -17.49724578857422 -3.067247152328491 23.815250396728516
v -16.394556045532227 -9.603238105773926 24.35071563720703
v -16.85823631286621 -7.120060920715332 24.856143951416016
v -17.141216278076172 -8.319636344909668 24.108135223388672
v -16.260879516601562 -9.940315246582031 24.045520782470703
v -16.294849395751953 -8.606406211853027 24.981346130371094
v -15.392234802246094 -10.09982681274414 24.99590301513672
v -12.866844177246094 -11.806884765625 22.747161865234375
v -9.518595695495605 -11.410408020019531 20.86513900756836
v -5.457858562469482 -8.88471794128418 19.787635803222656
v -4.72450065612793 -7.569433689117432 19.55687713623047
v -4.39698600769043 -2.1240875720977783 19.243995666503906
v -5.902054309844971 0.8600743412971497 19.89004898071289
v -7.672929763793945 1.8640918731689453 19.766353607177734
v -13.706562995910645 1.6987429857254028 20.69839096069336
v -16.2115421295166 -0.9584877490997314 20.97994613647461
v -17.560585021972656 -6.894366264343262 24.03390121459961
v -17.589149475097656 -6.938196182250977 23.57178497314453
v -17.699970245361328 -5.474715232849121 23.03969955444336
v -17.406484603881836 -5.889718055725098 22.565582275390625
v -16.444896697998047 -9.618298530578613 23.81714630126953
v -15.398004531860352 -10.06093692779541 22.912296295166016
v -13.931976318359375 -11.063833236694336 22.552227020263672
v -13.470734596252441 -11.055545806884766 21.85158920288086
v -12.451803207397461 -11.329009056091309 21.521865844726562
v -8.134760856628418 -11.171696662902832 20.72006607055664
v -7.308101654052734 -10.606846809387207 20.25790023803711
v -6.130733966827393 -9.74991512298584 20.026409149169922
v -9.161312103271484 -10.683340072631836 20.326927185058594
v -6.528226375579834 -9.448930740356445 19.686203002929688
v -5.40433406829834 -8.073884010314941 19.367847442626953
v -4.281116962432861 -3.8967251777648926 19.089027404785156
v -4.846187114715576 -0.4588298499584198 19.701473236083984
v -5.397495746612549 0.018314070999622345 19.476356506347656
v -6.115079879760742 0.6968095302581787 19.521709442138672
v -10.633698463439941 2.964768648147583 21.704875946044922
v -9.792211532592773 2.6896514892578125 20.297840118408203
v -12.455751419067383 2.3090198040008545 20.51028060913086
v -11.47514533996582 2.5222246646881104 20.27786636352539
v -13.715617179870605 0.9722757935523987 20.10980987548828
v -15.074874877929688 0.49345627427101135 20.733806610107422
v -15.351645469665527 -9.48993968963623 21.787506103515625
v -11.134305953979492 -11.322670936584473 21.007347106933594
v -5.912538051605225 -0.5744901299476624 19.110843658447266
v -7.07714319229126 0.5847622156143188 19.21118927001953
v -10.171684265136719 2.5149309635162354 20.017658233642578
v -8.541177749633789 2.3228752613067627 19.94631576538086
v -9.764155387878418 2.0004684925079346 19.63232421875
v -17.04147720336914 -3.0097174644470215 21.09695053100586
v -17.27393341064453 -4.102633476257324 21.243980407714844
v -17.03570556640625 -6.333372116088867 21.372882843017578
v -16.637718200683594 -7.5889668464660645 21.578983306884766
v -15.908297538757324 -8.541293144226074 21.445228576660156
v -16.682798385620117 -7.906699180603027 22.345829010009766
v -13.28887939453125 -10.379162788391113 20.95758819580078
v -4.425477504730225 -18.8822021484375 34.28662872314453
v -5.1732001304626465 -17.926631927490234 33.329627990722656
v -4.670039176940918 -17.420501708984375 33.65550994873047
v -5.31791877746582 -18.00601577758789 33.23101043701172
v -5.7945685386657715 -18.618228912353516 33.252708435058594
v -6.362689971923828 -18.96889877319336 33.34973907470703
v -6.947848320007324 -19.279361724853516 34.05866241455078
v -7.9203033447265625 -20.038169860839844 31.875524520874023
v -6.322471618652344 -18.34939956665039 37.57960510253906
v -10.457830429077148 -16.121166229248047 36.289756774902344
v -9.986197471618652 -16.674942016601562 36.547157287597656
v -10.069756507873535 -16.14923858642578 36.854827880859375
v -10.304437637329102 -15.66590404510498 36.34269714355469
v -6.140321254730225 -18.838178634643555 36.04585266113281
v -5.758206844329834 -18.963478088378906 34.640541076660156
v -5.617313385009766 -18.895587921142578 34.028221130371094
v -4.496190547943115 -19.05486488342285 34.54698181152344
v -4.774899959564209 -18.86964225769043 36.17343521118164
v -4.2408857345581055 -18.933473587036133 35.12369155883789
v -4.370023727416992 -18.749895095825195 35.83980941772461
v -5.226743698120117 -18.539289474487305 37.150550842285156
v -5.995500087738037 -18.029497146606445 37.839019775390625
v -5.799309730529785 -18.417757034301758 37.52056121826172
v -6.958712100982666 -18.021724700927734 37.714439392089844
v -4.515887260437012 -18.207260131835938 36.55370330810547
v -4.357115745544434 -17.858930587768555 36.9758186340332
v -5.569632530212402 -17.289743423461914 37.91720962524414
v -3.566824197769165 -18.173858642578125 35.50531768798828
v -0.6542875170707703 -18.05338478088379 37.056156158447266
v -0.13707362115383148 -17.808475494384766 36.367679595947266
v -2.985194683074951 -18.06119155883789 35.39644241333008
v -3.827324390411377 -18.179628372192383 34.790687561035156
v -4.5127692222595215 -17.347864151000977 33.78186798095703
v -1.4959806203842163 -16.808727264404297 35.45836639404297
v -2.4402613639831543 -17.151304244995117 35.25981903076172
v -4.045756816864014 -17.10194969177246 34.03950500488281
v -0.9276829957962036 -16.93840980529785 35.76607894897461
v -1.8957607746124268 -16.809551239013672 34.823585510253906
v -1.647173285484314 -16.784820556640625 34.8577880859375
v -1.1232625246047974 -16.747190475463867 34.92533874511719
v 8.080290794372559 -15.08297348022461 36.12539291381836
v 8.740216255187988 -15.296098709106445 37.04259490966797
v 8.080143928527832 -15.699000358581543 37.15756607055664
v 6.407263278961182 -15.719996452331543 35.923309326171875
v 5.610602855682373 -16.694534301757812 37.2341423034668
v 5.383605480194092 -16.764341354370117 36.77056884765625
v 4.539902687072754 -15.894635200500488 40.034217834472656
v 8.864903450012207 -14.984411239624023 38.10431671142578
v 10.216367721557617 -14.225956916809082 37.5865478515625
v 13.677967071533203 -9.555277824401855 38.08415985107422
v 13.20018196105957 -10.174412727355957 37.46152114868164
v 13.313495635986328 -9.972110748291016 37.55310821533203
v 12.647241592407227 -11.489091873168945 37.85565185546875
v 11.998751640319824 -12.382173538208008 37.950653076171875
v 11.549145698547363 -12.937606811523438 37.52172088623047
v 12.18663215637207 -11.749706268310547 36.99884033203125
v 10.263827323913574 -13.794052124023438 38.488616943359375
v 5.293029308319092 -15.589963912963867 40.03900909423828
v 4.920382976531982 -15.739367485046387 40.04161834716797
v -8.961262702941895 -14.410218238830566 39.506629943847656
v -11.11977481842041 -13.404905319213867 37.99061584472656
v -12.141456604003906 -12.256762504577637 37.636627197265625
v -11.996675491333008 -12.017923355102539 36.97698974609375
v -11.996675491333008 -12.017923355102539 36.97698974609375
v -12.841902732849121 1.2957996129989624 36.996498107910156
v -11.10351848602295 3.7572569847106934 36.27540969848633
v -11.181314468383789 3.8347840309143066 36.10219192504883
v -9.434381484985352 2.2746691703796387 40.62810134887695
v -12.945395469665527 0.3218682110309601 37.76751708984375
v -11.723739624023438 0.0029792259447276592 40.26856994628906
v -13.082201957702637 0.16616474092006683 37.701622009277344
v -13.661720275878906 -1.243051290512085 37.86581039428711
v -14.139707565307617 -2.783726453781128 37.727561950683594
v -14.682358741760254 -1.910325288772583 36.652427673339844
v -13.788352966308594 -2.1908023357391357 38.4246940612793
v -14.139707565307617 -2.783726453781128 37.727561950683594
v -14.527776718139648 -2.8577475547790527 37.1768798828125
v -13.814504623413086 -2.3513150215148926 38.77448272705078
v -13.375324249267578 -1.6411056518554688 39.18358612060547
v -7.528266906738281 3.515072822570801 40.690792083740234
v -7.907083511352539 3.386133909225464 40.227333068847656
v -6.27898645401001 4.448179721832275 41.69165802001953
v -4.809809684753418 4.929337501525879 40.43367004394531
v -8.948050498962402 3.8405776023864746 38.342254638671875
v -9.22960376739502 4.3379926681518555 37.61741256713867
v -12.305951118469238 5.961652755737305 38.10893249511719
v -12.561840057373047 5.314768314361572 37.99127960205078
v -10.542672157287598 5.870722770690918 38.5428466796875
v -20.602312088012695 6.548030853271484 37.70376968383789
v -27.24388885498047 6.937621593475342 36.08891296386719
v -12.085248947143555 6.86177396774292 36.18656921386719
v -9.862110137939453 6.360189437866211 38.46530532836914
v -8.010283470153809 5.726904392242432 39.454856872558594
v -5.301830291748047 5.165331840515137 40.199737548828125
v 5.540359973907471 5.042926788330078 42.86925506591797
v 3.421931028366089 5.343355178833008 43.17253875732422
v 5.453032493591309 4.855215072631836 43.146209716796875
v 2.4541711807250977 5.289642333984375 45.30945587158203
v 5.875593185424805 4.33223819732666 45.2642822265625
v 10.084695816040039 2.282346487045288 42.54779815673828
v 10.782203674316406 1.4690743684768677 41.510841369628906
v 11.728568077087402 -0.07147000730037689 40.74345397949219
v 13.307526588439941 -1.4225082397460938 39.19044494628906
v 14.00432014465332 -2.8789737224578857 38.32187271118164
v 13.857230186462402 -2.5814871788024902 38.98665237426758
v 13.688606262207031 -0.09851595759391785 37.02699279785156
v 13.686266899108887 -0.26853930950164795 37.149131774902344
v 14.820042610168457 -3.8261234760284424 36.911170959472656
v 14.156415939331055 -3.512068510055542 37.915122985839844
v 14.806501388549805 -4.019017696380615 36.95216369628906
v 13.984910011291504 -7.9458465576171875 37.77665710449219
v 14.264175415039062 -5.056913375854492 38.14385223388672
v 14.311653137207031 -7.182550430297852 38.283111572265625
v 14.209623336791992 -7.5460710525512695 38.64818572998047
v 14.114975929260254 -8.1983060836792 38.16006851196289
v 13.984910011291504 -7.9458465576171875 37.77665710449219
v 12.894216537475586 -10.398547172546387 38.822715759277344
v 10.67267894744873 -12.654521942138672 39.510292053222656
v 8.670982360839844 -13.621920585632324 40.264854431152344
v 7.582554817199707 -14.435807228088379 40.122222900390625
v 7.394671440124512 -14.782783508300781 39.874107360839844
v 7.3335185050964355 -14.588968276977539 40.104469299316406
v -7.930836200714111 -14.845107078552246 39.84068298339844
v -5.191778659820557 -16.804035186767578 39.57020568847656
v -6.344877243041992 -15.692564964294434 39.856689453125
v -13.191181182861328 -10.40994644165039 38.36048126220703
v -12.354013442993164 -11.98088264465332 38.0055046081543
v -11.7581787109375 -12.087690353393555 38.84966278076172
v -13.55252742767334 -9.753125190734863 38.03144073486328
v -13.48250961303711 -9.526956558227539 37.638309478759766
v -12.77329158782959 -11.326834678649902 37.722251892089844
v -12.633413314819336 -11.123767852783203 37.21261215209961
v -12.492003440856934 -1.344833493232727 40.37471008300781
v -13.895461082458496 -2.685819625854492 38.87519836425781
v -13.958319664001465 -3.1610805988311768 39.01348876953125
v -13.953417778015137 -3.014059066772461 38.95563507080078
v -10.747056007385254 1.1078428030014038 40.910274505615234
v -11.706496238708496 -0.05402938276529312 40.92432403564453
v -9.32274055480957 2.677924156188965 41.37645721435547
v -8.253011703491211 3.5515923500061035 41.937774658203125
v -3.507129192352295 5.297432899475098 41.65167236328125
v -1.1252470016479492 5.692976474761963 41.915679931640625
v -6.312500476837158 4.879993438720703 39.650962829589844
v -10.820713996887207 5.2741827964782715 38.373687744140625
v 0.43579810857772827 5.622133255004883 42.63813781738281
v -0.5024392604827881 5.435905456542969 45.4964485168457
v 2.013558864593506 5.155186176300049 45.7075080871582
v 4.178239345550537 4.888877868652344 45.3498649597168
v 8.978951454162598 2.902608871459961 44.83375549316406
v 10.253620147705078 1.8602862358093262 45.08147430419922
v 12.305530548095703 -0.7982990741729736 44.53476333618164
v 13.101099014282227 -2.9708738327026367 40.53357696533203
v 12.872679710388184 -2.164907217025757 40.58356857299805
v 13.050630569458008 -2.712296962738037 40.702335357666016
v 12.979941368103027 -2.038051128387451 41.14854049682617
v 12.995786666870117 -2.2262356281280518 41.016075134277344
v 13.050630569458008 -2.712296962738037 40.702335357666016
v 14.384757041931152 -4.815042018890381 38.717567443847656
v 12.982064247131348 -2.4302585124969482 40.318641662597656
v 14.394792556762695 -5.223620891571045 38.60791015625
v 14.389846801757812 -5.32429838180542 38.674827575683594
v 14.394792556762695 -5.223620891571045 38.60791015625
v 14.36955451965332 -5.521485805511475 38.745147705078125
v 14.348965644836426 -5.778752326965332 38.784908294677734
v 13.037033081054688 -8.605097770690918 39.82395935058594
v 9.84996509552002 -12.464095115661621 40.5461311340332
v 9.756686210632324 -12.584452629089355 40.49769592285156
v 10.075567245483398 -12.197379112243652 40.62866973876953
v 9.984460830688477 -12.31877613067627 40.581180572509766
v 9.618776321411133 -12.727701187133789 40.46160888671875
v 10.163162231445312 -12.073013305664062 40.67403030395508
v 9.481738090515137 -12.873284339904785 40.42616653442383
v 9.340846061706543 -13.01549243927002 40.38993453979492
v 8.863012313842773 -13.459335327148438 40.29435729980469
v 9.009747505187988 -13.320219039916992 40.329917907714844
v 9.153226852416992 -13.178261756896973 40.365875244140625
v 11.200986862182617 -10.692964553833008 40.916316986083984
v 10.160250663757324 -11.859949111938477 41.22742462158203
v 10.2864351272583 -11.859040260314941 40.795989990234375
v 6.894449234008789 -15.196859359741211 42.07975387573242
v 3.6678903102874756 -15.501816749572754 41.71486282348633
v 7.865988254547119 -13.93552303314209 41.629112243652344
v 8.995789527893066 -13.757857322692871 41.91958236694336
v 8.284026145935059 -14.563711166381836 42.43225860595703
v 5.670064926147461 -16.054304122924805 42.678611755371094
v 3.8530056476593018 -16.67877960205078 42.612762451171875
v 4.863722324371338 -16.152435302734375 42.174224853515625
v 1.1690729856491089 -17.189668655395508 42.38096618652344
v 0.7529703378677368 -17.079771041870117 42.12901306152344
v -0.4001134932041168 -17.23333168029785 42.316368103027344
v -0.4064212143421173 -17.086809158325195 42.106239318847656
v -1.8355375528335571 -16.05135726928711 41.940460205078125
v 0.9864298701286316 -15.904730796813965 41.83252716064453
v -3.749376058578491 -16.71673011779785 42.59618377685547
v -4.983858585357666 -15.99433422088623 42.073150634765625
v -9.35374927520752 -13.813209533691406 39.81260681152344
v -9.307001113891602 -13.469156265258789 40.105926513671875
v -10.00633716583252 -12.5858154296875 40.308860778808594
v -13.929631233215332 -8.544806480407715 38.52155303955078
v -14.21177864074707 -7.018918037414551 38.80509948730469
v -14.21963119506836 -7.606472015380859 38.43101501464844
v -13.958319664001465 -3.1610805988311768 39.01348876953125
v -12.719966888427734 -1.887028694152832 40.60312271118164
v -11.822982788085938 0.3144616484642029 41.74494171142578
v -10.585360527038574 1.6966984272003174 41.64544677734375
v -8.54061222076416 3.4285266399383545 42.955284118652344
v -6.258499622344971 4.506669521331787 43.24671173095703
v -1.7359925508499146 5.3660888671875 45.409366607666016
v 0.3389114737510681 5.299032688140869 45.73404312133789
v 4.555342197418213 4.613528251647949 45.58318328857422
v 7.671579837799072 3.1852803230285645 45.70735549926758
v 7.5059099197387695 3.677171468734741 45.1111946105957
v 11.120723724365234 1.2569082975387573 42.949317932128906
v 9.631061553955078 2.070760488510132 45.66082000732422
v 9.213032722473145 2.1482391357421875 45.86738967895508
v 9.714949607849121 1.7649859189987183 45.867958068847656
v 5.116260528564453 3.7050352096557617 45.89589309692383
v 4.324202537536621 3.873445749282837 45.895198822021484
v 4.756174564361572 3.780317783355713 45.898414611816406
v 5.4785475730896 3.6264755725860596 45.890071868896484
v -4.091850757598877 3.9614810943603516 45.910667419433594
v -1.458301067352295 4.165185451507568 45.93042755126953
v -4.329576015472412 4.723522663116455 45.565773010253906
v -1.6680604219436646 5.002957344055176 45.80027389526367
v -9.683243751525879 2.6326677799224854 42.829715728759766
v -10.625442504882812 1.7789933681488037 42.99787139892578
v -11.79322624206543 0.4209236800670624 42.956817626953125
v -12.906208992004395 -1.276879072189331 42.71742248535156
v -8.075105667114258 3.4244720935821533 45.08549499511719
v -9.196399688720703 2.626779556274414 45.31977081298828
v -6.987603664398193 3.6635794639587402 45.630157470703125
v -5.111170768737793 4.705641269683838 45.13722229003906
v -5.8473968505859375 3.6485157012939453 45.89196014404297
v 11.686195373535156 -0.4984980523586273 45.66307830810547
v 12.190773963928223 -0.7548601627349854 44.80484390258789
v 13.350330352783203 -2.3715343475341797 41.718788146972656
v 13.415055274963379 -2.037278413772583 42.287010192871094
v 14.315995216369629 -1.5599068403244019 41.9774169921875
v 13.987760543823242 -2.980051279067993 41.465919494628906
v 13.729047775268555 -3.126703977584839 41.458351135253906
v 14.032411575317383 -3.068328619003296 41.39379119873047
v 13.95854663848877 -5.119190216064453 41.408729553222656
v 14.050171852111816 -6.348040580749512 42.04737854003906
v 14.00002670288086 -6.235748291015625 42.01797103881836
v 15.76995849609375 -9.5005521774292 43.831573486328125
v 14.908024787902832 -8.599594116210938 42.96516418457031
v 15.990763664245605 -9.859424591064453 43.48818588256836
v 16.95590591430664 -10.473457336425781 44.32941818237305
v 16.667583465576172 -9.933798789978027 44.64739227294922
v 17.691326141357422 -10.537912368774414 45.158775329589844
v 18.608997344970703 -10.495211601257324 45.876609802246094
v 18.675552368164062 -10.773711204528809 45.261905670166016
v 19.539508819580078 -10.482006072998047 46.06114959716797
v 17.20121955871582 -10.631796836853027 43.55056381225586
v 18.05890655517578 -10.803528785705566 44.7734260559082
v 19.60012435913086 -10.910124778747559 44.18072509765625
v 21.42113494873047 -9.53112506866455 46.64540481567383
v 20.38496208190918 -9.9288330078125 46.77797317504883
v 24.781885147094727 -1.37062668800354 45.09964370727539
v 24.00733757019043 -2.473555088043213 46.69688415527344
v 25.419742584228516 -4.433988571166992 44.75895690917969
v 25.235530853271484 -2.460164785385132 44.844913482666016
v 24.996389389038086 -1.050310730934143 44.415199279785156
v 24.556108474731445 -0.34262290596961975 44.70751190185547
v 24.659379959106445 -0.13933883607387543 43.97807312011719
v 24.121814727783203 0.5840466022491455 44.26271438598633
v 22.25762176513672 2.268641948699951 42.471405029296875
v 22.974971771240234 1.8588367700576782 43.34469985961914
v 23.900522232055664 0.9908470511436462 43.50074768066406
v 24.422636032104492 -0.004219967871904373 43.4915657043457
v 19.76027488708496 1.916089653968811 40.27009582519531
v 20.734046936035156 1.666080355644226 40.25324249267578
v 19.082788467407227 0.9032214879989624 39.357460021972656
v 21.443382263183594 2.4025375843048096 41.657615661621094
v 22.331300735473633 1.6383137702941895 41.507877349853516
v 19.99251937866211 2.4509332180023193 41.04758834838867
v 20.772075653076172 2.6477692127227783 41.92863464355469
v 22.256486892700195 2.275465488433838 43.15458679199219
v 20.749732971191406 2.138387680053711 46.21080780029297
v 23.44140625 -4.0264458656311035 47.84679412841797
v 24.709074020385742 -7.27674674987793 44.87565994262695
v 22.881845474243164 -5.5991387367248535 48.32415008544922
v 22.527685165405273 -7.168768882751465 48.02585983276367
v 22.125389099121094 -7.898159503936768 47.903564453125
v 22.41934585571289 -6.754188060760498 48.29618835449219
v 20.994001388549805 -9.084754943847656 47.49384689331055
v 20.681257247924805 -8.297821998596191 47.71494674682617
v 19.54448127746582 -10.17002010345459 46.55293655395508
v 18.89716148376465 -9.755165100097656 46.41618728637695
v 18.363317489624023 -9.991357803344727 45.974754333496094
v 10.964329719543457 -9.828965187072754 45.9900016784668
v 11.648259162902832 -9.608577728271484 45.592933654785156
v 11.277946472167969 -9.4334135055542 45.910911560058594
v 11.553863525390625 -10.190963745117188 45.27210998535156
v 12.680085182189941 -8.094648361206055 44.4776725769043
v 12.39726448059082 -9.313435554504395 42.14662170410156
v 12.720674514770508 -8.069665908813477 43.90410614013672
v 10.756368637084961 -11.930137634277344 41.91990661621094
v 12.482797622680664 -8.324918746948242 41.11689758300781
v 13.555981636047363 -4.99672794342041 41.339141845703125
v 12.841890335083008 -8.063693046569824 41.706844329833984
v 13.294705390930176 -5.081998348236084 41.095542907714844
v 12.930395126342773 -7.130133152008057 40.719520568847656
v 12.136049270629883 -9.101118087768555 41.01091003417969
v 10.822809219360352 -11.166830062866211 41.381771087646484
v 10.918334007263184 -11.874258995056152 42.703521728515625
v 9.738157272338867 -13.352337837219238 42.587154388427734
v 9.632194519042969 -13.33645248413086 42.06974411010742
v 1.9644147157669067 -17.08294105529785 43.498146057128906
v -5.126563549041748 -16.295364379882812 42.8543586730957
v -7.0016889572143555 -15.26380443572998 42.1771240234375
v -8.065717697143555 -14.33753490447998 41.872100830078125
v -7.308138847351074 -14.453169822692871 41.73655700683594
v -8.929338455200195 -13.201899528503418 41.57769775390625
v -9.18770694732666 -13.500012397766113 41.86518096923828
v -10.371158599853516 -12.040528297424316 40.48957061767578
v -10.87618637084961 -11.154513359069824 40.88660430908203
v -13.17296028137207 -1.5615209341049194 42.76580047607422
v -12.96365737915039 -1.313073992729187 43.09484100341797
v -12.89852523803711 -1.2478375434875488 43.194583892822266
v -12.824204444885254 -1.1763778924942017 43.3212890625
v -13.818432807922363 -3.020862340927124 41.48165512084961
v -13.442524909973145 -2.6232314109802246 41.50279998779297
v -13.684743881225586 -2.2074270248413086 42.10858917236328
v -14.108824729919434 -3.901174306869507 41.118690490722656
v -14.837403297424316 -1.1624488830566406 41.06825637817383
v -14.4017915725708 -1.8379062414169312 41.583953857421875
v -15.532024383544922 0.4215889573097229 41.30537414550781
v -16.213390350341797 1.7575513124465942 42.50300979614258
v -15.304332733154297 0.40869349241256714 42.49542999267578
v -14.992364883422852 -0.2532716989517212 41.52477264404297
v -17.414165496826172 2.5720317363739014 43.131988525390625
v -18.03992462158203 1.9501523971557617 40.76690673828125
v -18.73123550415039 2.292571783065796 41.01457214355469
v -19.397781372070312 2.679594039916992 41.96880340576172
v -21.44090461730957 2.572556495666504 42.48761749267578
v -22.221832275390625 2.169975757598877 43.873470306396484
v -20.0347843170166 2.811974287033081 44.2677116394043
v -22.343351364135742 2.155895709991455 42.40586853027344
v -23.17551612854004 1.4879035949707031 44.18614959716797
v -23.233299255371094 1.6348811388015747 43.530452728271484
v -23.973453521728516 0.8774564862251282 43.96690368652344
v -25.017484664916992 -1.1568113565444946 44.14043426513672
v -25.38101577758789 -2.8480677604675293 44.635887145996094
v -25.08687973022461 -1.4248465299606323 44.59552764892578
v -25.23118019104004 -3.0161290168762207 43.507381439208984
v -25.16358757019043 -5.334904193878174 43.684425354003906
v -25.411245346069336 -4.715180397033691 44.407066345214844
v -23.90508270263672 -8.579628944396973 43.409488677978516
v -24.907461166381836 -7.1739606857299805 44.48978042602539
v -22.748842239379883 -8.9718599319458 34.30439376831055
v -24.136816024780273 -8.6885347366333 44.211875915527344
v -24.50440216064453 -7.993010997772217 44.57268142700195
v -25.156709671020508 -6.2907586097717285 44.26651382446289
v -23.14777946472168 -5.211791515350342 48.135719299316406
v -25.23396873474121 -5.5630717277526855 44.85425567626953
v -23.00973129272461 -3.154744863510132 48.373260498046875
v -21.777374267578125 1.1602917909622192 46.94026184082031
v -20.925315856933594 2.348370313644409 45.5089111328125
v -20.150508880615234 2.6565754413604736 45.25867462158203
v -18.333232879638672 2.8183395862579346 44.385623931884766
v -18.76636505126953 2.901228189468384 43.908851623535156
v -16.84644317626953 2.2181618213653564 43.36688995361328
v -16.838665008544922 1.9603731632232666 43.69304656982422
v -16.12459373474121 1.4237802028656006 43.12929916381836
v -8.962089538574219 2.3342068195343018 45.888221740722656
v -8.696682929992676 2.5017428398132324 45.8851318359375
v -7.503082752227783 3.108783483505249 45.882633209228516
v -7.1818461418151855 3.2389261722564697 45.88249969482422
v -6.8551483154296875 3.360342264175415 45.883235931396484
v -6.524326801300049 3.4695281982421875 45.88289260864258
v -5.155725002288818 3.792158842086792 45.898895263671875
v -4.805887699127197 3.8596816062927246 45.89894485473633
v -6.1861186027526855 3.5592849254608154 45.89126968383789
v 15.701827049255371 0.9163936376571655 42.91178512573242
v 15.410642623901367 0.6601161956787109 41.94756317138672
v 15.484343528747559 0.6503047943115234 42.75007629394531
v 14.915400505065918 -0.40902984142303467 41.52946090698242
v 14.920517921447754 -0.23528073728084564 42.33320617675781
v 14.032411575317383 -3.068328619003296 41.39379119873047
v 14.20112419128418 -3.730668544769287 41.12206268310547
v 15.640908241271973 -2.1641623973846436 39.542076110839844
v 14.587788581848145 -6.482629299163818 41.2029914855957
v 16.358856201171875 -7.771489143371582 39.48101806640625
v 14.657087326049805 -8.019680976867676 42.240028381347656
v 18.625646591186523 -10.651277542114258 41.39780044555664
v 16.60074234008789 -10.075255393981934 42.35946273803711
v 17.832612991333008 -10.402786254882812 41.38418197631836
v 15.404662132263184 -9.187448501586914 42.526390075683594
v 18.682416915893555 -10.935303688049316 42.929656982421875
v 20.70844841003418 -10.793397903442383 42.07007598876953
v 21.13457679748535 -10.833415985107422 42.75162887573242
v 21.567834854125977 -10.687546730041504 43.454444885253906
v 22.859384536743164 -9.957786560058594 44.0871696472168
v 22.784791946411133 -10.058370590209961 43.387298583984375
v 21.846643447875977 -10.604917526245117 42.98567199707031
v 23.29923439025879 -9.658807754516602 43.88280487060547
v 24.086519241333008 -8.688304901123047 44.04832077026367
v 24.2166690826416 -8.413860321044922 44.55548858642578
v 24.850154876708984 -7.213383674621582 44.26688003540039
v 25.1532039642334 -5.6700921058654785 44.999847412109375
v 24.770963668823242 -6.9016242027282715 43.549598693847656
v 25.182682037353516 -5.4906206130981445 43.88246154785156
v 25.418603897094727 -4.8274760246276855 44.454349517822266
v 22.634090423583984 -6.127224922180176 34.27170944213867
v 22.4360294342041 -4.9085564613342285 34.65571594238281
v 22.977792739868164 -3.045973062515259 33.83912658691406
v 22.894126892089844 -4.468542098999023 33.65100860595703
v 22.743637084960938 -6.6800384521484375 32.47292709350586
v 22.99196434020996 -7.5983991622924805 33.0560302734375
v 22.767324447631836 -2.5864386558532715 32.41801452636719
v 23.05061149597168 -1.9466489553451538 32.149234771728516
v 23.47811508178711 -1.520187258720398 34.263301849365234
v 23.530336380004883 -1.5141535997390747 32.62713623046875
v 23.549108505249023 -1.5260261297225952 32.441436767578125
v 23.582916259765625 -1.5320796966552734 32.32246398925781
v 23.63848304748535 -1.572410225868225 32.097076416015625
v 23.66897201538086 -1.602584719657898 31.988651275634766
v 23.828964233398438 -1.214478611946106 33.48834991455078
v 18.449188232421875 1.3689472675323486 39.75872039794922
v 18.791349411010742 2.183061361312866 40.77653503417969
v 18.213409423828125 0.2233976274728775 39.00567626953125
v 20.46027374267578 2.7672839164733887 43.013023376464844
v 20.202877044677734 2.728959083557129 44.619144439697266
v 21.565988540649414 1.4707210063934326 46.7834587097168
v 22.825042724609375 -1.6592329740524292 48.18775939941406
v 23.125106811523438 -3.2386488914489746 48.242645263671875
v 22.797521591186523 -2.4740238189697266 48.398319244384766
v 22.756155014038086 -4.023742198944092 48.52608108520508
v 21.642677307128906 -6.721948623657227 48.272735595703125
v 8.395777702331543 -12.887602806091309 46.29248046875
v 10.854397773742676 -10.809674263000488 45.7922477722168
v 11.03762149810791 -10.967469215393066 45.52259063720703
v 9.327062606811523 -13.460800170898438 45.42158508300781
v 7.166574001312256 -15.119701385498047 45.739593505859375
v 5.030136585235596 -16.18714714050293 45.70121383666992
v -1.557956337928772 -17.15487289428711 42.44221496582031
v 0.06138482689857483 -17.083017349243164 45.31880187988281
v -8.322193145751953 -14.580273628234863 42.79269790649414
v -8.526994705200195 -14.331369400024414 42.20366668701172
v -6.782597541809082 -15.534260749816895 42.962982177734375
v -10.15466594696045 -12.85513973236084 42.70098876953125
v -9.607909202575684 -13.397502899169922 42.218231201171875
v -10.634181022644043 -11.990652084350586 41.86524200439453
v -10.606820106506348 -11.671855926513672 40.60922622680664
v -15.670526504516602 -1.6741890907287598 39.679134368896484
v -16.696455001831055 -0.7767259478569031 38.91925811767578
v -18.616741180419922 1.768570065498352 40.09849166870117
v -19.478317260742188 2.2642061710357666 40.683109283447266
v -20.390609741210938 2.5384511947631836 41.33679962158203
v -20.621902465820312 2.706327199935913 42.30048751831055
v -21.129629135131836 2.4850049018859863 41.62276077270508
v -23.638490676879883 1.2803194522857666 43.351318359375
v -23.342544555664062 1.133203148841858 42.440711975097656
v -24.352001190185547 -0.08688775449991226 42.85474395751953
v -24.275693893432617 0.508855402469635 43.82693099975586
v -24.630910873413086 -0.36652085185050964 44.56319808959961
v -24.79097557067871 -1.1066702604293823 43.457984924316406
v -22.03985595703125 -9.956926345825195 42.231239318847656
v -19.529733657836914 -10.61003303527832 40.96856689453125
v -20.58502960205078 -10.820362091064453 41.89110565185547
v -22.071680068969727 -10.494355201721191 43.158782958984375
v -22.69642448425293 -9.657464981079102 42.68059539794922
v -21.64676284790039 -10.567778587341309 43.82958221435547
v -22.79374885559082 -10.039802551269531 43.34165954589844
v -23.193851470947266 -9.684380531311035 44.15559387207031
v -23.663217544555664 -9.199246406555176 43.689327239990234
v -22.149940490722656 -8.656761169433594 47.113929748535156
v -22.328866958618164 -0.12377770245075226 47.685333251953125
v -20.797170639038086 1.8383899927139282 46.57115173339844
v -19.934030532836914 2.3075199127197266 45.929317474365234
v -20.461610794067383 2.3248660564422607 45.99283218383789
v -18.993234634399414 2.844489097595215 44.790138244628906
v -20.025075912475586 1.6953542232513428 46.41285705566406
v -18.553627014160156 2.279566764831543 45.1199951171875
v 18.519392013549805 2.221457004547119 45.24078369140625
v 17.968965530395508 2.6453425884246826 44.20100784301758
v 17.16524314880371 2.0515778064727783 44.125003814697266
v 18.546672821044922 2.853398323059082 44.10845184326172
v 18.2105712890625 2.7769582271575928 43.25667953491211
v 16.917987823486328 2.3290817737579346 43.029632568359375
v 15.701827049255371 0.9163936376571655 42.91178512573242
v 16.360328674316406 1.8770705461502075 42.62089157104492
v 17.338953018188477 2.377293586730957 42.496219635009766
v 15.901240348815918 1.048133134841919 41.69672775268555
v 16.84371566772461 0.43312931060791016 39.78460693359375
v 15.268574714660645 -4.3758015632629395 39.70658874511719
v 15.707072257995605 -3.523860216140747 39.212425231933594
v 16.730295181274414 -0.6027816534042358 39.031455993652344
v 15.870783805847168 -4.964108467102051 39.099098205566406
v 15.950639724731445 -5.111443042755127 39.04008483886719
v 15.786576271057129 -5.772828102111816 39.30237579345703
v 16.968914031982422 -8.637113571166992 39.52714538574219
v 15.431072235107422 -8.862910270690918 41.84253692626953
v 16.660043716430664 -6.400943756103516 38.65033721923828
v 17.14054298400879 -7.396265983581543 38.7370491027832
v 17.68956184387207 -9.837440490722656 40.314292907714844
v 18.406246185302734 -9.315982818603516 39.53607177734375
v 18.7601375579834 -10.423684120178223 40.79911804199219
v 19.622018814086914 -10.021080017089844 40.38400650024414
v 19.754440307617188 -10.519813537597656 41.10211181640625
v 19.38412857055664 -10.769137382507324 41.51482391357422
v 21.890485763549805 -9.931907653808594 41.889617919921875
v 22.900062561035156 -9.480476379394531 42.67619323730469
v 24.10333824157715 -8.195402145385742 43.314029693603516
v 20.790727615356445 -10.18251895904541 41.267635345458984
v 16.34298324584961 -2.1417014598846436 38.78669357299805
v 16.55879020690918 -1.8074650764465332 38.683021545410156
v 16.485300064086914 -1.9176528453826904 38.713294982910156
v 17.26499366760254 0.056767113506793976 39.080589294433594
v 17.523107528686523 -0.8403022885322571 38.586830139160156
v 16.79561424255371 -1.4868602752685547 38.62005615234375
v 16.713733673095703 -1.5918290615081787 38.636131286621094
v 16.891618728637695 -1.3998616933822632 38.595611572265625
v 17.731916427612305 1.609602928161621 40.44407653808594
v 21.224084854125977 1.3915735483169556 47.040679931640625
v 21.80045509338379 0.8891809582710266 47.359535217285156
v 22.360021591186523 0.21802501380443573 47.47035217285156
v 22.389554977416992 -0.5182586908340454 47.99799346923828
v 21.293909072875977 0.39070969820022583 47.456058502197266
v 21.93577003479004 -0.5468471646308899 47.910701751708984
v 9.209867477416992 -13.284784317016602 45.82234573364258
v 10.747005462646484 -11.737161636352539 44.95488357543945
v -6.475304126739502 -15.514127731323242 45.77139663696289
v -8.397273063659668 -14.326244354248047 45.40434265136719
v -11.011953353881836 -11.71660327911377 42.58660888671875
v -10.738603591918945 -11.21671199798584 41.270591735839844
v -12.693795204162598 -7.692992687225342 40.98057556152344
v -12.80065631866455 -8.220235824584961 41.78083038330078
v -12.0156888961792 -10.057076454162598 42.08024215698242
v -12.70722484588623 -8.540094375610352 42.51338195800781
v -12.702323913574219 -8.576668739318848 42.41492462158203
v -10.396124839782715 -12.094064712524414 45.37934112548828
v -11.300592422485352 -10.715326309204102 45.16203308105469
v -12.694623947143555 -7.883974075317383 44.59423065185547
v -14.578169822692871 -8.044646263122559 42.76335906982422
v -14.957623481750488 -8.19555950164795 41.88042449951172
v -14.504165649414062 -7.872096538543701 42.66251754760742
v -17.4573917388916 0.8960538506507874 39.6248893737793
v -18.217220306396484 0.1446206420660019 38.98612976074219
v -20.203449249267578 1.5508153438568115 40.08485412597656
v -18.42333221435547 1.1077954769134521 39.534339904785156
v -21.03366470336914 1.7705738544464111 40.635597229003906
v -21.26169204711914 1.7893363237380981 40.7885627746582
v -22.139028549194336 1.7372379302978516 41.48154830932617
v -17.877464294433594 -9.5298490524292 39.72080993652344
v -18.751699447631836 -10.301589965820312 40.39903259277344
v -18.49103355407715 -9.726678848266602 39.91828918457031
v -18.68503761291504 -10.570759773254395 40.85433578491211
v -19.888229370117188 -10.952828407287598 42.20055389404297
v -20.931344985961914 -10.871514320373535 42.751319885253906
v -19.571134567260742 -10.83973217010498 41.403602600097656
v -20.648366928100586 -10.034384727478027 46.367740631103516
v -22.853391647338867 -7.5766777992248535 47.29771041870117
v -22.811872482299805 -1.9453965425491333 48.2576904296875
v -23.054616928100586 -1.2216343879699707 47.62318420410156
v -22.29697036743164 -0.49032536149024963 47.90293884277344
v -21.859521865844727 -1.2804242372512817 48.15633773803711
v -21.86224365234375 -1.126807689666748 48.09864807128906
v -21.692602157592773 0.8022632598876953 47.310462951660156
v -20.895883560180664 0.8661213517189026 47.15007400512695
v -20.975032806396484 -8.249274253845215 47.785491943359375
v -21.312543869018555 -8.452116966247559 47.82285690307617
v -20.84137535095215 -8.369717597961426 47.71110916137695
v -20.358871459960938 -8.705338478088379 47.45117950439453
v -20.56163215637207 -8.547272682189941 47.572120666503906
v -19.82701301574707 -10.068839073181152 46.647682189941406
v -19.060348510742188 -10.2593355178833 46.26922607421875
v -18.61903190612793 -10.637850761413574 45.619407653808594
v -21.228267669677734 -9.224444389343262 47.27250671386719
v -19.700496673583984 -10.560245513916016 45.661659240722656
v -19.288372039794922 -10.808225631713867 44.877647399902344
v -18.142772674560547 -10.782512664794922 44.922698974609375
v -17.167827606201172 -9.034828186035156 39.63296890258789
v -16.99109649658203 -8.447805404663086 39.29187774658203
v -18.26866340637207 -10.246440887451172 40.389808654785156
v -17.681840896606445 -8.709336280822754 39.22833251953125
v -17.226781845092773 -10.58017349243164 43.05393981933594
v -21.868480682373047 -8.26135540008545 47.81515121459961
v -22.86471176147461 -6.4181132316589355 48.06619644165039
v -22.95759391784668 -3.978969097137451 48.46809005737305
v -22.71119499206543 -5.1967854499816895 48.49624252319336
v -22.135623931884766 -4.741140365600586 48.45112228393555
v -22.743610382080078 -2.7528903484344482 48.44852066040039
v -21.880714416503906 -7.442715644836426 48.179649353027344
v -22.456037521362305 -6.783006191253662 48.267059326171875
v -21.657350540161133 -6.1823649406433105 48.416534423828125
v -17.68349266052246 -9.825026512145996 40.17284393310547
v -16.112442016601562 -9.557324409484863 41.93889617919922
v -16.71767807006836 -10.242201805114746 42.598140716552734
v -15.729618072509766 -9.546587944030762 42.79545593261719
v -16.247085571289062 -10.062986373901367 43.644287109375
v -16.706510543823242 -10.409415245056152 43.62193298339844
v -16.880352020263672 -10.2885160446167 44.562843322753906
v -17.557903289794922 -10.739137649536133 44.36031723022461
v -15.929654121398926 -9.521440505981445 44.10303497314453
v -17.001108169555664 -9.89344596862793 44.99630355834961
v -17.856830596923828 -10.598480224609375 45.22136688232422
v 19.97824478149414 1.5747629404067993 46.57853698730469
v 6.955303192138672 -14.011571884155273 46.43498229980469
v 7.102609634399414 -14.991232872009277 45.992942810058594
v 7.255943298339844 -13.809368133544922 46.410762786865234
v 1.936993956565857 -16.918872833251953 45.74217987060547
v -7.066044330596924 -15.021915435791016 45.98893737792969
v -8.645048141479492 -13.985639572143555 45.75530242919922
v -9.139945983886719 -13.390092849731445 45.83583068847656
v -9.74777603149414 -13.027158737182617 45.209815979003906
v -10.780574798583984 -10.211530685424805 46.0839729309082
v -11.572046279907227 -9.448870658874512 45.732818603515625
v -12.270236015319824 -8.48674488067627 44.9600715637207
v -11.763813018798828 -8.582712173461914 45.82068634033203
v -12.020150184631348 -8.407151222229004 45.56670379638672
v 0.8166496753692627 -16.809030532836914 46.03845977783203
v -4.4272260665893555 -16.017589569091797 46.15740203857422
v -4.1995415687561035 -16.345563888549805 45.98183822631836
v -4.107118606567383 -16.413583755493164 45.92089080810547
v -7.573262691497803 -13.591816902160645 46.39575958251953
v -8.305824279785156 -13.01734447479248 46.3409423828125
v -7.295303821563721 -14.020805358886719 46.263465881347656
v -6.891903877258301 -14.053885459899902 46.43963623046875
v -8.534789085388184 -12.809637069702148 46.32478332519531
v -10.127652168273926 -10.99646282196045 46.206459045410156
v -0.58750981092453 -15.998708724975586 46.453250885009766
v 0.4729045033454895 -16.12760353088379 46.24653244018555
v 0.47793444991111755 -16.014137268066406 46.46601867675781
v 1.904121994972229 -15.920455932617188 46.44784927368164
v -5.602980613708496 -14.812737464904785 46.47644805908203
v -5.977898120880127 -14.609238624572754 46.47064208984375
v -6.589086532592773 -14.242595672607422 46.455833435058594
v -6.891903877258301 -14.053885459899902 46.43963623046875
v -1.3665797710418701 -15.940994262695312 46.44419860839844
v -14.531461715698242 -6.659841537475586 94.4339599609375
v -18.296857833862305 -5.500940799713135 97.4906005859375
v -19.75306510925293 -6.626599311828613 101.79377746582031
v -20.216066360473633 -6.490780353546143 102.1991195678711
v -20.44605827331543 -6.425856590270996 102.40205383300781
v -22.715150833129883 -4.606189250946045 100.93611907958984
v -17.140518188476562 -3.4667420387268066 92.06999206542969
v -19.391559600830078 -1.966389775276184 90.22395324707031
v -16.29117202758789 -3.8972012996673584 91.81855010986328
v -17.687950134277344 -3.1658132076263428 90.69498443603516
v -19.582551956176758 -1.5506958961486816 86.932861328125
v -19.838272094726562 -1.3397743701934814 87.27139282226562
v -19.611963272094727 -1.5318152904510498 86.84516143798828
v -19.669200897216797 -1.5183923244476318 86.6490249633789
v -20.60658073425293 -0.9491319060325623 88.12432861328125
v -21.702613830566406 -0.8490049242973328 86.91319274902344
v -22.79655647277832 -0.6671540141105652 88.19082641601562
v -23.577037811279297 -0.8971328139305115 88.18281555175781
v -22.63729476928711 -0.6481231451034546 89.04918670654297
v -23.422019958496094 -3.580601930618286 98.5873031616211
v -20.77836036682129 -4.200392723083496 97.1639633178711
v -25.871723175048828 -2.6111955642700195 98.44390869140625
v -25.846899032592773 -3.2683658599853516 101.7742919921875
v 14.774115562438965 -17.873933792114258 68.7442855834961
v -25.891977310180664 -2.7530741691589355 99.17276000976562
v -25.883316040039062 -2.6826236248016357 98.81138610839844
v -25.870784759521484 -2.5364387035369873 98.07025146484375
v -25.851932525634766 -2.4622998237609863 97.69261932373047
v 18.948450088500977 -2.322821617126465 90.32208251953125
v 19.49757194519043 -2.1820428371429443 89.88124084472656
v 19.4332218170166 -1.9281376600265503 89.97029113769531
v 17.46920394897461 -3.0659584999084473 91.17945098876953
v 16.221397399902344 -3.9455230236053467 91.37393951416016
v 15.32942008972168 -5.69986629486084 94.3527603149414
v 14.418763160705566 -6.434850215911865 93.11299896240234
v 13.914995193481445 -7.346037864685059 93.17863464355469
v 14.570672988891602 -6.239278793334961 93.63209533691406
v 14.346959114074707 -7.080482482910156 92.28768920898438
v 15.208549499511719 -17.499740600585938 69.23466491699219
v 15.268507957458496 -17.458555221557617 69.35316467285156
v 15.508735656738281 -17.368810653686523 70.17469787597656
v 10.265165328979492 -19.5594482421875 69.53846740722656
v 11.380900382995605 -19.392961502075195 70.19131469726562
v 9.665177345275879 -19.61771583557129 70.962890625
v 15.359304428100586 -7.191611289978027 96.86518859863281
v 14.575299263000488 -6.852628231048584 94.9170150756836
v 14.127440452575684 -7.4104743003845215 94.62315368652344
v 13.901707649230957 -8.02883243560791 93.99980163574219
v 25.8971004486084 -2.9856464862823486 100.42141723632812
v 25.865808486938477 -2.416461229324341 97.52154541015625
v 18.921119689941406 -6.234319686889648 99.932373046875
v 18.939369201660156 -6.80692195892334 101.0218734741211
v 19.72134780883789 -6.634098052978516 101.71723937988281
v 21.01044273376465 -6.275835037231445 102.8161392211914
v 20.756118774414062 -6.359704494476318 102.60392761230469
v 19.45952606201172 -6.6946001052856445 101.48893737792969
v 19.19902801513672 -6.751656532287598 101.2572250366211
v 25.318044662475586 -4.140366554260254 105.13066101074219
v 15.758906364440918 -17.110044479370117 72.61103057861328
v 15.880547523498535 -17.08957290649414 70.91596984863281
v 16.05628204345703 -16.949371337890625 71.14305877685547
v 15.475046157836914 -17.357160568237305 72.94677734375
v 15.39919662475586 -17.408916473388672 73.09671020507812
v 15.758906364440918 -17.110044479370117 72.61103057861328
v 15.548078536987305 -17.299560546875 72.83434295654297
v 14.900493621826172 -17.980819702148438 72.13330841064453
v 14.095969200134277 -18.527576446533203 71.90830993652344
v 12.990522384643555 -19.005252838134766 70.85636138916016
v 12.21530532836914 -19.221994400024414 70.40162658691406
v 12.381591796875 -19.00522232055664 69.11825561523438
v 12.551532745361328 -19.137052536010742 70.57807922363281
v 11.839077949523926 -19.306758880615234 70.26748657226562
v 11.989286422729492 -19.27178192138672 70.29580688476562
v 8.229390144348145 -19.79486083984375 69.92105102539062
v 8.817317008972168 -19.499120712280273 70.18736267089844
v 6.111306190490723 -19.118032455444336 71.61022186279297
v 9.317124366760254 -19.6503849029541 71.56582641601562
v 9.259961128234863 -19.654376983642578 71.73336791992188
v 9.385849952697754 -19.643997192382812 71.4079818725586
v 9.169587135314941 -19.653377532958984 71.90979766845703
v 8.974475860595703 -19.641075134277344 72.32171630859375
v 8.874699592590332 -19.62966537475586 72.49606323242188
v 6.612005710601807 -18.968589782714844 72.73643493652344
v 11.657243728637695 -19.57649803161621 68.85491943359375
v 11.390116691589355 -19.636756896972656 68.92706298828125
v 15.238725662231445 -17.477622985839844 69.29403686523438
v 15.17054271697998 -6.025721549987793 92.75907135009766
v 15.079400062561035 -6.170012474060059 92.66818237304688
v 15.241268157958984 -5.9054083824157715 92.83455657958984
v -21.922286987304688 -0.6358056664466858 88.32254028320312
v -15.166460037231445 -8.924336433410645 43.37120819091797
v -14.72189712524414 -8.326152801513672 42.92924499511719
v -16.22532844543457 -7.077615737915039 39.264442443847656
v -18.453758239746094 0.3858335316181183 39.10834503173828
v -18.646739959716797 0.550563633441925 39.20027160644531
v 20.00049591064453 2.3630709648132324 45.90394973754883
v 19.06252098083496 2.815160036087036 44.72882843017578
v 15.860244750976562 -3.094947338104248 39.09453201293945
v 15.932509422302246 -2.9798903465270996 39.03785705566406
v 16.065414428710938 -2.6486475467681885 38.95619201660156
v 15.999232292175293 -2.8142950534820557 38.996864318847656
v 16.136859893798828 -2.5336151123046875 38.90544128417969
v 16.2729434967041 -2.255110263824463 38.828834533691406
v 16.032337188720703 -5.258356094360352 38.980159759521484
v 16.29544448852539 -5.644541263580322 38.79656982421875
v -12.942472457885742 -7.360929489135742 40.540367126464844
v 22.772226333618164 -4.328327655792236 32.584678649902344
v 24.862546920776367 -1.2628895044326782 43.49864959716797
v 25.293413162231445 -2.4719936847686768 44.271690368652344
v 14.633133888244629 -8.111767768859863 42.68940734863281
v 14.554184913635254 -7.935245513916016 42.59037780761719
v 14.222596168518066 -6.913546562194824 42.19502258300781
v 14.140896797180176 -6.594334602355957 42.09398651123047
v -8.122438430786133 2.820894241333008 45.882293701171875
v -7.817305564880371 2.9680142402648926 45.88227081298828
v -8.416204452514648 2.665299415588379 45.883079528808594
v 1.5240237712860107 4.128508567810059 45.96725845336914
v 8.921934127807617 2.3347995281219482 45.87434387207031
v 7.564724922180176 3.036773443222046 45.862186431884766
v -15.17489242553711 5.191694736480713 37.77448272705078
v -3.880476474761963 -18.3035888671875 35.17809295654297
v -4.262446403503418 -18.994232177734375 34.711185455322266
v -9.494735717773438 -16.30918312072754 37.23609924316406
v 17.095569610595703 -4.382675647735596 24.738365173339844
v 17.0522403717041 -3.858288288116455 24.747474670410156
v 17.07314109802246 -4.175995826721191 24.75152587890625
v -20.226722717285156 4.594006061553955 36.725059509277344
v -27.120647430419922 5.382379055023193 39.23974609375
v -0.4710193872451782 15.310790061950684 35.574337005615234
v -0.06725829094648361 -17.372373580932617 40.996185302734375
v 0.18904249370098114 -18.361289978027344 39.33755874633789
v 0.3058358430862427 -18.240978240966797 39.36432647705078
v 16.18976593017578 -4.450657367706299 92.56444549560547
v 16.2042236328125 -4.411962032318115 92.44784545898438
v -5.635817050933838 -16.943954467773438 38.275169372558594
v -4.867218971252441 -17.05048179626465 39.40203857421875
v -16.467252731323242 -5.331634521484375 93.00495910644531
v -0.9057998657226562 -18.5219669342041 42.67328643798828
v -1.0213422775268555 -18.372255325317383 42.828189849853516
v -0.9721730947494507 -18.388458251953125 42.79241943359375
v -1.0444217920303345 -18.26078224182129 43.178619384765625
v -1.0822584629058838 -18.285913467407227 43.1500244140625
v -1.0706230401992798 -18.29949378967285 43.14115905761719
v -1.1955569982528687 -18.071575164794922 43.71539306640625
v -1.0754953622817993 -18.203472137451172 43.21796798706055
v -1.0949323177337646 -18.185224533081055 43.20543670654297
v -1.110016942024231 -18.20137596130371 43.19551086425781
v 5.3157877922058105 -16.50897979736328 48.95758819580078
v 5.1186299324035645 -15.864631652832031 49.794288635253906
v 4.473293781280518 -15.772303581237793 50.59571075439453
v -20.261816024780273 -2.5508251190185547 89.90418243408203
v -20.204500198364258 -2.5303852558135986 89.91959381103516
v -17.491302490234375 -0.8895025849342346 38.556358337402344
v -16.163110733032227 -5.390860557556152 93.02555847167969
v -16.131847381591797 -4.256752967834473 91.72431945800781
v -12.0743408203125 5.738046646118164 32.732337951660156
v -11.10351848602295 3.7572569847106934 36.27540969848633
v -10.781973838806152 6.456307888031006 33.28181838989258
v -10.935185432434082 6.409144401550293 33.23767852783203
v -11.701828956604004 -0.5918177962303162 45.73783874511719
v -8.587198257446289 -12.404757499694824 24.04665756225586
v -8.845361709594727 -12.483301162719727 24.076324462890625
v -9.240100860595703 -12.582984924316406 24.130157470703125
v -6.585939407348633 -16.71893310546875 37.99224853515625
v -2.829962968826294 -17.522464752197266 39.88036346435547
v 10.940557479858398 0.4259759485721588 45.842262268066406
v 16.154878616333008 -4.515733242034912 92.67815399169922
v 16.880002975463867 -6.779983043670654 24.842708587646484
v 21.877769470214844 -1.5365415811538696 48.212547302246094
v 21.96199607849121 -3.695605993270874 48.56158447265625
v 21.778505325317383 -2.3208494186401367 48.45222473144531
v -17.377012252807617 -8.102522850036621 38.94453811645508
v -17.466564178466797 -8.283757209777832 39.02198028564453
v -17.681840896606445 -8.709336280822754 39.22833251953125
v -13.775293350219727 4.643016815185547 36.71586608886719
v -13.933486938476562 4.6653618812561035 36.821285247802734
v -13.578044891357422 4.617419242858887 36.56962585449219
v 7.2685322761535645 -19.205791473388672 73.06623840332031
v 13.386557579040527 -6.523373603820801 42.144832611083984
v 21.191804885864258 -1.0679068565368652 89.84715270996094
v 3.881096124649048 6.921896457672119 37.1357421875
v 2.0092177391052246 6.7365193367004395 37.747955322265625
v 1.654718041419983 7.022146224975586 37.237060546875
v 1.5604230165481567 6.985236644744873 37.3245964050293
v -0.21619296073913574 7.565528869628906 37.48096466064453
v -3.0009336471557617 8.343840599060059 34.15372848510742
v 1.4969849586486816 15.671669006347656 30.74398422241211
v 1.5824757814407349 14.909951210021973 30.877981185913086
v 2.3083231449127197 21.584426879882812 33.59858322143555
v 2.1903939247131348 21.507549285888672 33.81730651855469
v -1.3142144680023193 21.676816940307617 34.64814758300781
v 2.0921475887298584 9.295717239379883 31.946826934814453
v -1.4250704050064087 21.518354415893555 34.593719482421875
v 2.8393139839172363 8.60470199584961 33.87999725341797
v -13.844215393066406 5.818166255950928 32.657264709472656
v -20.562726974487305 5.752347469329834 32.23384475708008
v -23.742290496826172 4.56681489944458 34.998512268066406
v -28.421783447265625 5.025805950164795 34.19123840332031
v -22.411970138549805 5.309192657470703 32.5454216003418
v 16.26862144470215 4.94730281829834 31.51791763305664
v 2.213373899459839 7.291259765625 36.60477066040039
v -1.5547120571136475 13.651384353637695 31.039453506469727
v -1.4881166219711304 12.863739013671875 31.139636993408203
v 1.4152112007141113 19.975732803344727 30.43988800048828
v -0.8159770369529724 9.586482048034668 31.518081665039062
v -9.256963729858398 -19.142057418823242 31.01802635192871
v -10.117090225219727 -14.429781913757324 35.412139892578125
v -10.327569007873535 -14.074085235595703 35.918701171875
v -10.117090225219727 -14.429781913757324 35.412139892578125
v -10.387446403503418 -13.984749794006348 36.04353713989258
v -17.884374618530273 4.6815185546875 36.96612548828125
v -17.884374618530273 4.6815185546875 36.96612548828125
v 15.764331817626953 -9.59064769744873 25.204387664794922
v 14.696749687194824 -10.824690818786621 25.04857635498047
v 16.228761672973633 -2.5241730213165283 20.392574310302734
v 16.00005531311035 -1.9195592403411865 20.34395980834961
v 17.140684127807617 -5.242217540740967 24.699859619140625
v 17.11042594909668 -4.587320327758789 24.72467041015625
v 13.85919189453125 -11.532379150390625 24.854496002197266
v 14.696749687194824 -10.824690818786621 25.04857635498047
v 2.713134765625 -6.120612621307373 22.795326232910156
v 3.0730364322662354 -2.7963342666625977 22.278263092041016
v 10.873087882995605 -12.680912017822266 24.284027099609375
v 4.397277355194092 -2.0213983058929443 19.257129669189453
v 5.35952091217041 -10.859370231628418 23.27741241455078
v 4.829948902130127 -10.306053161621094 23.13164520263672
v 6.61000919342041 -11.749589920043945 23.547740936279297
v 3.9175171852111816 -7.36061954498291 20.65442657470703
v 5.0759429931640625 -7.7223286628723145 19.39620590209961
v 8.826308250427246 -10.214391708374023 20.103191375732422
v 8.68054485321045 -9.954495429992676 19.990772247314453
v 14.414602279663086 1.6893243789672852 24.5343017578125
v 2.5969228744506836 -3.795238971710205 22.724994659423828
v 10.608892440795898 3.441643238067627 22.818199157714844
v 7.781919002532959 2.962191581726074 23.095012664794922
v -3.5332932472229004 -0.06979062408208847 23.049392700195312
v -2.5000710487365723 -4.9821271896362305 22.868812561035156
v -8.170567512512207 3.2665371894836426 22.685550689697266
v -7.3147454261779785 2.73796010017395 22.962554931640625
v -3.1150760650634766 -7.043581485748291 21.68762969970703
v -8.587198257446289 -12.404757499694824 24.04665756225586
v -16.98689842224121 -3.4943044185638428 24.76168441772461
v -16.98689842224121 -3.4943044185638428 24.76168441772461
v -17.095762252807617 -4.998928546905518 24.73052978515625
v -16.929119110107422 -6.875138759613037 24.82332992553711
v -13.263567924499512 -11.958863258361816 24.880496978759766
v -9.764155387878418 2.0004684925079346 19.63232421875
v -9.060189247131348 -10.514101028442383 20.238277435302734
v -9.161312103271484 -10.683340072631836 20.326927185058594
v -7.203266143798828 -17.40810203552246 38.01737976074219
v -6.367690086364746 -17.730379104614258 38.007118225097656
v 6.082712650299072 -15.817902565002441 35.89204025268555
v -1.3883607387542725 -16.76575469970703 34.8856201171875
v 1.2012791633605957 -16.613574981689453 35.315101623535156
v 1.2012791633605957 -16.613574981689453 35.315101623535156
v 9.930627822875977 -14.40455436706543 37.163978576660156
v 10.788166046142578 -13.22787857055664 36.679649353027344
v -3.455756664276123 -17.351594924926758 39.83435821533203
v -13.278338432312012 4.5374860763549805 34.3671875
v -14.153544425964355 4.545949459075928 35.46917724609375
v -14.161502838134766 4.574531555175781 34.438880920410156
v -15.051473617553711 5.815459251403809 37.991539001464844
v -14.489798545837402 4.761783599853516 37.14347839355469
v -3.937633991241455 6.28643274307251 40.49995422363281
v 13.713836669921875 -0.47675207257270813 37.249176025390625
v 14.844629287719727 -3.225574254989624 36.77056121826172
v 14.844629287719727 -3.225574254989624 36.77056121826172
v 14.778785705566406 -4.166029930114746 37.00478744506836
v 14.738456726074219 -4.2673187255859375 37.069000244140625
v 14.844841003417969 -3.677271604537964 36.855796813964844
v 14.256019592285156 -5.650022029876709 37.7899169921875
v 5.293029308319092 -15.589963912963867 40.03900909423828
v -13.48250961303711 -9.526956558227539 37.638309478759766
v -13.866545677185059 -2.5455527305603027 38.82892608642578
v -13.814504623413086 -2.3513150215148926 38.77448272705078
v 12.979692459106445 -1.8591997623443604 41.32636642456055
v 13.140898704528809 -1.9082083702087402 41.724464416503906
v 13.261469841003418 -2.1678428649902344 41.74220275878906
v 13.304726600646973 -2.2709531784057617 41.731632232666016
v 10.125687599182129 1.3939400911331177 45.85923767089844
v 9.714949607849121 1.7649859189987183 45.867958068847656
v 9.93082332611084 1.5778688192367554 45.86460876464844
v 6.296894550323486 3.4326229095458984 45.87926483154297
v 6.296894550323486 3.4326229095458984 45.87926483154297
v -1.458301067352295 4.165185451507568 45.93042755126953
v -1.903973937034607 4.136311054229736 45.934295654296875
v 13.398832321166992 -2.4689383506774902 41.70263671875
v 13.790694236755371 -6.008596897125244 41.95269775390625
v 14.485160827636719 -7.780002593994141 42.527008056640625
v 14.362464904785156 -7.4294819831848145 42.38361358642578
v 18.092588424682617 -10.06872844696045 45.74815368652344
v 23.91597557067871 0.5285542011260986 42.61699295043945
v 19.4151611328125 -9.434793472290039 46.82894515991211
v 18.092588424682617 -10.06872844696045 45.74815368652344
v 13.761019706726074 -5.435758113861084 39.665611267089844
v 13.814499855041504 -5.16286563873291 39.58830261230469
v -6.83522891998291 -14.331518173217773 41.428375244140625
v -10.606820106506348 -11.671855926513672 40.60922622680664
v -13.230472564697266 -3.757169723510742 40.42055892944336
v -13.097342491149902 -1.466946005821228 42.87966537475586
v -12.96365737915039 -1.313073992729187 43.09484100341797
v -14.580976486206055 -0.7809605002403259 42.19328689575195
v -16.00130271911621 1.2978399991989136 41.8240852355957
v -9.211471557617188 2.159214496612549 45.89267349243164
v 22.401615142822266 -4.7435479164123535 34.71925354003906
v 22.67047119140625 -6.23575496673584 34.193946838378906
v 22.634090423583984 -6.127224922180176 34.27170944213867
v 22.75960922241211 -3.4833385944366455 32.63219451904297
v 23.298748016357422 -2.735402822494507 31.16291618347168
v -9.504122734069824 -12.653404235839844 41.51742172241211
v -9.504122734069824 -12.653404235839844 41.51742172241211
v -13.916296005249023 -5.962289810180664 41.93013000488281
v -14.345184326171875 -7.47700834274292 42.47506332397461
v -20.540019989013672 -10.23751163482666 41.211708068847656
v -18.093982696533203 2.3092076778411865 44.71915054321289
v 15.799514770507812 -4.764145851135254 39.14759826660156
v 15.799514770507812 -4.764145851135254 39.14759826660156
v 16.11861228942871 -5.404970169067383 38.921356201171875
v 16.204853057861328 -5.551327228546143 38.86350631713867
v 16.29544448852539 -5.644541263580322 38.79656982421875
v 16.713733673095703 -1.5918290615081787 38.636131286621094
v 16.891618728637695 -1.3998616933822632 38.595611572265625
v 8.161015510559082 -13.097688674926758 46.3218994140625
v -19.608522415161133 -10.194269180297852 40.653564453125
v -21.12148094177246 -8.116168975830078 47.858680725097656
v -21.12148094177246 -8.116168975830078 47.858680725097656
v -18.84083366394043 0.7021820545196533 39.29540252685547
v -18.589218139648438 -9.699539184570312 46.22984313964844
v 19.358898162841797 2.0697014331817627 45.81011199951172
v 6.652503967285156 -14.213627815246582 46.44194793701172
v 0.47793444991111755 -16.014137268066406 46.46601867675781
v 1.5473003387451172 -15.953707695007324 46.45694351196289
v -6.283491134643555 -14.425909042358398 46.47034454345703
v -0.58750981092453 -15.998708724975586 46.453250885009766
v -14.391839981079102 -7.198561191558838 92.0857162475586
v -19.983301162719727 -6.564447402954102 102.00025177001953
v -20.675548553466797 -6.361149787902832 102.60247802734375
v -19.5731143951416 -1.555249810218811 87.03813171386719
v -19.56961441040039 -1.5638080835342407 87.14209747314453
v -21.815807342529297 -4.19865608215332 98.36135864257812
v -24.795944213867188 -4.5642313957214355 105.40988159179688
v -24.925935745239258 -4.490169048309326 105.45228576660156
v -25.08898162841797 -4.393423557281494 105.48080444335938
v -25.91699981689453 -3.0184860229492188 100.54852294921875
v -25.917381286621094 -2.953705310821533 100.2159423828125
v -25.898149490356445 -2.8218047618865967 99.5279541015625
v -25.842350006103516 -2.3854572772979736 97.30968475341797
v -25.742408752441406 -2.137132406234741 96.06309509277344
v -25.69032859802246 -2.0492684841156006 95.62506103515625
v 14.2977933883667 -7.209496021270752 92.19662475585938
v 11.572035789489746 -19.356351852416992 70.19342803955078
v 11.119444847106934 -19.699647903442383 68.99866485595703
v 23.067188262939453 -0.8617578148841858 87.53779602050781
v 22.09290885925293 -0.72548508644104 89.30418395996094
v 16.224557876586914 -7.562224388122559 98.35777282714844
v 25.761934280395508 -2.1938400268554688 96.40918731689453
v 25.84040069580078 -2.349029779434204 97.18374633789062
v 18.677562713623047 -6.87200927734375 100.79026794433594
v 25.768369674682617 -3.467494249343872 102.84370422363281
v 25.752836227416992 -3.522374391555786 103.09841918945312
v 25.7845401763916 -3.411513566970825 102.5767822265625
v 13.88733196258545 -18.48666763305664 73.52059936523438
v 12.990522384643555 -19.005252838134766 70.85636138916016
v 12.880642890930176 -19.040035247802734 70.78067016601562
v 12.77182388305664 -19.073657989501953 70.70987701416016
v 12.102011680603027 -19.2473087310791 70.34765625
v 11.724611282348633 -19.327062606811523 70.21876525878906
v 9.457120895385742 -19.637248992919922 71.25676727294922
v 6.5327959060668945 -18.93566131591797 72.83972930908203
v 6.3440046310424805 -18.874849319458008 73.35228729248047
v 15.355783462524414 -17.459314346313477 69.16169738769531
v -15.32003402709961 -5.093663215637207 39.78886795043945
v 14.422616004943848 -7.617985248565674 42.47080993652344
v 14.30812931060791 -7.266870975494385 42.32955551147461
v -13.844215393066406 5.818166255950928 32.657264709472656
v -14.338810920715332 5.743453025817871 32.55270767211914
v 1.156089425086975 21.9451904296875 34.694156646728516
v 1.0679155588150024 -18.131738662719727 40.18979263305664
v 0.43938177824020386 -18.149930953979492 39.41912078857422
v -0.10369308292865753 -17.606124877929688 41.130104064941406
v 16.20372772216797 -4.376635551452637 92.32843780517578
v -10.396199226379395 1.062578797340393 45.869895935058594
v -14.14060115814209 -7.966504096984863 91.67546081542969
v -14.008564949035645 -8.315690994262695 91.84771728515625
v -0.9514228701591492 -18.440805435180664 42.80354690551758
v -1.092324137687683 -18.26909828186035 43.157867431640625
v -0.9514228701591492 -18.440805435180664 42.80354690551758
v -15.20052433013916 -16.983518600463867 75.29078674316406
v -15.407318115234375 -16.967121124267578 74.79037475585938
v -14.984078407287598 -17.038759231567383 75.62554931640625
v -9.033991813659668 -19.33808708190918 74.78463745117188
v -8.84369945526123 -19.376014709472656 74.53280639648438
v -9.108309745788574 -19.317514419555664 74.88877868652344
v -9.25854206085205 -19.262876510620117 75.121337890625
v -7.136836051940918 -18.727670669555664 75.4045639038086
v -8.589912414550781 -18.637760162353516 76.52083587646484
v 22.99431610107422 -9.054056167602539 34.36442184448242
v 16.608766555786133 -6.053826808929443 33.90950393676758
v 8.574280738830566 1.3976304531097412 19.272056579589844
v 9.037482261657715 1.6527457237243652 18.668853759765625
v 8.884682655334473 1.607277750968933 18.61302947998047
v 9.152033805847168 1.6796751022338867 18.730854034423828
v 9.304593086242676 1.7185717821121216 18.785953521728516
v 9.495238304138184 1.7672218084335327 18.834659576416016
v 10.600085258483887 1.905344009399414 19.128402709960938
v 8.20167350769043 1.3544095754623413 18.312320709228516
v 7.720074653625488 1.111897349357605 18.140018463134766
v 7.082499027252197 0.490806519985199 19.023948669433594
v 6.89847469329834 0.5461932420730591 17.86962127685547
v 6.442887306213379 -0.10850585252046585 18.97655487060547
v 5.477527618408203 -2.186383008956909 18.741191864013672
v 5.850111484527588 -1.0601497888565063 18.64361572265625
v 7.192537784576416 0.7693667411804199 17.962642669677734
v 8.051034927368164 1.2876677513122559 18.252925872802734
v 8.6172513961792 1.5232045650482178 18.49306869506836
v 6.781139850616455 0.45755141973495483 17.816234588623047
v -6.34694242477417 -0.2617839276790619 18.96741485595703
v -5.5310750007629395 -1.8894037008285522 18.77023696899414
v -9.466595649719238 1.7534395456314087 18.857887268066406
v -9.627156257629395 1.788794994354248 18.909496307373047
v -9.152853012084961 1.642279863357544 19.321224212646484
v -5.967967987060547 -0.3227066993713379 17.303924560546875
v -6.22652530670166 -0.0018439588602632284 17.451953887939453
v -7.297333240509033 0.8667331337928772 17.961627960205078
v -7.403950214385986 0.9288148880004883 18.024311065673828
v -7.544394016265869 1.0154314041137695 18.076595306396484
v -7.689329147338867 1.0964316129684448 18.12939453125
v -8.86512565612793 1.6107155084609985 18.556594848632812
v -8.018600463867188 1.2737014293670654 18.224716186523438
v -8.473026275634766 1.4783650636672974 18.38196563720703
v -8.627135276794434 1.5397615432739258 18.433990478515625
v -8.74521255493164 1.5780534744262695 18.495059967041016
v -9.065892219543457 1.6582211256027222 18.686351776123047
v -9.345735549926758 1.728502869606018 18.79808807373047
v -9.186165809631348 1.6870670318603516 18.746505737304688
v -6.120395660400391 -0.12151211500167847 17.385913848876953
v -6.893519878387451 0.5843035578727722 17.804149627685547
v -6.793570518493652 0.5140848159790039 17.739818572998047
v -6.667782306671143 0.4109126031398773 17.686386108398438
v -6.571751594543457 0.33662286400794983 17.620044708251953
v 16.662260055541992 -5.264405727386475 33.99333953857422
v 4.920382976531982 -15.739367485046387 40.04161834716797
v 4.151697635650635 -16.046030044555664 40.032859802246094
v 4.539902687072754 -15.894635200500488 40.034217834472656
v 5.496405601501465 -14.903267860412598 40.82490539550781
v 2.8422694206237793 -15.647053718566895 41.12168884277344
v 3.036111831665039 -15.582225799560547 41.63544464111328
v -0.689589262008667 -15.843847274780273 41.4007568359375
v -0.5956814885139465 -15.86463737487793 41.314598083496094
v 7.964216709136963 -13.608492851257324 40.80036926269531
v 9.153226852416992 -13.178261756896973 40.365875244140625
v 8.670982360839844 -13.621920585632324 40.264854431152344
v -0.9790741801261902 -15.836156845092773 41.597412109375
v 9.984460830688477 -12.31877613067627 40.581180572509766
v 10.075567245483398 -12.197379112243652 40.62866973876953
v 9.84996509552002 -12.464095115661621 40.5461311340332
v 9.340846061706543 -13.01549243927002 40.38993453979492
v 9.481738090515137 -12.873284339904785 40.42616653442383
v 9.009747505187988 -13.320219039916992 40.329917907714844
v 8.863012313842773 -13.459335327148438 40.29435729980469
v 10.2864351272583 -11.859040260314941 40.795989990234375
v 10.163162231445312 -12.073013305664062 40.67403030395508
v 9.618776321411133 -12.727701187133789 40.46160888671875
v 23.36892318725586 -5.357476711273193 31.12704849243164
v -4.934988498687744 -14.810257911682129 48.70977020263672
v -3.6422464847564697 -15.097912788391113 49.31719207763672
v -5.604252338409424 -14.337718963623047 49.43557357788086
v -13.2144136428833 -18.452539443969727 75.12800598144531
v -13.846278190612793 -17.362998962402344 76.78346252441406
v -13.40827751159668 -18.502395629882812 74.67144775390625
v -14.18021011352539 -18.434040069580078 70.72884368896484
v -13.731366157531738 -18.617046356201172 73.34230041503906
v -15.218157768249512 -17.74227523803711 71.685546875
v -15.546262741088867 -17.352466583251953 69.62255096435547
v -15.120919227600098 -17.738046646118164 68.94087219238281
v -15.411870002746582 -17.45043182373047 69.38835906982422
v -15.093267440795898 -17.794832229614258 68.87792205810547
v -15.176960945129395 -17.672687530517578 69.01891326904297
v -15.305130004882812 -17.548004150390625 69.1977767944336
v -11.969226837158203 -19.164039611816406 68.99149322509766
v -12.476869583129883 -19.18524742126465 70.60301971435547
v -12.916478157043457 -19.060806274414062 70.93168640136719
v -12.160126686096191 -19.263534545898438 70.4429931640625
v -12.476869583129883 -19.18524742126465 70.60301971435547
v -12.7475004196167 -19.11353302001953 70.81598663330078
v -8.759227752685547 -19.618946075439453 71.91363525390625
v -8.631474494934082 -19.606037139892578 72.23628997802734
v -8.707030296325684 -19.61563491821289 72.06824493408203
v -8.785280227661133 -19.61650276184082 71.77154541015625
v -7.462583541870117 -19.254302978515625 71.0864028930664
v -8.002333641052246 -19.474464416503906 72.839111328125
v -8.54462718963623 -19.58173942565918 72.64311218261719
v -8.59688949584961 -19.598482131958008 72.41175842285156
v -9.391316413879395 -19.598926544189453 70.89247131347656
v -9.57839298248291 -19.552865982055664 69.85186767578125
v -9.285733222961426 -19.60231590270996 71.00902557373047
v -9.502245903015137 -19.592227935791016 70.77690887451172
v -9.181854248046875 -19.606046676635742 71.12794494628906
v -9.079955101013184 -19.610010147094727 71.25003051757812
v -11.334928512573242 -19.404863357543945 70.17095947265625
v -11.87378215789795 -19.32035255432129 70.32801818847656
v -12.017098426818848 -19.292217254638672 70.38368225097656
v -11.770498275756836 -19.33502769470215 70.26815032958984
v -11.625860214233398 -19.35966682434082 70.23213195800781
v -11.48093032836914 -19.38419532775879 70.19792175292969
v -5.8711042404174805 -19.149551391601562 72.30149841308594
v -6.354318618774414 -19.02467155456543 71.6583251953125
v -9.492509841918945 -19.736499786376953 69.54774475097656
v -7.387545585632324 -19.237001419067383 71.27156066894531
v -6.395079135894775 -18.930580139160156 72.38845825195312
v -8.856966018676758 -19.617158889770508 71.63215637207031
v -6.094952583312988 -18.905710220336914 73.4825210571289
v -5.912654399871826 -19.095905303955078 73.30853271484375
v -5.912654399871826 -19.095905303955078 73.30853271484375
v -16.122093200683594 -16.734542846679688 73.02293395996094
v -15.542734146118164 -16.938371658325195 74.47523498535156
v -16.088123321533203 -16.727880477905273 73.25633239746094
v -16.12314224243164 -16.842802047729492 74.95014953613281
v -15.608404159545898 -16.77239990234375 75.62094116210938
v -15.936605453491211 -17.01753807067871 75.99809265136719
v -16.198740005493164 -16.778194427490234 72.2425537109375
v -16.159618377685547 -16.74118423461914 72.78113555908203
v -16.19000244140625 -16.75185775756836 72.5322265625
v -14.60318374633789 -17.981252670288086 73.88999938964844
v -16.044742584228516 -16.825164794921875 75.02002716064453
v 22.525367736816406 -8.123583793640137 34.20198059082031
v 6.135287284851074 -15.252344131469727 50.668338775634766
v 6.103984355926514 -15.277777671813965 50.73651885986328
v -16.62468147277832 -6.469400882720947 33.918434143066406
v -16.08982276916504 -2.181649684906006 33.86832046508789
v -16.073928833007812 -4.477949142456055 34.085689544677734
v -15.951457977294922 -16.79914665222168 75.0717544555664
v -9.25854206085205 -19.262876510620117 75.121337890625
v 6.131814956665039 -0.29911425709724426 19.143089294433594
v 7.90271520614624 1.2138327360153198 18.193111419677734
v 8.769854545593262 1.57564115524292 18.549903869628906
v 8.351896286010742 1.4212157726287842 18.37091827392578
v -7.024676322937012 0.682045042514801 17.85655975341797
v 7.582554817199707 -14.435807228088379 40.122222900390625
v 9.756686210632324 -12.584452629089355 40.49769592285156
v 24.008522033691406 -3.7326302528381348 30.81178855895996
v -8.401515007019043 -18.616670608520508 76.49559783935547
v -13.120261192321777 -18.42873191833496 75.31592559814453
v -13.958003044128418 -18.263198852539062 68.89053344726562
v -15.37469482421875 -17.48940086364746 69.29956817626953
v -15.305130004882812 -17.548004150390625 69.1977767944336
v -12.936918258666992 -19.18581771850586 68.52478790283203
v -12.300697326660156 -19.232036590576172 70.52286529541016
v -13.045540809631348 -19.019287109375 71.06585693359375
v -13.175171852111816 -18.975500106811523 71.21263122558594
v -13.267353057861328 -18.942829132080078 71.37934112548828
v -8.987799644470215 -19.61141586303711 71.37422180175781
v -9.502245903015137 -19.592227935791016 70.77690887451172
v -8.898653984069824 -19.6129150390625 71.50322723388672
v -16.307600021362305 -16.87725257873535 74.80233001708984
v -17.10355567932129 -16.78160858154297 73.48238372802734
v -10.31543254852295 -19.032651901245117 75.80641174316406
v -22.837791442871094 -6.947066783905029 33.73220443725586
v 28.932910919189453 5.900062084197998 22.268009185791016
v -23.593219757080078 -1.1511980295181274 34.692501068115234
v -23.135684967041016 -2.1525166034698486 34.31321716308594
v -24.22121238708496 -2.775519609451294 30.931869506835938
v -23.56961441040039 -3.24541974067688 30.956802368164062
v -24.978811264038086 -3.677091360092163 30.96625328063965
v -24.40286636352539 -4.9875078201293945 30.80080795288086
v -22.80342674255371 -5.026874542236328 33.027992248535156
v -22.748153686523438 -6.5465407371521 32.56317901611328
v 23.992883682250977 -6.563097953796387 30.918607711791992
v 23.20616912841797 -5.583557605743408 31.27008819580078
v 23.03567886352539 -4.237284183502197 31.424821853637695
v 22.96525001525879 -4.329020977020264 31.55119514465332
v 23.801450729370117 -2.527909994125366 31.0261287689209
v -9.396833419799805 -8.262686729431152 55.47504425048828
v -8.682744979858398 -10.175155639648438 54.17542266845703
v -8.489585876464844 -10.102836608886719 54.51716995239258
v -22.800045013427734 -5.28749418258667 33.025123596191406
v -23.022842407226562 -2.7515697479248047 31.395206451416016
v -23.070232391357422 -2.8258731365203857 31.33132553100586
v -23.624305725097656 -2.601752996444702 31.052082061767578
v -23.070232391357422 -2.8258731365203857 31.33132553100586
v -24.61874771118164 -4.769756317138672 30.81439781188965
v -23.429685592651367 -5.577401161193848 31.11009407043457
v -23.996559143066406 -5.326168060302734 30.857633590698242
v -24.266122817993164 -5.114710807800293 30.808334350585938
v -24.118560791015625 -5.239372253417969 30.828462600708008
v 23.90650749206543 -2.2831387519836426 31.149385452270508
v 6.103984355926514 -15.277777671813965 50.73651885986328
v 4.75685453414917 -15.819196701049805 50.15110397338867
v -13.344582557678223 -6.415511608123779 42.19676208496094
v -12.97284984588623 5.242368221282959 32.95215606689453
v -7.821381092071533 -18.812517166137695 31.31828498840332
v -7.417196273803711 -17.124927520751953 32.01709747314453
v -6.5133562088012695 -17.250810623168945 32.279212951660156
v 22.749149322509766 -6.7956976890563965 32.37382507324219
v 22.762731552124023 -6.8960113525390625 32.314979553222656
v -17.273052215576172 -2.2402503490448 38.083736419677734
v 16.33059310913086 5.007850646972656 31.39431381225586
v -2.406651258468628 9.093335151672363 32.51507568359375
v -2.780658006668091 8.696673393249512 33.587486267089844
v -2.550990581512451 10.292109489440918 33.01860809326172
v -1.7959257364273071 11.070052146911621 31.74832534790039
v -1.880740761756897 10.948373794555664 31.849674224853516
v -1.5195770263671875 11.673197746276855 31.39727783203125
v -1.7102187871932983 11.19564151763916 31.645681381225586
v 1.0198317766189575 9.58651065826416 31.551311492919922
v 0.1494356244802475 13.063541412353516 30.693296432495117
v 0.6063176393508911 15.631708145141602 30.394468307495117
v -0.35623782873153687 11.556614875793457 31.01582145690918
v 0.26237139105796814 22.790590286254883 30.133747100830078
v -0.15294240415096283 21.114192962646484 30.03948974609375
v -0.4678703844547272 22.741682052612305 30.140647888183594
v -0.272861510515213 22.825267791748047 30.124210357666016
v -0.896894097328186 22.392969131469727 30.230716705322266
v -0.6206008791923523 22.642337799072266 30.166772842407227
v -1.1415146589279175 21.969839096069336 30.308576583862305
v -1.0202503204345703 22.241491317749023 30.26686668395996
v -0.6341801881790161 19.19298553466797 30.144317626953125
v -18.079654693603516 5.133782863616943 32.49441909790039
v -22.025508880615234 5.2461838722229 32.548789978027344
v 16.5176944732666 5.135332107543945 31.143239974975586
v 16.641733169555664 5.214613914489746 30.99764633178711
v 16.395889282226562 5.075300693511963 31.276126861572266
v -0.14462049305438995 15.225958824157715 30.386184692382812
v 1.005139708518982 19.98518943786621 30.2242431640625
v 1.5730706453323364 17.468162536621094 30.63106346130371
v 1.4980659484863281 19.641408920288086 30.49489974975586
v 1.5224342346191406 17.182708740234375 30.61866569519043
v -1.5547120571136475 13.651384353637695 31.039453506469727
v -12.360270500183105 5.026369571685791 32.78882598876953
v -12.225590705871582 5.166387557983398 32.70587921142578
v -8.837785720825195 -18.480852127075195 31.096630096435547
v -9.256963729858398 -19.142057418823242 31.01802635192871
v 3.5839953422546387 -2.1420724391937256 20.454151153564453
v 5.257922649383545 -2.173138380050659 18.98141098022461
v 5.255817890167236 -4.732298851013184 18.972434997558594
v 4.096979141235352 -4.1942009925842285 19.202674865722656
v 6.369931221008301 -6.93869161605835 19.06287384033203
v 5.4190287590026855 -3.40966534614563 18.595401763916016
v 5.65372371673584 -5.267809867858887 18.858078002929688
v 5.7540202140808105 -5.060019493103027 18.391860961914062
v 5.702139854431152 -4.890154838562012 18.3441162109375
v 8.313933372497559 -10.9192476272583 20.439403533935547
v 7.146519660949707 -10.05036735534668 19.93536376953125
v 8.68054485321045 -9.954495429992676 19.990772247314453
v 8.826308250427246 -10.214391708374023 20.103191375732422
v 9.122941970825195 -10.732558250427246 20.367427825927734
v -2.793693780899048 -0.9816623330116272 23.287322998046875
v -2.6242473125457764 -5.768729209899902 22.858306884765625
v -2.5000710487365723 -4.9821271896362305 22.868812561035156
v -2.5501272678375244 -5.376974582672119 22.864303588867188
v -8.59566879272461 -13.451141357421875 32.97076416015625
v -8.569119453430176 -13.512336730957031 32.30899429321289
v -5.819687843322754 -14.164878845214844 32.118568420410156
v -5.763302326202393 -6.282778263092041 19.034324645996094
v -5.094710826873779 -4.504344940185547 18.961376190185547
v -5.35427713394165 -4.135898590087891 18.78553009033203
v -5.685603141784668 -5.20542049407959 18.684349060058594
v -6.315113544464111 -6.618555545806885 18.865825653076172
v -5.402960300445557 -2.897352933883667 18.62578582763672
v -14.204771995544434 -4.345948219299316 37.86212158203125
v -14.527776718139648 -2.8577475547790527 37.1768798828125
v -14.489798545837402 4.761783599853516 37.14347839355469
v -14.05974292755127 4.693692684173584 36.930912017822266
v -14.238617897033691 4.722189426422119 37.02777862548828
v -14.37635612487793 -6.340837478637695 38.416282653808594
v -14.248172760009766 -6.913495063781738 38.22823715209961
v -14.211219787597656 -6.372801780700684 38.097129821777344
v -14.233928680419922 -6.764460563659668 38.175025939941406
v -13.953417778015137 -3.014059066772461 38.95563507080078
v -14.376957893371582 -5.072199821472168 38.5634651184082
v -13.866545677185059 -2.5455527305603027 38.82892608642578
v -14.192760467529297 -5.603892803192139 37.860260009765625
v 13.140898704528809 -1.9082083702087402 41.724464416503906
v 12.979941368103027 -2.038051128387451 41.14854049682617
v 13.261469841003418 -2.1678428649902344 41.74220275878906
v 13.304726600646973 -2.2709531784057617 41.731632232666016
v 13.272153854370117 -2.946523666381836 41.1519660949707
v 12.995786666870117 -2.2262356281280518 41.016075134277344
v 13.276012420654297 -4.192177772521973 40.469139099121094
v 14.36955451965332 -5.521485805511475 38.745147705078125
v 14.348965644836426 -5.778752326965332 38.784908294677734
v 13.651284217834473 -4.204226493835449 41.21864318847656
v -14.3343505859375 -6.070727825164795 38.786415100097656
v -13.684743881225586 -2.2074270248413086 42.10858917236328
v -22.753005981445312 -6.661672115325928 32.45277404785156
v -23.1282958984375 -7.910850524902344 33.43575668334961
v -22.98363494873047 -7.622295379638672 32.710853576660156
v 25.24697494506836 -4.001922130584717 43.65507125854492
v 25.026994705200195 -1.9197635650634766 43.416725158691406
v 25.086706161499023 -2.2254319190979004 43.484954833984375
v -13.214569091796875 -5.216287612915039 40.828460693359375
v -13.673832893371582 -5.047504425048828 39.798545837402344
v -13.453557968139648 -4.437163352966309 41.143829345703125
v -13.767424583435059 -3.5589640140533447 41.25402069091797
v -13.4900541305542 -4.972794055938721 41.32696533203125
v -13.83044719696045 -4.859649181365967 41.381431579589844
v -14.244812965393066 -4.713294506072998 41.0956916809082
v -12.80065631866455 -8.220235824584961 41.78083038330078
v -12.702323913574219 -8.576668739318848 42.41492462158203
v -16.694589614868164 -1.871308445930481 38.53668975830078
v 13.350330352783203 -2.3715343475341797 41.718788146972656
v 13.398832321166992 -2.4689383506774902 41.70263671875
v -7.513912677764893 -16.893802642822266 31.924001693725586
v -6.6980085372924805 -17.11882209777832 32.11644744873047
v -6.596416473388672 -17.183263778686523 32.19831848144531
v -16.19121742248535 4.549930572509766 35.792205810546875
v -13.278338432312012 4.5374860763549805 34.3671875
v -17.169437408447266 4.8404860496521 33.0067138671875
v -13.470053672790527 4.782621383666992 33.30466842651367
v -15.838591575622559 5.193309783935547 32.534446716308594
v -23.557809829711914 4.5834059715271 34.75102996826172
v -21.818069458007812 4.604520320892334 34.30818176269531
v -13.775293350219727 4.643016815185547 36.71586608886719
v -13.933486938476562 4.6653618812561035 36.821285247802734
v -15.846124649047852 4.5735297203063965 36.23605728149414
v -13.127062797546387 5.795737266540527 32.79499816894531
v -1.0706230401992798 -18.29949378967285 43.14115905761719
v -1.0822584629058838 -18.285913467407227 43.1500244140625
v -1.110016942024231 -18.20137596130371 43.19551086425781
v 4.509220123291016 -15.82957649230957 50.38761901855469
v -13.069282531738281 4.532012939453125 33.263343811035156
v -1.2681922912597656 9.536407470703125 31.65824317932129
v -2.0874147415161133 10.724332809448242 32.11639404296875
v -1.9868593215942383 10.852659225463867 31.971717834472656
v -22.411970138549805 5.309192657470703 32.5454216003418
v 14.334522247314453 4.580245018005371 35.10770034790039
v 16.26862144470215 4.94730281829834 31.51791763305664
v -12.465551376342773 4.904419422149658 32.872894287109375
v -15.846124649047852 4.5735297203063965 36.23605728149414
v -8.095388412475586 6.074795722961426 32.7569465637207
v -6.6715850830078125 6.526437282562256 32.39484405517578
v -8.513225555419922 5.914071559906006 32.039024353027344
v -9.89877700805664 5.263803958892822 31.461410522460938
v -10.608427047729492 4.724343776702881 32.58241271972656
v 4.088849067687988 -3.825237512588501 19.217750549316406
v 5.642404556274414 -4.671780109405518 18.2154541015625
v 8.592195510864258 -11.016464233398438 20.507293701171875
v -14.808162689208984 -2.143077850341797 36.56317901611328
v -14.220942497253418 -6.620345115661621 38.135475158691406
v -13.895461082458496 -2.685819625854492 38.87519836425781
v 14.389846801757812 -5.32429838180542 38.674827575683594
v -23.089712142944336 -7.821558475494385 33.30718231201172
v 25.086706161499023 -2.2254319190979004 43.484954833984375
v -13.767424583435059 -3.5589640140533447 41.25402069091797
v -13.61990737915039 -5.821621894836426 41.9005012512207
v -15.338115692138672 -3.269758701324463 39.74497985839844
v -15.297609329223633 -3.0792429447174072 39.82624816894531
v -20.82111167907715 4.592324256896973 34.40419006347656
v -20.447343826293945 4.583808422088623 34.508689880371094
v -20.210689544677734 4.5718488693237305 34.70427322387695
v -19.979406356811523 4.562934398651123 34.86848449707031
v -19.799903869628906 4.554016590118408 35.064414978027344
v -19.799903869628906 4.554016590118408 35.064414978027344
v -20.82111167907715 4.592324256896973 34.40419006347656
v 3.869856595993042 -16.414249420166016 50.51002502441406
v 4.353150367736816 -15.869744300842285 50.911861419677734
v 4.234532833099365 -16.197059631347656 50.983612060546875
v 4.496348857879639 -16.22600555419922 51.09602355957031
v -24.34543228149414 -2.816615104675293 43.332847595214844
v -24.168474197387695 -3.1836555004119873 43.1362190246582
v -24.21382713317871 -5.212019920349121 43.3831787109375
v -24.147472381591797 -4.952890872955322 43.101436614990234
v -12.83852767944336 4.337693214416504 33.28473663330078
v -13.246541976928711 4.490987777709961 33.48387145996094
v -11.855916976928711 1.7220484018325806 51.2692985534668
v -12.097009658813477 0.9929232597351074 48.08590316772461
v -12.679508209228516 1.1808562278747559 47.1902961730957
v -11.727033615112305 4.263633728027344 35.363426208496094
v -9.7324800491333 6.744298458099365 33.75891876220703
v -11.19205379486084 6.267062664031982 32.80372619628906
v -10.640951156616211 6.502852439880371 33.3509407043457
v -10.781973838806152 6.456307888031006 33.28181838989258
v -9.303937911987305 1.521690845489502 56.30895233154297
v -9.109238624572754 1.8716223239898682 55.856937408447266
v -11.406205177307129 1.6582376956939697 53.94894790649414
v 1.8435800075531006 -15.227155685424805 35.5626335144043
v 3.7492287158966064 -15.04485034942627 35.61620330810547
v 1.5247397422790527 -15.35897445678711 35.662025451660156
v 10.930707931518555 4.619910717010498 31.45486831665039
v 9.331210136413574 5.306416034698486 29.509063720703125
v 8.19963264465332 5.992427825927734 31.24516487121582
v 13.057841300964355 3.1511592864990234 27.27814483642578
v 7.884971618652344 6.0906572341918945 31.193300247192383
v 6.8439154624938965 6.245670318603516 30.71297836303711
v 7.619684219360352 6.151179313659668 31.090282440185547
v 9.655296325683594 2.089148759841919 48.0587272644043
v 9.69968032836914 1.6572641134262085 46.21799087524414
v 8.456220626831055 2.569997549057007 47.17312240600586
v 6.8617401123046875 3.0113890171051025 55.522315979003906
v 12.409914016723633 0.2284088134765625 55.41756820678711
v 12.131526947021484 1.0631341934204102 54.56859588623047
v 11.088444709777832 0.34142398834228516 47.110939025878906
v 11.151860237121582 0.07782026380300522 46.70320510864258
v 12.446237564086914 1.1600481271743774 47.65283203125
v 13.284860610961914 1.5029406547546387 46.94540023803711
v 13.121072769165039 1.3493541479110718 46.8484001159668
v 12.252816200256348 1.0972360372543335 47.95753479003906
v 11.741133689880371 1.5347856283187866 50.497169494628906
v 12.376982688903809 1.1326360702514648 47.74333190917969
v 12.192721366882324 1.0733146667480469 48.04511642456055
v 13.725984573364258 -10.175724029541016 34.44186019897461
v 14.245078086853027 -9.038198471069336 34.53874206542969
v 14.472696304321289 -8.3629789352417 34.726463317871094
v 14.759709358215332 -6.100399971008301 35.267364501953125
v 15.792205810546875 -8.24225902557373 33.70138931274414
v 19.301109313964844 -9.195953369140625 39.04408264160156
v 19.026817321777344 -8.316776275634766 39.34497833251953
v 19.794479370117188 -8.8254976272583 39.084938049316406
v 19.84166145324707 -9.011194229125977 39.117767333984375
v 19.703022003173828 -8.647603988647461 39.128273010253906
v 19.83907699584961 -9.078439712524414 39.126583099365234
v -7.784135818481445 -13.71006965637207 30.440593719482422
v -11.134692192077637 -13.3045654296875 27.912357330322266
v -9.177950859069824 -13.611004829406738 28.444377899169922
v -4.384904861450195 5.413694381713867 28.531579971313477
v -3.436497688293457 5.808592796325684 29.430435180664062
v -6.975849151611328 4.154850959777832 26.178672790527344
v -3.056300163269043 4.70259428024292 28.00658416748047
v -3.0893778800964355 3.815098762512207 27.106159210205078
v 5.458625316619873 -12.906615257263184 26.466175079345703
v 6.564386367797852 -12.718185424804688 25.525039672851562
v 6.823958396911621 -12.79041576385498 25.53691864013672
v 7.00054931640625 -13.543192863464355 27.783687591552734
v 8.49732780456543 -13.299290657043457 26.112289428710938
v 24.47728729248047 -0.4973316490650177 41.922157287597656
v 25.18206787109375 -1.748462200164795 42.486167907714844
v 25.185962677001953 -2.033942461013794 42.49579620361328
v 4.517174243927002 6.965267658233643 36.85955810546875
v 1.6970959901809692 6.724000930786133 37.76103591918945
v 3.554337739944458 6.8971381187438965 37.264007568359375
v 2.0092177391052246 6.7365193367004395 37.747955322265625
v 3.683103561401367 7.647820472717285 35.35386657714844
v 1.654718041419983 7.022146224975586 37.237060546875
v 1.5604230165481567 6.985236644744873 37.3245964050293
v 2.920236349105835 8.470710754394531 34.082313537597656
v 3.2440555095672607 8.48522663116455 33.49493408203125
v 2.8393139839172363 8.60470199584961 33.87999725341797
v 2.6005778312683105 9.289398193359375 31.003053665161133
v 5.505578994750977 8.812373161315918 31.35697364807129
v -2.2988998889923096 9.195883750915527 31.8981990814209
v -2.8760135173797607 8.561612129211426 33.77553939819336
v -3.5259041786193848 7.836384296417236 34.95142364501953
v -2.2908406257629395 7.106252670288086 36.901634216308594
v -2.3632915019989014 7.279047966003418 36.58294677734375
v -2.57677960395813 7.4486775398254395 36.20832061767578
v -5.9526519775390625 7.200928688049316 35.4844970703125
v -6.261444091796875 7.192589282989502 35.3338737487793
v -5.972670078277588 8.651931762695312 31.615657806396484
v -3.2104671001434326 8.60368537902832 31.64330291748047
v -5.643375396728516 8.017915725708008 32.218101501464844
v -4.586912155151367 8.826791763305664 31.18695831298828
v -2.933884859085083 8.706680297851562 31.489654541015625
v -3.2104671001434326 8.60368537902832 31.64330291748047
v -2.933884859085083 8.706680297851562 31.489654541015625
v -3.0515987873077393 8.655987739562988 31.567163467407227
v -2.298933982849121 9.25483226776123 30.96856689453125
v 3.3678669929504395 8.650765419006348 31.543033599853516
v 2.855283498764038 9.068534851074219 31.00697898864746
v 7.7162957191467285 8.099020004272461 31.54812240600586
v 8.046716690063477 7.997734069824219 31.87537384033203
v 7.916881084442139 7.52269172668457 32.03068542480469
v 7.627277851104736 7.597218990325928 32.06214904785156
v -9.242033958435059 7.132736682891846 31.958595275878906
v -7.37697172164917 8.195051193237305 31.513673782348633
v -11.513178825378418 5.895333290100098 32.39772415161133
v -9.06711483001709 7.5219573974609375 31.987014770507812
v -11.075492858886719 6.362013339996338 33.20160675048828
v -10.935185432434082 6.409144401550293 33.23767852783203
v -8.652993202209473 6.949350357055664 34.207611083984375
v -8.866312026977539 6.912411212921143 34.12028503417969
v -9.302787780761719 6.833029747009277 33.93932342529297
v -9.52258586883545 6.7901611328125 33.847381591796875
v 9.060123443603516 7.018608570098877 32.18002700805664
v 9.342657089233398 6.862631320953369 32.24320983886719
v 6.80099630355835 6.992378234863281 35.758216857910156
v 7.850310325622559 6.916409015655518 35.20367431640625
v 2.46077823638916 7.53787088394165 36.13690948486328
v 2.397066831588745 7.452610969543457 36.28419494628906
v 2.92779803276062 7.966865539550781 35.126983642578125
v 2.1157004833221436 7.227059364318848 36.73937225341797
v 2.0148091316223145 7.164022922515869 36.87615203857422
v 8.708914756774902 7.698246955871582 31.86742401123047
v 14.261396408081055 -8.475605010986328 34.33514404296875
v 15.521724700927734 -6.232878684997559 32.49468994140625
v 13.702190399169922 -9.867942810058594 34.288536071777344
v 15.084765434265137 -8.186807632446289 32.39205551147461
v 16.312572479248047 -8.7176513671875 29.449174880981445
v 16.968076705932617 -8.044283866882324 28.5318660736084
v 16.826305389404297 -8.642951011657715 27.512630462646484
v 17.329797744750977 -7.285853385925293 27.68158721923828
v 17.431943893432617 -6.6358795166015625 28.385587692260742
v 17.56207275390625 -5.045927047729492 27.29745864868164
v 17.071447372436523 -7.971309185028076 27.24542236328125
v 17.520421981811523 -5.749018669128418 27.191173553466797
v 17.5407657623291 -5.472386837005615 27.208026885986328
v 17.520421981811523 -5.749018669128418 27.191173553466797
v 17.496440887451172 -3.685528039932251 27.551910400390625
v 17.46725082397461 -3.470395803451538 27.61297607421875
v 17.519994735717773 -3.899019479751587 27.494770050048828
v 17.521753311157227 -4.680131912231445 28.63170051574707
v 17.554656982421875 -4.359649181365967 27.41244125366211
v 17.018712997436523 -2.4738290309906006 29.01066017150879
v 17.195371627807617 -4.498530864715576 29.43431854248047
v 16.320491790771484 -3.468989610671997 30.84764862060547
v 15.176543235778809 -3.5383236408233643 33.20526885986328
v 15.057000160217285 -2.8259027004241943 33.20073699951172
v 15.057317733764648 -3.146899938583374 33.319480895996094
v -12.911478042602539 4.154350757598877 33.37548065185547
v -11.353568077087402 5.359541416168213 32.900108337402344
v -14.731510162353516 2.078430652618408 33.77803421020508
v -15.418354034423828 0.854733407497406 33.6636848449707
v -15.872276306152344 -0.27364736795425415 33.922767639160156
v -14.935524940490723 0.5954556465148926 34.857872009277344
v 16.373716354370117 -6.016055107116699 33.818695068359375
v 12.007892608642578 -12.065381050109863 34.47344970703125
v 15.28920841217041 -9.632357597351074 33.52497100830078
v 14.140621185302734 -9.404541969299316 33.34318542480469
v 12.508526802062988 -11.113253593444824 34.26996612548828
v 14.094940185546875 -11.580009460449219 29.211284637451172
v 15.245244979858398 -10.288887023925781 29.520780563354492
v 14.28219223022461 -11.750645637512207 27.732498168945312
v 15.317575454711914 -10.759860038757324 28.05016326904297
v 15.982503890991211 -9.903882026672363 26.549400329589844
v 16.158971786499023 -9.40401840209961 26.035465240478516
v 16.414552688598633 -9.147500038146973 26.46242904663086
v 15.886898040771484 -9.636322975158691 25.676166534423828
v 17.386510848999023 -3.0349063873291016 27.732563018798828
v 17.430452346801758 -3.2533605098724365 27.67089080810547
v 17.23004150390625 -2.497981309890747 28.053741455078125
v 17.415008544921875 -3.338574171066284 28.36731719970703
v 17.341657638549805 -2.8568766117095947 27.839630126953125
v 17.291210174560547 -2.6780543327331543 27.944103240966797
v 15.045920372009277 -2.4354641437530518 33.05280303955078
v 9.754257202148438 5.213639736175537 33.26325988769531
v 11.250279426574707 4.033990383148193 34.01570129394531
v 11.092162132263184 4.273087978363037 33.32550811767578
v -14.128600120544434 -0.8223816752433777 34.762939453125
v -14.490105628967285 -2.6900432109832764 35.32640838623047
v -14.46876049041748 -1.6031619310379028 35.176666259765625
v -14.49836540222168 -0.8257771134376526 34.88593292236328
v -14.743579864501953 -0.728898286819458 34.67124938964844
v -14.49836540222168 -0.8257771134376526 34.88593292236328
v -14.702579498291016 -3.4454193115234375 35.342506408691406
v -13.670988082885742 -11.858967781066895 33.269805908203125
v -13.905035018920898 -11.501042366027832 33.37275695800781
v -14.016303062438965 -11.316965103149414 33.42384338378906
v -13.557042121887207 -12.040764808654785 33.2066650390625
v -13.397624015808105 -12.24705696105957 33.141197204589844
v -3.3075098991394043 -17.687530517578125 30.884666442871094
v -7.531466960906982 -16.62312126159668 31.500761032104492
v -4.420029640197754 -17.525325775146484 31.372617721557617
v -0.8396431803703308 -17.86446762084961 30.664548873901367
v 0.09390255808830261 -17.92013931274414 30.991504669189453
v -3.0024333000183105 -17.71633529663086 31.445823669433594
v -2.0342209339141846 -17.413429260253906 30.953628540039062
v 5.102371692657471 -17.13921356201172 30.938982009887695
v 5.124678134918213 -17.329015731811523 30.935644149780273
v 11.230344772338867 -12.157068252563477 34.33709716796875
v 12.625539779663086 -11.143467903137207 34.55329132080078
v 11.109106063842773 -12.259504318237305 34.38075256347656
v 11.230344772338867 -12.157068252563477 34.33709716796875
v 11.305153846740723 -12.426517486572266 32.62213134765625
v 11.131349563598633 -12.533333778381348 32.570213317871094
v 12.553079605102539 -12.675505638122559 28.813119888305664
v 10.76669979095459 -12.757566452026367 32.341033935546875
v 10.90425968170166 -12.680112838745117 32.412906646728516
v 10.245342254638672 -13.031874656677246 32.01020812988281
v 10.34548568725586 -12.977261543273926 32.112239837646484
v 9.93626594543457 -13.194062232971191 31.668643951416016
v 11.427397727966309 -13.10887622833252 29.050905227661133
v 11.400381088256836 -13.212270736694336 27.46355438232422
v 12.627805709838867 -12.750747680664062 27.07349395751953
v 11.427820205688477 -13.051599502563477 26.126338958740234
v 12.987271308898926 -12.449936866760254 26.160991668701172
v 15.519632339477539 0.8338370323181152 26.817062377929688
v 15.848128318786621 0.10758000612258911 25.828510284423828
v 14.531588554382324 1.8787434101104736 26.47431182861328
v 16.482051849365234 -0.6579979658126831 27.474205017089844
v 16.237998962402344 -0.27744370698928833 26.800796508789062
v 16.41728973388672 -0.5455294847488403 27.23987579345703
v 15.251001358032227 1.1691824197769165 27.980148315429688
v 16.35926628112793 -0.4654918313026428 28.203304290771484
v 15.053428649902344 1.1564444303512573 29.165719985961914
v 14.11436653137207 2.3014755249023438 28.73188018798828
v 15.645745277404785 0.0887029618024826 29.577957153320312
v 15.785734176635742 -0.05462159216403961 29.414226531982422
v 16.062267303466797 -0.3779319226741791 29.13573455810547
v 16.2363224029541 -0.6222707033157349 28.993518829345703
v 16.882347106933594 -1.8351969718933105 28.677383422851562
v 15.04853343963623 0.7798685431480408 30.071361541748047
v 15.347452163696289 0.4537687599658966 29.801794052124023
v 14.598105430603027 1.2455518245697021 30.486671447753906
v 14.901144981384277 0.9233946800231934 30.228967666625977
v 15.04853343963623 0.7798685431480408 30.071361541748047
v 14.755212783813477 1.0666470527648926 30.381710052490234
v 15.49675178527832 0.27067798376083374 29.690711975097656
v 14.450496673583984 1.3861974477767944 30.636213302612305
v 13.596635818481445 2.1918468475341797 31.4284725189209
v 14.305825233459473 1.5254712104797363 30.77915382385254
v 12.43043327331543 3.3390049934387207 31.759424209594727
v 13.45854663848877 2.3182730674743652 31.543346405029297
v 13.088554382324219 2.687889575958252 31.711750030517578
v 12.639013290405273 3.483163833618164 29.78900146484375
v 12.435586929321289 2.881399631500244 24.25686264038086
v 8.629261016845703 5.144598007202148 28.381275177001953
v 5.783389091491699 5.780202388763428 29.041765213012695
v 8.057674407958984 4.666753768920898 27.10474395751953
v 6.774713039398193 4.456918239593506 26.758968353271484
v 6.60858154296875 6.241981029510498 30.547414779663086
v 3.7328224182128906 5.539490699768066 28.834239959716797
v 4.599612236022949 6.06107234954834 29.70265007019043
v 4.839845180511475 6.118776321411133 29.82176971435547
v 5.099794864654541 6.142978191375732 29.87775993347168
v 5.346946716308594 6.183144569396973 29.9940128326416
v 5.614489555358887 6.191499710083008 30.046751022338867
v 5.86762809753418 6.214432239532471 30.160303115844727
v 6.1195244789123535 6.225709438323975 30.270938873291016
v -14.404921531677246 -3.090484619140625 35.117218017578125
v -14.576233863830566 -6.405740737915039 35.02593994140625
v -14.905731201171875 -4.605593204498291 35.238521575927734
v -11.280564308166504 -12.7686128616333 34.310943603515625
v -12.796589851379395 -12.871644020080566 32.96080017089844
v 8.472620964050293 -13.6397066116333 30.416030883789062
v 10.109679222106934 -13.489070892333984 28.29841423034668
v 8.654343605041504 -13.608153343200684 30.546550750732422
v 9.167549133300781 -13.487924575805664 30.911550521850586
v 9.608875274658203 -13.339056015014648 31.289634704589844
v 9.00097942352295 -13.531628608703613 30.794326782226562
v 8.827641487121582 -13.573196411132812 30.667396545410156
v 6.543612480163574 -13.888769149780273 31.19940948486328
v 9.956926345825195 -13.459928512573242 27.021343231201172
v 7.0444254875183105 -12.825594902038574 25.50882339477539
v 10.677251815795898 -12.781522750854492 24.94980239868164
v 10.072242736816406 -13.24969482421875 25.952926635742188
v 13.157397270202637 2.5353567600250244 24.40064239501953
v 9.628475189208984 3.4043636322021484 23.839981079101562
v 5.006014347076416 3.5975348949432373 25.974353790283203
v 3.3964619636535645 2.866624593734741 26.042518615722656
v 3.3692891597747803 3.177699089050293 26.362213134765625
v 3.3342466354370117 3.3380985260009766 26.534133911132812
v 2.919581413269043 4.819695472717285 28.1306095123291
v 4.116474628448486 5.945198059082031 29.521610260009766
v 3.8363120555877686 5.852111339569092 29.40598487854004
v -7.076948165893555 6.198080062866211 30.66482925415039
v -6.502381801605225 6.255021572113037 30.495973587036133
v -7.392613410949707 6.1453962326049805 30.73334312438965
v -8.586404800415039 5.845961093902588 31.04753875732422
v -9.402281761169434 5.528677463531494 30.99192237854004
v -9.135807037353516 5.636903762817383 31.218992233276367
v -9.665916442871094 5.3834228515625 31.381542205810547
v -10.986680030822754 4.62590217590332 31.196971893310547
v -14.182414054870605 2.26284122467041 28.39427947998047
v -11.940592765808105 3.29982590675354 33.984622955322266
v -12.365936279296875 2.9948627948760986 33.16315460205078
v -16.015621185302734 -0.11836361140012741 28.83720588684082
v -13.347389221191406 1.7047322988510132 33.27227020263672
v -14.431640625 -1.4442577362060547 33.987388610839844
v -15.009328842163086 -0.3718174397945404 31.7529239654541
v -13.853049278259277 -9.540656089782715 34.500099182128906
v -14.446581840515137 -8.874321937561035 34.61955261230469
v -14.129620552062988 -8.902787208557129 34.53455352783203
v -13.749003410339355 -9.899243354797363 34.61184310913086
v -11.31326675415039 -12.108769416809082 34.30044174194336
v -10.99685001373291 -12.411067008972168 34.45697784423828
v -11.182046890258789 -12.759767532348633 34.37065124511719
v -12.438015937805176 -11.467272758483887 34.62859344482422
v 7.345972061157227 -13.919578552246094 34.88965606689453
v 5.731059551239014 -14.608619689941406 35.357025146484375
v 3.414114475250244 -15.04674243927002 35.577247619628906
v 6.957043170928955 -13.947598457336426 34.38282775878906
v 11.440467834472656 3.188265085220337 24.01799774169922
v 10.959155082702637 3.402604103088379 24.522846221923828
v 12.110180854797363 3.001601219177246 24.183189392089844
v 10.679876327514648 3.3075504302978516 23.826507568359375
v 10.28534984588623 3.3365321159362793 23.744525909423828
v 11.098190307617188 3.254580497741699 23.92890167236328
v 3.6581528186798096 1.3200350999832153 24.087696075439453
v 4.404664993286133 1.6899503469467163 23.81145477294922
v 3.629138946533203 1.4376599788665771 24.23520278930664
v 3.5944695472717285 1.5546870231628418 24.390995025634766
v 3.455327033996582 2.0501232147216797 25.097572326660156
v 3.4247214794158936 2.1562869548797607 25.252155303955078
v 3.4409523010253906 2.302852153778076 25.409194946289062
v 3.455327033996582 2.0501232147216797 25.097572326660156
v 3.5944695472717285 1.5546870231628418 24.390995025634766
v 3.403620719909668 2.5614497661590576 25.724651336669922
v 3.4505136013031006 2.4516348838806152 25.566360473632812
v -3.2028884887695312 2.616009473800659 25.940876007080078
v -5.091925144195557 2.426190137863159 24.165603637695312
v -3.1762235164642334 2.788001298904419 26.123912811279297
v -3.5178468227386475 1.3651530742645264 24.25271224975586
v -3.2028098106384277 2.282764434814453 25.605857849121094
v -9.071863174438477 4.620889186859131 27.24020767211914
v -12.235698699951172 3.4340267181396484 26.298622131347656
v -7.119593620300293 5.882946014404297 29.565919876098633
v -12.753230094909668 3.404860496520996 28.356063842773438
v -4.884385108947754 -14.833745002746582 35.48481369018555
v 0.2922016978263855 -15.525320053100586 35.83068084716797
v 1.658246636390686 -14.912833213806152 31.861791610717773
v 2.029013156890869 -14.769062042236328 31.374927520751953
v 1.828852891921997 -14.867064476013184 31.715484619140625
v 2.106309175491333 -14.707465171813965 31.172399520874023
v 0.11749757826328278 -14.684269905090332 30.517210006713867
v 2.8932220935821533 -14.406328201293945 30.607513427734375
v 2.029601573944092 -13.696763038635254 28.750120162963867
v 3.175708770751953 -14.351707458496094 30.617053985595703
v 0.7218300700187683 -13.945783615112305 28.84510612487793
v 3.5915300846099854 -12.974554061889648 28.483932495117188
v 3.418848752975464 -14.30823802947998 30.644746780395508
v 2.1885807514190674 -12.705766677856445 27.710121154785156
v 1.6008880138397217 -12.817803382873535 27.591472625732422
v 1.9679625034332275 -12.631935119628906 27.56671142578125
v 6.523013114929199 2.4659881591796875 23.250579833984375
v -3.515737771987915 1.2520205974578857 24.13637924194336
v -12.992802619934082 3.054056406021118 26.462390899658203
v -14.67286205291748 1.8036832809448242 27.006343841552734
v -15.18993091583252 1.2557724714279175 27.81093978881836
v -16.245512008666992 -0.18734370172023773 27.341678619384766
v -16.523855209350586 -1.253812551498413 29.0139217376709
v -16.3995418548584 -1.1523113250732422 29.247589111328125
v -15.096877098083496 -7.088883876800537 32.99018096923828
v -15.61490249633789 -7.484976291656494 31.712900161743164
v -15.507352828979492 -7.675822734832764 31.822364807128906
v -5.752549171447754 -14.479494094848633 35.35521697998047
v -3.533900260925293 -15.014444351196289 35.456912994384766
v -4.724549770355225 -14.62252140045166 34.84666442871094
v -4.415267467498779 -14.697806358337402 34.83938980102539
v -4.101936340332031 -14.767704963684082 34.82735061645508
v -3.138946056365967 -14.941874504089355 34.75334548950195
v -3.4632551670074463 -14.889579772949219 34.775550842285156
v -3.7835755348205566 -14.831343650817871 34.794960021972656
v -0.7012683153152466 -13.9694242477417 28.880218505859375
v 0.18662884831428528 -13.31628131866455 27.91904067993164
v -1.3937461376190186 -12.403753280639648 27.202247619628906
v 0.031900983303785324 -12.154952049255371 26.858253479003906
v -12.127227783203125 2.945214033126831 24.151885986328125
v -17.135353088378906 -2.111564874649048 27.605064392089844
v -17.38987922668457 -3.3176109790802 27.58013153076172
v -17.129833221435547 -2.3082690238952637 28.080459594726562
v -17.129833221435547 -2.3082690238952637 28.080459594726562
v -16.976747512817383 -1.9394248723983765 28.311063766479492
v -16.720203399658203 -1.2681092023849487 28.46116828918457
v -17.476289749145508 -5.733214855194092 28.401691436767578
v -17.1258602142334 -7.727877616882324 28.24811553955078
v -17.170686721801758 -6.507837772369385 29.185726165771484
v -16.9842529296875 -7.600120544433594 28.774873733520508
v -15.278423309326172 -8.04405403137207 32.025543212890625
v -15.395143508911133 -7.8621602058410645 31.926713943481445
v -11.833893775939941 -12.061530113220215 32.73592758178711
v -13.166448593139648 -11.208965301513672 32.01570129394531
v -12.872590065002441 -11.511896133422852 31.90241241455078
v -11.418611526489258 -12.028767585754395 34.25710678100586
v -10.919557571411133 -12.721176147460938 32.06327819824219
v -10.6904296875 -12.84949016571045 31.911880493164062
v -10.805155754089355 -12.78515911102295 31.989925384521484
v -11.736674308776855 -12.532747268676758 31.108720779418945
v -11.204353332519531 -12.517459869384766 32.35271453857422
v -11.325987815856934 -12.434663772583008 32.430320739746094
v -11.44703483581543 -12.352314949035645 32.504966735839844
v -11.56342601776123 -12.265046119689941 32.580810546875
v -1.4466638565063477 -13.679189682006836 28.546066284179688
v -2.2750260829925537 -13.90054702758789 29.16689682006836
v -2.829972982406616 -13.242569923400879 28.493057250976562
v -2.1450448036193848 -12.60409164428711 27.582561492919922
v -1.851766586303711 -12.536561965942383 27.427810668945312
v -2.4289629459381104 -12.70180606842041 27.777957916259766
v -16.92591667175293 -3.106437921524048 25.353607177734375
v -17.506393432617188 -4.896781921386719 27.220813751220703
v -17.499855041503906 -4.446987628936768 27.296035766601562
v -17.508298873901367 -4.5891547203063965 27.067127227783203
v -17.554616928100586 -5.384264945983887 27.32577133178711
v -17.449981689453125 -6.575653076171875 28.129459381103516
v -17.502351760864258 -5.858030319213867 28.149120330810547
v -16.878808975219727 -8.408453941345215 27.131420135498047
v -16.72683334350586 -8.726428031921387 27.553192138671875
v -16.928035736083984 -8.097907066345215 28.292325973510742
v -16.9842529296875 -7.600120544433594 28.774873733520508
v -11.227937698364258 -13.163764953613281 29.17549705505371
v -5.880380630493164 -14.126811981201172 31.95354461669922
v -4.857808589935303 -13.56653881072998 29.602222442626953
v -2.599822998046875 -14.738564491271973 31.545621871948242
v -3.134207010269165 -12.991846084594727 28.36056137084961
v -3.279144048690796 -13.039321899414062 28.472808837890625
v -2.8507778644561768 -12.882351875305176 28.133075714111328
v -2.9923207759857178 -12.93662166595459 28.248947143554688
v -17.019615173339844 -4.9999308586120605 25.144458770751953
v -16.929119110107422 -6.875138759613037 24.82332992553711
v -16.80088233947754 -7.144603252410889 25.06389617919922
v -16.122501373291016 -9.448540687561035 26.085285186767578
v -15.874397277832031 -9.681774139404297 25.737258911132812
v -15.948563575744629 -9.62013053894043 25.84772491455078
v -8.335247039794922 5.91976261138916 30.95311737060547
v -5.30165433883667 5.84235143661499 29.174964904785156
v -5.93734884262085 6.271908283233643 30.334583282470703
v -5.689393520355225 6.258702278137207 30.23898696899414
v -5.393507480621338 6.254121780395508 30.18201446533203
v -4.626885890960693 6.153834819793701 29.910799026489258
v -4.8632402420043945 6.202526569366455 30.0194034576416
v -4.132949352264404 6.058111190795898 29.75261116027832
v -4.3996806144714355 6.0999755859375 29.806678771972656
v -4.132949352264404 6.058111190795898 29.75261116027832
v -5.15078067779541 6.223303318023682 30.079011917114258
v 5.828405857086182 -12.506823539733887 25.505573272705078
v 5.616232872009277 -12.446213722229004 25.51644515991211
v 5.4394145011901855 -12.415983200073242 25.565013885498047
v 10.938478469848633 -12.647088050842285 34.492645263671875
v 0.45063239336013794 -17.894010543823242 30.72504234313965
v 3.4037981033325195 -17.599668502807617 30.799753189086914
v -5.407594680786133 -17.352230072021484 32.88896942138672
v -4.5127692222595215 -17.347864151000977 33.78186798095703
v 13.23360538482666 -12.780061721801758 32.84051513671875
v 14.449230194091797 -11.31540298461914 33.196048736572266
v 10.387681007385254 -14.756025314331055 32.27579116821289
v 11.605825424194336 -14.415177345275879 32.284637451171875
v 7.804971694946289 -16.081127166748047 31.66423797607422
v 5.656478404998779 -16.77540397644043 31.279827117919922
v 9.706562995910645 -15.676220893859863 31.815715789794922
v 6.49562406539917 -17.0324649810791 31.50287437438965
v 7.996598720550537 -16.51372528076172 31.485164642333984
v 3.6155383586883545 -17.538480758666992 31.71453285217285
v -1.3883607387542725 -16.76575469970703 34.8856201171875
v -5.098878383636475 -17.231245040893555 32.65196990966797
v 8.895974159240723 -16.062664031982422 32.28007125854492
v 10.042162895202637 -15.589223861694336 32.09497833251953
v 9.047892570495605 -14.647698402404785 35.70539855957031
v 13.066755294799805 -13.216623306274414 33.126197814941406
v 11.935514450073242 -14.27925968170166 32.61968994140625
v 13.118022918701172 -13.200688362121582 32.82670593261719
v 15.242110252380371 -10.433388710021973 33.390132904052734
v 14.5732421875 -11.42839241027832 33.603084564208984
v 15.34910774230957 -10.1152925491333 33.91572570800781
v 15.85969066619873 -9.110153198242188 33.89513397216797
v 16.128366470336914 -8.35318374633789 33.65046691894531
v 14.100419998168945 -10.985550880432129 34.93335723876953
v 11.441620826721191 -14.469257354736328 33.123985290527344
v 16.297626495361328 -3.866298198699951 34.693477630615234
v 14.225236892700195 -7.066972732543945 37.471073150634766
v 13.831869125366211 -9.077715873718262 37.00383758544922
v 16.274066925048828 -7.608826637268066 34.051605224609375
v -16.04863739013672 -5.662386417388916 35.061866760253906
v -14.94762134552002 -5.9306511878967285 36.66408157348633
v -16.555587768554688 -3.9317331314086914 34.272132873535156
v -16.020341873168945 -2.642043352127075 34.906898498535156
v -13.231457710266113 4.426197528839111 33.81739044189453
v -12.882640838623047 3.8300387859344482 34.516868591308594
v -14.5648775100708 1.9460296630859375 34.246070861816406
v -13.101691246032715 1.0519816875457764 36.87223815917969
v -12.97121524810791 1.1961219310760498 36.91594696044922
v -12.841902732849121 1.2957996129989624 36.996498107910156
v 9.213032722473145 2.1482391357421875 45.86738967895508
v 8.921934127807617 2.3347995281219482 45.87434387207031
v 7.564724922180176 3.036773443222046 45.862186431884766
v 6.30714750289917 3.322721242904663 46.19110107421875
v 5.4785475730896 3.6264755725860596 45.890071868896484
v 5.116260528564453 3.7050352096557617 45.89589309692383
v 2.6704981327056885 3.9285051822662354 46.51293182373047
v 4.756174564361572 3.780317783355713 45.898414611816406
v -1.8810312747955322 4.018588542938232 46.147525787353516
v -4.091850757598877 3.9614810943603516 45.910667419433594
v 7.946682929992676 3.173356533050537 49.98572540283203
v 11.432646751403809 1.9238507747650146 52.253482818603516
v 11.147697448730469 0.7585720419883728 48.16045379638672
v 11.130645751953125 0.70281982421875 48.017765045166016
v 11.123282432556152 0.612697184085846 47.81645202636719
v 11.107331275939941 0.5550777316093445 47.66255187988281
v 11.123282432556152 0.612697184085846 47.81645202636719
v 11.098417282104492 0.42218613624572754 47.346614837646484
v 22.61393928527832 1.3654778003692627 40.542240142822266
v 21.671077728271484 1.6238093376159668 40.572784423828125
v 22.140438079833984 1.2617673873901367 40.04584884643555
v 21.671077728271484 1.6238093376159668 40.572784423828125
v 21.105195999145508 1.5259696245193481 40.069969177246094
v 20.736167907714844 1.150234580039978 39.300872802734375
v 19.325620651245117 -7.505752086639404 38.1751823425293
v 18.01559829711914 -6.059596061706543 38.82535171508789
v 19.588642120361328 -9.543161392211914 39.28331756591797
v 19.98072624206543 -9.406157493591309 39.22632598876953
v 18.55597686767578 -8.542412757873535 38.56970977783203
v 18.45604133605957 -8.058450698852539 39.04814529418945
v 18.28907012939453 -7.155732154846191 39.161590576171875
v 19.4151611328125 -9.434793472290039 46.82894515991211
v 19.516698837280273 -9.166729927062988 47.125423431396484
v 18.89716148376465 -9.755165100097656 46.41618728637695
v 18.61917495727539 -9.546772956848145 46.61575698852539
v 18.363317489624023 -9.991357803344727 45.974754333496094
v 17.520309448242188 -9.71888542175293 46.160335540771484
v 16.247344970703125 -9.641683578491211 46.07780456542969
v 15.218411445617676 -9.321977615356445 44.96282196044922
v 12.978601455688477 -9.272368431091309 49.30059814453125
v 13.092144966125488 -9.072240829467773 47.33811950683594
v 11.282751083374023 -8.347885131835938 46.948402404785156
v 11.289101600646973 -8.434795379638672 46.59811782836914
v 11.283143043518066 -8.386488914489746 46.76484680175781
v 11.276134490966797 -8.341541290283203 47.14862823486328
v 11.277946472167969 -9.4334135055542 45.910911560058594
v -25.030603408813477 -6.6740217208862305 42.76799011230469
v -24.675994873046875 -7.261549472808838 42.50720977783203
v -24.123594284057617 -8.336739540100098 42.43409729003906
v -18.66765022277832 -3.7890737056732178 38.246551513671875
v -18.60531997680664 -3.585063934326172 38.33964538574219
v -18.542831420898438 -3.4565675258636475 38.41706848144531
v -18.002145767211914 -4.276273250579834 38.66438293457031
v -18.072744369506836 -4.061468124389648 38.65224075317383
v -18.13585662841797 -5.846978664398193 38.7652587890625
v -19.215164184570312 -7.499922752380371 38.440460205078125
v -19.193185806274414 -7.340692043304443 38.32659149169922
v -19.83888816833496 -9.325246810913086 39.393741607666016
v -17.749942779541016 -5.192480564117432 38.63646697998047
v -18.25971794128418 -7.157031536102295 39.088287353515625
v -18.60078239440918 -8.037941932678223 39.183563232421875
v -8.717737197875977 2.9899492263793945 52.16029739379883
v -6.437744140625 3.3182594776153564 46.32956314086914
v -7.737697601318359 2.8443849086761475 46.53932189941406
v -9.211471557617188 2.159214496612549 45.89267349243164
v -8.416204452514648 2.665299415588379 45.883079528808594
v -9.34381103515625 1.9991010427474976 46.74938201904297
v -6.1861186027526855 3.5592849254608154 45.89126968383789
v -6.8551483154296875 3.360342264175415 45.883235931396484
v -6.524326801300049 3.4695281982421875 45.88289260864258
v 5.222020149230957 3.7627205848693848 49.114479064941406
v 5.011166572570801 3.8204617500305176 51.47038269042969
v 8.31625747680664 3.0290791988372803 52.99464416503906
v 9.49336051940918 2.742354393005371 51.95958709716797
v 12.415815353393555 1.5467513799667358 53.18345642089844
v 11.31195068359375 1.541053056716919 50.26888656616211
v 11.526453018188477 0.6553006172180176 48.29835510253906
v 25.37541961669922 -5.154998302459717 43.067169189453125
v 25.45013999938965 -3.5774593353271484 42.943511962890625
v 25.026994705200195 -1.9197635650634766 43.416725158691406
v 24.58731460571289 -0.24406176805496216 42.13210678100586
v 23.63860321044922 0.7416024208068848 41.199440002441406
v 23.38022232055664 1.0556496381759644 41.165523529052734
v 24.015491485595703 0.5345616936683655 41.780059814453125
v 23.525104522705078 0.5994477272033691 41.19267272949219
v 21.951494216918945 1.1640104055404663 39.96209716796875
v 22.352460861206055 1.0488882064819336 40.32404708862305
v 24.0727596282959 -5.160530090332031 43.19546890258789
v 23.751468658447266 -6.797557353973389 42.584266662597656
v 23.54949951171875 -7.1983866691589355 42.51264190673828
v 23.667356491088867 -6.974576950073242 42.56317901611328
v 24.26816749572754 -4.713697910308838 42.72804641723633
v 24.282760620117188 -3.9111454486846924 42.75506591796875
v 23.74634552001953 -0.9046391844749451 42.43608474731445
v 24.555639266967773 -2.672510862350464 43.10822677612305
v 24.296714782714844 -3.3418900966644287 43.40415954589844
v 24.090251922607422 -5.614630699157715 43.48350524902344
v 24.51896095275879 -3.7741570472717285 43.42095184326172
v 25.147476196289062 -3.902841091156006 42.83709716796875
v 24.353790283203125 -4.519603729248047 43.559452056884766
v 24.389169692993164 -5.7047576904296875 43.417964935302734
v 24.1042423248291 -6.379127502441406 43.31620788574219
v 23.39109992980957 -8.107872009277344 42.39832305908203
v 22.54729461669922 -8.810524940490723 41.607479095458984
v 23.03163719177246 -9.024648666381836 41.518836975097656
v 22.948997497558594 -9.299531936645508 41.393550872802734
v 23.967880249023438 -8.324426651000977 42.0970344543457
v 22.685916900634766 -9.562334060668945 41.44520950317383
v 18.594928741455078 -8.909991264343262 38.83422088623047
v 17.75374412536621 -5.5295491218566895 37.80689239501953
v 18.119117736816406 -7.5332560539245605 38.059478759765625
v 17.988861083984375 -8.427200317382812 49.19362258911133
v 14.439566612243652 -9.027135848999023 50.054595947265625
v 12.988626480102539 -9.111616134643555 51.191619873046875
v 12.02639389038086 -8.736846923828125 49.20384216308594
v 12.965011596679688 -9.049887657165527 47.50509262084961
v 11.693414688110352 -8.527059555053711 52.26408386230469
v 11.800041198730469 -8.600861549377441 49.68157958984375
v 11.372513771057129 -8.54583740234375 49.817420959472656
v 10.998321533203125 -8.853866577148438 52.80714797973633
v 11.218669891357422 -8.614330291748047 49.320804595947266
v 10.441577911376953 -10.098847389221191 46.54986572265625
v 11.311614990234375 -8.475046157836914 46.44960021972656
v -24.4727783203125 -0.31267249584198 42.8873176574707
v -25.065834045410156 -1.2044380903244019 42.4810905456543
v -25.563060760498047 -3.552773952484131 42.786014556884766
v -25.531997680664062 -4.521878242492676 42.83399200439453
v -25.477811813354492 -2.9534904956817627 42.62799835205078
v -25.13842010498047 -5.044023513793945 42.78587341308594
v -23.365232467651367 -8.871076583862305 41.699710845947266
v -24.40180206298828 -7.497710704803467 42.411861419677734
v -23.83348274230957 -7.244200229644775 42.93391418457031
v -23.267257690429688 -8.10955810546875 42.4613151550293
v -22.605602264404297 -9.219120979309082 41.23788070678711
v -23.52930450439453 -7.44797420501709 42.81847381591797
v -22.271928787231445 -9.235986709594727 40.94015121459961
v -23.62127685546875 -6.991085529327393 42.54613494873047
v -23.53893280029297 -7.144979953765869 42.520751953125
v -23.69780921936035 -6.826818943023682 42.561527252197266
v -17.676193237304688 -4.311532974243164 38.32617950439453
v -17.77315330505371 -4.0367841720581055 38.655120849609375
v -18.163436889648438 -7.3379011154174805 38.586978912353516
v -19.01704978942871 2.1037466526031494 45.70857238769531
v -17.028059005737305 1.9957294464111328 44.231021881103516
v -16.39629364013672 2.2436537742614746 47.013427734375
v -15.557195663452148 2.1270689964294434 46.49116516113281
v -15.477381706237793 1.6850624084472656 44.936458587646484
v -15.115729331970215 1.577470064163208 44.994178771972656
v -13.985879898071289 1.613036036491394 46.255271911621094
v -14.930890083312988 1.5259246826171875 45.033355712890625
v -15.694718360900879 1.0453957319259644 43.1491584777832
v -14.930890083312988 1.5259246826171875 45.033355712890625
v -11.788084030151367 0.9565054178237915 48.63725662231445
v -11.22214412689209 0.9313507080078125 48.64460754394531
v -12.832183837890625 1.661729097366333 52.33029556274414
v -9.613484382629395 2.5797789096832275 50.253231048583984
v -11.583402633666992 1.7717894315719604 51.3587646484375
v -10.936707496643066 1.9221371412277222 50.75539016723633
v -6.321329116821289 3.6024413108825684 50.8443603515625
v -3.8336071968078613 3.958110809326172 49.004634857177734
v 0.9512985944747925 4.082596302032471 54.48689270019531
v 1.5073132514953613 4.12123441696167 48.69082260131836
v 2.9375429153442383 3.911613702774048 54.50077819824219
v 5.431222915649414 3.4865128993988037 55.050533294677734
v 5.723469257354736 3.405135154724121 55.14533233642578
v 6.012973785400391 3.3166732788085938 55.2399787902832
v 9.157882690429688 1.7418032884597778 55.99005889892578
v 9.564594268798828 1.4101872444152832 56.13051986694336
v 9.753365516662598 1.2368866205215454 56.201412200927734
v 9.365155220031738 1.5779637098312378 56.05896759033203
v 10.107263565063477 0.873845636844635 56.34727478027344
v 10.278587341308594 0.6533105969429016 56.448326110839844
v 13.876567840576172 0.47692251205444336 53.85920333862305
v 14.104071617126465 1.570710301399231 51.623016357421875
v 17.286937713623047 1.9619123935699463 48.29607391357422
v 14.612370491027832 2.1530818939208984 48.55556106567383
v 16.325014114379883 2.230330467224121 47.528228759765625
v 15.300030708312988 2.128309726715088 46.818634033203125
v 13.814607620239258 1.4075193405151367 45.97124481201172
v 13.978557586669922 1.9129207134246826 47.3460693359375
v 15.967963218688965 1.625483512878418 44.28614044189453
v 13.455310821533203 1.3929510116577148 46.429988861083984
v 13.290441513061523 1.3775137662887573 46.64389419555664
v 14.619952201843262 1.4426132440567017 45.1268310546875
v 16.753753662109375 1.9433717727661133 44.61469268798828
v 15.967963218688965 1.625483512878418 44.28614044189453
v 24.366901397705078 -7.9649224281311035 42.605628967285156
v 25.133142471313477 -6.284875392913818 42.812477111816406
v 25.462234497070312 -4.346238613128662 42.82318878173828
v 24.779144287109375 -6.891263961791992 42.610443115234375
v 17.970224380493164 -7.571624279022217 38.07386016845703
v 18.248394012451172 -8.382288932800293 38.53580856323242
v 20.65519905090332 0.6855818629264832 47.40631866455078
v 20.969942092895508 -0.16808554530143738 48.00059509277344
v 20.064476013183594 -1.0116487741470337 49.48419189453125
v 16.412090301513672 -3.7497408390045166 53.20492935180664
v 16.35210418701172 -5.128513813018799 52.84941482543945
v 15.570066452026367 -6.348249435424805 52.749427795410156
v 14.182814598083496 -8.719862937927246 51.024478912353516
v 14.87263011932373 -7.449007034301758 52.269248962402344
v 12.827695846557617 -8.36757755279541 53.03160858154297
v 12.63471794128418 -8.832612991333008 52.2171516418457
v 11.46397590637207 -8.012868881225586 54.234310150146484
v 12.4756441116333 -9.024489402770996 51.39225387573242
v 8.464900016784668 -11.497941970825195 51.948429107666016
v 9.667646408081055 -10.986340522766113 49.49167251586914
v 8.44921875 -12.421464920043945 48.446144104003906
v -24.040817260742188 0.5117533802986145 41.80537414550781
v -22.982486724853516 1.3036707639694214 41.694862365722656
v -24.352001190185547 -0.08688775449991226 42.85474395751953
v -24.723909378051758 -0.8211106061935425 42.105445861816406
v -25.254981994628906 -2.691922664642334 42.57127380371094
v -24.555419921875 -2.227879524230957 43.01844787597656
v -24.63028907775879 -4.744146823883057 43.319427490234375
v -24.1791934967041 -1.5375092029571533 42.87653350830078
v -23.8989315032959 -1.5758063793182373 42.440399169921875
v -24.041860580444336 -2.1283609867095947 42.54684066772461
v -24.112930297851562 -2.465057849884033 42.60619354248047
v -23.970653533935547 -1.842191219329834 42.50680923461914
v -17.698461532592773 -5.389735221862793 37.7382698059082
v -18.08069610595703 -7.530700206756592 38.25212097167969
v -21.420549392700195 -0.4059571623802185 47.8983154296875
v -16.936002731323242 2.201889991760254 47.38874816894531
v -15.109345436096191 2.1554577350616455 48.85511016845703
v -12.990728378295898 1.805029273033142 48.988277435302734
v -16.676036834716797 1.7992973327636719 49.304500579833984
v -16.65752410888672 0.799362063407898 50.986061096191406
v -17.9257869720459 1.802359700202942 48.149147033691406
v -19.240510940551758 0.9846604466438293 48.4114990234375
v -16.394248962402344 -3.2911128997802734 53.260623931884766
v -16.844436645507812 -1.7470966577529907 52.62388229370117
v -16.323204040527344 -3.947183847427368 53.25099182128906
v -20.841449737548828 -7.785101890563965 48.020225524902344
v -21.318017959594727 -6.8475775718688965 48.3326301574707
v -20.84137535095215 -8.369717597961426 47.71110916137695
v -20.975032806396484 -8.249274253845215 47.785491943359375
v -16.93704605102539 -4.089057922363281 37.99784851074219
v -17.477039337158203 -5.928967475891113 37.72883605957031
v -17.371641159057617 -3.666294813156128 37.582611083984375
v -23.439058303833008 0.26308387517929077 41.667442321777344
v -22.913623809814453 0.5820507407188416 41.19184875488281
v -22.495485305786133 0.6381669640541077 40.84714126586914
v -22.966142654418945 0.20120036602020264 41.121917724609375
v -22.91428565979004 0.612883985042572 41.11762237548828
v -23.395126342773438 0.896632194519043 41.10234451293945
v -23.172340393066406 1.1428922414779663 41.083805084228516
v -17.513694763183594 -5.024799346923828 37.5787353515625
v -17.67922592163086 -6.656864166259766 37.870086669921875
v -17.56793212890625 -5.2451982498168945 51.82495880126953
v -13.928203582763672 -0.6886029839515686 54.89980697631836
v -12.706954956054688 -0.8613265156745911 56.02600860595703
v -12.172693252563477 0.10724295675754547 55.713462829589844
v -13.937004089355469 -1.4585782289505005 55.305484771728516
v -13.437355041503906 -2.721987009048462 56.03535461425781
v -15.96102237701416 -6.01501989364624 52.678367614746094
v -15.636780738830566 -6.652315616607666 52.45896530151367
v -12.622504234313965 -6.441525936126709 55.152732849121094
v -16.17443084716797 -8.83487319946289 49.46614456176758
v -16.079160690307617 -8.706215858459473 49.75707244873047
v -16.279191970825195 -8.318521499633789 50.27920150756836
v -16.42213249206543 -9.18127155303955 48.62260437011719
v -16.347414016723633 -9.072280883789062 48.89900588989258
v -16.266918182373047 -8.96104907989502 49.18145751953125
v -13.68270206451416 -8.854348182678223 51.260284423828125
v -13.211885452270508 -4.382256984710693 55.96314239501953
v -12.822100639343262 -5.94546365737915 55.40427780151367
v -12.94369888305664 -1.8750836849212646 56.26802444458008
v -11.827871322631836 -2.298429012298584 57.02212142944336
v -10.745967864990234 -0.3729930818080902 57.09599304199219
v -9.935281753540039 0.6805991530418396 56.8095817565918
v -9.161563873291016 1.6632567644119263 56.235565185546875
v -8.129048347473145 2.433338165283203 55.78536605834961
v -7.895012378692627 2.5667343139648438 55.695560455322266
v -7.986085891723633 3.0841927528381348 53.26228332519531
v -3.6246650218963623 3.824652671813965 54.32094955444336
v -1.7123820781707764 4.1430463790893555 49.92301559448242
v 6.580697059631348 3.1203672885894775 55.436580657958984
v 11.191620826721191 -0.7821036577224731 56.93728256225586
v 10.561387062072754 0.09950916469097137 56.78776168823242
v 11.905243873596191 -3.512436628341675 57.07356643676758
v 12.917153358459473 -1.7839230298995972 56.25865173339844
v 11.686333656311035 -2.563211441040039 57.25188446044922
v 13.304993629455566 -3.7533321380615234 56.065956115722656
v 13.440813064575195 -2.6795237064361572 56.01701354980469
v 12.88187313079834 -1.0204014778137207 55.98295974731445
v 17.251815795898438 -2.264223575592041 52.39813995361328
v 18.001415252685547 0.8583279252052307 49.74875259399414
v 18.62691879272461 2.1096456050872803 45.62714385986328
v 13.13047981262207 -4.7534403800964355 55.88099670410156
v 13.170515060424805 -6.022433757781982 55.11050033569336
v 10.061263084411621 -8.536783218383789 54.75980758666992
v 11.367642402648926 -7.5483856201171875 54.9190673828125
v 12.053268432617188 -6.7207746505737305 55.31175994873047
v 10.061263084411621 -8.536783218383789 54.75980758666992
v 8.012309074401855 -10.51440143585205 53.98511505126953
v 8.58641529083252 -9.369698524475098 54.876800537109375
v 7.439852714538574 -13.046627044677734 49.810646057128906
v 7.747567653656006 -13.186385154724121 47.03932571411133
v 6.652503967285156 -14.213627815246582 46.44194793701172
v 6.955303192138672 -14.011571884155273 46.43498229980469
v -12.083168983459473 -7.500696182250977 54.531002044677734
v -13.116514205932617 -8.609848022460938 52.42335510253906
v -12.333728790283203 -4.146520614624023 56.625816345214844
v -11.574454307556152 -3.1595475673675537 57.395694732666016
v -11.178641319274902 -1.3806434869766235 57.58829879760742
v -10.638108253479004 -0.3247857689857483 57.53791046142578
v 11.120433807373047 -0.8517258167266846 57.7714729309082
v 10.48971939086914 -0.10668585449457169 57.29810333251953
v 10.461775779724121 -0.06923291832208633 57.34712600708008
v 10.423623085021973 -0.005785017739981413 57.4046745300293
v 11.223590850830078 -1.1617308855056763 57.759071350097656
v 10.5320405960083 -0.061936844140291214 57.01742935180664
v 11.226577758789062 -1.4152790307998657 57.37055206298828
v 11.75546932220459 -4.520447254180908 56.914451599121094
v 11.629613876342773 -4.645766258239746 56.966552734375
v 11.75546932220459 -4.520447731018066 56.914451599121094
v 11.843342781066895 -4.446197509765625 56.87639236450195
v 11.843341827392578 -4.446197509765625 56.87639236450195
v 12.006564140319824 -4.3459391593933105 56.7986946105957
v 12.11773681640625 -4.258360385894775 56.75458908081055
v 12.495890617370605 -4.058220386505127 56.56476593017578
v 13.100303649902344 -4.497622966766357 56.003482818603516
v 13.057571411132812 -4.365542411804199 56.08197784423828
v 13.126514434814453 -4.614110469818115 55.94060134887695
v 6.207306385040283 -12.840263366699219 51.87966537475586
v 6.023915767669678 -14.0790376663208 49.40420913696289
v 5.883464336395264 -14.041842460632324 49.77315902709961
v 5.983242988586426 -14.153202056884766 49.204071044921875
v -11.536060333251953 -4.237985134124756 57.14740753173828
v -11.118351936340332 -5.291365623474121 57.29533767700195
v 11.515416145324707 -4.279124736785889 57.3271484375
v 11.598834037780762 -3.77966570854187 57.62800598144531
v 0.2792664170265198 -14.5370512008667 50.04144287109375
v -0.48329228162765503 -14.812090873718262 50.04869842529297
v 0.2984320819377899 -15.187212944030762 49.73169708251953
v 3.761780261993408 -14.473112106323242 50.67264175415039
v 2.4853999614715576 -14.323502540588379 51.12479019165039
v 1.8913096189498901 -15.330187797546387 49.55108642578125
v 2.723982095718384 -15.539628028869629 48.40723419189453
v 2.0599730014801025 -15.670074462890625 48.342987060546875
v 2.613041877746582 -15.580771446228027 48.28941345214844
v 2.5468506813049316 -15.611010551452637 48.17040252685547
v 2.275613307952881 -15.701765060424805 47.83660888671875
v 2.1108710765838623 -15.750490188598633 47.624420166015625
v 1.6000373363494873 -15.85186767578125 47.25471496582031
v 1.7438288927078247 -15.828339576721191 47.3404655456543
v 1.8851107358932495 -15.80087947845459 47.430389404296875
v 1.3426815271377563 -15.881754875183105 47.180484771728516
v 2.0243418216705322 -15.77340030670166 47.52189254760742
v -0.11908091604709625 -15.745512962341309 48.57935333251953
v -2.4018547534942627 -15.621292114257812 48.308345794677734
v -0.45317864418029785 -15.89159107208252 47.63043975830078
v -1.938161849975586 -15.425070762634277 49.26905822753906
v -1.8506910800933838 -15.50601577758789 49.0700798034668
v -2.112455129623413 -15.103276252746582 49.940711975097656
v -2.0527546405792236 -15.16258716583252 49.83516311645508
v -2.1687300205230713 -15.04317855834961 50.045326232910156
v -2.0102744102478027 -15.29995059967041 49.55299377441406
v -2.3080222606658936 -14.907984733581543 50.266395568847656
v -2.260244846343994 -14.972650527954102 50.15988540649414
v -2.5646605491638184 -14.182798385620117 51.26590347290039
v -15.945890426635742 4.636112689971924 60.771480560302734
v 4.46000862121582 -13.417442321777344 51.95811462402344
v 3.716050863265991 -12.978426933288574 52.483985900878906
v 2.6799559593200684 -13.608123779296875 51.75191116333008
v 3.993877410888672 -13.217702865600586 52.2861328125
v 0.5413141846656799 -14.373490333557129 50.16347885131836
v 0.3684844374656677 -14.487214088439941 50.07501983642578
v 0.2792664170265198 -14.5370512008667 50.04144287109375
v 1.9560359716415405 -13.710972785949707 51.2561149597168
v 2.5468204021453857 -13.338133811950684 51.778663635253906
v 3.5388827323913574 -12.961874961853027 52.449642181396484
v 5.200605392456055 -13.321206092834473 51.77886199951172
v 12.453384399414062 1.750201940536499 51.288761138916016
v -11.912420272827148 0.9537774324417114 48.41486358642578
v -23.777353286743164 -6.664247035980225 42.575347900390625
v -24.07243537902832 -5.768955230712891 42.67280578613281
v -24.137468338012695 -5.486606121063232 42.70547866821289
v -24.23025131225586 -6.599113464355469 43.08311462402344
v 23.742290496826172 -0.3507625460624695 42.11299133300781
v -7.503082752227783 3.108783483505249 45.882633209228516
v -7.817305564880371 2.9680142402648926 45.88227081298828
v -7.1818461418151855 3.2389261722564697 45.88249969482422
v -6.6980085372924805 -17.11882209777832 32.11644744873047
v -6.596416473388672 -17.183263778686523 32.19831848144531
v -2.8369102478027344 8.621535301208496 33.6816291809082
v 3.9512786865234375 -16.580577850341797 50.435089111328125
v -24.174070358276367 -2.819465160369873 42.647705078125
v -10.396199226379395 1.062578797340393 45.869895935058594
v 7.347463130950928 6.201567649841309 30.983806610107422
v 6.0806145668029785 -12.595497131347656 25.53089141845703
v 6.564386367797852 -12.718185424804688 25.525039672851562
v 3.881096124649048 6.921896457672119 37.1357421875
v 1.8334321975708008 6.725244998931885 37.76386642456055
v 1.7827438116073608 7.061485767364502 37.125755310058594
v 2.9308037757873535 8.409268379211426 34.207237243652344
v -2.2942702770233154 7.211738586425781 36.719085693359375
v -2.4591457843780518 7.3579816818237305 36.41321563720703
v 3.4868340492248535 8.603470802307129 31.615238189697266
v 3.6551778316497803 8.5453462600708 31.701444625854492
v 8.098331451416016 7.459779262542725 32.03511047363281
v 6.062736511230469 8.182147979736328 31.72427749633789
v 7.459812641143799 7.652828216552734 32.054840087890625
v -5.643375396728516 8.017915725708008 32.218101501464844
v -5.8570990562438965 7.965927600860596 32.23973083496094
v -11.464298248291016 6.202717304229736 33.03338623046875
v 8.634361267089844 7.225015640258789 32.1085319519043
v 8.442400932312012 7.3149261474609375 32.07643127441406
v 7.459812641143799 7.652828216552734 32.054840087890625
v 11.246310234069824 5.753940582275391 32.650760650634766
v 11.118103981018066 5.806801795959473 32.63252258300781
v 2.294799566268921 7.366695880889893 36.45964813232422
v 2.213373899459839 7.291259765625 36.60477066040039
v 2.5106561183929443 7.6268630027771 35.98823547363281
v 2.7948107719421387 8.0498046875 35.104270935058594
v 1.9004185199737549 7.112580299377441 37.000244140625
v 17.149179458618164 -6.124294281005859 29.421226501464844
v 16.297168731689453 -9.424461364746094 28.323265075683594
v 16.57416534423828 -8.951022148132324 26.738204956054688
v 16.487102508544922 -9.066758155822754 26.595462799072266
v 17.562767028808594 -4.807043552398682 27.324127197265625
v 17.536224365234375 -4.109912872314453 27.434284210205078
v 17.562767028808594 -4.807043552398682 27.324127197265625
v 15.057317733764648 -3.146899938583374 33.319480895996094
v -6.0726447105407715 7.912337779998779 32.253318786621094
v -13.966289520263672 2.257756471633911 33.793704986572266
v -12.911478042602539 4.154350757598877 33.37548065185547
v -12.941773414611816 4.089256763458252 33.40129470825195
v 14.866922378540039 -11.274147987365723 27.26282501220703
v 16.414552688598633 -9.147500038146973 26.46242904663086
v -14.272276878356934 -10.909381866455078 33.525306701660156
v -14.722816467285156 -9.874994277954102 33.84465408325195
v -6.038900852203369 -16.88300895690918 31.17197608947754
v 11.011190414428711 -12.354142189025879 34.41519546508789
v 10.997440338134766 -12.61721420288086 32.50093078613281
v 10.628061294555664 -12.835058212280273 32.26506805419922
v 10.487397193908691 -12.9061279296875 32.19086456298828
v 16.135711669921875 -0.15246163308620453 26.556304931640625
v 13.281816482543945 2.489240884780884 31.650869369506836
v 12.43043327331543 3.3390049934387207 31.759424209594727
v 11.724092483520508 3.812528371810913 26.91425323486328
v 4.348459243774414 6.020805358886719 29.643157958984375
v -12.561210632324219 2.7510745525360107 33.208885192871094
v -12.365936279296875 2.9948627948760986 33.16315460205078
v -12.075712203979492 -13.648040771484375 32.65507507324219
v 9.93626594543457 -13.194062232971191 31.668643951416016
v 10.245342254638672 -13.031874656677246 32.01020812988281
v 8.250513076782227 -13.669806480407715 30.332378387451172
v 8.032816886901855 -13.69357967376709 30.257646560668945
v 7.0444254875183105 -12.825594902038574 25.50882339477539
v 8.748976707458496 -12.768107414245605 24.901607513427734
v 9.560914039611816 -12.80674934387207 24.904037475585938
v 3.4036471843719482 2.7126076221466064 25.885093688964844
v 3.3964619636535645 2.866624593734741 26.042518615722656
v 3.8363120555877686 5.852111339569092 29.40598487854004
v -6.192047119140625 6.276921272277832 30.43471908569336
v -8.586404800415039 5.845961093902588 31.04753875732422
v -9.89877700805664 5.263803958892822 31.461410522460938
v 6.675192832946777 -14.039579391479492 34.386409759521484
v 9.917381286621094 3.345219373703003 23.65582275390625
v 3.6581528186798096 1.3200350999832153 24.087696075439453
v -3.011035919189453 4.926494121551514 28.2797794342041
v -3.2081775665283203 2.4487104415893555 25.774879455566406
v -15.64766788482666 -0.6978161931037903 30.58139419555664
v -15.009328842163086 -0.3718174397945404 31.7529239654541
v -11.212214469909668 -12.193653106689453 34.339210510253906
v -11.053834915161133 -12.34321117401123 34.419532775878906
v -10.99685001373291 -12.411067008972168 34.45697784423828
v -11.212214469909668 -12.193653106689453 34.339210510253906
v 0.2771499454975128 -15.186675071716309 34.85468673706055
v 1.6976723670959473 -15.110588073730469 34.17488098144531
v 1.9504435062408447 -14.821834564208984 31.564653396606445
v -16.523855209350586 -1.253812551498413 29.0139217376709
v -16.976747512817383 -1.9394248723983765 28.311063766479492
v -15.64766788482666 -0.6978161931037903 30.58139419555664
v -15.763981819152832 -0.7990097403526306 30.416242599487305
v -13.572803497314453 -10.537346839904785 32.7081184387207
v -1.1002278327941895 -14.737357139587402 30.82834243774414
v -1.3433245420455933 -14.393627166748047 29.874422073364258
v -17.45243263244629 -3.73158860206604 27.452552795410156
v -11.679198265075684 -12.1782808303833 32.65422058105469
v -10.572351455688477 -12.908978462219238 31.8344669342041
v -11.102287292480469 -12.5958833694458 32.249053955078125
v -17.483661651611328 -4.09108304977417 27.361827850341797
v -16.881179809570312 -8.313820838928223 28.003673553466797
v -16.66891860961914 -8.843912124633789 27.364643096923828
v -16.576494216918945 -8.999815940856934 27.156200408935547
v -3.72585129737854 -13.23743724822998 28.88199806213379
v -3.4257848262786865 -13.121088027954102 28.62653350830078
v -3.8776140213012695 -13.302774429321289 29.030372619628906
v -3.8776140213012695 -13.302774429321289 29.030372619628906
v -2.7089099884033203 -12.82799243927002 28.013999938964844
v -2.7089099884033203 -12.82799243927002 28.013999938964844
v -17.081756591796875 -4.626720905303955 24.73651123046875
v -15.577009201049805 -13.250048637390137 13.62796401977539
v 10.678933143615723 -13.099665641784668 34.330894470214844
v 6.407263278961182 -15.719996452331543 35.923309326171875
v 13.24127197265625 -12.550896644592285 34.12607192993164
v 10.629502296447754 -14.582839965820312 32.3597412109375
v -1.8957607746124268 -16.809551239013672 34.823585510253906
v -1.647173285484314 -16.784820556640625 34.8577880859375
v 1.5635807514190674 -16.59073257446289 35.38150405883789
v 11.278392791748047 -14.069676399230957 32.60246658325195
v -15.481395721435547 -7.2417473793029785 35.54318618774414
v -14.808162689208984 -2.143077850341797 36.56317901611328
v 9.93082332611084 1.5778688192367554 45.86460876464844
v 10.125687599182129 1.3939400911331177 45.85923767089844
v -4.805887699127197 3.8596816062927246 45.89894485473633
v 11.185481071472168 0.7884241342544556 48.279541015625
v 11.107331275939941 0.5550777316093445 47.66255187988281
v 18.143552780151367 -5.815361022949219 38.714813232421875
v 18.285913467407227 -5.591471195220947 38.55039596557617
v 19.13484001159668 -6.114035606384277 37.74308395385742
v 18.383113861083984 -5.407809257507324 38.41175079345703
v 19.13484001159668 -6.114035606384277 37.74308395385742
v 19.311534881591797 -7.0435261726379395 37.87458038330078
v 19.902740478515625 -9.309774398803711 39.16394805908203
v 18.006324768066406 -6.245356559753418 38.87751007080078
v 13.622258186340332 -9.141730308532715 46.67687225341797
v -23.365232467651367 -8.871076583862305 41.699710845947266
v -19.1948299407959 -7.155761241912842 38.16609191894531
v -8.962089538574219 2.3342068195343018 45.888221740722656
v -9.448320388793945 1.983520746231079 45.888179779052734
v -8.696682929992676 2.5017428398132324 45.8851318359375
v -5.8473968505859375 3.6485157012939453 45.89196014404297
v 11.185481071472168 0.7884241342544556 48.279541015625
v 21.951494216918945 1.1640104055404663 39.96209716796875
v -22.686586380004883 -9.189996719360352 41.300872802734375
v -22.78241539001465 -9.158844947814941 41.35692596435547
v -18.553627014160156 2.279566764831543 45.1199951171875
v -15.2982816696167 1.6305102109909058 44.96172332763672
v -11.852021217346191 0.9525353908538818 48.528648376464844
v 9.935102462768555 1.0584839582443237 56.27519989013672
v 13.610881805419922 1.3934820890426636 46.208900451660156
v 15.345067024230957 1.5130211114883423 44.58608627319336
v 18.111352920532227 -8.100275993347168 38.388092041015625
v -22.9193058013916 1.3360984325408936 41.588069915771484
v -23.99587059020996 -0.48265355825424194 42.24113845825195
v -13.737659454345703 1.381475806236267 46.02085876464844
v -13.880215644836426 1.4056141376495361 45.89469909667969
v -21.859521865844727 -1.2804242372512817 48.15633773803711
v -16.522531509399414 -9.26391887664795 48.37803649902344
v -13.734206199645996 -8.93161678314209 51.00389862060547
v -14.338058471679688 -9.160557746887207 49.713844299316406
v -16.079160690307617 -8.706215858459473 49.75707244873047
v -12.944290161132812 -5.552906036376953 55.582855224609375
v -9.161563873291016 1.6632567644119263 56.235565185546875
v -7.655011177062988 2.692760705947876 55.604190826416016
v -7.409474849700928 2.8110058307647705 55.51115417480469
v -6.467938423156738 3.221318244934082 55.96930694580078
v 4.106874942779541 3.837599515914917 55.362735748291016
v 5.431222915649414 3.4865128993988037 55.050533294677734
v 6.296257495880127 3.2229557037353516 55.34905242919922
v 10.5320405960083 -0.061936844140291214 57.01742935180664
v 10.187311172485352 -8.486499786376953 54.723663330078125
v 7.255943298339844 -13.809368133544922 46.410762786865234
v -12.87352466583252 -5.774233341217041 55.490562438964844
v 10.383936882019043 0.06729612499475479 57.44659423828125
v 10.423623085021973 -0.005785015877336264 57.4046745300293
v 11.0524263381958 -0.6842737197875977 57.77214813232422
v 11.342432022094727 -1.6999002695083618 57.670135498046875
v 11.356907844543457 -1.7966279983520508 57.646060943603516
v 11.923888206481934 -4.395692348480225 56.83694839477539
v 12.227002143859863 -4.198895454406738 56.702030181884766
v 12.407306671142578 -4.094511985778809 56.613006591796875
v 12.407306671142578 -4.094511985778809 56.613006591796875
v 13.110944747924805 -4.922110557556152 55.81574630737305
v -11.39072036743164 -5.051181316375732 56.86674880981445
v -10.913233757019043 -0.594005286693573 57.753604888916016
v 11.538304328918457 -4.372254848480225 57.61337661743164
v 4.615209579467773 -13.403543472290039 51.92488098144531
v 2.9238944053649902 -15.468727111816406 48.562191009521484
v 2.3532586097717285 -15.67574691772461 47.946632385253906
v 2.5468506813049316 -15.611010551452637 48.17040252685547
v -11.537202835083008 -3.7643895149230957 57.66445541381836
v -2.353209972381592 -14.842386245727539 50.37127685546875
v -8.14185905456543 -8.010611534118652 57.063819885253906
v -4.87798547744751 -9.308091163635254 56.72014236450195
v -15.680021286010742 4.709872245788574 60.65068817138672
v -16.23033332824707 2.7476577758789062 60.164588928222656
v -15.431806564331055 4.705479145050049 60.50992965698242
v 4.0470685958862305 -13.304901123046875 52.185237884521484
v 1.4051663875579834 -13.923603057861328 50.80525588989258
v 1.4051663875579834 -13.923603057861328 50.80525588989258
v 0.7094089388847351 -14.240151405334473 50.27757263183594
v 0.6253702044487 -14.309887886047363 50.21665573120117
v 3.9434525966644287 -13.126441955566406 52.37884521484375
v 12.192721366882324 1.0733146667480469 48.04511642456055
v -23.850025177001953 -6.49174690246582 42.579185485839844
v -8.122438430786133 2.820894241333008 45.882293701171875
v -21.914472579956055 -6.544785022735596 34.906639099121094
v -22.049165725708008 -6.929093360900879 34.714210510253906
v -20.41579246520996 -10.686318397521973 12.830181121826172
v -20.590938568115234 -11.067204475402832 13.032875061035156
v -20.679731369018555 -11.044395446777344 13.051132202148438
v -16.00337028503418 -1.9866639375686646 34.706520080566406
v -16.02276039123535 -2.3388218879699707 34.80542755126953
v -16.023916244506836 -2.496018409729004 34.857826232910156
v -16.02239990234375 -2.837630271911621 34.95684051513672
v -16.009029388427734 -2.9779446125030518 35.01318359375
v -15.977330207824707 -1.7749954462051392 34.65604019165039
v -15.155611991882324 -14.44714069366455 13.023582458496094
v -15.42801284790039 -14.25920581817627 13.343883514404297
v -15.003371238708496 -13.298649787902832 13.2042236328125
v -13.824288368225098 -13.332387924194336 12.941978454589844
v -14.812374114990234 -14.627924919128418 12.887519836425781
v -15.985918045043945 -12.578156471252441 13.215770721435547
v -13.76023006439209 -12.120232582092285 12.87811279296875
v -3.151036024093628 -22.128572463989258 66.43539428710938
v -2.888087511062622 -22.134580612182617 66.518798828125
v 5.023906230926514 -9.269675254821777 55.49311828613281
v 2.720442056655884 -9.471793174743652 55.88071823120117
v 4.905481815338135 -9.402447700500488 55.355430603027344
v 5.13450288772583 -9.171761512756348 55.58936309814453
v 3.3473029136657715 -10.8768310546875 53.98041534423828
v 4.905481815338135 -9.402447700500488 55.355430603027344
v 6.637707233428955 -1.1309516429901123 13.213211059570312
v 5.572394371032715 -2.230184316635132 14.008441925048828
v 6.195894718170166 -0.983921229839325 13.538291931152344
v 6.245578289031982 -0.6556226015090942 13.712993621826172
v 6.51006555557251 -0.420369029045105 13.619476318359375
v 16.719593048095703 -12.84132194519043 12.925827026367188
v 17.532434463500977 -13.778450965881348 13.055992126464844
v 17.505599975585938 -13.002636909484863 12.80804443359375
v 17.50511932373047 -10.467830657958984 12.973098754882812
v 16.525312423706055 -11.373808860778809 12.991085052490234
v -15.85130500793457 -12.963278770446777 13.45792007446289
v -10.762626647949219 -0.32695069909095764 12.790271759033203
v -11.794905662536621 0.8172888159751892 13.159423828125
v -12.77066421508789 -0.18798573315143585 13.04653549194336
v -5.753028869628906 -1.4340027570724487 13.827556610107422
v -5.5807037353515625 -1.2734910249710083 14.316829681396484
v -5.4105424880981445 -1.9564664363861084 14.361351013183594
v -1.4367315769195557 -9.520682334899902 56.05272674560547
v -5.006114482879639 -9.334160804748535 55.419456481933594
v -4.769124984741211 -9.52253532409668 55.23301315307617
v 10.954404830932617 0.8669427633285522 13.071033477783203
v 14.726114273071289 -12.146564483642578 12.955486297607422
v 15.685503005981445 -12.637317657470703 13.34420394897461
v 15.26828670501709 -12.964385986328125 13.343334197998047
v 15.166175842285156 -14.402209281921387 13.02602767944336
v 14.845369338989258 -13.8615083694458 12.937454223632812
v 15.517121315002441 -14.321623802185059 13.517017364501953
v 14.804238319396973 -14.884673118591309 12.979297637939453
v 14.638373374938965 -14.849047660827637 12.936656951904297
v 15.016512870788574 -14.8203763961792 12.977397918701172
v 14.354833602905273 -14.406368255615234 12.778770446777344
v 18.821439743041992 -4.172258377075195 37.96202087402344
v 20.32636833190918 -10.397804260253906 12.854358673095703
v 20.798492431640625 -10.625036239624023 13.00717544555664
v -0.4678703844547272 22.741682052612305 30.140647888183594
v -1.1415146589279175 21.969839096069336 30.308576583862305
v -1.154374122619629 23.248577117919922 30.378984451293945
v -1.0202503204345703 22.241491317749023 30.26686668395996
v -0.6206008791923523 22.642337799072266 30.166772842407227
v -1.6447265148162842 23.232013702392578 30.717178344726562
v -1.5413554906845093 23.368789672851562 30.65216064453125
v -1.4537838697433472 23.54943084716797 30.61287498474121
v 14.858612060546875 -3.0290205478668213 33.72490692138672
v 14.842222213745117 -2.691856861114502 33.62872314453125
v 15.057000160217285 -2.8259027004241943 33.20073699951172
v 15.377182960510254 -2.5880849361419678 34.64176940917969
v 15.427457809448242 -2.258798599243164 34.5206413269043
v 14.802095413208008 -2.230067729949951 35.08697509765625
v 14.796797752380371 -2.058574676513672 35.051265716552734
v 14.820114135742188 -2.3515496253967285 33.52345275878906
v -15.357171058654785 -3.309363842010498 34.75777053833008
v -15.422959327697754 -2.414454936981201 34.5359992980957
v 17.895374298095703 -9.528789520263672 12.840248107910156
v 18.839078903198242 -12.280258178710938 12.992023468017578
v 16.42829704284668 -13.156943321228027 13.09365463256836
v 16.32756233215332 -13.119816780090332 13.150558471679688
v 16.233179092407227 -13.115994453430176 13.223442077636719
v 16.148710250854492 -13.14519214630127 13.313102722167969
v 13.925874710083008 -10.40040111541748 12.661415100097656
v 16.02706527709961 -5.180703163146973 12.782081604003906
v 17.37017250061035 -5.397371768951416 13.00164794921875
v -15.305061340332031 -3.595642328262329 34.84449005126953
v 17.817501068115234 -13.751551628112793 13.1148681640625
v 17.983985900878906 -13.683485984802246 13.131431579589844
v 5.416319847106934 -1.5438951253890991 14.731819152832031
v 5.7426910400390625 -1.2058770656585693 14.069538116455078
v 6.846851825714111 -0.17964182794094086 13.52587890625
v 6.656839847564697 -0.31660327315330505 13.570770263671875
v 7.737802505493164 0.46845540404319763 13.445350646972656
v 8.98337173461914 -1.0633087158203125 12.75186538696289
v 9.016143798828125 0.7696881294250488 13.186347961425781
v 10.797690391540527 -0.18697962164878845 12.812713623046875
v 9.708209991455078 -2.048884153366089 12.651390075683594
v 9.739581108093262 -4.823113441467285 12.64389419555664
v 8.192632675170898 -5.3578057289123535 12.871864318847656
v 5.820972442626953 -4.338962078094482 14.334518432617188
v 5.541952133178711 -3.2431511878967285 14.234809875488281
v 5.927043437957764 -4.5090131759643555 14.232566833496094
v 6.190018177032471 -4.448979377746582 13.727046966552734
v 6.031671524047852 -4.6237382888793945 14.111915588378906
v 6.153430938720703 -4.788132190704346 14.014617919921875
v 6.608658313751221 -3.866244077682495 13.213088989257812
v 6.154376983642578 -2.675611734390259 13.349037170410156
v 7.272850036621094 -2.834456443786621 12.888526916503906
v 14.999736785888672 -6.519251346588135 12.629158020019531
v 13.07411003112793 -0.5047028660774231 13.03238296508789
v 14.464879035949707 -0.9578490853309631 13.329978942871094
v 15.841516494750977 -1.535554051399231 13.903568267822266
v 12.439833641052246 1.2500897645950317 13.682510375976562
v 5.702139854431152 -4.890154838562012 18.3441162109375
v 6.235111236572266 -6.155558109283447 18.179298400878906
v 6.15677547454834 -5.996771335601807 18.116596221923828
v -6.2617292404174805 -6.186107635498047 18.09579086303711
v -6.341971397399902 -6.347563743591309 18.152973175048828
v -6.400756359100342 -6.467474937438965 18.221710205078125
v -14.710959434509277 -0.5342280864715576 13.70566177368164
v -14.850743293762207 -0.40131261944770813 13.987709045410156
v -14.579198837280273 -0.18566805124282837 13.921554565429688
v -14.300559043884277 0.017518537119030952 13.858779907226562
v -14.795221328735352 -1.4021304845809937 13.286094665527344
v -9.193065643310547 -0.20905882120132446 12.869731903076172
v -8.830995559692383 -2.736905097961426 12.67333984375
v -15.849700927734375 -5.041352272033691 12.772308349609375
v -6.486681938171387 -0.27596572041511536 13.785011291503906
v -6.922024726867676 -0.9764822125434875 13.165573120117188
v -7.668381690979004 -0.811328649520874 12.978431701660156
v -6.673477649688721 -2.129469156265259 13.088371276855469
v -8.837944984436035 -5.193386554718018 12.744544982910156
v -13.26188850402832 -9.423249244689941 12.631420135498047
v -16.29680061340332 -7.833775997161865 12.660240173339844
v -19.52809715270996 -8.930983543395996 12.966949462890625
v -17.506366729736328 -5.4046196937561035 13.035011291503906
v -5.391181468963623 -1.6130566596984863 14.65816879272461
v -5.5438008308410645 -2.762091875076294 14.068553924560547
v -5.438704967498779 -1.5020848512649536 14.557064056396484
v -5.305449485778809 -3.292632818222046 15.36614990234375
v -5.625627517700195 -3.8170266151428223 14.331504821777344
v -5.887853622436523 -3.6434803009033203 13.777740478515625
v -6.856795310974121 -4.298300743103027 13.169723510742188
v -5.948967456817627 -2.8731048107147217 13.54180908203125
v -7.529041290283203 -5.987270832061768 13.238819122314453
v -8.792367935180664 -6.891374111175537 12.94875717163086
v -12.357897758483887 -11.227762222290039 12.84027099609375
v -17.485300064086914 -10.7129487991333 12.95949935913086
v -15.604593276977539 -14.593672752380371 13.883201599121094
v -18.7384090423584 -11.027559280395508 13.005752563476562
v -17.65113067626953 -11.763450622558594 12.81723403930664
v -17.00243377685547 -13.166050910949707 12.905086517333984
v 15.953991889953613 -1.9426960945129395 34.78843688964844
v 15.951951026916504 -1.7840031385421753 34.7301025390625
v 15.93808650970459 -2.0575945377349854 34.854164123535156
v 19.325620651245117 -7.505752086639404 38.1751823425293
v 19.877729415893555 -7.636462211608887 37.06005096435547
v 21.80196762084961 -8.374720573425293 32.790931701660156
v -19.993911743164062 -9.033318519592285 32.546470642089844
v -22.893827438354492 -3.4238622188568115 34.186431884765625
v -24.400714874267578 -6.390915870666504 30.825092315673828
v -24.266122817993164 -5.114710807800293 30.808334350585938
v -24.118560791015625 -5.239372253417969 30.828462600708008
v -23.351720809936523 -7.016451835632324 31.210424423217773
v -25.114089965820312 -6.223032474517822 31.021099090576172
v -25.189266204833984 -5.963590621948242 31.034799575805664
v -24.61874771118164 -4.769756317138672 30.81439781188965
v -20.36062240600586 -3.1827707290649414 36.93344497680664
v -18.60531997680664 -3.585063934326172 38.33964538574219
v -18.449459075927734 -2.4442591667175293 38.78321838378906
v -18.542831420898438 -3.4565675258636475 38.41706848144531
v 19.564870834350586 -0.5458289384841919 39.15327453613281
v 18.613975524902344 -1.5594613552093506 38.937255859375
v 19.449356079101562 -0.7965711951255798 39.03271484375
v 18.509666442871094 -1.805816650390625 38.901126861572266
v 19.481700897216797 -0.6988651752471924 39.08537292480469
v 18.358036041259766 -2.58181095123291 38.73328399658203
v 21.33437156677246 -3.0506772994995117 36.131568908691406
v 22.115772247314453 -3.438516616821289 35.302886962890625
v 21.18741226196289 -3.101240634918213 36.24601364135742
v 22.068218231201172 -3.2905726432800293 35.39093780517578
v 22.4360294342041 -4.9085564613342285 34.65571594238281
v 22.401615142822266 -4.7435479164123535 34.71925354003906
v 24.57859230041504 -6.561072826385498 30.88399314880371
v -19.83734893798828 -1.6400145292282104 38.11461639404297
v -19.908910751342773 -1.3757039308547974 38.23847961425781
v -19.328250885009766 -0.6789363622665405 39.13044357299805
v -20.124374389648438 -0.14696386456489563 39.26251983642578
v 9.253779411315918 1.565677523612976 57.758548736572266
v 11.031183242797852 -6.344432353973389 57.54426193237305
v 10.378610610961914 -6.277870178222656 57.20798110961914
v 11.117364883422852 -5.568719863891602 57.488037109375
v 3.581639051437378 -9.117533683776855 56.302040100097656
v 5.926487445831299 -8.58951473236084 56.14191818237305
v 6.03079891204834 -8.52632999420166 56.2086067199707
v 5.247231960296631 -9.074915885925293 55.6837272644043
v 5.572113990783691 -8.816118240356445 55.93108367919922
v 5.67807149887085 -8.738128662109375 56.00592803955078
v 1.5138335227966309 -9.455878257751465 56.21717071533203
v 0.35944363474845886 -11.892407417297363 53.292152404785156
v -1.1177984476089478 -11.166696548461914 54.167606353759766
v -10.363729476928711 -6.565186977386475 57.36822509765625
v -10.315604209899902 -6.314695835113525 56.982948303222656
v 12.772315979003906 -2.97978138923645 58.06927490234375
v 13.722200393676758 -4.397109031677246 58.11438751220703
v 9.506365776062012 -8.196654319763184 57.28607940673828
v 6.3859028816223145 -8.526734352111816 56.776641845703125
v -3.375826835632324 -9.191099166870117 56.30427551269531
v -5.697797775268555 -8.788814544677734 55.96839904785156
v -6.149863243103027 -8.487059593200684 56.299293518066406
v -5.923269271850586 -8.638493537902832 56.117828369140625
v -5.498225212097168 -8.945174217224121 55.81377410888672
v -5.3040618896484375 -9.091017723083496 55.6690673828125
v -8.437597274780273 -8.158576965332031 57.14179229736328
v -8.324592590332031 -7.748769283294678 57.0562744140625
v -8.14185905456543 -8.010611534118652 57.063819885253906
v -8.324592590332031 -7.748769283294678 57.0562744140625
v -8.553836822509766 -7.519625663757324 57.05245590209961
v -11.84836483001709 -5.415647029876709 57.753265380859375
v -12.360715866088867 -4.390806674957275 57.90678024291992
v -12.41170883178711 -4.507221698760986 57.9061393737793
v -12.290194511413574 -4.096251487731934 57.916969299316406
v -12.324870109558105 -4.242142677307129 57.9119873046875
v -1.4240970611572266 -9.57107162475586 56.466880798339844
v 2.2558906078338623 -9.721033096313477 56.58024215698242
v -1.462578296661377 -10.302391052246094 56.63837432861328
v -6.40593147277832 -8.415966987609863 56.60639953613281
v -10.555438995361328 -8.581568717956543 57.399200439453125
v -9.921394348144531 3.2824223041534424 58.27072525024414
v -10.049703598022461 3.3169403076171875 58.30219268798828
v -4.943687915802002 5.010314464569092 57.95229721069336
v -3.1732723712921143 4.250808238983154 57.69261932373047
v 12.274141311645508 1.3454737663269043 58.426570892333984
v 10.084288597106934 3.2773513793945312 58.30326843261719
v -18.12694549560547 -3.231931447982788 90.39961242675781
v 17.253877639770508 -16.790464401245117 72.48994445800781
v 17.22237205505371 -16.77910614013672 72.82210540771484
v 17.169862747192383 -16.77973747253418 73.14865112304688
v 16.573766708374023 -17.20368003845215 70.46949005126953
v 16.262451171875 -17.514179229736328 69.39482879638672
v 16.812423706054688 -16.974401473999023 72.71912384033203
v 16.35801124572754 -16.822702407836914 71.283935546875
v 16.933700561523438 -16.807039260864258 74.16678619384766
v 16.252485275268555 -16.939071655273438 75.43670654296875
v 16.383092880249023 -16.669883728027344 73.24009704589844
v 16.35973358154297 -16.696191787719727 72.24177551269531
v 16.014755249023438 -17.1981258392334 69.78677368164062
v -6.963718891143799 -0.7803130149841309 97.35462188720703
v -6.9908766746521 -0.8226001858711243 97.2340087890625
v -7.492116928100586 -1.415239930152893 97.111572265625
v 15.80543327331543 -16.707866668701172 74.96187591552734
v -15.969206809997559 -17.223844528198242 69.77484130859375
v -15.37469482421875 -17.48940086364746 69.29956817626953
v -15.093267440795898 -17.794832229614258 68.87792205810547
v -15.176960945129395 -17.672687530517578 69.01891326904297
v -16.733448028564453 -17.241975784301758 70.10243225097656
v -15.867708206176758 -17.95261573791504 68.61369323730469
v -16.44841957092285 -17.649330139160156 68.79293060302734
v -16.24932289123535 -17.770294189453125 68.68778228759766
v -15.965496063232422 -17.910892486572266 68.62525177001953
v -15.114343643188477 -16.894861221313477 76.05108642578125
v -16.402820587158203 -16.690196990966797 73.56519317626953
v -16.122093200683594 -16.734542846679688 73.02293395996094
v -16.19000244140625 -16.75185775756836 72.5322265625
v -16.159618377685547 -16.74118423461914 72.78113555908203
v -16.42557144165039 -16.835071563720703 71.47772216796875
v -17.298707962036133 -16.796907424926758 72.05756378173828
v -17.290956497192383 -16.827850341796875 71.75234985351562
v -17.265153884887695 -16.774385452270508 72.54904174804688
v -17.23204231262207 -16.766578674316406 72.85418701171875
v -16.12314224243164 -16.842802047729492 74.95014953613281
v 3.216015577316284 -11.010382652282715 53.85490417480469
v 3.0709147453308105 -11.152939796447754 53.719120025634766
v 3.3473029136657715 -10.8768310546875 53.98041534423828
v 22.352460861206055 1.0488882064819336 40.32404708862305
v 23.36892318725586 -5.357476711273193 31.12704849243164
v -22.80342674255371 -5.026874542236328 33.027992248535156
v -22.800045013427734 -5.28749418258667 33.025123596191406
v -22.90095329284668 -2.9515023231506348 33.3973503112793
v -22.971071243286133 -2.685499429702759 33.531089782714844
v -22.934560775756836 -2.8309409618377686 33.47721481323242
v -18.66765022277832 -3.7890737056732178 38.246551513671875
v -21.092418670654297 -6.456812381744385 35.68476104736328
v -16.022411346435547 -2.185516595840454 34.751991271972656
v -2.9751877784729004 -22.445819854736328 66.50162506103516
v 5.247231960296631 -9.074915885925293 55.6837272644043
v 17.666929244995117 -13.782377243041992 13.089092254638672
v -6.076803207397461 -1.565487265586853 13.480892181396484
v -4.511551856994629 -9.761678695678711 55.00249099731445
v -5.1054277420043945 -9.250596046447754 55.50594711303711
v -5.006114482879639 -9.334160804748535 55.419456481933594
v -0.896894097328186 22.392969131469727 30.230716705322266
v -1.7283692359924316 23.045000076293945 30.767719268798828
v 15.045920372009277 -2.4354641437530518 33.05280303955078
v -14.756648063659668 -0.606537401676178 34.612220764160156
v 15.40970230102539 -2.4161813259124756 34.574920654296875
v -15.409001350402832 -2.744663953781128 34.61603546142578
v 19.81688117980957 -11.44113540649414 13.248443603515625
v 7.298468589782715 -6.7192158699035645 13.791191101074219
v 7.1287078857421875 -6.397815704345703 13.772724151611328
v 6.049139022827148 -5.752966403961182 17.977428436279297
v -6.204769134521484 -6.063320159912109 18.03045654296875
v -14.029558181762695 0.22414769232273102 13.8212890625
v -8.394177436828613 0.9064490795135498 13.50823974609375
v -12.449413299560547 -13.408281326293945 13.291324615478516
v -12.648380279541016 -13.67394733428955 13.274425506591797
v 19.56682586669922 -8.048924446105957 38.11162567138672
v 19.604583740234375 -8.03618049621582 37.956478118896484
v -23.435909271240234 -7.081544399261475 31.167896270751953
v -25.280982971191406 -5.728400230407715 31.068984985351562
v -25.36543083190918 -5.48724365234375 31.10334014892578
v 19.695566177368164 -1.0783041715621948 38.63677215576172
v 19.43636131286621 -1.0745735168457031 38.83621597290039
v 7.114309787750244 -8.153948783874512 56.77516174316406
v 6.182375431060791 -8.541547775268555 56.72523498535156
v 5.822996616363525 -8.65869426727295 56.07406997680664
v 2.382070302963257 -11.814531326293945 53.036537170410156
v -0.07719643414020538 -13.895440101623535 50.278526306152344
v 12.89544677734375 -2.7504923343658447 58.108089447021484
v 12.772315979003906 -2.97978138923645 58.06927490234375
v 6.920432090759277 -10.062546730041504 56.95140075683594
v 6.666022300720215 -10.201098442077637 56.92581558227539
v 6.459470272064209 -10.321439743041992 56.906288146972656
v -3.171990156173706 -11.927984237670898 52.862911224365234
v -5.6170735359191895 -8.859166145324707 55.897010803222656
v -5.1054277420043945 -9.250596046447754 55.50594711303711
v -6.030185699462891 -8.566165924072266 56.1981201171875
v -13.31508731842041 -2.210517168045044 58.230525970458984
v -12.157476425170898 -3.6584277153015137 57.92668914794922
v -12.19998550415039 -3.842632532119751 57.920501708984375
v -12.238517761230469 -3.985624313354492 57.916595458984375
v 0.1723988950252533 3.983954668045044 57.586631774902344
v 10.039795875549316 1.986206293106079 58.06171417236328
v 6.256620407104492 -10.455007553100586 56.88808822631836
v -12.317122459411621 2.0275256633758545 58.55397415161133
v -9.646408081054688 3.258371353149414 58.21449661254883
v -9.528121948242188 3.227045774459839 58.18695068359375
v -2.6512081623077393 -11.187439918518066 56.68992233276367
v -17.687950134277344 -3.1658132076263428 90.69498443603516
v 17.03691864013672 -16.791433334350586 73.79169464111328
v 17.10704231262207 -16.78483009338379 73.47228240966797
v 15.238725662231445 -17.477622985839844 69.29403686523438
v 15.208549499511719 -17.499740600585938 69.23466491699219
v 15.268507957458496 -17.458555221557617 69.35316467285156
v -7.056394100189209 -0.8866552114486694 97.11849975585938
v -15.120919227600098 -17.738046646118164 68.94087219238281
v -15.73067569732666 -18.012042999267578 68.58900451660156
v -16.198740005493164 -16.778194427490234 72.2425537109375
v -17.265153884887695 -16.774385452270508 72.54904174804688
v -17.17441177368164 -16.771198272705078 73.17469024658203
v -16.044742584228516 -16.825164794921875 75.02002716064453
v 16.418359756469727 -17.612899780273438 68.88533782958984
v 16.70750617980957 -17.430343627929688 69.08563232421875
v 2.52729868888855 -11.682195663452148 53.179405212402344
v -16.022411346435547 -2.185516595840454 34.751991271972656
v -16.5048828125 -2.5332813262939453 33.99720764160156
v -16.02276039123535 -2.3388218879699707 34.80542755126953
v -16.023916244506836 -2.496018409729004 34.857826232910156
v -9.240100860595703 -12.582984924316406 24.130157470703125
v -8.845361709594727 -12.483301162719727 24.076324462890625
v -9.012282371520996 5.9841742515563965 33.764610290527344
v -8.64152717590332 6.160775184631348 33.72570037841797
v -7.9777703285217285 6.221441745758057 33.790313720703125
v -7.258552551269531 6.781008243560791 33.75050354003906
v -7.1512556076049805 6.506893157958984 33.88209533691406
v -1.4494411945343018 3.125576972961426 57.22029495239258
v -4.190361022949219 2.936777353286743 57.25448989868164
v -2.4687209129333496 -21.901071548461914 66.72686004638672
v -1.4747463464736938 -21.9779109954834 66.81062316894531
v -0.52569580078125 -22.703577041625977 66.50272369384766
v 0.009181388653814793 -22.794591903686523 66.521728515625
v -0.27695131301879883 -23.047203063964844 66.54450988769531
v 0.4493235945701599 -22.821557998657227 66.20685577392578
v 1.123445987701416 -22.764909744262695 66.07573699951172
v 3.231250762939453 -22.20687484741211 66.3674087524414
v 3.2337069511413574 -22.378076553344727 66.22644805908203
v 2.87325119972229 -22.126903533935547 66.46334075927734
v 2.5704643726348877 -22.827091217041016 66.50489044189453
v 5.783166408538818 -9.219873428344727 55.485328674316406
v 5.13450288772583 -9.171761512756348 55.58936309814453
v 5.023906230926514 -9.269675254821777 55.49311828613281
v 7.274320602416992 -8.58040714263916 55.940433502197266
v 7.371493339538574 -10.390138626098633 54.4487190246582
v 8.968615531921387 -8.635571479797363 55.34352111816406
v 8.048274040222168 6.129131317138672 31.721738815307617
v 7.5354838371276855 6.288873195648193 32.2935791015625
v 7.778844833374023 6.216099739074707 32.318397521972656
v 7.9984283447265625 -7.7114105224609375 56.626312255859375
v 10.080672264099121 -6.489826202392578 56.843902587890625
v 12.047605514526367 -8.055086135864258 45.88024139404297
v 12.137742042541504 -8.02914810180664 45.84709167480469
v 11.80599594116211 -8.037603378295898 46.052581787109375
v 12.680085182189941 -8.094648361206055 44.4776725769043
v 12.446237564086914 1.1600481271743774 47.65283203125
v 12.630345344543457 0.9041892290115356 46.700927734375
v 12.376982688903809 1.1326360702514648 47.74333190917969
v 12.754246711730957 -8.120826721191406 45.482147216796875
v 14.422616004943848 -7.617985248565674 42.47080993652344
v 14.780884742736816 -8.765192031860352 43.8220329284668
v 14.575247764587402 -4.242550373077393 35.404052734375
v 16.880002975463867 -6.779983043670654 24.842708587646484
v 16.774383544921875 -7.092641353607178 24.90093994140625
v 16.826810836791992 -6.942836284637451 24.871002197265625
v 16.71333122253418 -7.298281669616699 24.92348861694336
v 16.983335494995117 -7.562447547912598 26.151226043701172
v -18.572946548461914 -0.4513961374759674 38.24439239501953
v -15.962390899658203 -6.7847900390625 33.93135070800781
v -16.437599182128906 -9.681877136230469 45.4512825012207
v -13.440279960632324 -9.143599510192871 46.90017318725586
v -14.72189712524414 -8.326152801513672 42.92924499511719
v -14.578169822692871 -8.044646263122559 42.76335906982422
v -12.909208297729492 -7.965559482574463 45.045562744140625
v -2.57020902633667 -22.836814880371094 66.46477508544922
v 17.36176109313965 -3.6991126537323 26.65981674194336
v 17.03289794921875 -4.714827060699463 25.00041961669922
v 17.5407657623291 -5.472386837005615 27.208026885986328
v 12.903558731079102 1.8344123363494873 34.56581115722656
v 13.281816482543945 2.489240884780884 31.650869369506836
v 10.42250919342041 4.861175060272217 33.96249771118164
v 9.70319938659668 5.631352424621582 33.83850860595703
v 7.280269145965576 6.476966857910156 33.97283935546875
v 6.582797527313232 6.7163848876953125 34.196449279785156
v -3.1038074493408203 6.6856913566589355 35.13811492919922
v -3.923102378845215 6.699709415435791 35.03974151611328
v -3.4828040599823 7.013604640960693 34.902557373046875
v -4.868783950805664 6.959781646728516 34.587928771972656
v -2.9865992069244385 6.516241073608398 34.640838623046875
v -6.284513473510742 6.4963555335998535 33.6353759765625
v -7.548230171203613 6.264751434326172 33.383544921875
v -12.090957641601562 3.1224379539489746 34.060218811035156
v -13.452771186828613 0.953135073184967 34.371612548828125
v -13.78156566619873 0.3031231164932251 34.69659423828125
v -13.69502067565918 1.0863311290740967 34.70825958251953
v -14.743579864501953 -0.728898286819458 34.67124938964844
v -15.422959327697754 -2.414454936981201 34.5359992980957
v -15.409001350402832 -2.744663953781128 34.61603546142578
v -15.357171058654785 -3.309363842010498 34.75777053833008
v -15.224923133850098 -6.188032627105713 34.860103607177734
v -15.894755363464355 -8.601741790771484 33.64822769165039
v -14.951704025268555 -10.863384246826172 33.53356170654297
v -14.243607521057129 -11.677287101745605 33.14082336425781
v -13.825511932373047 -12.432798385620117 33.14324951171875
v -12.553114891052246 -13.656420707702637 32.5671272277832
v -12.80795955657959 -13.54716682434082 32.80634307861328
v -12.677380561828613 -13.611352920532227 33.108985900878906
v -14.23629093170166 -11.869532585144043 33.485748291015625
v -11.457561492919922 -14.630910873413086 32.321895599365234
v -11.118947982788086 -14.768086433410645 32.97679901123047
v -11.33890151977539 -12.826148986816406 36.758827209472656
v -11.556943893432617 -12.568381309509277 36.832332611083984
v -10.85656452178955 -13.385031700134277 36.55961608886719
v -15.412055969238281 -8.981730461120605 34.732322692871094
v -15.898612022399902 -8.821290969848633 33.94044494628906
v -15.304176330566406 -9.907023429870605 34.127967834472656
v -16.573747634887695 -2.940554618835449 33.8485221862793
v -13.871355056762695 2.3091156482696533 33.84246826171875
v -13.660308837890625 2.5131771564483643 33.89392852783203
v -13.565984725952148 2.584108352661133 33.928565979003906
v -13.766956329345703 2.4090309143066406 33.868595123291016
v -16.00337028503418 -1.9866639375686646 34.706520080566406
v 15.764331817626953 -9.59064769744873 25.204387664794922
v 15.886898040771484 -9.636322975158691 25.676166534423828
v 17.141603469848633 -4.99571418762207 24.701526641845703
v 17.07314109802246 -4.175995826721191 24.75152587890625
v 17.095569610595703 -4.382675647735596 24.738365173339844
v 17.0522403717041 -3.858288288116455 24.747474670410156
v 16.642765045166016 -1.7971084117889404 24.74209976196289
v 16.380634307861328 -1.2256057262420654 25.133014678955078
v 17.138051986694336 -2.1129257678985596 27.341785430908203
v 16.135711669921875 -0.15246163308620453 26.556304931640625
v 16.41728973388672 -0.5455294847488403 27.23987579345703
v 16.482051849365234 -0.6579979658126831 27.474205017089844
v 17.386510848999023 -3.0349063873291016 27.732563018798828
v 17.341657638549805 -2.8568766117095947 27.839630126953125
v 17.430452346801758 -3.2533605098724365 27.67089080810547
v 17.46725082397461 -3.470395803451538 27.61297607421875
v 17.23004150390625 -2.497981309890747 28.053741455078125
v 17.291210174560547 -2.6780543327331543 27.944103240966797
v 17.496440887451172 -3.685528039932251 27.551910400390625
v 17.519994735717773 -3.899019479751587 27.494770050048828
v 15.785734176635742 -0.05462159216403961 29.414226531982422
v 16.062267303466797 -0.3779319226741791 29.13573455810547
v 14.07910442352295 1.265203833580017 31.99176025390625
v 7.576518535614014 6.221503734588623 33.32889175415039
v 6.61183500289917 6.437763690948486 33.61553192138672
v 8.676287651062012 5.875212669372559 33.75538635253906
v 4.231061935424805 6.671717166900635 35.04469299316406
v 3.090242385864258 6.864686965942383 35.13697052001953
v 4.810219764709473 6.949221134185791 34.647701263427734
v 3.439946174621582 6.679197311401367 35.215396881103516
v 3.273904323577881 6.7641401290893555 35.16329574584961
v 3.4952759742736816 6.788378715515137 35.133148193359375
v 3.003497838973999 6.747670650482178 35.178123474121094
v 2.2752020359039307 6.681284427642822 35.14402770996094
v 2.076421022415161 6.651887893676758 35.114768981933594
v 1.644829511642456 6.599268436431885 35.03546142578125
v 1.8348488807678223 6.6289753913879395 35.076377868652344
v 1.33404541015625 6.41956090927124 34.74341583251953
v 0.9311851859092712 6.478540420532227 34.868438720703125
v 1.102890133857727 6.508560657501221 34.906654357910156
v -0.7051304578781128 6.390220642089844 34.72357940673828
v -1.9624454975128174 6.648533821105957 35.027557373046875
v -1.7661504745483398 6.615511894226074 34.99981689453125
v -1.5266624689102173 6.589873790740967 34.96657943725586
v -11.940592765808105 3.29982590675354 33.984622955322266
v -12.561210632324219 2.7510745525360107 33.208885192871094
v -15.305061340332031 -3.595642328262329 34.84449005126953
v -13.557042121887207 -12.040764808654785 33.2066650390625
v -13.905035018920898 -11.501042366027832 33.37275695800781
v -9.930463790893555 -14.885900497436523 32.461891174316406
v -10.568838119506836 -15.187150001525879 32.09958267211914
v -8.083985328674316 -16.186779022216797 31.664592742919922
v -8.245875358581543 -15.688440322875977 32.164649963378906
v 2.0604026317596436 -17.023174285888672 31.64616584777832
v 3.8041324615478516 -15.367635726928711 35.3173828125
v 8.126662254333496 -13.85661506652832 34.841285705566406
v 10.38836669921875 -12.643045425415039 34.3506965637207
v 10.997440338134766 -12.61721420288086 32.50093078613281
v 11.131349563598633 -12.533333778381348 32.570213317871094
v 10.76669979095459 -12.757566452026367 32.341033935546875
v 10.90425968170166 -12.680112838745117 32.412906646728516
v 16.25775718688965 -0.8524702191352844 24.754283905029297
v 15.848128318786621 0.10758000612258911 25.828510284423828
v 16.237998962402344 -0.27744370698928833 26.800796508789062
v 15.347452163696289 0.4537687599658966 29.801794052124023
v 15.49675178527832 0.27067798376083374 29.690711975097656
v 14.450496673583984 1.3861974477767944 30.636213302612305
v 14.598105430603027 1.2455518245697021 30.486671447753906
v 14.305825233459473 1.5254712104797363 30.77915382385254
v 13.45854663848877 2.3182730674743652 31.543346405029297
v 5.86762809753418 6.214432239532471 30.160303115844727
v 4.832943916320801 6.412325859069824 30.63539695739746
v 6.1195244789123535 6.225709438323975 30.270938873291016
v 5.346946716308594 6.183144569396973 29.9940128326416
v 5.614489555358887 6.191499710083008 30.046751022338867
v 4.839845180511475 6.118776321411133 29.82176971435547
v 5.099794864654541 6.142978191375732 29.87775993347168
v 4.476724624633789 6.656035900115967 32.30492401123047
v 5.6959686279296875 6.56149959564209 31.521228790283203
v 4.984445571899414 6.654118061065674 32.31145477294922
v 5.273741722106934 6.641961574554443 32.29676055908203
v 4.704885482788086 6.657841205596924 32.324501037597656
v 6.372549533843994 6.539340972900391 32.28892517089844
v 6.6779093742370605 6.490730285644531 32.27654266357422
v 6.119585990905762 6.5719709396362305 32.27674102783203
v 7.2344279289245605 6.369393348693848 32.291690826416016
v 6.984184741973877 6.427485466003418 32.27119827270508
v 7.619684219360352 6.151179313659668 31.090282440185547
v 8.489043235778809 5.941139221191406 32.41169738769531
v 8.255091667175293 6.04217529296875 32.37848663330078
v 9.014532089233398 5.681687355041504 32.540557861328125
v 9.014532089233398 5.681687831878662 32.540557861328125
v 8.840193748474121 5.774377346038818 32.49892807006836
v 8.665445327758789 5.857769966125488 32.458587646484375
v 8.018622398376465 6.129445552825928 32.350711822509766
v 0.32368940114974976 6.158616542816162 32.91126251220703
v -1.5543233156204224 6.3607635498046875 33.72904968261719
v 1.0658560991287231 6.271364688873291 33.28507614135742
v -1.9663201570510864 6.424609661102295 34.0929069519043
v -5.489150524139404 6.656066417694092 32.442527770996094
v -7.392613410949707 6.1453962326049805 30.73334312438965
v -9.135807037353516 5.636903762817383 31.218992233276367
v -14.576233863830566 -6.405740737915039 35.02593994140625
v -14.798437118530273 -6.546479225158691 35.08277893066406
v -4.969492435455322 -16.008403778076172 33.23131561279297
v -3.076383590698242 -16.907169342041016 31.731868743896484
v -3.205636978149414 -16.914031982421875 31.688745498657227
v -2.3451483249664307 -16.890209197998047 31.908916473388672
v -2.8936352729797363 -16.89816665649414 31.78740882873535
v 5.426383018493652 -15.043842315673828 35.075172424316406
v 8.258330345153809 -14.405014991760254 34.19378662109375
v 8.284672737121582 -14.65760326385498 33.756343841552734
v 10.628061294555664 -12.835058212280273 32.26506805419922
v 8.783024787902832 -13.402819633483887 33.014625549316406
v 9.608875274658203 -13.339056015014648 31.289634704589844
v 8.924205780029297 -13.351964950561523 33.08648681640625
v 10.487397193908691 -12.9061279296875 32.19086456298828
v 10.34548568725586 -12.977261543273926 32.112239837646484
v 9.00097942352295 -13.531628608703613 30.794326782226562
v 8.250513076782227 -13.669806480407715 30.332378387451172
v 8.827641487121582 -13.573196411132812 30.667396545410156
v 8.472620964050293 -13.6397066116333 30.416030883789062
v 8.654343605041504 -13.608153343200684 30.546550750732422
v 5.386078357696533 -13.204087257385254 27.44220733642578
v 4.818641662597656 -13.543838500976562 29.543630599975586
v 4.347576141357422 -12.018580436706543 25.653236389160156
v 3.2676377296447754 -12.114945411682129 27.30701446533203
v 2.3085100650787354 -10.440802574157715 26.030902862548828
v 2.616114616394043 -9.779996871948242 24.831695556640625
v 4.679907321929932 -10.317627906799316 23.60509490966797
v 5.579324722290039 -11.075353622436523 23.718868255615234
v 2.8731679916381836 -8.509178161621094 23.632591247558594
v 6.839893817901611 -11.889266014099121 24.09427261352539
v 6.0806145668029785 -12.595497131347656 25.53089141845703
v 5.828405857086182 -12.506823539733887 25.505573272705078
v 7.962815284729004 -12.680617332458496 24.95093536376953
v 8.748976707458496 -12.768107414245605 24.901607513427734
v 9.142173767089844 -12.597902297973633 24.334457397460938
v 5.35952091217041 -10.859370231628418 23.27741241455078
v 5.649725437164307 -11.110143661499023 23.346633911132812
v 7.962815284729004 -12.680617332458496 24.95093536376953
v 2.7260375022888184 5.589540481567383 29.263381958007812
v 3.738555669784546 6.126674652099609 29.969154357910156
v 4.348459243774414 6.020805358886719 29.643157958984375
v 4.116474628448486 5.945198059082031 29.521610260009766
v 1.874346137046814 5.958799362182617 30.543489456176758
v 2.9667794704437256 6.407644748687744 31.1838436126709
v -3.5538506507873535 6.60683536529541 32.39813232421875
v -1.8829351663589478 6.120650291442871 30.994356155395508
v -4.380858898162842 6.380351543426514 30.520870208740234
v -5.393507480621338 6.254121780395508 30.18201446533203
v -6.416261196136475 6.4054718017578125 31.004146575927734
v -5.15078067779541 6.223303318023682 30.079011917114258
v -4.791147232055664 6.650140285491943 32.32257843017578
v -4.353951454162598 6.6486992835998535 32.35108184814453
v -5.93734884262085 6.271908283233643 30.334583282470703
v -6.192047119140625 6.276921272277832 30.43471908569336
v -7.076948165893555 6.198080062866211 30.66482925415039
v -9.665916442871094 5.3834228515625 31.381542205810547
v -17.214738845825195 -3.2777514457702637 28.999866485595703
v -14.769591331481934 -4.185816764831543 34.28099060058594
v -14.456717491149902 -1.8339899778366089 34.17827224731445
v -14.454793930053711 -1.691707730293274 34.09321594238281
v -14.474884033203125 -2.716627597808838 34.58884811401367
v -14.470940589904785 -2.368804931640625 34.42743682861328
v -14.454830169677734 -1.9780004024505615 34.26392364501953
v -14.480195999145508 -3.2304673194885254 34.81101608276367
v -14.480072021484375 -3.0742266178131104 34.73847198486328
v -14.474312782287598 -3.336045980453491 34.88686752319336
v -14.472384452819824 -2.868420362472534 34.66832733154297
v -14.607352256774902 -6.029526233673096 34.66815185546875
v -14.133461952209473 -8.874883651733398 34.198848724365234
v -9.127690315246582 -14.78762149810791 33.091835021972656
v -7.8487982749938965 -14.021590232849121 34.90024948120117
v -1.326183795928955 -16.568180084228516 32.82413101196289
v -1.5329147577285767 -16.61638832092285 32.68376159667969
v 1.5499051809310913 -15.999261856079102 34.369937896728516
v -0.7355335354804993 -15.99720573425293 34.55927276611328
v 1.8597725629806519 -15.921455383300781 34.54756546020508
v 8.924205780029297 -13.351964950561523 33.08648681640625
v 6.957043170928955 -13.947598457336426 34.38282775878906
v 2.4681830406188965 -14.876395225524902 32.161556243896484
v 5.364585876464844 -13.993074417114258 30.901836395263672
v 2.8288702964782715 -11.926692008972168 27.243816375732422
v 1.8757240772247314 -9.056985855102539 25.297321319580078
v 1.6092307567596436 -7.80551290512085 24.937416076660156
v 2.0476324558258057 -7.8372979164123535 24.19731903076172
v 2.625540256500244 -6.997659206390381 23.168598175048828
v 2.6955418586730957 0.2464236170053482 24.12679672241211
v 3.629138946533203 1.4376599788665771 24.23520278930664
v 2.260012626647949 1.398862600326538 25.71019744873047
v 3.4505136013031006 2.4516348838806152 25.566360473632812
v 3.4409523010253906 2.302852153778076 25.409194946289062
v 3.4036471843719482 2.7126076221466064 25.885093688964844
v 3.403620719909668 2.5614497661590576 25.724651336669922
v 1.6054619550704956 -0.2438822090625763 25.343353271484375
v 1.4282337427139282 0.154268279671669 25.797134399414062
v 0.21920034289360046 3.6993191242218018 28.381113052368164
v 0.36684364080429077 4.504261016845703 29.121593475341797
v -0.07660333067178726 5.272565841674805 30.22742462158203
v 1.7778505086898804 5.050939559936523 28.962772369384766
v -0.3862159848213196 4.254853248596191 28.824298858642578
v 0.027348168194293976 5.890110492706299 31.714088439941406
v -3.011035919189453 4.926494121551514 28.2797794342041
v -2.2923660278320312 5.713296413421631 29.703645706176758
v -0.4875698685646057 2.8072991371154785 27.64769744873047
v -3.2028884887695312 2.616009473800659 25.940876007080078
v -1.4909733533859253 0.9017629623413086 26.100589752197266
v -2.129225730895996 1.0362976789474487 25.553340911865234
v -1.5996168851852417 0.41321489214897156 25.738117218017578
v -1.633057713508606 0.0784173458814621 25.49793243408203
v -1.5758886337280273 0.5810492038726807 25.85953140258789
v -1.5466068983078003 0.7495725154876709 25.977283477783203
v -3.5178468227386475 1.3651530742645264 24.25271224975586
v -2.678169012069702 0.2081979513168335 24.112808227539062
v -3.515737771987915 1.2520205974578857 24.13637924194336
v -15.763981819152832 -0.7990097403526306 30.416242599487305
v -9.814931869506836 -12.878666877746582 34.37684631347656
v -7.131129264831543 -13.939812660217285 34.91630935668945
v -11.182046890258789 -12.759767532348633 34.37065124511719
v -7.8487982749938965 -14.021590232849121 34.90024948120117
v -0.39436328411102295 -15.959869384765625 34.67498016357422
v -0.5833030939102173 -15.979512214660645 34.617393493652344
v 1.828852891921997 -14.867064476013184 31.715484619140625
v 1.9504435062408447 -14.821834564208984 31.564653396606445
v 1.2381348609924316 -11.976715087890625 26.852252960205078
v 0.4581003785133362 -11.065486907958984 26.259998321533203
v 1.7564865350723267 -9.864100456237793 25.880451202392578
v 1.500808835029602 -8.895467758178711 25.565128326416016
v 1.292900800704956 -8.608450889587402 25.56317138671875
v 1.3984901905059814 -8.751642227172852 25.56755828857422
v 1.6584811210632324 -8.398717880249023 25.217796325683594
v 2.2049081325531006 -1.184029221534729 23.83761978149414
v -0.3205581605434418 1.4776793718338013 26.988452911376953
v -2.6483137607574463 -1.1681395769119263 23.347213745117188
v -16.3995418548584 -1.1523113250732422 29.247589111328125
v -11.679198265075684 -12.1782808303833 32.65422058105469
v -11.053834915161133 -12.34321117401123 34.419532775878906
v -0.26936089992523193 -15.109541893005371 32.653099060058594
v 1.0249751806259155 -15.154029846191406 33.97454071044922
v -0.7095692753791809 -15.061734199523926 32.378265380859375
v -0.5336231589317322 -15.07898998260498 32.458946228027344
v -0.6206351518630981 -10.648447036743164 26.111236572265625
v -1.4373036623001099 -8.566919326782227 25.53836441040039
v -17.358224868774414 -2.909130573272705 27.933837890625
v -17.499855041503906 -4.446987628936768 27.296035766601562
v -17.506393432617188 -4.896781921386719 27.220813751220703
v -17.45243263244629 -3.73158860206604 27.452552795410156
v -17.502351760864258 -5.858030319213867 28.149120330810547
v -17.476289749145508 -5.733214855194092 28.401691436767578
v -17.140226364135742 -5.276442527770996 29.54033088684082
v -17.546297073364258 -4.536557197570801 28.387348175048828
v -16.800283432006836 -7.640577793121338 29.340248107910156
v -15.507352828979492 -7.675822734832764 31.822364807128906
v -15.61490249633789 -7.484976291656494 31.712900161743164
v -15.278423309326172 -8.04405403137207 32.025543212890625
v -15.395143508911133 -7.8621602058410645 31.926713943481445
v -16.298612594604492 -9.092022895812988 28.944046020507812
v -13.572803497314453 -10.537346839904785 32.7081184387207
v -11.204353332519531 -12.517459869384766 32.35271453857422
v -11.325987815856934 -12.434663772583008 32.430320739746094
v -11.44703483581543 -12.352314949035645 32.504966735839844
v -11.56342601776123 -12.265046119689941 32.580810546875
v -10.572351455688477 -12.908978462219238 31.8344669342041
v -10.6904296875 -12.84949016571045 31.911880493164062
v -10.805155754089355 -12.78515911102295 31.989925384521484
v -11.102287292480469 -12.5958833694458 32.249053955078125
v -8.77996826171875 -13.379240036010742 33.1189079284668
v -3.561682939529419 -14.745182037353516 32.58966827392578
v -1.3937461376190186 -12.403753280639648 27.202247619628906
v -2.0344221591949463 -10.564115524291992 26.273365020751953
v 0.979244589805603 -8.160392761230469 25.542678833007812
v -0.9003872871398926 -7.805065155029297 25.498050689697266
v -0.48925602436065674 -7.648698806762695 25.511005401611328
v -1.6208035945892334 -8.313118934631348 25.245704650878906
v -1.6459541320800781 -8.550753593444824 25.348712921142578
v -1.609117865562439 -8.142993927001953 25.160655975341797
v -1.61763334274292 -8.02644157409668 25.077247619628906
v -1.614664077758789 -7.736080169677734 24.91219711303711
v -1.6219522953033447 -7.6185503005981445 24.828174591064453
v -2.9483227729797363 -9.829256057739258 24.49533462524414
v -2.6123530864715576 -8.63683032989502 23.974273681640625
v -2.0552608966827393 -6.237287521362305 23.558521270751953
v -2.7075977325439453 -7.232620716094971 23.18866729736328
v -16.66891860961914 -8.843912124633789 27.364643096923828
v -16.576494216918945 -8.999815940856934 27.156200408935547
v -16.55110740661621 -9.126093864440918 27.590755462646484
v -16.72683334350586 -8.726428031921387 27.553192138671875
v -16.928035736083984 -8.097907066345215 28.292325973510742
v -16.881179809570312 -8.313820838928223 28.003673553466797
v -12.410232543945312 -12.02842903137207 31.5176944732666
v -11.826127052307129 -12.999410629272461 26.323036193847656
v -10.031167030334473 -13.370220184326172 26.233741760253906
v -10.072794914245605 -13.520177841186523 27.449962615966797
v -8.53998851776123 -13.422688484191895 26.36709976196289
v -9.177950859069824 -13.611004829406738 28.444377899169922
v -5.878283977508545 -12.903995513916016 26.164695739746094
v -4.0413408279418945 -12.188573837280273 26.205211639404297
v -3.818279504776001 -12.832612991333008 28.30388069152832
v -4.713242053985596 -12.862072944641113 26.971210479736328
v -3.2174932956695557 -10.960965156555176 25.336193084716797
v -3.0224826335906982 -11.689382553100586 26.972183227539062
v -3.585209369659424 -10.505812644958496 24.522048950195312
v -1.7405281066894531 -9.255653381347656 25.652862548828125
v -2.7396938800811768 -11.729799270629883 27.112239837646484
v -2.9923207759857178 -12.93662166595459 28.248947143554688
v -3.279144048690796 -13.039321899414062 28.472808837890625
v -2.1450448036193848 -12.60409164428711 27.582561492919922
v -2.8507778644561768 -12.882351875305176 28.133075714111328
v -2.4289629459381104 -12.70180606842041 27.777957916259766
v -16.152677536010742 -9.694267272949219 26.79970932006836
v -15.447986602783203 -10.475042343139648 26.196109771728516
v -15.948563575744629 -9.62013053894043 25.84772491455078
v -15.609847068786621 -10.386556625366211 28.1745662689209
v -14.12984561920166 -11.756872177124023 26.270191192626953
v -14.621749877929688 -11.474082946777344 27.64600372314453
v -14.170675277709961 -11.717306137084961 28.476469039916992
v -12.993221282958984 -12.570899963378906 27.821697235107422
v -11.855681419372559 -12.497753143310547 24.616859436035156
v -4.3996806144714355 6.0999755859375 29.806678771972656
v -4.626885890960693 6.153834819793701 29.910799026489258
v 5.4394145011901855 -12.415983200073242 25.565013885498047
v 9.30421257019043 5.522531509399414 32.62251663208008
v 9.419868469238281 5.456218242645264 32.664703369140625
v 9.187369346618652 5.589547634124756 32.577117919921875
v 9.551349639892578 -13.952253341674805 33.98186492919922
v 11.278392791748047 -14.069676399230957 32.60246658325195
v 9.85689926147461 -13.984480857849121 33.714500427246094
v -13.268439292907715 -10.158001899719238 36.96315002441406
v -13.824033737182617 -8.591462135314941 37.3230094909668
v -12.97121524810791 1.1961219310760498 36.91594696044922
v -13.082201957702637 0.16616474092006683 37.701622009277344
v -13.101691246032715 1.0519816875457764 36.87223815917969
v 14.806501388549805 -4.019017696380615 36.95216369628906
v 14.820042610168457 -3.8261234760284424 36.911170959472656
v 14.844841003417969 -3.677271604537964 36.855796813964844
v -14.220942497253418 -6.620345115661621 38.135475158691406
v 11.098417282104492 0.42218613624572754 47.346614837646484
v 11.088444709777832 0.34142398834228516 47.110939025878906
v 11.147697448730469 0.7585720419883728 48.16045379638672
v 11.130645751953125 0.70281982421875 48.017765045166016
v 12.98663330078125 -0.9895017147064209 43.943214416503906
v 11.955633163452148 -0.6860585808753967 45.682064056396484
v 13.63330364227295 -7.349997520446777 43.321083068847656
v 14.554184913635254 -7.935245513916016 42.59037780761719
v 14.633133888244629 -8.111767768859863 42.68940734863281
v 21.112232208251953 1.003483533859253 39.40959167480469
v 18.439950942993164 -1.2808996438980103 38.03484344482422
v 19.07728385925293 -0.3272436857223511 38.284828186035156
v 18.313831329345703 -1.7955949306488037 38.830162048339844
v 17.91849136352539 -2.9002931118011475 38.74958801269531
v 18.613975524902344 -1.5594613552093506 38.937255859375
v 18.358036041259766 -2.58181095123291 38.73328399658203
v 18.076618194580078 -3.2561984062194824 38.71055603027344
v 17.827354431152344 -6.052295207977295 38.76978302001953
v 18.821439743041992 -4.172258377075195 37.96202087402344
v 18.285913467407227 -5.591471195220947 38.55039596557617
v 18.06365966796875 -7.282772541046143 38.93486022949219
v 17.70524024963379 -5.801875591278076 38.4930419921875
v 17.62785530090332 -4.466456890106201 38.451194763183594
v 18.01559829711914 -6.059596061706543 38.82535171508789
v 17.93777847290039 -2.796875476837158 37.89497375488281
v 18.227985382080078 -0.7869897484779358 38.153961181640625
v 19.824138641357422 0.5287021994590759 38.70343780517578
v 11.585437774658203 -8.12381649017334 48.188175201416016
v 12.309127807617188 -7.940151691436768 46.00057601928711
v 11.218669891357422 -8.614330291748047 49.320804595947266
v 11.391366004943848 -8.13807487487793 46.917049407958984
v 11.881136894226074 -7.886704921722412 46.39970397949219
v 11.283143043518066 -8.386488914489746 46.76484680175781
v 11.289101600646973 -8.434795379638672 46.59811782836914
v -13.333868980407715 -1.326084852218628 43.12091827392578
v -13.097342491149902 -1.466946005821228 42.87966537475586
v -13.17296028137207 -1.5615209341049194 42.76580047607422
v -22.941116333007812 -9.410961151123047 41.62489700317383
v -22.18865203857422 -9.653865814208984 40.886077880859375
v -22.686586380004883 -9.189996719360352 41.300872802734375
v -22.78241539001465 -9.158844947814941 41.35692596435547
v -22.605602264404297 -9.219120979309082 41.23788070678711
v -20.525680541992188 -9.469128608703613 39.33677673339844
v -21.332096099853516 -9.90246868133545 40.53697204589844
v -19.257904052734375 -9.211106300354004 39.1733512878418
v -19.767545700073242 -9.608752250671387 39.557743072509766
v -13.416329383850098 0.5626615881919861 45.012245178222656
v -12.74730396270752 -0.8410205245018005 44.353065490722656
v -11.799029350280762 -0.533558189868927 46.1457633972168
v -12.89852523803711 -1.2478375434875488 43.194583892822266
v 13.610018730163574 0.979258120059967 45.35930252075195
v 18.926551818847656 -9.38032054901123 39.248634338378906
v 17.78040313720703 -6.622720718383789 37.75949478149414
v 17.594606399536133 -3.4179210662841797 37.56171417236328
v 17.750194549560547 -4.134825229644775 37.79047393798828
v 17.2351131439209 -5.619606971740723 37.732574462890625
v 17.29555320739746 -3.7340056896209717 37.571685791015625
v 17.59431266784668 -2.6532771587371826 37.622642517089844
v 18.03982925415039 -1.7155263423919678 37.7963752746582
v 17.74298858642578 -1.6106207370758057 37.951416015625
v 12.02639389038086 -8.736846923828125 49.20384216308594
v -18.42034149169922 -1.623155117034912 38.82537841796875
v -18.002145767211914 -4.276273250579834 38.66438293457031
v -18.072744369506836 -4.061468124389648 38.65224075317383
v -18.574655532836914 -9.049795150756836 39.05994415283203
v -15.115729331970215 1.577470064163208 44.994178771972656
v -15.2982816696167 1.6305102109909058 44.96172332763672
v -13.880215644836426 1.4056141376495361 45.89469909667969
v -11.852021217346191 0.9525353908538818 48.528648376464844
v -12.097009658813477 0.9929232597351074 48.08590316772461
v 9.564594268798828 1.4101872444152832 56.13051986694336
v 9.365155220031738 1.5779637098312378 56.05896759033203
v 9.753365516662598 1.2368866205215454 56.201412200927734
v 13.610881805419922 1.3934820890426636 46.208900451660156
v 13.33950138092041 0.5159323811531067 45.028106689453125
v 15.870783805847168 -4.964108467102051 39.099098205566406
v 15.950639724731445 -5.111443042755127 39.04008483886719
v 18.111352920532227 -8.100275993347168 38.388092041015625
v 16.79561424255371 -1.4868602752685547 38.62005615234375
v 16.55879020690918 -1.8074650764465332 38.683021545410156
v 16.34298324584961 -2.1417014598846436 38.78669357299805
v 16.2729434967041 -2.255110263824463 38.828834533691406
v -12.475386619567871 -7.97033166885376 45.15332794189453
v -13.408175468444824 -7.242055416107178 43.42425537109375
v -14.504165649414062 -7.872096538543701 42.66251754760742
v -22.982486724853516 1.3036707639694214 41.694862365722656
v -19.36136817932129 -0.44399797916412354 39.11406326293945
v -20.18948745727539 0.6069241762161255 38.83469772338867
v -18.73832130432129 -1.0645779371261597 38.739410400390625
v -18.373483657836914 -1.6612898111343384 38.05139923095703
v -17.871370315551758 -2.9019253253936768 38.46168518066406
v -17.466564178466797 -8.283757209777832 39.02198028564453
v -17.738502502441406 -2.3947861194610596 37.66731262207031
v -17.690975189208984 -3.2458667755126953 37.55912780761719
v -18.640153884887695 -0.85151207447052 38.05442810058594
v -20.322641372680664 0.9017003774642944 38.980010986328125
v -22.17227554321289 1.2686954736709595 40.09574890136719
v -20.382572174072266 0.45046424865722656 39.43722915649414
v -22.495485305786133 0.6381669640541077 40.84714126586914
v -23.172340393066406 1.1428922414779663 41.083805084228516
v -21.408998489379883 1.2156305313110352 39.567134857177734
v -18.84083366394043 0.7021820545196533 39.29540252685547
v -18.453758239746094 0.3858335316181183 39.10834503173828
v -22.352848052978516 1.4171892404556274 40.380035400390625
v -16.56814956665039 -5.347601413726807 38.46713638305664
v -16.42213249206543 -9.18127155303955 48.62260437011719
v -16.266918182373047 -8.96104907989502 49.18145751953125
v -16.347414016723633 -9.072280883789062 48.89900588989258
v -13.098922729492188 -9.251614570617676 48.248619079589844
v -12.667460441589355 -9.179142951965332 50.61821746826172
v -13.144536018371582 -9.166707038879395 50.82829284667969
v -7.409474849700928 2.8110058307647705 55.51115417480469
v -7.655011177062988 2.692760705947876 55.604190826416016
v 6.0633134841918945 3.2020981311798096 56.23779296875
v 7.022853851318359 2.9775967597961426 56.16199493408203
v 5.723469257354736 3.405135154724121 55.14533233642578
v 6.012973785400391 3.3166732788085938 55.2399787902832
v 6.580697059631348 3.1203672885894775 55.436580657958984
v 6.296257495880127 3.2229557037353516 55.34905242919922
v 8.981483459472656 1.5209709405899048 57.52356719970703
v -11.763813018798828 -8.582712173461914 45.82068634033203
v -11.550670623779297 -8.264037132263184 46.26194763183594
v -11.786702156066895 -7.954777717590332 46.32238006591797
v -11.565876960754395 -8.078044891357422 47.979427337646484
v -12.651432991027832 -9.099726676940918 48.42611312866211
v -11.470417976379395 -8.532217979431152 50.631004333496094
v -11.715768814086914 -8.632411003112793 51.826358795166016
v -12.552589416503906 -8.964686393737793 51.77538299560547
v -11.367730140686035 -8.617873191833496 52.477272033691406
v -11.566389083862305 -8.36160659790039 53.561363220214844
v -13.68270206451416 -8.854348182678223 51.260284423828125
v -12.87352466583252 -5.774233341217041 55.490562438964844
v -12.822100639343262 -5.94546365737915 55.40427780151367
v -8.419767379760742 2.1713695526123047 56.6803092956543
v -9.303937911987305 1.521690845489502 56.30895233154297
v -7.895012378692627 2.5667343139648438 55.695560455322266
v -8.129048347473145 2.433338165283203 55.78536605834961
v 6.440492153167725 2.482922315597534 57.25472640991211
v 10.461775779724121 -0.06923292577266693 57.34712600708008
v 11.843340873718262 -4.446197509765625 56.87639236450195
v 11.92388916015625 -4.395691871643066 56.83694839477539
v 10.779253959655762 -5.851378440856934 56.82658767700195
v 11.406311988830566 -5.100164890289307 56.87306594848633
v 12.227002143859863 -4.198895454406738 56.702030181884766
v 12.11773681640625 -4.258360385894775 56.75458908081055
v 13.057571411132812 -4.365542411804199 56.08197784423828
v 13.110944747924805 -4.922110557556152 55.81574630737305
v 13.13047981262207 -4.7534403800964355 55.88099670410156
v 13.126514434814453 -4.614110469818115 55.94060134887695
v 5.188076019287109 -11.534748077392578 53.82933807373047
v 2.9238944053649902 -15.468727111816406 48.562191009521484
v 3.7272040843963623 -15.522052764892578 46.60679244995117
v 1.904121994972229 -15.920455932617188 46.44784927368164
v -9.979498863220215 -10.784965515136719 46.88223648071289
v -10.879035949707031 -9.410188674926758 46.61004638671875
v -10.780574798583984 -10.211530685424805 46.0839729309082
v -11.293588638305664 -8.262919425964355 47.532501220703125
v -11.089860916137695 -8.868696212768555 51.19658660888672
v -10.889178276062012 -8.48592758178711 54.1423225402832
v -8.26537799835205 1.981827974319458 57.19043731689453
v -7.231163024902344 2.2957653999328613 57.35939025878906
v -6.896069526672363 2.9556210041046143 56.4141845703125
v 9.09015941619873 1.6350232362747192 57.72346878051758
v 6.3859028816223145 -8.526734352111816 56.776641845703125
v 6.182375431060791 -8.541547775268555 56.72523498535156
v -1.072831630706787 -14.074769973754883 50.50105667114258
v -0.32606562972068787 -14.228873252868652 50.05659103393555
v 1.7438288927078247 -15.828339576721191 47.3404655456543
v 1.8851107358932495 -15.80087947845459 47.430389404296875
v 2.0243418216705322 -15.77340030670166 47.52189254760742
v 2.275613307952881 -15.701765060424805 47.83660888671875
v 2.3532586097717285 -15.67574691772461 47.946632385253906
v 1.3426815271377563 -15.881754875183105 47.180484771728516
v 1.6000373363494873 -15.85186767578125 47.25471496582031
v -5.602980613708496 -14.812737464904785 46.47644805908203
v -7.119663715362549 -13.747776985168457 46.7579345703125
v -6.589086532592773 -14.242595672607422 46.455833435058594
v -6.283491134643555 -14.425909042358398 46.47034454345703
v -5.977898120880127 -14.609238624572754 46.47064208984375
v -8.468012809753418 -12.583250999450684 46.76662826538086
v -7.10906982421875 -8.312528610229492 56.1815299987793
v -5.886562824249268 2.683544158935547 57.48161315917969
v -5.6170735359191895 -8.859166145324707 55.897010803222656
v -5.3040618896484375 -9.091017723083496 55.6690673828125
v -4.697469234466553 -11.36582088470459 53.87173843383789
v -6.229515552520752 -9.174520492553711 55.543819427490234
v -5.605762481689453 -10.812256813049316 54.403900146484375
v -7.493597030639648 -11.68242359161377 52.807594299316406
v -4.894516944885254 -14.225855827331543 50.4867057800293
v -4.281427383422852 -13.594010353088379 51.788551330566406
v -2.968170404434204 -14.62243938446045 50.63633728027344
v -1.3665797710418701 -15.940994262695312 46.44419860839844
v -8.616984367370605 -11.72274398803711 51.119911193847656
v -7.324995994567871 -13.298256874084473 49.05964279174805
v -11.132272720336914 -8.612003326416016 53.41608810424805
v -7.4833221435546875 -12.442780494689941 51.45191955566406
v -1.8506910800933838 -15.50601577758789 49.0700798034668
v -2.353209972381592 -14.842386245727539 50.37127685546875
v -2.3080222606658936 -14.907984733581543 50.266395568847656
v -2.1687300205230713 -15.04317855834961 50.045326232910156
v -2.260244846343994 -14.972650527954102 50.15988540649414
v -2.112455129623413 -15.103276252746582 49.940711975097656
v -2.0102744102478027 -15.29995059967041 49.55299377441406
v -4.63419771194458 -12.792572021484375 52.679412841796875
v 6.920432090759277 -10.062546730041504 56.95140075683594
v 7.85680627822876 -12.51655387878418 57.01860427856445
v 7.526174068450928 -12.516829490661621 56.989200592041016
v -0.607208788394928 -23.39107322692871 66.43440246582031
v 0.1599290817975998 -24.04444122314453 66.04867553710938
v 3.333901882171631 -23.065876007080078 66.06290435791016
v 1.9679067134857178 -22.32383918762207 66.63871002197266
v 4.615209579467773 -13.403543472290039 51.92488098144531
v 3.993877410888672 -13.217702865600586 52.2861328125
v 4.0470685958862305 -13.304901123046875 52.185237884521484
v 3.9434525966644287 -13.126441955566406 52.37884521484375
v 0.43483656644821167 -14.032663345336914 50.24120330810547
v 0.6253702044487 -14.309887886047363 50.21665573120117
v 0.5413141846656799 -14.373490333557129 50.16347885131836
v 2.4966542720794678 -12.59919261932373 52.08062744140625
v 3.216015577316284 -11.010382652282715 53.85490417480469
v 3.0709147453308105 -11.152939796447754 53.719120025634766
v 3.716050863265991 -12.978426933288574 52.483985900878906
v 1.9560359716415405 -13.710972785949707 51.2561149597168
v 5.572113990783691 -8.816118240356445 55.93108367919922
v 5.822996616363525 -8.65869426727295 56.07406997680664
v 5.67807149887085 -8.738128662109375 56.00592803955078
v 15.860244750976562 -3.094947338104248 39.09453201293945
v 15.932509422302246 -2.9798903465270996 39.03785705566406
v 15.999232292175293 -2.8142950534820557 38.996864318847656
v 16.065414428710938 -2.6486475467681885 38.95619201660156
v 16.204853057861328 -5.551327228546143 38.86350631713867
v 16.11861228942871 -5.404970169067383 38.921356201171875
v 16.032337188720703 -5.258356094360352 38.980159759521484
v 13.121072769165039 1.3493541479110718 46.8484001159668
v 13.290441513061523 1.3775137662887573 46.64389419555664
v 13.300625801086426 -7.288949966430664 43.36781311035156
v 13.327058792114258 -1.485917329788208 43.012508392333984
v -16.02239990234375 -2.837630271911621 34.95684051513672
v -16.020341873168945 -2.642043352127075 34.906898498535156
v -10.37702465057373 4.913511276245117 34.24141311645508
v -10.952131271362305 5.152247428894043 33.67046356201172
v -1.9264028072357178 -22.604890823364258 66.07772827148438
v -2.116191864013672 -22.54708480834961 66.08511352539062
v -0.8647355437278748 -22.766529083251953 66.2322006225586
v -1.0862910747528076 -22.747390747070312 66.19377136230469
v -1.3819130659103394 -22.727441787719727 66.11409759521484
v -21.979543685913086 -9.313858032226562 40.172035217285156
v -21.936460494995117 -9.554311752319336 40.54513168334961
v -7.0956549644470215 6.833068370819092 33.77070617675781
v -6.958151817321777 6.86668586730957 33.79518508911133
v 8.19963264465332 5.992427825927734 31.24516487121582
v 7.884971618652344 6.0906572341918945 31.193300247192383
v 10.779253959655762 -5.851378440856934 56.82658767700195
v 14.534470558166504 -4.328478813171387 35.3814697265625
v 16.55199432373047 -7.877107620239258 24.926513671875
v -17.377012252807617 -8.102522850036621 38.94453811645508
v -6.760013103485107 -13.470564842224121 27.373577117919922
v 11.5327787399292 3.9441938400268555 34.440860748291016
v 16.57416534423828 -8.951022148132324 26.738204956054688
v 16.487102508544922 -9.066758155822754 26.595462799072266
v 17.536224365234375 -4.109912872314453 27.434284210205078
v 17.554656982421875 -4.359649181365967 27.41244125366211
v 10.028438568115234 5.437144756317139 33.87937927246094
v 8.80372428894043 6.3321003913879395 33.505699157714844
v -5.255738735198975 6.980147838592529 34.425865173339844
v -9.528779983520508 5.273122787475586 33.48329544067383
v -12.237706184387207 3.1097259521484375 34.36601257324219
v -12.526721000671387 3.2095677852630615 34.29884719848633
v -12.408388137817383 3.270920753479004 34.32520294189453
v 16.158971786499023 -9.40401840209961 26.035465240478516
v 16.2363224029541 -0.6222707033157349 28.993518829345703
v 15.645745277404785 0.0887029618024826 29.577957153320312
v 2.78855037689209 6.721478462219238 35.18049621582031
v 2.5271718502044678 6.702577114105225 35.168861389160156
v 1.461772084236145 6.567996025085449 34.996315002441406
v 0.9311851859092712 6.478540420532227 34.868438720703125
v -2.2045936584472656 6.6938347816467285 35.0535888671875
v -13.670988082885742 -11.858967781066895 33.269805908203125
v -14.016303062438965 -11.316965103149414 33.42384338378906
v -13.397624015808105 -12.24705696105957 33.141197204589844
v 8.508151054382324 -14.735956192016602 33.468955993652344
v 8.615509033203125 -14.755603790283203 33.363548278808594
v 9.353458404541016 -13.968607902526855 34.09852600097656
v 9.353458404541016 -13.968607902526855 34.09852600097656
v 11.011190414428711 -12.354142189025879 34.41519546508789
v 11.109106063842773 -12.259504318237305 34.38075256347656
v 14.901144981384277 0.9233946800231934 30.228967666625977
v 14.755212783813477 1.0666470527648926 30.381710052490234
v 13.596635818481445 2.1918468475341797 31.4284725189209
v 4.599612236022949 6.06107234954834 29.70265007019043
v 6.8439154624938965 6.245670318603516 30.71297836303711
v 5.815771102905273 6.606183052062988 32.29158020019531
v 7.347463130950928 6.201567649841309 30.983806610107422
v 6.60858154296875 6.241981029510498 30.547414779663086
v 5.518219947814941 6.629069805145264 32.30897521972656
v 9.187368392944336 5.589548110961914 32.577117919921875
v 5.656818866729736 6.5224609375 33.992408752441406
v 1.557235836982727 6.375384330749512 33.67169189453125
v 1.4191267490386963 6.350222110748291 33.59142303466797
v 1.2422105073928833 6.312193870544434 33.4372444152832
v -4.001884460449219 6.6365556716918945 32.37512969970703
v -8.513225555419922 5.914071559906006 32.039024353027344
v -14.4679594039917 -2.5161616802215576 34.511451721191406
v -3.205636978149414 -16.914031982421875 31.688745498657227
v -3.076383590698242 -16.907169342041016 31.731868743896484
v -2.1725480556488037 -16.88499641418457 31.950206756591797
v 8.032816886901855 -13.69357967376709 30.257646560668945
v 6.823958396911621 -12.79041576385498 25.53691864013672
v 5.955535411834717 -11.342992782592773 23.409988403320312
v 6.276350975036621 -11.554399490356445 23.481189727783203
v 6.61000919342041 -11.749589920043945 23.547740936279297
v 3.950495958328247 6.640317440032959 32.31358337402344
v -4.8632402420043945 6.202526569366455 30.0194034576416
v -5.689393520355225 6.258702278137207 30.23898696899414
v -14.462715148925781 -2.173280954360962 34.345672607421875
v 1.7432060241699219 -15.963846206665039 34.4429931640625
v 1.5499051809310913 -15.999261856079102 34.369937896728516
v 3.4247214794158936 2.1562869548797607 25.252155303955078
v 3.3342466354370117 3.3380985260009766 26.534133911132812
v 3.3692891597747803 3.177699089050293 26.362213134765625
v 0.09032890200614929 1.3314450979232788 26.952289581298828
v -3.056300163269043 4.70259428024292 28.00658416748047
v -3.436497688293457 5.808592796325684 29.430435180664062
v -3.2081775665283203 2.4487104415893555 25.774879455566406
v -1.633057713508606 0.0784173458814621 25.49793243408203
v -11.31326675415039 -12.108769416809082 34.30044174194336
v -2.6092262268066406 -15.487982749938965 35.57695007324219
v 1.0249751806259155 -15.154029846191406 33.97454071044922
v 1.658246636390686 -14.912833213806152 31.861791610717773
v 2.029013156890869 -14.769062042236328 31.374927520751953
v 2.106309175491333 -14.707465171813965 31.172399520874023
v 3.175708770751953 -14.351707458496094 30.617053985595703
v 3.418848752975464 -14.30823802947998 30.644746780395508
v 1.9679625034332275 -12.631935119628906 27.56671142578125
v 2.1885807514190674 -12.705766677856445 27.710121154785156
v 1.1828097105026245 -8.40482234954834 25.544940948486328
v 1.6584811210632324 -8.398717880249023 25.217796325683594
v -2.0307509899139404 -2.132918119430542 23.677005767822266
v -2.793693780899048 -0.9816623330116272 23.287322998046875
v -0.8854199051856995 -15.041240692138672 32.29640197753906
v -0.40162572264671326 -15.09522533416748 32.559532165527344
v 1.0789533853530884 -8.254876136779785 25.539264678955078
v -17.38987922668457 -3.3176109790802 27.58013153076172
v -17.483661651611328 -4.09108304977417 27.361827850341797
v -8.59566879272461 -13.451141357421875 32.97076416015625
v -8.688210487365723 -13.415495872497559 33.04539489746094
v -0.8854199051856995 -15.041240692138672 32.29640197753906
v -1.851766586303711 -12.536561965942383 27.427810668945312
v -0.38735803961753845 -7.5988969802856445 25.510055541992188
v -15.055094718933105 -10.587417602539062 29.352853775024414
v -3.134207010269165 -12.991846084594727 28.36056137084961
v -3.72585129737854 -13.23743724822998 28.88199806213379
v -3.561682939529419 -14.745182037353516 32.58966827392578
v -15.874397277832031 -9.681774139404297 25.737258911132812
v -16.122501373291016 -9.448540687561035 26.085285186767578
v 5.616232872009277 -12.446213722229004 25.51644515991211
v 9.532770156860352 5.3865532875061035 32.712398529052734
v 9.696270942687988 5.284308433532715 32.76081848144531
v 14.778785705566406 -4.166029930114746 37.00478744506836
v -14.233928680419922 -6.764460563659668 38.175025939941406
v -14.248172760009766 -6.913495063781738 38.22823715209961
v 11.588994979858398 -0.4156625270843506 45.746177673339844
v 14.00002670288086 -6.235748291015625 42.01797103881836
v 14.050171852111816 -6.348040580749512 42.04737854003906
v 14.30812931060791 -7.266870975494385 42.32955551147461
v 14.140896797180176 -6.594334602355957 42.09398651123047
v 14.222596168518066 -6.913546562194824 42.19502258300781
v 14.485160827636719 -7.780002593994141 42.527008056640625
v 14.362464904785156 -7.4294819831848145 42.38361358642578
v 21.105195999145508 1.5259696245193481 40.069969177246094
v 18.006324768066406 -6.245356559753418 38.87751007080078
v 11.282751083374023 -8.347885131835938 46.948402404785156
v 11.276134490966797 -8.341541290283203 47.14862823486328
v 12.720674514770508 -8.069665908813477 43.90410614013672
v -20.070690155029297 -9.151498794555664 39.164710998535156
v -11.701828956604004 -0.5918177962303162 45.73783874511719
v 12.252816200256348 1.0972360372543335 47.95753479003906
v -24.4727783203125 -0.31267249584198 42.8873176574707
v -15.477381706237793 1.6850624084472656 44.936458587646484
v 9.935102462768555 1.0584839582443237 56.27519989013672
v 10.107263565063477 0.873845636844635 56.34727478027344
v 10.278587341308594 0.6533105969429016 56.448326110839844
v 13.814607620239258 1.4075193405151367 45.97124481201172
v 18.248394012451172 -8.382288932800293 38.53580856323242
v 18.594928741455078 -8.909991264343262 38.83422088623047
v -14.345184326171875 -7.47700834274292 42.47506332397461
v -21.26169204711914 1.7893363237380981 40.7885627746582
v -21.03366470336914 1.7705738544464111 40.635597229003906
v -18.646739959716797 0.550563633441925 39.20027160644531
v -16.17443084716797 -8.83487319946289 49.46614456176758
v 6.8617401123046875 3.0113890171051025 55.522315979003906
v 10.187311172485352 -8.486499786376953 54.723663330078125
v -12.622504234313965 -6.441525936126709 55.152732849121094
v -4.321239471435547 3.769123077392578 55.362266540527344
v -0.6670306324958801 4.167898654937744 54.89323043823242
v 0.08602605015039444 3.5759527683258057 56.518821716308594
v 13.100303649902344 -4.497622966766357 56.003482818603516
v 6.03079891204834 -8.52632999420166 56.2086067199707
v 5.926487445831299 -8.58951473236084 56.14191818237305
v 6.207306385040283 -12.840263366699219 51.87966537475586
v -8.305824279785156 -13.01734447479248 46.3409423828125
v -8.534789085388184 -12.809637069702148 46.32478332519531
v -8.629040718078613 1.7852591276168823 57.56303405761719
v -2.1595656871795654 3.9547271728515625 55.54491424560547
v 2.613041877746582 -15.580771446228027 48.28941345214844
v 2.723982095718384 -15.539628028869629 48.40723419189453
v 2.1108710765838623 -15.750490188598633 47.624420166015625
v 1.5473003387451172 -15.953707695007324 46.45694351196289
v -5.923269271850586 -8.638493537902832 56.117828369140625
v -6.030185699462891 -8.566165924072266 56.1981201171875
v -5.697797775268555 -8.788814544677734 55.96839904785156
v -4.511551856994629 -9.761678695678711 55.00249099731445
v -4.769124984741211 -9.52253532409668 55.23301315307617
v -1.938161849975586 -15.425070762634277 49.26905822753906
v -6.149863243103027 -8.487059593200684 56.299293518066406
v 6.666022300720215 -10.201098442077637 56.92581558227539
v 6.459470272064209 -10.321439743041992 56.906288146972656
v 8.492822647094727 -12.43004035949707 57.07587432861328
v 8.175663948059082 -12.475622177124023 57.04690933227539
v 7.20992374420166 -12.552240371704102 56.96326446533203
v 2.37258243560791 -23.67325210571289 65.75540924072266
v 2.5850319862365723 -23.578948974609375 65.78942108154297
v 3.5388827323913574 -12.961874961853027 52.449642181396484
v 13.455310821533203 1.3929510116577148 46.429988861083984
v -6.958151817321777 6.86668586730957 33.79518508911133
v -11.468876838684082 4.1933135986328125 34.30921173095703
v -1.2349015474319458 -22.740131378173828 66.15151977539062
v -11.728530883789062 -17.86527442932129 77.7257080078125
v -12.321488380432129 -17.683639526367188 77.97509765625
v -8.88689136505127 -18.30545997619629 77.53844451904297
v -9.474088668823242 -18.312610626220703 77.98286437988281
v -12.366518020629883 -18.143169403076172 78.64415740966797
v -7.668025970458984 6.819957733154297 33.43634796142578
v -7.0956549644470215 6.833068370819092 33.77070617675781
v 7.627277851104736 7.597218990325928 32.06214904785156
v -11.362488746643066 5.228064060211182 33.12460708618164
v 7.2685322761535645 -19.205791473388672 73.06623840332031
v 8.834525108337402 -18.436473846435547 77.23282623291016
v 8.967035293579102 -19.269027709960938 74.98748779296875
v 10.745332717895508 -18.928544998168945 76.00955200195312
v 0.3096514940261841 9.463414192199707 30.99618148803711
v 2.325385570526123 8.695114135742188 31.593738555908203
v 3.3678669929504395 8.650765419006348 31.543033599853516
v 3.4868340492248535 8.603470802307129 31.615238189697266
v 3.6551778316497803 8.5453462600708 31.701444625854492
v -3.0158166885375977 7.458015441894531 34.144596099853516
v -3.0515987873077393 8.655987739562988 31.567163467407227
v -1.9206922054290771 7.8675312995910645 33.25763702392578
v 9.342657089233398 6.862631320953369 32.24320983886719
v 8.442400932312012 7.3149261474609375 32.07643127441406
v 8.634361267089844 7.225015640258789 32.1085319519043
v 9.860860824584961 5.789295196533203 33.56024932861328
v 9.997961044311523 5.734030723571777 33.543052673339844
v -5.8570990562438965 7.965927600860596 32.23973083496094
v 2.680469036102295 7.444255828857422 34.20355987548828
v 2.5921452045440674 7.493309497833252 34.109500885009766
v 2.1289279460906982 7.689114093780518 33.70066833496094
v 2.254702568054199 7.63990592956543 33.804893493652344
v -17.693891525268555 4.791639804840088 37.283599853515625
v -17.562055587768555 4.958951473236084 37.55235290527344
v -2.7047550678253174 6.526238441467285 33.68070602416992
v -3.5538506507873535 6.60683536529541 32.39813232421875
v 5.273741722106934 6.641961574554443 32.29676055908203
v 4.500335216522217 6.674105644226074 32.73525619506836
v 5.518219947814941 6.629069805145264 32.30897521972656
v 5.815771102905273 6.606183052062988 32.29158020019531
v 6.139200210571289 6.595925331115723 32.622108459472656
v 6.119585990905762 6.5719709396362305 32.27674102783203
v 6.372549533843994 6.539340972900391 32.28892517089844
v 7.2344279289245605 6.369393348693848 32.291690826416016
v 6.6779093742370605 6.490730285644531 32.27654266357422
v 7.5354838371276855 6.288873195648193 32.2935791015625
v 8.665445327758789 5.857769966125488 32.458587646484375
v 8.489043235778809 5.941139221191406 32.41169738769531
v 8.018622398376465 6.129445552825928 32.350711822509766
v 9.696270942687988 5.284308433532715 32.76081848144531
v -4.001884460449219 6.6365556716918945 32.37512969970703
v -4.353951454162598 6.6486992835998535 32.35108184814453
v 3.950495958328247 6.640317440032959 32.31358337402344
v -2.4177236557006836 -15.818044662475586 40.80506896972656
v -4.4129838943481445 -15.74717903137207 40.12955856323242
v -3.455756664276123 -17.351594924926758 39.83435821533203
v 5.496405601501465 -14.903267860412598 40.82490539550781
v 5.533939361572266 -14.874161720275879 41.53664779663086
v -0.5956814885139465 -15.86463737487793 41.314598083496094
v -0.689589262008667 -15.843847274780273 41.4007568359375
v -2.777446985244751 -15.621386528015137 41.55404281616211
v -0.9790741801261902 -15.836156845092773 41.597412109375
v -5.287715911865234 -14.913823127746582 41.41791534423828
v -8.34316635131836 -13.56033992767334 40.604736328125
v -5.923904895782471 -14.819351196289062 40.656463623046875
v 13.761019706726074 -5.435758113861084 39.665611267089844
v 13.814499855041504 -5.16286563873291 39.58830261230469
v -7.976992607116699 -13.633005142211914 41.21650695800781
v -8.929338455200195 -13.201899528503418 41.57769775390625
v -9.592574119567871 -12.407148361206055 41.3114128112793
v 22.96525001525879 -4.329020977020264 31.55119514465332
v 23.03567886352539 -4.237284183502197 31.424821853637695
v -15.297609329223633 -3.0792429447174072 39.82624816894531
v 18.044498443603516 -15.785492897033691 76.04588317871094
v 17.32937240600586 -16.204143524169922 76.3533935546875
v 16.933700561523438 -16.807039260864258 74.16678619384766
v 17.169862747192383 -16.77973747253418 73.14865112304688
v 17.22237205505371 -16.77910614013672 72.82210540771484
v 17.03691864013672 -16.791433334350586 73.79169464111328
v 17.10704231262207 -16.78483009338379 73.47228240966797
v 15.607086181640625 -16.94437026977539 77.7292709350586
v 15.468716621398926 -17.001911163330078 77.80870819091797
v 14.599617958068848 -17.334362030029297 78.4098892211914
v 14.00741958618164 -17.558870315551758 78.74397277832031
v 14.781085014343262 -17.265417098999023 78.29399871826172
v 14.212936401367188 -17.48115348815918 78.63520050048828
v 14.405350685119629 -17.40859031677246 78.52351379394531
v 13.788683891296387 -17.641775131225586 78.84845733642578
v 12.825122833251953 -18.002647399902344 79.2112808227539
v 15.30742359161377 -17.063125610351562 77.93448638916016
v 15.079190254211426 -17.230911254882812 76.91159057617188
v 15.475046157836914 -17.357160568237305 72.94677734375
v 15.39919662475586 -17.408916473388672 73.09671020507812
v 8.378260612487793 -19.365219116210938 78.13946533203125
v 8.854047775268555 -19.03428077697754 78.11494445800781
v 8.609636306762695 -19.323650360107422 78.32951354980469
v 8.851468086242676 -19.27543067932129 78.49861145019531
v 13.606185913085938 -17.39242935180664 77.14093780517578
v 13.536195755004883 -17.51858139038086 77.60919952392578
v 13.69066047668457 -17.53795623779297 76.53825378417969
v 13.559466361999512 -17.629241943359375 76.51190185546875
v 7.3278584480285645 -18.721834182739258 75.79884338378906
v 6.998513698577881 -18.876264572143555 76.06111145019531
v 8.000548362731934 -18.745622634887695 77.21592712402344
v 10.28558349609375 -18.166521072387695 78.07217407226562
v 7.692025661468506 -19.467578887939453 77.46835327148438
v 9.045796394348145 -19.240455627441406 78.65057373046875
v 12.271289825439453 -17.7818660736084 78.02993774414062
v 11.729196548461914 -18.314002990722656 78.62574768066406
v 10.00536823272705 -18.17551040649414 77.82805633544922
v 9.498126029968262 -19.636720657348633 73.2331771850586
v 13.818767547607422 -17.45685577392578 76.54219055175781
v 13.949041366577148 -17.379690170288086 76.54373168945312
v 14.109127044677734 -17.29751205444336 76.5135498046875
v 14.335817337036133 -17.19428253173828 76.4215087890625
v 13.344794273376465 -17.808494567871094 79.04246520996094
v 13.092958450317383 -17.902008056640625 79.14315795898438
v -14.068767547607422 -17.55698013305664 78.61253356933594
v -13.903562545776367 -17.62171173095703 78.68616485595703
v -11.979166030883789 -18.32787322998047 79.23924255371094
v -10.428747177124023 -18.81403160095215 78.79339599609375
v -7.905372142791748 -19.291473388671875 77.41475677490234
v -8.018880844116211 -18.642656326293945 77.27676391601562
v -7.223414421081543 -18.702228546142578 76.36284637451172
v -6.123840808868408 -19.0091495513916 74.30525207519531
v -8.401515007019043 -18.616670608520508 76.49559783935547
v -8.589912414550781 -18.637760162353516 76.52083587646484
v -10.848132133483887 -18.73710823059082 76.35348510742188
v -15.936605453491211 -17.01753807067871 75.99809265136719
v -14.984078407287598 -17.038759231567383 75.62554931640625
v -15.20052433013916 -16.983518600463867 75.29078674316406
v -15.267454147338867 -16.97885513305664 75.13581848144531
v -15.407318115234375 -16.967121124267578 74.79037475585938
v -17.298707962036133 -16.796907424926758 72.05756378173828
v -17.290956497192383 -16.827850341796875 71.75234985351562
v -17.10355567932129 -16.78160858154297 73.48238372802734
v -17.17441177368164 -16.771198272705078 73.17469024658203
v -17.872957229614258 -16.285268783569336 73.28287506103516
v -20.447343826293945 4.583808422088623 34.508689880371094
v -8.84369945526123 -19.376014709472656 74.53280639648438
v -8.893977165222168 -19.63184356689453 72.75044250488281
v -11.293951034545898 5.158125400543213 33.33091735839844
v -11.253188133239746 5.143594264984131 33.401649475097656
v -10.262011528015137 -18.704437255859375 78.50482177734375
v -0.8159770369529724 9.586482048034668 31.518081665039062
v 9.63985824584961 5.8882951736450195 33.57159423828125
v 1.5956612825393677 7.8382463455200195 33.353721618652344
v 10.179038047790527 5.6398797035217285 33.54869842529297
v 10.31065845489502 5.581626892089844 33.53697204589844
v 10.7324857711792 5.814481258392334 32.852779388427734
v 10.838878631591797 5.661832332611084 33.004859924316406
v 10.44359302520752 5.522667407989502 33.52464294433594
v 7.916881084442139 7.52269172668457 32.03068542480469
v 8.098331451416016 7.459779262542725 32.03511047363281
v 2.9522926807403564 7.201586723327637 34.646480560302734
v 1.745681881904602 7.798989772796631 33.449790954589844
v 1.5956612825393677 7.8382463455200195 33.353721618652344
v 2.9522926807403564 7.201586723327637 34.646480560302734
v 2.5921452045440674 7.493309497833252 34.109500885009766
v -2.7047550678253174 6.526238441467285 33.68070602416992
v 4.984445571899414 6.654118061065674 32.31145477294922
v 4.704885482788086 6.657841205596924 32.324501037597656
v 7.778844833374023 6.216099739074707 32.318397521972656
v 6.984184741973877 6.427485466003418 32.27119827270508
v 8.255091667175293 6.04217529296875 32.37848663330078
v 9.532770156860352 5.3865532875061035 32.712398529052734
v 4.476724624633789 6.656035900115967 32.30492401123047
v -17.481191635131836 5.0531511306762695 37.66423416137695
v 3.036111831665039 -15.582225799560547 41.63544464111328
v 22.772226333618164 -4.328327655792236 32.584678649902344
v -10.87618637084961 -11.154513359069824 40.88660430908203
v 14.964066505432129 -17.194910049438477 78.17659759521484
v 15.135052680969238 -17.12980079650879 78.05626678466797
v 15.548078536987305 -17.299560546875 72.83434295654297
v 6.3440046310424805 -18.874849319458008 73.35228729248047
v 15.25249195098877 -16.83744239807129 75.58422088623047
v 13.572833061218262 -17.7226505279541 78.94929504394531
v -14.232413291931152 -17.491466522216797 78.54063415527344
v -12.262472152709961 -18.22654914855957 79.19972229003906
v -12.589195251464844 -18.108985900878906 79.13839721679688
v -8.543066024780273 -19.396974563598633 78.33753967285156
v -17.23204231262207 -16.766578674316406 72.85418701171875
v -19.979406356811523 4.562934398651123 34.86848449707031
v -17.169437408447266 4.8404860496521 33.0067138671875
v -8.64152717590332 6.160775184631348 33.72570037841797
v -11.212010383605957 5.128337860107422 33.47222137451172
v 22.743637084960938 -6.6800384521484375 32.47292709350586
v 22.749149322509766 -6.7956976890563965 32.37382507324219
v 22.762731552124023 -6.8960113525390625 32.314979553222656
v 22.788854598999023 -7.029168128967285 32.27452850341797
v -13.565984725952148 2.584108352661133 33.928565979003906
v -11.253188133239746 5.143594264984131 33.401649475097656
v -9.033991813659668 -19.33808708190918 74.78463745117188
v -9.108309745788574 -19.317514419555664 74.88877868652344
v -10.50003433227539 -19.49506378173828 73.9682388305664
v 12.235703468322754 4.708852767944336 33.39710998535156
v 12.879914283752441 3.8876447677612305 33.73324966430664
v 12.838088035583496 3.9784555435180664 33.698307037353516
v 10.838878631591797 5.661832332611084 33.004859924316406
v 11.246310234069824 5.753940582275391 32.650760650634766
v 11.118103981018066 5.806801795959473 32.63252258300781
v 9.63985824584961 5.8882951736450195 33.57159423828125
v 9.860860824584961 5.789295196533203 33.56024932861328
v 11.426216125488281 4.709624290466309 33.89671325683594
v 9.997961044311523 5.734030723571777 33.543052673339844
v 10.179038047790527 5.6398797035217285 33.54869842529297
v -0.6937394142150879 6.801096439361572 34.81521224975586
v 1.745681881904602 7.798989772796631 33.449790954589844
v 2.254702568054199 7.63990592956543 33.804893493652344
v -1.5266624689102173 6.589873790740967 34.96657943725586
v -1.7661504745483398 6.615511894226074 34.99981689453125
v -13.966289520263672 2.257756471633911 33.793704986572266
v -13.660308837890625 2.5131771564483643 33.89392852783203
v -13.871355056762695 2.3091156482696533 33.84246826171875
v -13.766956329345703 2.4090309143066406 33.868595123291016
v 2.78855037689209 6.721478462219238 35.18049621582031
v 3.003497838973999 6.747670650482178 35.178123474121094
v 3.4952759742736816 6.788378715515137 35.133148193359375
v 2.076421022415161 6.651887893676758 35.114768981933594
v 2.2752020359039307 6.681284427642822 35.14402770996094
v 1.644829511642456 6.599268436431885 35.03546142578125
v 1.461772084236145 6.567996025085449 34.996315002441406
v 1.102890133857727 6.508560657501221 34.906654357910156
v -1.5543233156204224 6.3607635498046875 33.72904968261719
v -1.9663201570510864 6.424609661102295 34.0929069519043
v 9.85689926147461 -13.984480857849121 33.714500427246094
v 8.284672737121582 -14.65760326385498 33.756343841552734
v 8.258330345153809 -14.405014991760254 34.19378662109375
v 9.551349639892578 -13.952253341674805 33.98186492919922
v -14.4679594039917 -2.5161616802215576 34.511451721191406
v -14.472384452819824 -2.868420362472534 34.66832733154297
v -14.462715148925781 -2.173280954360962 34.345672607421875
v -14.470940589904785 -2.368804931640625 34.42743682861328
v -14.480072021484375 -3.0742266178131104 34.73847198486328
v -14.480195999145508 -3.2304673194885254 34.81101608276367
v -14.474312782287598 -3.336045980453491 34.88686752319336
v -9.127690315246582 -14.78762149810791 33.091835021972656
v -3.297600507736206 -16.922191619873047 31.649932861328125
v -2.8936352729797363 -16.89816665649414 31.78740882873535
v -3.297600507736206 -16.922191619873047 31.649932861328125
v -2.1725480556488037 -16.88499641418457 31.950206756591797
v -2.3451483249664307 -16.890209197998047 31.908916473388672
v 2.087815523147583 -6.186386585235596 23.50423812866211
v 2.197899580001831 -4.551391124725342 23.122180938720703
v 1.292900800704956 -8.608450889587402 25.56317138671875
v 1.1828097105026245 -8.40482234954834 25.544940948486328
v 1.1346551179885864 -7.613399028778076 25.41741943359375
v 1.3984901905059814 -8.751642227172852 25.56755828857422
v 1.6092307567596436 -7.80551290512085 24.937416076660156
v 1.0458797216415405 -5.083400726318359 25.12820053100586
v 1.749356985092163 -2.4851303100585938 23.948261260986328
v 2.5969228744506836 -3.795238971710205 22.724994659423828
v 1.5644848346710205 -4.155670166015625 24.007770538330078
v 1.633705973625183 -0.35249361395835876 25.23082733154297
v 0.9399629235267639 -1.7478983402252197 25.574996948242188
v 1.6054619550704956 -0.2438822090625763 25.343353271484375
v 0.40106990933418274 -3.439934253692627 25.582382202148438
v 0.24263004958629608 -0.9576870203018188 26.104251861572266
v -0.5037878751754761 -0.9590907096862793 26.048358917236328
v -1.2094035148620605 -0.9328715801239014 25.5460205078125
v -1.5466068983078003 0.7495725154876709 25.977283477783203
v -1.5758886337280273 0.5810492038726807 25.85953140258789
v -1.5996168851852417 0.41321489214897156 25.738117218017578
v -1.8810653686523438 -4.184090614318848 23.5235595703125
v -0.9499074816703796 -3.002516746520996 25.296695709228516
v -6.444912910461426 -14.68752670288086 35.073402404785156
v -4.724549770355225 -14.62252140045166 34.84666442871094
v -3.7835755348205566 -14.831343650817871 34.794960021972656
v -4.101936340332031 -14.767704963684082 34.82735061645508
v -0.7095692753791809 -15.061734199523926 32.378265380859375
v -0.5336231589317322 -15.07898998260498 32.458946228027344
v -0.40162572264671326 -15.09522533416748 32.559532165527344
v -3.138946056365967 -14.941874504089355 34.75334548950195
v -0.26936089992523193 -15.109541893005371 32.653099060058594
v 1.0789533853530884 -8.254876136779785 25.539264678955078
v 0.979244589805603 -8.160392761230469 25.542678833007812
v -0.33191585540771484 -3.4487619400024414 25.599872589111328
v -1.0671112537384033 -5.522377014160156 25.14187240600586
v -8.688210487365723 -13.415495872497559 33.04539489746094
v -1.609117865562439 -8.142993927001953 25.160655975341797
v -1.6208035945892334 -8.313118934631348 25.245704650878906
v -1.61763334274292 -8.02644157409668 25.077247619628906
v -1.614664077758789 -7.736080169677734 24.91219711303711
v -1.6219522953033447 -7.6185503005981445 24.828174591064453
v -2.6242473125457764 -5.768729209899902 22.858306884765625
v -2.5501272678375244 -5.376974582672119 22.864303588867188
v -2.393385648727417 -5.390637397766113 22.983821868896484
v 8.508151054382324 -14.735956192016602 33.468955993652344
v 12.551532745361328 -19.137052536010742 70.57807922363281
v 12.880642890930176 -19.040035247802734 70.78067016601562
v 12.77182388305664 -19.073657989501953 70.70987701416016
v 11.839077949523926 -19.306758880615234 70.26748657226562
v 12.081368446350098 -19.364778518676758 72.44771575927734
v 12.102011680603027 -19.2473087310791 70.34765625
v 12.21530532836914 -19.221994400024414 70.40162658691406
v 11.989286422729492 -19.27178192138672 70.29580688476562
v 11.724611282348633 -19.327062606811523 70.21876525878906
v 11.572035789489746 -19.356351852416992 70.19342803955078
v 11.877678871154785 -18.90335464477539 75.32106018066406
v 13.101680755615234 -18.838054656982422 73.83563232421875
v 10.676946640014648 -19.495210647583008 73.87989807128906
v 10.266092300415039 -19.6796875 72.07255554199219
v 8.974475860595703 -19.641075134277344 72.32171630859375
v 9.169587135314941 -19.653377532958984 71.90979766845703
v 9.259961128234863 -19.654376983642578 71.73336791992188
v -12.7475004196167 -19.11353302001953 70.81598663330078
v -13.045540809631348 -19.019287109375 71.06585693359375
v -12.916478157043457 -19.060806274414062 70.93168640136719
v -13.175171852111816 -18.975500106811523 71.21263122558594
v -13.267353057861328 -18.942829132080078 71.37934112548828
v -12.152850151062012 -19.264667510986328 73.37226867675781
v -11.337512969970703 -19.555484771728516 71.79473876953125
v -10.437813758850098 -19.66759490966797 72.07076263427734
v -8.59688949584961 -19.598482131958008 72.41175842285156
v -8.707030296325684 -19.61563491821289 72.06824493408203
v -8.631474494934082 -19.606037139892578 72.23628997802734
v -8.856966018676758 -19.617158889770508 71.63215637207031
v -8.759227752685547 -19.618946075439453 71.91363525390625
v -8.785280227661133 -19.61650276184082 71.77154541015625
v -9.079955101013184 -19.610010147094727 71.25003051757812
v -8.987799644470215 -19.61141586303711 71.37422180175781
v -9.285733222961426 -19.60231590270996 71.00902557373047
v -11.87378215789795 -19.32035255432129 70.32801818847656
v -12.300697326660156 -19.232036590576172 70.52286529541016
v -9.391316413879395 -19.598926544189453 70.89247131347656
v -10.952131271362305 5.152247428894043 33.67046356201172
v -12.941773414611816 4.089256763458252 33.40129470825195
v 10.31065845489502 5.581626892089844 33.53697204589844
v 10.44359302520752 5.522667407989502 33.52464294433594
v 10.7324857711792 5.814481258392334 32.852779388427734
v 10.028438568115234 5.437144756317139 33.87937927246094
v -12.360270500183105 5.026369571685791 32.78882598876953
v 2.1289279460906982 7.689114093780518 33.70066833496094
v -1.9624454975128174 6.648533821105957 35.027557373046875
v -2.2045936584472656 6.6938347816467285 35.0535888671875
v -12.090957641601562 3.1224379539489746 34.060218811035156
v 3.273904323577881 6.7641401290893555 35.16329574584961
v 2.5271718502044678 6.702577114105225 35.168861389160156
v 1.8348488807678223 6.6289753913879395 35.076377868652344
v -14.454793930053711 -1.691707730293274 34.09321594238281
v -14.456717491149902 -1.8339899778366089 34.17827224731445
v -14.454830169677734 -1.9780004024505615 34.26392364501953
v -14.474884033203125 -2.716627597808838 34.58884811401367
v -3.6412124633789062 -16.924610137939453 31.56040382385254
v -3.6412124633789062 -16.924610137939453 31.56040382385254
v 1.0658560991287231 6.271364688873291 33.28507614135742
v 1.2422105073928833 6.312193870544434 33.4372444152832
v 1.4191267490386963 6.350222110748291 33.59142303466797
v 1.8597725629806519 -15.921455383300781 34.54756546020508
v 1.7432060241699219 -15.963846206665039 34.4429931640625
v -0.7355335354804993 -15.99720573425293 34.55927276611328
v -0.5833030939102173 -15.979512214660645 34.617393493652344
v -4.415267467498779 -14.697806358337402 34.83938980102539
v -3.4632551670074463 -14.889579772949219 34.775550842285156
v -0.38735803961753845 -7.5988969802856445 25.510055541992188
v -0.48925602436065674 -7.648698806762695 25.511005401611328
v -8.77996826171875 -13.379240036010742 33.1189079284668
v -1.6459541320800781 -8.550753593444824 25.348712921142578
v 9.317124366760254 -19.6503849029541 71.56582641601562
v 9.385849952697754 -19.643997192382812 71.4079818725586
v 9.457120895385742 -19.637248992919922 71.25676727294922
v -13.120261192321777 -18.42873191833496 75.31592559814453
v -13.2144136428833 -18.452539443969727 75.12800598144531
v -8.898653984069824 -19.6129150390625 71.50322723388672
v -12.160126686096191 -19.263534545898438 70.4429931640625
v -12.017098426818848 -19.292217254638672 70.38368225097656
v -11.625860214233398 -19.35966682434082 70.23213195800781
v -9.181854248046875 -19.606046676635742 71.12794494628906
v -11.48093032836914 -19.38419532775879 70.19792175292969
v -11.770498275756836 -19.33502769470215 70.26815032958984
v -7.8042449951171875 44.239158630371094 1.5163402557373047
v -9.737319946289062 43.92870330810547 0.9910187721252441
v -11.619529724121094 43.35765838623047 1.640401840209961
v -15.38604736328125 42.277793884277344 1.0818495750427246
v 42.20355987548828 -15.357532501220703 1.558337688446045
v 43.92603302001953 -9.739879608154297 1.0362701416015625
v 43.358604431152344 -11.616020202636719 1.6403684616088867
v -3.9107284545898438 -44.7287712097168 1.5996818542480469
v -1.9641876220703125 -44.950016021728516 1.036303997039795
v 0.0025177001953125 -44.89939880371094 1.5997209548950195
v 1.9609603881835938 -44.95015335083008 1.0363025665283203
v 17.19438934326172 -41.5013542175293 1.516345500946045
v 19.01441192626953 -40.779884338378906 0.9910678863525391
v 20.734466552734375 -39.82510757446289 1.5996756553649902
v 44.538414001464844 -5.859931945800781 1.5163536071777344
v 23.20146942138672 -38.56904602050781 0
v 25.769325256347656 -36.79608154296875 1.5163393020629883
v 38.96607208251953 -22.498703002929688 0.9910707473754883
v 40.77867889404297 -19.016996383666992 0.9910392761230469
v 37.879188537597656 -24.12802505493164 1.5583138465881348
v 40.444419860839844 19.751670837402344 0
v 38.911277770996094 22.470237731933594 1.4738621711730957
v 40.70183563232422 18.983016967773438 1.55830717086792
v -33.95429611206055 -29.54632568359375 0
v -30.346332550048828 -33.122642517089844 1.5163540840148926
v -34.41822814941406 -28.88572120666504 1.4738507270812988
v -29.807052612304688 -33.725650787353516 0
v -27.34404754638672 -35.64145278930664 1.5163049697875977
v 13.511863708496094 -42.84202194213867 1.5163421630859375
v 44.76079559326172 4.7276611328125 0
v 43.92437744140625 9.736080169677734 1.0818438529968262
v 44.751007080078125 3.9188613891601562 1.5163168907165527
v -36.400169372558594 -26.474653244018555 0
v -36.79608154296875 -25.769323348999023 1.5163393020629883
v 31.389625549316406 31.39130401611328 6.397291660308838
v 29.80115509033203 32.532676696777344 7.157105922698975
v 32.523170471191406 29.8115234375 7.157103061676025
v 26.989036560058594 35.173606872558594 6.613208770751953
v 26.86370086669922 35.02284240722656 7.123990058898926
v 15.065567016601562 41.40215301513672 7.25222110748291
v 11.490966796875 42.88810729980469 6.352041244506836
v 11.395881652832031 42.53760528564453 7.2823710441589355
v 7.654239654541016 43.44993591308594 7.157103538513184
v -0.00255584716796875 44.238426208496094 6.902521133422852
v -3.8522415161132812 43.950477600097656 7.157101631164551
v 1.9174232482910156 44.077293395996094 7.157100677490234
v -43.20448684692383 9.576370239257812 6.8619818687438965
v -43.38928985595703 7.64727783203125 7.252196311950684
v -42.079158782958984 13.260143280029297 7.157043933868408
v -13.265087127685547 -42.09861755371094 7.124022006988525
v -9.600471496582031 -43.30714797973633 6.5273566246032715
v -7.654232025146484 -43.449947357177734 7.157094955444336
v 39.13726806640625 -20.365676879882812 7.157064914703369
v 41.68354034423828 -15.171051025390625 6.527370929718018
v 40.686256408691406 -16.850738525390625 7.282299995422363
v 42.09862518310547 -13.265098571777344 7.123994827270508
v 43.327796936035156 9.60593032836914 6.439842224121094
v 42.07493591308594 13.27352523803711 7.157046794891357
v 43.42778015136719 7.663414001464844 7.1895246505737305
v 42.28440856933594 13.333515167236328 6.614558696746826
v 40.703025817871094 16.8634033203125 7.25220251083374
v 38.425437927246094 22.185775756835938 6.484376907348633
v 37.205787658691406 23.711036682128906 7.157105922698975
v 39.13074493408203 20.378143310546875 7.157099723815918
v 18.646564483642578 40.00702667236328 7.124011516571045
v 16.944744110107422 40.91565704345703 6.783571720123291
v -11.452232360839844 42.730369567871094 6.902530670166016
v -15.149227142333984 41.61388397216797 6.783583641052246
v -16.86341094970703 40.70301055908203 7.2522149085998535
v -18.696252822875977 40.09124755859375 6.900406360626221
v -22.179670333862305 38.41535186767578 6.527400016784668
v -23.71103286743164 37.205787658691406 7.157105922698975
v -39.13724899291992 20.36566925048828 7.157090187072754
v -40.20463943481445 18.74651336669922 6.528554439544678
v -41.40215301513672 15.065582275390625 7.252208709716797
v 16.989513397216797 -41.01313781738281 6.397385597229004
v 18.66135025024414 -40.00011444091797 7.124044895172119
v 13.244213104248047 -41.9988899230957 7.282350540161133
v -44.201507568359375 3.8664169311523438 6.484428882598877
v -44.036678314208984 1.9180030822753906 7.221232891082764
v -44.3905029296875 -0.0005950927734375 6.396153450012207
v -43.9102897644043 -3.8463287353515625 7.221238613128662
v -44.01065444946289 -5.794719696044922 6.396166801452637
v -43.24613952636719 -9.588489532470703 6.739572525024414
v -43.42780303955078 -7.663425445556641 7.189493656158447
v -42.63297653198242 -11.431861877441406 7.123978614807129
v -42.27334976196289 -13.330608367919922 6.65782356262207
v -41.47440719604492 -15.104084014892578 7.123952388763428
v -39.328487396240234 -20.47566032409668 6.616424083709717
v -39.96456527709961 -18.642257690429688 7.189521312713623
v -37.18936538696289 -23.699195861816406 7.18951416015625
v -33.964534759521484 -28.502532958984375 6.6163649559021
v -32.46669006347656 -29.752866744995117 7.282291889190674
v -34.966941833496094 -26.836929321289062 7.2212324142456055
v -31.34149169921875 -31.344070434570312 6.65787935256958
v -28.341665267944336 -33.785404205322266 7.189459800720215
v -18.736610412597656 -40.18609619140625 6.616405010223389
v -16.8507022857666 -40.68621063232422 7.282390117645264
v -20.365663528442383 -39.13725662231445 7.157092094421387
v -5.780841827392578 -43.91754150390625 6.739532947540283
v -1.9174156188964844 -44.07730484008789 7.1570916175842285
v 11.478076934814453 -42.82798767089844 6.616414546966553
v 9.555938720703125 -43.071685791015625 7.1570725440979
v 20.475662231445312 -39.328487396240234 6.616422653198242
v 22.065574645996094 -38.20465087890625 7.157097339630127
v 23.801292419433594 -37.35862350463867 6.739551544189453
v 26.876625061035156 -35.0129280090332 7.123987197875977
v 34.95563507080078 -26.81817626953125 7.252205848693848
v 37.453941345214844 -23.860187530517578 6.306685447692871
v 37.19567108154297 -23.689289093017578 7.189516544342041
v 40.18609619140625 -18.736610412597656 6.616413116455078
v 42.942527770996094 -11.508129119873047 5.950211048126221
v 43.054725646972656 -9.538986206054688 7.189493656158447
v 43.652305603027344 -7.695240020751953 6.657843589782715
v 43.911109924316406 -3.837085723876953 7.221214294433594
v 44.350486755371094 1.9375877380371094 6.397407531738281
v 43.91028594970703 3.846332550048828 7.221236705780029
v 44.03667449951172 -1.9180030822753906 7.221232891082764
v 35.172996520996094 26.989837646484375 6.61321496963501
v 34.053627014160156 28.57221221923828 6.042185306549072
v 33.79261016845703 28.36450958251953 7.1570725440979
v 22.17980194091797 38.420494079589844 6.530220031738281
v 22.053382873535156 38.21167755126953 7.157111167907715
v 5.7858734130859375 43.957664489746094 6.614593505859375
v -3.8669662475585938 44.181175231933594 6.572617053985596
v -7.6680755615234375 43.44750213623047 7.157100200653076
v -32.74166488647461 30.001480102539062 6.306731700897217
v -35.02284240722656 26.86370086669922 7.123990058898926
v -31.140708923339844 31.13793182373047 7.282374858856201
v -36.35855484008789 25.456459045410156 6.442478179931641
v -37.21334457397461 23.699180603027344 7.157104969024658
v -38.42049026489258 22.1798095703125 6.530229568481445
v -41.71599578857422 15.182113647460938 6.39736795425415
v -41.77222442626953 -15.202033996582031 6.04219388961792
v -37.35862350463867 -23.801288604736328 6.739551544189453
v -11.480133056640625 -42.851890563964844 6.53022575378418
v -1.9321365356445312 -44.2670783996582 6.697478294372559
v 1.9373359680175781 -44.41021728515625 6.042159080505371
v 1.9314727783203125 -44.076683044433594 7.157097339630127
v 3.8639297485351562 -44.15446472167969 6.656177043914795
v 5.749977111816406 -43.660682678222656 7.282327651977539
v 7.718975067138672 -43.784698486328125 5.904696941375732
v 28.55158233642578 -34.02537536621094 6.261958599090576
v 29.75286865234375 -32.46669006347656 7.282291889190674
v -27.059593200683594 35.267539978027344 6.042168140411377
v -28.364505767822266 33.79261016845703 7.1570725440979
v 40.29633331298828 18.78931427001953 5.859491348266602
v -32.77708053588867 -30.032320022583008 5.996055603027344
v -30.034875869750977 -32.77473831176758 5.996065139770508
v -25.371997833251953 -36.23944091796875 6.9026079177856445
v -20.529802322387695 -39.433807373046875 5.950140953063965
v 32.6044921875 -29.873796463012695 6.940393447875977
v 44.29230499267578 -3.8761634826660156 5.859435558319092
v 44.35059356689453 -1.9351768493652344 6.397408485412598
v 44.08135986328125 5.802299499511719 5.859437942504883
v -9.620834350585938 43.40434265136719 5.950218200683594
v -34.055599212646484 28.578201293945312 5.95023775100708
v -42.94253158569336 11.508132934570312 5.9502153396606445
v -36.41865539550781 -25.498611450195312 5.950221538543701
v -27.06548500061035 -35.269771575927734 5.950263023376465
v 25.498611450195312 -36.41865539550781 5.950221538543701
v 35.26976776123047 -27.06548500061035 5.950263023376465
v 41.07673645019531 -17.015731811523438 5.859421730041504
v 43.77965545654297 -7.721305847167969 5.99611759185791
v -30.03702735900879 32.78124237060547 5.859499931335449
v -38.505428314208984 -22.22982406616211 5.859462738037109
v -23.89011573791504 -37.4979362487793 5.859511852264404
v -15.207530975341797 -41.77814865112305 5.90462064743042
v 20.526878356933594 -39.43532943725586 5.950138568878174
v 41.77222442626953 15.202041625976562 6.042177677154541
v 25.498252868652344 36.41236114501953 6.042170524597168
v 15.205196380615234 41.771080017089844 6.042157173156738
v 9.624061584472656 43.40363311767578 5.950202941894531
v 3.876373291015625 44.28850555419922 5.95023250579834
v -15.20203971862793 41.77222442626953 6.042176723480225
v -41.068077087402344 17.01276397705078 6.042142391204834
v -43.77682113647461 7.720767974853516 6.042222023010254
v -42.9382209777832 -11.503486633300781 6.042150497436523
v -1.9404830932617188 -44.419227600097656 5.859440803527832
v 15.202037811279297 -41.77222442626953 6.042179107666016
v 42.398338317871094 13.366329193115234 5.996054649353027
v -5.800884246826172 44.075233459472656 5.996111869812012
v -20.52802848815918 39.43708038330078 5.904579162597656
v -9.623577117919922 -43.40119552612305 5.996110916137695
v 32.774742126464844 -30.034875869750977 5.996065139770508
v 39.433807373046875 -20.529802322387695 5.950140953063965
v 30.03862762451172 32.77977752685547 5.859467506408691
v 20.53058624267578 39.435752868652344 5.904573440551758
v -1.937591552734375 44.41557312011719 5.950217247009277
v -40.293148040771484 -18.787214279174805 5.950239181518555
v 36.42144012451172 25.50121307373047 5.85946798324585
v -23.888273239135742 37.499107360839844 5.859514236450195
v -39.43574523925781 20.53058624267578 5.90458345413208
v -5.804592132568359 -44.079349517822266 5.904681205749512
v 11.504966735839844 -42.94337844848633 5.9502058029174805
v -44.29249954223633 -3.873981475830078 5.859439849853516
v 14.203582763671875 36.36626434326172 14.920578002929688
v 7.5662689208984375 38.373497009277344 14.888931274414062
v -0.9356346130371094 38.84374237060547 14.983942031860352
v 38.68407440185547 6.835426330566406 14.770563125610352
v 36.931129455566406 12.52444076538086 14.939566612243652
v 38.832054138183594 -1.0313720703125 14.98888111114502
v 21.617340087890625 32.60272216796875 14.88375473022461
v 27.763916015625 27.127288818359375 14.992374420166016
v -9.58237075805664 37.62522888183594 14.992733001708984
v -16.647703170776367 35.66753387451172 14.704939842224121
v -19.180334091186523 33.793128967285156 14.99111557006836
v -38.466758728027344 -6.817073822021484 14.911048889160156
v -37.6689338684082 -10.139934539794922 14.936700820922852
v -38.82257080078125 1.5999336242675781 14.988588333129883
v -23.854297637939453 -31.110414505004883 14.828210830688477
v -19.46598243713379 -33.805931091308594 14.9367094039917
v -28.175928115844727 -26.821611404418945 14.972295761108398
v -6.793849945068359 -38.609954833984375 14.82821273803711
v 0.9316291809082031 -38.92976379394531 14.959573745727539
v -10.893428802490234 -37.49650955200195 14.922353744506836
v 33.793128967285156 19.180335998535156 14.99111557006836
v 30.548622131347656 24.496902465820312 14.862297058105469
v 26.54522705078125 28.99378204345703 14.751021385192871
v -5.147640228271484 38.971649169921875 14.751028060913086
v -24.496904373168945 30.548622131347656 14.862297058105469
v -29.372426986694336 25.653945922851562 14.939095497131348
v -38.66481399536133 6.797260284423828 14.793567657470703
v -36.36626434326172 14.203582763671875 14.920578002929688
v -32.12593078613281 -22.515655517578125 14.811229705810547
v -34.10093688964844 -18.80221176147461 14.959561347961426
v 11.853084564208984 -37.559818267822266 14.678495407104492
v 15.597930908203125 -35.6663703918457 14.963338851928711
v 36.32295227050781 -14.03713607788086 14.959558486938477
v 38.664817810058594 -6.7972564697265625 14.793561935424805
v 3.3935699462890625 39.029319763183594 14.848249435424805
v 35.66753387451172 16.647705078125 14.704939842224121
v 18.071189880371094 34.75969696044922 14.848249435424805
v 11.833942413330078 37.565818786621094 14.678522109985352
v -1.7297897338867188 39.13837432861328 14.848247528076172
v -28.9937801361084 26.54522705078125 14.751021385192871
v -32.60272216796875 21.617340087890625 14.88375473022461
v -34.22047805786133 18.32166290283203 14.992374420166016
v -34.759700775146484 18.071189880371094 14.848249435424805
v -39.22124481201172 1.6922645568847656 14.793571472167969
v -1.6922798156738281 -39.221290588378906 14.79354476928711
v 39.22124481201172 -1.6922645568847656 14.793571472167969
v 39.346702575683594 1.7229995727539062 14.675125122070312
v -39.071685791015625 -2.5808067321777344 14.860586166381836
v -37.58368682861328 -11.862777709960938 14.655367851257324
v -35.59684753417969 -16.61459732055664 14.77056884765625
v -27.704328536987305 -27.73893928527832 14.832450866699219
v -16.555328369140625 -35.535953521728516 14.828229904174805
v 1.7324180603027344 -39.219539642333984 14.79354476928711
v 5.130825042724609 -38.86590576171875 14.82822036743164
v 19.597068786621094 -33.921756744384766 14.844562530517578
v 24.467201232910156 -30.43043327331543 14.922351837158203
v 23.96710968017578 -31.2214298248291 14.70098876953125
v 27.738937377929688 -27.704328536987305 14.832450866699219
v 29.923240661621094 -25.07070541381836 14.922287940979004
v 32.182151794433594 -22.52545928955078 14.767066955566406
v 34.831336975097656 -18.109317779541016 14.793574333190918
v 37.446815490722656 -11.785865783691406 14.793560981750488
v -13.460613250732422 36.933738708496094 14.751016616821289
v 15.105400085449219 36.477455139160156 14.56966495513916
v -35.783836364746094 16.682144165039062 14.569686889648438
v -37.565818786621094 11.833942413330078 14.678522109985352
v 33.27465057373047 21.210670471191406 14.602460861206055
v -21.210670471191406 33.27465057373047 14.602460861206055
v -39.07581329345703 5.132236480712891 14.655367851257324
v -38.8587532043457 -6.8624420166015625 14.602450370788574
v -31.410812377929688 -24.104476928710938 14.418607711791992
v -26.700809478759766 -29.148481369018555 14.515064239501953
v -21.153461456298828 -33.222965240478516 14.678506851196289
v -10.179412841796875 -38.020790100097656 14.700977325439453
v 8.534423828125 -38.44994354248047 14.678506851196289
v 19.747840881347656 -34.189430236816406 14.57286262512207
v 8.523174285888672 38.47705841064453 14.651552200317383
v -0.0079193115234375 39.553001403808594 14.486845970153809
v -8.536487579345703 38.47411346435547 14.65155029296875
v 36.656959533691406 -15.182430267333984 14.285360336303711
v 22.73131561279297 32.47441864013672 14.358905792236328
v 18.21698760986328 35 14.596120834350586
v 5.147754669189453 39.17047882080078 14.546234130859375
v -32.474422454833984 22.73131561279297 14.358905792236328
v -34.19691467285156 19.735008239746094 14.572785377502441
v -39.61574172973633 -0.002513885498046875 14.387479782104492
v -33.2955207824707 -21.22041893005371 14.572813034057617
v 34.19691467285156 -19.735013961791992 14.57278823852539
v 27.962570190429688 27.97380828857422 14.486865997314453
v -3.441455841064453 39.30669403076172 14.596108436584473
v -29.139694213867188 -26.710397720336914 14.515064239501953
v -25.527379989624023 -30.429828643798828 14.219625473022461
v -16.699954986572266 -35.828453063964844 14.515070915222168
v -11.933952331542969 -37.862674713134766 14.253854751586914
v -1.7229270935058594 -39.6021614074707 14.358940124511719
v 5.166011810302734 -39.19033432006836 14.515024185180664
v 15.133193969726562 -36.51786804199219 14.515047073364258
v 27.935203552246094 -27.93204689025879 14.54012680053711
v 32.42054748535156 -22.69418716430664 14.454195022583008
v 39.25746154785156 5.175392150878906 14.424398422241211
v -39.25746154785156 -5.175392150878906 14.424398422241211
v 37.806846618652344 -11.91400146484375 14.358903884887695
v 39.51214599609375 -1.7231941223144531 14.480932235717773
v 34.325843811035156 19.825157165527344 14.35891342163086
v -39.038475036621094 6.877288818359375 14.358940124511719
v -37.24695587158203 -13.563318252563477 14.358938217163086
v 1.7351951599121094 -39.60162353515625 14.358942031860352
v 37.22571563720703 13.551769256591797 14.387521743774414
v 25.501861572265625 30.400413513183594 14.290664672851562
v -6.903678894042969 39.132530212402344 14.181600570678711
v -27.973806381225586 27.962570190429688 14.486865997314453
v -30.40041160583496 25.501861572265625 14.290664672851562
v -35.1573486328125 -18.305614471435547 14.355731964111328
v 35.977745056152344 16.78101348876953 14.253875732421875
v -16.7810115814209 35.977745056152344 14.253875732421875
v -24.251882553100586 -31.606422424316406 13.960128784179688
v -21.337099075317383 -33.50149917602539 14.219610214233398
v -15.195449829101562 -36.697689056396484 14.219615936279297
v -8.588626861572266 -38.75871658325195 14.253829002380371
v -6.917476654052734 -39.2335090637207 13.96013355255127
v 6.897468566894531 -39.09508514404297 14.253868103027344
v 13.6260986328125 -37.435916900634766 13.960175514221191
v 22.850921630859375 -32.63363265991211 13.960163116455078
v 26.914955139160156 -29.371826171875 13.960156440734863
v 29.372459411621094 -26.91425895690918 13.960164070129395
v 16.858978271484375 36.152557373046875 13.795736312866211
v 5.199542999267578 39.497886657714844 13.96015739440918
v -13.630130767822266 37.44886779785156 13.919086456298828
v -36.152557373046875 16.858978271484375 13.795736312866211
v -38.50710678100586 -10.317344665527344 13.877908706665039
v -29.371826171875 -26.914953231811523 13.960156440734863
v 39.038475036621094 -6.87725830078125 14.358949661254883
v 38.90758514404297 8.625419616699219 13.919074058532715
v 38.007774353027344 11.983619689941406 13.919063568115234
v 31.63782501220703 24.275604248046875 13.836762428283691
v 21.4049072265625 33.599822998046875 13.96017837524414
v 1.740203857421875 39.84003448486328 13.836771011352539
v -11.983619689941406 38.007781982421875 13.919063568115234
v -24.275604248046875 31.63782501220703 13.836762428283691
v -33.599822998046875 21.4049072265625 13.96017837524414
v -39.524200439453125 5.204036712646484 13.877923965454102
v -39.13090515136719 -6.901622772216797 14.179198265075684
v -36.842777252197266 -15.259969711303711 13.836770057678223
v -34.53575134277344 -19.93836212158203 13.836772918701172
v 18.401535034179688 -35.34943389892578 13.919069290161133
v 34.53502655029297 -19.939613342285156 13.836782455444336
v 39.7261962890625 -3.476360321044922 13.83680534362793
v -18.395034790039062 -35.33754348754883 13.96015739440918
v 3.4731674194335938 -39.70058059692383 13.919055938720703
v 8.636032104492188 -38.95623016357422 13.755008697509766
v 32.64490509033203 -22.85842514038086 13.919099807739258
v 37.44886779785156 13.630130767822266 13.919086456298828
v 28.179908752441406 28.179641723632812 13.91903305053711
v 11.98397445678711 38.007667541503906 13.919065475463867
v 8.625747680664062 38.907508850097656 13.919092178344727
v -3.4738998413085938 39.71369934082031 13.877878189086914
v -28.179641723632812 28.179908752441406 13.91903305053711
v -38.007667541503906 11.98397445678711 13.919065475463867
v -38.90751266479492 8.625740051269531 13.919090270996094
v -3.4735107421875 -39.70055389404297 13.919050216674805
v 39.852195739746094 -0.00018310546875 13.919090270996094
v 39.71369171142578 3.473907470703125 13.87790298461914
v -39.85219955444336 0.00018310546875 13.919090270996094
v -39.71369171142578 -3.4739036560058594 13.87790298461914
v -31.605871200561523 -24.252595901489258 13.960135459899902
v 35.36072540283203 -18.408287048339844 13.877893447875977
v -21.42580795288086 33.63317108154297 13.83680534362793
v -31.636898040771484 24.27680206298828 13.836774826049805
v -0.00075531005859375 -39.878021240234375 13.83677864074707
v -44.76079559326172 -4.7276611328125 0
v -44.87967300415039 1.9558486938476562 1.5163121223449707
v -44.723045349121094 5.072380065917969 0
v -44.53841781616211 5.859931945800781 1.5163536071777344
v -43.9260368347168 9.739879608154297 1.0362701416015625
v -43.16276550292969 12.761466979980469 0
v -42.90766143798828 13.530502319335938 1.081838607788086
v -41.493499755859375 17.183799743652344 1.5583572387695312
v -38.3891487121582 23.497940063476562 0
v -39.84822082519531 20.739547729492188 1.5163335800170898
v -37.889007568359375 24.133628845214844 1.5163540840148926
v -33.725650787353516 29.807052612304688 0
v -35.641448974609375 27.34404754638672 1.5163049697875977
v -33.12263488769531 30.346336364746094 1.5163536071777344
v -29.54632568359375 33.95429229736328 0
v -30.351722717285156 33.117698669433594 1.5163540840148926
v -27.356910705566406 35.645469665527344 1.4738187789916992
v -23.201467514038086 38.56904602050781 0
v -25.804059982299805 36.855010986328125 1.0818724632263184
v -22.458187103271484 38.89246368408203 1.5583152770996094
v -16.15153694152832 42.011993408203125 0
v -17.189558029174805 41.491111755371094 1.5583529472351074
v -10.52963638305664 43.760780334472656 0
v -4.7276611328125 44.76079559326172 0
v -1.963104248046875 44.87934112548828 1.5163421630859375
v -0.808502197265625 45.00251007080078 0
v 1.9558448791503906 44.879669189453125 1.5163240432739258
v 5.072380065917969 44.723045349121094 0
v 5.860877990722656 44.549400329589844 1.4738717079162598
v 7.794185638427734 44.21770477294922 1.5997681617736816
v 12.761466979980469 43.16276550292969 0
v 13.5048828125 42.844215393066406 1.5163512229919434
v 16.47473907470703 41.88630676269531 0
v 17.183799743652344 41.493492126464844 1.5583600997924805
v 23.497940063476562 38.38915252685547 0
v 22.44750213623047 38.885284423828125 1.5997328758239746
v 25.806869506835938 36.853050231933594 1.0818638801574707
v 26.754310607910156 36.19512176513672 0
v 30.346336364746094 33.12263488769531 1.5163536071777344
v 29.807052612304688 33.72565460205078 0
v 33.95429229736328 29.54632568359375 0
v 33.117698669433594 30.351722717285156 1.5163540840148926
v 34.41010284423828 28.878265380859375 1.5163483619689941
v 36.400169372558594 26.474655151367188 0
v 36.856956481933594 25.80554962158203 1.0363245010375977
v 38.56904602050781 23.20146942138672 0
v 42.277793884277344 15.386051177978516 1.081833839416504
v 42.011993408203125 16.151535034179688 0
v 43.760780334472656 10.52963638305664 0
v 45.00251007080078 0.808502197265625 0
v 44.910972595214844 0.00312042236328125 1.5582666397094727
v 44.11077880859375 -8.950927734375 0
v 43.16276550292969 -12.761466979980469 0
v 41.88630676269531 -16.47473907470703 0
v 40.291046142578125 -20.062694549560547 0
v 38.38915252685547 -23.49793815612793 0
v 36.19512176513672 -26.754314422607422 0
v 34.41478729248047 -28.8726863861084 1.5163331031799316
v 33.72565460205078 -29.807052612304688 0
v 30.351730346679688 -33.117698669433594 1.5163540840148926
v 29.54632568359375 -33.95429611206055 0
v 27.356910705566406 -35.64546585083008 1.4738268852233887
v 26.474655151367188 -36.400169372558594 0
v 19.751670837402344 -40.444419860839844 0
v 16.151535034179688 -42.011993408203125 0
v 10.52963638305664 -43.76078414916992 0
v 9.737319946289062 -43.928707122802734 0.99102783203125
v 4.7276611328125 -44.76079559326172 0
v 5.863059997558594 -44.51494598388672 1.5997405052185059
v 0.808502197265625 -45.00251007080078 0
v -5.072380065917969 -44.723045349121094 0
v -9.740097045898438 -43.92809295654297 0.9910335540771484
v -8.950927734375 -44.11077880859375 0
v -16.47473907470703 -41.88630676269531 0
v -13.5048828125 -42.8442268371582 1.516343593597412
v -17.183801651000977 -41.493499755859375 1.5583548545837402
v -23.49793815612793 -38.3891487121582 0
v -20.739547729492188 -39.84822463989258 1.5163240432739258
v -24.176977157592773 -37.947601318359375 0.9910321235656738
v -40.444419860839844 -19.75167465209961 0
v -39.844852447509766 -20.746023178100586 1.5163288116455078
v -41.50135040283203 -17.194387435913086 1.5163536071777344
v -42.27778625488281 -15.386054992675781 1.0818533897399902
v -43.76078414916992 -10.52963638305664 0
v -43.4578971862793 -11.642742156982422 1.0818324089050293
v -44.239166259765625 -7.8042449951171875 1.5163283348083496
v -44.751007080078125 -3.9188613891601562 1.5163168907165527
v -40.644046783447266 0.02447509765625 11.854242324829102
v -40.1686897277832 3.5152053833007812 12.448772430419922
v -39.25278854370117 10.543087005615234 11.854262351989746
v -38.18454360961914 13.924064636230469 11.85425090789795
v -36.82567596435547 17.19908905029297 11.854246139526367
v -34.26570129394531 21.85869598388672 11.854204177856445
v -32.23014450073242 24.761917114257812 11.854316711425781
v -29.949357986450195 27.476730346679688 11.854316711425781
v -27.26217269897461 29.75408935546875 12.374192237854004
v -24.723081588745117 32.259925842285156 11.854331016540527
v -21.817392349243164 34.29198455810547 11.854248046875
v -17.15472984313965 36.84632873535156 11.854286193847656
v -13.878059387207031 38.20124816894531 11.854299545288086
v -10.495792388916016 39.26542663574219 11.854305267333984
v -7.033687591552734 40.03076934814453 11.854310989379883
v -3.5179595947265625 40.49150848388672 11.854263305664062
v 0.02448272705078125 40.644020080566406 11.854291915893555
v 3.5667381286621094 40.48722839355469 11.854280471801758
v 10.446395874023438 38.97954559326172 12.374191284179688
v 13.924049377441406 38.18450927734375 11.854301452636719
v 17.199066162109375 36.825645446777344 11.854296684265137
v 21.684326171875 34.03416442871094 12.374114036560059
v 26.144203186035156 31.119361877441406 11.854334831237793
v 28.51232147216797 28.50843048095703 12.445772171020508
v 33.30767059326172 23.29241180419922 11.854270935058594
v 34.03614044189453 21.681243896484375 12.374099731445312
v 36.84636688232422 17.154739379882812 11.854236602783203
v 39.26544952392578 10.49582290649414 11.854263305664062
v 40.29955291748047 5.280845642089844 11.85419750213623
v 40.606422424316406 1.748443603515625 11.854256629943848
v 40.604278564453125 -1.7973175048828125 11.854272842407227
v 40.02232360839844 -7.081844329833984 11.854246139526367
v 38.486778259277344 -12.136756896972656 12.374174118041992
v 36.82567596435547 -17.199087142944336 11.854246139526367
v 35.18653106689453 -20.343189239501953 11.854278564453125
v 32.01471710205078 -24.568031311035156 12.374242782592773
v 29.949378967285156 -27.47675895690918 11.854267120361328
v 28.48688507080078 -28.48914909362793 12.521824836730957
v 24.723098754882812 -32.25996398925781 11.854280471801758
v 21.681236267089844 -34.036109924316406 12.37417221069336
v 18.745624542236328 -36.0629997253418 11.854251861572266
v 15.531196594238281 -37.559532165527344 11.854290008544922
v 10.495796203613281 -39.26542663574219 11.8543119430542
v 7.033683776855469 -40.03076934814453 11.854320526123047
v 3.5179595947265625 -40.49150466918945 11.854272842407227
v -0.02448272705078125 -40.64401626586914 11.854301452636719
v -3.566741943359375 -40.48722457885742 11.854290008544922
v -7.08184814453125 -40.02228546142578 11.854305267333984
v -10.543075561523438 -39.25275802612305 11.854314804077148
v -13.924064636230469 -38.18454360961914 11.85425090789795
v -17.199087142944336 -36.82567596435547 11.854246139526367
v -20.343189239501953 -35.186527252197266 11.854278564453125
v -24.761945724487305 -32.230167388916016 11.854269027709961
v -29.982471466064453 -27.440673828125 11.854246139526367
v -32.25996398925781 -24.723100662231445 11.854280471801758
v -34.292015075683594 -21.817407608032227 11.85419750213623
v -36.0629997253418 -18.745624542236328 11.854251861572266
v -37.559532165527344 -15.531196594238281 11.854290008544922
v -38.770267486572266 -12.198558807373047 11.854257583618164
v -39.68592071533203 -8.773078918457031 11.854238510131836
v -40.299556732177734 -5.280845642089844 11.85419750213623
v -38.242740631103516 12.032035827636719 13.045316696166992
v -34.78022384643555 20.03662109375 12.88612174987793
v -13.73508071899414 37.664649963378906 13.045269012451172
v 5.208484649658203 39.75110626220703 13.045252799987793
v 12.03204345703125 38.24275207519531 13.045282363891602
v 16.920795440673828 36.34510803222656 13.045220375061035
v 37.92198944091797 13.800544738769531 12.374186515808105
v 39.39811706542969 -8.7362060546875 12.374170303344727
v 37.04859161376953 -15.319341659545898 13.045219421386719
v 20.066810607910156 -34.707393646240234 13.045221328735352
v 15.364891052246094 -37.029693603515625 13.045289039611816
v 8.701332092285156 -39.13525390625 13.045186996459961
v 5.257366180419922 -39.744667053222656 13.0452880859375
v -12.032039642333984 -38.242740631103516 13.04533576965332
v -15.319347381591797 -37.0485725402832 13.045255661010742
v -20.02408790588379 -34.732059478759766 13.045211791992188
v -24.386201858520508 -31.82123565673828 13.045309066772461
v -36.324256896972656 -16.965503692626953 13.045228958129883
v -38.718421936035156 -10.40011215209961 13.04527473449707
v 39.940452575683594 -3.4695968627929688 13.045297622680664
v -10.400100708007812 38.71842956542969 13.045257568359375
v 15.319355010986328 37.04859161376953 13.045202255249023
v 39.744659423828125 5.257358551025391 13.045306205749512
v -32.826412200927734 -23.015390396118164 13.045160293579102
v -44.49940490722656 1.96484375 2.711153984069824
v -44.09393310546875 5.787433624267578 3.1911211013793945
v -43.04298782348633 11.549659729003906 2.627809524536133
v -41.143741607666016 17.066062927246094 2.7111425399780273
v -39.49977493286133 20.587005615234375 2.711177349090576
v -37.54427719116211 23.94793701171875 2.7536520957946777
v -35.34664535522461 27.14238739013672 2.627772331237793
v -32.82554244995117 30.10881805419922 2.7111897468566895
v -28.63408851623535 34.14942169189453 2.627803325653076
v -25.530698776245117 36.499855041503906 2.711221694946289
v -22.244251251220703 38.578102111816406 2.7536568641662598
v -18.827720642089844 40.406211853027344 2.587001323699951
v -15.207275390625 41.85469055175781 2.753666400909424
v -11.525222778320312 43.061729431152344 2.587047576904297
v -7.708251953125 43.859535217285156 2.753697395324707
v -3.860309600830078 44.37517547607422 2.7111353874206543
v 0.021968841552734375 44.542747497558594 2.7111682891845703
v 5.832653045654297 44.182289123535156 2.627760410308838
v 9.613452911376953 43.41681671142578 3.2812747955322266
v 13.414787292480469 42.463157653808594 2.753655433654785
v 17.00666046142578 41.087852478027344 3.281247615814209
v 20.587013244628906 39.499778747558594 2.7111687660217285
v 25.566650390625 36.474693298339844 2.711212635040283
v 28.572715759277344 34.078880310058594 3.1911211013793945
v 31.512008666992188 31.48096466064453 2.7111544609069824
v 34.14942169189453 28.63408660888672 2.627803325653076
v 36.499855041503906 25.53070068359375 2.711221694946289
v 39.438621520996094 20.543441772460938 3.281371593475342
v 40.29895782470703 18.814376831054688 3.1455883979797363
v 41.87358093261719 15.220619201660156 2.6692004203796387
v 43.06172180175781 11.525222778320312 2.587080955505371
v 43.491661071777344 9.619361877441406 2.7112045288085938
v 44.17536163330078 5.796733856201172 2.669161796569824
v 44.542747497558594 -0.02196502685546875 2.7111754417419434
v 44.37134552001953 -3.904052734375 2.711158275604248
v 43.799522399902344 -7.705291748046875 3.1910505294799805
v 43.042991638183594 -11.54965591430664 2.6278042793273926
v 41.86065673828125 -15.256145477294922 2.669167995452881
v 40.36017608642578 -18.84446907043457 2.7111406326293945
v 38.553138732910156 -22.287487030029297 2.7536487579345703
v 35.335609436035156 -27.13776969909668 2.6692185401916504
v 31.4627685546875 -31.43375587463379 3.1456146240234375
v 28.614700317382812 -34.135841369628906 2.7112069129943848
v 25.5396728515625 -36.507381439208984 2.669217109680176
v 22.24425506591797 -38.578094482421875 2.753662586212158
v 18.814369201660156 -40.2989616394043 3.145599842071533
v 17.01848602294922 -41.151519775390625 2.7536544799804688
v 11.50732421875 -43.03066635131836 2.7111992835998535
v 7.708259582519531 -43.85953140258789 2.7537031173706055
v 1.9317703247070312 -44.535518646240234 2.587038040161133
v -1.9194297790527344 -44.433128356933594 3.145585060119629
v -5.8311004638671875 -44.19438171386719 2.5870041847229004
v -9.66280746459961 -43.47074508666992 2.753711223602295
v -13.415216445922852 -42.47456741333008 2.7111916542053223
v -17.064624786376953 -41.13241195678711 2.7536516189575195
v -20.51784896850586 -39.45890426635742 3.1456079483032227
v -23.94793128967285 -37.544281005859375 2.7536568641662598
v -27.059017181396484 -35.29276657104492 3.1911230087280273
v -30.108814239501953 -32.82554244995117 2.7111973762512207
v -32.855194091796875 -30.076452255249023 2.7111973762512207
v -35.36590576171875 -27.117277145385742 2.6277966499328613
v -36.50737762451172 -25.53968048095703 2.6692042350769043
v -38.578094482421875 -22.244258880615234 2.753657817840576
v -40.29896545410156 -18.814369201660156 3.1455931663513184
v -41.16054153442383 -17.025495529174805 2.711148738861084
v -42.47817611694336 -13.367164611816406 2.753654956817627
v -43.88044738769531 -7.718151092529297 2.669224739074707
v -44.51247787475586 -1.924560546875 2.6691579818725586
f 1 2 3
f 4 5 6
f 7 8 9
f 7 9 10
f 10 11 7
f 11 12 7
f 7 12 13
f 12 14 15
f 16 17 18
f 16 18 19
f 20 21 19
f 19 22 20
f 18 23 19
f 19 23 22
f 21 20 24
f 20 25 26
f 27 28 25
f 26 29 30
f 29 31 32
f 33 34 35
f 36 37 32
f 38 37 36
f 39 40 36
f 36 40 38
f 36 41 39
f 42 43 44
f 45 46 44
f 44 46 35
f 34 47 35
f 35 47 42
f 48 49 50
f 51 52 53
f 54 55 56
f 57 30 58
f 59 60 61
f 62 63 30
f 30 64 62
f 65 66 67
f 67 68 65
f 69 68 67
f 68 70 71
f 65 68 71
f 68 72 70
f 72 73 70
f 71 74 65
f 62 48 75
f 63 62 75
f 76 77 78
f 79 80 81
f 82 83 84
f 84 85 86
f 87 88 89
f 89 90 91
f 92 93 94
f 94 95 92
f 95 96 92
f 97 98 99
f 99 100 101
f 102 103 104
f 102 105 103
f 99 106 103
f 103 107 104
f 108 109 110
f 110 109 111
f 110 111 112
f 113 114 115
f 116 117 118
f 116 119 120
f 121 115 122
f 123 113 124
f 125 114 123
f 123 114 113
f 126 124 127
f 128 129 130
f 114 122 115
f 115 121 131
f 132 133 134
f 135 136 137
f 138 137 139
f 140 141 142
f 143 144 140
f 145 146 147
f 148 149 150
f 149 151 150
f 152 153 154
f 154 155 152
f 156 157 158
f 159 160 161
f 162 163 161
f 161 164 165
f 166 165 164
f 161 167 164
f 168 169 170
f 171 169 168
f 172 171 168
f 173 174 175
f 176 175 177
f 177 178 179
f 177 179 176
f 180 181 182
f 183 184 185
f 185 184 186
f 184 187 188
f 186 188 189
f 186 180 185
f 189 180 186
f 190 191 189
f 192 193 194
f 195 196 197
f 195 198 196
f 199 200 201
f 200 196 202
f 203 204 205
f 206 207 208
f 209 210 211
f 209 211 212
f 213 214 215
f 216 217 218
f 216 219 220
f 218 219 216
f 218 217 221
f 221 222 223
f 224 225 223
f 222 226 223
f 227 228 229
f 230 231 232
f 233 231 230
f 234 231 235
f 236 237 238
f 239 231 240
f 240 241 242
f 243 241 240
f 244 245 246
f 246 247 244
f 248 249 250
f 251 252 253
f 254 251 255
f 256 257 258
f 259 260 261
f 262 263 264
f 265 266 263
f 266 267 268
f 269 270 271
f 271 272 273
f 271 273 269
f 272 274 273
f 269 254 255
f 273 274 275
f 276 260 277
f 278 279 280
f 281 282 283
f 284 285 286
f 286 262 287
f 288 289 290
f 291 292 289
f 293 294 295
f 294 296 295
f 297 298 299
f 300 301 297
f 302 303 304
f 305 303 306
f 307 308 309
f 310 311 312
f 313 311 314
f 312 311 315
f 309 316 317
f 318 319 320
f 316 309 315
f 315 311 316
f 311 321 322
f 323 324 325
f 326 323 325
f 327 328 329
f 330 331 327
f 332 333 334
f 333 335 334
f 334 336 332
f 332 337 333
f 338 339 340
f 340 339 341
f 342 343 344
f 345 346 347
f 348 349 350
f 349 351 350
f 350 352 348
f 353 354 352
f 351 355 350
f 350 356 352
f 357 358 359
f 358 360 359
f 361 360 358
f 362 363 359
f 364 365 366
f 366 367 364
f 368 369 366
f 370 371 372
f 373 374 375
f 375 374 373
f 376 377 375
f 375 377 378
f 379 380 381
f 382 380 379
f 383 384 385
f 386 387 388
f 389 387 386
f 390 386 388
f 391 392 386
f 393 394 395
f 396 394 393
f 395 397 393
f 398 399 395
f 400 401 393
f 402 403 404
f 405 402 406
f 406 404 391
f 391 386 406
f 406 390 407
f 407 388 408
f 408 409 410
f 407 408 410
f 410 405 407
f 411 393 412
f 412 393 401
f 405 413 414
f 415 414 416
f 405 414 415
f 401 417 418
f 417 419 420
f 416 398 395
f 421 422 414
f 423 421 414
f 414 422 416
f 416 424 398
f 425 426 427
f 424 422 427
f 428 429 430
f 431 432 433
f 431 433 434
f 435 436 69
f 437 435 438
f 69 439 440
f 69 440 435
f 435 440 438
f 441 438 442
f 443 444 445
f 446 443 445
f 447 448 449
f 449 448 450
f 444 451 449
f 451 452 449
f 453 454 455
f 456 457 458
f 457 459 458
f 460 456 458
f 461 462 127
f 463 462 461
f 464 465 466
f 467 468 469
f 468 470 471
f 469 471 472
f 469 473 474
f 475 476 477
f 478 479 480
f 481 482 483
f 171 484 169
f 171 485 486
f 487 488 489
f 489 490 491
f 492 493 494
f 491 495 494
f 195 496 497
f 497 198 195
f 498 499 500
f 501 502 500
f 503 504 505
f 506 507 508
f 506 508 509
f 506 510 507
f 510 511 507
f 512 513 514
f 515 516 517
f 292 518 519
f 292 519 520
f 521 522 294
f 521 523 522
f 524 525 526
f 527 528 526
f 529 530 531
f 532 533 534
f 535 536 532
f 534 535 532
f 537 538 535
f 535 538 536
f 347 539 540
f 541 542 543
f 544 545 365
f 365 364 544
f 546 547 548
f 548 549 550
f 547 549 548
f 551 552 550
f 551 553 552
f 548 552 546
f 377 554 378
f 555 556 557
f 558 559 560
f 560 561 558
f 419 562 420
f 563 564 565
f 566 567 568
f 425 422 568
f 569 570 571
f 572 573 574
f 575 576 577
f 578 579 580
f 581 579 578
f 580 579 573
f 509 582 583
f 582 584 585
f 585 584 586
f 586 587 585
f 587 588 589
f 590 591 592
f 592 593 594
f 595 596 593
f 595 597 596
f 593 598 578
f 591 590 599
f 590 600 599
f 601 602 603
f 600 590 604
f 605 602 601
f 602 606 607
f 498 500 210
f 210 500 605
f 210 209 608
f 609 511 610
f 499 498 610
f 511 611 499
f 612 602 613
f 614 615 616
f 614 510 617
f 614 617 618
f 576 619 620
f 617 506 577
f 621 622 623
f 624 625 623
f 625 626 623
f 623 626 627
f 621 623 627
f 628 629 630
f 630 631 632
f 633 628 630
f 632 634 630
f 635 636 637
f 638 639 636
f 624 638 640
f 624 623 639
f 326 641 323
f 642 643 644
f 645 646 326
f 647 648 649
f 648 323 641
f 323 650 324
f 651 652 653
f 654 655 656
f 657 658 659
f 657 656 660
f 661 662 663
f 664 665 666
f 667 666 668
f 665 669 670
f 671 669 665
f 672 534 669
f 304 537 534
f 673 674 537
f 675 676 677
f 673 677 674
f 674 677 538
f 678 538 679
f 679 680 678
f 679 681 680
f 682 683 658
f 683 659 658
f 684 683 685
f 684 652 659
f 684 653 652
f 686 642 653
f 686 687 642
f 687 688 642
f 689 642 690
f 689 691 642
f 692 693 647
f 693 694 695
f 695 648 647
f 696 648 695
f 696 697 648
f 698 651 324
f 324 699 698
f 342 700 698
f 700 701 651
f 343 342 702
f 702 696 343
f 703 344 343
f 704 705 706
f 707 661 706
f 706 661 704
f 662 708 709
f 709 710 711
f 712 711 713
f 709 711 712
f 711 714 715
f 710 714 711
f 319 716 711
f 319 717 718
f 717 714 719
f 720 669 721
f 722 302 669
f 302 672 669
f 306 723 724
f 725 726 727
f 728 729 675
f 728 303 305
f 727 728 305
f 728 675 673
f 673 303 728
f 730 731 726
f 729 676 675
f 729 732 676
f 676 732 733
f 732 734 733
f 735 736 733
f 735 733 734
f 737 681 679
f 735 738 737
f 684 739 740
f 740 741 687
f 740 742 741
f 743 687 741
f 642 688 743
f 690 642 743
f 744 745 746
f 694 747 748
f 749 343 748
f 749 703 343
f 703 750 751
f 751 714 752
f 751 752 753
f 753 344 751
f 752 710 753
f 752 714 710
f 750 754 714
f 754 755 756
f 756 755 757
f 756 758 754
f 756 720 758
f 756 757 720
f 723 722 720
f 759 760 761
f 759 762 730
f 730 725 759
f 760 725 724
f 731 763 732
f 731 762 763
f 760 694 761
f 759 761 762
f 762 764 765
f 766 767 763
f 768 769 770
f 771 770 772
f 773 774 775
f 775 774 776
f 777 778 779
f 780 777 781
f 780 782 783
f 783 784 780
f 784 785 786
f 783 787 784
f 784 787 788
f 789 784 790
f 791 792 793
f 794 737 738
f 738 735 795
f 770 771 738
f 796 793 771
f 797 771 798
f 793 738 771
f 771 799 800
f 771 801 802
f 771 800 798
f 803 804 805
f 742 804 803
f 803 741 742
f 806 807 808
f 808 809 810
f 808 690 806
f 690 805 806
f 811 812 813
f 813 814 815
f 816 815 817
f 811 813 816
f 818 819 820
f 818 821 819
f 818 820 822
f 818 823 821
f 824 813 825
f 822 825 818
f 826 818 827
f 827 781 828
f 827 829 826
f 818 782 827
f 830 783 782
f 831 787 830
f 830 787 783
f 832 787 831
f 832 809 833
f 832 810 809
f 833 834 835
f 834 836 837
f 833 838 834
f 837 788 787
f 781 779 828
f 779 839 840
f 779 829 828
f 841 765 842
f 843 765 764
f 764 762 761
f 841 844 765
f 844 766 765
f 844 767 766
f 845 768 846
f 772 770 769
f 782 780 781
f 804 833 807
f 833 847 838
f 795 763 768
f 723 749 747
f 749 748 747
f 757 749 723
f 734 732 763
f 704 656 655
f 848 849 850
f 851 850 852
f 852 853 851
f 854 855 856
f 857 858 859
f 857 859 855
f 849 848 860
f 852 849 478
f 478 849 860
f 853 852 480
f 861 862 863
f 861 864 862
f 865 866 867
f 865 868 869
f 865 870 871
f 865 871 872
f 858 857 873
f 855 874 857
f 875 876 874
f 874 877 875
f 875 877 878
f 879 880 878
f 878 880 876
f 878 876 875
f 878 881 882
f 883 884 885
f 883 885 886
f 887 888 889
f 890 888 891
f 888 892 889
f 888 893 894
f 894 892 888
f 894 895 896
f 895 897 898
f 896 899 894
f 896 900 901
f 901 900 902
f 903 904 905
f 880 879 905
f 880 906 876
f 906 907 876
f 907 873 857
f 907 857 876
f 908 909 873
f 479 478 910
f 911 912 479
f 479 912 480
f 912 913 914
f 853 480 914
f 915 916 917
f 918 919 920
f 920 919 921
f 922 919 923
f 924 925 926
f 924 927 925
f 928 929 924
f 924 930 927
f 867 928 924
f 867 931 928
f 867 868 865
f 932 855 869
f 932 933 855
f 932 934 933
f 934 877 933
f 877 874 933
f 934 891 887
f 932 890 891
f 868 890 935
f 897 895 868
f 936 897 867
f 937 936 938
f 939 900 937
f 937 900 898
f 936 898 897
f 937 898 936
f 938 940 939
f 939 941 900
f 942 880 943
f 907 906 944
f 945 946 947
f 945 948 946
f 949 950 948
f 948 950 951
f 950 952 951
f 950 953 952
f 950 954 953
f 860 953 955
f 954 955 953
f 954 956 955
f 957 145 147
f 147 958 955
f 959 960 961
f 959 962 960
f 960 963 961
f 964 965 966
f 966 967 146
f 146 968 966
f 968 961 963
f 146 967 969
f 967 970 969
f 969 971 146
f 911 971 969
f 912 911 972
f 470 973 974
f 972 974 975
f 975 974 976
f 861 913 975
f 975 976 977
f 978 979 980
f 979 918 981
f 979 982 918
f 982 983 918
f 924 919 983
f 983 919 918
f 983 936 924
f 940 983 982
f 940 938 983
f 979 984 985
f 986 987 988
f 987 989 990
f 991 992 993
f 992 977 994
f 470 995 973
f 470 468 995
f 996 994 976
f 861 977 992
f 992 915 861
f 970 967 472
f 970 471 470
f 472 967 965
f 997 965 998
f 998 473 997
f 965 964 998
f 999 1000 998
f 1001 1002 1003
f 1004 1005 1003
f 1003 1006 1007
f 1005 1008 1006
f 1006 1009 1010
f 1008 1011 1009
f 1012 1013 1014
f 1013 1015 1016
f 1015 1017 1016
f 1018 1019 1016
f 944 906 942
f 1020 1021 93
f 1021 94 93
f 1022 1023 94
f 1023 1024 95
f 1025 95 1024
f 1013 1026 1023
f 1026 1024 1023
f 1024 1027 1025
f 1025 1028 1029
f 1027 1028 1025
f 1030 1031 1028
f 1028 1031 949
f 1028 949 1029
f 950 949 1031
f 1031 954 950
f 956 954 1032
f 1033 1034 959
f 1034 1002 1035
f 1034 1035 959
f 1036 1037 1038
f 1037 1039 1038
f 1038 1039 1040
f 1039 1041 1008
f 1040 1008 1005
f 1038 1040 1005
f 1030 1042 1039
f 1030 1027 1042
f 1042 1012 1043
f 1043 1014 1041
f 1024 1012 1042
f 1044 1045 1036
f 1046 96 1025
f 1046 1029 1047
f 1047 945 947
f 1048 1013 109
f 109 1049 1050
f 1051 1013 1048
f 1022 1021 111
f 1013 111 109
f 1021 1052 111
f 1052 1053 112
f 962 1035 1002
f 944 93 1054
f 939 988 1055
f 935 869 868
f 932 869 935
f 479 910 911
f 958 147 910
f 1056 873 909
f 701 700 655
f 1057 1058 1059
f 1058 1060 1061
f 1062 1057 1063
f 1063 1064 1062
f 1065 1066 1067
f 1068 1069 1070
f 1071 1072 1073
f 1071 553 1072
f 1070 1074 1071
f 1071 1074 1075
f 1076 1077 1071
f 1071 1077 553
f 1076 1078 1079
f 1078 1080 1081
f 1079 1082 1076
f 1083 1084 1081
f 1081 1085 1079
f 1086 1087 1084
f 1084 1088 1085
f 337 332 1089
f 337 1090 333
f 1091 335 1092
f 335 348 334
f 335 349 348
f 1093 1094 349
f 1091 1065 1093
f 1091 1095 1066
f 1066 1095 1096
f 1097 1069 1096
f 1097 1074 1069
f 1098 1080 1097
f 1097 1080 1078
f 1091 1092 1095
f 1099 336 1100
f 332 336 1086
f 1100 336 354
f 336 352 354
f 1101 1077 1082
f 1072 553 544
f 544 1073 1072
f 1070 1069 1074
f 327 1067 1102
f 367 1103 327
f 369 1103 367
f 367 366 369
f 1104 1105 1106
f 1104 453 1107
f 1108 1109 1104
f 1110 453 1111
f 1112 448 1111
f 1111 448 447
f 1111 447 1113
f 447 1114 1113
f 447 1115 1114
f 1114 1116 1113
f 1115 120 1117
f 1117 120 119
f 452 1118 120
f 1119 83 1120
f 117 1121 1120
f 446 1122 1123
f 446 1123 83
f 1122 1124 1123
f 1124 69 66
f 66 74 85
f 1125 118 117
f 1126 1127 1125
f 1127 119 118
f 1128 440 439
f 69 67 66
f 439 69 1124
f 1124 1122 1128
f 1128 1129 1130
f 1131 1132 1133
f 1131 1134 1132
f 1132 1134 1135
f 1132 1135 1112
f 1112 1135 448
f 1136 1109 442
f 97 1116 1117
f 105 1113 1116
f 97 103 105
f 1137 1113 105
f 105 1138 1139
f 76 1140 1141
f 1142 1143 1140
f 76 1144 1140
f 1145 1142 1140
f 1146 1147 433
f 1148 70 433
f 1149 1150 1151
f 1151 433 1149
f 1152 434 1151
f 1153 1154 1152
f 1155 1156 1157
f 1156 1158 1159
f 1160 1161 1158
f 1162 1163 1161
f 1161 1164 1165
f 1164 1166 1167
f 1167 1168 1169
f 1167 1170 1168
f 1142 1145 1169
f 1143 1170 1171
f 1172 1173 1174
f 1175 1174 1176
f 1177 1105 1107
f 1178 1179 1180
f 1181 1182 1183
f 1184 1185 1182
f 1186 1187 1188
f 1189 1190 1188
f 1191 1188 1192
f 1193 1192 1194
f 1195 1196 1197
f 1198 1195 1197
f 549 1196 1195
f 549 1195 1199
f 1200 1201 1202
f 1203 1202 1201
f 1201 1204 1203
f 1205 1206 1207
f 1208 1209 1210
f 1211 1212 1213
f 559 558 1211
f 1214 1215 559
f 1214 559 1216
f 1215 560 559
f 1215 1217 561
f 561 560 1215
f 1218 1219 561
f 1218 550 1199
f 1199 1202 1218
f 1220 551 1221
f 551 1220 545
f 545 553 551
f 1220 1222 545
f 1223 1224 1225
f 1217 1226 1223
f 1225 1227 1222
f 1228 1229 1230
f 1230 1224 1226
f 1214 1228 1226
f 1228 1214 1231
f 1216 1232 1231
f 1233 1234 1235
f 1232 1216 1236
f 1236 1233 1232
f 1212 380 1236
f 1237 1231 1235
f 1235 1231 1232
f 1238 380 382
f 1239 1240 1241
f 1239 1234 1238
f 1241 1234 1239
f 382 1239 1238
f 1206 1242 1243
f 1239 382 1206
f 379 381 1209
f 379 1209 1206
f 1206 1208 1244
f 1245 1240 1239
f 1246 1247 1248
f 1243 1246 1245
f 1248 1249 1250
f 1248 1250 1240
f 1250 1241 1240
f 1251 1237 1252
f 1252 1237 1235
f 1251 1253 1229
f 1251 1229 1237
f 1229 1228 1231
f 1254 1255 1253
f 1251 1254 1253
f 1253 1256 1257
f 1230 1229 1253
f 1256 1258 1227
f 1227 1257 1256
f 1227 1258 1259
f 1258 368 1259
f 1259 365 1222
f 1258 1260 368
f 1261 1262 368
f 368 1260 1263
f 1264 1265 1266
f 1267 1268 1269
f 1270 1271 1272
f 1272 1247 1270
f 1246 1273 1247
f 1243 1188 1187
f 1243 1274 1275
f 1246 1243 1178
f 1187 1181 1243
f 1181 1276 1243
f 1277 1271 1270
f 369 368 1262
f 1278 1279 1280
f 1281 441 1279
f 1282 1281 1283
f 1284 1285 1282
f 1286 1285 1284
f 1283 1281 1278
f 435 437 1287
f 1288 1289 1290
f 1289 1291 1290
f 1291 1292 436
f 1292 69 436
f 1293 1294 1292
f 73 1295 1150
f 1296 1297 1298
f 1296 1298 1295
f 1296 1299 1297
f 1297 1300 1298
f 1301 1300 1302
f 1303 1304 1302
f 1302 1305 1301
f 1301 1306 1298
f 1297 1307 1300
f 1300 1307 1160
f 1297 1308 1307
f 1309 1162 1160
f 1307 1309 1160
f 1309 1310 1311
f 1308 1310 1309
f 1309 1311 1162
f 1311 1312 1313
f 1310 1312 1311
f 1313 1163 1311
f 1163 1162 1311
f 1313 1314 1315
f 1316 1314 1313
f 1314 1317 1315
f 1166 1164 1315
f 1317 1318 1166
f 1318 1317 1319
f 1317 1320 1319
f 1318 1319 1321
f 1322 1171 1170
f 1323 1170 1321
f 1324 1325 1326
f 1327 1328 1329
f 1329 1330 1327
f 1331 1332 1330
f 1289 1288 1332
f 1333 1334 1335
f 1335 1289 1333
f 1335 1336 1291
f 1336 1299 1293
f 1329 1312 1337
f 1337 1310 1334
f 1310 1308 1334
f 1328 1312 1329
f 1338 1339 1316
f 1339 1320 1316
f 1320 1317 1314
f 1340 1319 1320
f 1341 1321 1319
f 1322 1323 1342
f 1338 1343 1344
f 1345 1346 1340
f 1347 1348 1349
f 1350 1348 1347
f 1351 1352 1353
f 1351 1354 1355
f 1353 1356 1351
f 1348 1357 1358
f 1348 1359 1357
f 1358 1360 1361
f 1358 1362 1348
f 1362 1349 1348
f 1363 1364 1365
f 1363 1366 1367
f 1363 1368 1352
f 1352 1369 1370
f 1370 1353 1352
f 1371 1372 1373
f 1371 1373 1374
f 1375 1376 1373
f 1361 1377 1358
f 1378 1363 1379
f 208 207 1380
f 1381 1376 1375
f 1381 1382 1376
f 1383 1379 1384
f 1385 1386 1387
f 1388 1389 1390
f 1391 1388 1392
f 1393 1394 1395
f 1380 1396 1397
f 1398 1399 1400
f 1398 1400 1401
f 1402 1403 1404
f 1358 1377 1405
f 528 527 1405
f 1406 528 1407
f 526 1408 1409
f 1410 524 1409
f 1384 1411 459
f 1412 1413 460
f 1412 1414 1413
f 1415 1414 1412
f 1414 1416 1413
f 1417 1413 1416
f 1417 1418 1419
f 1419 456 1417
f 1420 1419 60
f 1421 1422 456
f 1423 1383 457
f 1423 1424 1383
f 1423 1425 1426
f 1425 1427 1426
f 1428 1424 1426
f 1388 1385 1429
f 1388 1430 1397
f 1396 1394 1388
f 1431 1432 1433
f 1377 1403 1432
f 1434 1377 1432
f 1405 1377 1434
f 1435 1405 1434
f 1436 1437 1438
f 1436 1438 1407
f 1439 1407 1438
f 1439 1438 1440
f 1441 1406 1407
f 1442 1443 1444
f 1443 1406 1444
f 1445 1446 1443
f 1447 1410 1448
f 1448 1449 1450
f 1451 1452 1449
f 1453 1411 1454
f 1453 1455 1415
f 1456 1457 1458
f 1459 1458 1415
f 1458 1460 1414
f 1461 1414 1460
f 1462 1463 1464
f 1463 1465 1464
f 1418 1416 1464
f 1466 1418 1464
f 1467 60 1466
f 1468 1420 60
f 1467 61 60
f 1469 17 61
f 1469 18 17
f 17 1470 61
f 1469 1471 18
f 1472 14 1471
f 1471 14 12
f 1473 1474 1475
f 1476 1473 1475
f 1473 1477 1474
f 1474 1478 14
f 1478 1479 15
f 1478 1480 1479
f 1477 1480 1478
f 1481 1480 1477
f 1482 1481 1483
f 1484 1485 1481
f 41 1486 1484
f 1486 1487 1488
f 1487 1489 1488
f 1490 1491 1489
f 1492 13 1490
f 1484 34 41
f 1482 34 1484
f 1483 42 1482
f 1473 42 1483
f 1493 45 43
f 1476 43 42
f 1494 461 131
f 461 124 131
f 1494 137 461
f 461 134 133
f 137 1495 134
f 1494 144 1496
f 144 1497 1496
f 1496 1497 1498
f 143 1499 1497
f 1500 1498 1497
f 1501 1502 1503
f 1502 1504 1505
f 1506 1505 1504
f 1507 1508 1509
f 1509 1510 1511
f 1512 53 1513
f 1512 1514 1515
f 1516 1517 1514
f 1518 1515 1514
f 1518 1519 1520
f 1511 1521 1522
f 1507 1511 1522
f 1523 1505 1524
f 1508 1507 1524
f 1506 1524 1505
f 1525 1526 1503
f 1527 1528 1525
f 1527 1529 1528
f 1530 1531 1532
f 1533 1534 1531
f 1535 1533 1531
f 1536 1537 1538
f 1523 1536 1538
f 1539 1540 1541
f 1523 1538 1502
f 1502 1531 1542
f 1543 1544 1542
f 1543 1525 1503
f 1543 1545 1525
f 462 463 1546
f 1547 1548 1549
f 1550 1551 1552
f 1549 1553 1547
f 1554 1550 1547
f 1549 132 1553
f 1546 1549 1555
f 1556 1557 127
f 1558 126 1557
f 1557 126 127
f 1559 462 1560
f 1561 125 123
f 1562 1563 1564
f 1562 1565 1566
f 1562 1566 125
f 1562 125 1561
f 125 1567 1568
f 1568 114 125
f 1568 1567 114
f 1569 1570 1566
f 1571 1572 1569
f 1569 1573 1570
f 1573 1574 1570
f 1575 81 1574
f 122 1570 1574
f 1575 1576 91
f 89 88 90
f 1572 1576 1573
f 1572 1577 1576
f 1578 1579 1572
f 1579 1580 1581
f 1572 1582 1578
f 1578 1580 1579
f 1537 1583 1584
f 1537 1585 1586
f 1586 1585 1587
f 1588 1577 1581
f 1581 1589 1588
f 1577 1579 1581
f 1590 1591 1592
f 91 1593 1592
f 1594 1595 1596
f 1597 1598 1595
f 1595 1598 87
f 38 40 87
f 1599 1600 37
f 1599 1601 1600
f 29 32 64
f 64 30 29
f 62 1602 1603
f 1602 1604 1603
f 1605 1603 1604
f 1605 62 1603
f 1422 1605 1606
f 1422 1421 1605
f 1607 1425 1608
f 1425 1422 1608
f 1609 1610 1611
f 1611 1610 1612
f 1612 1426 1427
f 1612 1613 1614
f 1614 1426 1612
f 1614 1615 1426
f 1614 1616 1615
f 1615 1616 1430
f 1430 1429 1615
f 1430 1388 1429
f 1430 1617 1618
f 1619 1401 1618
f 1401 1397 1618
f 1620 1621 1622
f 1620 1622 1619
f 1622 1623 1619
f 1619 1624 1401
f 1622 1625 1623
f 1625 1402 1623
f 1626 1627 1625
f 1627 1431 1402
f 1628 1431 1627
f 1431 1629 1630
f 1631 1630 1629
f 1632 1434 1631
f 1436 1435 1434
f 1633 1634 1437
f 1437 1436 1632
f 1635 1438 1437
f 1634 1636 1635
f 371 1637 1638
f 1639 1640 402
f 1639 402 1638
f 1637 1639 1638
f 1636 1641 1637
f 1642 1643 1641
f 1636 1642 1641
f 1644 1645 1642
f 1644 1642 1636
f 1644 1631 1646
f 1646 1647 1645
f 1646 1648 1647
f 1646 1631 1629
f 1649 1650 1651
f 1648 1652 1647
f 1652 1653 1651
f 1652 1648 1628
f 1654 1651 1653
f 1655 1628 1626
f 1626 1628 1627
f 1626 1656 1657
f 1657 1656 1658
f 1625 1622 1656
f 1656 1659 1658
f 1660 1659 1661
f 1662 1660 1661
f 1661 1663 1662
f 1664 1665 1666
f 1666 1665 1667
f 1667 1616 1666
f 1668 1666 1616
f 1669 1670 1671
f 1671 1664 1666
f 1668 1671 1666
f 1668 1613 1671
f 1610 1669 1671
f 1610 1671 1613
f 1616 1613 1668
f 1616 1614 1613
f 1669 1610 1672
f 1673 1674 1675
f 1676 1677 1678
f 1678 1679 1680
f 1680 1675 1678
f 1681 1670 1682
f 1681 1683 1684
f 1684 1664 1681
f 1684 1685 1662
f 1686 1685 1687
f 1687 1688 1686
f 1686 1659 1660
f 1689 1690 1657
f 1691 1690 1689
f 1654 1649 1651
f 1649 1692 1693
f 1694 1695 1693
f 1643 1642 1695
f 1694 1696 1643
f 1696 1697 1698
f 1639 1641 1698
f 1696 1699 1697
f 1697 1699 403
f 402 1640 403
f 392 363 1700
f 1700 1701 1702
f 1701 543 1702
f 1701 1700 1703
f 1704 1705 541
f 1706 1707 541
f 1707 542 541
f 1708 1709 1707
f 1710 1711 1712
f 1713 1711 1710
f 1714 1715 1713
f 1716 1717 1718
f 1719 1720 1721
f 1719 1722 1720
f 1723 1724 1722
f 1723 1725 1724
f 1726 1727 1725
f 1727 1724 1725
f 240 1728 1725
f 1728 1729 1725
f 1730 1731 1725
f 1730 1732 1733
f 1734 1735 1736
f 1737 1735 1734
f 1735 1737 1738
f 1738 1739 1735
f 1740 1741 1739
f 1740 1738 1742
f 1738 1743 1744
f 1738 1744 1455
f 1455 1742 1738
f 1745 1743 1746
f 1745 1459 1455
f 1745 1746 1747
f 1747 1456 1745
f 1456 1459 1745
f 1748 1749 1747
f 1749 1456 1747
f 1750 1751 1749
f 1752 1751 1750
f 1457 1749 1751
f 1753 1754 1755
f 1755 1754 1756
f 1465 1463 1756
f 1757 1758 1759
f 1471 1469 1760
f 1475 1761 1762
f 1762 1763 1493
f 1764 1493 1763
f 1765 1766 1763
f 1767 80 1764
f 1766 1768 1769
f 1770 1771 141
f 1772 1773 1774
f 1774 1775 1771
f 1774 1776 1777
f 1777 1778 1774
f 1779 1780 1778
f 1777 1779 1778
f 1781 1782 1783
f 1782 1784 1783
f 1785 1786 1787
f 1787 1788 1785
f 1789 1790 1791
f 1791 1790 1792
f 1792 1793 1791
f 1792 1794 1795
f 1796 1792 1795
f 1794 1797 1795
f 1795 1798 1796
f 1799 1519 1800
f 1799 1585 1519
f 1801 1800 1519
f 1802 1801 1803
f 1796 1798 1803
f 1792 1796 1793
f 1804 1791 1793
f 1805 1806 1804
f 1804 1789 1791
f 1807 1808 1809
f 1806 1807 1810
f 1811 1812 1785
f 1812 1813 1785
f 1786 1785 1813
f 1814 1815 1816
f 1816 1815 1817
f 1815 1818 1817
f 1819 1784 1818
f 1819 1818 1820
f 1821 1778 1780
f 1822 1775 1778
f 1819 1823 1824
f 1824 1825 1821
f 1819 1820 1823
f 1820 1818 1826
f 1815 1814 1827
f 1816 1828 1814
f 1828 1829 1830
f 1830 1831 1828
f 1831 1832 1828
f 1829 1833 1830
f 1834 1830 1835
f 1833 1836 1835
f 1836 1807 1835
f 1835 1837 1838
f 1837 1805 1839
f 1796 1517 1840
f 1517 1516 1840
f 1803 1517 1796
f 1841 1512 1842
f 1510 1843 1834
f 1843 1509 1844
f 1844 1845 1846
f 1847 1848 1823
f 1826 1846 1847
f 1847 1846 1845
f 1849 1825 1848
f 1824 1823 1848
f 1506 1850 1825
f 1504 1822 1850
f 142 1851 1504
f 1504 1501 142
f 1508 1847 1845
f 1509 1845 1844
f 1513 53 1852
f 1514 1512 1841
f 1812 1833 1829
f 1799 1587 1585
f 1799 1853 1854
f 1799 1855 1856
f 1799 1856 1857
f 1799 1858 1855
f 1858 1859 1860
f 1858 1861 1862
f 1863 1864 1861
f 1863 1865 1864
f 1863 1866 1865
f 1577 1867 1868
f 1869 1870 1871
f 1872 1873 1869
f 1874 1596 1873
f 1875 1876 1597
f 1875 1877 1876
f 1598 1597 1876
f 1877 1878 1876
f 1879 1880 1881
f 1881 1880 1882
f 1882 1883 1599
f 1883 1884 1601
f 1884 1676 1602
f 1676 1674 1602
f 1602 1674 1673
f 1884 1677 1676
f 1885 1886 1679
f 1886 1680 1679
f 1887 1680 1886
f 1687 1683 1888
f 1889 1890 1891
f 1892 1893 1691
f 1894 1895 1692
f 1692 1895 1896
f 1699 1696 1897
f 1898 1899 1900
f 1899 1901 404
f 404 403 1899
f 1901 1902 1903
f 1904 358 1903
f 1903 1905 1904
f 1904 1905 361
f 361 358 1904
f 1906 1907 360
f 361 1906 360
f 1906 1908 1907
f 1909 360 1907
f 1909 1910 360
f 1911 362 1910
f 1912 362 1911
f 1913 1703 1911
f 1911 1703 1912
f 1913 1914 1915
f 1916 1917 1914
f 1918 1919 1920
f 1920 1919 1921
f 1922 1923 1920
f 1920 1924 1918
f 1918 1925 1919
f 1924 339 1926
f 1926 339 1925
f 322 1927 1928
f 1928 1929 322
f 1930 1927 1931
f 347 1932 1933
f 338 1933 1932
f 346 1930 1931
f 1934 1935 1936
f 1937 1938 1939
f 1940 1939 1941
f 1940 1937 1939
f 1940 1942 1937
f 1943 1942 1940
f 1944 1937 1942
f 1945 1944 1946
f 1944 1947 1946
f 1706 1946 1947
f 1705 1946 1706
f 1948 1949 1947
f 1947 1949 1706
f 1949 1709 1708
f 1713 1709 1950
f 1950 1716 1713
f 1951 1717 1716
f 1952 1717 1951
f 1952 1953 1717
f 1954 1955 1956
f 1957 245 1954
f 1957 1958 1959
f 246 245 1959
f 1960 1961 1962
f 1962 1961 246
f 1960 1963 1964
f 1964 1965 1961
f 1964 1966 1967
f 1968 1969 1970
f 1971 1972 1973
f 1974 1975 1972
f 1975 1976 1972
f 1972 1976 1977
f 1972 1977 170
f 1978 1774 1773
f 1978 1776 1774
f 1979 1978 1773
f 1978 1980 1776
f 1776 1980 1981
f 1982 1983 1781
f 1984 166 1985
f 185 182 1986
f 1987 159 1988
f 1988 161 1989
f 1989 161 165
f 1990 163 1991
f 1991 1992 1990
f 1993 1990 1994
f 1995 1996 1997
f 1998 1999 2000
f 2001 2002 2003
f 2002 2004 2005
f 2003 2002 2005
f 2005 1794 2003
f 2006 2007 2008
f 2009 2010 1867
f 2011 1869 1871
f 2012 2004 2013
f 2012 1874 1872
f 2013 2002 1999
f 1999 2014 2013
f 2013 2014 2012
f 2015 2016 1999
f 1999 2016 2014
f 2017 2018 2019
f 1878 1877 2020
f 2021 2022 2023
f 2024 2025 1878
f 1880 1879 2024
f 2024 2022 1880
f 1880 2026 2027
f 2026 2028 2027
f 1880 2027 1883
f 2022 2029 1880
f 2029 1885 2028
f 2030 2031 1886
f 2030 2032 2031
f 2032 2033 2031
f 2033 1888 2034
f 2035 2036 1888
f 2037 1888 2036
f 2038 2037 2036
f 2038 2039 2037
f 2039 1889 1688
f 1892 1890 2040
f 2040 2041 2042
f 2042 2043 2044
f 1894 2044 1895
f 2045 1895 2046
f 2045 1896 1895
f 2047 2048 2049
f 2048 2050 1898
f 1898 2050 2051
f 2051 1899 1898
f 2052 1902 2051
f 2052 2051 2053
f 2053 2054 2052
f 2052 2055 2056
f 2056 1903 2052
f 2057 1905 2056
f 2058 2059 2057
f 361 1905 2057
f 2059 2058 2060
f 2060 2061 2059
f 2059 2061 1906
f 2059 1906 361
f 1908 1906 2061
f 1911 2062 2063
f 2064 1911 2063
f 2065 2066 2063
f 2063 2067 2064
f 2066 2067 2063
f 2067 1916 2064
f 2068 1943 2069
f 2070 2071 2072
f 2072 2071 297
f 2070 2072 1942
f 297 2071 300
f 2073 2074 2075
f 270 2076 2077
f 228 2078 2077
f 216 2079 2078
f 2080 2081 2078
f 2082 2083 2084
f 2084 2083 2085
f 2084 2079 2082
f 2086 2083 2082
f 2086 2087 188
f 2088 2089 191
f 2090 2091 2089
f 160 180 2089
f 2092 162 160
f 2093 2094 2095
f 2096 162 2095
f 2097 2098 2096
f 1992 1991 2096
f 2098 1992 2096
f 2098 1997 1992
f 2099 2100 2015
f 2101 2102 2103
f 2103 2104 2100
f 2105 2106 2107
f 2105 2104 2108
f 2107 2104 2105
f 2105 2109 2106
f 2109 2110 2111
f 2111 2110 2112
f 2112 2113 2114
f 2114 2113 2115
f 2115 2020 2114
f 2115 2030 2116
f 2021 2020 2115
f 2029 2022 2116
f 2117 2032 2118
f 2118 2032 2030
f 2117 2119 2032
f 2120 2121 2122
f 2038 2121 2039
f 2121 2123 1889
f 2121 1889 2039
f 2124 2125 2043
f 2125 2126 2044
f 2047 2044 2126
f 2126 2127 2047
f 2048 2047 2127
f 2127 2128 2129
f 2129 2048 2127
f 2128 2130 2131
f 2132 2054 2133
f 2134 2056 2055
f 2135 2056 2134
f 2135 2136 2058
f 2135 2058 2056
f 2137 2060 2136
f 2136 2060 2058
f 2138 2061 2060
f 2138 2139 2061
f 2140 2141 2142
f 2062 2065 2063
f 2143 2144 2065
f 2062 2145 2146
f 2147 2148 2149
f 2150 2148 2147
f 2069 2150 2147
f 2071 2151 2147
f 2152 2153 2154
f 2155 2075 2074
f 2156 2155 2157
f 2157 2158 2156
f 2159 2160 2161
f 2160 272 271
f 2160 271 270
f 2160 283 272
f 2162 2163 2164
f 281 2165 2163
f 2166 2167 2168
f 2166 2169 2170
f 2169 2132 2170
f 2171 2172 2173
f 2174 2175 2172
f 2132 2130 2173
f 2174 2172 2171
f 2176 2177 2171
f 2178 2177 2179
f 2180 2177 2178
f 2179 2181 2178
f 2181 2182 2178
f 2181 2126 2182
f 2126 2125 2182
f 2183 2184 2185
f 2185 2123 2186
f 2120 2187 2183
f 2188 2180 2184
f 2189 2190 2174
f 2174 2191 2175
f 2175 2192 2193
f 2194 2195 2196
f 281 2197 2198
f 281 2198 282
f 2199 274 257
f 274 272 283
f 2200 275 274
f 254 269 277
f 275 2200 277
f 277 259 2201
f 2201 252 254
f 2201 254 277
f 277 2200 276
f 2200 2202 276
f 2203 256 261
f 2203 261 2204
f 256 2205 261
f 224 282 2206
f 2207 2208 2209
f 2210 2211 2212
f 2212 2195 2213
f 2213 2195 2214
f 214 213 2215
f 2191 214 2215
f 2191 215 214
f 2216 215 2191
f 2189 2217 2216
f 2188 2183 2218
f 2219 2220 2221
f 2219 2218 2222
f 2222 2223 2224
f 2225 2226 2224
f 2227 2225 2228
f 2118 2113 2117
f 2030 2115 2113
f 2228 2229 2117
f 2229 2119 2117
f 2225 2230 2229
f 2229 2231 2119
f 2230 2232 2231
f 2223 2232 2230
f 2120 2122 2232
f 2226 2227 2110
f 2233 2234 2226
f 2220 2222 2234
f 2235 2236 2220
f 2235 2237 2236
f 2237 2238 2236
f 2239 2237 2240
f 2239 2240 2109
f 2105 2241 2239
f 2242 2243 2241
f 2242 2238 2243
f 2244 2245 2242
f 2242 2245 2238
f 2246 2247 2245
f 2245 213 2248
f 2249 2250 2247
f 2250 2211 2210
f 2210 213 2247
f 2210 2247 2250
f 2251 2252 2211
f 2208 2253 2254
f 2254 2206 2208
f 249 258 2255
f 258 224 2255
f 224 226 2255
f 2254 2253 2256
f 2211 2250 2251
f 2250 2257 2094
f 2250 2249 2257
f 2249 2246 2257
f 2258 2094 2257
f 2246 2259 2257
f 2258 2257 2260
f 2258 2260 2097
f 2101 2098 2260
f 2101 2261 2102
f 2260 2259 2244
f 2260 2244 2261
f 2244 2242 2241
f 2093 2092 2251
f 2095 2092 2093
f 2262 2090 2263
f 2262 2264 220
f 2264 216 220
f 2265 2086 2266
f 2266 2267 2265
f 190 194 2268
f 204 2269 2262
f 204 2264 2269
f 2267 2266 2264
f 2265 2267 192
f 205 193 203
f 2087 194 190
f 238 2270 248
f 238 2271 2270
f 2272 2273 2274
f 2272 2275 2273
f 2276 229 2275
f 2277 2278 2279
f 236 2280 2281
f 238 237 2272
f 238 2272 2271
f 237 2276 2275
f 2276 2278 2277
f 2276 2277 229
f 2281 2278 2282
f 2280 236 238
f 2215 2192 2191
f 2195 2194 2214
f 2207 2283 2284
f 2207 2284 2285
f 2206 282 2198
f 2186 2123 2121
f 2130 2176 2171
f 2286 2054 2132
f 2287 2286 2288
f 2287 2054 2286
f 2289 2134 2290
f 2291 2290 2288
f 2289 2135 2134
f 2292 2136 2293
f 2294 2295 2137
f 2296 2140 2139
f 2296 2297 2140
f 2297 2141 2140
f 2298 2145 2299
f 2145 2297 2299
f 2300 2299 2301
f 2302 2303 2147
f 2304 2303 2302
f 2071 2147 2303
f 2304 300 2071
f 2305 2153 2306
f 2306 301 2305
f 2155 2074 2307
f 2155 2308 2309
f 2310 2159 2161
f 2311 2312 2162
f 2313 2312 2311
f 2314 2166 2197
f 2315 2286 2314
f 2315 2313 2316
f 2317 2318 2319
f 2319 2320 2316
f 2321 2322 2323
f 2324 2325 2326
f 2326 2296 2295
f 2327 2297 2325
f 2325 2297 2296
f 2328 2329 2330
f 2328 2331 2329
f 2302 2332 2333
f 2304 2334 2305
f 2335 2153 2305
f 2336 2307 2337
f 2336 2155 2307
f 2308 2155 2336
f 2338 2339 2164
f 2164 2339 2340
f 2317 2313 2311
f 2341 2326 2342
f 2341 2324 2326
f 2327 2325 2324
f 2343 2299 2327
f 2344 2345 2299
f 2328 2346 2347
f 2305 2334 2335
f 2348 2349 2335
f 2350 2310 2351
f 2310 2352 2351
f 2353 2354 2350
f 2339 2338 2355
f 2356 2357 2358
f 2359 2318 2360
f 2361 2362 2363
f 2362 2361 2364
f 2364 2365 2362
f 2366 2367 2368
f 2367 2369 2368
f 2367 2370 2369
f 2371 2324 2370
f 2372 2373 563
f 2374 2375 2347
f 2348 2335 2375
f 2376 2377 2378
f 2378 2379 2376
f 2380 2336 2378
f 2381 2382 2383
f 2383 2382 2384
f 2384 2350 2383
f 2385 2386 2387
f 2387 2386 2388
f 2389 384 2390
f 2390 2366 2389
f 2391 2370 2367
f 2392 563 2373
f 2393 2375 2374
f 2377 2376 2394
f 2394 2376 2348
f 2381 2395 2382
f 2396 2384 2382
f 2397 2398 2399
f 2400 2361 2401
f 2401 2402 2400
f 385 2364 2400
f 385 2400 2402
f 2403 2391 2390
f 563 2392 2404
f 563 2405 2406
f 564 2407 2408
f 2409 2410 2407
f 2409 2411 2412
f 2412 2413 2414
f 2395 2414 2413
f 2415 2398 2416
f 2398 2396 2416
f 2399 2415 2417
f 2418 2402 2417
f 383 2402 2418
f 2403 2419 2420
f 2420 2406 2405
f 2420 2405 2404
f 2421 564 2406
f 2406 2419 2418
f 2422 2415 2413
f 2410 2393 2408
f 565 2408 2393
f 2364 384 2389
f 2103 2098 2101
f 2085 2081 2080
f 187 2423 2085
f 2085 2083 187
f 2085 2424 2081
f 2081 2424 2425
f 2081 2425 2426
f 2077 2081 2426
f 2427 2428 2429
f 2430 2431 2075
f 2428 2432 2431
f 2432 279 278
f 2433 2434 2432
f 2435 280 2434
f 2434 280 279
f 2435 2436 280
f 2437 2438 2073
f 2073 278 2437
f 298 2073 2438
f 2438 1948 298
f 2439 288 1950
f 1951 290 292
f 292 2440 2441
f 292 2441 2442
f 2443 2444 2445
f 2446 2443 292
f 1963 1960 2447
f 2448 2449 2450
f 2450 1963 2451
f 2452 2453 2454
f 2454 2455 2456
f 2457 530 529
f 2458 531 530
f 2459 2460 2461
f 2462 292 520
f 292 291 2463
f 2439 2464 288
f 2438 2464 2439
f 2437 2436 2464
f 2465 289 2464
f 2466 289 2465
f 291 295 296
f 516 522 523
f 516 523 2467
f 2467 2468 516
f 2467 2469 2468
f 2467 523 284
f 287 268 284
f 2468 2469 517
f 2469 512 517
f 516 294 522
f 296 294 516
f 289 2466 295
f 2466 293 295
f 2464 2470 2471
f 2472 263 262
f 2435 263 2472
f 2435 2473 263
f 265 263 2473
f 2434 2474 2473
f 2434 2433 2474
f 2475 2476 2477
f 2433 2477 2478
f 2479 2478 2477
f 2476 2480 2477
f 2479 2480 2481
f 2482 1981 1980
f 2480 2482 2481
f 2480 2424 2482
f 2425 2480 2427
f 2480 2476 2483
f 2429 2426 2425
f 2483 2428 2427
f 2428 2475 2432
f 2475 2433 2432
f 1978 1976 2478
f 2478 2479 1978
f 1976 1975 2484
f 265 2473 2485
f 265 2485 513
f 1966 2449 514
f 1966 1964 2449
f 2486 1967 2487
f 2488 2486 2487
f 2488 1971 2486
f 2489 1974 2488
f 2488 1974 1971
f 2472 2436 2435
f 2490 262 2470
f 2470 286 285
f 2438 2437 2464
f 251 2274 2076
f 255 251 2076
f 2002 2001 1999
f 2011 2491 2004
f 1871 2491 2011
f 1802 2492 1800
f 2008 2492 1798
f 1790 2493 2003
f 1993 1994 1788
f 1788 2494 1993
f 2494 161 1990
f 1990 161 163
f 1987 2495 2496
f 181 2496 2495
f 2497 1977 1979
f 2498 485 172
f 485 2498 2499
f 156 158 2500
f 2500 2501 2502
f 2502 2503 149
f 2502 2501 2503
f 158 2504 2501
f 155 150 2505
f 2506 150 155
f 2505 2507 152
f 482 2508 483
f 2506 2508 150
f 2509 148 2508
f 483 154 475
f 2510 2507 2505
f 2507 2510 157
f 1772 2511 2507
f 1766 1765 2512
f 2513 144 1766
f 1765 2514 2512
f 2515 2516 2517
f 2517 153 2515
f 2517 154 153
f 2518 2519 2520
f 2521 2520 2514
f 2514 1761 2521
f 2522 2523 2518
f 2521 2524 2522
f 2525 2522 2524
f 2526 1472 2525
f 1475 2526 2524
f 1754 1472 1759
f 2527 2528 2523
f 2519 2523 2529
f 2530 2531 2529
f 154 2516 2531
f 2532 2533 2534
f 475 2535 2536
f 2537 2538 484
f 2538 493 1969
f 493 2539 1969
f 493 492 2539
f 1967 2539 2540
f 2541 2542 2543
f 2542 2544 247
f 2542 1965 2543
f 2545 2546 2547
f 2548 2547 2546
f 2549 2550 2551
f 2552 241 2549
f 2551 2550 2548
f 2553 2554 2555
f 505 504 2555
f 2555 2556 2553
f 2556 2557 2553
f 504 503 2556
f 2556 2558 2559
f 2560 2559 2561
f 2562 242 2552
f 2563 2564 2565
f 241 243 2550
f 2566 2547 2550
f 2566 2567 2547
f 2544 2568 2569
f 492 495 2541
f 2537 493 2538
f 178 2570 2571
f 2572 2573 2574
f 2575 464 2572
f 2576 2572 2577
f 2575 2572 2576
f 2578 464 2575
f 2579 2573 2572
f 2580 173 2581
f 2582 2583 2581
f 2582 2584 2585
f 2584 2586 2585
f 2587 2585 2586
f 2588 2586 464
f 464 466 2588
f 466 1752 2589
f 2588 466 2589
f 2590 2587 2588
f 2589 1750 2591
f 2592 2593 2590
f 2593 2594 2587
f 2593 2595 2594
f 2596 2595 2593
f 2594 2595 2597
f 2598 2599 2597
f 2595 2598 2597
f 2600 2598 2601
f 2601 2602 2603
f 2600 2604 2605
f 2600 2606 489
f 2607 2608 2601
f 2609 2610 2607
f 2607 2610 2608
f 2611 2558 503
f 503 2601 2608
f 503 2608 2611
f 2610 2561 2611
f 2561 2559 2611
f 2609 2561 2610
f 2598 2607 2601
f 2595 197 2598
f 2596 2612 195
f 2613 2614 2615
f 1746 2616 2614
f 1743 2617 2616
f 1746 1743 2616
f 2616 2617 2618
f 2618 2614 2616
f 2619 2615 2620
f 1732 1730 2619
f 1729 496 2621
f 2621 496 2619
f 2620 1732 2619
f 2618 1734 1732
f 2618 2617 1737
f 2591 1748 1746
f 173 2622 2623
f 178 2624 179
f 2625 2622 176
f 2626 2528 2627
f 1755 466 465
f 2507 2628 2497
f 2507 157 2628
f 2497 2628 170
f 1977 2497 170
f 2504 158 157
f 150 151 2505
f 244 1955 245
f 244 1721 2629
f 2629 1955 244
f 2630 1955 2629
f 2631 1956 1955
f 244 2567 1721
f 1705 2632 1946
f 1704 2632 1705
f 1938 2633 1935
f 1938 1935 1939
f 311 2634 1938
f 539 1931 322
f 2635 540 539
f 1937 1945 539
f 2632 1919 2635
f 1700 1912 1703
f 1884 1883 2027
f 1787 2636 167
f 164 167 2637
f 167 2636 2637
f 1752 466 1755
f 1739 2638 1735
f 2639 1736 2640
f 1733 1736 2639
f 2641 1731 2642
f 1726 2643 2644
f 2644 2645 1727
f 2644 1727 1726
f 2646 2647 2645
f 2647 1720 1722
f 2646 2648 2647
f 2648 2646 2649
f 2650 2651 2649
f 2649 2630 2629
f 2649 2646 2652
f 2653 2654 2655
f 2644 2643 2654
f 2656 2654 2657
f 2656 2655 2654
f 2658 2659 2660
f 2661 2660 2659
f 2662 2639 2659
f 2657 2663 2656
f 2656 2664 2665
f 2655 2656 2665
f 2666 2667 2665
f 2665 2667 2655
f 2667 2668 2655
f 2669 2670 2671
f 2669 1718 2670
f 2672 1714 1718
f 2672 1718 2673
f 1715 2672 1711
f 1712 1711 2674
f 2674 542 1712
f 2675 543 542
f 2676 2677 2675
f 387 389 2678
f 2678 2679 2680
f 2680 2681 387
f 2681 2680 428
f 2680 2682 428
f 428 2683 2681
f 2681 2683 388
f 2681 388 387
f 409 430 2684
f 423 413 2684
f 423 414 413
f 2684 2685 421
f 421 423 2684
f 566 2685 2686
f 2686 2687 566
f 2678 2676 2688
f 567 2689 2690
f 2676 2674 2690
f 2691 2692 2693
f 2691 2693 2694
f 2694 2695 2691
f 2664 2696 2697
f 2698 2696 2664
f 2697 2666 2664
f 2699 2700 2664
f 2701 2702 2691
f 2701 2696 1445
f 562 2703 2690
f 562 2692 2702
f 2703 426 425
f 2690 2692 562
f 562 2704 2703
f 2705 2706 562
f 562 556 2707
f 1442 554 2706
f 1440 2708 554
f 2709 2710 2666
f 2709 2673 2710
f 2693 2674 2711
f 2674 2676 542
f 2709 2693 2712
f 2709 2694 2693
f 2676 2675 542
f 2713 2687 2714
f 2684 430 2685
f 2683 428 409
f 2656 2699 2664
f 2658 2660 2663
f 2668 2646 2653
f 1452 1451 2638
f 2715 1739 1741
f 1729 1728 2716
f 1719 2567 1723
f 542 1707 1712
f 2677 392 1702
f 1637 1635 1636
f 1270 1178 2717
f 2718 1249 1272
f 2719 1267 1254
f 1267 2720 1255
f 1255 1254 1267
f 2720 1265 1255
f 1265 1260 1258
f 1255 1265 1256
f 2721 2722 1242
f 2722 2723 1242
f 2724 2725 2726
f 1219 1203 561
f 1203 558 561
f 1150 2727 2728
f 1169 1159 1165
f 2729 77 2730
f 2731 1067 327
f 511 510 2732
f 508 507 609
f 609 584 508
f 586 584 609
f 590 212 604
f 2733 592 591
f 2734 595 2735
f 584 509 508
f 2736 2703 2704
f 2736 426 2703
f 2704 2737 2736
f 2738 426 2736
f 2739 427 2738
f 2740 2739 2738
f 2741 397 399
f 419 400 2741
f 2742 2704 419
f 2743 2740 2742
f 2743 2744 2740
f 2745 427 2739
f 2746 2745 2739
f 2741 399 2744
f 401 400 419
f 555 557 570
f 570 569 2707
f 569 420 2707
f 569 571 418
f 2747 374 2708
f 2748 376 370
f 374 375 2749
f 2469 267 513
f 267 266 265
f 2750 2751 198
f 2750 2752 2753
f 2750 2754 2755
f 497 2716 2750
f 2750 2716 231
f 231 2756 2750
f 2756 2757 2750
f 497 496 2716
f 493 174 494
f 450 1135 1134
f 2758 396 393
f 352 336 334
f 340 2759 2760
f 1929 317 316
f 2761 2201 259
f 2761 252 2201
f 2275 228 2273
f 2762 2763 2764
f 134 2763 132
f 132 2763 1553
f 124 113 115
f 123 126 1558
f 88 45 79
f 1468 2765 48
f 2766 63 48
f 2766 50 54
f 2767 57 6
f 57 2768 6
f 6 5 24
f 4 2769 16
f 4 2768 2769
f 57 61 1470
f 33 35 46
f 40 33 46
f 29 2770 31
f 2771 2770 28
f 27 2771 28
f 2772 2773 2774
f 2774 2773 2775
f 1 3 2775
f 2776 2777 1
f 1 2771 2
f 2770 2771 1
f 27 3 2
f 2771 27 2
f 2777 2776 2778
f 2778 9 8
f 2778 8 2770
f 2779 2773 2780
f 27 2781 2782
f 2783 11 2780
f 1488 1480 1485
f 2784 1 2775
f 1480 1491 1479
f 1480 1489 1491
f 13 1492 7
f 7 1492 8
f 11 2783 12
f 31 8 1492
f 31 1492 2785
f 31 2785 32
f 2785 1486 36
f 19 21 16
f 18 2780 23
f 22 23 2781
f 2780 18 2783
f 24 20 26
f 20 22 25
f 25 28 29
f 22 2781 25
f 25 2781 27
f 26 25 29
f 39 41 34
f 33 39 34
f 36 32 2785
f 41 36 1486
f 44 35 42
f 1306 1295 1298
f 1306 1150 1295
f 1306 2727 1150
f 2786 1287 1281
f 2786 2787 1332
f 2788 53 1512
f 54 2765 55
f 54 50 49
f 54 49 2765
f 54 56 2766
f 55 30 56
f 55 2765 59
f 61 57 58
f 59 58 55
f 59 61 58
f 58 30 55
f 57 2767 30
f 26 30 2767
f 30 63 56
f 65 74 66
f 70 2789 71
f 70 2790 2789
f 71 2789 74
f 1420 1468 48
f 62 1420 48
f 1420 62 1605
f 78 1144 76
f 2791 78 77
f 79 45 1493
f 79 1493 80
f 79 81 88
f 88 81 90
f 84 83 85
f 1592 1591 89
f 89 91 1592
f 92 1054 93
f 92 96 1047
f 1054 92 1047
f 99 103 97
f 103 106 107
f 108 2792 109
f 2793 2794 2795
f 2793 2795 2796
f 120 2797 116
f 2797 1121 116
f 116 1121 117
f 118 119 116
f 1556 129 1557
f 1557 129 1558
f 124 126 123
f 114 1567 122
f 131 124 115
f 2798 2795 2799
f 132 1549 133
f 1549 463 133
f 474 473 1000
f 1496 1498 137
f 137 1494 1496
f 2800 1498 1500
f 138 2801 137
f 139 137 2802
f 140 144 141
f 141 1775 142
f 142 1775 1851
f 147 971 910
f 147 146 971
f 151 149 2503
f 152 2507 153
f 2803 2423 166
f 1984 2804 2805
f 2806 2807 2804
f 2806 1986 181
f 2806 2804 1986
f 181 1986 182
f 170 169 1973
f 175 2622 173
f 177 2537 178
f 175 2537 177
f 181 180 2496
f 2496 180 160
f 185 180 182
f 185 2808 183
f 2808 1985 183
f 186 184 188
f 191 180 189
f 189 188 190
f 184 183 187
f 183 2423 187
f 187 2083 2086
f 187 2086 188
f 194 2087 192
f 197 196 2609
f 2609 196 2809
f 197 2609 2607
f 199 2810 2809
f 199 2809 200
f 203 192 2267
f 192 203 193
f 202 196 198
f 200 2809 196
f 201 200 202
f 203 2267 204
f 209 212 589
f 589 588 209
f 2811 491 490
f 2811 495 491
f 2248 213 215
f 215 2236 2812
f 215 2812 2248
f 216 2082 2079
f 216 227 217
f 217 227 221
f 2813 2814 594
f 2814 2815 594
f 594 2816 2813
f 2813 2816 580
f 225 2090 223
f 2090 219 218
f 223 218 221
f 223 2090 218
f 226 224 223
f 2090 2262 219
f 219 2262 220
f 2754 2750 2757
f 227 216 2078
f 228 2275 229
f 231 239 235
f 1728 231 2716
f 239 2562 2817
f 239 242 2562
f 2276 2282 2278
f 2276 237 2282
f 240 231 1728
f 240 242 239
f 240 1723 243
f 246 1961 247
f 1961 2542 247
f 250 2280 248
f 2270 2271 2818
f 2270 253 248
f 2270 251 253
f 253 252 2761
f 2818 251 2270
f 2274 251 2818
f 258 253 2205
f 2205 256 258
f 251 254 252
f 261 2205 259
f 263 266 264
f 264 266 268
f 264 287 262
f 273 275 269
f 2202 2204 276
f 2165 281 283
f 766 763 762
f 287 284 286
f 288 2464 289
f 297 301 298
f 302 306 303
f 2819 312 308
f 2820 314 311
f 313 2634 311
f 308 312 315
f 2821 309 317
f 318 2822 319
f 2822 716 319
f 320 319 671
f 320 671 664
f 320 664 667
f 322 1931 1927
f 322 2823 539
f 322 321 2823
f 315 309 308
f 316 311 322
f 1090 1095 1092
f 1090 337 2824
f 1090 2824 1098
f 1095 1098 1096
f 1090 1098 1095
f 1926 1925 1918
f 2825 327 329
f 327 331 2826
f 2825 330 327
f 1925 339 540
f 340 2760 338
f 338 540 339
f 338 1932 540
f 344 705 342
f 342 705 704
f 342 704 700
f 2760 345 1933
f 348 352 334
f 350 355 356
f 359 363 357
f 362 360 1910
f 359 360 362
f 1635 2747 1440
f 1440 2747 2708
f 370 372 2748
f 366 365 368
f 370 2747 371
f 372 371 394
f 372 394 396
f 372 2827 2748
f 2748 2827 376
f 376 2827 377
f 381 380 1212
f 381 1212 2828
f 386 392 389
f 395 394 415
f 395 399 397
f 393 397 400
f 405 1638 402
f 406 402 404
f 407 405 406
f 406 386 390
f 407 390 388
f 410 413 405
f 410 409 413
f 411 2758 393
f 418 412 401
f 418 420 569
f 405 415 394
f 417 420 418
f 401 419 417
f 395 415 416
f 416 422 424
f 427 422 425
f 2746 2740 2744
f 431 434 1154
f 438 441 437
f 445 444 1134
f 445 1134 1122
f 1570 1567 1566
f 449 1115 447
f 449 452 1115
f 450 448 1135
f 1107 453 455
f 455 2829 1107
f 458 459 460
f 460 1413 456
f 127 462 1556
f 1009 2830 1010
f 2830 1009 1019
f 1009 1011 1019
f 464 2528 465
f 469 468 471
f 467 469 474
f 469 997 473
f 475 2536 476
f 2831 486 481
f 483 2831 481
f 2831 483 171
f 171 486 2831
f 171 172 485
f 2832 988 990
f 489 488 490
f 491 494 174
f 497 2750 198
f 198 2833 202
f 500 499 2834
f 500 2834 501
f 2602 503 2835
f 2835 503 505
f 503 2558 2556
f 506 617 510
f 1963 2450 2449
f 2449 2448 2454
f 514 2463 512
f 512 2463 517
f 512 2469 513
f 515 517 2463
f 514 518 292
f 293 2471 521
f 294 293 521
f 527 526 2836
f 534 537 535
f 2837 2649 2838
f 2652 2838 2649
f 2652 2646 2669
f 540 1932 347
f 1925 540 1919
f 1074 1078 1075
f 1078 1074 1097
f 2760 1933 338
f 2839 658 2840
f 2840 663 2841
f 1701 1704 543
f 543 1704 541
f 544 553 545
f 547 1196 549
f 550 552 548
f 546 552 1101
f 2749 375 378
f 2827 2842 556
f 556 554 377
f 378 554 2749
f 377 2827 556
f 2842 557 556
f 555 2707 556
f 558 1203 1204
f 419 2704 562
f 565 2343 563
f 421 566 568
f 568 422 421
f 2686 2685 430
f 430 429 2686
f 620 2843 618
f 575 572 574
f 572 575 577
f 575 2844 576
f 2844 619 576
f 572 580 573
f 580 572 583
f 580 583 582
f 582 2813 580
f 509 584 582
f 585 2814 2813
f 582 585 2813
f 587 2815 585
f 587 586 588
f 587 589 2815
f 589 2845 2815
f 585 2815 2814
f 2845 212 592
f 589 212 2845
f 212 590 592
f 2845 592 594
f 2815 2845 594
f 592 2733 595
f 592 595 593
f 595 2846 2847
f 593 596 2848
f 593 2848 2849
f 595 2850 597
f 2816 594 593
f 593 2851 598
f 578 2816 593
f 578 580 2816
f 599 600 2852
f 600 601 603
f 600 603 2852
f 603 602 612
f 601 600 604
f 604 605 601
f 605 502 602
f 602 502 2853
f 602 2853 606
f 602 607 613
f 605 604 211
f 605 500 502
f 605 211 210
f 608 610 498
f 608 209 588
f 498 210 608
f 610 511 499
f 609 608 586
f 610 608 609
f 499 611 2834
f 611 501 2834
f 2732 2854 611
f 616 2854 614
f 614 618 615
f 2854 2732 614
f 618 576 620
f 617 577 576
f 618 617 576
f 615 618 2843
f 626 2855 627
f 630 634 633
f 635 638 636
f 636 639 2856
f 636 2856 637
f 639 638 624
f 649 648 641
f 326 642 645
f 642 644 2857
f 642 2857 645
f 643 642 2858
f 642 2859 2860
f 648 650 323
f 648 697 650
f 651 325 324
f 653 325 651
f 652 651 701
f 701 654 652
f 654 657 659
f 654 659 652
f 654 701 655
f 657 654 656
f 660 2840 658
f 657 660 658
f 660 656 661
f 661 663 660
f 660 663 2840
f 708 661 707
f 661 708 662
f 662 2861 663
f 662 2862 2861
f 2863 668 666
f 667 664 666
f 664 671 665
f 671 721 669
f 669 533 2864
f 672 304 534
f 669 534 533
f 304 673 537
f 537 674 538
f 673 675 677
f 677 676 733
f 677 733 679
f 733 736 679
f 2865 536 538
f 679 538 677
f 678 2865 538
f 682 685 683
f 683 684 659
f 653 684 686
f 642 326 653
f 653 326 325
f 689 690 745
f 642 691 2859
f 693 2866 694
f 695 647 693
f 650 699 324
f 699 650 697
f 699 697 702
f 698 702 342
f 698 699 702
f 698 700 651
f 344 753 707
f 706 705 707
f 707 705 344
f 708 753 710
f 709 708 710
f 715 319 711
f 711 716 713
f 319 715 717
f 718 717 721
f 718 671 319
f 721 717 719
f 717 715 714
f 719 714 754
f 719 720 721
f 721 671 718
f 720 719 758
f 720 722 669
f 722 306 302
f 306 722 723
f 724 305 306
f 724 727 305
f 727 724 725
f 728 726 729
f 727 726 728
f 673 304 303
f 726 731 729
f 729 731 732
f 736 737 679
f 737 736 735
f 682 739 685
f 685 739 684
f 740 686 684
f 740 687 686
f 741 803 805
f 741 805 743
f 743 688 687
f 743 805 690
f 690 808 746
f 746 808 812
f 746 812 2867
f 746 2867 744
f 746 745 690
f 694 748 695
f 695 748 696
f 748 343 696
f 749 755 703
f 703 755 750
f 344 703 751
f 751 750 714
f 753 708 707
f 754 750 755
f 754 758 719
f 720 757 723
f 724 723 747
f 747 760 724
f 760 759 725
f 730 762 731
f 730 726 725
f 760 747 694
f 765 766 762
f 768 763 767
f 773 775 772
f 779 778 2868
f 777 779 781
f 777 786 2869
f 780 786 777
f 784 789 2870
f 784 2870 2871
f 784 2871 785
f 780 784 786
f 790 784 788
f 794 738 793
f 794 681 737
f 768 770 738
f 738 795 768
f 795 735 734
f 796 2872 793
f 772 775 771
f 771 775 2873
f 771 802 799
f 805 804 807
f 807 806 805
f 808 807 809
f 808 810 813
f 810 831 813
f 808 813 812
f 813 2874 2875
f 2874 813 2876
f 813 2875 814
f 816 813 815
f 816 817 2877
f 818 826 2878
f 2879 2876 813
f 824 2879 813
f 818 825 813
f 827 782 781
f 828 829 827
f 818 830 782
f 818 813 831
f 818 831 830
f 831 810 832
f 832 837 787
f 832 835 837
f 837 836 788
f 835 832 833
f 834 2880 836
f 835 834 837
f 833 809 807
f 834 838 2880
f 779 840 829
f 2881 768 767
f 2882 846 768
f 845 769 768
f 833 804 847
f 757 755 749
f 795 734 763
f 655 700 704
f 704 661 656
f 702 697 696
f 850 849 852
f 852 478 480
f 851 853 914
f 855 2883 856
f 855 2884 2883
f 858 873 2885
f 873 1056 2885
f 2885 1056 2886
f 1056 2887 2888
f 2887 951 2888
f 2888 951 2889
f 951 952 2889
f 914 861 863
f 861 915 864
f 2890 2891 867
f 2891 931 867
f 2892 2890 867
f 865 872 866
f 865 2893 870
f 855 854 869
f 857 874 876
f 2894 879 878
f 878 883 881
f 878 887 883
f 883 887 884
f 887 891 888
f 894 893 895
f 894 899 892
f 896 898 900
f 896 895 898
f 2895 903 905
f 905 904 943
f 905 943 880
f 908 873 907
f 2887 909 947
f 860 955 478
f 478 955 958
f 478 958 910
f 912 972 913
f 912 914 480
f 914 913 861
f 2896 921 919
f 926 919 924
f 923 919 926
f 922 2897 919
f 924 929 2898
f 928 2899 929
f 924 2898 930
f 855 933 874
f 934 932 891
f 877 934 887
f 887 878 877
f 932 935 890
f 868 893 890
f 868 895 893
f 888 890 893
f 936 867 924
f 938 936 983
f 938 939 937
f 939 1055 941
f 2900 943 904
f 943 2900 942
f 942 906 880
f 1054 907 944
f 907 1054 908
f 1054 1047 908
f 1047 947 908
f 908 947 909
f 945 949 948
f 947 946 951
f 946 948 951
f 947 951 2887
f 955 956 957
f 956 2901 957
f 957 2901 145
f 955 957 147
f 2901 959 961
f 2901 961 145
f 959 1035 962
f 960 964 963
f 960 962 964
f 963 964 966
f 966 965 967
f 966 968 963
f 968 146 145
f 968 145 961
f 969 970 972
f 972 911 969
f 972 470 974
f 975 913 972
f 861 975 977
f 915 992 916
f 992 991 916
f 978 984 979
f 980 979 981
f 982 979 985
f 982 985 940
f 985 984 986
f 985 986 988
f 986 2902 2903
f 987 986 989
f 988 987 990
f 940 985 988
f 988 939 940
f 976 994 977
f 972 970 470
f 970 472 471
f 997 469 472
f 965 997 472
f 998 964 962
f 998 962 999
f 998 1000 473
f 999 962 1002
f 1001 999 1002
f 1002 1004 1003
f 1003 1005 1006
f 1006 1008 1009
f 1041 1014 1011
f 1008 1041 1011
f 1011 1016 1019
f 1014 1013 1016
f 1011 1014 1016
f 904 1052 2900
f 904 1053 1052
f 2900 1052 1020
f 2900 1020 93
f 942 2900 93
f 942 93 944
f 1021 1022 94
f 111 1013 1022
f 94 1023 95
f 1022 1013 1023
f 1025 96 95
f 1026 1012 1024
f 949 945 1029
f 1029 1046 1025
f 1027 1030 1028
f 1031 1044 954
f 1032 954 1044
f 1032 1044 1033
f 1032 1033 959
f 959 2901 1032
f 2901 956 1032
f 1033 1004 1034
f 1034 1004 1002
f 1033 1036 1038
f 1033 1038 1004
f 1004 1038 1005
f 1037 1030 1039
f 1040 1039 1008
f 1039 1042 1043
f 1039 1043 1041
f 1043 1012 1014
f 1027 1024 1042
f 1044 1031 1045
f 1045 1031 1030
f 1045 1030 1037
f 1036 1045 1037
f 1036 1033 1044
f 1046 1047 96
f 1047 1029 945
f 1026 1013 1012
f 1021 1020 1052
f 111 1052 112
f 897 868 867
f 911 910 971
f 2887 1056 909
f 304 672 302
f 1059 1058 1061
f 1057 1062 1058
f 2904 2905 2906
f 2907 2908 2731
f 2908 1067 2731
f 1067 2908 1065
f 1102 364 367
f 1102 1067 2909
f 1102 1068 364
f 1068 1102 1069
f 1070 1073 1068
f 1070 1071 1073
f 1076 1071 1075
f 1076 1075 1078
f 1076 1082 1077
f 1079 1078 1081
f 1079 1085 1082
f 1081 1084 1085
f 1083 1086 1084
f 1083 1081 1089
f 1083 332 1086
f 1089 1081 2824
f 1081 1080 2824
f 1089 2824 337
f 1089 332 1083
f 333 1090 1092
f 1092 335 333
f 335 1091 349
f 1091 1093 349
f 1093 1065 2910
f 2910 1094 1093
f 2909 1067 1096
f 1066 1096 1067
f 2909 1096 1069
f 1096 1098 1097
f 1098 2824 1080
f 2909 1069 1102
f 1065 1091 1066
f 1086 336 1099
f 1101 552 1077
f 552 553 1077
f 544 364 1073
f 1073 364 1068
f 367 327 1102
f 2826 2731 327
f 1103 328 327
f 1103 2911 328
f 1104 1107 1105
f 1104 1111 453
f 1104 1109 1133
f 1104 1112 1111
f 1113 1110 1111
f 1114 1115 1117
f 1114 1117 1116
f 1115 452 120
f 452 451 1118
f 120 1118 2797
f 451 443 1119
f 1119 2912 83
f 1120 83 82
f 2912 446 83
f 1123 85 83
f 1123 1124 85
f 85 1124 66
f 98 97 1127
f 1126 98 1127
f 1125 1127 118
f 117 2913 1125
f 1126 1125 2914
f 1127 97 119
f 97 1117 119
f 1128 438 440
f 439 1124 1128
f 1130 1136 1128
f 1128 1136 438
f 1128 1122 1129
f 1129 1131 1130
f 1129 1122 1131
f 1131 1122 1134
f 1133 1112 1104
f 1133 1136 1130
f 1133 1130 1131
f 1133 1132 1112
f 1136 1133 1109
f 1136 442 438
f 1122 446 445
f 2912 1119 443
f 446 2912 443
f 1116 97 105
f 1137 105 1139
f 105 102 1138
f 2730 76 1141
f 1142 2915 1143
f 1140 1143 1141
f 2916 1159 1145
f 1154 2917 431
f 433 1147 2918
f 433 2918 1148
f 433 70 1149
f 70 73 1149
f 1151 434 433
f 1151 1150 2728
f 2728 1152 1151
f 1152 1154 434
f 1155 1302 1156
f 1156 1160 1158
f 1156 2916 2919
f 1159 2916 1156
f 1156 2919 1157
f 1165 1159 1158
f 1161 1165 1158
f 1165 1164 1167
f 1167 1169 1165
f 2915 1142 1169
f 1168 1170 1143
f 1171 1173 1172
f 1174 1175 1172
f 1176 2920 1175
f 1178 1276 1179
f 1276 2921 1179
f 1183 1182 2922
f 1181 1184 1182
f 1276 1183 2923
f 1276 1181 1183
f 1188 1191 1189
f 1193 2924 1192
f 2925 1198 1197
f 1198 2725 2926
f 1195 1198 2926
f 1200 1199 1195
f 1195 2926 1200
f 1199 1200 1202
f 1203 1219 1202
f 2927 2723 2722
f 2928 2722 2929
f 1205 2721 1206
f 2930 1207 1206
f 2931 2828 1212
f 1211 2931 1212
f 559 1213 1216
f 1213 559 1211
f 1211 558 1204
f 1215 1214 1226
f 1226 1217 1215
f 1218 1217 1221
f 1217 1220 1221
f 561 1217 1218
f 1218 1221 550
f 1218 1202 1219
f 1220 1217 1223
f 1221 551 550
f 1222 365 545
f 1220 1225 1222
f 1220 1223 1225
f 1225 1224 1257
f 1223 1226 1224
f 1257 1227 1225
f 1257 1224 1230
f 1226 1228 1230
f 1231 1214 1216
f 1232 1233 1235
f 1236 380 1233
f 1236 1216 1213
f 1236 1213 1212
f 1235 1234 1241
f 1235 1241 1250
f 1233 1238 1234
f 1238 1233 380
f 1239 1206 1243
f 1239 1243 1245
f 1206 382 379
f 1206 1209 1208
f 1243 1242 1274
f 1245 1248 1240
f 1245 1246 1248
f 1248 1247 1272
f 1248 1272 1249
f 1250 1249 2932
f 2932 2719 1251
f 2932 1251 1252
f 1250 1252 1235
f 1250 2932 1252
f 1237 1229 1231
f 1253 1255 1256
f 1257 1230 1253
f 1256 1265 1258
f 1259 1222 1227
f 365 1259 368
f 1263 2933 368
f 2933 1261 368
f 1266 1265 2934
f 2935 1260 1265
f 2720 1267 1269
f 1269 1268 2936
f 1272 1271 2936
f 2936 1268 2718
f 2936 2718 1272
f 1270 1247 1273
f 1246 1178 1273
f 2937 1243 1275
f 1243 2937 1188
f 2938 1192 1188
f 1243 1276 1178
f 1273 1178 1270
f 2939 2936 1277
f 2936 1271 1277
f 1269 2940 2941
f 2942 1283 1278
f 1278 1281 1279
f 2943 1284 1282
f 1282 1285 1281
f 1285 2786 1281
f 1281 437 441
f 1287 2786 1288
f 435 1287 1288
f 1287 437 1281
f 435 1288 1290
f 1290 436 435
f 1290 1291 436
f 1292 72 69
f 72 68 69
f 1291 1293 1292
f 1293 1296 1294
f 72 1292 1294
f 1294 73 72
f 73 1294 1295
f 1294 1296 1295
f 1150 1149 73
f 1300 1301 1298
f 1302 1304 1305
f 1301 1305 2944
f 1301 2944 1306
f 1160 1302 1300
f 1160 1156 1302
f 1307 1308 1309
f 1162 1161 1160
f 1310 1337 1312
f 1313 1312 1316
f 1313 1315 1163
f 1315 1164 1161
f 1315 1161 1163
f 1317 1166 1315
f 1318 1167 1166
f 1318 1170 1167
f 1318 1321 1170
f 1323 1322 1170
f 1322 2945 1171
f 2946 1345 2947
f 2948 1343 2949
f 1324 2949 1325
f 1343 1325 2949
f 2950 1330 2787
f 1327 1325 1328
f 1327 1330 2950
f 1330 1332 2787
f 1329 1331 1330
f 1332 1288 2786
f 1333 1331 1334
f 1332 1331 1333
f 1331 1337 1334
f 1333 1289 1332
f 1289 1335 1291
f 1334 1308 1335
f 1335 1308 1336
f 1336 1308 1299
f 1293 1291 1336
f 1308 1297 1299
f 1299 1296 1293
f 1331 1329 1337
f 1312 1328 1338
f 1312 1338 1316
f 1316 1320 1314
f 1339 1340 1320
f 1340 1339 1345
f 1340 1341 1319
f 2945 1173 1171
f 1341 2951 1323
f 2946 2952 1345
f 2952 1346 1345
f 1345 1339 1344
f 1339 1338 1344
f 1343 1338 1325
f 1338 1328 1325
f 1341 1323 1321
f 1355 1352 1351
f 1351 1356 1354
f 1356 1353 2953
f 1353 2954 2955
f 1348 2956 1359
f 1348 2957 2956
f 1358 2958 1360
f 1348 1350 2957
f 1362 2959 1349
f 2960 1363 1365
f 1363 1367 2961
f 1363 2962 1366
f 1363 2961 1368
f 1352 1364 1363
f 1370 2954 1353
f 1390 2963 2954
f 1374 2964 2965
f 1371 1375 1372
f 1372 1375 1373
f 1363 2966 1379
f 1378 2962 1363
f 1428 2954 1370
f 1380 2967 208
f 208 1400 1399
f 2965 1398 1374
f 1384 459 1383
f 2968 2969 1385
f 2970 2968 1385
f 1387 2970 1385
f 1390 1385 1388
f 1392 1388 1393
f 1393 1388 1394
f 1380 1397 1400
f 2971 1402 1404
f 1404 1403 2972
f 1405 527 1358
f 1405 1435 1407
f 1407 528 1405
f 1406 1441 1444
f 1406 1443 1408
f 1408 528 1406
f 1408 526 528
f 1408 2973 1409
f 1409 2973 2974
f 526 1409 524
f 1409 2974 1410
f 459 1411 1412
f 459 1412 460
f 1417 1416 1418
f 1417 456 1413
f 1419 1418 60
f 1420 2975 1419
f 1420 1421 2975
f 2975 1421 456
f 1419 2975 456
f 456 1422 457
f 457 1383 459
f 1423 457 1425
f 1426 1424 1423
f 1426 2969 2976
f 1426 1615 1429
f 2969 1426 1429
f 1429 1385 2969
f 1397 1396 1388
f 1397 1401 1400
f 1401 1624 1398
f 1398 1402 2971
f 1624 1402 1398
f 1402 1431 1433
f 1402 1433 1403
f 1431 1630 1432
f 1433 1432 1403
f 1432 1630 1434
f 1435 1436 1407
f 1439 1441 1407
f 1440 1444 1439
f 1439 1444 1441
f 1442 1445 1443
f 1445 2696 2698
f 1446 2698 2700
f 1445 2698 1446
f 1446 2973 1408
f 1446 1408 1443
f 2700 2698 2664
f 2700 2663 2977
f 2700 2973 1446
f 2700 2977 2973
f 2977 2663 2660
f 2660 2974 2977
f 2977 2974 2973
f 2974 2661 1410
f 1410 2661 1449
f 1447 524 1410
f 1410 1449 1448
f 1450 1449 2978
f 1449 2979 2980
f 1449 1452 2979
f 2978 2980 2981
f 2978 1449 2980
f 2982 1740 1742
f 2982 1741 1740
f 1742 1454 2982
f 1454 1411 2983
f 1454 1455 1453
f 1411 1384 2984
f 1415 1412 1411
f 1453 1415 1411
f 1415 1455 1459
f 1459 1456 1458
f 1458 1457 1460
f 1415 1458 1414
f 1460 1457 1462
f 1461 1460 1462
f 1461 1462 1464
f 1461 1416 1414
f 1462 1751 1463
f 1463 1751 1756
f 1464 1465 1758
f 1464 1416 1461
f 1464 2985 1466
f 1466 2985 1760
f 1466 60 1418
f 1467 1466 1760
f 1467 1760 1469
f 60 59 1468
f 1467 1469 61
f 2783 18 1471
f 1471 12 2783
f 1472 1475 14
f 1475 1474 14
f 1474 1477 1478
f 14 1478 15
f 1491 12 15
f 1483 1481 1477
f 1477 1473 1483
f 1481 1482 1484
f 1484 1486 1488
f 1488 1485 1484
f 1487 1490 1489
f 1490 13 1491
f 1491 13 12
f 15 1479 1491
f 2785 1492 1490
f 1487 1486 2785
f 1490 1487 2785
f 1482 47 34
f 1482 42 47
f 1473 1476 42
f 1762 43 1476
f 43 1762 1493
f 43 45 44
f 80 121 122
f 80 122 81
f 1494 131 121
f 124 461 127
f 461 137 134
f 137 2801 1495
f 134 2986 2987
f 1495 2986 134
f 2987 2988 2763
f 2989 2764 2763
f 2987 2763 134
f 1768 1494 1769
f 1497 1499 1529
f 1497 1529 1500
f 1499 1528 1529
f 1499 1526 1528
f 1503 1526 1501
f 1502 1501 1504
f 1849 1847 1508
f 1508 1845 1509
f 1511 1507 1509
f 1852 1521 1511
f 1510 1852 1511
f 53 1521 1852
f 1852 1510 1513
f 1512 1515 2788
f 1517 1518 1514
f 1517 1803 1801
f 1801 1518 1517
f 1518 1520 51
f 1520 1540 1539
f 1539 51 1520
f 51 1539 52
f 2788 1515 51
f 51 1515 1518
f 51 53 2788
f 52 1521 53
f 1521 52 1522
f 1522 1541 1507
f 1507 1541 1524
f 1524 1849 1508
f 1506 1849 1524
f 1502 1505 1523
f 1544 1503 1502
f 1503 1544 1543
f 1525 1528 1526
f 1527 2990 1529
f 2990 1545 2991
f 1543 1542 1531
f 2992 1543 1531
f 1531 1534 1532
f 1535 1531 1538
f 1538 2993 1535
f 1523 1541 1536
f 1541 1522 1539
f 1522 52 1539
f 1523 1524 1541
f 1502 1538 1531
f 1542 1544 1502
f 1543 2994 1545
f 2994 2995 1545
f 1525 1545 1527
f 2990 1527 1545
f 1540 1536 1541
f 1537 2996 1538
f 2997 462 1546
f 1549 1548 1555
f 1553 1554 1547
f 1546 463 1549
f 462 2795 1556
f 2795 2998 1556
f 2795 2794 2998
f 1559 2999 462
f 462 2799 2795
f 3000 1562 1561
f 1562 1564 3001
f 1562 3000 1563
f 1562 3001 1565
f 125 1566 1567
f 1570 122 1567
f 1574 1573 1575
f 81 122 1574
f 1575 90 81
f 91 90 1575
f 1576 3002 91
f 3002 1593 91
f 1576 1575 1573
f 1572 1579 1577
f 1576 1577 3002
f 1572 1573 1569
f 1537 1586 1583
f 1537 1536 1585
f 1581 1580 3003
f 3004 3002 1577
f 1593 3004 1870
f 3004 1593 3002
f 1593 1870 1590
f 1870 3005 1590
f 1590 1592 1593
f 1590 3005 1591
f 3005 1873 1591
f 1591 1873 1596
f 1596 1595 1591
f 1591 1595 89
f 89 1595 87
f 1599 37 38
f 64 32 37
f 64 37 1600
f 1600 62 64
f 1600 1601 62
f 1421 1420 1605
f 1604 1673 1605
f 1605 3006 1606
f 1606 1608 1422
f 1425 457 1422
f 1609 3007 1610
f 1427 1611 1612
f 1612 1610 1613
f 1430 1616 1617
f 1618 1617 1620
f 1430 1618 1397
f 1618 1620 1619
f 1620 1617 1621
f 1619 1623 1624
f 1624 1623 1402
f 1625 1627 1402
f 1628 1648 1629
f 1628 1629 1431
f 1631 1434 1630
f 1632 1631 1633
f 1632 1436 1434
f 1632 1633 1437
f 1634 1633 1644
f 1634 1635 1437
f 1635 1637 371
f 371 2747 1635
f 394 371 1638
f 394 1638 405
f 1637 1641 1639
f 1644 1636 1634
f 1644 1646 1645
f 1644 1633 1631
f 1645 1647 1650
f 1650 1695 1645
f 1695 1642 1645
f 1646 1629 1648
f 1651 1650 1647
f 1647 1652 1651
f 1652 1655 1653
f 1652 1628 1655
f 1655 1626 1653
f 1626 1657 1653
f 1656 1626 1625
f 1656 3008 1659
f 3008 1656 1622
f 1622 1621 3008
f 1661 1659 3008
f 3008 1621 1661
f 1661 1621 1663
f 1662 1686 1660
f 1667 1665 1663
f 1663 1621 1617
f 1663 1617 1667
f 1667 1617 1616
f 1671 1670 1664
f 1672 1675 1680
f 1672 1680 1669
f 1672 1610 3006
f 3006 1675 1672
f 1610 3007 3009
f 3006 1673 1675
f 1674 1676 1675
f 1675 1676 1678
f 1678 1677 1679
f 1682 1669 1680
f 1682 1680 1887
f 1682 1670 1669
f 1681 1664 1670
f 1681 1682 3010
f 1681 3010 1683
f 1684 1665 1664
f 1684 1683 1685
f 1684 1662 1665
f 1662 1663 1665
f 1685 1683 1687
f 1685 1686 1662
f 1688 3011 1686
f 1686 3011 1659
f 3011 1658 1659
f 3011 1689 1658
f 1658 1689 1657
f 1691 1893 1690
f 1657 1690 1653
f 1653 1690 1654
f 1690 1893 1654
f 1893 3012 1654
f 3012 1692 1649
f 3012 1649 1654
f 1649 1693 1650
f 1693 1695 1650
f 1695 1694 1643
f 1643 1696 1698
f 1698 1697 1640
f 1698 1641 1643
f 1640 1697 403
f 1640 1639 1698
f 1699 1900 403
f 404 357 391
f 357 363 391
f 391 363 392
f 363 1912 1700
f 1702 392 1700
f 1701 1703 1921
f 1921 2632 1704
f 1701 1921 1704
f 1705 1706 541
f 1706 1708 1707
f 1707 1709 1710
f 1710 1709 1713
f 1707 1710 1712
f 1713 1715 1711
f 1713 1716 1714
f 1718 1714 1716
f 2630 2649 2651
f 2629 1721 2649
f 2649 1721 2648
f 1719 1721 2567
f 1719 1723 1722
f 1723 240 1725
f 1725 1729 1730
f 2642 1730 1733
f 1733 1732 1734
f 1733 1734 1736
f 1738 1740 1739
f 1738 2617 1743
f 1742 1455 1454
f 1744 1743 1745
f 1455 1744 1745
f 1747 1746 1748
f 1749 1748 1750
f 1749 1457 1456
f 1752 1755 1751
f 1751 1755 1756
f 1751 1462 1457
f 1756 1754 1759
f 1759 1465 1756
f 1759 1758 1465
f 1758 2985 1464
f 2985 1757 1760
f 1757 2985 1758
f 1760 1757 1471
f 1471 1757 1472
f 1472 2526 1475
f 1475 2524 1761
f 1762 1761 1763
f 1763 1761 2514
f 1764 80 1493
f 1763 1767 1764
f 1763 1766 1767
f 1767 1766 1769
f 80 1769 121
f 1767 1769 80
f 1768 144 1494
f 1770 3013 1771
f 1771 1775 141
f 1774 1778 1775
f 1771 1772 1774
f 1777 1776 1779
f 1779 1781 1780
f 1783 1780 1781
f 1781 1983 1782
f 1782 3014 164
f 1784 1782 164
f 164 3014 2803
f 1784 164 1817
f 1817 164 2637
f 2637 2636 1786
f 2636 1787 1786
f 1785 1788 1811
f 1788 3015 1811
f 3016 3015 1788
f 3016 1809 3015
f 1809 3017 1996
f 1809 3016 3017
f 1996 1810 1809
f 1810 1996 3018
f 1789 1804 1810
f 1789 3018 3019
f 1797 1798 1795
f 1800 1801 1802
f 1803 1798 1802
f 1804 1793 1840
f 1810 1807 1809
f 1804 1806 1810
f 1807 1836 1808
f 1808 1836 1833
f 3015 1808 1811
f 1809 1808 3015
f 1813 1816 2637
f 2637 1786 1813
f 2637 1816 1817
f 1784 1817 1818
f 1819 1821 1780
f 1819 1783 1784
f 1780 1783 1819
f 1821 1822 1778
f 1822 1851 1775
f 1851 1822 1504
f 1822 1821 1850
f 1821 1825 1850
f 1821 1819 1824
f 1823 1820 1826
f 1826 1818 1827
f 1846 1826 1827
f 1818 1815 1827
f 1827 1814 1846
f 1814 1828 1832
f 1846 1814 1832
f 1816 1829 1828
f 1830 1833 1835
f 1835 1807 1837
f 1838 1837 1839
f 1805 1804 1840
f 1793 1796 1840
f 1805 1516 1839
f 1516 1841 1839
f 1516 1805 1840
f 1842 1839 1841
f 1842 1513 1834
f 1834 1513 1510
f 1842 1838 1839
f 1834 1838 1842
f 1834 1843 1831
f 1834 1835 1838
f 1843 1510 1509
f 1831 1843 1844
f 1830 1834 1831
f 1844 1846 1831
f 1846 1832 1831
f 1826 1847 1823
f 1847 1849 1848
f 1848 1825 1824
f 1506 1504 1850
f 1501 1526 140
f 1501 140 142
f 140 1526 1499
f 1499 143 140
f 1825 1849 1506
f 1512 1513 1842
f 1514 1841 1516
f 1805 1837 1806
f 1807 1806 1837
f 1833 1811 1808
f 1813 1812 1829
f 1812 1811 1833
f 1816 1813 1829
f 1801 1519 1518
f 1519 1540 1520
f 1519 1585 1540
f 1853 1799 1857
f 1855 1858 1860
f 1799 1863 1858
f 1858 1863 1861
f 1799 1867 1863
f 1866 1863 1577
f 1577 1863 1867
f 1577 1588 1866
f 1868 2010 3004
f 2010 1870 3004
f 3004 1577 1868
f 1870 2010 1871
f 1869 3005 1870
f 1869 1873 3005
f 1869 2011 1872
f 1872 1874 1873
f 1874 2012 1594
f 1874 1594 1596
f 2012 2014 1594
f 2014 1597 1594
f 1594 1597 1595
f 1875 2019 1877
f 1876 1878 2025
f 2025 1598 1876
f 1879 2025 2024
f 1879 87 1598
f 2025 1879 1598
f 1879 38 87
f 1881 38 1879
f 1882 38 1881
f 1882 1880 1883
f 1882 1599 38
f 1599 1883 1601
f 1601 1884 1602
f 1602 62 1601
f 1673 1604 1602
f 1677 1884 2027
f 2027 2028 1677
f 2028 1885 1679
f 2028 1679 1677
f 3010 2031 2034
f 3010 1887 2031
f 3010 1682 1887
f 3010 2034 1888
f 1888 1683 3010
f 1687 1888 2037
f 1687 2037 1688
f 1688 1891 3011
f 1889 2040 1890
f 1891 1890 1689
f 3011 1891 1689
f 1890 1892 1691
f 1890 1691 1689
f 1892 2042 1893
f 1893 2042 3012
f 3012 2042 1894
f 1894 1692 3012
f 1896 1693 1692
f 1694 1896 2045
f 1694 1693 1896
f 1694 2045 1696
f 2045 2046 2049
f 1696 2045 1897
f 1897 2049 3020
f 1699 3020 1900
f 1897 3020 1699
f 3020 1898 1900
f 1899 403 1900
f 1899 2051 1902
f 1899 1902 1901
f 1901 1903 358
f 357 1901 358
f 1901 357 404
f 1902 2052 1903
f 1909 1911 1910
f 1921 1703 1915
f 1703 1913 1915
f 1913 1911 2064
f 1913 2064 1914
f 2064 1916 1914
f 1914 1917 1915
f 1917 1920 1915
f 1916 1922 1917
f 1920 1921 1915
f 1917 1922 1920
f 1920 1923 1924
f 1922 3021 1923
f 1923 3022 1924
f 1924 3022 339
f 1924 1926 1918
f 1929 316 322
f 3023 347 346
f 1931 3023 346
f 345 347 1933
f 1706 1949 1708
f 1709 1949 1950
f 1950 290 1951
f 1716 1950 1951
f 1951 2443 3024
f 1954 245 1955
f 3025 1957 1954
f 1957 1959 245
f 1959 1958 1962
f 246 1959 1962
f 1962 2447 1960
f 1960 1964 1961
f 1967 1965 1964
f 1967 2540 1965
f 1967 2486 1970
f 1970 1969 1967
f 1968 484 1969
f 1968 1970 1973
f 1968 1973 169
f 1968 169 484
f 1971 1974 1972
f 1973 1972 170
f 1976 1978 1977
f 1977 1978 1979
f 1776 1981 1779
f 1981 2482 1982
f 1981 1982 1781
f 1981 1781 1779
f 2482 2424 1982
f 1982 2424 1983
f 1983 2085 3014
f 1782 1983 3014
f 2803 3014 2423
f 2423 183 1985
f 1985 166 2423
f 1985 2808 1984
f 2808 185 1986
f 2808 1986 3026
f 1987 160 159
f 1988 159 161
f 160 1987 2496
f 160 162 161
f 162 1991 163
f 1990 1992 1994
f 1992 1997 1994
f 2099 1995 1997
f 1998 2000 1995
f 2099 1998 1995
f 2000 2493 1790
f 2493 2000 2001
f 2001 2003 2493
f 2491 1794 2005
f 1794 2491 1797
f 2006 1797 2007
f 1797 2491 2007
f 2492 2008 2009
f 1800 2492 3027
f 1800 3027 1799
f 3027 1867 1799
f 2009 2007 2010
f 1867 2010 1868
f 2007 1871 2010
f 2004 2012 2011
f 2013 2004 2002
f 2011 2012 1872
f 2014 2016 1597
f 2016 2100 1875
f 2016 1875 1597
f 2100 2017 1875
f 2100 2104 2017
f 1875 2017 2019
f 2104 2107 2017
f 2017 2107 2018
f 2019 2018 3028
f 2018 2106 3028
f 2019 3028 2020
f 2020 1877 2019
f 3028 2114 2020
f 1878 2020 2021
f 1878 2021 2023
f 2023 2024 1878
f 2024 2023 2022
f 1880 2029 2026
f 2026 2029 2028
f 2029 2116 1885
f 1885 2030 1886
f 1886 2031 1887
f 2031 2033 2034
f 2033 2035 1888
f 2037 2039 1688
f 1688 1889 1891
f 1892 2040 2042
f 2044 1894 2042
f 1895 2044 2046
f 2046 2047 2049
f 2049 1897 2045
f 2049 2048 1898
f 1898 3020 2049
f 2048 2129 2050
f 2050 2053 2051
f 2053 2131 2133
f 2050 2131 2053
f 2053 2133 2054
f 2056 1905 1903
f 2057 2056 2058
f 2057 2059 361
f 2139 2142 1908
f 2142 1907 1908
f 2142 1909 1907
f 2141 1909 2142
f 2141 1911 1909
f 1911 2141 2062
f 3029 2150 2069
f 2069 2151 2068
f 1942 1943 2068
f 2068 2151 2070
f 1942 2068 2070
f 2070 2151 2071
f 2072 297 299
f 301 2306 2152
f 2152 2073 298
f 2152 298 301
f 2152 2154 2073
f 2075 278 2073
f 2156 2430 2075
f 270 2077 3030
f 2077 2426 3030
f 2076 2273 2077
f 2273 228 2077
f 2078 228 227
f 2078 2081 2077
f 2078 2079 2084
f 2078 2084 2080
f 2084 2085 2080
f 2086 2082 2266
f 2087 190 188
f 191 190 2268
f 2089 2091 160
f 2089 180 191
f 2091 2092 160
f 2092 2095 162
f 2095 2094 2096
f 1991 162 2096
f 2094 2258 2096
f 2096 2258 2097
f 2098 2103 1997
f 2103 2099 1997
f 2015 1999 2099
f 2099 1999 1998
f 2099 2103 2100
f 2015 2100 2016
f 2103 2102 2104
f 2102 2261 2108
f 2261 2241 2108
f 2102 2108 2104
f 2106 2018 2107
f 2106 2109 2111
f 2106 2111 2112
f 2106 2112 2114
f 3028 2106 2114
f 2112 2110 2113
f 2116 2021 2115
f 2116 2022 2021
f 2116 2030 1885
f 2032 2035 2033
f 2032 2119 2035
f 2119 2231 2035
f 2231 2122 2035
f 2035 2122 2036
f 2036 2122 2038
f 2122 2121 2038
f 1889 2123 2040
f 2123 2041 2040
f 2041 2123 2124
f 2123 2185 2124
f 2124 2043 2041
f 2043 2042 2041
f 2125 2044 2043
f 2047 2046 2044
f 2126 2181 2127
f 2127 2181 3031
f 2127 3031 2128
f 2131 2050 2129
f 2128 2131 2129
f 2131 2130 2133
f 2133 2130 2132
f 2054 2055 2052
f 2055 2054 3032
f 2054 2287 3032
f 2055 3032 2134
f 2134 3032 2290
f 2136 2135 2293
f 2295 2138 2060
f 2295 2139 2138
f 2061 2139 1908
f 2139 2140 2142
f 2062 2146 2143
f 2062 2143 2065
f 2062 2141 2145
f 2141 2297 2145
f 3033 2332 2149
f 2149 2302 2147
f 2151 2069 2147
f 300 2305 301
f 2154 2074 2073
f 2155 2309 2157
f 2156 2075 2155
f 2157 2161 2158
f 270 3030 2156
f 2158 2160 270
f 2160 2158 2161
f 2159 3034 2160
f 283 3034 2165
f 2160 3034 283
f 3034 2164 2165
f 3034 2338 2164
f 2164 2163 2165
f 2163 2162 2312
f 2312 2197 281
f 2168 2197 2166
f 2167 2166 2170
f 2173 2193 2170
f 2170 2132 2173
f 2173 2130 2171
f 2177 2174 2171
f 2176 3031 2179
f 2177 2176 2179
f 3031 2181 2179
f 2124 2184 2182
f 2124 2182 2125
f 2182 2184 2178
f 2184 2124 2185
f 2183 2185 2186
f 2186 2120 2183
f 2120 2186 2121
f 2183 2187 2218
f 2188 2184 2183
f 2180 2178 2184
f 3035 2177 2180
f 3035 2189 2174
f 2174 2177 3035
f 2193 2173 2175
f 2173 2172 2175
f 2192 2194 2193
f 2192 2214 2194
f 2196 2167 2194
f 2194 2167 2170
f 2193 2194 2170
f 2196 2284 2168
f 2167 2196 2168
f 2284 2198 2197
f 2284 2197 2168
f 282 257 283
f 257 274 283
f 2199 257 2203
f 269 275 277
f 277 260 259
f 256 2203 257
f 258 257 224
f 224 2206 2256
f 224 257 282
f 2198 2209 2206
f 2207 3036 2208
f 2212 3036 2285
f 2285 3036 2207
f 2212 2285 2195
f 2213 2210 2212
f 2213 213 2210
f 2215 2213 2214
f 2215 213 2213
f 2192 2175 2191
f 2191 2174 2190
f 2191 2190 2216
f 2216 2190 2189
f 2217 2219 2221
f 2217 2221 2216
f 2189 3035 2217
f 2188 2219 2217
f 2217 3035 2188
f 2188 3035 2180
f 2222 2220 2219
f 2219 2188 2218
f 2222 2218 2187
f 2222 2224 2234
f 2230 2225 2224
f 2225 2227 2226
f 2228 2225 2229
f 2228 2110 2227
f 2228 2113 2110
f 2113 2228 2117
f 2118 2030 2113
f 2229 2230 2231
f 2231 2232 2122
f 2120 2232 2223
f 2223 2187 2120
f 2223 2230 2224
f 2226 2110 2240
f 2240 2233 2226
f 2234 2224 2226
f 2234 2233 2235
f 2235 2220 2234
f 2236 2221 2220
f 2812 2236 2238
f 2237 2235 2233
f 2238 2239 2243
f 2237 2239 2238
f 2237 2233 2240
f 2109 2105 2239
f 2109 2240 2110
f 2105 2108 2241
f 2241 2243 2239
f 2244 2246 2245
f 2238 2245 2248
f 2245 2247 213
f 2246 2249 2247
f 2211 3036 2212
f 2211 2208 3036
f 2211 2252 2208
f 2254 2256 2206
f 2208 2206 2209
f 258 249 248
f 258 248 253
f 2255 3037 249
f 2256 2253 3038
f 2253 2208 2252
f 3038 2253 2252
f 2251 2092 2252
f 2251 2094 2093
f 2251 2250 2094
f 2257 2259 2260
f 2260 2098 2097
f 2101 2260 2261
f 2261 2244 2241
f 2244 2259 2246
f 2252 2092 3038
f 3038 2092 2091
f 3038 2091 2256
f 225 2091 2090
f 2089 2088 2090
f 2090 205 2263
f 2262 2269 2264
f 216 2266 2082
f 2264 2266 216
f 2265 2087 2086
f 2268 205 2088
f 2088 205 2090
f 2268 2088 191
f 205 204 2262
f 205 2262 2263
f 2264 204 2267
f 192 2087 2265
f 2268 194 193
f 205 2268 193
f 2256 2091 225
f 2256 225 224
f 249 3037 250
f 2280 250 2281
f 3037 2281 250
f 2280 238 248
f 2271 2272 2274
f 2274 2818 2271
f 2279 2278 222
f 229 2277 2279
f 226 222 2281
f 222 221 2279
f 221 227 2279
f 2279 227 229
f 226 2281 3037
f 2281 222 2278
f 2281 2282 236
f 2272 237 2275
f 3037 2255 226
f 2238 2248 2812
f 2222 2187 2223
f 2216 2236 215
f 2221 2236 2216
f 2215 2214 2192
f 2195 2285 2196
f 2285 2284 2196
f 2283 2207 2209
f 2198 2283 2209
f 2283 2198 2284
f 2176 2128 3031
f 2130 2128 2176
f 2132 2169 2286
f 2286 2169 2166
f 2288 3032 2287
f 2288 2315 2316
f 2288 2290 3032
f 2291 2288 2320
f 2290 2291 2289
f 2289 2321 2135
f 2321 2293 2135
f 2321 2292 2293
f 2292 2137 2136
f 2137 2295 2060
f 2294 2326 2295
f 2295 2296 2139
f 2301 2299 3039
f 3040 2332 3041
f 2302 2149 2332
f 2304 2305 300
f 2303 2304 2071
f 2153 2152 2306
f 2153 2337 2307
f 2307 2154 2153
f 2307 2074 2154
f 2309 2310 2161
f 2161 2157 2309
f 2159 2354 3034
f 3034 2354 2338
f 2162 2164 2340
f 2340 2357 2162
f 2313 2314 2312
f 2314 2197 2312
f 2313 2315 2314
f 2314 2286 2166
f 2315 2288 2286
f 2316 2320 2288
f 2316 2313 2317
f 2319 2316 2317
f 2291 2319 3042
f 2291 2320 2319
f 3042 2289 2291
f 2289 3042 2322
f 2322 2321 2289
f 2323 2292 2321
f 2292 2323 2368
f 2292 2368 2342
f 2292 2342 2137
f 2342 2294 2137
f 2342 2326 2294
f 2326 2325 2296
f 2327 2299 2297
f 2299 2345 3039
f 3043 2328 2330
f 2331 3044 3045
f 2331 2328 3044
f 3044 2328 3041
f 2328 3040 3041
f 2333 2332 3040
f 3040 2334 2333
f 2304 2302 2333
f 2333 2334 2304
f 2153 2349 2337
f 2337 2379 2336
f 2352 2309 2308
f 2352 2310 2309
f 2310 2354 2159
f 3046 2338 2354
f 2360 2311 2357
f 2311 2162 2357
f 2360 2317 2311
f 2360 2318 2317
f 3042 2319 2363
f 2319 2318 2363
f 2362 2365 2322
f 2362 2322 3042
f 2365 2323 2322
f 2368 2369 2342
f 2369 2341 2342
f 2370 2324 2341
f 2324 2372 2327
f 2343 2327 563
f 2343 3047 2299
f 2343 3048 3047
f 3047 2344 2299
f 3048 2343 3049
f 3049 2343 3050
f 2328 3051 2346
f 2328 2334 3040
f 2335 2349 2153
f 2379 2337 2349
f 2378 2336 2379
f 2336 2380 2351
f 2336 2351 2308
f 2351 2352 2308
f 2350 2354 2310
f 2353 3046 2354
f 3046 2353 2355
f 2355 2338 3046
f 2339 2355 2385
f 2339 2385 2387
f 2339 2387 2358
f 2358 2357 2340
f 2358 2340 2339
f 2356 2360 2357
f 2356 2359 2360
f 3052 2363 2359
f 2359 2363 2318
f 2363 2362 3042
f 2365 2368 2323
f 2368 2365 2366
f 2366 2365 2389
f 2390 2367 2366
f 2369 2370 2341
f 2371 2373 2372
f 2371 2372 2324
f 2372 563 2327
f 2343 3053 3050
f 2328 2347 2375
f 2375 2334 2328
f 2375 2410 2348
f 2375 2335 2334
f 2376 2349 2348
f 2376 2379 2349
f 2378 2377 3054
f 3054 2380 2378
f 3054 2381 2380
f 2381 2351 2380
f 2381 2350 2351
f 2383 2350 2381
f 2384 2355 2353
f 2384 2353 2350
f 2355 2384 2385
f 2388 2358 2387
f 2388 2356 2358
f 2388 2397 2356
f 2356 3052 2359
f 3052 2356 2397
f 3052 2361 2363
f 2364 2361 2400
f 2364 2389 2365
f 2390 2391 2367
f 2391 2404 2371
f 2391 2371 2370
f 2404 2392 2371
f 2371 2392 2373
f 2394 2348 2410
f 2414 3054 2377
f 2414 2381 3054
f 2414 2395 2381
f 2382 2395 2396
f 2396 2398 2386
f 2386 2385 2396
f 2396 2385 2384
f 2386 2397 2388
f 2386 2398 2397
f 2401 2397 2399
f 2401 2361 3052
f 2397 2401 3052
f 2401 2399 2402
f 2364 385 384
f 2402 2399 2417
f 385 2402 383
f 383 3055 384
f 384 3055 2390
f 3055 2403 2390
f 2420 2391 2403
f 2391 2420 2404
f 563 2404 2405
f 563 2406 564
f 2408 565 564
f 564 2421 2407
f 2410 2408 2407
f 2413 2416 2395
f 2416 2396 2395
f 2415 2399 2398
f 2417 2415 2422
f 2418 2417 3056
f 2419 3057 383
f 3057 2403 3055
f 3057 3055 383
f 383 2418 2419
f 2403 3057 2419
f 2420 2419 2406
f 3058 2407 2421
f 3058 3056 2407
f 2411 2409 2407
f 3056 2411 2407
f 2418 3056 2421
f 2421 3056 3058
f 2421 2406 2418
f 2422 3056 2417
f 3056 2422 2411
f 2411 2422 2413
f 2411 2413 2412
f 2415 2416 2413
f 2412 2377 2394
f 2412 2394 2409
f 2412 2414 2377
f 2394 2410 2409
f 2410 2375 2393
f 2393 2374 2343
f 2393 2343 565
f 281 2163 2312
f 2085 1983 2424
f 2426 2429 3030
f 2429 2428 2430
f 2430 2428 2431
f 2429 2430 2156
f 2429 2156 3030
f 2431 2432 278
f 2432 2434 279
f 280 2437 278
f 1948 299 298
f 2438 2439 1948
f 2439 1949 1948
f 1950 1949 2439
f 288 290 1950
f 2443 1951 292
f 2446 292 2442
f 292 3059 3060
f 292 3060 2440
f 2443 2446 3061
f 2443 3061 2444
f 1957 3025 3062
f 2460 2447 1962
f 2460 1962 1958
f 2447 2460 2459
f 2447 2459 2451
f 1963 2447 2451
f 2451 3063 2450
f 2452 2454 2448
f 2454 2453 2455
f 2454 518 514
f 3064 3065 2457
f 3065 3066 2457
f 3064 2457 529
f 2457 3067 530
f 3067 3068 530
f 3063 2451 2459
f 3067 2457 3069
f 2462 3070 292
f 3070 3059 292
f 290 289 292
f 292 2463 514
f 2464 2472 2490
f 2466 2465 2471
f 2465 2464 2471
f 291 515 2463
f 291 289 295
f 515 291 296
f 296 516 515
f 516 2468 517
f 2467 268 2469
f 268 267 2469
f 284 523 285
f 268 287 264
f 284 268 2467
f 2466 2471 293
f 2471 2470 285
f 2471 285 521
f 2470 2464 2490
f 2472 262 2490
f 2474 2484 2473
f 3071 2484 2474
f 2474 2433 2478
f 2433 2475 2477
f 2478 3071 2474
f 2477 2480 2479
f 2479 2481 1980
f 2482 1980 2481
f 2480 2425 2424
f 2427 2480 2483
f 2427 2429 2425
f 2483 2475 2428
f 2483 2476 2475
f 2478 1976 3071
f 2479 1980 1978
f 3071 1976 2484
f 2484 1975 1974
f 2484 1974 2485
f 2485 2473 2484
f 2485 1974 2489
f 2485 2489 513
f 2488 513 2489
f 513 2487 514
f 2487 1966 514
f 2487 1967 1966
f 2486 1973 1970
f 2486 1971 1973
f 2488 2487 513
f 2434 2473 2435
f 2470 262 286
f 2464 2436 2472
f 2437 280 2436
f 2085 2423 3014
f 2076 2274 2273
f 255 2076 270
f 270 2156 2158
f 270 269 255
f 2431 278 2075
f 1999 2001 2000
f 2004 2491 2005
f 1871 2007 2491
f 2007 2009 2008
f 1867 3027 2009
f 2009 3027 2492
f 1802 1798 2492
f 1797 2006 1798
f 1798 2006 2008
f 1792 1790 1794
f 1790 2003 1794
f 3019 1790 1789
f 2000 3019 3018
f 3018 1789 1810
f 3019 2000 1790
f 3017 1997 1996
f 3018 1996 1995
f 3018 1995 2000
f 3017 3016 1994
f 3017 1994 1997
f 1788 1994 3016
f 1788 1787 2494
f 2494 1990 1993
f 2494 1787 167
f 2494 167 161
f 2806 181 2495
f 165 166 1984
f 1773 1772 2497
f 2497 1979 1773
f 2628 3072 170
f 3072 157 156
f 2628 157 3072
f 3072 2498 172
f 3072 172 168
f 3072 168 170
f 2499 481 485
f 485 481 486
f 2499 2498 3073
f 2500 2498 156
f 2498 3072 156
f 2498 2500 3073
f 3073 2500 2502
f 2502 148 3073
f 149 148 2502
f 2500 158 2501
f 2501 2504 2503
f 2503 2510 151
f 2510 2505 151
f 2505 152 155
f 2506 155 154
f 483 2508 2506
f 482 2509 2508
f 2509 3073 148
f 2508 148 150
f 482 481 2509
f 481 2499 3073
f 481 3073 2509
f 2506 154 483
f 477 484 171
f 477 171 483
f 475 477 483
f 2507 2511 153
f 2511 3013 153
f 1770 2512 3013
f 1770 2513 2512
f 2513 1766 2512
f 1766 144 1768
f 2512 2514 2520
f 2512 2520 2515
f 2515 3013 2512
f 2515 153 3013
f 475 154 2532
f 154 2517 2516
f 2516 2515 2519
f 2519 2515 2520
f 2521 2518 2520
f 2522 2518 2521
f 2525 2527 2522
f 2521 1761 2524
f 2524 2526 2525
f 1472 1754 2525
f 1472 1757 1759
f 2525 1754 2527
f 2527 465 2528
f 2523 2522 2527
f 2523 2528 2626
f 2529 2626 3074
f 2529 2523 2626
f 2523 2519 2518
f 2519 2529 2531
f 2519 2531 2516
f 2531 3075 154
f 3075 2532 154
f 3076 475 2534
f 2535 3076 2534
f 3077 2535 475
f 2532 2534 475
f 477 3078 484
f 2570 178 2537
f 2537 484 2570
f 2570 484 3078
f 2538 1969 484
f 2539 492 2541
f 2539 2541 2543
f 2539 2543 2540
f 2539 1967 1969
f 2541 495 2542
f 2542 495 2544
f 2543 1965 2540
f 247 2544 3079
f 3080 244 3081
f 2567 2545 2547
f 2548 2550 2547
f 2546 2551 2548
f 505 2551 2546
f 2555 2549 2551
f 2549 241 2550
f 2551 505 2555
f 3082 2565 2553
f 2553 2565 2554
f 2555 504 2556
f 2557 3083 2553
f 2556 2559 3084
f 2556 3084 3085
f 2559 2558 2611
f 3082 3086 2565
f 2564 2562 2552
f 2565 2564 2552
f 2552 2554 2565
f 2552 2549 2554
f 2549 2555 2554
f 2563 2565 3086
f 2552 242 241
f 2566 2550 243
f 2566 243 1723
f 2567 244 2545
f 2567 2566 1723
f 2544 2569 3079
f 2544 3087 2568
f 2544 495 3087
f 494 495 492
f 2537 175 493
f 2571 2624 178
f 3088 2572 2574
f 2574 2573 3089
f 2577 2572 3088
f 3090 3091 464
f 2578 3092 464
f 3092 3090 464
f 464 2584 2572
f 2579 2572 3093
f 2581 173 2623
f 2581 3093 2572
f 2581 2572 2582
f 2585 2599 2582
f 2582 2572 2584
f 2586 2584 464
f 2588 2587 2586
f 2589 2590 2588
f 2591 2592 2590
f 2590 2589 2591
f 2590 2593 2587
f 2587 2594 2597
f 2599 2585 2597
f 2597 2585 2587
f 2599 2598 2600
f 2600 491 2583
f 2583 2582 2600
f 2600 2582 2599
f 2580 2583 173
f 2580 2581 2583
f 2600 489 491
f 491 174 173
f 2583 491 173
f 2604 2601 2603
f 2600 2601 2604
f 2600 3094 2606
f 489 2606 3095
f 2605 3094 2600
f 489 3095 487
f 503 2602 2601
f 2608 2610 2611
f 2561 2809 2810
f 2609 2809 2561
f 2607 2598 197
f 2595 195 197
f 2595 2596 195
f 2596 2593 2592
f 2592 2613 2615
f 2596 2592 2612
f 2592 2615 2612
f 2592 2591 2613
f 2613 1746 2614
f 2618 2620 2615
f 2618 2615 2614
f 2619 2612 2615
f 2612 496 195
f 2619 496 2612
f 2619 1730 2621
f 1729 2716 496
f 2620 2618 1732
f 2618 1737 1734
f 2613 2591 1746
f 2591 1750 1748
f 2589 1752 1750
f 176 2622 175
f 179 2625 176
f 3091 2528 464
f 2531 2626 3096
f 1753 1755 465
f 2527 1754 1753
f 465 2527 1753
f 1765 1763 2514
f 2513 1770 144
f 1770 141 144
f 2511 1771 3013
f 2511 1772 1771
f 1772 2507 2497
f 2510 2503 2504
f 2510 2504 157
f 2542 1961 1965
f 1963 2449 1964
f 1955 2630 3097
f 1955 3097 2631
f 2631 3098 1956
f 1948 1947 299
f 1947 1944 299
f 1946 2632 1945
f 1937 1944 1945
f 1937 539 1938
f 1938 2634 2633
f 1938 321 311
f 1938 2823 321
f 1938 539 2823
f 539 3023 1931
f 539 347 3023
f 539 1945 2635
f 1945 2632 2635
f 2632 1921 1919
f 2635 1919 540
f 1942 2072 1944
f 2072 299 1944
f 362 1912 363
f 164 2803 166
f 2617 1738 1737
f 2640 1735 2638
f 2640 1736 1735
f 2638 1451 2640
f 2642 2639 2641
f 2642 1733 2639
f 1731 2641 1726
f 1731 1730 2642
f 2641 2662 1726
f 1726 1725 1731
f 2644 2653 2645
f 2653 2646 2645
f 1727 2645 1724
f 2645 2647 1722
f 2645 1722 1724
f 2647 2648 1720
f 1720 2648 1721
f 2646 2668 2667
f 2668 2653 2655
f 2654 2643 2657
f 2654 2653 2644
f 2657 2658 2663
f 2643 2658 2657
f 2658 2643 2662
f 2658 2662 2659
f 2659 1451 2661
f 1449 2661 1451
f 2659 2639 1451
f 2662 2641 2639
f 2662 2643 1726
f 2661 2974 2660
f 2666 2710 2667
f 2710 2669 2667
f 2667 2669 2646
f 2710 2673 2669
f 2652 2669 2671
f 2673 1718 2669
f 2672 1715 1714
f 543 2675 2677
f 1702 543 2677
f 2676 2678 2677
f 2677 2678 389
f 2678 2680 387
f 388 409 408
f 388 2683 409
f 2684 413 409
f 2685 566 421
f 566 2687 2689
f 566 2689 567
f 2687 2713 2689
f 2713 2682 2680
f 2713 2680 2679
f 2689 2713 2679
f 2679 2678 2689
f 2689 2678 2688
f 2689 2688 2690
f 2688 2676 2690
f 2690 2674 2693
f 2702 2692 2691
f 2694 2709 2695
f 2696 2701 2695
f 2709 2666 2697
f 2695 2709 2697
f 2695 2697 2696
f 2664 2666 2665
f 1445 1442 2701
f 2695 2701 2691
f 2701 2705 2702
f 2702 2705 562
f 2690 2703 425
f 420 562 2707
f 562 2706 556
f 554 556 2706
f 2706 2705 1442
f 554 1442 1444
f 554 2708 2749
f 554 1444 1440
f 2705 2701 1442
f 2709 2672 2673
f 2709 2712 2672
f 2712 2711 2672
f 2711 1711 2672
f 2711 2674 1711
f 2711 2712 2693
f 2690 2693 2692
f 2690 425 568
f 2690 568 567
f 3099 2713 2714
f 3099 2682 2713
f 2687 2686 2714
f 409 428 430
f 428 2682 3099
f 2656 2663 2699
f 2699 2663 2700
f 1451 2639 2640
f 1739 1452 2638
f 2715 2979 1739
f 1739 2979 1452
f 2621 1730 1729
f 2677 389 392
f 3006 1605 1673
f 3006 1610 3100
f 3006 3100 1606
f 1582 1572 1571
f 1536 1540 1585
f 2990 2991 1500
f 1529 2990 1500
f 1497 144 143
f 1494 121 1769
f 1476 1475 1762
f 1438 1635 1440
f 1285 2787 2786
f 3101 2787 1285
f 2717 1178 1180
f 2718 2719 1249
f 2719 2718 1268
f 2719 2932 1249
f 2719 1268 1267
f 1254 1251 2719
f 2720 2934 1265
f 1206 2721 1242
f 2724 1200 2926
f 2724 2926 2725
f 1199 550 549
f 1148 2790 70
f 1169 1145 1159
f 2730 77 76
f 3102 2729 2730
f 1108 442 1109
f 625 624 3103
f 611 511 2732
f 614 2732 510
f 609 507 511
f 608 588 586
f 604 212 211
f 2734 2846 595
f 2735 595 2733
f 583 577 506
f 509 583 506
f 572 577 583
f 429 2714 2686
f 2737 2704 2742
f 2738 2736 2740
f 2738 427 426
f 427 2745 3104
f 2745 2746 398
f 2745 398 3104
f 398 424 3104
f 3104 424 427
f 398 2746 3105
f 3105 399 398
f 2741 400 397
f 419 2741 2742
f 2742 2741 2743
f 2742 2740 2737
f 2737 2740 2736
f 2739 2740 2746
f 2741 2744 2743
f 399 3105 2744
f 2744 3105 2746
f 570 2707 555
f 570 557 571
f 571 411 412
f 571 412 418
f 2758 411 571
f 571 3106 2758
f 571 557 3106
f 3106 396 2758
f 3106 2842 396
f 557 2842 3106
f 2842 2827 372
f 2842 372 396
f 2708 374 2749
f 374 2747 370
f 370 376 374
f 374 376 375
f 521 285 523
f 2454 514 2449
f 513 267 265
f 2750 2753 3107
f 2750 2755 2752
f 198 2751 3108
f 198 3108 2833
f 231 233 2756
f 493 175 174
f 1007 1006 1010
f 1007 1010 2830
f 463 461 133
f 451 444 443
f 444 450 1134
f 444 449 450
f 3099 2714 428
f 2714 429 428
f 345 2760 346
f 340 341 2759
f 2759 346 2760
f 276 261 260
f 259 2205 2761
f 2761 2205 253
f 236 2282 237
f 88 46 45
f 87 40 88
f 88 40 46
f 1468 59 2765
f 48 63 75
f 48 50 2766
f 2766 56 63
f 48 2765 49
f 2767 6 26
f 6 24 26
f 5 21 24
f 21 5 4
f 21 4 16
f 2769 2768 1470
f 2769 17 16
f 2769 1470 17
f 2768 57 1470
f 4 6 2768
f 40 39 33
f 28 2770 29
f 2774 27 2782
f 2782 23 2772
f 2782 2772 2774
f 2775 3 2774
f 2773 2772 2780
f 2773 2779 2784
f 2775 2773 2784
f 2784 2779 2776
f 2776 1 2784
f 1 2777 2778
f 2778 2770 1
f 2778 2776 9
f 2770 8 31
f 2776 10 9
f 10 2776 2779
f 2779 11 10
f 2780 11 2779
f 23 2780 2772
f 2782 2781 23
f 27 2774 3
f 1485 1480 1481
f 1488 1489 1480
f 3109 3110 3111
f 3110 3112 3113
f 3114 3115 3113
f 3116 3117 3118
f 3119 3120 3121
f 3118 3120 3116
f 3122 3123 3120
f 3112 3124 3125
f 3125 3124 3126
f 3125 3127 3112
f 3128 3124 3112
f 3112 3129 3128
f 3127 3130 3114
f 3131 3130 3132
f 3126 3117 3133
f 3126 3133 3134
f 3126 3118 3117
f 3124 3128 3118
f 3122 3109 3123
f 3128 3129 3122
f 3135 3136 3137
f 3136 3138 3111
f 3136 3111 3139
f 3140 3141 3142
f 3141 3143 3142
f 3144 3145 3146
f 3144 3147 3145
f 3145 3148 3146
f 3149 3150 3151
f 3152 3149 3151
f 3149 3153 3154
f 3155 3150 3156
f 3157 3158 3159
f 3160 3161 3159
f 3162 3163 3164
f 3164 3163 3165
f 3164 3166 3162
f 3163 3167 3165
f 3168 3169 3170
f 3171 3172 3173
f 3171 3173 3174
f 3171 3174 3170
f 3175 3160 3176
f 3177 3178 3179
f 3177 3179 3180
f 3181 3182 3183
f 3184 3185 3181
f 3186 3187 3188
f 3187 3189 3188
f 3190 3163 3191
f 3163 3192 3191
f 3162 3166 3192
f 3166 3193 3192
f 3166 3194 3193
f 3194 3195 3196
f 3197 3195 3194
f 3195 3198 3196
f 3199 3200 3201
f 3199 3202 3203
f 3204 3205 3206
f 3206 3207 3208
f 3207 3193 3209
f 3207 3209 3208
f 3210 3211 3205
f 3196 3209 3193
f 3192 3193 3212
f 3213 3214 3215
f 3182 3181 3216
f 3217 3218 3219
f 3220 3221 3219
f 3217 3185 3184
f 3221 3222 3223
f 3222 3221 3220
f 3224 3225 3220
f 3220 3226 3222
f 3227 3228 3229
f 3230 3231 3227
f 3230 3227 3229
f 3232 3233 3229
f 3234 3235 3236
f 3237 3238 3214
f 3239 3240 3211
f 3241 3242 3243
f 3244 3245 3246
f 3244 3247 3248
f 3249 3250 3251
f 3141 3252 3253
f 3253 3254 3141
f 3255 3254 3253
f 3254 3143 3141
f 3256 3142 3143
f 3256 3257 3142
f 3249 3258 3140
f 3249 3259 3250
f 3250 3260 3261
f 3261 3244 3250
f 3262 3241 3261
f 3242 3262 3263
f 3264 3239 3265
f 3266 3267 3268
f 3268 3240 3266
f 3268 3269 3234
f 3270 3271 3269
f 3270 3233 3271
f 3272 3273 3230
f 3273 3231 3230
f 3273 3274 3231
f 3231 3274 3224
f 3275 3225 3274
f 3275 3276 3226
f 3277 3278 3279
f 3279 3222 3226
f 3279 3226 3277
f 3280 3178 3279
f 3179 3178 3280
f 3280 3281 3179
f 3281 3282 3179
f 3279 3278 3280
f 3283 3284 3278
f 3278 3276 3283
f 3283 3285 3286
f 3286 3202 3283
f 3287 3202 3286
f 3286 3272 3287
f 3272 3288 3287
f 3270 3289 3288
f 3270 3269 3289
f 3199 3283 3202
f 3290 3284 3199
f 3284 3283 3199
f 3291 3282 3290
f 3282 3281 3284
f 3180 3292 3291
f 3293 3165 3177
f 3294 3223 3178
f 3290 3199 3198
f 3289 3269 3267
f 3273 3272 3286
f 3275 3273 3286
f 3285 3276 3275
f 3278 3277 3276
f 3295 3296 3297
f 3298 3299 3300
f 3298 3256 3301
f 3302 3256 3298
f 3140 3257 3259
f 3260 3250 3259
f 3303 3304 3305
f 3305 3304 3306
f 3305 3306 3263
f 3263 3262 3305
f 3304 3307 3306
f 3304 3308 3307
f 3309 3263 3306
f 3309 3310 3311
f 3312 3313 3314
f 3314 3315 3316
f 3317 3318 3319
f 3147 3320 3157
f 3321 3322 3323
f 3323 3174 3321
f 3324 3325 3321
f 3172 3326 3173
f 3152 3325 3327
f 3322 3146 3148
f 3148 3145 3328
f 3329 3330 3331
f 3332 3330 3329
f 3332 3333 3330
f 3334 3311 3332
f 3333 3332 3310
f 3310 3307 3308
f 3304 3303 3335
f 3335 3303 3336
f 3336 3303 3300
f 3305 3337 3303
f 3338 3302 3337
f 3337 3262 3338
f 3298 3300 3302
f 3299 3339 3336
f 3340 3341 3339
f 3341 3340 3342
f 3343 3330 3342
f 3342 3330 3341
f 3330 3343 3331
f 3331 3296 3295
f 1144 1145 1140
f 3344 3345 3346
f 3347 3348 3345
f 3349 3350 3351
f 3352 3353 3354
f 3143 3255 3301
f 3143 3301 3256
f 3301 3255 3355
f 3356 3297 3296
f 3356 3357 3297
f 3356 3358 3357
f 3357 3359 3295
f 3357 3295 3297
f 3357 3358 3360
f 3361 3246 3243
f 3247 3244 3362
f 3362 3246 3361
f 3247 3360 3358
f 3363 3211 3210
f 3213 3212 3211
f 3364 3189 3238
f 3232 3365 3366
f 3219 3182 3228
f 3217 3221 3223
f 3294 3185 3223
f 3185 3163 3190
f 3184 3181 3218
f 3181 3183 3218
f 3144 3146 3367
f 3171 3169 3368
f 3169 3168 3369
f 3156 3154 3153
f 3156 3150 3154
f 3370 3371 3152
f 3367 3146 3370
f 3146 3371 3370
f 3326 3172 3372
f 3373 3172 3368
f 3111 3110 3139
f 3109 3122 3129
f 3109 3129 3110
f 3110 3129 3112
f 3113 3139 3110
f 3113 3115 3135
f 3114 3113 3112
f 3114 3112 3127
f 3114 3374 3375
f 3118 3122 3120
f 3122 3118 3128
f 3125 3132 3127
f 3132 3130 3127
f 3131 3376 3130
f 3131 3132 3134
f 3134 3125 3126
f 3134 3133 3377
f 3132 3125 3134
f 3126 3124 3118
f 3114 3130 3374
f 3113 3135 3137
f 3137 3136 3139
f 3113 3137 3139
f 3258 3252 3141
f 3325 3371 3322
f 3322 3321 3325
f 3151 3370 3152
f 3149 3154 3150
f 3149 3152 3153
f 3151 3378 3370
f 3378 3367 3370
f 3372 3373 3155
f 3155 3156 3372
f 3156 3153 3326
f 3156 3326 3372
f 3157 3379 3158
f 3159 3158 3160
f 3157 3159 3380
f 3165 3293 3164
f 3175 3168 3170
f 3171 3368 3172
f 3176 3160 3158
f 3176 3381 3168
f 3168 3381 3382
f 3175 3176 3168
f 3294 3178 3177
f 3180 3179 3282
f 3182 3219 3183
f 3181 3185 3188
f 3188 3189 3181
f 3188 3185 3190
f 3188 3190 3186
f 3193 3194 3196
f 3196 3198 3201
f 3209 3196 3201
f 3201 3198 3199
f 3201 3200 3209
f 3206 3205 3207
f 3205 3211 3207
f 3207 3211 3193
f 3193 3211 3212
f 3212 3213 3191
f 3191 3213 3215
f 3191 3192 3212
f 3215 3214 3383
f 3383 3186 3215
f 3215 3186 3190
f 3215 3190 3191
f 3238 3187 3186
f 3238 3189 3187
f 3364 3235 3189
f 3235 3181 3189
f 3216 3181 3235
f 3219 3218 3183
f 3219 3221 3217
f 3217 3184 3218
f 3167 3294 3177
f 3167 3177 3165
f 3223 3222 3178
f 3220 3225 3226
f 3228 3227 3219
f 3219 3227 3224
f 3219 3224 3220
f 3227 3231 3224
f 3233 3232 3271
f 3233 3230 3229
f 3271 3232 3366
f 3364 3237 3236
f 3237 3364 3238
f 3214 3240 3237
f 3240 3239 3266
f 3211 3265 3239
f 3243 3245 3241
f 3245 3261 3241
f 3245 3243 3246
f 3244 3261 3245
f 3248 3250 3244
f 3248 3251 3250
f 3249 3251 3252
f 3249 3252 3258
f 3254 3255 3143
f 3249 3140 3259
f 3262 3242 3241
f 3242 3263 3384
f 3264 3266 3239
f 3268 3237 3240
f 3236 3268 3234
f 3268 3236 3237
f 3269 3271 3234
f 3233 3272 3230
f 3271 3366 3234
f 3225 3224 3274
f 3276 3277 3226
f 3275 3226 3225
f 3279 3178 3222
f 3280 3278 3281
f 3285 3275 3286
f 3272 3233 3288
f 3233 3270 3288
f 3385 3202 3287
f 3290 3282 3284
f 3284 3281 3278
f 3166 3164 3386
f 3267 3269 3268
f 3275 3274 3273
f 3283 3276 3285
f 3343 3387 3296
f 3343 3340 3387
f 3340 3355 3387
f 3355 3255 3387
f 3355 3340 3388
f 3298 3301 3355
f 3298 3355 3299
f 3355 3388 3299
f 3256 3389 3257
f 3256 3302 3389
f 3389 3302 3338
f 3389 3338 3260
f 3260 3257 3389
f 3257 3260 3259
f 3260 3338 3262
f 3260 3262 3261
f 3262 3337 3305
f 3307 3309 3306
f 3390 3263 3309
f 3309 3307 3310
f 3309 3311 3391
f 3392 3309 3391
f 3392 3390 3309
f 3311 3310 3332
f 3157 3320 3379
f 3380 3147 3157
f 3323 3148 3393
f 3393 3148 3328
f 3323 3170 3174
f 3324 3174 3173
f 3321 3174 3324
f 3173 3394 3324
f 3173 3326 3394
f 3324 3394 3327
f 3394 3153 3327
f 3394 3326 3153
f 3327 3153 3152
f 3152 3371 3325
f 3327 3325 3324
f 3322 3371 3146
f 3148 3323 3322
f 3332 3395 3334
f 3332 3329 3396
f 3333 3308 3341
f 3310 3308 3333
f 3336 3339 3335
f 3300 3299 3336
f 3308 3304 3335
f 3303 3337 3300
f 3302 3300 3337
f 3339 3299 3388
f 3340 3339 3388
f 3339 3341 3335
f 3335 3341 3308
f 3342 3340 3343
f 3341 3330 3333
f 3331 3343 3296
f 3397 3398 3399
f 3399 3398 3353
f 3400 3344 3346
f 3401 3347 3345
f 3344 3401 3345
f 3402 3349 3351
f 3351 3350 3403
f 3350 3349 3404
f 3354 3353 3398
f 3349 3405 3406
f 3405 3407 3406
f 3255 3296 3387
f 3357 3360 3359
f 3408 3362 3409
f 3408 3360 3362
f 3360 3247 3362
f 3409 3362 3361
f 3362 3244 3246
f 3251 3248 3247
f 3247 3358 3251
f 3251 3358 3356
f 3356 3252 3251
f 3253 3252 3356
f 3356 3296 3255
f 3356 3255 3253
f 3257 3140 3142
f 3240 3213 3211
f 3214 3213 3240
f 3236 3235 3364
f 3238 3186 3383
f 3238 3383 3214
f 3366 3365 3216
f 3366 3216 3235
f 3234 3366 3235
f 3232 3228 3365
f 3232 3229 3228
f 3365 3228 3182
f 3365 3182 3216
f 3185 3217 3223
f 3185 3294 3167
f 3185 3167 3163
f 3162 3192 3163
f 3320 3147 3144
f 3171 3170 3169
f 3369 3168 3382
f 3258 3141 3140
f 3373 3372 3172
f 2914 2913 82
f 82 2913 1120
f 2811 3410 3411
f 495 2811 3412
f 3412 3413 495
f 3412 3414 3413
f 3415 3416 3417
f 3418 3413 3414
f 3419 3414 3420
f 3420 3421 2602
f 3420 3422 3421
f 505 3423 3424
f 85 2914 3425
f 3426 3427 3080
f 2603 2602 3421
f 3411 3428 3429
f 3421 3429 3430
f 3411 3410 3428
f 3429 3428 3431
f 3427 3423 2546
f 3427 3418 3423
f 3423 3419 3420
f 3422 3411 3421
f 3425 2914 82
f 82 3432 3425
f 2811 3433 3410
f 3411 3412 2811
f 3087 495 3416
f 495 3413 3416
f 3087 3416 3415
f 3414 3419 3418
f 3418 3426 3416
f 3418 3416 3413
f 3420 2602 3424
f 3420 3434 3422
f 3420 3424 3423
f 505 2546 3423
f 1088 1082 1085
f 3435 1082 1088
f 2905 2904 1064
f 3435 1101 1082
f 3080 3427 2546
f 3426 3080 3081
f 3081 3079 3426
f 3417 3416 3079
f 3079 3416 3426
f 3436 3437 3421
f 3430 3436 3421
f 3421 3411 3429
f 3428 3410 3438
f 3427 3426 3418
f 3423 3418 3419
f 3422 3434 3411
f 3434 3414 3412
f 3434 3412 3411
f 3420 3414 3434
f 117 1120 2913
f 3439 3123 3440
f 3138 3123 3439
f 3120 3123 3441
f 3442 3441 3138
f 3443 3444 3445
f 1556 3446 129
f 2998 3447 3448
f 3447 2793 129
f 2798 3449 3450
f 3450 3449 129
f 3449 130 129
f 130 3451 3452
f 3453 3454 3455
f 3453 3456 3454
f 3455 3454 3457
f 3458 3459 3456
f 2986 3454 3459
f 3460 3454 2986
f 1498 135 137
f 2991 3461 1500
f 1500 3461 2800
f 3462 3463 3464
f 136 3465 3466
f 3467 3468 3460
f 3460 3465 3461
f 3469 3470 3471
f 3472 3473 3474
f 3469 3475 3476
f 3477 3478 3479
f 3480 3481 3482
f 3470 3483 3484
f 3485 3486 3487
f 3488 3489 3490
f 3489 3491 3490
f 3151 3150 3378
f 3492 3493 3494
f 3493 3495 3494
f 3496 3497 3498
f 3496 3499 3497
f 3500 3501 3502
f 3501 3500 3503
f 3499 3504 3505
f 3504 3506 3507
f 3504 3508 3506
f 3509 3510 3511
f 3512 3513 3514
f 3515 3516 3517
f 3518 307 3517
f 3518 3519 307
f 3518 310 3519
f 3520 3521 3522
f 3523 3524 3521
f 1916 2067 3525
f 3526 3527 3528
f 3529 3530 3531
f 3532 3533 3534
f 3535 3536 3537
f 3538 3539 3540
f 3541 3542 3543
f 3544 3541 3543
f 3393 3328 3545
f 3170 3546 3175
f 3547 3548 3549
f 3550 3551 3552
f 3553 3554 3508
f 3504 3555 3508
f 3556 3557 3527
f 3558 3559 3557
f 3560 3561 3562
f 3203 3200 3199
f 3203 3563 3200
f 3564 3565 3566
f 3567 3568 3569
f 3570 3567 3571
f 3572 3571 3573
f 3574 3575 3576
f 3577 3578 3579
f 3577 3579 3580
f 3579 3581 3580
f 3582 3580 3581
f 3583 3584 3585
f 3586 3587 3588
f 3589 3590 3591
f 3592 3593 3594
f 3590 3595 3594
f 3596 3597 3594
f 3596 3594 3598
f 3599 3600 3601
f 3601 3602 3603
f 3601 3604 3605
f 3594 3606 3601
f 3601 3606 3607
f 3608 3609 3610
f 3611 3612 3609
f 3609 3612 3613
f 3614 3615 3616
f 3617 3618 3614
f 3614 3619 3620
f 3621 3622 3618
f 3621 619 3622
f 619 3623 3624
f 3625 3626 3627
f 2851 3628 598
f 2850 3626 3629
f 3630 3626 2850
f 3631 574 573
f 574 3631 3632
f 3615 3614 3633
f 3634 3635 3633
f 3636 3632 3637
f 3634 3622 3636
f 3638 3631 3639
f 3640 3607 599
f 2852 3640 599
f 603 3641 3642
f 3640 2852 3643
f 3643 2852 603
f 2733 3644 3606
f 3645 3646 3638
f 3637 3631 3638
f 3647 3648 3649
f 3648 3647 3650
f 3651 3590 3652
f 3652 3590 3593
f 3585 3591 3583
f 3583 3591 3653
f 3653 3654 3583
f 3653 3580 3654
f 3655 3583 3654
f 3656 3574 3576
f 3567 3570 3568
f 3657 3564 3568
f 3568 3564 3569
f 3658 3659 3565
f 3209 3200 3208
f 3660 3661 3662
f 3211 3663 3265
f 3211 3363 3663
f 3563 3664 3200
f 3563 3665 3664
f 3666 3667 3659
f 3659 3658 3668
f 3565 3564 3669
f 3657 3570 3670
f 3671 3670 3571
f 3572 3574 3671
f 3672 3656 3673
f 3674 3591 3675
f 3676 3674 3675
f 3677 3678 3674
f 3679 3482 3680
f 3681 3682 3482
f 3683 3684 3681
f 3682 3685 3686
f 3681 3684 3685
f 3684 3687 3688
f 3689 3687 3684
f 3384 3690 3691
f 3691 3692 3384
f 3693 3242 3384
f 3694 3695 3242
f 3263 3390 3384
f 3696 3697 3698
f 3690 3390 3698
f 3698 3390 3696
f 3697 3699 3700
f 3699 3701 3700
f 3700 3701 3702
f 3702 3703 3686
f 3685 3688 3702
f 3480 3686 3704
f 3704 3705 3480
f 3705 3481 3480
f 3705 3706 3707
f 3705 3708 3709
f 3710 3711 3712
f 3710 3705 3674
f 3674 3713 3710
f 3673 3714 3672
f 3673 3715 3714
f 3714 3715 3716
f 3717 3718 3719
f 3670 3671 3719
f 3720 3718 3721
f 3721 3657 3720
f 3657 3670 3720
f 3722 3723 3554
f 3724 3554 3723
f 3553 3725 3554
f 3725 3726 3658
f 3727 3728 3725
f 3665 3729 3730
f 3731 3732 3660
f 3733 3264 3734
f 3733 3267 3266
f 3734 3264 3265
f 3566 3287 3288
f 3735 3287 3566
f 3566 3288 3736
f 3575 3733 3734
f 3737 3496 3738
f 3572 3573 3733
f 3573 3736 3739
f 3736 3569 3566
f 3203 3740 3287
f 3740 3203 3202
f 3203 3659 3667
f 3566 3565 3735
f 3576 3575 3663
f 3741 3506 3724
f 3742 3507 3506
f 3743 3504 3507
f 3744 3743 3507
f 3745 3746 3747
f 3748 3646 3745
f 3749 3594 3595
f 3750 3594 3749
f 3594 3750 3606
f 3643 3613 3751
f 3643 3642 3613
f 3613 3641 3752
f 3753 3617 3754
f 3755 3753 3756
f 616 3617 3753
f 616 3621 3617
f 3754 3617 3757
f 3758 3614 3759
f 3642 3641 3613
f 3607 3640 3643
f 3760 3761 3610
f 3613 3612 3751
f 3643 3751 3762
f 3746 3587 3763
f 3498 3577 3764
f 3765 639 3766
f 3540 3486 3767
f 3768 3540 3539
f 3769 3539 3770
f 3542 3541 3771
f 3772 3773 3774
f 3774 3773 3771
f 3772 3775 3776
f 3478 3477 3777
f 3778 3779 3780
f 3778 3479 3478
f 3773 3772 3479
f 3781 3773 3479
f 3778 3780 3539
f 3769 3782 3778
f 3780 3486 3768
f 3767 3486 3485
f 3783 3767 3485
f 3784 3785 3767
f 3786 3787 3788
f 3789 3790 3791
f 3789 3792 3790
f 3793 3794 3790
f 3795 3796 3797
f 3798 3295 3359
f 3697 3696 3311
f 3696 3799 3800
f 3801 3329 3802
f 3673 3803 3804
f 3673 3656 3803
f 3803 3656 3674
f 3805 3673 3806
f 3805 3807 3808
f 3809 3807 3805
f 3810 3715 3808
f 3810 3811 3716
f 3812 3718 3811
f 3812 3813 3814
f 3815 3816 3813
f 3817 3815 3813
f 3817 3818 3815
f 3819 3820 3821
f 3818 3820 3819
f 3815 3821 3822
f 3506 3741 3823
f 3823 2905 3824
f 3506 3823 3824
f 3824 3825 3742
f 3507 3742 3513
f 3507 3513 3826
f 3513 3825 3827
f 2856 3828 3513
f 629 3513 3827
f 3829 3830 3831
f 3832 3830 3833
f 3833 3834 3832
f 3833 3830 3835
f 3835 3836 3833
f 3833 3836 3837
f 3838 3839 3840
f 3836 3841 3838
f 3841 3836 3842
f 3839 3841 649
f 3843 646 3844
f 649 641 3845
f 3846 643 3844
f 3847 3848 2858
f 691 3848 3847
f 3849 3840 3839
f 3839 643 3849
f 3839 3843 643
f 3849 3850 3840
f 3851 3852 3849
f 3850 3853 3854
f 3853 3855 3854
f 3856 3857 3855
f 3857 3832 3855
f 3857 3858 3859
f 3832 3860 3524
f 3861 3862 3863
f 3830 3829 3864
f 3829 3865 3864
f 3862 3866 3864
f 3866 3867 3864
f 3864 3867 3830
f 3867 3835 3830
f 3867 3868 3835
f 3869 3870 3868
f 3870 647 3842
f 2866 647 3870
f 689 3871 691
f 3851 3872 3873
f 3852 3873 3874
f 3875 3876 3874
f 3877 3856 3876
f 3877 3878 3879
f 3879 3880 3877
f 3881 3882 3883
f 3882 3881 3877
f 3877 3881 3884
f 3885 3886 3887
f 3888 3889 3890
f 3891 3890 3892
f 3890 3893 3894
f 3895 3894 3893
f 3896 3897 3894
f 3898 3895 3899
f 3900 3901 3902
f 3903 3902 3904
f 3905 3906 3907
f 3907 3872 3908
f 3905 744 3909
f 3910 3911 3903
f 3904 3912 3903
f 3892 3897 3913
f 3914 3892 3913
f 3915 3916 3917
f 3917 3885 3915
f 3918 3886 3917
f 3919 3920 3921
f 3919 3922 3920
f 3920 3923 3861
f 3922 3924 3923
f 3862 3923 3925
f 3924 3925 3923
f 3869 3868 3926
f 744 3927 3909
f 3928 3929 3910
f 3902 3911 3930
f 3916 3931 3932
f 3932 3917 3916
f 3933 3934 3935
f 3935 3936 3933
f 3937 3936 3935
f 3938 3939 3936
f 3933 3918 3932
f 3940 3941 3942
f 3940 3943 3944
f 3944 3919 3940
f 3924 3926 3925
f 694 2866 3945
f 3945 761 694
f 3946 3899 3947
f 3947 3899 3928
f 3948 3914 3949
f 3914 3950 3949
f 3913 3896 3950
f 3951 3949 3952
f 3953 3948 3954
f 3953 3914 3948
f 3916 3954 3931
f 3932 3931 3934
f 3955 3934 3956
f 3934 3933 3932
f 3956 3957 3955
f 3954 3958 3931
f 3959 3958 3954
f 3959 3948 3960
f 3961 3962 3963
f 3963 3962 3957
f 3962 3944 3957
f 3924 3919 3962
f 3962 3964 3965
f 3965 3966 841
f 3966 3967 841
f 841 842 764
f 3962 3919 3944
f 3942 3955 3943
f 3908 3968 3871
f 3872 3907 3969
f 3872 3969 3873
f 3969 3970 3971
f 3969 3972 3970
f 3969 3973 3972
f 3970 3883 3882
f 3970 3972 3974
f 3972 3975 3976
f 3977 3895 3978
f 3900 3895 3977
f 3979 3901 3900
f 3901 3979 3980
f 3901 3980 3902
f 3981 3904 3982
f 3973 3983 3984
f 3985 3972 3986
f 3984 3987 3988
f 3984 3989 3987
f 3978 3990 3991
f 3982 3980 3992
f 3993 3983 3992
f 3992 3983 3982
f 3994 3995 3996
f 3995 3997 3996
f 3997 3998 3999
f 4000 4001 4002
f 4001 4003 4004
f 4004 4003 4005
f 4005 4006 4007
f 4008 4009 4007
f 4010 4011 4012
f 4013 4014 4010
f 3995 3994 4014
f 4015 4016 3995
f 4017 4018 3997
f 4017 3995 4016
f 3997 3995 4017
f 3997 4018 3998
f 4019 4020 4021
f 4019 4022 4020
f 4020 4023 4024
f 4021 4020 4024
f 4020 4022 4023
f 4006 4025 4008
f 4025 4026 4008
f 4027 4028 4026
f 4026 4028 4008
f 4028 4029 4009
f 4030 4031 4032
f 4031 4033 4034
f 4031 4034 4035
f 4032 4036 4037
f 4032 4038 4036
f 4032 4035 4038
f 4036 4039 4037
f 4040 4041 4042
f 4036 4042 4039
f 4043 4039 4042
f 4044 4045 4043
f 4041 4046 4045
f 4012 4045 4046
f 4047 4010 4012
f 4013 4047 4048
f 4047 4046 4048
f 4013 4048 4049
f 4049 4050 4013
f 4051 4052 4016
f 4053 4022 4019
f 4054 4055 4022
f 4056 4055 4054
f 4057 4058 4059
f 4059 4003 4057
f 4058 4060 4027
f 4058 4027 4025
f 4027 4060 4061
f 4061 4028 4027
f 4062 4028 4061
f 4063 4064 4062
f 4065 4064 4063
f 4066 4067 4068
f 4069 4070 4071
f 4072 4035 4034
f 4034 4073 4072
f 4074 4040 4036
f 4075 4076 4041
f 4046 4041 4076
f 4048 4046 4076
f 4077 4050 4049
f 4077 4052 4051
f 4052 4078 4016
f 4079 4062 4061
f 4079 4080 4081
f 4082 4065 4083
f 4084 4085 4086
f 4084 4087 4069
f 4069 4088 4084
f 4071 4089 4069
f 4087 4073 4069
f 4090 4072 4073
f 4091 4074 4038
f 4092 4049 4048
f 4093 4077 4049
f 4094 4016 4078
f 4053 4021 4095
f 4053 4096 4054
f 4097 4058 4057
f 4079 4061 4098
f 4099 4082 4100
f 4082 4081 4101
f 4102 4100 4101
f 4100 4086 4099
f 4073 4087 4103
f 4104 4105 4073
f 4105 4106 4090
f 4090 4107 4072
f 4107 4038 4072
f 4108 4075 4074
f 4109 4110 4075
f 4109 4111 4112
f 4112 4092 4110
f 4113 4093 4092
f 4113 4077 4093
f 4094 4078 4114
f 4114 4052 4077
f 4095 4115 4116
f 4117 4095 4116
f 4118 4056 4119
f 4120 4057 4121
f 4122 4123 4097
f 4105 4104 4124
f 4105 4124 4106
f 4107 4090 4106
f 4125 848 4111
f 4111 4091 4125
f 4126 4127 4117
f 4117 4116 4126
f 4128 4129 4096
f 4130 854 856
f 4121 4128 4130
f 2883 4120 856
f 855 4098 4123
f 859 4131 4098
f 2886 4132 4131
f 2888 4133 1056
f 4134 4135 4136
f 4135 2889 4124
f 4137 4124 2889
f 858 2885 4131
f 953 2889 952
f 848 4125 860
f 3882 3874 3971
f 4138 4139 4140
f 4141 4138 4142
f 4142 4143 3544
f 4143 4144 4145
f 3775 4146 3776
f 4147 3478 3777
f 3777 4148 4147
f 4148 4149 4147
f 4147 4149 4150
f 4150 3487 3486
f 4146 3775 4151
f 4144 4143 4152
f 4143 4153 4152
f 4138 4154 4153
f 4153 4154 4152
f 4155 4156 4157
f 4158 4159 4160
f 4160 4151 4158
f 4161 4146 4160
f 4162 4163 4164
f 4163 3328 4164
f 4163 4162 4165
f 4165 3545 3328
f 3316 3546 4166
f 4167 3314 3316
f 3317 3313 3312
f 4168 4169 4170
f 4171 4172 4173
f 4174 4168 4172
f 4175 4176 4171
f 4177 4171 4176
f 3312 4174 4171
f 4171 4177 3317
f 3314 4167 4174
f 4178 4179 4180
f 4178 3317 4181
f 4182 3316 4183
f 4183 3313 4178
f 3316 3315 4183
f 4182 4184 3175
f 3175 3546 4182
f 3546 3316 4182
f 4182 4185 4184
f 4182 4180 4185
f 4180 4183 4178
f 4186 4180 4179
f 3827 3825 1063
f 4187 4188 4189
f 4190 4191 4192
f 4192 4193 4190
f 4191 4194 4186
f 4194 4185 4186
f 4184 4195 4196
f 3490 4197 4198
f 4199 4200 3787
f 4199 3787 3485
f 4201 3788 3787
f 4202 4203 4204
f 4205 4203 4202
f 4202 4206 4207
f 4208 4209 4206
f 4210 4209 4211
f 4212 4209 4213
f 4211 4214 4213
f 4212 4215 4216
f 4205 4217 4218
f 4217 4219 4220
f 4220 4218 4217
f 4221 4220 4222
f 4222 4220 3473
f 4223 4224 4225
f 3803 4226 3804
f 3803 3295 3798
f 3704 3331 4227
f 3329 3801 3396
f 3803 4228 3295
f 4223 4229 3804
f 4225 4229 4223
f 4230 4231 3806
f 3812 3811 4232
f 4233 4234 4232
f 4232 3817 3812
f 4235 4236 4234
f 3821 4237 4238
f 4238 3509 4239
f 4240 2904 3822
f 4241 2904 4242
f 4243 3823 4244
f 4245 4246 4247
f 4248 4249 4250
f 4251 4187 4252
f 4252 4187 4253
f 4191 4190 4254
f 4255 4256 4194
f 4256 4257 4258
f 4257 4259 4258
f 4258 4184 4185
f 4260 4261 4262
f 4197 3491 4261
f 4263 4264 4265
f 4264 4198 4265
f 4266 4267 4268
f 4264 4199 4198
f 4267 4269 4268
f 4270 4216 4271
f 4272 4271 4273
f 4271 4216 4215
f 4274 4207 4275
f 4276 4205 4274
f 4205 4277 4217
f 4277 4219 4217
f 4278 4279 4220
f 3809 4231 4220
f 4220 4231 4280
f 4231 4281 3535
f 4233 3807 4282
f 4282 4279 4283
f 4282 4235 4233
f 4235 4284 4285
f 4286 4287 4237
f 4286 4237 3820
f 3495 4288 3510
f 4289 4290 4291
f 3509 4292 4290
f 4290 4293 4294
f 4242 4240 4239
f 4295 4242 4296
f 4295 4241 4242
f 4297 4249 4295
f 4249 4246 4241
f 4295 4298 4299
f 4295 4300 4298
f 4295 4301 4300
f 4254 4187 4302
f 4255 4303 4304
f 4255 4305 4306
f 4255 4304 4307
f 4255 4308 4305
f 4255 4309 4310
f 4311 4255 4312
f 4313 4255 4310
f 4314 4315 4316
f 4317 4318 4319
f 4320 4321 4317
f 4322 4323 4324
f 4323 4325 4324
f 4326 4327 4328
f 4329 4330 4328
f 4331 4332 4328
f 4333 4197 4260
f 4333 4260 4334
f 4333 4335 4265
f 4336 4337 4338
f 4270 4339 4340
f 4340 4207 4270
f 4275 4340 4341
f 4341 4342 4275
f 4343 4344 4219
f 4279 4278 4283
f 4345 4283 4278
f 4346 4235 4283
f 4347 4285 4284
f 4347 4348 4236
f 4286 3818 4349
f 4350 4287 3495
f 4349 4351 4287
f 4352 4353 4351
f 4354 4355 4356
f 4348 4354 4357
f 4346 4358 4359
f 4345 4360 4361
f 4362 4342 4363
f 3476 4363 4364
f 4341 4365 4364
f 4362 4366 4343
f 4367 4366 4362
f 4368 4360 4369
f 4366 4369 4344
f 4360 4368 4370
f 4371 4372 3493
f 4288 3493 4372
f 4373 3511 4374
f 4375 4376 4377
f 4375 4378 4376
f 4379 4380 4381
f 4382 4383 4384
f 4385 4386 4382
f 4385 4387 4386
f 4387 4388 4386
f 4389 4390 4388
f 4387 4391 4392
f 4393 4389 4392
f 4390 4394 4395
f 4396 4397 4398
f 4398 4399 4396
f 4399 4400 4396
f 4401 4402 4403
f 4404 4405 4406
f 4402 4407 4406
f 1101 3435 353
f 4408 4409 4410
f 4411 4412 4409
f 4411 4413 4414
f 4411 4404 4412
f 4415 4405 4404
f 4405 4415 4416
f 4397 4417 4398
f 4418 4419 4420
f 4421 4422 4423
f 4394 4421 4423
f 4423 4395 4394
f 4423 4424 4425
f 4426 4388 4425
f 4425 4390 4395
f 4423 4425 4395
f 4426 4427 4388
f 4428 4429 4430
f 4429 3503 3500
f 4431 3503 4429
f 4432 4433 4434
f 4435 4436 4433
f 4437 4438 4436
f 4439 4437 4436
f 4251 4440 4302
f 4440 4441 4302
f 4441 4314 4254
f 4441 4315 4314
f 4441 4442 4315
f 4320 4315 4442
f 4435 4443 4444
f 4435 4444 4445
f 4445 4320 4442
f 4321 4320 4445
f 4323 4446 4325
f 4327 4326 4325
f 4447 4332 4331
f 4447 4448 4332
f 4448 4449 4450
f 4450 4449 4451
f 4449 4452 4451
f 4335 4453 4265
f 4265 4454 4263
f 4365 4341 4455
f 4365 4456 4457
f 4365 4457 4458
f 4459 4455 4460
f 4461 4455 4459
f 4462 4463 4464
f 4465 4466 4467
f 4463 4465 4468
f 4469 4470 4471
f 4471 4472 4469
f 4473 4474 4475
f 4473 4476 4474
f 4477 4478 4479
f 4480 4481 4482
f 4483 4481 4480
f 4481 4483 4484
f 4481 4484 4485
f 4486 4487 4484
f 4488 1126 2914
f 4489 4490 4487
f 4484 4487 4491
f 4490 4492 4487
f 4487 4492 4493
f 4485 4491 4493
f 4493 4494 4481
f 4481 4485 4493
f 4477 4495 4496
f 4497 4475 4474
f 4498 4472 4499
f 4469 4498 4500
f 4500 4466 4469
f 4500 4501 4502
f 4503 4504 4367
f 3475 4367 3476
f 3476 4367 4362
f 4368 4366 4367
f 4505 4506 4368
f 4507 4508 4368
f 4509 4510 4360
f 4508 4370 4368
f 4511 4370 4508
f 4512 4513 4514
f 4515 4375 4516
f 4515 4517 4375
f 4515 4518 4517
f 4519 4518 4515
f 4520 4521 4522
f 4523 4524 4525
f 4526 4525 4524
f 4527 4528 4529
f 4530 4531 4390
f 4530 4532 4531
f 4529 4533 4530
f 4532 4534 4531
f 4534 4535 4536
f 4537 4418 4536
f 4537 4538 4418
f 4539 4540 4537
f 4537 4540 4541
f 2925 4542 4543
f 2925 4544 4545
f 2925 4546 4547
f 4548 4549 3531
f 4550 4551 4549
f 4552 4549 4551
f 4553 4549 4552
f 4549 4554 4555
f 1208 3530 3529
f 2938 4550 1192
f 2938 1274 4550
f 4550 4556 2928
f 1274 1242 4550
f 4557 4558 4408
f 4410 4559 4557
f 4558 4409 4408
f 4414 4404 4411
f 4415 4560 4561
f 4562 4405 4416
f 4417 4563 4564
f 4417 4564 4419
f 4564 4565 4566
f 4566 4419 4564
f 4419 4538 4417
f 4422 4566 4567
f 4423 4422 4567
f 4424 4423 4567
f 4568 4569 4428
f 4570 4431 4429
f 4443 4433 4431
f 4321 4444 4571
f 4321 4572 4322
f 4446 4323 4573
f 4574 4325 4575
f 4576 4577 4448
f 4448 4447 4578
f 4448 4578 4576
f 4579 4580 4576
f 4576 4580 4577
f 4449 4448 4577
f 4452 4580 4581
f 4454 4265 4582
f 4583 4584 4463
f 4463 4584 4465
f 4585 4586 4471
f 4472 4587 4588
f 4586 4587 4472
f 4586 4589 4587
f 4587 4589 4588
f 4590 4478 4591
f 4592 4480 4593
f 4593 4480 4594
f 4592 4593 4590
f 4595 4483 4480
f 4596 4597 4598
f 4599 4600 4596
f 4598 4599 4596
f 4601 4602 4599
f 4602 4603 4604
f 4604 4600 4602
f 4603 4605 4489
f 4489 4604 4603
f 4479 4606 4495
f 4607 4608 4609
f 4608 4610 4497
f 4609 4497 4496
f 4611 4612 4608
f 4610 4498 4499
f 4610 4499 4475
f 4610 4475 4497
f 4613 4614 4615
f 4613 4616 4614
f 4614 4617 4618
f 4615 4618 4619
f 4614 4618 4615
f 4513 4619 4620
f 4617 4621 4618
f 4616 4617 4614
f 4620 4622 4513
f 4622 4623 4515
f 4624 4519 4625
f 4515 4626 4519
f 4627 4628 4629
f 4521 4630 4631
f 4632 4633 4521
f 4630 4634 4631
f 4630 4635 4634
f 4523 4525 4636
f 4635 4637 4636
f 4636 4638 4639
f 4528 4640 4533
f 4535 4532 4641
f 4642 4539 4537
f 4637 4643 4528
f 4644 4645 4646
f 4647 4648 4626
f 4626 4649 4650
f 4626 4651 4649
f 4652 4647 4623
f 4652 4621 4558
f 4621 4617 4413
f 4413 4617 4414
f 4562 4653 4654
f 4655 4656 4563
f 4656 4657 4658
f 4572 4571 4659
f 4659 4571 4570
f 4571 4660 4570
f 4572 4573 4322
f 3351 4661 4447
f 4661 4662 4578
f 4581 4663 4664
f 4665 4664 4666
f 4667 4668 4669
f 4670 4671 4663
f 4663 4671 4667
f 4671 4672 4668
f 4673 4674 4675
f 4676 4584 4677
f 4585 4678 4586
f 4679 4678 4585
f 4680 4586 4678
f 4680 4681 4589
f 4682 4589 4681
f 4591 4476 4682
f 4683 4684 4685
f 4684 4597 4685
f 4597 4684 4686
f 4687 4688 4598
f 4689 4598 4597
f 4601 4599 4688
f 4603 4601 4690
f 4605 4691 4490
f 4692 4693 4482
f 4692 4694 4606
f 4695 4696 4694
f 4694 4696 4697
f 4696 4698 4697
f 4697 4495 4606
f 4611 4608 4607
f 4699 4700 4701
f 4702 4703 4701
f 4702 4701 4700
f 4700 4704 4702
f 4702 4704 4705
f 4706 4705 4704
f 4707 4690 4704
f 4708 4709 4706
f 4704 4708 4706
f 4710 4706 4709
f 4711 4712 4674
f 4713 4686 4684
f 4713 4684 4683
f 4714 4712 4683
f 4715 4689 4686
f 4690 4707 4603
f 4605 4716 4691
f 4717 4718 4492
f 4719 4720 4718
f 4721 4494 4718
f 4716 4722 4723
f 4722 4719 4723
f 4722 4724 4719
f 4707 4716 4605
f 4725 4726 4727
f 4711 4674 4726
f 4726 4728 4727
f 4727 4729 4730
f 4728 4729 4727
f 4730 4731 4732
f 4730 4715 4727
f 4733 4734 4731
f 4705 4735 4734
f 4657 4653 4736
f 4737 4738 4739
f 3345 3348 4738
f 4573 4572 3348
f 3348 4572 4738
f 4738 4572 4659
f 4740 4446 3347
f 4740 4575 4446
f 3402 3351 4574
f 4741 4742 4661
f 4743 4744 4662
f 4579 4662 4744
f 4670 4745 4746
f 4670 4743 4745
f 4671 4746 4747
f 4746 4748 4749
f 4749 4747 4746
f 4750 4575 4740
f 3402 4574 4575
f 4750 3402 4575
f 4751 4661 4752
f 4752 4661 4753
f 4751 4741 4661
f 4753 4661 3403
f 4754 4755 4756
f 4757 4754 4756
f 4758 4743 4756
f 4759 4743 4758
f 4760 4761 4762
f 4761 3344 4763
f 4761 3405 3401
f 3401 3349 4750
f 4764 4765 3406
f 4766 4767 4756
f 4761 4768 3405
f 1545 3467 2991
f 4769 3457 3468
f 3454 3468 3457
f 3468 3467 4769
f 3457 4770 3455
f 2994 2992 4771
f 2994 1543 2992
f 2993 4772 4773
f 4774 2996 1584
f 3534 4775 3455
f 4776 1546 4777
f 3449 2798 4778
f 3534 3533 4776
f 3533 3452 4776
f 4776 3452 3451
f 3000 1561 3452
f 4779 4780 4781
f 4781 4780 4782
f 4780 4783 1566
f 4783 4784 1571
f 4785 4786 1578
f 4785 1589 4786
f 1588 1589 4787
f 4788 1864 4787
f 4789 4770 4774
f 4790 4788 4791
f 4790 1864 4788
f 2651 4792 2630
f 4793 4794 4791
f 4795 4796 4790
f 4797 4798 341
f 4799 4797 341
f 3558 4800 4797
f 4801 1930 4797
f 4797 3516 4801
f 4800 3516 4797
f 3517 3562 4802
f 4803 310 3518
f 4804 4803 4805
f 1941 4806 4803
f 1941 1943 1940
f 4807 4808 4809
f 4810 4811 4812
f 2066 3525 2067
f 2145 2298 2146
f 3558 3560 3562
f 4813 3033 4814
f 4815 4804 4814
f 2148 4816 4815
f 1943 1941 3029
f 4816 2150 3029
f 4813 2332 3033
f 4817 2298 4818
f 3561 4817 3047
f 3561 3053 4819
f 3041 4813 4820
f 3051 3053 2347
f 4821 4819 3053
f 3053 3051 4821
f 3051 4822 4823
f 4821 4824 4820
f 4824 4825 4820
f 4826 2347 3053
f 4826 2374 2347
f 2343 4826 3053
f 4827 4828 4829
f 4828 4830 4831
f 4832 4833 4828
f 4834 4828 4831
f 4834 4809 4828
f 4835 4809 4834
f 4792 4807 4809
f 4792 4835 4836
f 4837 4838 4839
f 4839 4838 4792
f 4840 4838 4841
f 3062 4842 4843
f 3062 4844 1958
f 4843 4845 4846
f 4843 4847 4845
f 4848 4849 4843
f 4843 4850 3547
f 3547 3551 4843
f 2461 4844 4851
f 4851 4844 3551
f 4852 4810 4853
f 4792 4838 3097
f 4854 4808 4807
f 4855 2633 4856
f 4857 310 4855
f 4799 3559 3558
f 4787 4858 3532
f 1578 4784 4858
f 1578 1582 4784
f 1582 1571 4784
f 4859 4728 4860
f 4728 4674 4860
f 4712 4861 4674
f 4679 4862 4863
f 4670 4579 4744
f 4666 4664 4667
f 4416 4561 4864
f 4865 4560 4616
f 4866 4519 4867
f 4519 4868 4869
f 4519 4870 4868
f 4626 4645 4519
f 4519 4871 4870
f 4519 4869 4867
f 4629 4628 4872
f 4632 4629 4873
f 4874 4664 4665
f 4544 4543 1192
f 4875 2925 4545
f 4876 4402 4400
f 4400 4877 4876
f 4398 4541 4877
f 4538 4537 4541
f 4536 4394 4531
f 4529 4393 4527
f 4393 4392 4527
f 4527 4391 4523
f 4524 4391 4384
f 4391 4385 4384
f 4526 4384 4383
f 4383 4522 4526
f 4522 4383 4878
f 4878 4879 4522
f 4522 4880 4520
f 4520 4379 4624
f 4880 4881 4520
f 4379 4518 4624
f 4368 4882 4883
f 4368 4504 4884
f 4458 4364 4365
f 4443 4435 4433
f 4441 4440 4436
f 4359 4885 4346
f 4348 4886 4349
f 4887 4886 4348
f 4288 3495 3493
f 4336 4266 4263
f 4230 4225 4281
f 3535 4224 4888
f 4222 3472 4203
f 3161 3160 3175
f 4889 4169 4165
f 4889 4162 4157
f 4156 4169 4889
f 4162 4158 4157
f 4154 4890 4156
f 4890 4169 4156
f 4151 4145 4144
f 4148 3777 4161
f 4891 4149 4148
f 4892 3857 4893
f 4894 4892 4893
f 3815 3823 3741
f 4895 3791 3695
f 3695 3791 3790
f 3694 4895 3695
f 3409 3794 4896
f 3813 3816 3741
f 3674 4228 3803
f 3656 3591 3674
f 3574 3656 3672
f 3657 3568 3570
f 3564 3657 3721
f 3731 3208 3664
f 3664 3208 3200
f 3731 3660 3206
f 3660 3363 3210
f 3205 3660 3210
f 4897 2851 3626
f 3725 3669 3554
f 3158 3373 3176
f 3176 3373 3381
f 3320 4898 3378
f 3379 3378 3150
f 4899 4900 3368
f 346 2759 341
f 4901 4902 3517
f 3491 4903 4904
f 136 3461 3465
f 1547 3453 1555
f 3453 3455 4777
f 3459 1554 4905
f 1554 2763 4905
f 2763 1554 1553
f 4906 4907 4908
f 4909 4910 4911
f 4912 4909 4913
f 4914 4915 4912
f 4910 4909 4912
f 3441 3117 3116
f 3441 3133 3117
f 4916 3120 3441
f 3441 3123 3138
f 3116 4916 3441
f 3138 4917 3442
f 3138 3444 3443
f 3133 3441 3442
f 3444 3138 4918
f 3136 4918 3138
f 3448 3447 129
f 129 3446 3448
f 129 4919 4920
f 3450 129 4920
f 2795 3450 4920
f 3452 123 1558
f 1558 130 3452
f 130 3449 3451
f 4921 4677 4584
f 2764 3459 4905
f 2988 3459 4922
f 3459 3454 3456
f 3459 2988 2987
f 2987 2986 3459
f 1555 4777 1546
f 4923 1547 1555
f 3466 3462 3464
f 3461 3467 3460
f 3467 3461 2991
f 4341 4340 4460
f 3683 3681 4924
f 3471 3470 3484
f 4204 4925 3472
f 3477 3479 3776
f 3482 4926 4927
f 3482 3481 4926
f 3470 4928 3483
f 3779 4150 3486
f 4218 4203 4205
f 4218 4221 4203
f 3490 3485 3487
f 3488 3490 3487
f 4929 4930 4039
f 4930 4931 4039
f 4039 4931 4037
f 4903 4932 4164
f 4903 3489 4932
f 4903 3328 4933
f 4903 4933 4904
f 4154 4138 4890
f 3494 3495 4934
f 3496 3498 3764
f 3499 3496 3737
f 3510 3509 4350
f 3512 2856 3513
f 3515 1928 4801
f 3515 1929 1928
f 3517 1929 3515
f 3515 4801 3516
f 3517 307 309
f 3517 4935 4901
f 3521 3524 4936
f 3520 3523 3521
f 3523 3831 3524
f 3526 1916 3525
f 3525 3527 3526
f 3527 1923 3528
f 3531 4549 3529
f 4937 4938 4566
f 4937 4939 4938
f 3532 4783 3533
f 3532 4858 4783
f 4940 4712 4941
f 4941 4712 4942
f 4943 3537 4944
f 3537 4943 4945
f 3537 4945 3535
f 3775 3774 4145
f 3541 3544 4145
f 4168 4165 4169
f 3170 3393 3545
f 3552 3551 3547
f 3552 4946 3550
f 3506 3508 3724
f 4947 4434 4438
f 3557 3556 4948
f 4948 3558 3557
f 3203 3667 3563
f 3735 3565 3659
f 3566 3569 3564
f 3569 3736 3567
f 3567 3573 3571
f 3764 3577 3576
f 3580 3576 3577
f 4949 3654 3580
f 3584 3583 4950
f 3589 3591 3585
f 3588 3587 4951
f 4952 4951 3589
f 3589 4953 3590
f 3594 3593 3590
f 3597 3592 3594
f 3601 3598 3594
f 3601 4954 3598
f 3601 3603 3599
f 3610 3609 3613
f 4955 3614 4956
f 3614 3620 3759
f 619 4957 574
f 4957 4958 574
f 3625 3629 3626
f 3627 3626 2851
f 3630 4959 3626
f 574 3632 619
f 3622 619 3632
f 3632 3636 3622
f 3622 3634 3618
f 3633 3614 3618
f 3633 3635 4960
f 3631 3637 3632
f 3639 3628 4897
f 3628 3639 3631
f 4897 4961 3750
f 4897 3626 4961
f 599 3607 3644
f 3641 603 612
f 603 3642 3643
f 3606 3644 3607
f 2733 3606 4961
f 4961 3606 3750
f 3749 3639 4897
f 3750 3749 4897
f 3638 3639 3645
f 3638 3646 3637
f 3637 3647 3636
f 3636 3649 4962
f 3636 3647 3649
f 3635 3634 3636
f 3675 3591 3590
f 3654 4949 3655
f 3580 3656 3576
f 3206 3660 3662
f 3563 3666 3665
f 3666 3659 3668
f 3669 3725 3658
f 3669 3658 3565
f 3670 3570 3571
f 3571 3572 3671
f 3714 3574 3672
f 3671 3574 3714
f 3676 3677 3674
f 3679 3681 3482
f 3683 4963 3684
f 3682 3480 3482
f 3682 3681 3685
f 3480 3682 3686
f 3685 3684 3688
f 4964 3702 3688
f 3692 3693 3384
f 3693 4965 3242
f 3242 3695 3243
f 4966 3799 3696
f 3390 3690 3384
f 3697 4967 3698
f 3702 3701 3703
f 3701 3699 3802
f 3702 4964 3700
f 3686 3685 3702
f 3705 3710 3706
f 3705 3707 3708
f 3705 3709 3481
f 3674 3678 3713
f 3673 3805 3715
f 3716 3717 3719
f 3671 3716 3719
f 3716 3671 3714
f 3719 3718 3720
f 3720 3670 3719
f 3814 3669 3721
f 3722 3669 3814
f 3722 3813 3723
f 3722 3554 3669
f 3724 3508 3554
f 4968 3665 3666
f 3665 3730 3664
f 3660 3732 3738
f 3363 3738 3764
f 3363 3764 3663
f 3738 3363 3660
f 3663 3575 3734
f 3734 3265 3663
f 3733 3266 3264
f 3288 3289 3736
f 3736 3289 3739
f 3739 3289 3267
f 3733 3573 3739
f 3732 3737 3738
f 3738 3496 3764
f 3663 3764 3576
f 3572 3575 3574
f 3733 3575 3572
f 3573 3567 3736
f 3735 3659 3287
f 3287 3659 3203
f 3739 3267 3733
f 3824 3742 3506
f 3507 3826 3744
f 3828 3826 3513
f 4969 3746 3763
f 3745 3646 3746
f 3646 3748 3637
f 3589 3646 3645
f 3645 3749 4953
f 4953 3749 3590
f 3749 3645 3639
f 3607 3643 3762
f 3613 4970 4971
f 4970 3613 3752
f 4972 3753 3754
f 3621 3623 619
f 3617 3621 3618
f 3757 3617 3614
f 3760 4973 3761
f 3613 3760 3610
f 3749 3595 3590
f 3645 4953 3589
f 3637 3748 3647
f 3746 3646 4951
f 3589 4951 3646
f 3746 4951 3587
f 639 623 3766
f 3540 3768 3486
f 3771 3541 3774
f 3771 3773 4974
f 3772 3774 3775
f 4146 3477 3776
f 3477 4146 3777
f 3778 3478 3779
f 3778 3782 3781
f 3778 3781 3479
f 3781 4974 3773
f 3539 3780 3768
f 3539 3769 3778
f 4975 3767 4976
f 3767 4977 3540
f 3783 3485 3787
f 3783 4978 3767
f 3783 3787 3786
f 4979 4895 3694
f 4979 3791 4895
f 3791 4980 3789
f 3790 3792 4888
f 3790 4888 3793
f 3793 3795 3797
f 3793 3797 3794
f 3795 3798 3796
f 3798 3795 4226
f 3311 3801 3697
f 3311 3696 3800
f 3697 3801 3802
f 3329 3703 3802
f 3802 3699 3697
f 3703 3701 3802
f 3704 3703 3331
f 3704 3686 3703
f 3295 4228 4227
f 4228 3704 4227
f 4228 3705 3704
f 3806 3673 4229
f 3805 3806 3809
f 3805 3808 3715
f 3807 3810 3808
f 3716 3811 3717
f 3810 3716 3715
f 3811 3718 3717
f 3812 3814 3721
f 3812 3721 3718
f 3812 3817 3813
f 3813 3722 3814
f 3817 4234 3818
f 3815 3818 3819
f 3815 3819 3821
f 2904 3823 3822
f 3822 3823 3815
f 3824 1064 3825
f 3513 3742 3825
f 4981 4982 3865
f 3831 3865 3829
f 3831 3832 3524
f 3831 3830 3832
f 3834 3833 3854
f 3834 3854 3855
f 3837 3854 3833
f 3838 3837 3836
f 3836 3835 3842
f 3838 3841 3839
f 3840 3850 3838
f 3838 3850 3837
f 3843 3839 649
f 3843 649 3845
f 3843 3845 4983
f 3844 643 3843
f 4984 3846 3844
f 2858 3848 643
f 643 3848 3849
f 3848 3851 3849
f 3849 3852 3850
f 3850 3854 3837
f 3852 3853 3850
f 3853 3876 3855
f 3855 3832 3834
f 3832 3859 4985
f 3857 3859 3832
f 3857 4892 4986
f 3921 3861 4987
f 3863 3865 4988
f 4987 3861 3863
f 3861 3923 3862
f 3863 3864 3865
f 3863 3862 3864
f 3862 3925 3866
f 3867 3866 3868
f 3866 3925 3868
f 3868 3870 3835
f 3835 3870 3842
f 3842 647 3841
f 649 3841 647
f 689 745 3871
f 691 3968 3851
f 3851 3848 691
f 3851 3968 3872
f 3852 3851 3873
f 3852 3876 3853
f 3874 3873 3971
f 3874 3876 3852
f 3875 3877 3876
f 3877 3880 3856
f 3856 3855 3876
f 3877 3884 3878
f 3856 3880 4893
f 4989 3885 3887
f 3889 3888 3885
f 3890 3889 4990
f 3890 3891 3888
f 3891 3892 3888
f 3894 3892 3890
f 3895 3898 3894
f 3894 3898 3896
f 3899 3895 3900
f 3899 3900 3902
f 3904 3981 3912
f 3905 3907 3908
f 3908 3872 3968
f 3909 3912 3906
f 3905 3909 3906
f 744 3905 3871
f 3905 3908 3871
f 3927 3910 3903
f 3927 3903 3912
f 3909 3927 3912
f 3903 3911 3902
f 3902 3930 3899
f 3897 3892 3894
f 3915 3888 3914
f 3914 3888 3892
f 3915 3885 3888
f 3917 3886 3885
f 4991 3919 3921
f 3921 3920 3861
f 3920 3922 3923
f 3926 3868 3925
f 3926 3924 3945
f 3926 2866 3869
f 2866 3926 3945
f 3869 2866 3870
f 744 3871 745
f 3929 3928 3899
f 3929 3899 3930
f 3929 3930 3911
f 3929 3911 3910
f 3898 3950 3896
f 3898 4992 3950
f 3936 3939 4993
f 3937 3938 3936
f 3936 4993 4994
f 3933 3936 4994
f 3933 4994 3918
f 3932 3918 3917
f 3937 3942 4995
f 3940 3942 3943
f 3940 3919 3941
f 3941 3919 4991
f 3943 3955 3957
f 3922 3919 3924
f 3948 3949 3960
f 3914 3913 3950
f 3952 3949 3950
f 3954 3916 4996
f 3934 3931 3956
f 3955 3935 3934
f 3931 3958 3956
f 3959 4997 3958
f 3959 3954 3948
f 3961 3964 3962
f 3963 3957 3956
f 3963 3956 3958
f 3962 3965 841
f 841 3924 3962
f 841 3967 4998
f 841 4999 844
f 841 764 3924
f 764 3945 3924
f 764 761 3945
f 4999 841 4998
f 3957 3944 3943
f 3955 3937 3935
f 3942 3937 3955
f 3871 3968 691
f 3969 3971 3873
f 3969 3907 3973
f 3971 3970 3882
f 3970 3974 3883
f 5000 3972 3976
f 5001 3889 4989
f 4989 3889 3885
f 5001 4990 3889
f 3978 3895 3893
f 3900 3977 3979
f 3904 3902 3980
f 3980 3982 3904
f 3981 5002 3907
f 5002 3973 3907
f 3981 3907 3912
f 3907 3906 3912
f 3973 5002 3983
f 3984 3986 3973
f 3986 3972 3973
f 3984 3993 3989
f 3986 3984 3988
f 3985 3975 3972
f 3977 3978 3991
f 3979 5003 3980
f 3980 5003 3992
f 5003 3993 3992
f 3983 3993 3984
f 5004 3999 4024
f 5005 4011 4014
f 5005 4014 3994
f 3999 3998 4024
f 5006 4000 4002
f 5007 5006 4002
f 4001 4000 4003
f 4005 4003 4006
f 4010 4014 4011
f 4014 4013 5008
f 4014 5008 4015
f 4014 4015 3995
f 4015 4051 4016
f 4018 4021 3998
f 4021 4024 3998
f 4022 4055 5006
f 4022 5006 5007
f 4022 5007 4023
f 5006 4055 4056
f 4056 4000 5006
f 4006 4003 4059
f 4006 4059 4025
f 4008 4007 4006
f 4028 4009 4008
f 4062 4064 4029
f 4028 4062 4029
f 4032 4031 4035
f 4036 4040 4042
f 4042 4041 4044
f 4043 5009 4039
f 4044 4043 4042
f 4044 4041 4045
f 4047 4013 4010
f 4046 4047 4012
f 4050 4015 5008
f 4013 4050 5008
f 4050 4077 4051
f 4051 4015 4050
f 4021 4053 4019
f 4053 4054 4022
f 4118 4003 4000
f 4118 4000 4056
f 4058 4025 4059
f 4025 4027 4026
f 4063 4083 4065
f 4065 5010 4064
f 5011 4067 4066
f 5011 4065 4067
f 5012 4067 5013
f 5013 4067 4085
f 4088 4085 4084
f 4071 4070 5014
f 4070 4034 5014
f 5014 4034 4033
f 4038 4074 4036
f 4041 4040 4075
f 4017 4016 4094
f 4094 4115 4021
f 4018 4094 4021
f 4094 4018 4017
f 4057 4003 4118
f 4079 4083 4062
f 4083 4063 4062
f 4083 4079 4081
f 4081 4082 4083
f 4082 4067 4065
f 4067 4082 4099
f 4099 4086 4067
f 4086 4085 4067
f 4069 4089 4088
f 4084 4086 4087
f 4105 4090 4073
f 4073 4070 4069
f 4073 4034 4070
f 4072 4038 4035
f 4074 4075 4040
f 4092 4076 4110
f 4076 4092 4048
f 4093 4049 4092
f 4052 4114 4078
f 4021 4115 4095
f 4054 4096 4129
f 4054 4129 4056
f 4098 4061 4060
f 4101 4081 4080
f 4080 4102 4101
f 4100 4082 4101
f 4102 4136 4100
f 4100 4136 4086
f 4136 4103 4086
f 4103 4104 4073
f 4103 4087 4086
f 4104 4103 4136
f 4091 4108 4074
f 4108 4109 4075
f 4075 4110 4076
f 4110 4109 4112
f 4109 4108 4111
f 4112 4113 4092
f 4116 4115 4094
f 4117 4096 4095
f 4096 4053 4095
f 4119 4056 4129
f 4119 4129 4128
f 4118 4119 4121
f 4119 4128 4121
f 4121 4057 4118
f 4120 4097 4057
f 4097 4123 4058
f 4058 4123 4060
f 4123 4098 4060
f 4098 4131 4079
f 4079 4131 4080
f 4131 4132 4080
f 4132 4133 4102
f 4102 4080 4132
f 4136 4124 4104
f 4106 4124 4137
f 4106 4137 4107
f 4107 4137 4125
f 4125 4038 4107
f 4125 4091 4038
f 4111 4108 4091
f 5015 4128 4096
f 856 4121 4130
f 856 4120 4121
f 4122 4097 4120
f 2883 4122 4120
f 4122 855 4123
f 855 859 4098
f 859 858 4131
f 4131 2885 2886
f 2886 1056 4132
f 4132 1056 4133
f 4133 2888 4134
f 4133 4134 4136
f 4133 4136 4102
f 4136 4135 4124
f 4135 4134 2888
f 4135 2888 2889
f 850 5016 848
f 5016 5017 848
f 953 4137 2889
f 4137 953 860
f 860 4125 4137
f 5002 3981 3983
f 3983 3981 3982
f 3882 3877 3875
f 3882 3875 3874
f 4138 4141 4139
f 4142 3544 4141
f 3544 3543 4141
f 3544 4143 4145
f 4161 3777 4146
f 4147 3779 3478
f 3486 3780 3779
f 4147 4150 3779
f 4150 4149 3487
f 3487 4149 3488
f 3488 4891 3489
f 5018 3489 4891
f 5018 4148 4161
f 4161 5019 5018
f 4151 4144 4152
f 4153 4143 4142
f 4138 4153 4142
f 4154 4155 4151
f 4154 4151 4152
f 4155 4154 4156
f 4157 4158 4155
f 4158 4164 4159
f 4160 4146 4151
f 4158 4151 4155
f 4158 4162 4164
f 4159 4164 5019
f 4159 4161 4160
f 5019 4161 4159
f 5019 4164 4932
f 4932 5018 5019
f 4164 3328 4903
f 4163 4165 3328
f 3546 3170 3545
f 3545 4165 4166
f 3545 4166 3546
f 4166 4167 3316
f 3317 4178 3313
f 3317 5020 4181
f 4173 4168 4170
f 4173 4172 4168
f 4171 4174 4172
f 4173 4175 4171
f 4176 5021 4177
f 5022 3317 4177
f 3317 3312 4171
f 3318 3317 5023
f 4174 3312 3314
f 4167 4168 4174
f 4167 4166 4165
f 4167 4165 4168
f 4180 4182 4183
f 5024 4186 4179
f 4179 4178 5024
f 5025 4192 5024
f 5024 4178 5025
f 4193 4192 5025
f 4190 4193 4188
f 4191 5024 4192
f 4186 5024 4191
f 4185 4180 4186
f 4184 4258 4195
f 4184 3161 3175
f 4261 4933 5026
f 4261 4904 4933
f 3323 3393 3170
f 3491 4197 3490
f 4198 4199 3485
f 4198 3485 3490
f 4199 4269 4200
f 5027 5028 5029
f 4202 4207 4205
f 4209 4208 4211
f 4216 4207 4206
f 4212 4216 4209
f 4216 4206 4209
f 4220 4221 4218
f 3473 4220 4280
f 3473 3535 4945
f 4281 4224 3535
f 4224 4281 4225
f 4223 3804 5030
f 4223 5030 4224
f 3804 3795 5030
f 3804 4226 3795
f 3803 3798 4226
f 3703 3329 3331
f 4227 3331 3295
f 5030 3795 3793
f 5030 3793 4888
f 5031 3536 3535
f 4225 4230 4229
f 4230 5032 4229
f 5032 3806 4229
f 5032 4230 3806
f 4231 3809 3806
f 4279 3807 3809
f 4279 4282 3807
f 4233 3811 3807
f 3811 3810 3807
f 4232 3811 4233
f 4232 4234 3817
f 4233 4235 4234
f 4234 4236 3818
f 3821 3820 4237
f 4238 3822 3821
f 4239 3822 4238
f 3822 4239 4240
f 4240 4242 2904
f 5033 4244 3823
f 2904 4246 5034
f 4245 5035 4246
f 4247 4246 5036
f 5036 4246 5037
f 5035 4245 5038
f 5039 5037 4246
f 4250 4252 4253
f 4251 4252 4250
f 4187 4190 4188
f 4253 4187 4189
f 4254 4190 4187
f 4254 4314 4191
f 4191 4255 4194
f 4194 4256 4258
f 4258 4185 4194
f 4259 5040 4258
f 4318 4324 4328
f 4261 3491 4904
f 4197 4261 4260
f 4333 4198 4197
f 4333 4265 4198
f 4268 4263 4266
f 4268 4264 4263
f 4264 4268 4199
f 4268 4269 4199
f 5041 4266 4338
f 4266 4336 4338
f 4339 4270 4271
f 5042 4271 5043
f 4270 4207 4216
f 4205 4207 4274
f 4276 4277 4205
f 4278 4220 4219
f 3473 4280 4231
f 4231 3535 3473
f 4231 4230 4281
f 4220 4279 3809
f 4235 4282 4283
f 4285 4236 4235
f 4285 4347 4236
f 4236 4349 3818
f 4286 3820 3818
f 4238 4237 4350
f 4238 4350 3509
f 3495 3510 4350
f 5044 3509 3511
f 5044 4292 3509
f 5045 3511 5046
f 3511 3510 4374
f 5046 3511 5047
f 4289 4296 4290
f 4290 4292 4293
f 4290 4296 3509
f 4239 3509 4296
f 4296 4242 4239
f 4295 4296 4301
f 4295 4249 4241
f 4249 5039 4246
f 4251 4302 4187
f 4255 4191 4314
f 4255 4306 4303
f 4314 4316 4255
f 4255 4307 4309
f 4311 4256 4255
f 4313 4312 4255
f 4319 4320 4317
f 4317 4321 4322
f 4317 4322 4324
f 4317 4324 4318
f 4324 4325 4326
f 4328 4324 4326
f 4328 4332 4450
f 4333 4334 4335
f 4336 4263 4874
f 4336 4874 4337
f 4340 4275 4207
f 4275 4342 4274
f 4342 4362 4276
f 4276 4362 4277
f 4342 4276 4274
f 4362 4343 4277
f 4277 4343 4219
f 4344 4369 4219
f 4278 4219 4369
f 4345 4278 4369
f 4346 4284 4235
f 4284 4346 4347
f 4346 4355 4347
f 4346 4885 4355
f 4237 4287 4350
f 4287 4351 5048
f 4886 4352 4351
f 4351 5049 5050
f 4351 5050 5048
f 4934 3495 5048
f 3495 4287 5048
f 4887 4348 5051
f 5052 4348 4357
f 4354 4347 4355
f 4348 4347 4354
f 5053 4358 5054
f 4346 4361 4358
f 4361 4360 4510
f 4345 4369 4360
f 4366 4344 4343
f 4342 4341 4363
f 4363 4341 4364
f 3469 3476 4364
f 4363 3476 4362
f 4366 4368 4369
f 4510 4358 4361
f 5055 4373 4374
f 4373 5047 3511
f 4374 4375 4377
f 5056 4379 4381
f 4380 4379 4881
f 5057 5058 4879
f 4384 4385 4382
f 4386 4388 5059
f 4392 4389 4388
f 4387 4392 4388
f 4387 4385 4391
f 4392 4391 4527
f 4390 4389 4393
f 4538 4398 4417
f 4396 4400 4401
f 4401 4400 4402
f 4403 4402 4406
f 5060 4404 4406
f 4412 4404 5060
f 4411 4409 4413
f 4415 4404 4560
f 4403 4406 4405
f 4405 4562 4403
f 4418 4538 4419
f 4421 4394 4536
f 4420 4421 4536
f 4425 4388 4390
f 4426 4425 5061
f 4427 5062 4388
f 4428 4569 4429
f 4431 4432 3503
f 4432 4431 4433
f 4433 4438 4434
f 4433 4436 4438
f 4438 4437 4947
f 4436 4440 4439
f 5063 4301 5064
f 5064 4301 4296
f 4301 5063 4251
f 4254 4302 4441
f 4441 4435 4442
f 4442 4435 4445
f 4445 4444 4321
f 4327 4574 4328
f 4574 3351 4331
f 4574 4331 4328
f 4332 4448 4450
f 5065 4450 4451
f 4453 5066 4265
f 4263 4454 4664
f 4263 4664 4874
f 5067 4460 4340
f 4455 4341 4460
f 4365 4455 5068
f 4365 5068 5069
f 4468 5070 4464
f 4464 4463 4468
f 4462 4583 4463
f 4468 4465 4467
f 4465 5071 4466
f 4466 4470 4469
f 4465 4676 5071
f 4475 4499 4588
f 4473 4475 4588
f 4477 4474 4478
f 4479 4478 4590
f 4594 4479 4593
f 4480 4482 4594
f 2914 85 4488
f 1125 2913 2914
f 4600 4604 4486
f 4486 4489 4487
f 4486 4604 4489
f 4491 4487 4493
f 4485 4484 4491
f 4482 4481 4494
f 4479 4495 4477
f 4496 4474 4477
f 4497 4474 4496
f 4498 4469 4472
f 4500 4502 4466
f 4502 4467 4466
f 4458 3470 3469
f 4458 3469 4364
f 3475 5072 4367
f 5072 4503 4367
f 4367 4504 4368
f 4506 4507 4368
f 4370 4509 4360
f 4513 4516 4514
f 4516 4513 4515
f 4519 4624 4518
f 4521 4631 4522
f 4523 4391 4524
f 4631 4634 4526
f 4526 4634 4525
f 4523 4639 4527
f 4527 4639 4528
f 4531 4394 4390
f 4530 4390 4393
f 4393 4529 4530
f 4530 4533 4532
f 4531 4534 4536
f 4535 4537 4536
f 4535 4642 4537
f 4540 4877 4541
f 5073 1192 4543
f 4544 2925 4543
f 5074 5075 2925
f 351 1197 547
f 1197 1196 547
f 5076 4545 4544
f 4548 5076 4544
f 4544 4550 4548
f 5076 4548 3531
f 4548 4550 4549
f 4550 2928 4551
f 1208 4549 4555
f 4549 2721 4554
f 1208 4555 1244
f 1208 5077 3530
f 4549 1208 3529
f 4544 1192 4550
f 2938 1275 1274
f 4550 1242 4556
f 4648 4647 4559
f 4559 4647 4557
f 4410 4557 4408
f 4557 4652 4558
f 4558 4413 4409
f 4414 4560 4404
f 4415 4561 4416
f 4403 4562 4401
f 4401 4562 4396
f 4562 4655 4396
f 4396 4563 4397
f 4396 4655 4563
f 4563 4417 4397
f 4566 4422 4419
f 4419 4422 4420
f 4422 4421 4420
f 4424 5061 4425
f 4659 4570 4569
f 4569 4570 4429
f 4570 4660 4431
f 4660 4443 4431
f 4444 4443 4571
f 4443 4660 4571
f 4573 4323 4322
f 4574 4327 4325
f 3351 4447 4331
f 4447 4661 4578
f 4577 4580 4452
f 4452 4449 4577
f 5078 4452 4581
f 4452 5078 4451
f 5079 4581 4664
f 5080 5081 4674
f 4470 4466 5071
f 4465 4584 4676
f 5071 4676 4470
f 4472 4588 4499
f 4470 4585 4471
f 4471 4586 4472
f 4588 4589 4473
f 4478 4474 4476
f 4473 4589 4476
f 4478 4476 4591
f 4590 4593 4479
f 4589 4682 4476
f 4590 4591 4592
f 4592 4595 4480
f 4597 4596 5082
f 4599 4602 4600
f 4599 4598 4688
f 4602 4601 4603
f 4489 4605 4490
f 4492 4490 4717
f 4693 4606 4479
f 4693 4594 4482
f 4693 4479 4594
f 4496 4495 4607
f 4607 4495 4697
f 4609 4496 4607
f 4609 4608 4497
f 4612 4498 4610
f 4608 4612 4610
f 4612 5083 4498
f 5083 4501 4498
f 4498 4501 4500
f 4613 4865 4616
f 4613 4864 4865
f 4620 4619 4618
f 4618 4621 4620
f 4513 4622 4515
f 4629 4520 4624
f 4519 4866 4625
f 4624 4625 4629
f 4625 5084 4629
f 5085 4627 4629
f 4629 4521 4520
f 5086 5087 4629
f 5087 5088 4629
f 4521 4633 4630
f 4634 4635 4636
f 4525 4634 4636
f 4523 4636 4639
f 4636 4637 4638
f 4639 4638 4528
f 4533 4529 4528
f 4638 4637 4528
f 4532 4533 4640
f 4528 4643 4640
f 4640 4641 4532
f 4535 4534 4532
f 4642 4535 4641
f 5089 4645 4626
f 4644 4871 4645
f 4626 4648 5090
f 4623 4647 4626
f 4652 4557 4647
f 4621 4413 4558
f 4414 4617 4560
f 4560 4865 4561
f 4654 4655 4562
f 4654 4653 4656
f 4655 4654 4656
f 4656 4565 4563
f 4565 4656 4658
f 4658 4937 4565
f 4563 4565 4564
f 4656 4653 4657
f 5091 4738 4659
f 5091 4659 4569
f 4568 5091 4569
f 4572 4321 4571
f 3347 4446 4573
f 4325 4446 4575
f 4578 4662 4576
f 4662 4579 4576
f 4579 4670 4663
f 4663 4580 4579
f 4663 4581 4580
f 4664 4663 4667
f 4669 4666 4667
f 4668 4667 4671
f 4675 4674 5081
f 4674 4861 5080
f 4470 4676 4585
f 4676 4679 4585
f 4676 4677 4679
f 4677 4862 4679
f 4680 4589 4586
f 4714 4683 4685
f 4685 4597 5092
f 5092 4597 5082
f 4689 4597 4686
f 4689 4687 4598
f 4601 4688 4709
f 4603 4707 4605
f 4490 4691 4717
f 4493 4492 4494
f 4692 4482 4494
f 4494 4721 4692
f 4693 4692 4606
f 4692 4695 4694
f 4694 4697 4606
f 4698 4611 4607
f 4698 4607 4697
f 4724 4722 5093
f 4699 5094 4700
f 5093 4722 4700
f 4722 4716 4700
f 4700 4716 4707
f 4700 4707 4704
f 4706 4735 4705
f 4704 4690 4708
f 4732 4715 4730
f 4687 4710 4709
f 4732 4710 4687
f 4715 4732 4687
f 4726 4725 4711
f 4727 4715 4686
f 4725 4683 4712
f 4713 4683 4725
f 4725 4712 4711
f 4687 4709 4688
f 4691 4723 4717
f 4691 4716 4723
f 4717 4723 4719
f 4717 4719 4718
f 4718 4720 4721
f 4718 4494 4492
f 4721 4695 4692
f 4720 4695 4721
f 4719 4724 4720
f 4601 4709 4708
f 4601 4708 4690
f 4687 4689 4715
f 4713 4725 4727
f 4686 4713 4727
f 4678 4679 5095
f 4728 4859 4729
f 4730 4729 4731
f 4729 4733 4731
f 4734 4735 4731
f 4735 4706 4710
f 4735 4710 4732
f 4735 4732 4731
f 4705 5096 4702
f 5096 4705 4734
f 4736 4653 4864
f 5097 4864 4613
f 4736 4864 5097
f 4653 4416 4864
f 4653 4562 4416
f 3346 3345 4738
f 5098 3346 4738
f 4739 4738 5091
f 4737 5098 4738
f 4573 3348 3347
f 3403 4661 3351
f 4661 4742 4662
f 4741 4743 4742
f 4743 4670 4744
f 4671 4670 4746
f 4747 4672 4671
f 3401 4740 3347
f 4740 3401 4750
f 4750 3349 3402
f 4751 3406 4741
f 3406 4756 4741
f 4756 4755 4758
f 4741 4756 4743
f 4743 4759 4745
f 4743 4662 4742
f 5099 4761 5100
f 5100 4761 4763
f 4761 3401 3344
f 3401 3405 3349
f 3406 4765 4756
f 5101 4766 4756
f 4765 5101 4756
f 4768 4761 5102
f 5103 3462 3460
f 3462 3466 3460
f 3466 3465 3460
f 1545 2995 3467
f 2995 4769 3467
f 2994 3457 4769
f 3468 3454 3460
f 4771 4770 3457
f 3457 2994 4771
f 2992 1531 4771
f 5104 4772 4771
f 5105 2993 4773
f 2994 4769 2995
f 1537 1584 2996
f 2996 4771 4772
f 2996 4770 4771
f 4770 4789 3455
f 4775 4776 4777
f 4776 4778 1546
f 3456 3453 1550
f 1554 1551 1550
f 4778 4776 3449
f 4776 3451 3449
f 3534 4776 4775
f 4783 4780 3533
f 3533 3000 3452
f 4780 5106 5107
f 3533 4780 3000
f 3452 1561 123
f 4779 5106 4780
f 4780 1566 1565
f 1566 4783 1571
f 1571 1569 1566
f 4785 1578 4858
f 4787 4785 4858
f 4785 4787 1589
f 5108 4787 3532
f 3534 4789 3532
f 3532 4789 5108
f 4789 3534 3455
f 4787 4774 4788
f 4787 5108 4774
f 5108 4789 4774
f 4774 4770 2996
f 5109 5110 5111
f 1587 1584 1586
f 1587 4774 1584
f 1587 4791 4774
f 4774 4791 4788
f 1864 1866 4787
f 4787 1866 1588
f 4791 5112 5113
f 4791 1587 1799
f 5113 1856 4791
f 5114 4793 4791
f 4791 4794 4790
f 4796 5115 1864
f 4796 1864 4790
f 5116 5117 1864
f 339 3022 3559
f 3559 4799 341
f 339 3559 341
f 4799 3558 4797
f 4797 346 4798
f 4797 1930 346
f 1928 1930 4801
f 4800 3562 3516
f 3558 3562 4800
f 3518 3517 4802
f 4802 4814 4805
f 4802 4805 3518
f 4803 2633 310
f 4805 4803 3518
f 4804 4805 4814
f 4804 1941 4803
f 4803 4806 2633
f 4804 3029 1941
f 1941 1939 5118
f 1941 5118 4806
f 4838 5119 4811
f 4811 4810 4838
f 4842 4810 4843
f 4810 4812 4843
f 4810 1954 5120
f 4842 1954 4810
f 2066 3556 3525
f 2066 2065 2144
f 2066 5121 2143
f 2146 3556 2066
f 2066 2143 2146
f 5122 4948 3556
f 2146 5122 3556
f 2146 2298 5122
f 3558 4948 3560
f 4820 4813 4802
f 4813 4814 4802
f 4814 3033 4815
f 3029 4804 4815
f 4815 4816 3029
f 4816 2148 2150
f 2069 1943 3029
f 2298 3560 5122
f 5122 3560 4948
f 4819 4802 3561
f 4802 3562 3561
f 4819 4820 4802
f 4813 5123 2332
f 2149 2148 3033
f 2148 4815 3033
f 5124 4818 2298
f 4818 5124 5125
f 4817 3560 2298
f 4817 3561 3560
f 5126 3041 4820
f 3053 3561 3047
f 4819 4821 4820
f 5127 5128 5129
f 5128 3053 3047
f 5129 5128 3047
f 2374 4826 2343
f 4828 4833 4830
f 4834 4831 5130
f 4835 4792 4809
f 5131 5132 4792
f 5132 5133 4792
f 5133 4839 4792
f 4837 5134 4838
f 5134 4841 4838
f 5135 5119 4838
f 4840 5135 4838
f 4812 5136 4843
f 3551 3062 4843
f 1957 3062 1958
f 3062 3551 4844
f 1958 4844 2460
f 529 5130 4831
f 4848 4843 4846
f 4847 4843 5136
f 4843 4849 4850
f 4851 3551 3550
f 5137 2461 4851
f 2461 2460 4844
f 2461 5137 5138
f 5130 4835 4834
f 5130 529 531
f 4852 3097 4810
f 4853 4810 5120
f 4792 3097 2630
f 3097 4838 4810
f 4807 4792 5139
f 4855 310 2633
f 3022 3557 3559
f 3022 3527 3557
f 3022 1923 3527
f 4858 4784 4783
f 4733 4729 4859
f 4860 4674 4673
f 4728 4726 4674
f 4861 5140 5080
f 5095 4679 4863
f 4864 4561 4865
f 4616 4560 4617
f 4652 4620 4621
f 4652 4622 4620
f 4623 4622 4652
f 4626 4515 4623
f 4519 4645 4871
f 5086 4629 4872
f 4632 4521 4629
f 4635 4630 4633
f 4567 4566 4938
f 4566 4565 4937
f 4876 4407 4402
f 4877 4400 4399
f 4398 4877 4399
f 4398 4538 4541
f 4536 4418 4420
f 4526 4524 4384
f 4526 4522 4631
f 4522 4879 5058
f 4522 5058 4880
f 5057 5141 5058
f 5058 5142 4880
f 4520 4881 4379
f 4882 4368 4884
f 4505 4368 4883
f 4467 5070 4468
f 4441 4436 4435
f 4361 4346 4345
f 4345 4346 4283
f 4348 4349 4236
f 4349 4886 4351
f 4287 4286 4349
f 4241 4246 2904
f 4888 4224 5030
f 4203 4221 4222
f 4222 3473 3472
f 4889 4165 4162
f 4156 4889 4157
f 4151 3775 4145
f 4891 4148 5018
f 4891 3488 4149
f 5018 4932 3489
f 4138 4140 4170
f 4138 4170 4169
f 4893 3857 3856
f 3741 3724 3723
f 3673 3804 4229
f 3360 3796 3359
f 3359 3796 3798
f 3796 3360 3794
f 3794 3360 4896
f 3794 3797 3796
f 3794 3361 3790
f 3694 3242 4965
f 3361 3243 3695
f 3695 3790 3361
f 3361 3794 3409
f 3772 3776 3479
f 639 3765 2856
f 3765 3828 2856
f 3723 3813 3741
f 3741 3816 3815
f 3674 3705 4228
f 3684 5143 5144
f 3656 3653 3591
f 3656 3580 3653
f 3721 3669 3564
f 3666 3563 3667
f 3208 3731 3206
f 3626 4959 4961
f 4897 3628 2851
f 3628 3631 5145
f 3633 3618 3634
f 3556 3527 3525
f 3158 5146 3373
f 3158 3150 5146
f 3381 3373 5147
f 5147 3373 3368
f 3379 3150 3158
f 3379 3320 3378
f 4898 5148 3378
f 3368 4900 5147
f 4138 4169 4890
f 3541 4145 3774
f 3473 4945 3474
f 4798 346 341
f 3562 3517 3516
f 3517 4902 5149
f 3489 4903 3491
f 5150 3475 3469
f 5150 3469 3471
f 136 5151 5152
f 3461 5152 2800
f 136 5152 3461
f 1547 1550 3453
f 1555 3453 4777
f 4777 3455 4775
f 3459 1551 1554
f 4908 5153 4906
f 4914 4912 4913
f 4912 4915 5154
f 5154 4910 4912
f 5155 4907 4906
f 5156 5157 5158
f 5159 5160 5161
f 5160 5162 5161
f 5163 5164 5160
f 353 5165 1101
f 3827 5166 630
f 2867 3927 744
f 811 5167 3927
f 5168 5169 5170
f 5170 5169 5167
f 5171 5167 5172
f 5172 5167 811
f 3927 5173 811
f 5174 5175 5169
f 5175 5176 5169
f 5177 5178 5176
f 5176 5178 3910
f 5176 5167 5169
f 5178 3928 3910
f 5179 3946 5180
f 5178 829 5179
f 5178 5177 826
f 5176 5175 5181
f 5175 5174 5182
f 5169 5183 5174
f 823 826 5184
f 5179 829 840
f 4117 4127 4096
f 5185 4126 5186
f 5187 5188 5189
f 5189 5188 865
f 4130 869 854
f 5185 5190 5191
f 5185 5192 5193
f 5193 5194 5195
f 5185 5193 5195
f 5196 4127 5197
f 5198 5199 5200
f 5201 4127 5196
f 5200 5196 5198
f 5202 5187 5203
f 5203 5187 4127
f 5190 5204 5191
f 5205 5185 5206
f 5207 5185 5208
f 5166 1057 5209
f 1063 1057 3827
f 5210 5211 5212
f 5210 5213 5214
f 5214 5215 3159
f 3159 5216 5217
f 5028 3474 4945
f 5028 5027 3474
f 4257 4256 5218
f 5219 5218 5220
f 4318 4328 4330
f 4329 5221 4330
f 5222 5223 5224
f 5225 5226 5219
f 5226 5218 5219
f 5227 5219 5228
f 4255 5229 5230
f 5230 4315 5223
f 5218 5231 4315
f 5223 4315 5231
f 4315 4320 4319
f 99 98 4488
f 4488 98 1126
f 2925 1197 351
f 5232 3530 5077
f 5233 5234 5235
f 5236 5237 5238
f 5239 5240 5241
f 5242 5239 5241
f 5243 3089 5244
f 5245 3089 5243
f 5246 5244 5247
f 5248 3089 2573
f 5249 5250 5248
f 5251 5249 5248
f 5252 5253 5250
f 5254 5255 5256
f 5257 5255 5254
f 5258 5259 5255
f 5255 5259 5260
f 5255 5260 5261
f 5262 5263 5264
f 5265 5263 5262
f 5263 5258 5266
f 5266 5258 5267
f 5248 5263 5268
f 5269 5270 5248
f 5271 5248 5272
f 5273 5248 5268
f 2625 5274 5275
f 5258 5276 2622
f 5277 5278 5259
f 5257 5279 5258
f 5278 5275 5280
f 5280 5274 5281
f 5282 5274 179
f 5274 2625 179
f 5283 5284 5285
f 5286 5287 5288
f 5242 5241 5289
f 5289 5283 5290
f 5289 5290 5291
f 5283 5292 5284
f 5286 5293 5287
f 5238 5237 5292
f 353 5294 5165
f 355 351 5165
f 5165 351 547
f 3131 5295 5296
f 74 4488 85
f 99 2789 100
f 5158 5292 5237
f 5158 5157 5292
f 3161 5214 3159
f 5297 5298 5299
f 5300 5287 5293
f 5160 5164 5301
f 629 3827 630
f 2867 5173 3927
f 3910 5167 5176
f 3910 3927 5167
f 5171 5170 5167
f 3947 5180 3946
f 5302 5178 5180
f 5178 5302 3928
f 5180 5178 5179
f 829 5178 826
f 5177 5184 826
f 5177 5176 5181
f 5175 5182 5303
f 5169 5304 5183
f 5174 5183 5305
f 4096 4127 5189
f 4096 5189 4130
f 5186 5190 5185
f 5185 4127 4126
f 5187 5189 4127
f 4130 865 869
f 4130 5189 865
f 981 5190 5186
f 980 981 5186
f 5197 4127 5195
f 5198 5196 5197
f 5195 4127 5185
f 867 5201 5196
f 5201 5203 4127
f 2896 5208 5191
f 5208 5185 5191
f 5205 5306 5185
f 927 5192 5185
f 5207 5206 5185
f 5166 3827 1057
f 5210 5040 5213
f 5210 5214 3161
f 3159 5215 5221
f 3159 5221 5216
f 5217 3380 3159
f 5307 5213 4259
f 4259 5213 5040
f 5307 5218 5213
f 5228 5219 5220
f 4330 5215 4318
f 4330 5221 5215
f 5308 5224 5231
f 5224 5223 5231
f 5226 5231 5218
f 5230 5229 4315
f 4315 4319 5218
f 354 353 3435
f 2828 2931 5309
f 5163 5310 5164
f 5236 5311 5237
f 5240 5238 5292
f 5240 5292 5241
f 5241 5292 5283
f 5244 5312 5242
f 5313 5314 5244
f 3089 5248 5312
f 5244 3089 5312
f 5246 5243 5244
f 5315 3093 2573
f 2573 3093 5248
f 5248 5250 5312
f 5270 5251 5248
f 5251 5316 5249
f 5312 5250 5239
f 5250 5317 5239
f 5317 5318 5239
f 5318 5319 5239
f 5319 5240 5239
f 5257 5258 5255
f 5267 5258 5320
f 5268 5263 5321
f 5264 5263 5266
f 5271 5269 5248
f 5273 5272 5248
f 3093 5276 5263
f 5263 5248 3093
f 2581 2623 5276
f 5276 3093 2581
f 2623 2622 5276
f 2622 2625 5275
f 5258 5263 5276
f 5258 5275 5278
f 5258 2622 5275
f 5258 5277 5259
f 5258 5279 5322
f 5258 5322 5320
f 5280 5275 5274
f 5323 5286 5288
f 5324 5323 5288
f 5289 5241 5283
f 5157 5284 5292
f 5242 5312 5239
f 5164 5325 5301
f 100 2789 5326
f 2789 99 4488
f 2789 4488 74
f 3291 3197 3180
f 3177 3180 5327
f 3194 3386 5327
f 3386 3164 3293
f 3290 3198 3291
f 5328 5329 2730
f 5328 1172 5329
f 2730 1141 5328
f 1143 5328 1141
f 5330 2916 1145
f 5330 5331 5332
f 5333 5332 5331
f 5334 5335 2917
f 1143 1171 5328
f 5232 5309 5336
f 5232 5077 5309
f 5232 5337 3530
f 3530 5337 5338
f 5337 4875 5339
f 1208 1210 5340
f 5340 5077 1208
f 2828 5309 5340
f 5340 381 2828
f 5341 5342 5343
f 5335 5334 5344
f 1144 5345 5346
f 5347 1144 5348
f 3180 3197 5327
f 3177 5327 3293
f 5327 3386 3293
f 3386 3194 3166
f 3194 5327 3197
f 3291 3195 3197
f 3195 3291 3198
f 1145 1144 5347
f 5347 5330 1145
f 5332 2919 5330
f 5330 2919 2916
f 5330 5347 5331
f 5333 5349 5332
f 5350 5351 5331
f 5331 5348 5350
f 5348 2791 2917
f 5350 5348 1154
f 5348 2917 1154
f 5333 5351 5352
f 5333 5331 5351
f 5352 5351 5353
f 5338 5337 5339
f 3531 5339 4875
f 5340 5354 1209
f 5340 5309 5077
f 5340 1209 381
f 5344 5326 5335
f 5334 2917 2791
f 5348 5331 5347
f 4918 5355 3377
f 3376 3131 5355
f 5355 5295 3377
f 3131 3134 3377
f 3377 3442 4917
f 3443 5356 3377
f 4668 4672 5357
f 5358 3683 4924
f 5359 5360 3543
f 5361 4141 3543
f 5362 5363 2725
f 2725 4546 5362
f 4584 5364 4921
f 3737 5365 3555
f 3607 5366 5367
f 3762 5368 5366
f 3762 5366 3607
f 5369 4973 5370
f 5371 4973 5372
f 5372 4973 5369
f 3616 3615 5373
f 5374 5375 5373
f 5375 4955 3616
f 5373 4973 5376
f 5377 3755 5378
f 5377 5379 5380
f 5378 5379 5377
f 5379 5381 5382
f 5383 5384 5381
f 5383 5385 3641
f 4964 3688 5386
f 3700 4964 5387
f 5387 4964 5386
f 3700 4967 3697
f 3668 3553 3666
f 3666 3555 4968
f 5388 3737 5389
f 5365 3737 5390
f 3731 3737 3732
f 5391 3752 5385
f 5378 5392 5375
f 5391 5378 5375
f 5392 5393 5375
f 3756 5394 5392
f 5392 5378 3755
f 5395 3619 5375
f 5396 4973 3760
f 5397 4924 5398
f 3770 3538 3769
f 3538 5399 3769
f 5400 3769 5399
f 5399 3542 5400
f 5400 3542 3771
f 3896 3913 5401
f 3916 3915 3914
f 5402 4992 3946
f 4992 3899 3946
f 5402 5403 5404
f 3959 5405 4997
f 3960 5404 5403
f 5402 5406 5407
f 5408 5407 5409
f 5405 2881 767
f 5410 3963 5411
f 5412 5413 5411
f 3965 5411 5413
f 3965 5413 5414
f 5406 774 773
f 3994 5004 5415
f 5416 5417 5418
f 3999 3994 3996
f 3996 3997 3999
f 5419 5420 5421
f 4094 4126 4116
f 5016 850 4112
f 851 5422 4113
f 5422 5423 4113
f 5424 4114 5423
f 4126 4094 4114
f 5425 5423 5422
f 5426 5425 5422
f 5425 5424 5423
f 5427 5186 5424
f 5186 4114 5424
f 4114 5186 4126
f 980 5186 5427
f 4139 4141 4140
f 5428 4213 5429
f 4213 5428 4212
f 5430 3535 4888
f 5431 5432 5430
f 5039 4249 4248
f 4249 4297 4250
f 4338 5433 5434
f 5433 5435 5436
f 5437 4212 5438
f 5437 5439 4212
f 5438 4212 5440
f 5437 5438 4339
f 5439 4215 4212
f 3511 5441 5442
f 5443 5444 5442
f 5445 4289 5442
f 4289 4291 4293
f 4289 5446 5442
f 5447 4296 4289
f 5448 5449 4297
f 4251 4250 4297
f 4377 5055 4374
f 5450 4377 4376
f 4376 4517 5450
f 4407 5060 4406
f 5064 4296 5447
f 4337 4874 5451
f 5452 4462 4464
f 5453 5326 431
f 5326 2918 5454
f 5326 1146 433
f 5455 431 5326
f 433 432 5326
f 4540 5456 4877
f 5457 4877 5458
f 4876 4877 5457
f 4665 5459 4874
f 4874 5459 5460
f 4665 5461 5459
f 5462 4460 5461
f 5463 5357 5464
f 5080 5465 5464
f 5465 5080 5140
f 5466 5357 5463
f 5461 4665 5463
f 4666 5467 5357
f 5468 4584 4583
f 5450 5445 4377
f 5442 5444 5469
f 5445 5469 5470
f 5471 5360 3538
f 5472 5473 5360
f 3538 3770 3539
f 5029 5028 5474
f 5475 3691 5476
f 5475 5476 5477
f 5478 5358 5477
f 5358 3687 3689
f 4965 5479 5480
f 4965 5480 3694
f 5028 5481 5482
f 5483 5431 5430
f 3542 5359 3543
f 5143 5484 3689
f 4914 4908 4907
f 5485 4907 5155
f 5485 5486 4907
f 4909 4914 4913
f 4914 5154 5487
f 4909 4908 4914
f 3133 3442 3377
f 4918 3376 5355
f 3377 5356 5488
f 3377 5488 4918
f 3131 3377 5295
f 5358 5397 5489
f 3737 3504 3499
f 2725 4547 4546
f 3504 3737 3555
f 3601 3607 5367
f 3612 5490 5366
f 5368 3612 5366
f 5491 5492 5370
f 5491 5370 5490
f 5374 5373 5376
f 5373 5375 3616
f 4973 5490 5370
f 3615 3633 5373
f 5379 5383 5381
f 5383 5379 5385
f 3728 3553 3668
f 3688 3687 5386
f 3700 5387 5493
f 3553 5494 3725
f 3728 3668 3658
f 3553 3728 5494
f 5388 5390 3737
f 3731 5389 3737
f 5495 3555 5365
f 3752 3641 5385
f 5391 5385 5378
f 5375 5393 5395
f 5392 5394 5393
f 3756 5392 3755
f 5378 5385 5379
f 5393 3754 3757
f 5375 5374 5391
f 5391 5374 5376
f 5391 5376 3752
f 5396 3752 4973
f 3752 5376 4973
f 5397 5358 4924
f 5496 5489 5397
f 5400 3781 3769
f 5360 5359 5399
f 5399 5359 3542
f 3782 3769 3781
f 5474 5028 5497
f 5498 5499 5500
f 5498 5501 5502
f 5501 5498 5500
f 3916 3914 3953
f 4992 3898 3899
f 4992 5402 5404
f 5404 5503 3950
f 4992 5404 3950
f 3949 5404 3960
f 4997 5405 844
f 4997 844 3958
f 5405 3959 3960
f 3960 5403 5405
f 5402 5179 5406
f 5403 5402 5407
f 5179 5402 3946
f 774 5406 840
f 5504 5409 5407
f 5504 5407 5406
f 5405 5408 2881
f 5405 5407 5408
f 5407 5405 5403
f 5411 3963 3958
f 5411 3958 844
f 5410 3965 5505
f 767 844 5405
f 844 5412 5411
f 5414 5413 3967
f 3965 5410 5411
f 3978 3890 4990
f 4011 5005 5416
f 4113 5423 4077
f 4077 5423 4114
f 4111 5016 4112
f 850 851 4113
f 4112 850 4113
f 851 5426 5422
f 5425 917 5424
f 917 5427 5424
f 915 917 5425
f 917 916 5427
f 916 980 5427
f 4945 5481 5028
f 4214 4211 5506
f 4214 5506 5428
f 5440 5435 5438
f 5428 5440 4212
f 4338 4337 5433
f 5433 4337 5451
f 5433 5451 5438
f 5438 5435 5433
f 5436 5435 5507
f 5433 5436 5434
f 5437 5508 5439
f 5044 3511 5442
f 5441 5046 5442
f 4297 5509 5448
f 4251 4297 5449
f 4377 5445 5055
f 5450 4517 4518
f 5460 4340 4339
f 5067 5461 4460
f 2917 5453 431
f 5453 5335 5326
f 5510 5326 5454
f 5511 4877 5456
f 5060 4407 4876
f 5460 5451 4874
f 5512 4459 4460
f 5464 5357 5513
f 5464 5513 5080
f 5514 5465 5140
f 4665 4666 5463
f 5467 4668 5357
f 5515 5468 4583
f 4584 5468 5364
f 2925 4875 4546
f 2789 2918 5326
f 5445 5442 5469
f 5471 5472 5360
f 5360 5473 5361
f 5360 5361 3543
f 5358 5489 5477
f 5386 3687 5478
f 3687 5358 5478
f 3689 5484 5358
f 5477 5386 5478
f 5386 5477 5476
f 5516 5517 5518
f 5474 5518 5517
f 5518 5519 5520
f 5518 5521 3694
f 5518 3694 5480
f 5522 5518 5480
f 5483 5028 5431
f 5431 5028 5482
f 3538 5360 5399
f 4907 5486 5154
f 4907 5154 4914
f 5155 4909 4911
f 5155 4908 4909
f 3136 5523 4918
f 4918 5523 5524
f 3130 3376 3374
f 3376 5524 5525
f 5526 5525 3115
f 5525 5523 3135
f 3115 5525 3135
f 5527 5528 5529
f 5530 5529 5528
f 5496 5531 5489
f 5532 5477 5489
f 5533 5534 5535
f 5536 3472 3474
f 3481 5537 5538
f 5539 5538 5540
f 5541 5542 5543
f 5544 5545 5546
f 5547 5548 5549
f 5547 5550 5548
f 5548 5551 5549
f 5552 5553 5551
f 5554 5555 5556
f 5557 5558 5559
f 3494 5560 5561
f 5562 5563 5564
f 5565 5566 5567
f 5568 5566 5565
f 5569 5570 5571
f 5571 5572 5573
f 2825 5574 5575
f 5576 5577 5578
f 5579 5575 5578
f 5580 5581 5582
f 5583 5584 5585
f 5585 5584 5586
f 5586 5587 5585
f 5588 5589 5590
f 5591 5588 5592
f 5593 5594 5595
f 5596 3581 5597
f 3583 5598 5599
f 3581 5600 5597
f 3585 5601 5602
f 5603 5604 3635
f 5605 5603 3635
f 3635 3636 5605
f 5606 5604 5607
f 5608 3604 5609
f 3596 3598 5610
f 3675 5611 3593
f 5612 5613 3675
f 5614 3712 5615
f 5610 5616 5614
f 5614 5616 3712
f 5617 5618 5619
f 5619 5620 5621
f 5621 5622 5623
f 5619 5616 5624
f 5625 5626 5627
f 5626 5607 5627
f 5628 5627 5607
f 5627 5629 5630
f 5631 5632 5619
f 5633 5632 5631
f 5632 5633 5634
f 3712 5632 5634
f 5538 5635 5636
f 5637 3712 5638
f 5639 3712 5640
f 3713 5615 3712
f 5641 5627 5642
f 5607 5643 5644
f 5645 5646 5600
f 5600 5604 5647
f 5648 5649 5600
f 3581 5643 5604
f 3577 3498 5650
f 5651 5652 626
f 5651 5653 5654
f 5654 5655 5656
f 5655 5657 5656
f 5658 5659 5656
f 5660 5659 5658
f 5658 5657 5661
f 5658 5661 5662
f 5663 5660 5664
f 5665 5666 5667
f 5666 5668 5669
f 5670 5671 5668
f 5668 5671 5659
f 5670 5672 5671
f 5673 5674 5675
f 5673 2855 626
f 5633 5676 5398
f 5631 5677 5676
f 5678 5489 5679
f 5678 5679 5680
f 5680 5681 5678
f 5532 5489 5678
f 5682 5573 5572
f 5683 5569 5684
f 5569 5653 5570
f 5651 5570 5653
f 626 625 5651
f 5685 5653 5686
f 5687 5688 5686
f 5686 5688 5685
f 5685 5688 5655
f 5687 5689 5690
f 5690 4982 5691
f 5691 5657 5690
f 5692 5693 5691
f 5691 4982 5694
f 5695 5666 5696
f 5697 5670 5698
f 5699 5698 5666
f 5700 5698 5699
f 5670 622 5672
f 622 5701 5672
f 5702 5703 5704
f 5705 5706 5707
f 5707 5708 5705
f 5709 5710 5707
f 5709 5706 5711
f 5712 5713 5714
f 5715 5712 5716
f 5717 5471 5718
f 5717 5719 5471
f 5720 5721 5722
f 5722 5717 5720
f 5723 5724 5725
f 5726 5727 5728
f 5729 5686 5727
f 5730 5687 5686
f 5731 5732 5730
f 5733 5732 5734
f 5735 5732 5736
f 5737 5738 5732
f 5732 5687 5730
f 5739 5740 5732
f 5741 5742 5740
f 5740 5742 5689
f 5741 3921 5742
f 5000 5743 5744
f 5745 5743 5000
f 5743 5746 5747
f 5747 5746 5748
f 5745 5749 5743
f 5749 5750 5746
f 5749 5751 5750
f 5745 5752 5749
f 5751 5753 5754
f 5751 5755 5756
f 5750 5756 5757
f 5751 5758 5759
f 5760 5761 5762
f 5760 5763 5761
f 5751 5759 5764
f 5751 5765 5760
f 5752 5766 5751
f 5766 5767 5765
f 5768 5769 5766
f 5768 5770 5769
f 5768 5752 5771
f 5772 5773 5548
f 5774 5773 5775
f 5776 5774 5775
f 5774 5777 5552
f 5773 5552 5548
f 5776 5778 5774
f 5778 5779 5780
f 5774 5781 5782
f 5774 5783 5784
f 5774 5785 5777
f 5786 5706 5705
f 5706 5787 5788
f 5714 5789 5790
f 5790 5712 5714
f 5791 5792 5793
f 5794 5738 5795
f 5796 5797 5738
f 5798 5799 5792
f 5800 5592 5590
f 5801 3921 5802
f 5741 5799 5802
f 5745 5000 5803
f 5775 5773 5804
f 5805 5806 5807
f 5808 5809 5778
f 5805 5778 5776
f 5810 5778 5811
f 5812 5813 5814
f 5815 5816 5817
f 5817 5816 5818
f 5819 5820 5821
f 5821 5502 5819
f 5822 5823 5824
f 5825 5824 5826
f 5827 5828 5829
f 5830 5831 5832
f 5833 5789 5834
f 5835 5836 5837
f 5837 5838 5835
f 5839 5840 5841
f 5842 5843 5844
f 5840 5804 5773
f 3993 5003 5804
f 3991 5845 5846
f 5847 5848 5846
f 5849 5805 5846
f 5850 5805 5849
f 5851 5805 5850
f 5852 5846 5853
f 5854 5805 5855
f 5856 5857 5858
f 5859 5857 5860
f 5861 4004 5862
f 5862 5863 5861
f 5820 5819 5864
f 5823 5822 5820
f 5826 5824 5823
f 5865 5546 5866
f 5867 5868 5869
f 5870 5871 5872
f 5873 5874 5872
f 5872 5875 5873
f 5876 5877 5873
f 5878 5879 5880
f 5879 5876 5873
f 3991 5846 3977
f 5881 5003 3979
f 5004 4023 5882
f 4023 4002 5857
f 4002 5861 5585
f 5883 5884 5864
f 5862 5883 5816
f 5864 5816 5883
f 5884 5885 5820
f 5885 5886 5823
f 5823 5820 5885
f 5887 5888 5823
f 5889 5890 5891
f 5892 5893 5865
f 5894 5895 5893
f 5896 5897 5893
f 5898 5896 5899
f 5871 5900 5875
f 5901 5902 5903
f 5903 5879 5901
f 5901 5875 5900
f 5004 4024 4023
f 5007 4002 4023
f 5904 5883 5862
f 5884 5883 4009
f 4009 4029 5884
f 5905 5886 4064
f 5906 5907 5905
f 5908 5909 5910
f 5911 5912 5913
f 5913 5912 5914
f 5915 5889 5916
f 5917 5918 5919
f 5917 5920 5918
f 5921 5922 5923
f 5924 5925 5926
f 5917 5927 5928
f 5929 5900 5930
f 5931 5932 5933
f 5931 5934 5932
f 5902 5901 5929
f 5883 5904 4007
f 4064 5935 5905
f 5936 5937 5938
f 5938 5905 5935
f 5939 5936 5938
f 5940 5911 5941
f 5939 5942 5940
f 5940 5942 5943
f 5943 5912 5940
f 5944 5945 5912
f 5940 5941 5939
f 5946 5581 5420
f 5420 5580 5421
f 5580 5947 5421
f 5948 5930 5949
f 5950 5931 5951
f 5952 5931 5953
f 5935 5010 5012
f 4064 5010 5935
f 5954 5955 5956
f 5957 5942 4088
f 5957 5958 5959
f 4085 5956 5955
f 4088 5956 4085
f 5862 5960 5863
f 5961 5861 5863
f 5545 5544 5837
f 5962 5863 5813
f 5963 5863 5962
f 5964 5863 5963
f 5965 5961 5966
f 5967 5961 5968
f 5969 5583 5961
f 5966 5961 5970
f 5971 5588 5972
f 5972 5588 5973
f 5739 5792 5799
f 5653 5727 5686
f 5727 5683 5974
f 5721 5975 5976
f 5975 5720 5976
f 4140 5977 5978
f 5682 631 630
f 5979 5683 5980
f 5981 5982 5983
f 5984 5983 5985
f 5986 5725 5987
f 5725 5724 5985
f 5988 5976 5986
f 5989 5990 5722
f 4177 5721 5022
f 5991 5992 5993
f 5994 5995 5996
f 5992 5982 5995
f 5995 5982 5996
f 5982 5979 5996
f 5996 5997 5998
f 5998 5997 5999
f 5997 6000 5999
f 5997 6001 6000
f 5573 5682 6001
f 5999 6002 5998
f 5994 5025 6003
f 5987 5992 5991
f 4177 5989 5722
f 5209 6004 5039
f 6005 6006 6007
f 4178 5993 5025
f 5039 6005 6007
f 6006 4253 4188
f 4188 4253 4189
f 6008 6009 5440
f 5440 6010 6008
f 5428 5506 6011
f 4211 5681 6011
f 5027 5536 3474
f 6012 6013 5536
f 6013 4204 3472
f 6014 5681 6015
f 6014 6016 6017
f 4248 6005 5039
f 6018 6019 5555
f 5555 4886 6020
f 5555 6020 5556
f 6020 5052 6021
f 6022 6023 6021
f 6021 4885 6024
f 6025 4355 6021
f 6026 5054 6027
f 6026 4885 5054
f 5556 6028 5554
f 6028 6029 5554
f 5555 6030 6031
f 5555 6031 6032
f 6033 6034 6035
f 5555 6033 5560
f 5560 3494 5555
f 4412 6036 6037
f 6036 6038 6039
f 6040 6039 6041
f 6042 5578 6043
f 369 2911 1103
f 328 6044 329
f 6044 5574 6045
f 5574 6046 6047
f 5575 6047 6048
f 6048 6043 5575
f 6049 6050 6051
f 6052 5059 6053
f 4386 6054 6055
f 6055 6056 4386
f 6057 6056 6055
f 6056 6057 6058
f 6059 6060 6061
f 6062 6060 6059
f 4428 6063 3500
f 4430 4429 3500
f 6064 6065 6066
f 6064 6066 4486
f 6067 6068 6069
f 6070 455 6071
f 6072 1105 6073
f 6072 6073 6074
f 6075 6076 6077
f 6075 6077 6078
f 6079 6080 6081
f 6082 6081 6083
f 6084 6081 6082
f 6085 6086 6080
f 6087 6086 6085
f 6088 6028 6021
f 6088 6089 6028
f 6089 6090 6028
f 6091 6028 6090
f 6029 6028 6091
f 6091 6092 6029
f 6090 6092 6091
f 6029 5566 6093
f 6094 6093 5566
f 4540 6095 5456
f 6096 5511 5456
f 5511 6096 6097
f 6096 5594 6097
f 6097 5594 4876
f 4876 6098 5060
f 6098 6099 6100
f 6098 6100 6101
f 6099 6036 6100
f 6102 2939 6099
f 6038 6099 6103
f 6099 2939 6104
f 6103 6099 6104
f 6105 6106 1260
f 6105 1262 6107
f 6105 6107 6108
f 6109 6110 2940
f 6109 2940 6105
f 6111 1269 2936
f 6112 2940 6111
f 6111 2940 1269
f 6113 6114 2940
f 6115 6116 6117
f 6116 6118 6117
f 6117 6114 6113
f 6115 6117 6113
f 6118 6119 6114
f 1262 6105 6114
f 6119 6120 1262
f 1262 6121 369
f 6122 6123 369
f 6124 4642 6123
f 2911 6125 4643
f 328 2911 4643
f 4637 328 4643
f 6046 6044 6126
f 6127 6046 6128
f 6050 6052 6051
f 6050 4424 6129
f 6130 6052 6050
f 6130 6131 6052
f 6131 6057 6054
f 6058 6057 6132
f 6058 6132 6133
f 6057 6134 6132
f 6135 6134 6136
f 6134 6137 6136
f 6136 6137 6138
f 6138 6139 6062
f 6140 6060 6139
f 4595 6141 6142
f 4595 6142 6143
f 4483 6143 6144
f 6145 6146 6144
f 6065 6144 6146
f 6147 6148 6149
f 6149 6150 6147
f 6151 6147 6150
f 6149 6152 6150
f 1280 6153 6150
f 6152 1280 6150
f 6152 6154 6155
f 6152 6156 6154
f 6157 6076 6158
f 6159 6078 6077
f 4612 4611 6160
f 6161 4501 5083
f 6161 6160 6162
f 6163 6164 6161
f 6163 6165 6164
f 6166 6167 6163
f 6166 6168 6169
f 6170 5533 6171
f 5543 6079 6172
f 6079 6173 6174
f 6173 6081 6175
f 6080 6079 6176
f 6176 6177 6080
f 6178 6089 6179
f 6089 6178 6180
f 6180 6181 6089
f 6089 6182 6183
f 5557 6092 6090
f 5557 6184 5558
f 6185 6186 5558
f 6184 6187 5558
f 5558 6188 6189
f 5559 5558 6190
f 6190 6191 5559
f 6192 6193 6191
f 6194 6195 6193
f 6196 5563 6197
f 6198 6196 6197
f 6199 6200 5563
f 6195 6198 6197
f 6198 6201 6196
f 4613 4615 6202
f 6202 4615 6203
f 6204 6205 4539
f 6204 4539 4642
f 6206 6207 6116
f 6119 6118 6207
f 6204 6124 6207
f 6208 6126 6209
f 6210 6211 4657
f 6211 4939 4657
f 6211 6212 4939
f 6213 4567 4938
f 4424 6214 6215
f 6216 6130 6129
f 6217 6218 6216
f 6130 6219 6131
f 6216 6219 6130
f 6219 6220 6221
f 6221 6057 6131
f 6220 6134 6221
f 6137 6220 6222
f 6223 6224 5091
f 6225 4591 6226
f 6225 4592 4591
f 6225 6141 6227
f 6142 6225 6228
f 6145 6228 6229
f 6229 6228 6230
f 6229 6231 6146
f 5527 6230 6232
f 2946 5527 6232
f 6232 6230 6228
f 5528 2947 6233
f 5528 5527 2946
f 6234 6235 5528
f 6236 5528 6233
f 6237 6076 6157
f 6238 6159 6237
f 4696 6239 4698
f 6162 6240 6241
f 6241 6163 6162
f 6163 6241 6242
f 6243 6244 6172
f 6172 6241 6243
f 6243 6245 6246
f 6243 6246 6244
f 6244 6246 6239
f 4695 6247 6248
f 6249 6247 4720
f 4724 6249 4720
f 4724 6250 6251
f 6252 6250 6253
f 6250 5093 6253
f 6254 6255 6256
f 6257 6258 6259
f 2946 6259 2951
f 2951 6260 2946
f 6261 6257 6262
f 6262 6225 6263
f 6225 6226 6263
f 6264 6237 6157
f 6255 6265 6264
f 4724 6266 6249
f 6251 6266 4724
f 6172 6244 5543
f 6267 6268 6269
f 6270 6267 6248
f 6270 6248 6271
f 6248 6247 6271
f 6266 6272 6249
f 6273 6274 6272
f 6272 6251 6273
f 6266 6251 6272
f 6275 6276 6277
f 6277 6278 6279
f 6277 6279 6280
f 6281 6273 6277
f 6282 6272 6283
f 6283 6272 6274
f 6282 6249 6272
f 6284 6271 6285
f 6284 6286 6268
f 6284 6268 6270
f 6284 6270 6271
f 6287 5541 6286
f 6288 6289 5542
f 6289 6290 5542
f 6291 5543 6290
f 6176 6292 6177
f 6178 6293 6292
f 5557 6183 6294
f 6295 6189 6296
f 6297 6298 6299
f 6300 6301 6297
f 6297 6301 6298
f 6301 6302 6298
f 6300 6213 6301
f 6302 6301 6303
f 6303 6212 6302
f 6302 6212 6190
f 6304 4736 6192
f 6192 6305 6194
f 6194 6202 6195
f 6305 6202 6194
f 4736 6304 6210
f 4736 6305 6192
f 5097 4613 6305
f 6210 6304 6211
f 6303 4939 6212
f 6213 6306 6214
f 6217 6215 6307
f 6308 6309 6310
f 6311 6312 6220
f 6313 6312 6311
f 6222 6220 6312
f 6224 6223 6314
f 6314 6223 6137
f 6224 6314 6315
f 6316 6317 6315
f 6318 6273 6319
f 6320 6271 6282
f 6285 6321 6322
f 6286 6322 6323
f 6323 6287 6286
f 1360 2958 6324
f 6324 6325 6326
f 6324 6326 6327
f 6324 6328 1350
f 1350 6329 6324
f 6324 6329 6325
f 2959 6330 1349
f 6330 6299 6295
f 6331 6332 6333
f 6334 6331 6335
f 6297 6332 6331
f 6336 6337 6297
f 6338 6300 6297
f 6339 6300 6340
f 6341 6306 6300
f 6306 6213 6300
f 6342 6222 6312
f 6343 6314 6344
f 3353 3346 3399
f 6345 6315 6314
f 6346 6347 6321
f 6321 6285 6346
f 6321 1364 6322
f 1364 1352 6322
f 1356 2953 1354
f 1354 2953 1355
f 6348 6299 6349
f 6350 6351 6352
f 6353 6354 6355
f 3352 3354 6353
f 6356 6357 6358
f 6357 6359 6358
f 6360 6357 6361
f 6362 6363 6364
f 6365 6366 6361
f 6367 6368 6369
f 6367 6369 6365
f 6370 6371 6367
f 6370 5234 6371
f 6372 6373 6374
f 6375 6370 6373
f 6374 6376 6377
f 6374 6373 6378
f 6355 6352 6373
f 6367 6357 6355
f 6367 6365 6357
f 1606 6379 1427
f 1606 3100 6379
f 3352 6355 6357
f 6380 6354 6353
f 6381 6382 6383
f 6352 6354 6382
f 6352 6384 6385
f 6386 6352 6385
f 6387 6382 6388
f 6382 6389 6388
f 3354 6342 6390
f 3354 6344 6342
f 6239 6246 4698
f 6246 6245 4611
f 6243 6241 6245
f 6391 6092 6193
f 5534 5533 6392
f 3101 6393 6394
f 6394 5530 6395
f 6152 5529 6393
f 6393 5529 5530
f 6149 6396 5529
f 6396 6231 5529
f 6397 6102 5593
f 6397 6111 2939
f 6398 6399 6400
f 5722 5990 5719
f 6401 5977 6402
f 6402 5977 5361
f 4924 5538 5634
f 5610 5608 5616
f 3676 3675 5610
f 6403 5608 5609
f 5977 4141 5361
f 5524 3376 4918
f 3374 3376 5525
f 5525 5524 5523
f 6404 5523 3136
f 5528 1325 5530
f 5530 1325 1327
f 5528 6405 1325
f 5530 1327 2950
f 5532 5475 5477
f 3681 5538 4924
f 6406 3484 6084
f 3484 6406 3471
f 5543 5542 6290
f 5548 5552 5551
f 5552 6407 5553
f 6092 5557 5559
f 3497 5650 3498
f 5562 5566 5563
f 5562 5567 5566
f 5570 625 5571
f 5569 5571 5573
f 5572 5571 625
f 5575 5574 6047
f 5577 5579 5578
f 5579 2825 5575
f 5576 5578 2731
f 5580 5420 5581
f 5471 5719 5990
f 6401 5990 5977
f 5961 5585 5861
f 5585 5961 5583
f 5587 5857 5585
f 5858 5857 5587
f 5588 6408 6409
f 5592 5588 5590
f 5592 5802 5799
f 5592 5798 5591
f 5594 6206 5595
f 6099 6098 5593
f 5593 6098 5594
f 6206 5594 6096
f 6410 3580 5596
f 6410 5597 5598
f 5596 5597 6410
f 5597 5599 5598
f 5597 6411 5599
f 3585 5602 3589
f 3585 6412 5601
f 4954 5610 3598
f 6413 3650 5647
f 6413 5647 5604
f 5603 6413 5604
f 5604 4960 3635
f 5606 4960 5604
f 5624 5616 5608
f 4954 5608 5610
f 5608 4954 3604
f 6414 5612 3675
f 5612 6415 5613
f 3675 5613 5610
f 5614 3676 5610
f 5619 5632 3712
f 3712 5616 5619
f 5619 5624 5620
f 6416 5625 6417
f 5628 5650 5627
f 5627 6418 5629
f 6419 5627 6420
f 6419 6417 5625
f 6419 5625 5627
f 5619 6421 6422
f 5619 6422 5631
f 5538 3680 5635
f 5538 3679 3680
f 5538 5636 5540
f 5537 5634 5538
f 5538 3681 6423
f 5640 3712 5537
f 3707 5638 3712
f 5641 6424 5627
f 6424 6425 5627
f 6425 6418 5627
f 5630 6426 5627
f 3505 6427 6428
f 6428 5627 3505
f 6428 5642 5627
f 3505 5627 5650
f 5650 3497 3505
f 5607 5644 5628
f 5607 5604 5643
f 3581 5604 5600
f 5647 5645 5600
f 5646 6429 6430
f 5600 5646 6430
f 3748 5647 3647
f 6431 5645 5647
f 6432 5647 3650
f 6430 5648 5600
f 5649 6433 5600
f 6433 6412 5600
f 6412 3585 5600
f 5644 5650 5628
f 5650 5644 3577
f 3497 3499 3505
f 5654 5653 5685
f 5651 5654 5652
f 5654 6434 5652
f 5656 5659 6434
f 6434 5654 5656
f 5655 6435 5657
f 5655 5688 6435
f 5657 5658 5656
f 5658 5662 5660
f 5661 5657 6436
f 6436 5657 6437
f 6438 5660 5663
f 6439 5667 5669
f 5667 5666 5669
f 5666 5698 5668
f 5669 5668 5659
f 5660 5669 5659
f 6440 5669 5660
f 5698 5670 5668
f 5659 5671 6434
f 5652 6434 5671
f 5671 5672 5652
f 5673 626 5672
f 5672 626 5652
f 5674 5673 5701
f 5673 6441 2855
f 6442 5631 6422
f 5633 5631 5676
f 5633 4924 5634
f 5398 4924 5633
f 6443 5679 5489
f 5532 6014 6013
f 5532 5678 6014
f 5489 5531 6444
f 6444 6445 5489
f 6012 5475 5532
f 631 5682 5572
f 5573 5684 5569
f 5684 5980 5683
f 5569 5727 5653
f 5651 625 5570
f 5655 5654 5685
f 5687 5690 5688
f 5690 6435 5688
f 5690 5689 6446
f 5690 6446 4982
f 5690 5657 6435
f 5691 6447 6437
f 5691 6437 5657
f 5692 5691 5694
f 5695 5699 5666
f 5746 5750 5757
f 5700 5697 5698
f 5672 5701 5673
f 5709 5707 5706
f 6448 6449 5714
f 5716 5712 5790
f 6450 5717 5718
f 6450 5720 5717
f 6450 5723 5720
f 5722 5719 5717
f 5720 5975 5721
f 5723 5725 5720
f 5720 5725 5976
f 5728 5727 6451
f 5974 6451 5727
f 6452 5734 5731
f 6453 6454 5732
f 6454 5736 5732
f 5734 5732 5731
f 5733 6453 5732
f 5738 5739 5732
f 5732 5740 5689
f 5687 5732 5689
f 5739 5741 5740
f 5742 3863 6446
f 5689 5742 6446
f 5742 3921 3863
f 6446 3863 4982
f 3863 3921 4987
f 3883 5000 3881
f 3881 5000 5744
f 6455 5743 5747
f 5744 5743 6455
f 5743 5749 5746
f 5752 5751 5749
f 5751 5764 5753
f 5751 5754 5755
f 5750 5751 5756
f 5751 5760 5762
f 5751 5766 5765
f 5752 5768 5766
f 5769 5770 6456
f 6457 5771 5547
f 5550 5547 5771
f 6458 5548 5550
f 5773 5774 5552
f 5774 5778 5780
f 5778 6459 5779
f 5774 5780 5781
f 5774 5782 5783
f 5774 5784 5785
f 5824 6460 6461
f 5828 5827 5830
f 5830 5714 6449
f 5789 6462 5790
f 6463 5795 5738
f 6464 5737 5732
f 5791 6465 5792
f 5794 5796 5738
f 5793 5792 5797
f 6465 6466 5792
f 6466 5798 5792
f 5797 5792 5738
f 6467 6468 5592
f 5592 6469 5802
f 6469 5801 5802
f 6468 6469 5592
f 5802 3921 5741
f 5803 5550 5745
f 5803 6458 5550
f 5550 5771 5745
f 5745 5771 5752
f 6458 5803 5772
f 6458 5772 5548
f 5772 5840 5773
f 5776 5003 5805
f 5804 5003 5776
f 5776 5775 5804
f 5805 6470 6471
f 5805 5807 5808
f 5805 5808 5778
f 5778 5809 6472
f 5810 6459 5778
f 6473 5962 5813
f 5814 5813 5960
f 5813 5863 5960
f 6474 5960 5816
f 6475 5816 5819
f 5818 5816 6475
f 5819 5502 5501
f 5834 5714 5830
f 5834 5830 5832
f 5834 5789 5714
f 5833 5834 5832
f 5836 5545 5837
f 5837 6476 5838
f 5844 5843 5804
f 5839 5844 5840
f 5843 6477 5804
f 5840 5772 5841
f 5840 5844 5804
f 3977 5846 5881
f 5881 5805 5003
f 5846 5805 5881
f 6478 5847 5846
f 5851 5855 5805
f 5854 6470 5805
f 6479 5586 5584
f 6480 5860 5857
f 5856 6480 5857
f 4002 5585 5857
f 5864 5819 5816
f 5820 5822 5821
f 6481 6482 5823
f 5827 5831 5830
f 5920 5831 5827
f 6483 6484 6485
f 6486 6485 5831
f 5865 5893 5546
f 5544 5546 5893
f 5544 5893 6487
f 6487 6488 5544
f 6489 5869 5868
f 5872 5871 5875
f 5870 5868 5871
f 5873 5877 5874
f 5873 5875 5879
f 5879 5878 5876
f 3977 5881 3979
f 5882 4023 5859
f 4023 5857 5859
f 4001 4004 5861
f 4002 4001 5861
f 4004 5904 5862
f 5864 5884 5820
f 5823 5886 5910
f 6490 5910 6491
f 5910 5887 5823
f 5823 5888 6492
f 5888 6493 6492
f 5889 5891 5916
f 5918 5827 6494
f 5827 5918 5920
f 5893 5895 5896
f 5892 5894 5893
f 5898 5897 5896
f 5871 5868 5867
f 5871 6495 6496
f 5871 6496 5900
f 5901 5879 5875
f 4029 5886 5885
f 5884 4029 5885
f 5886 4029 4064
f 5905 5910 5886
f 5905 5907 5910
f 5906 5905 6497
f 5911 5940 5912
f 5917 5928 6498
f 5921 5924 5922
f 5917 5919 5924
f 5922 5924 6499
f 5924 5921 6500
f 5917 5924 5926
f 5924 6500 5925
f 5917 5926 5927
f 5949 6496 6495
f 5930 5900 6496
f 5929 5931 5933
f 5929 5930 5931
f 5933 5902 5929
f 5929 5901 5900
f 4009 5883 4007
f 5954 5938 5935
f 5938 5937 6501
f 5938 6501 6497
f 5938 6497 5905
f 5954 5956 5938
f 5956 5939 5938
f 5939 5956 5942
f 5943 6502 5912
f 6502 5944 5912
f 6503 5942 6504
f 5943 5942 6503
f 6499 5924 5946
f 6499 5946 5420
f 6505 6506 6507
f 6508 5930 5948
f 5949 5930 6496
f 5951 5931 5930
f 6506 5930 6507
f 6506 5951 5930
f 5950 5953 5931
f 6509 5934 5931
f 5952 6510 5931
f 5935 5012 5954
f 4088 5942 5956
f 5011 6511 5012
f 5012 5955 5954
f 4089 5958 4088
f 4088 5958 5957
f 1003 6512 1001
f 5862 5816 5960
f 5964 5970 5863
f 5970 5961 5863
f 5965 5968 5961
f 5969 5584 5583
f 5971 6408 5588
f 5741 5739 5799
f 5739 5738 5792
f 5798 5592 5799
f 5727 5569 5683
f 6513 5974 5683
f 5985 5724 5984
f 5990 4173 5977
f 5977 4173 5978
f 4140 4141 5977
f 3319 5020 3317
f 5020 3319 6514
f 3319 5993 4181
f 5993 4178 4181
f 5025 5993 6003
f 6515 5025 5994
f 6000 6007 6006
f 6007 5166 5209
f 6000 5166 6007
f 5166 6000 6001
f 5682 630 5166
f 5166 6001 5682
f 5573 6001 5684
f 5684 6001 5980
f 5981 6516 5982
f 5983 5982 5985
f 5985 5992 5987
f 5986 5976 5725
f 5987 5725 5985
f 5988 5721 5976
f 4177 5722 5721
f 4173 5990 4175
f 6517 5989 6518
f 4175 5990 5989
f 5721 6519 5022
f 5988 6519 5721
f 5988 5986 3319
f 5995 5994 6003
f 6003 5992 5995
f 5997 5979 5980
f 5996 5979 5997
f 5998 6515 5996
f 5996 6515 5994
f 5997 5980 6001
f 5998 6002 6515
f 6515 6002 4193
f 6003 5993 5992
f 5991 3319 5986
f 3319 5991 5993
f 3319 3318 5988
f 5982 6516 5979
f 5992 5985 5982
f 5987 5991 5986
f 6516 6520 5979
f 6007 5209 5039
f 6006 5999 6000
f 6002 5999 6006
f 4193 6002 4188
f 5025 6515 4193
f 6006 6005 4248
f 6006 4188 6002
f 6008 6521 6009
f 6011 6522 4211
f 6014 5678 5681
f 5027 6012 5536
f 5536 6013 3472
f 6014 4204 6013
f 6014 6015 6016
f 4202 4204 6014
f 6523 5555 6524
f 6524 5555 4934
f 4934 5555 3494
f 5555 6523 6018
f 6523 4353 6018
f 5052 6022 6021
f 6021 6023 6025
f 6021 4355 4885
f 6024 4885 6026
f 6525 4509 6026
f 6027 6525 6026
f 5054 4885 4359
f 6026 6179 6024
f 6024 6088 6021
f 6021 5556 6020
f 6093 5555 5554
f 5554 6029 6093
f 6093 6526 5555
f 5555 6526 6030
f 6032 6527 5555
f 6033 6035 5560
f 5060 6100 4412
f 6039 6038 6041
f 6528 6529 6042
f 6043 6528 6042
f 6042 6529 6530
f 6529 6531 6530
f 6042 2731 5578
f 6042 6532 6533
f 369 6123 2911
f 6123 6125 2911
f 328 4637 6044
f 6044 6046 5574
f 6045 5574 6534
f 6043 5578 5575
f 6535 6043 6048
f 4426 6052 6053
f 4386 5059 6054
f 5059 6052 6054
f 6536 6056 6058
f 3500 6140 4428
f 4484 6064 4486
f 4484 6144 6064
f 6066 6065 6537
f 6065 6148 6147
f 6071 6067 6069
f 6070 6072 6538
f 6538 6072 6074
f 6070 6538 455
f 6072 6075 1106
f 6072 1106 1105
f 6075 6072 6076
f 6171 6084 3484
f 6084 6171 6175
f 6175 6081 6084
f 6173 6079 6081
f 6082 6406 6084
f 6082 6083 6539
f 6406 6082 6540
f 6539 6083 6541
f 6086 6400 6083
f 6080 6086 6083
f 6085 6080 4509
f 6085 4509 6542
f 6080 6026 4509
f 6026 6080 6177
f 6179 6026 6293
f 6088 6024 6089
f 5556 6021 6028
f 6029 6391 5566
f 6094 6543 6093
f 6101 6100 5060
f 4876 5594 6098
f 5060 6098 6101
f 6036 4412 6100
f 6099 6038 6036
f 6038 6544 6041
f 2935 6105 1260
f 6105 2940 6114
f 6106 6105 6108
f 6105 2935 6109
f 6110 2941 2940
f 2939 6111 2936
f 6397 6112 6111
f 6112 6397 5595
f 6112 6115 6113
f 6112 6113 2940
f 6112 5595 6115
f 6115 5595 6116
f 6117 6118 6114
f 6119 1262 6114
f 1262 6120 6121
f 6120 6122 6121
f 6120 6124 6122
f 6121 6122 369
f 6124 6123 6122
f 6123 4642 4641
f 6125 4641 4640
f 6123 4641 6125
f 6125 4640 4643
f 6046 6126 6208
f 6046 6208 6128
f 4424 6050 5061
f 6129 6130 6050
f 6054 6057 6055
f 6052 6131 6054
f 6057 6221 6134
f 6134 6135 6132
f 6139 6060 6062
f 5091 4428 6139
f 5091 4568 4428
f 6139 4428 6140
f 4595 6143 4483
f 6144 4484 4483
f 6143 6142 6145
f 6143 6145 6144
f 6145 6229 6146
f 6065 6064 6144
f 6146 6231 6065
f 6065 6396 6148
f 6065 6231 6396
f 6148 6396 6149
f 6151 6545 6147
f 6150 6153 6151
f 6545 6546 6147
f 1280 1279 6153
f 6152 6155 1278
f 6152 1278 1280
f 6152 6393 6156
f 6158 6076 6072
f 6158 6072 6070
f 6077 6076 6159
f 6159 6076 6237
f 5083 6547 6160
f 6161 5083 6160
f 6162 6163 6161
f 6164 6165 6548
f 6163 6167 6165
f 6170 6549 5533
f 6174 6171 5533
f 6171 6174 6175
f 6174 5533 6172
f 6172 6079 6174
f 6174 6173 6175
f 6079 5543 6291
f 6079 6291 6176
f 6293 6026 6177
f 6293 6178 6179
f 6089 6024 6179
f 6090 6183 5557
f 6183 6090 6089
f 5558 6186 6550
f 5558 6187 6185
f 5558 6550 6188
f 6295 5558 6189
f 6302 6295 6298
f 6295 6302 5558
f 6302 6190 5558
f 6191 6092 5559
f 6193 6092 6191
f 6195 6197 5566
f 6195 5566 6193
f 6196 6199 5563
f 6196 6551 6199
f 6197 5563 5566
f 6198 6552 6201
f 6202 6198 6195
f 6305 4613 6202
f 6095 4540 4539
f 6205 6095 4539
f 6205 6204 6207
f 6205 6206 6095
f 6207 6206 6205
f 6095 6206 5456
f 6206 6096 5456
f 6116 5595 6206
f 6207 6118 6116
f 6207 6124 6119
f 6124 6120 6119
f 6204 4642 6124
f 6553 6208 6209
f 4658 4657 4937
f 4657 4939 4937
f 6214 4567 6213
f 6214 4424 4567
f 4424 6215 6129
f 6217 6216 6129
f 6215 6217 6129
f 6216 6218 6219
f 6219 6218 6220
f 6131 6219 6221
f 6134 6220 6137
f 6137 6139 6138
f 6139 6137 6223
f 6223 5091 6139
f 6224 6315 5091
f 6554 6263 6226
f 6225 6142 6141
f 6228 6145 6142
f 6230 5527 6229
f 6229 5527 6231
f 6231 5527 5529
f 6228 6555 6232
f 6555 6257 2946
f 6232 6555 2946
f 5528 2946 2947
f 5528 6235 6405
f 6236 6234 5528
f 6238 6237 6264
f 6264 6265 6238
f 6245 6240 6160
f 4611 6245 6160
f 6240 6162 6160
f 6166 6163 6242
f 6166 6556 6557
f 6241 5533 6242
f 6166 5533 5535
f 6166 6242 5533
f 6172 5533 6241
f 4695 6248 6239
f 4695 4720 6247
f 4703 4702 6250
f 6252 4703 6250
f 6250 4724 5093
f 4696 6558 6239
f 4698 6246 4611
f 6256 6255 6264
f 2946 6257 6259
f 6259 6258 6261
f 2951 1341 6260
f 6257 6261 6258
f 6262 6257 6228
f 6262 6228 6225
f 6239 6267 6244
f 6244 5541 5543
f 6244 6269 5541
f 6244 6267 6269
f 6269 6268 6286
f 6267 6270 6268
f 6247 6249 6271
f 6251 6250 6273
f 6275 6277 6280
f 6277 4702 6278
f 6559 6278 5096
f 6278 4702 5096
f 6560 6281 6561
f 6281 6277 6562
f 6561 6281 6562
f 6273 6281 6319
f 6282 6283 6563
f 6282 6271 6249
f 6269 6286 5541
f 5541 6564 5542
f 6290 6565 6291
f 6565 6566 6291
f 6291 6567 6176
f 6567 6292 6176
f 6177 6292 6293
f 6568 6181 6180
f 6569 6182 6089
f 6294 6183 6570
f 6296 6571 6295
f 6299 6298 6295
f 6301 6213 6303
f 6191 6190 6304
f 6190 6211 6304
f 6191 6304 6192
f 6194 6193 6192
f 6210 4657 4736
f 6305 4736 5097
f 6303 6213 4938
f 6303 4938 4939
f 6214 6307 6215
f 6214 6306 6307
f 6218 6217 6307
f 6218 6307 6310
f 6218 6310 6309
f 6309 6220 6218
f 6572 6311 6220
f 6222 6314 6137
f 6314 6222 6344
f 6315 6317 6573
f 3346 5098 6315
f 6315 6573 5091
f 6318 6274 6273
f 6574 6563 6283
f 6320 6346 6271
f 6346 6285 6271
f 6285 6322 6286
f 6285 6286 6284
f 6567 6291 6566
f 6575 1360 6324
f 6327 6575 6324
f 6327 6326 6576
f 6324 2958 6577
f 1350 6330 6329
f 6578 6330 1350
f 6578 6579 6330
f 6330 6295 6329
f 2959 6299 6330
f 6334 6580 6297
f 6348 6297 6299
f 6335 6331 6333
f 6580 6334 6335
f 6334 6297 6331
f 6297 6348 6332
f 6337 6581 6297
f 6580 6336 6297
f 6581 6582 6297
f 6583 6338 6297
f 6339 6341 6300
f 6584 6307 6306
f 6310 6307 6584
f 6342 6344 6222
f 6343 6345 6314
f 6345 3346 6315
f 6585 6346 6320
f 6321 6347 1365
f 1355 2953 6322
f 2953 6586 6322
f 6322 6586 6323
f 1352 1355 6322
f 6586 2955 6323
f 6349 6587 6348
f 6351 6373 6352
f 6355 6354 6352
f 6355 3352 6353
f 6588 6380 6353
f 3352 6589 3353
f 6589 3352 6357
f 6356 6589 6357
f 6360 6590 6357
f 6590 6591 6357
f 6365 6364 6366
f 6365 6362 6364
f 6347 6346 6585
f 1365 6592 6321
f 6368 6367 6371
f 6370 6367 6373
f 6374 6593 6376
f 6593 6374 6378
f 6378 6373 6351
f 6373 6367 6355
f 6365 6361 6357
f 2982 6594 6595
f 1427 6379 6596
f 6597 1606 1427
f 1427 6596 6598
f 6380 6599 6354
f 6588 6353 3354
f 6588 3354 6390
f 6599 6383 6354
f 6354 6383 6382
f 6382 6387 6600
f 6382 6600 6352
f 6352 6601 6602
f 6352 6602 6603
f 6352 6603 6384
f 6389 6382 6381
f 6381 6383 6604
f 6211 6190 6212
f 6273 6250 4702
f 6273 4702 6277
f 6248 6267 6239
f 6245 6241 6240
f 6257 6555 6228
f 5564 5563 6200
f 5566 6391 6193
f 5566 6605 6094
f 6391 6029 6092
f 6549 6392 5533
f 6556 6166 5535
f 6394 6393 5530
f 6606 6393 3101
f 6152 6149 5529
f 5595 6397 5593
f 5593 6102 6099
f 6397 2939 6102
f 2717 1277 1270
f 6080 6083 6081
f 6399 6607 6083
f 6400 6399 6083
f 4208 5681 4211
f 5681 4208 6015
f 5471 5990 6401
f 6013 6012 5532
f 5626 5606 5607
f 5634 5537 3712
f 6403 5367 5608
f 5367 5366 5608
f 101 6608 6609
f 6610 6611 6612
f 6610 2792 6611
f 6613 6614 6615
f 6613 6615 6011
f 6616 6617 6011
f 6011 6618 6613
f 6619 6620 6621
f 6620 1001 6621
f 6621 1001 6512
f 6619 6622 6623
f 474 1000 6619
f 6624 6625 6621
f 6625 6622 6621
f 2808 2804 1984
f 2804 2808 3026
f 201 6626 199
f 202 6627 6626
f 202 6626 201
f 6628 6629 6630
f 6631 6629 6628
f 6629 6632 6633
f 6634 6635 6636
f 6636 6637 6638
f 629 2856 3512
f 320 6639 6640
f 6640 6639 6641
f 6642 6641 6643
f 1137 6071 455
f 454 1137 455
f 6512 1003 6644
f 6623 467 474
f 899 6645 6646
f 6646 6645 6647
f 892 899 6646
f 988 2832 6648
f 6649 990 989
f 6648 6649 6650
f 989 6650 6649
f 6651 6652 6653
f 836 2880 6654
f 6655 6656 6657
f 6658 6659 6657
f 670 6660 6657
f 6660 6658 6657
f 6658 6660 532
f 6661 6662 6663
f 6658 6664 6659
f 349 6531 6665
f 663 2861 2841
f 2840 6666 2839
f 6667 2861 2840
f 1088 354 3435
f 501 3755 5377
f 5377 5380 501
f 5380 6668 501
f 6669 6670 6671
f 6672 6670 6668
f 6670 2853 502
f 6668 502 501
f 5383 612 6670
f 612 6673 6674
f 6670 6674 6675
f 3753 3755 2854
f 3753 2854 616
f 6676 5701 6677
f 6441 6678 6676
f 632 629 6679
f 6679 629 6680
f 631 638 632
f 632 638 6681
f 632 6681 6682
f 622 6683 5701
f 6684 6685 5709
f 2861 6642 6686
f 6686 6666 2861
f 6641 6642 6687
f 6639 6643 6641
f 6639 6688 6689
f 6690 6656 6639
f 6691 6656 6690
f 665 6656 666
f 670 6657 665
f 6655 6664 680
f 6692 6655 680
f 6692 6686 6655
f 6655 6686 6643
f 6693 6686 6692
f 6693 2839 6686
f 6694 682 2839
f 682 658 2839
f 5788 6695 5711
f 6696 6640 6697
f 6640 6641 712
f 709 6687 662
f 6693 6694 2839
f 6698 6635 2868
f 2868 775 839
f 779 2868 839
f 786 6636 6699
f 6700 6634 6701
f 6701 6634 6638
f 6702 6703 6634
f 6702 788 6704
f 6703 6704 6705
f 6704 836 6654
f 6705 6706 6703
f 6707 6703 6706
f 680 681 791
f 791 6708 680
f 791 681 794
f 6709 6710 6711
f 6711 6710 6712
f 6713 6712 6714
f 6715 6712 6716
f 6712 796 6714
f 775 6710 2873
f 775 2868 6710
f 6710 6635 6716
f 6712 2872 796
f 6715 791 6712
f 6715 6634 6717
f 6707 6706 6692
f 6718 6692 6706
f 6719 6694 6693
f 6720 739 682
f 6720 682 6694
f 742 740 6721
f 6721 740 739
f 6722 804 742
f 839 776 774
f 774 840 839
f 5406 5179 840
f 773 772 6723
f 5408 6724 2881
f 6723 6725 6724
f 6654 2880 838
f 838 6719 6654
f 6706 6705 6693
f 6703 6707 6717
f 6699 6636 6635
f 914 5426 851
f 914 6726 5426
f 6727 6726 6728
f 6729 2894 6730
f 6729 879 2894
f 6731 6732 6729
f 6647 6733 6729
f 6729 6646 6647
f 6734 6645 899
f 901 899 896
f 6734 6735 6645
f 6645 6736 6647
f 903 2895 6729
f 6737 6738 941
f 6739 6734 901
f 6740 6741 6735
f 6742 6743 6735
f 6743 6744 6736
f 6745 904 903
f 991 978 916
f 984 6650 6746
f 978 6747 6650
f 6746 6650 6748
f 6749 6750 6747
f 992 994 6750
f 6751 6747 6750
f 6751 6752 6740
f 6740 6753 6751
f 6752 6741 6740
f 6751 6754 6752
f 6754 6755 6752
f 6741 6755 6756
f 6625 6757 6743
f 6743 6757 6744
f 6742 6622 6625
f 6756 6742 6741
f 6755 973 6756
f 973 6755 6754
f 6754 974 973
f 468 467 6622
f 6754 996 976
f 1001 6620 999
f 6620 1000 6758
f 1003 1007 6644
f 6759 6760 1019
f 6760 6761 1019
f 1049 6610 6759
f 6744 6610 1053
f 904 6744 1053
f 6737 988 6648
f 6762 6763 6764
f 6764 1064 1061
f 1063 3825 1064
f 6763 1064 6764
f 6765 6533 1065
f 6765 2907 2731
f 6532 1094 6766
f 6766 1065 6532
f 354 1087 6767
f 354 1088 1084
f 451 2797 6768
f 1138 6769 1175
f 2727 6770 2728
f 6770 1155 5333
f 2728 6771 6772
f 6770 5333 2728
f 5351 5350 2728
f 5350 6773 2728
f 6774 6775 1155
f 5333 1155 6776
f 1172 5328 1171
f 1175 6777 6778
f 6777 6779 6778
f 6778 6779 6780
f 6781 6782 2921
f 6783 6784 6785
f 6784 6783 1185
f 6784 1186 6786
f 1188 6786 1186
f 1189 6665 1190
f 6787 6788 6789
f 6790 6788 6787
f 1194 1192 5073
f 6791 349 6792
f 4543 351 349
f 6792 349 1194
f 4543 4542 351
f 1201 6793 1204
f 5336 5309 6793
f 1211 6793 2931
f 2931 6793 5309
f 6779 1176 1174
f 6794 6795 6779
f 6796 6779 1173
f 6797 6796 2945
f 6796 1173 2945
f 6798 1361 1360
f 6799 6800 6801
f 6802 6803 6804
f 6629 6805 6806
f 6802 6806 6807
f 6808 6809 6629
f 6810 6809 6808
f 6811 6585 6812
f 6347 6811 1365
f 6813 6814 1362
f 524 6799 1362
f 6815 6816 6799
f 6802 6808 6629
f 6651 6810 6808
f 6817 6818 6651
f 6819 6820 6818
f 6818 6821 6651
f 6822 6651 6821
f 6823 6824 6825
f 6823 6811 6826
f 6826 6811 6827
f 6823 6828 6811
f 6829 6830 1379
f 6831 6832 6829
f 1379 1383 6831
f 2972 1382 1381
f 1362 6814 524
f 6833 6834 6835
f 6835 6595 6833
f 6594 6836 6595
f 6837 6828 6823
f 1379 2966 1384
f 6838 1390 6839
f 1389 1392 1380
f 1392 1393 6840
f 6840 1395 1380
f 1380 1400 6841
f 6842 2972 6843
f 2997 2799 6844
f 4778 2798 2799
f 6845 6846 6847
f 6848 2671 6847
f 6848 6849 2671
f 6848 6850 6851
f 4792 2651 5139
f 3024 6847 6852
f 3024 6850 6847
f 6850 6848 6847
f 6850 6853 6854
f 6851 6855 4829
f 4829 4809 6851
f 4809 4808 6851
f 6851 4808 6856
f 5139 6856 4808
f 6857 6858 1988
f 2805 2806 6859
f 2200 274 2199
f 2199 2203 2200
f 6860 6854 6853
f 6861 6862 5244
f 6861 5247 6862
f 6861 5244 5242
f 2574 3089 6863
f 6864 6861 6863
f 6865 2575 6866
f 6865 3090 6867
f 6867 6868 2575
f 2575 6869 6866
f 6865 3091 3090
f 6870 5287 5285
f 6871 6872 5285
f 6873 6874 6871
f 5300 6871 5287
f 5287 6871 5285
f 6871 6865 6875
f 6876 6877 5324
f 6878 5324 6879
f 6871 6880 5323
f 5324 6871 5323
f 5289 6875 5242
f 6849 2651 2650
f 6881 6629 6882
f 6881 6883 6629
f 1277 1180 6884
f 2717 1180 1277
f 5337 6885 5336
f 1201 1200 2724
f 2944 2727 1306
f 100 5326 6769
f 5326 6886 6769
f 6886 5326 6887
f 6888 6769 77
f 6889 6769 6890
f 6891 1137 6892
f 6761 6757 6624
f 2204 261 276
f 101 100 6608
f 104 6609 6608
f 112 1053 6610
f 112 6610 6612
f 3450 2795 2798
f 6760 6759 6757
f 6613 6893 6614
f 6011 5681 6618
f 6619 6621 6622
f 6623 474 6619
f 6619 1000 6620
f 6512 6624 6621
f 6625 6624 6757
f 1986 2804 3026
f 6626 6627 6894
f 6631 6895 6629
f 6634 6716 6635
f 6636 786 6637
f 6634 6636 6638
f 320 667 6639
f 6640 6696 6896
f 2830 1019 6761
f 2830 6761 1007
f 6624 6512 6644
f 6644 1007 6624
f 6623 6622 467
f 6649 2832 990
f 6648 2832 6649
f 6648 6753 6897
f 6650 6747 6648
f 989 6748 6650
f 6648 6747 6753
f 6898 6651 6653
f 6651 6899 6900
f 6664 6655 6659
f 6657 6659 6655
f 6657 6656 665
f 6658 6663 6664
f 532 536 6663
f 6663 6662 6664
f 532 6663 6658
f 6686 2839 6666
f 6531 349 6532
f 349 6665 6788
f 349 6788 1194
f 349 1094 6532
f 2840 2861 6666
f 501 611 3755
f 5382 6901 6670
f 6901 6671 6670
f 6668 6670 502
f 5383 3641 612
f 612 6902 6673
f 6670 612 6674
f 2854 3755 611
f 6676 6678 6903
f 6904 5709 6685
f 632 2856 629
f 6905 6679 6680
f 632 6682 2856
f 5701 6683 6677
f 6684 6906 6685
f 5711 6684 5709
f 6684 5711 6695
f 2861 6907 6642
f 662 6687 6907
f 6687 6642 6907
f 6689 6690 6639
f 6639 6656 6643
f 2864 533 6660
f 6660 533 532
f 678 6664 2865
f 680 6664 678
f 6686 6642 6643
f 6643 6656 6655
f 6692 6718 6693
f 5706 5788 5711
f 6697 6640 712
f 712 6641 6687
f 709 712 6687
f 6708 6692 680
f 775 776 839
f 778 777 6635
f 789 6702 6634
f 6702 6704 6703
f 6705 6704 6654
f 6908 6909 791
f 6709 2873 6710
f 6713 6711 6712
f 6710 2868 6635
f 6712 6710 6716
f 6708 6715 6717
f 6715 6708 791
f 6712 791 2872
f 6715 6716 6634
f 6634 6703 6717
f 6717 6707 6708
f 6707 6692 6708
f 6719 6720 6694
f 6720 742 6721
f 6720 6721 739
f 6723 772 6910
f 5408 6723 6724
f 6723 6910 845
f 838 6722 6720
f 6722 742 6720
f 838 6720 6719
f 6654 6719 6693
f 6693 6705 6654
f 6718 6706 6693
f 6704 788 836
f 777 6699 6635
f 5426 6726 5425
f 6911 915 5425
f 6726 6911 5425
f 6732 6912 6729
f 6730 6731 6729
f 6912 884 6729
f 6729 889 6646
f 889 892 6646
f 901 6734 899
f 6647 6736 6745
f 6647 6745 6733
f 6733 6745 903
f 6729 2895 879
f 903 6729 6733
f 905 879 2895
f 900 941 6913
f 6913 941 901
f 941 6738 6739
f 6738 6740 6739
f 941 6739 901
f 6739 6740 6735
f 6734 6739 6735
f 6735 6741 6742
f 6743 6645 6735
f 6736 6645 6743
f 6744 6745 6736
f 6745 6744 904
f 916 978 980
f 978 991 6749
f 984 978 6650
f 978 6749 6747
f 6749 992 6750
f 6751 994 996
f 6750 994 6751
f 6751 6753 6747
f 6740 6897 6753
f 6752 6755 6741
f 6742 6625 6743
f 6742 6756 6622
f 6754 976 974
f 973 6622 6756
f 6914 6915 468
f 973 468 6622
f 6754 6751 996
f 1017 1015 1019
f 1015 6759 1019
f 6759 1015 1048
f 1048 1049 6759
f 6759 6610 6757
f 6610 6744 6757
f 6740 6738 6897
f 6897 6738 6648
f 6738 6737 6648
f 1064 3824 2905
f 6916 6765 1065
f 1065 6917 6916
f 6532 1065 6533
f 1087 354 1084
f 2797 1119 1120
f 2797 1120 1121
f 2797 451 1119
f 1138 6891 6892
f 6608 100 1138
f 1175 6769 1172
f 1172 6769 5329
f 1154 6773 5350
f 2728 6773 6918
f 6770 2727 1155
f 2728 5333 6771
f 6772 5351 2728
f 1155 6775 6919
f 6919 6920 1155
f 5349 1155 5332
f 6920 1302 1155
f 6778 6891 1175
f 6891 1138 1175
f 6777 1176 6779
f 6891 6071 1137
f 2921 6782 1179
f 6781 6785 6782
f 6785 6784 6782
f 6784 1184 1186
f 1184 6921 1186
f 1185 6922 6784
f 1181 1187 1186
f 6665 6786 1188
f 6665 1188 1190
f 6789 6788 6665
f 1192 6790 6787
f 5074 2925 351
f 4542 5074 351
f 1201 5336 6793
f 1211 1204 6793
f 1342 6796 6797
f 1373 1376 6798
f 6798 1376 1361
f 1362 6587 2959
f 6801 6587 6799
f 6799 6816 6923
f 6799 6923 6800
f 6804 6924 6802
f 6802 6925 6803
f 6802 6807 6925
f 6802 6629 6806
f 6629 6809 6926
f 6810 6927 6809
f 6811 6347 6585
f 6813 6928 6814
f 1358 6929 1362
f 1362 6799 6587
f 6799 524 6815
f 6815 6930 6931
f 6932 6816 6815
f 6924 6816 6834
f 6834 6802 6924
f 6802 6834 6808
f 6933 6651 6898
f 6651 6933 6810
f 6817 6836 6819
f 6817 6819 6818
f 6821 6818 6934
f 6822 6935 6651
f 6820 6819 6936
f 6827 6811 6812
f 6837 1363 6828
f 6828 1365 6811
f 6829 1379 6831
f 6831 6937 1352
f 6831 6938 6939
f 6831 6939 6940
f 1370 1369 1428
f 1390 2954 1428
f 1390 1389 1380
f 6941 1398 2965
f 1371 1404 1375
f 1361 1382 1377
f 1361 6942 1382
f 525 524 6814
f 6931 6932 6815
f 6943 6834 6816
f 6943 6816 6932
f 6834 6943 2715
f 6833 6651 6808
f 6833 6808 6834
f 6651 6833 6817
f 6833 6595 6817
f 6817 6595 6836
f 6837 2983 2966
f 2966 1363 6837
f 2966 2983 1384
f 6839 6944 2969
f 6944 2976 2969
f 6945 6946 1390
f 6946 1385 1390
f 2970 6945 1390
f 1390 1428 6839
f 1380 1392 6840
f 6840 1393 1395
f 1380 1395 1396
f 1395 1394 1396
f 6841 1400 208
f 1398 2971 1374
f 6842 1382 2972
f 2715 6943 2979
f 6835 6834 2715
f 6835 6947 6595
f 6947 2982 6595
f 1426 2976 1428
f 2715 6947 6835
f 6947 2715 1741
f 2982 6947 1741
f 2997 4778 2799
f 6948 2997 1546
f 5139 2651 6849
f 6849 6856 5139
f 1930 1928 1927
f 6949 6847 6950
f 6852 6847 6949
f 6850 3024 6853
f 6851 6850 6854
f 6851 6849 6848
f 6851 6856 6849
f 4829 4828 4809
f 6951 6952 5139
f 6953 6951 5139
f 1984 2805 165
f 2806 1988 6859
f 6859 165 2805
f 6858 6954 1988
f 2200 2204 2202
f 2200 2203 2204
f 6854 6855 6851
f 5242 6875 6861
f 6861 6864 5247
f 6863 6861 6866
f 6955 6864 6863
f 6861 6865 6866
f 6866 2574 6863
f 6866 6956 2574
f 6865 6867 2575
f 6871 6874 6872
f 6871 6875 6957
f 6871 6957 6873
f 6865 6861 6875
f 6871 5324 6865
f 5324 6958 6876
f 5324 6877 6865
f 6879 5324 6959
f 6871 5300 6880
f 6880 5300 6960
f 6849 2650 2671
f 6961 6962 2650
f 6962 2671 2650
f 6926 6809 6927
f 6963 6882 6926
f 6926 6882 6629
f 2939 1277 6884
f 5337 2724 2726
f 2724 5337 5336
f 5336 1201 2724
f 2944 1155 2727
f 6769 5334 77
f 6888 6890 6769
f 2730 5329 6769
f 6769 1138 100
f 1137 454 1113
f 6624 1007 6761
f 6757 6761 6760
f 6964 6965 6966
f 6966 6965 6967
f 6812 6585 5341
f 4030 6968 6969
f 6970 6971 6972
f 6972 6973 6974
f 2560 2561 2810
f 6975 6976 206
f 6977 202 6978
f 6979 6980 6981
f 6979 6981 6978
f 6980 2757 6982
f 6980 2754 2757
f 6983 6982 233
f 6984 235 6985
f 239 2817 6984
f 6984 2817 6986
f 2817 2562 6987
f 6633 6988 6989
f 6989 6990 6633
f 6991 6992 6993
f 6994 6995 6996
f 6997 6308 6998
f 3494 5561 3492
f 6999 7000 7001
f 3503 7002 7000
f 7003 7004 7005
f 7006 7007 7008
f 3103 7009 625
f 7010 7011 7012
f 3523 7013 7014
f 4921 7015 4677
f 5297 5299 7016
f 7017 4733 7018
f 7018 4859 7019
f 7020 7021 7019
f 7022 6894 6977
f 5661 7014 5662
f 7011 7014 7013
f 7023 6438 7024
f 6438 7025 7024
f 3766 623 622
f 5703 7026 7027
f 5703 5702 7028
f 7029 7030 7031
f 7032 7033 7034
f 7033 7035 7034
f 7036 6974 7033
f 7037 7038 6974
f 7039 7040 7041
f 7042 5708 6904
f 7043 6904 5708
f 7044 7045 5298
f 5298 7046 5299
f 7047 6449 7016
f 6449 7048 7016
f 7049 7048 7050
f 7051 7050 7052
f 7051 7052 7053
f 7053 7054 7055
f 7053 7055 7051
f 7056 7057 7054
f 7058 7059 7060
f 7060 4975 4978
f 7061 7062 7063
f 7062 7061 5297
f 7061 6521 5297
f 7062 7049 7063
f 6008 6010 5297
f 6010 6965 7064
f 6965 5680 7064
f 7064 5680 5679
f 6904 6443 7065
f 7066 7067 7068
f 6965 7069 6618
f 5694 4982 7070
f 5692 7071 3831
f 7072 3858 3860
f 7073 7024 7074
f 7075 7024 7073
f 3858 7074 7011
f 3860 7011 7010
f 7075 3880 7076
f 7024 7075 7076
f 3878 7024 7076
f 3878 7077 7078
f 7077 7079 7078
f 7080 7081 7078
f 7078 7082 7023
f 7078 7083 7082
f 7023 7084 7085
f 7078 7086 7087
f 7023 7088 7089
f 5746 5757 7078
f 7078 5670 7086
f 7090 5757 7091
f 622 5670 7092
f 7027 5770 5703
f 5547 5704 5703
f 7030 7093 7094
f 7095 7028 5702
f 7030 7095 5702
f 7030 7096 7031
f 7096 7097 7098
f 7099 7100 7101
f 7099 7102 7100
f 7103 7099 7104
f 7099 7105 7106
f 7107 7108 7109
f 7036 7032 7110
f 7032 7111 7112
f 7032 7113 7110
f 7040 7114 7115
f 7040 7039 7114
f 5705 5708 7041
f 5299 7046 7116
f 7047 5299 5788
f 7016 5299 7047
f 7047 5828 6449
f 5714 7050 6448
f 7117 7050 7118
f 6462 7119 7052
f 7052 7120 7056
f 7052 7121 7120
f 3538 7056 7120
f 7057 7056 3538
f 7121 7119 7122
f 7123 5724 5723
f 5983 5984 7124
f 6513 7125 5974
f 7126 7127 7128
f 7129 7130 7127
f 3881 7077 7131
f 3881 7132 7079
f 7133 7080 7079
f 5758 7092 5757
f 7134 5757 7135
f 7136 7092 7137
f 5766 7092 7138
f 7139 7027 7092
f 7140 7141 7142
f 7143 7141 7144
f 7145 7141 7146
f 7141 7147 7148
f 7148 7149 7150
f 7148 7151 7149
f 7152 7153 7154
f 7155 6995 7156
f 7156 6994 7153
f 7153 6994 7157
f 7158 5547 7159
f 7160 7161 7162
f 7162 5547 7163
f 7164 6994 6996
f 7107 7165 7166
f 7107 7167 7165
f 7107 7166 7110
f 7166 7168 7110
f 7169 7170 5499
f 5500 5815 7171
f 5788 7172 7173
f 5830 6449 5828
f 7174 7175 7176
f 7177 5723 7178
f 7179 7180 7181
f 7125 5836 5835
f 7126 7125 5835
f 7126 7182 7129
f 7183 7184 7185
f 7184 6463 7185
f 7185 6463 6464
f 7126 7186 7182
f 7185 7187 7126
f 7183 7188 7184
f 7189 7190 7188
f 7188 5794 7184
f 7189 7191 7192
f 7193 5798 7194
f 7193 5588 5591
f 7195 5588 7196
f 7195 7197 7198
f 7196 7197 7195
f 7199 7200 7195
f 7201 3886 7198
f 3887 3886 7201
f 7199 3886 3918
f 7202 7203 7204
f 7205 6468 6467
f 6469 7206 7207
f 6469 7207 4991
f 4991 3921 5801
f 7208 7199 4994
f 7209 7200 7208
f 7202 7206 7210
f 3942 7207 7202
f 3941 4991 7207
f 3942 3941 7207
f 5809 7211 6472
f 7212 7213 7214
f 7215 7165 7216
f 7141 7212 7216
f 7167 7216 7165
f 7217 7166 7218
f 5969 7219 7218
f 7218 7219 7217
f 7219 7220 7221
f 7219 7222 7220
f 7219 7223 7224
f 7221 7225 7226
f 7221 7227 7170
f 5815 5500 7170
f 5501 7171 7228
f 5825 7040 5824
f 5825 7229 7230
f 7230 7231 7232
f 7233 7234 7230
f 7234 7235 7231
f 7230 7232 5825
f 7230 7236 7237
f 7230 7238 7236
f 7237 7239 7233
f 5787 5786 7240
f 7240 7241 5787
f 5829 5787 7241
f 5829 7173 5787
f 7242 6462 7243
f 7244 7123 7245
f 7246 7123 7247
f 7248 5984 7123
f 5545 5836 7124
f 5836 7179 7124
f 7126 5838 7249
f 7249 7250 6476
f 5798 7251 7252
f 7252 5872 5877
f 7253 7196 5876
f 7197 7196 7253
f 7197 7254 7198
f 7198 7254 7201
f 7254 7255 7256
f 7257 3887 7201
f 3990 7258 3991
f 7258 7259 5845
f 7258 5853 7259
f 7258 7260 5853
f 7260 7261 7262
f 7260 7263 7264
f 7260 7265 7266
f 7260 7266 5806
f 5809 5808 7267
f 7268 7269 7270
f 7267 7271 7268
f 7269 7218 7272
f 7165 7215 7272
f 7271 7273 7269
f 7273 7274 7269
f 7274 5969 7218
f 7273 5584 7274
f 5858 5587 7271
f 7271 7275 7276
f 7277 7276 7275
f 7278 7279 7280
f 7278 7281 7279
f 7278 7277 7282
f 7278 7283 5860
f 7284 7285 7283
f 6481 7286 6482
f 7229 5825 7286
f 5832 7287 7288
f 7289 5832 7290
f 7291 7247 7292
f 7251 7293 7294
f 5872 7252 7251
f 5880 5879 7253
f 7295 7296 7297
f 7298 7254 7297
f 7297 7299 7300
f 7301 7254 7298
f 7302 7258 3990
f 7303 7275 7267
f 7271 7267 7275
f 7304 5004 7284
f 5882 7284 5004
f 7286 7305 6490
f 7241 5889 5915
f 5827 5829 6494
f 7306 5920 5917
f 5920 7287 6483
f 7287 7307 6483
f 7288 5894 5892
f 5892 7290 7288
f 7308 5867 7309
f 7310 6495 7311
f 7311 6495 7308
f 6495 5867 7308
f 5867 7251 7309
f 7296 7295 5903
f 7297 7296 7312
f 7312 7313 7297
f 3994 3999 5004
f 7314 7286 6491
f 7315 7316 5939
f 7317 5939 7318
f 7319 7320 7321
f 5913 7320 7319
f 5913 5914 7322
f 7322 5889 7320
f 7322 7320 5913
f 7322 7323 7324
f 7325 7326 7322
f 7325 7327 7328
f 7329 7287 7330
f 7331 7287 7332
f 7333 5420 7334
f 7334 5420 7335
f 5921 5420 7287
f 7335 5420 5921
f 5921 7287 7336
f 5420 5419 7337
f 5421 7338 5894
f 7339 7340 7312
f 7341 7297 7313
f 7342 7343 7341
f 7344 7345 7346
f 7346 7345 7347
f 7348 7345 7349
f 7345 7350 7351
f 7349 7345 7352
f 7353 7352 7351
f 7354 7355 7356
f 7357 7354 7356
f 7356 7358 7359
f 7356 7322 7358
f 5924 5919 7360
f 7360 5946 5924
f 7361 7362 7363
f 7364 7365 7363
f 7364 5009 7366
f 7366 4043 7367
f 7367 7368 7369
f 7367 7370 7371
f 7367 7372 7370
f 7370 7373 7371
f 7374 7375 7376
f 7371 7376 7368
f 7371 7340 7374
f 7339 7377 7374
f 7340 7313 7312
f 7368 6508 5948
f 5949 5947 5580
f 7374 6509 7378
f 7374 7378 7375
f 7374 7379 6509
f 7367 4043 7372
f 7372 7350 7370
f 4045 4012 7372
f 4043 4045 7372
f 7380 4071 7381
f 5957 7382 4071
f 7383 7356 7380
f 7380 7356 7355
f 7380 7355 5942
f 7381 4071 7384
f 7384 7385 7381
f 7385 7386 7383
f 7387 7386 7385
f 7384 5014 7387
f 7387 5014 7361
f 5014 7388 7361
f 5581 7387 7361
f 7362 7361 4031
f 7364 7362 4030
f 5009 4043 7366
f 4071 5958 4089
f 7387 7360 7386
f 7183 7249 5837
f 7219 7389 7390
f 7200 7391 7195
f 7392 7393 7394
f 5547 7394 7393
f 7394 5547 7161
f 5979 7395 6513
f 5979 7396 7397
f 4269 5041 7398
f 7399 7061 7398
f 6521 6008 5297
f 5428 6011 6617
f 7400 7401 4202
f 7400 7402 4208
f 5041 5440 7399
f 7403 6004 7404
f 7404 6004 7405
f 5435 5440 7406
f 7407 5561 7408
f 7409 6094 6034
f 7410 7409 6034
f 6094 7411 3492
f 6094 3492 6034
f 6034 3492 5561
f 3492 7412 4371
f 7412 4372 4371
f 4372 7412 4288
f 7413 5056 4381
f 7007 7414 7008
f 7008 7414 7415
f 7008 7415 4383
f 4383 4382 7008
f 6041 6544 7416
f 1179 7417 7418
f 7418 7416 1179
f 1179 7419 7417
f 6782 7419 1179
f 6784 7420 7421
f 7422 7423 6784
f 7421 7420 7419
f 7424 7420 7423
f 7425 6531 7426
f 7423 6786 7425
f 6047 7427 6048
f 7427 7428 7424
f 7424 7428 7429
f 7424 6528 7430
f 7420 7424 7429
f 7431 7420 7429
f 7431 7419 7420
f 7417 7419 7431
f 7432 7433 7418
f 6058 7008 6536
f 6058 6133 7008
f 6133 7006 7008
f 7434 7435 6133
f 6133 7435 7006
f 7436 7437 7434
f 7434 7437 7438
f 7434 7438 7435
f 7439 7440 3500
f 7437 3500 7001
f 7000 7435 7438
f 5452 7441 4455
f 7441 7442 7443
f 7444 4600 6537
f 7445 7444 6537
f 7446 7445 7447
f 7448 7445 7446
f 7449 5092 7450
f 7449 7450 442
f 7451 7452 6075
f 4501 6161 6164
f 5070 7453 7441
f 7454 5069 7442
f 3470 7455 4928
f 7456 7454 7455
f 5567 7004 6605
f 4516 7457 4514
f 6203 4619 6552
f 4615 4619 6203
f 1180 7416 6884
f 6884 7416 6103
f 6044 7458 6126
f 6128 7459 6127
f 7459 7460 7461
f 7462 7463 7460
f 7460 7431 7461
f 7464 7465 7460
f 7464 4648 7466
f 4648 7432 7466
f 7467 7434 6133
f 7436 7434 6136
f 6779 7468 6158
f 6158 7469 7470
f 7451 6078 6238
f 4685 5092 7452
f 4685 7452 7471
f 6169 6168 7472
f 7472 6168 7473
f 7474 7453 6168
f 6166 7474 6168
f 7455 6392 7475
f 7455 7476 6392
f 6170 7455 7475
f 7477 7478 7479
f 7457 7004 7480
f 7457 4516 7481
f 4625 7482 5084
f 4625 7483 7482
f 7458 6044 4637
f 7484 4633 6208
f 4633 4632 7462
f 7463 7485 5090
f 7463 5089 7485
f 7463 4646 7486
f 4870 7487 7463
f 4870 7488 7487
f 4747 7489 4672
f 5081 5080 7490
f 7020 7491 7490
f 5514 6254 5515
f 4682 6554 7492
f 7493 7494 7495
f 7495 7468 7493
f 7468 6779 6796
f 7496 7497 7468
f 6238 6265 7498
f 4942 7471 6238
f 4942 4685 7471
f 6256 5364 6254
f 7499 7500 7501
f 7499 7501 4921
f 7502 7015 7501
f 7501 7494 7502
f 1342 7503 7504
f 1342 2951 7505
f 1342 7505 6261
f 7503 6262 7506
f 1342 6261 6262
f 7507 7494 7503
f 7502 4678 7015
f 4678 7508 7015
f 7508 7509 7015
f 6554 4682 7510
f 7015 4921 7501
f 7500 6264 7496
f 5468 5515 6254
f 7511 6254 5140
f 7512 7513 7514
f 7515 7516 7017
f 5096 6561 6559
f 6561 7517 6560
f 6561 7516 7517
f 6562 7513 6561
f 7512 6559 6561
f 6567 7518 7519
f 6568 7520 7521
f 6568 7521 7522
f 7523 7522 7521
f 7522 6181 6568
f 7524 7525 7521
f 7478 7521 7526
f 7478 6325 6329
f 6309 6572 6220
f 7527 7528 7529
f 4749 7529 4747
f 7021 4672 7489
f 7018 7021 7530
f 7018 7019 7021
f 7530 7531 7018
f 7532 7531 7530
f 7531 7533 7516
f 7534 7516 7533
f 7534 7517 7516
f 7534 7535 7536
f 7536 6319 7534
f 6319 7537 6560
f 7536 6318 6319
f 6318 6563 7538
f 6318 7538 7539
f 6563 6318 6585
f 2955 7540 7541
f 7542 7543 6567
f 7544 7521 7520
f 6575 7478 7526
f 7545 7478 6575
f 6326 7545 6576
f 6327 6576 6575
f 6576 7545 6575
f 6335 6333 7546
f 6580 6335 7547
f 6332 7548 7549
f 7547 7546 7549
f 7547 6336 6580
f 7549 6582 7550
f 7549 7550 7551
f 7549 7551 6336
f 7549 6338 6582
f 7549 7552 6338
f 7549 7553 7554
f 7549 7555 7552
f 6310 6584 7549
f 7549 6308 6310
f 6991 6993 6997
f 6389 7556 6988
f 3353 7557 7558
f 7559 3344 3400
f 7560 7561 4759
f 4748 4746 7562
f 7563 7528 7561
f 7528 7562 7561
f 7530 7564 7532
f 7535 7533 7532
f 7565 6318 7536
f 7566 2955 2954
f 7566 2963 7567
f 7567 7568 7566
f 7569 1360 7526
f 6923 6997 6800
f 6923 7570 7571
f 6924 6997 6923
f 6927 7572 7573
f 6351 7573 7572
f 7574 7559 7575
f 7575 7559 7576
f 7577 7558 7578
f 7579 7559 7580
f 3407 7581 3406
f 7582 7583 7584
f 7582 4757 7583
f 7581 7582 7585
f 7582 7586 4755
f 4757 4755 4754
f 7564 7563 7561
f 6318 7565 5341
f 5341 5343 7587
f 5341 7587 6812
f 6827 6812 7587
f 7588 7567 1390
f 1380 207 7588
f 1390 1380 7588
f 7588 6976 7567
f 2965 2964 6975
f 7589 6935 7590
f 7590 6821 7589
f 7591 7592 7593
f 7594 7595 7596
f 7595 7597 7596
f 7595 5235 5234
f 7598 4760 6369
f 6368 3407 3405
f 5233 7582 7581
f 7599 7586 7600
f 7599 7601 7586
f 7601 7564 7586
f 7565 7601 7599
f 7600 5235 7602
f 7595 7602 5235
f 7603 5234 6368
f 7604 7597 7605
f 7606 7607 7608
f 6378 7597 7604
f 7607 7597 5234
f 6373 5234 7609
f 6378 7596 7597
f 7591 7610 6378
f 7591 7572 6933
f 7592 7591 6933
f 7572 6927 6933
f 6819 6836 6827
f 6827 7587 6819
f 6836 6824 6827
f 6941 206 208
f 1424 6937 1383
f 7611 2979 6943
f 7612 7613 1447
f 2982 6823 6594
f 1454 2983 2982
f 2559 7614 3084
f 7614 2559 2560
f 7022 7614 2560
f 3086 7615 6987
f 6987 2562 7616
f 6981 7617 6987
f 7614 6981 6987
f 7615 7614 6987
f 7618 7619 7620
f 7556 7621 7619
f 6601 7622 6602
f 7623 6350 7624
f 6602 7573 6350
f 6927 7625 6926
f 7626 7627 7625
f 7628 7621 7556
f 6601 7625 7622
f 6601 7629 6388
f 7618 6992 7556
f 7618 6390 6312
f 6991 7630 6805
f 7631 7632 7630
f 4733 7017 4734
f 4625 7633 7634
f 4870 7635 7636
f 7637 7483 7462
f 7638 7639 7483
f 7462 7483 4870
f 7637 7462 4873
f 7462 4632 4873
f 7640 7641 7480
f 5562 7640 7004
f 7004 7481 6094
f 7455 5535 7476
f 7453 6556 5535
f 5452 5070 7441
f 7006 7002 7642
f 6046 7427 6047
f 4375 7643 7411
f 7399 7398 5041
f 6010 6617 7644
f 6965 7645 6967
f 4977 7057 3540
f 6970 7646 7647
f 6977 6978 7614
f 7648 202 7649
f 7650 6979 7651
f 7652 7648 2751
f 7651 6979 7648
f 6979 6978 202
f 6627 202 6977
f 7653 6153 1279
f 7653 442 7654
f 6964 7069 6965
f 5681 5680 6618
f 6010 5428 6617
f 5070 5452 4464
f 5009 4030 6969
f 5343 5342 7594
f 6972 6971 6973
f 6974 7038 6972
f 7655 7656 6973
f 2810 199 7022
f 206 6976 207
f 6979 2754 6980
f 6978 6981 7614
f 6927 7573 7622
f 6982 6981 6980
f 6982 7617 6981
f 235 6986 6982
f 234 235 6982
f 6983 234 6982
f 6984 6986 235
f 7617 2817 6987
f 6633 6632 6988
f 2817 7617 6986
f 6988 7556 6992
f 6992 6991 6988
f 6993 6992 6313
f 7657 7658 6994
f 5549 6994 5547
f 6998 6308 7659
f 3500 6999 7001
f 7006 7435 7000
f 6056 6536 7008
f 3103 7660 7009
f 7014 3831 7661
f 4712 4940 6265
f 6265 7662 7498
f 7048 5297 7016
f 7490 7021 7020
f 7018 4733 4859
f 7663 5948 5580
f 6977 6894 6627
f 4947 7642 4434
f 7664 5703 7028
f 3765 3766 5703
f 7026 7092 7027
f 7665 7666 5693
f 7665 7014 5661
f 5662 7014 7011
f 7011 7024 5662
f 7023 5669 6438
f 7023 7089 7667
f 7023 7667 7668
f 7024 7025 5662
f 7092 3766 622
f 7095 7029 7028
f 7029 7669 7664
f 7028 7029 7664
f 7029 7095 7030
f 7670 7029 7031
f 7035 6974 6973
f 7033 6974 7035
f 7035 6973 7671
f 7033 7032 7036
f 7036 7037 6974
f 7672 6972 7038
f 7672 7646 6972
f 7673 7039 7041
f 7673 7674 7675
f 7673 7042 7674
f 7041 7042 7673
f 7042 7068 7674
f 7042 7041 5708
f 7042 6904 7068
f 5298 7045 7046
f 7048 6449 6448
f 7048 7062 5297
f 7048 6448 7050
f 7048 7049 7062
f 7049 7055 7063
f 7049 7050 7051
f 7051 7055 7049
f 7054 7053 7056
f 4978 4975 4976
f 4201 7055 7060
f 7060 7054 4975
f 7060 7055 7054
f 4975 7054 7057
f 7064 5297 6010
f 6443 6904 6685
f 5679 6443 6685
f 5679 6685 5298
f 7065 7068 6904
f 6618 5680 6965
f 638 631 640
f 631 5572 625
f 640 631 625
f 5692 3831 7665
f 3831 7014 7665
f 7676 7665 5693
f 3831 7071 7070
f 3831 7070 3865
f 3860 3858 7011
f 3524 3860 7010
f 7074 7024 7011
f 7077 3878 7131
f 7024 3878 7023
f 7023 3878 7078
f 7079 7080 7078
f 7078 7087 7083
f 7023 7082 7084
f 7023 7085 7088
f 7078 5757 5670
f 7677 7091 5757
f 7090 7678 5757
f 7678 7135 5757
f 5757 7092 5670
f 7093 7030 5702
f 7096 7030 7107
f 7096 7107 7099
f 7096 7099 7101
f 7031 7096 7098
f 7099 7679 7102
f 7103 7680 7099
f 7680 7679 7099
f 7106 7104 7099
f 7099 7109 7681
f 7099 7681 7105
f 7099 7107 7109
f 7107 7110 7682
f 7032 7683 7111
f 7032 7112 7113
f 7110 7168 7036
f 7114 5822 7115
f 5705 7041 7040
f 5788 5299 7116
f 7047 7173 5828
f 7684 7117 7118
f 7685 7118 7050
f 7117 7686 7050
f 5790 6462 5716
f 5716 6462 7050
f 6462 7052 7050
f 7052 7056 7053
f 7052 7119 7121
f 7120 7121 3538
f 7121 7122 6450
f 5718 7121 6450
f 5984 5724 7123
f 5983 7124 7179
f 7179 7687 7688
f 5983 7179 7688
f 7687 7181 7397
f 7181 7687 7179
f 7689 7180 7179
f 7179 6513 7690
f 7691 5974 7126
f 7126 7692 7691
f 7126 5729 7692
f 5729 5730 5686
f 5729 7126 5730
f 7126 7128 5730
f 7126 7129 7127
f 3881 7079 7077
f 5758 7693 7092
f 7134 5758 5757
f 7136 7138 7092
f 7694 7137 7092
f 7693 7694 7092
f 7695 7139 7092
f 6457 5547 5703
f 6457 5703 5770
f 7140 7144 7141
f 7143 7146 7141
f 7142 7141 7148
f 5777 7142 7148
f 7145 7696 7141
f 7696 7212 7141
f 7148 6407 7697
f 7698 7154 7148
f 7154 7153 7148
f 7153 7157 7148
f 7148 7157 7699
f 7148 7697 7700
f 7698 7148 7150
f 7148 7147 7151
f 7698 7150 7701
f 7156 6995 6994
f 7157 6994 7658
f 7158 7163 5547
f 7160 7394 7161
f 7162 7161 5547
f 7159 5547 6994
f 7164 7159 6994
f 7702 7392 7394
f 7703 7107 7030
f 7703 7030 7094
f 7704 7705 7107
f 7107 7705 7706
f 7107 7706 7167
f 7217 7224 7707
f 7169 7221 7170
f 5499 7170 5500
f 7708 7171 5501
f 5824 7040 7115
f 5825 5705 7040
f 7709 7234 7233
f 5786 7238 7240
f 7173 7047 5788
f 5828 7173 5829
f 7710 7711 5723
f 7711 7178 5723
f 7712 7245 5723
f 7712 5723 7177
f 7245 7123 5723
f 7126 5974 7125
f 5835 5838 7126
f 7126 7187 7186
f 7185 6464 7187
f 7183 7189 7188
f 7190 7189 7192
f 7189 5798 7713
f 5798 7252 7194
f 7193 5591 5798
f 7193 7194 7196
f 7196 5588 7193
f 7198 7199 7195
f 7198 3886 7199
f 7199 3918 4994
f 7202 7714 6409
f 7202 6409 7203
f 7200 7202 7204
f 7202 7205 7714
f 7714 7205 6467
f 5801 6469 4991
f 7715 7200 7209
f 7200 7715 7716
f 7717 7202 7716
f 7716 7202 7200
f 7208 7200 7199
f 7202 7207 7206
f 4995 3942 7202
f 5809 7270 7211
f 7211 7270 7215
f 7211 7215 7212
f 7212 7215 7216
f 6472 7211 7212
f 7212 7214 6472
f 7212 7696 7213
f 7704 7216 7167
f 7216 7704 7718
f 7216 7718 7141
f 7718 7147 7141
f 7165 7272 7166
f 7272 7218 7166
f 7217 7219 7224
f 7219 7390 7719
f 7219 7719 7222
f 7221 7220 7720
f 7221 7223 7219
f 7221 7226 5813
f 7221 7720 7225
f 7221 5813 7227
f 7221 7169 7223
f 5960 5815 7170
f 7230 7234 7231
f 7234 7721 7235
f 7230 7237 7233
f 7230 7240 7238
f 5787 5706 5786
f 7289 6462 5789
f 6462 7289 7243
f 7242 7119 6462
f 7244 7247 7123
f 7722 7248 7123
f 7723 7722 7123
f 7248 7124 5984
f 5836 7125 7179
f 7183 5798 7189
f 5876 7194 5877
f 5877 7194 7252
f 5876 7196 7194
f 7201 7254 7256
f 7256 7257 7201
f 3991 7258 5845
f 5853 7260 5852
f 7258 7265 7260
f 7260 7724 5852
f 7260 7264 7261
f 7260 5806 7263
f 7260 7262 7724
f 5806 7725 7726
f 5806 7266 7727
f 5806 7727 7267
f 7267 5808 5806
f 7268 7270 7267
f 7267 7270 5809
f 7268 7271 7269
f 7270 7269 7272
f 7272 7215 7270
f 7269 7274 7218
f 7271 7728 7273
f 7274 7729 5969
f 7271 5587 7728
f 7271 7276 5858
f 7278 7282 7281
f 7276 7277 7278
f 7276 7278 5860
f 7276 5860 7730
f 7731 7284 7278
f 7278 7284 7283
f 7286 5825 5826
f 7230 5889 7240
f 5889 7241 7240
f 7732 5920 6483
f 5832 7307 7287
f 7733 7247 7244
f 7291 7246 7247
f 7734 7251 6488
f 6488 7251 5544
f 7251 5798 5837
f 7251 7735 7293
f 7251 7736 7737
f 7251 7294 7736
f 7737 5872 7251
f 7738 7739 5872
f 7740 7253 7741
f 7741 7253 5876
f 7253 5879 7295
f 5879 5903 7295
f 7253 7295 7297
f 7297 7197 7253
f 7297 7254 7197
f 7298 7297 7300
f 7299 7297 7742
f 7743 7255 7254
f 4990 3990 3978
f 7302 7265 7258
f 7303 7267 7727
f 7303 7277 7275
f 7731 7744 7304
f 7731 7304 7284
f 7304 7745 5004
f 6491 7286 6490
f 7230 7229 7320
f 5889 7230 7320
f 7241 7328 5829
f 7241 5915 7328
f 7306 7332 5920
f 7332 7287 5920
f 7288 7290 5832
f 7288 7287 5894
f 7746 6495 7310
f 7747 7311 7308
f 6495 5871 5867
f 7296 5903 7312
f 7341 7748 7297
f 7748 7742 7297
f 7749 7314 5907
f 5907 7314 6491
f 7314 7229 7286
f 7317 7750 7315
f 7314 7749 7317
f 7317 7315 5939
f 7321 7317 7318
f 7317 7321 7314
f 7318 7319 7321
f 7321 7320 7229
f 7321 7229 7314
f 7322 5890 5889
f 7322 7326 7323
f 7329 7336 7287
f 7331 7330 7287
f 7337 7287 5420
f 7337 7751 7752
f 7753 5949 6495
f 7754 7377 7339
f 7312 5903 7339
f 7313 7342 7341
f 7341 7343 7755
f 7313 7373 7345
f 7348 7347 7345
f 7345 7373 7350
f 7352 7345 7351
f 7351 7350 4012
f 7351 4012 7353
f 7357 7356 7359
f 7356 7327 7322
f 7358 7322 5945
f 7327 7325 7322
f 7327 7356 7383
f 7383 7756 7327
f 7756 7328 7327
f 7756 7383 7386
f 7386 5918 7756
f 7386 5919 5918
f 7756 5918 7328
f 5919 7386 7360
f 7360 7387 5946
f 5946 7387 5581
f 5581 7361 7363
f 7363 7362 7364
f 7364 5580 5582
f 7363 7365 5581
f 7364 7366 7663
f 7364 7663 5580
f 7366 5948 7663
f 7366 7369 5948
f 7369 7366 7367
f 7367 7371 7368
f 7369 7368 5948
f 7376 7375 7757
f 7368 7376 6506
f 7371 7374 7376
f 7374 7340 7339
f 7371 7373 7340
f 7340 7373 7313
f 7368 7758 6508
f 7368 6506 7758
f 5949 5580 5948
f 5949 5421 5947
f 5949 7759 5421
f 7374 7377 7379
f 7370 7350 7373
f 7372 4012 7350
f 7380 5957 4071
f 7382 7760 4071
f 7761 7380 5942
f 7381 7383 7380
f 7381 7385 7383
f 7385 7384 7387
f 4031 7361 7388
f 4030 7362 4031
f 7364 4030 5009
f 7384 4071 5014
f 5837 5544 7251
f 5837 5798 7183
f 5837 7249 6476
f 7219 5969 7389
f 7200 7762 7391
f 7200 7204 7762
f 7195 7391 5588
f 7393 7763 5547
f 7763 7764 5547
f 6513 7395 7690
f 5979 7397 7395
f 7688 5981 5983
f 6516 7688 7396
f 5209 1057 6004
f 6004 1061 1064
f 5039 6004 7765
f 5039 7765 5037
f 7398 4201 4269
f 4201 7060 7059
f 4201 7398 7055
f 7398 7061 7063
f 7398 7063 7055
f 5440 5428 6010
f 4202 7401 4206
f 6009 6521 5440
f 6521 7061 7399
f 6521 7399 5440
f 1064 2904 6004
f 2904 5034 6004
f 7403 7765 6004
f 5034 7405 6004
f 7766 4338 7767
f 7766 7406 4338
f 7406 5440 5041
f 4338 7406 5041
f 7407 6034 5561
f 3492 7411 7412
f 3492 4371 7768
f 7412 7411 3510
f 3510 4288 7412
f 3510 7411 7643
f 3510 7643 4374
f 7643 4375 4374
f 7413 7642 5056
f 5056 7642 4947
f 7769 7770 7771
f 7770 7772 7771
f 4381 7771 7413
f 4881 7773 7771
f 7413 7771 7007
f 7007 7774 7414
f 7771 7775 7007
f 4382 4386 6056
f 4412 6037 4409
f 6037 7776 4409
f 6041 7433 4410
f 6041 7416 7433
f 7433 7416 7418
f 6784 7423 7420
f 6528 7424 7426
f 7424 7423 7425
f 7424 7425 7426
f 6048 7427 7424
f 7424 7777 6048
f 7424 7430 7777
f 7427 6046 7428
f 6046 6127 7428
f 7428 6127 7429
f 7429 6127 7461
f 7429 7461 7431
f 7417 7431 7465
f 7465 7431 7460
f 7465 7418 7417
f 7465 7432 7418
f 7432 7465 7466
f 7432 4559 7433
f 7433 4559 4410
f 4410 4409 6041
f 6041 4409 7776
f 7436 6062 7437
f 7437 7439 3500
f 7437 7778 7439
f 7437 7779 7778
f 3500 7440 6140
f 7001 7000 7438
f 7001 7438 7437
f 7002 7780 7642
f 7413 7006 7642
f 7413 7007 7006
f 6537 4600 6066
f 7445 7450 4596
f 7444 7445 4596
f 6147 7447 7445
f 6151 7654 7445
f 7445 7654 7450
f 7654 6151 6153
f 7654 6153 7653
f 7654 442 7450
f 7449 1108 7781
f 7449 7781 6075
f 1108 7449 442
f 7781 1106 6075
f 7452 7449 6075
f 7451 6075 6078
f 7452 7451 7471
f 5092 5082 7450
f 7452 5092 7449
f 7450 5082 4596
f 4600 7444 4596
f 4486 6066 4600
f 6168 4502 4501
f 4502 6168 4467
f 6168 5070 4467
f 4501 6164 6168
f 5070 6168 7453
f 7453 7454 7441
f 7441 7454 7442
f 7454 7456 5069
f 7456 3470 4458
f 7455 3483 7782
f 3470 7456 7455
f 3483 7455 6171
f 3483 6171 3484
f 6094 7409 6543
f 6605 7004 6094
f 7783 5567 6605
f 6094 7481 7411
f 4375 7481 4516
f 4375 7411 7481
f 7457 6201 6552
f 6552 4619 7457
f 7457 4619 4514
f 1180 1179 7416
f 6128 6208 7459
f 7459 7462 7460
f 7459 7461 6127
f 7464 7460 7463
f 7464 7466 7465
f 4648 4559 7432
f 6132 6135 7434
f 6136 7434 6135
f 4595 4592 7784
f 6779 6158 7470
f 6779 6071 6069
f 6159 6238 6078
f 6238 7471 7451
f 7785 7473 6168
f 7474 6556 7453
f 6170 6171 7455
f 7479 7478 7786
f 7787 7786 7788
f 7789 7457 7480
f 6196 6201 7457
f 7458 4635 7790
f 4635 7458 4637
f 7790 7791 7458
f 7484 7790 4633
f 6208 4633 7462
f 7462 7459 6208
f 7463 7486 5089
f 5090 7464 7463
f 5090 4648 7464
f 7463 7487 4646
f 4672 7021 7490
f 4672 7490 5357
f 7490 5513 5357
f 7490 5080 5513
f 7792 7490 7491
f 6254 5514 5140
f 4682 6226 4591
f 6796 1342 7504
f 7504 7493 6796
f 7493 7504 7494
f 7493 7468 6796
f 7468 7495 7496
f 7468 7497 6158
f 7496 6264 7497
f 6264 6157 7497
f 7497 6157 6158
f 7498 4942 6238
f 7511 6255 6254
f 6254 5364 5468
f 6256 7499 5364
f 7499 4921 5364
f 7500 6256 6264
f 7499 6256 7500
f 7500 7496 7501
f 7501 7496 7494
f 7494 7507 7502
f 7496 7495 7494
f 7504 7503 7494
f 1342 1323 2951
f 7503 7506 7510
f 7503 1342 6262
f 6263 6554 7510
f 7510 4682 7793
f 7510 7793 7507
f 7507 4678 7502
f 7510 7507 7503
f 7793 7794 4678
f 7507 7793 4678
f 7508 7795 7509
f 7015 7509 4677
f 7516 5096 7017
f 5096 7516 6561
f 7515 7017 7018
f 7018 7531 7515
f 6562 7796 7513
f 6561 7513 7512
f 6288 7540 7543
f 7542 6567 7519
f 7797 7524 7521
f 7521 7525 7523
f 6184 5557 7521
f 7521 7544 7526
f 7478 6184 7521
f 7786 7478 6329
f 7788 7786 6329
f 6329 6296 7788
f 6309 6308 7798
f 6308 6993 6313
f 6313 6992 6312
f 4748 7562 7528
f 4749 7527 7529
f 7529 7489 4747
f 7532 7533 7531
f 7531 7516 7515
f 7534 7533 7535
f 7517 6319 6560
f 7534 6319 7517
f 6318 7539 7799
f 6585 6320 6563
f 6563 6320 6282
f 6287 2955 7541
f 6323 2955 6287
f 7540 2955 7566
f 7541 7540 6288
f 7540 7566 7568
f 7540 7568 6567
f 6567 7543 7540
f 6567 7800 6292
f 6292 7801 6178
f 6178 7801 6568
f 6178 6568 6180
f 6568 7802 7520
f 2964 7544 7520
f 7544 1374 7526
f 1360 6575 7526
f 7545 6325 7478
f 6326 6325 7545
f 7546 6333 6332
f 7549 7546 6332
f 7547 6335 7546
f 7547 7549 6336
f 6338 7552 6300
f 7549 7554 7555
f 7552 7555 7803
f 7549 7659 6308
f 6998 6800 6997
f 6991 7804 7805
f 6991 6997 7804
f 6988 6991 6805
f 6988 6805 6989
f 6988 6632 7625
f 7625 6388 6988
f 6388 6389 6988
f 6312 6390 7806
f 3346 3353 7558
f 7807 7586 7808
f 7562 4759 7561
f 7528 7530 7529
f 7563 7530 7528
f 7530 7489 7529
f 7530 7021 7489
f 7530 7563 7564
f 7535 7532 7564
f 7535 7564 7601
f 7535 7601 7565
f 7535 7565 7536
f 6318 5341 6585
f 7566 2954 7809
f 6976 7568 7567
f 7810 7568 6976
f 7800 7568 7810
f 7800 6567 7568
f 7810 7801 6292
f 7810 6292 7800
f 7801 7810 7802
f 7802 6568 7801
f 7802 2964 7520
f 2964 1374 7544
f 1374 7569 7526
f 6798 1360 7569
f 6924 6804 6997
f 6927 6810 6933
f 6591 7578 7557
f 7811 6591 7557
f 7812 7811 7557
f 7574 7580 7559
f 7813 7576 7558
f 7576 7559 7558
f 7578 7558 7557
f 7577 7813 7558
f 6365 6369 4760
f 4760 5099 6365
f 7579 7814 7559
f 6365 5099 7814
f 7585 7582 7584
f 4757 7582 4755
f 7586 7560 4759
f 7586 4759 7808
f 7586 7564 7560
f 7560 7564 7561
f 7565 5342 5341
f 7589 7815 7587
f 1390 7567 2963
f 7588 207 6976
f 6975 7810 6976
f 6975 7802 7810
f 6975 206 2965
f 2964 7802 6975
f 7592 6935 7589
f 7815 7816 7587
f 7589 7817 7815
f 7592 6652 6935
f 7592 7818 6652
f 6652 7818 7819
f 7589 7587 7592
f 7818 7592 6933
f 7587 7593 7592
f 5343 7593 7587
f 7591 7593 7610
f 7594 7596 7610
f 7595 5234 7597
f 6368 5234 5233
f 6368 7598 6369
f 7598 6368 3405
f 3407 5233 7581
f 7582 7600 7586
f 7565 7599 5342
f 7594 5342 7602
f 7602 5342 7599
f 7599 7600 7602
f 7595 7594 7602
f 5235 7600 7582
f 5233 5235 7582
f 7594 7610 5343
f 5343 7610 7593
f 5233 3407 6368
f 7820 7609 5234
f 7607 7605 7597
f 7608 7607 6373
f 6373 7607 5234
f 6378 7610 7596
f 7591 6351 7572
f 7591 6378 6351
f 7816 7821 7587
f 6836 6594 6824
f 6831 1383 6937
f 1352 6937 1424
f 6941 2965 206
f 7822 6943 7823
f 1447 7611 6815
f 524 1447 6815
f 7611 6943 7822
f 7824 7825 1447
f 7611 1447 2979
f 7825 7612 1447
f 7613 7826 2979
f 1447 7613 2979
f 6823 2982 6837
f 2982 2983 6837
f 2557 7615 3086
f 3083 2557 3086
f 2810 7022 2560
f 6987 2564 7827
f 7827 2564 7828
f 6380 7618 7620
f 7618 7556 7619
f 7623 6602 6350
f 6385 7624 6350
f 7622 7625 6927
f 6602 7622 7573
f 7625 7627 6963
f 6926 7625 6963
f 7625 6632 7626
f 7829 7628 7556
f 7625 6601 6388
f 7618 6312 6992
f 6350 7573 6351
f 6991 7631 7630
f 6991 7805 7631
f 6997 6993 6308
f 5096 4734 7017
f 4870 4625 7634
f 4870 7634 7635
f 4870 7463 7462
f 4625 4870 7483
f 7637 7638 7483
f 4633 7790 4635
f 7004 7640 7480
f 7480 7641 7830
f 7004 7457 7481
f 7454 5535 7455
f 7454 7453 5535
f 6056 7008 4382
f 6010 7644 6965
f 6965 7644 7645
f 7057 3538 3540
f 6972 7646 6970
f 6973 7831 7671
f 7647 7646 7832
f 7022 6977 7614
f 7652 7833 7648
f 7833 7651 7648
f 7648 6979 202
f 7000 7002 7006
f 7617 6982 6986
f 2791 1144 78
f 7834 7835 5237
f 7836 7837 7834
f 7837 7838 7835
f 6971 7839 6973
f 7839 7840 6973
f 7839 7831 7840
f 5366 5490 5608
f 5490 5624 5608
f 7031 7841 7670
f 6265 6255 4712
f 6870 5288 5287
f 5677 5631 7842
f 7098 6419 6420
f 6420 7841 7098
f 3548 3550 7843
f 5138 4851 3550
f 7844 7845 7846
f 5626 7847 5606
f 7848 5620 5626
f 7849 7850 7848
f 7851 7848 7850
f 7852 7853 7854
f 5617 7853 7852
f 5386 3690 5387
f 7855 7856 7857
f 7858 7670 7859
f 7860 7831 6442
f 7860 7671 7831
f 7852 7034 7671
f 7860 7852 7671
f 6417 7861 7862
f 7863 6417 7864
f 7035 7671 7034
f 7037 7036 7169
f 5483 3694 5474
f 5483 5430 4980
f 4979 3694 5483
f 4980 7865 3789
f 7865 5430 7866
f 7169 7867 7868
f 7169 5499 7037
f 5502 7672 5498
f 5821 7672 5502
f 7869 7870 7871
f 7872 7870 7873
f 7874 7873 7875
f 7873 7876 7877
f 7873 7878 7876
f 7873 7877 7875
f 7093 7879 7880
f 7093 7162 7879
f 7881 7878 7093
f 7093 7393 7392
f 7702 7394 7160
f 7878 7094 7093
f 5702 7882 7093
f 7094 7873 7703
f 7883 7169 7868
f 7884 7223 7169
f 7704 7147 7885
f 7107 7870 7704
f 5213 5215 5214
f 7886 3147 3380
f 7887 3145 3147
f 4262 5026 3145
f 7888 4933 3328
f 5026 3328 3145
f 4888 7866 5430
f 7889 5218 7890
f 5218 4319 7890
f 7890 4319 4318
f 7886 7891 7892
f 7893 5216 7894
f 4289 5445 5447
f 4450 4329 4328
f 5065 7895 4329
f 7896 7897 5065
f 5065 7897 7895
f 4437 5450 4518
f 4947 4437 5056
f 5445 4439 4440
f 4440 5447 5445
f 4440 7898 5447
f 4251 7898 4440
f 7898 7899 5447
f 4451 7900 5065
f 4450 5065 4329
f 7900 7901 5078
f 7900 5078 7902
f 4453 7896 7902
f 7902 7896 7900
f 7900 7896 5065
f 4459 4462 5452
f 5335 5453 2917
f 7903 3530 7904
f 4664 7902 5079
f 5459 5067 5460
f 4462 5462 5461
f 7905 4583 4462
f 4861 4712 6255
f 7548 6801 6800
f 7906 1953 1718
f 1718 7907 7908
f 1718 7909 7910
f 6847 2671 2670
f 7910 2670 1718
f 7911 7912 1718
f 7908 7911 1718
f 3024 7913 7914
f 7915 7916 7917
f 7918 7916 7919
f 7920 7921 7916
f 7917 3024 7922
f 3024 7916 6853
f 7916 7923 6853
f 6860 3064 6855
f 7924 4827 7925
f 7926 7927 7928
f 7928 7927 7929
f 3066 3065 7930
f 7930 3065 7931
f 529 4831 6855
f 7932 7930 7933
f 2461 7934 2459
f 7935 3063 2459
f 2459 7934 7935
f 7935 7934 7936
f 7936 2450 7935
f 7934 7844 7936
f 7844 7937 7936
f 7927 7938 7936
f 7937 7939 7927
f 7937 7940 7941
f 7844 7846 7942
f 7844 7934 7845
f 7845 3547 7943
f 7845 3548 3547
f 7934 3548 7845
f 7944 7945 7930
f 7932 7944 7930
f 7946 7947 7930
f 3065 6860 7923
f 7923 6860 6853
f 7948 7949 7921
f 7950 3075 2531
f 7951 7950 2535
f 477 7952 7953
f 3078 7953 7954
f 7953 7955 7954
f 7956 7957 2571
f 7836 7956 7955
f 7836 5163 7956
f 7955 7953 7837
f 7958 7836 7959
f 7836 7960 5164
f 7960 7834 5311
f 5258 5278 5277
f 5278 5163 5259
f 5163 5278 5280
f 7957 5163 5280
f 5281 7957 5280
f 179 7957 5282
f 7950 2531 7961
f 7961 2535 7950
f 5288 6870 2535
f 7838 2535 6870
f 7962 6870 7963
f 5237 6870 7962
f 7963 6870 5284
f 5284 7964 7963
f 7965 5156 7964
f 5284 6870 5285
f 6958 2528 7966
f 7966 2528 7967
f 7968 2627 7969
f 7970 2627 7968
f 5334 2791 77
f 4439 5445 5450
f 5450 4437 4439
f 5521 5474 3694
f 5474 7971 5029
f 5029 7971 3691
f 3691 5516 3692
f 7839 6970 7647
f 7647 5631 7839
f 5259 7972 7973
f 7974 5631 7975
f 5373 7847 4973
f 2791 5345 1144
f 7834 7837 7835
f 7976 7953 7837
f 7837 7953 7838
f 5490 7977 7847
f 7847 5624 5490
f 4960 5373 3633
f 5606 5373 4960
f 7670 7858 7978
f 7031 7098 7841
f 7121 5471 3538
f 3549 3548 7843
f 3548 5138 3550
f 5626 5624 7847
f 5624 5626 5620
f 5620 7854 7853
f 7848 7979 5620
f 7848 5626 5625
f 5617 7852 5618
f 7980 7859 7981
f 7855 7982 7983
f 7984 7981 7855
f 7855 7670 7841
f 7983 7984 7855
f 7855 7985 7986
f 7855 7841 7985
f 7855 7986 6425
f 7855 7857 5641
f 5642 6428 7982
f 7981 7670 7855
f 7859 7670 7981
f 7098 7987 6417
f 6417 6419 7098
f 6417 7988 7848
f 7988 7989 7848
f 6442 7839 5631
f 7839 6442 7831
f 7860 5618 7852
f 7861 7990 7991
f 7861 6417 7987
f 7988 6417 7863
f 5547 7882 5704
f 7992 7169 7036
f 5499 5498 7038
f 7037 5499 7038
f 5498 7672 7038
f 7869 7993 7870
f 7993 7994 7870
f 7872 7871 7870
f 7874 7872 7873
f 7873 7870 7703
f 7878 7881 7995
f 7877 7876 7996
f 7881 7093 7880
f 7093 7160 7162
f 7881 7880 7997
f 7093 7392 7702
f 7093 7882 7998
f 7093 7998 7393
f 7093 7702 7160
f 7878 7873 7094
f 7883 7884 7169
f 7704 7870 7147
f 7870 7994 7999
f 7107 7703 7870
f 5213 7890 5215
f 3380 5217 7886
f 3147 7886 7887
f 7887 4262 3145
f 4262 4261 5026
f 4888 8000 7866
f 5430 7865 4980
f 4318 8001 7890
f 4329 7893 5221
f 7893 7886 5216
f 7886 7893 7895
f 7887 7886 7897
f 7886 7895 7897
f 4262 7896 4260
f 7896 4262 7887
f 4329 7895 7893
f 7897 7896 7887
f 4334 4260 7896
f 4339 5438 5451
f 4379 4437 4518
f 4379 5056 4437
f 4453 7902 4664
f 4453 4335 4334
f 4453 4334 7896
f 5451 5460 4339
f 4340 5460 5067
f 5461 5067 5459
f 4459 5462 4462
f 7903 3531 3530
f 4545 5076 3531
f 8002 4545 3531
f 4664 8003 4453
f 4454 4582 4453
f 4462 5463 5464
f 5461 5463 4462
f 5464 5465 4462
f 4462 5465 7905
f 5465 5514 7905
f 5140 4861 7511
f 6998 7659 6800
f 7548 6587 6801
f 6587 7548 6348
f 6348 7548 6332
f 1718 1953 7907
f 7909 1718 7912
f 1951 3024 1952
f 3024 7908 7907
f 7922 3024 7914
f 8004 7917 8005
f 7915 7919 7916
f 8005 7917 7922
f 7917 7916 3024
f 6860 6855 6854
f 4829 6855 4827
f 8006 4832 7924
f 7926 7938 7927
f 7929 7927 7939
f 7939 7937 2454
f 7937 7941 2454
f 2454 7941 518
f 7941 7931 518
f 518 7931 7923
f 7931 3065 7923
f 529 6855 3064
f 6855 4831 4827
f 2458 530 7930
f 2461 8007 7934
f 7935 2450 3063
f 7936 2448 2450
f 7936 7937 7927
f 7844 7942 7937
f 7941 7940 7931
f 7940 7930 7931
f 7930 7940 7942
f 2458 7930 7942
f 7846 2458 7942
f 7943 3547 4850
f 3548 7934 5138
f 7942 7940 7937
f 5137 4851 5138
f 7930 7945 7946
f 3065 8008 6860
f 7923 7916 7921
f 7921 7920 8009
f 7921 8009 7948
f 8010 3075 7950
f 7952 2535 7838
f 7952 7838 7953
f 7952 8011 8012
f 477 7953 8013
f 2571 2570 7954
f 2570 3078 7954
f 7955 7956 2571
f 7955 2571 7954
f 7976 7837 7953
f 7956 5163 7957
f 7836 7955 7837
f 5163 7836 7958
f 7960 7836 7834
f 7960 5325 5164
f 5311 7834 5237
f 5163 7972 5259
f 2624 2571 7957
f 179 2624 7957
f 2528 8014 2627
f 2531 3096 7961
f 2531 3074 2626
f 6870 5237 7835
f 6870 7835 7838
f 5284 7965 7964
f 6958 8014 2528
f 7967 2528 3091
f 7967 3091 6865
f 7969 2627 8014
f 7961 3096 7970
f 7961 7970 7968
f 2791 5348 5345
f 5471 7121 5718
f 5521 8015 5474
f 5029 3691 5475
f 5386 8016 3691
f 3691 3690 5386
f 5516 3691 7971
f 5518 5474 8015
f 7839 8017 6970
f 7974 7842 5631
f 7975 5631 8018
f 5373 5606 7847
f 8019 4875 8020
f 8020 4875 8021
f 8021 4875 8022
f 8022 5337 2726
f 7674 5676 7647
f 7674 8023 6445
f 7832 7675 7674
f 7974 5676 7842
f 8024 5676 7974
f 7842 5676 5677
f 8025 8026 8027
f 8028 8029 3826
f 8029 8028 8030
f 8031 8028 7984
f 8032 8028 8033
f 8034 8035 8036
f 8035 8037 8038
f 3765 5703 7664
f 7664 3828 3765
f 7670 8034 7029
f 5398 5531 5496
f 5620 7979 8039
f 7991 8040 8041
f 8041 6417 7991
f 8039 8042 8043
f 8039 7034 7852
f 7673 7646 5821
f 7673 7832 7646
f 8044 6445 8045
f 8046 8044 8047
f 6445 8023 8045
f 5702 5704 7882
f 8048 7097 8049
f 8050 7097 7096
f 7987 7098 7097
f 8051 7097 8052
f 8053 8054 7097
f 8054 8039 7097
f 7682 8042 8055
f 8055 8039 8054
f 7110 8042 7682
f 8056 7992 7036
f 8057 8056 7036
f 7395 8058 8059
f 8060 8061 7181
f 7179 7125 6513
f 7217 7867 8056
f 5705 8062 8063
f 5705 8064 8065
f 5705 8063 8066
f 8067 8068 8066
f 8069 7122 7119
f 7174 8070 6450
f 7174 7176 8070
f 7174 7177 8071
f 8072 7710 5723
f 3887 7257 4989
f 7174 7245 8073
f 7174 8073 8074
f 7124 5546 5545
f 8075 8076 4989
f 3893 3890 3978
f 6487 7309 6488
f 8077 8078 8079
f 7298 8080 7743
f 8081 8082 8076
f 8076 8075 8081
f 8083 8084 8085
f 8084 8076 8085
f 4990 8084 8083
f 8083 7302 4990
f 8083 8086 7302
f 8083 8087 8086
f 8087 8088 8086
f 8089 8090 8087
f 7727 7266 8090
f 8091 8092 8093
f 8092 8094 8093
f 8092 8095 8094
f 8092 7280 8095
f 8096 7744 8097
f 5892 8098 7290
f 8099 8100 8101
f 7309 6487 5893
f 7309 5893 7308
f 8102 8103 8104
f 8105 8102 8106
f 8079 8078 8107
f 8079 8107 8108
f 8081 7743 8079
f 8079 8089 8082
f 8082 8089 8087
f 8109 8091 8090
f 8090 8089 8109
f 8097 8110 7352
f 7352 8096 8097
f 5005 3994 8096
f 5415 7744 3994
f 5415 7304 7744
f 5419 7287 8111
f 7338 5949 8105
f 8105 7753 8102
f 7313 8110 7342
f 8112 7313 8113
f 8114 8115 8112
f 8116 7313 8115
f 7352 8110 7349
f 7349 8110 7313
f 4011 7352 7353
f 8117 8118 8119
f 4011 8119 7352
f 5894 5419 5421
f 8083 8085 8087
f 7246 5866 7248
f 7245 7174 7244
f 5683 5979 6513
f 7396 7688 7397
f 7688 8120 7397
f 4861 6255 7511
f 8121 8122 4836
f 8121 8123 8122
f 8124 8125 4811
f 8124 8126 8127
f 8124 8128 8126
f 4811 8129 8124
f 4811 8130 8129
f 2458 8131 531
f 8131 8132 531
f 8132 4835 5130
f 8132 8133 8125
f 8134 4811 8125
f 8134 7943 4850
f 8135 8136 8134
f 8136 8137 8134
f 7845 7943 8133
f 8133 7846 7845
f 4812 4811 8134
f 8124 8121 8125
f 8125 8121 4836
f 8138 8139 8140
f 8138 8141 8139
f 8138 8142 8141
f 8138 8143 8142
f 8144 8145 8143
f 8145 8027 8143
f 8145 7973 8027
f 7960 5311 8027
f 5260 5259 7973
f 8146 5260 7973
f 7973 7972 8025
f 8147 8148 7973
f 7973 8145 8149
f 8150 8149 8151
f 8147 7973 8150
f 8152 8153 8154
f 8154 8149 8145
f 8145 5268 8154
f 8155 5268 8144
f 8138 8156 8155
f 5321 8157 5268
f 7991 7987 7097
f 3504 8028 6427
f 8022 4875 5337
f 7647 5676 8018
f 8018 5631 8158
f 7674 7647 7832
f 7674 8159 5676
f 3743 8028 3504
f 3828 7664 3826
f 3826 7664 8036
f 3826 8036 8028
f 8036 8160 8161
f 8036 8038 8160
f 8036 7984 8028
f 8162 6428 8031
f 6428 8028 8031
f 3505 3504 6427
f 7664 7669 8034
f 7664 8034 8036
f 8036 8035 8038
f 8163 7029 8034
f 5398 5676 5531
f 5496 8164 5398
f 7854 8039 7852
f 8039 7854 5620
f 8039 7979 7991
f 7979 8040 7991
f 8041 8040 8165
f 7991 7097 8039
f 8039 8043 8166
f 8167 7032 8039
f 8039 8166 8167
f 8039 7032 7034
f 5821 7646 7672
f 7673 7675 7832
f 7673 5821 8168
f 5679 5298 7064
f 7064 5298 5297
f 8047 8044 8045
f 6445 6443 5489
f 8023 7674 7068
f 8169 8049 7097
f 8048 8170 7097
f 8050 8169 7097
f 8170 8052 7097
f 8051 8171 7097
f 8171 8053 7097
f 8055 8042 8039
f 8060 7689 8061
f 8172 5705 5825
f 8173 8174 8172
f 8174 5705 8172
f 5705 8065 8062
f 8063 8062 8175
f 5705 8174 8064
f 8066 5786 5705
f 8066 8068 5786
f 7122 7174 6450
f 6450 8070 8176
f 6450 8177 5723
f 8176 8072 5723
f 7174 8071 7175
f 7704 8178 8179
f 7704 7706 8180
f 8098 7122 8069
f 7246 8181 8182
f 7248 5546 7124
f 8075 7257 7256
f 8075 4989 7257
f 8076 8084 4989
f 8098 7242 7243
f 7122 8098 7733
f 7733 7174 7122
f 8183 7733 8184
f 8184 7733 5866
f 8184 5866 7291
f 5866 5546 7248
f 7733 8098 5865
f 5865 5866 7733
f 8080 8077 8079
f 7743 8080 8079
f 8081 8075 7256
f 8076 8082 8085
f 7302 3990 4990
f 7302 8086 7265
f 8087 7266 7265
f 8087 8090 7266
f 7727 8090 7303
f 8090 8091 7303
f 7303 8091 7277
f 8091 8093 7277
f 8092 8097 7744
f 8092 7744 7731
f 8098 5892 5865
f 8185 8099 8101
f 8100 8105 8186
f 8100 7338 8105
f 5893 8105 7308
f 8106 8102 8104
f 8081 8079 8082
f 8087 8085 8082
f 8079 8187 8109
f 8079 8109 8089
f 8187 8188 8109
f 8109 8092 8091
f 8109 8097 8092
f 8097 8109 8110
f 8109 7342 8110
f 7352 5005 8096
f 8096 3994 7744
f 5005 7352 8119
f 7287 8189 8111
f 5894 7287 5419
f 7338 8100 5894
f 8105 5949 7753
f 8188 7342 8109
f 8113 7313 8190
f 8112 8115 7313
f 8118 5005 8119
f 4011 8117 8119
f 4012 4011 7353
f 8079 7341 8187
f 7246 7291 5866
f 7244 7174 7733
f 5981 7688 6516
f 4836 4835 8125
f 8127 8121 8124
f 8131 8133 8132
f 531 8132 5130
f 8132 8125 4835
f 8133 8134 8125
f 8134 8133 7943
f 4850 8135 8134
f 8137 8191 8192
f 8192 8193 4812
f 8134 8192 4812
f 8134 8137 8192
f 8133 8131 7846
f 8131 2458 7846
f 7960 8027 5325
f 5311 5238 8143
f 5238 8194 8195
f 5240 8143 5238
f 8138 8144 8143
f 8143 5240 8142
f 8027 8026 5325
f 8027 5311 8143
f 8027 7973 8025
f 7973 8148 8146
f 8150 7973 8149
f 8154 8196 8149
f 8154 8153 8196
f 8145 8144 5268
f 8155 8144 8138
f 8155 8156 8197
f 8138 5252 8156
f 8155 8197 8198
f 5268 8155 8199
f 8154 8200 8152
f 5268 8157 8154
f 5268 8199 8201
f 8199 8155 8202
f 5325 8026 5301
f 5676 8024 8018
f 8203 8204 8205
f 8204 8206 8205
f 8207 8208 8209
f 8210 8211 8212
f 8211 8213 8212
f 8214 8215 8216
f 8208 8217 8209
f 8215 8218 8216
f 8218 8219 8216
f 8220 8221 8222
f 8223 8224 8225
f 8226 8227 8228
f 8229 8230 8227
f 8231 8215 8214
f 8232 8233 8234
f 8235 8228 8236
f 8237 8238 8239
f 8240 8241 8238
f 8242 8243 8244
f 8243 8245 8244
f 8246 8247 8248
f 8249 8250 8251
f 8252 8253 8254
f 8255 8256 8257
f 8256 8258 8257
f 8259 8260 8261
f 8262 8263 8260
f 8264 8265 8266
f 8267 8268 8242
f 8269 8270 8271
f 8270 8272 8271
f 8272 8273 8274
f 8275 8276 8277
f 8278 8279 8280
f 8250 8281 8282
f 8283 8284 8282
f 8285 8286 8284
f 8284 8286 8287
f 8286 8288 8287
f 8289 8290 8288
f 8290 8291 8292
f 8291 8293 8292
f 8294 8295 8296
f 8297 8298 8295
f 8299 8300 8301
f 8302 8303 8254
f 8304 8280 8305
f 8306 8307 8279
f 8308 8309 8307
f 8310 8311 8312
f 8311 8255 8312
f 8313 8256 8255
f 8314 8315 8258
f 8315 8316 8317
f 8318 8319 8320
f 8263 8264 8266
f 8321 8322 8323
f 8323 8322 8239
f 8322 8237 8239
f 8237 8240 8238
f 8241 8324 8325
f 8324 8267 8325
f 8268 8243 8242
f 8243 8326 8245
f 8245 8326 8248
f 8246 8327 8247
f 8327 8328 8247
f 8329 8330 8331
f 8330 8332 8333
f 8332 8334 8333
f 8334 8276 8333
f 8333 8276 8275
f 8277 8335 8251
f 8335 8249 8251
f 8336 8291 8290
f 8291 8337 8293
f 8337 8296 8293
f 8338 8253 8252
f 8253 8302 8254
f 8302 8339 8303
f 8339 8340 8303
f 8303 8340 8341
f 8340 8342 8341
f 8342 8343 8341
f 8343 8344 8305
f 8344 8304 8305
f 8306 8308 8307
f 8345 8346 8309
f 8311 8313 8255
f 8264 8321 8265
f 8265 8321 8323
f 8240 8324 8241
f 8324 8268 8267
f 8273 8347 8274
f 8274 8347 8348
f 8286 8289 8288
f 8289 8336 8290
f 8278 8306 8279
f 8256 8314 8258
f 8318 8261 8319
f 8349 8264 8263
f 8348 8329 8331
f 8276 8335 8277
f 8281 8283 8282
f 8283 8285 8284
f 8294 8350 8295
f 8350 8297 8295
f 8297 8351 8298
f 8352 8353 8301
f 8353 8299 8301
f 8342 8344 8343
f 8304 8278 8280
f 8345 8354 8346
f 8316 8355 8317
f 8355 8356 8317
f 8317 8356 8320
f 8356 8318 8320
f 8318 8357 8261
f 8259 8262 8260
f 8328 8358 8269
f 8329 8359 8330
f 8335 8360 8249
f 8337 8361 8296
f 8361 8294 8296
f 8362 8352 8298
f 8299 8252 8300
f 8308 8363 8309
f 8363 8345 8309
f 8354 8364 8310
f 8364 8311 8310
f 8313 8365 8256
f 8314 8366 8315
f 8366 8316 8315
f 8367 8329 8348
f 8291 8368 8337
f 8369 8353 8352
f 8299 8370 8252
f 8370 8338 8252
f 8306 8371 8308
f 8262 8372 8263
f 8372 8349 8263
f 8373 8324 8240
f 8374 8243 8268
f 8243 8375 8326
f 8326 8376 8248
f 8376 8246 8248
f 8377 8272 8270
f 8347 8367 8348
f 8359 8332 8330
f 8378 8335 8276
f 8249 8379 8250
f 8379 8281 8250
f 8380 8289 8286
f 8302 8381 8339
f 8340 8344 8342
f 8304 8382 8278
f 8357 8259 8261
f 8259 8383 8262
f 8383 8372 8262
f 8375 8376 8326
f 8327 8384 8328
f 8384 8358 8328
f 8269 8377 8270
f 8377 8385 8272
f 8385 8273 8272
f 8380 8336 8289
f 8350 8351 8297
f 8338 8386 8253
f 8371 8306 8278
f 8345 8387 8354
f 8388 8313 8311
f 8365 8314 8256
f 8237 8389 8240
f 8389 8373 8240
f 8324 8390 8268
f 8390 8374 8268
f 8376 8391 8246
f 8246 8391 8327
f 8391 8384 8327
f 8336 8392 8291
f 8392 8368 8291
f 8361 8350 8294
f 8351 8362 8298
f 8362 8369 8352
f 8387 8364 8354
f 8388 8365 8313
f 8393 8321 8264
f 8373 8390 8324
f 8385 8394 8273
f 8332 8395 8334
f 8334 8395 8276
f 8395 8378 8276
f 8360 8379 8249
f 8285 8380 8286
f 8370 8386 8338
f 8386 8396 8253
f 8253 8396 8302
f 8396 8381 8302
f 8344 8397 8304
f 8366 8355 8316
f 8393 8322 8321
f 8374 8375 8243
f 8358 8377 8269
f 8394 8347 8273
f 8283 8398 8285
f 8368 8361 8337
f 8353 8370 8299
f 8381 8340 8339
f 8397 8382 8304
f 8371 8363 8308
f 8399 8400 8401
f 8402 8403 8404
f 8405 8399 8406
f 8407 8408 8409
f 8410 8411 8412
f 8413 8414 8415
f 8416 8417 8418
f 8419 8420 8406
f 8421 8405 8406
f 8422 8407 8401
f 8409 8423 8424
f 8425 8412 8426
f 8427 8415 8428
f 8429 8430 8417
f 8431 8432 8404
f 8400 8433 8401
f 8434 8419 8403
f 8420 8421 8406
f 8405 8435 8399
f 8399 8436 8400
f 8433 8437 8401
f 8437 8422 8401
f 8423 8438 8424
f 8424 8439 8440
f 8439 8441 8440
f 8441 8426 8440
f 8425 8442 8412
f 8416 8443 8417
f 8432 8444 8404
f 8444 8445 8404
f 8404 8445 8402
f 8442 8446 8412
f 8412 8446 8410
f 8447 8448 8411
f 8448 8428 8411
f 8427 8449 8415
f 8449 8413 8415
f 8414 8450 8418
f 8443 8451 8417
f 8451 8452 8417
f 8452 8429 8417
f 8430 8453 8454
f 8453 8455 8454
f 8454 8456 8457
f 8457 8458 8431
f 8458 8459 8431
f 8459 8460 8431
f 8460 8432 8431
f 8461 8408 8407
f 8438 8439 8424
f 8435 8462 8399
f 8462 8436 8399
f 8441 8463 8426
f 8463 8464 8426
f 8419 8465 8420
f 8409 8466 8423
f 8464 8425 8426
f 8467 8442 8425
f 8410 8468 8411
f 8468 8447 8411
f 8469 8449 8427
f 8449 8470 8413
f 8413 8471 8414
f 8471 8450 8414
f 8450 8472 8418
f 8418 8472 8416
f 8473 8429 8452
f 8474 8453 8430
f 8474 8455 8453
f 8455 8456 8454
f 8436 8475 8400
f 8475 8433 8400
f 8476 8437 8433
f 8422 8477 8407
f 8477 8461 8407
f 8408 8466 8409
f 8446 8468 8410
f 8478 8460 8459
f 8421 8479 8405
f 8405 8480 8435
f 8475 8481 8433
f 8438 8482 8439
f 8439 8483 8441
f 8484 8446 8442
f 8448 8485 8428
f 8428 8485 8427
f 8486 8459 8458
f 8420 8487 8421
f 8435 8480 8462
f 8481 8476 8433
f 8476 8488 8437
f 8488 8422 8437
f 8483 8463 8441
f 8469 8489 8449
f 8470 8490 8413
f 8490 8471 8413
f 8471 8491 8450
f 8491 8492 8450
f 8492 8472 8450
f 8416 8493 8443
f 8451 8494 8452
f 8494 8473 8452
f 8429 8495 8430
f 8495 8474 8430
f 8455 8496 8456
f 8496 8457 8456
f 8457 8497 8458
f 8445 8498 8402
f 8499 8468 8446
f 8485 8469 8427
f 8489 8470 8449
f 8497 8486 8458
f 8500 8432 8460
f 8432 8501 8444
f 8434 8502 8419
f 8502 8465 8419
f 8479 8480 8405
f 8482 8483 8439
f 8503 8467 8425
f 8467 8484 8442
f 8447 8504 8448
f 8493 8505 8443
f 8443 8505 8451
f 8486 8478 8459
f 8478 8500 8460
f 8501 8445 8444
f 8402 8506 8403
f 8506 8434 8403
f 8487 8507 8421
f 8507 8479 8421
f 8488 8508 8422
f 8508 8477 8422
f 8423 8509 8438
f 8509 8510 8438
f 8510 8482 8438
f 8484 8499 8446
f 8511 8485 8448
f 8512 8502 8434
f 8513 8466 8408
f 8464 8503 8425
f 8490 8514 8471
f 8514 8515 8471
f 8516 8492 8491
f 8492 8517 8472
f 8517 8416 8472
f 8518 8493 8416
f 8505 8494 8451
f 8494 8519 8473
f 8473 8520 8429
f 8520 8495 8429
f 8521 8455 8474
f 8522 8496 8455
f 8496 8523 8457
f 8523 8497 8457
f 8506 8512 8434
f 8480 8524 8462
f 8524 8436 8462
f 8525 8481 8475
f 8461 8526 8408
f 8526 8513 8408
f 8527 8464 8463
f 8468 8528 8447
f 8528 8504 8447
f 8489 8529 8470
f 8515 8491 8471
f 8500 8530 8432
f 8530 8501 8432
f 8498 8531 8402
f 8532 8506 8402
f 8465 8533 8420
f 8533 8487 8420
f 8479 8534 8480
f 8481 8535 8476
f 8508 8536 8477
f 8536 8461 8477
f 8466 8537 8423
f 8537 8509 8423
f 8538 8463 8483
f 8503 8539 8467
f 8539 8484 8467
f 8499 8540 8468
f 8540 8528 8468
f 8504 8541 8448
f 8541 8511 8448
f 8511 8542 8485
f 8543 8521 8474
f 8497 8544 8486
f 8530 8545 8501
f 8482 8538 8483
f 8469 8529 8489
f 8529 8490 8470
f 8515 8546 8491
f 8546 8516 8491
f 8517 8518 8416
f 8547 8519 8494
f 8519 8548 8473
f 8548 8520 8473
f 8520 8543 8495
f 8543 8474 8495
f 8521 8522 8455
f 8523 8549 8497
f 8531 8532 8402
f 8532 8550 8506
f 8550 8512 8506
f 8533 8551 8487
f 8487 8551 8507
f 8524 8552 8436
f 8552 8475 8436
f 8553 8525 8475
f 8535 8554 8476
f 8554 8488 8476
f 8536 8526 8461
f 8537 8555 8509
f 8509 8555 8510
f 8527 8556 8464
f 8464 8557 8503
f 8518 8558 8493
f 8505 8547 8494
f 8501 8559 8445
f 8559 8560 8445
f 8445 8560 8498
f 8560 8531 8498
f 8534 8524 8480
f 8552 8553 8475
f 8525 8535 8481
f 8554 8508 8488
f 8538 8527 8463
f 8556 8557 8464
f 8561 8562 8484
f 8484 8562 8499
f 8562 8540 8499
f 8541 8542 8511
f 8542 8563 8485
f 8485 8563 8469
f 8544 8564 8486
f 8486 8564 8478
f 8502 8533 8465
f 8507 8534 8479
f 8513 8565 8466
f 8565 8537 8466
f 8510 8566 8482
f 8566 8538 8482
f 8557 8539 8503
f 8528 8541 8504
f 8558 8567 8493
f 8493 8567 8505
f 8567 8547 8505
f 8522 8523 8496
f 8555 8566 8510
f 8539 8561 8484
f 8492 8518 8517
f 8547 8548 8519
f 8549 8544 8497
f 8545 8559 8501
f 8563 8529 8469
f 8568 8569 8570
f 8569 8571 8570
f 8571 8572 8570
f 8570 8572 8573
f 8572 8574 8573
f 8574 8575 8573
f 8573 8575 8576
f 8575 8577 8576
f 8577 8578 8576
f 8576 8578 8579
f 8578 8580 8579
f 8580 8581 8579
f 8579 8581 8582
f 8581 8583 8582
f 8583 8584 8582
f 8582 8584 8585
f 8584 8586 8585
f 8586 8587 8585
f 8585 8587 8588
f 8587 8589 8588
f 8589 8206 8588
f 8588 8206 8590
f 8206 8204 8590
f 8590 8204 8591
f 8204 8203 8591
f 8203 8592 8591
f 8591 8592 8593
f 8592 8594 8593
f 8593 8594 8595
f 8594 8596 8595
f 8596 8597 8595
f 8595 8597 8598
f 8597 8599 8598
f 8598 8599 8600
f 8599 8601 8600
f 8600 8601 8602
f 8601 8603 8602
f 8603 8604 8602
f 8602 8604 8605
f 8604 8606 8605
f 8605 8606 8607
f 8607 8606 8608
f 8606 8609 8608
f 8609 8610 8608
f 8608 8610 8611
f 8610 8612 8611
f 8611 8612 8613
f 8612 8224 8613
f 8224 8223 8613
f 8225 8614 8223
f 8223 8614 8615
f 8615 8614 8616
f 8614 8233 8616
f 8616 8233 8232
f 8232 8234 8617
f 8234 8618 8617
f 8617 8618 8619
f 8618 8217 8619
f 8217 8208 8619
f 8619 8208 8620
f 8208 8207 8620
f 8620 8207 8621
f 8207 8221 8621
f 8621 8221 8622
f 8221 8220 8622
f 8622 8220 8623
f 8220 8222 8623
f 8623 8222 8624
f 8222 8625 8624
f 8624 8625 8626
f 8625 8627 8626
f 8626 8627 8628
f 8627 8629 8628
f 8628 8629 8630
f 8629 8219 8630
f 8219 8218 8630
f 8218 8215 8631
f 8631 8215 8632
f 8215 8231 8632
f 8632 8231 8633
f 8231 8634 8633
f 8633 8634 8635
f 8634 8636 8635
f 8636 8213 8635
f 8635 8213 8637
f 8213 8211 8637
f 8637 8211 8638
f 8211 8210 8638
f 8210 8639 8638
f 8638 8639 8640
f 8640 8639 8641
f 8639 8642 8641
f 8642 8643 8641
f 8641 8643 8644
f 8643 8645 8644
f 8645 8646 8644
f 8644 8646 8229
f 8646 8230 8229
f 8229 8227 8226
f 8228 8235 8226
f 8235 8236 8647
f 8236 8648 8647
f 8648 8649 8647
f 8649 8650 8647
f 8647 8650 8651
f 8650 8652 8651
f 8652 8653 8651
f 8651 8653 8568
f 8653 8654 8568
f 8654 8569 8568
f 8655 8656 8282
f 8282 8656 8250
f 8656 8657 8250
f 8250 8657 8251
f 8657 8658 8251
f 8251 8658 8277
f 8658 8659 8277
f 8277 8659 8275
f 8659 8660 8275
f 8275 8660 8333
f 8333 8660 8330
f 8660 8661 8330
f 8661 8662 8330
f 8330 8662 8331
f 8662 8663 8331
f 8331 8663 8348
f 8663 8664 8348
f 8348 8664 8274
f 8664 8665 8274
f 8274 8665 8272
f 8665 8666 8272
f 8272 8666 8271
f 8666 8667 8271
f 8271 8667 8269
f 8667 8668 8269
f 8269 8668 8328
f 8668 8669 8328
f 8328 8669 8247
f 8669 8670 8247
f 8670 8671 8247
f 8247 8671 8248
f 8671 8672 8248
f 8248 8672 8245
f 8672 8673 8245
f 8245 8673 8244
f 8244 8673 8242
f 8673 8674 8242
f 8242 8674 8267
f 8674 8675 8267
f 8267 8675 8325
f 8675 8676 8325
f 8325 8676 8241
f 8676 8677 8241
f 8241 8677 8238
f 8677 8678 8238
f 8238 8678 8239
f 8239 8678 8323
f 8678 8679 8323
f 8323 8679 8265
f 8679 8680 8265
f 8265 8680 8266
f 8680 8681 8266
f 8266 8681 8263
f 8263 8681 8260
f 8681 8682 8260
f 8260 8682 8261
f 8682 8683 8261
f 8261 8683 8319
f 8683 8684 8319
f 8319 8684 8320
f 8684 8685 8320
f 8320 8685 8317
f 8685 8686 8317
f 8317 8686 8315
f 8686 8687 8315
f 8315 8687 8258
f 8258 8687 8257
f 8687 8688 8257
f 8257 8688 8255
f 8688 8689 8255
f 8255 8689 8312
f 8312 8689 8310
f 8689 8690 8310
f 8310 8690 8354
f 8690 8691 8354
f 8354 8691 8346
f 8691 8692 8346
f 8346 8692 8309
f 8692 8693 8309
f 8693 8694 8309
f 8309 8694 8307
f 8694 8695 8307
f 8307 8695 8279
f 8695 8696 8279
f 8279 8696 8280
f 8696 8697 8280
f 8280 8697 8305
f 8697 8698 8305
f 8305 8698 8343
f 8698 8699 8343
f 8343 8699 8341
f 8699 8700 8341
f 8341 8700 8303
f 8700 8701 8303
f 8303 8701 8254
f 8701 8702 8254
f 8702 8703 8254
f 8254 8703 8252
f 8703 8704 8252
f 8252 8704 8300
f 8704 8705 8300
f 8300 8705 8301
f 8705 8706 8301
f 8301 8706 8352
f 8706 8707 8352
f 8352 8707 8298
f 8707 8708 8298
f 8298 8708 8295
f 8295 8708 8296
f 8708 8709 8296
f 8296 8709 8293
f 8709 8710 8293
f 8710 8711 8293
f 8293 8711 8292
f 8711 8712 8292
f 8292 8712 8290
f 8712 8713 8290
f 8290 8713 8288
f 8713 8714 8288
f 8288 8714 8287
f 8714 8715 8287
f 8287 8715 8284
f 8715 8655 8284
f 8284 8655 8282
f 8657 8716 8658
f 8716 8659 8658
f 8717 8661 8660
f 8566 8663 8662
f 8718 8668 8667
f 8672 8719 8673
f 8673 8720 8674
f 8720 8675 8674
f 8675 8721 8676
f 8681 8722 8682
f 8686 8723 8687
f 8687 8724 8688
f 8724 8689 8688
f 8694 8725 8695
f 8725 8696 8695
f 8726 8697 8696
f 8520 8698 8697
f 8727 8699 8698
f 8728 8700 8699
f 8547 8701 8700
f 8567 8702 8701
f 8558 8703 8702
f 8518 8704 8703
f 8729 8705 8704
f 8730 8706 8705
f 8731 8707 8706
f 8732 8708 8707
f 8529 8710 8709
f 8733 8713 8712
f 8541 8714 8713
f 8734 8715 8714
f 8562 8656 8655
f 8685 8735 8686
f 8665 8565 8666
f 8656 8557 8657
f 8557 8716 8657
f 8716 8556 8659
f 8556 8527 8659
f 8659 8527 8660
f 8527 8717 8660
f 8717 8538 8661
f 8661 8566 8662
f 8566 8555 8663
f 8663 8537 8664
f 8664 8537 8665
f 8537 8565 8665
f 8565 8513 8666
f 8666 8513 8667
f 8513 8718 8667
f 8718 8736 8668
f 8668 8736 8669
f 8736 8554 8669
f 8669 8554 8670
f 8670 8554 8671
f 8554 8535 8671
f 8671 8535 8672
f 8535 8719 8672
f 8719 8553 8673
f 8553 8720 8673
f 8720 8737 8675
f 8737 8721 8675
f 8721 8524 8676
f 8676 8507 8677
f 8677 8507 8678
f 8678 8533 8679
f 8679 8533 8680
f 8680 8512 8681
f 8512 8722 8681
f 8722 8532 8682
f 8532 8531 8682
f 8682 8531 8683
f 8531 8738 8683
f 8683 8738 8684
f 8738 8560 8684
f 8684 8560 8685
f 8560 8559 8685
f 8559 8735 8685
f 8735 8530 8686
f 8686 8530 8723
f 8724 8564 8689
f 8564 8544 8689
f 8544 8690 8689
f 8690 8692 8691
f 8692 8521 8693
f 8693 8521 8694
f 8725 8726 8696
f 8726 8520 8697
f 8520 8727 8698
f 8727 8728 8699
f 8728 8547 8700
f 8547 8567 8701
f 8567 8558 8702
f 8558 8518 8703
f 8518 8729 8704
f 8729 8730 8705
f 8730 8546 8706
f 8546 8731 8706
f 8731 8515 8707
f 8515 8732 8707
f 8732 8490 8708
f 8708 8529 8709
f 8529 8739 8710
f 8739 8542 8710
f 8710 8542 8711
f 8711 8542 8712
f 8542 8733 8712
f 8733 8541 8713
f 8541 8734 8714
f 8734 8540 8715
f 8540 8562 8715
f 8715 8562 8655
f 8562 8561 8656
f 8661 8538 8566
f 8490 8529 8708
f 8740 8741 8569
f 8569 8741 8571
f 8741 8742 8571
f 8571 8742 8572
f 8572 8742 8574
f 8742 8743 8574
f 8574 8743 8575
f 8575 8743 8577
f 8743 8744 8577
f 8577 8744 8578
f 8744 8745 8578
f 8745 8746 8578
f 8578 8746 8580
f 8580 8746 8581
f 8746 8747 8581
f 8747 8748 8581
f 8581 8748 8583
f 8583 8748 8584
f 8748 8749 8584
f 8584 8749 8586
f 8586 8749 8587
f 8749 8750 8587
f 8750 8751 8587
f 8587 8751 8589
f 8751 8752 8589
f 8589 8752 8206
f 8752 8753 8206
f 8206 8753 8205
f 8205 8753 8203
f 8753 8754 8203
f 8754 8755 8203
f 8203 8755 8592
f 8755 8756 8592
f 8592 8756 8594
f 8756 8757 8594
f 8594 8757 8596
f 8596 8757 8597
f 8757 8758 8597
f 8597 8758 8599
f 8758 8759 8599
f 8759 8760 8599
f 8599 8760 8601
f 8760 8761 8601
f 8601 8761 8603
f 8761 8762 8603
f 8603 8762 8604
f 8762 8763 8604
f 8604 8763 8606
f 8763 8764 8606
f 8606 8764 8609
f 8764 8765 8609
f 8609 8765 8610
f 8610 8765 8612
f 8765 8766 8612
f 8612 8766 8224
f 8766 8767 8224
f 8767 8768 8224
f 8224 8768 8225
f 8768 8769 8225
f 8225 8769 8614
f 8769 8770 8614
f 8614 8770 8233
f 8770 8771 8233
f 8771 8772 8233
f 8233 8772 8234
f 8772 8773 8234
f 8234 8773 8618
f 8773 8774 8618
f 8618 8774 8217
f 8774 8775 8217
f 8775 8776 8217
f 8217 8776 8209
f 8209 8776 8207
f 8776 8777 8207
f 8777 8778 8207
f 8207 8778 8221
f 8778 8779 8221
f 8221 8779 8222
f 8779 8780 8222
f 8222 8780 8625
f 8780 8781 8625
f 8625 8781 8627
f 8781 8782 8627
f 8627 8782 8629
f 8782 8783 8629
f 8629 8783 8219
f 8783 8784 8219
f 8219 8784 8216
f 8784 8785 8216
f 8216 8785 8214
f 8785 8786 8214
f 8214 8786 8231
f 8786 8787 8231
f 8231 8787 8634
f 8787 8788 8634
f 8634 8788 8636
f 8788 8789 8636
f 8636 8789 8213
f 8213 8789 8212
f 8789 8790 8212
f 8212 8790 8210
f 8790 8791 8210
f 8210 8791 8639
f 8791 8792 8639
f 8639 8792 8642
f 8792 8793 8642
f 8642 8793 8643
f 8793 8794 8643
f 8794 8795 8643
f 8643 8795 8645
f 8645 8795 8646
f 8795 8796 8646
f 8796 8797 8646
f 8646 8797 8230
f 8230 8797 8227
f 8797 8798 8227
f 8798 8799 8227
f 8227 8799 8228
f 8799 8800 8228
f 8228 8800 8236
f 8800 8801 8236
f 8801 8802 8236
f 8236 8802 8648
f 8802 8803 8648
f 8648 8803 8649
f 8803 8804 8649
f 8649 8804 8650
f 8804 8805 8650
f 8650 8805 8652
f 8805 8806 8652
f 8652 8806 8653
f 8653 8806 8654
f 8806 8807 8654
f 8654 8807 8569
f 8807 8740 8569
f 8404 8403 8431
f 8403 8419 8431
f 8431 8419 8406
f 8406 8399 8431
f 8399 8401 8431
f 8401 8407 8431
f 8407 8409 8431
f 8431 8409 8424
f 8424 8440 8431
f 8431 8440 8426
f 8431 8426 8412
f 8412 8411 8431
f 8431 8411 8428
f 8428 8415 8431
f 8415 8414 8431
f 8431 8414 8418
f 8431 8418 8417
f 8431 8417 8430
f 8430 8454 8431
f 8454 8457 8431
f 8619 8568 8570
f 8651 8568 8619
f 8647 8651 8619
f 8235 8647 8619
f 8226 8235 8619
f 8229 8226 8619
f 8644 8229 8619
f 8619 8641 8644
f 8640 8641 8619
f 8619 8638 8640
f 8635 8637 8619
f 8619 8637 8638
f 8633 8635 8619
f 8632 8633 8619
f 8631 8632 8619
f 8630 8218 8619
f 8619 8218 8631
f 8628 8630 8619
f 8626 8628 8619
f 8623 8624 8619
f 8619 8624 8626
f 8622 8623 8619
f 8620 8621 8619
f 8619 8621 8622
f 8232 8617 8619
f 8616 8232 8619
f 8615 8616 8619
f 8223 8615 8619
f 8611 8613 8619
f 8619 8613 8223
f 8608 8611 8619
f 8607 8608 8619
f 8602 8605 8619
f 8619 8605 8607
f 8598 8600 8619
f 8619 8600 8602
f 8619 8595 8598
f 8591 8593 8619
f 8619 8593 8595
f 8590 8591 8619
f 8588 8590 8619
f 8619 8585 8588
f 8582 8585 8619
f 8579 8582 8619
f 8576 8579 8619
f 8619 8573 8576
f 8619 8570 8573
f 8283 8281 8740
f 8740 8281 8741
f 8281 8379 8741
f 8741 8379 8742
f 8379 8360 8742
f 8742 8360 8743
f 8360 8335 8743
f 8335 8378 8743
f 8378 8395 8743
f 8743 8395 8744
f 8744 8395 8745
f 8395 8332 8745
f 8332 8359 8745
f 8745 8359 8746
f 8746 8359 8747
f 8359 8329 8747
f 8747 8329 8748
f 8329 8367 8748
f 8367 8347 8748
f 8748 8347 8749
f 8347 8394 8749
f 8749 8394 8750
f 8394 8385 8750
f 8750 8385 8751
f 8385 8377 8751
f 8751 8377 8752
f 8377 8358 8752
f 8752 8358 8753
f 8753 8358 8754
f 8358 8384 8754
f 8754 8384 8755
f 8384 8391 8755
f 8755 8391 8756
f 8391 8376 8756
f 8756 8376 8757
f 8376 8375 8757
f 8757 8375 8758
f 8375 8374 8758
f 8758 8374 8759
f 8759 8374 8760
f 8374 8390 8760
f 8760 8390 8761
f 8390 8373 8761
f 8761 8373 8762
f 8762 8373 8763
f 8373 8389 8763
f 8763 8389 8764
f 8389 8237 8764
f 8237 8322 8764
f 8764 8322 8765
f 8765 8322 8766
f 8322 8393 8766
f 8393 8264 8766
f 8766 8264 8767
f 8264 8349 8767
f 8767 8349 8768
f 8349 8372 8768
f 8768 8372 8769
f 8372 8383 8769
f 8769 8383 8770
f 8383 8259 8770
f 8770 8259 8771
f 8259 8357 8771
f 8771 8357 8772
f 8357 8318 8772
f 8772 8318 8773
f 8318 8356 8773
f 8773 8356 8774
f 8356 8355 8774
f 8774 8355 8775
f 8355 8366 8775
f 8775 8366 8776
f 8366 8314 8776
f 8776 8314 8777
f 8314 8365 8777
f 8777 8365 8778
f 8365 8388 8778
f 8778 8388 8779
f 8388 8311 8779
f 8311 8364 8779
f 8779 8364 8780
f 8364 8387 8780
f 8780 8387 8781
f 8387 8345 8781
f 8781 8345 8782
f 8345 8363 8782
f 8782 8363 8783
f 8363 8371 8783
f 8783 8371 8784
f 8784 8371 8785
f 8371 8278 8785
f 8785 8278 8786
f 8278 8382 8786
f 8786 8382 8787
f 8382 8397 8787
f 8787 8397 8788
f 8397 8344 8788
f 8788 8344 8789
f 8344 8340 8789
f 8789 8340 8790
f 8340 8381 8790
f 8790 8381 8791
f 8381 8396 8791
f 8791 8396 8792
f 8396 8386 8792
f 8386 8370 8792
f 8792 8370 8793
f 8793 8370 8794
f 8370 8353 8794
f 8794 8353 8795
f 8795 8353 8796
f 8353 8369 8796
f 8369 8362 8796
f 8796 8362 8797
f 8797 8362 8798
f 8362 8351 8798
f 8351 8350 8798
f 8798 8350 8799
f 8350 8361 8799
f 8799 8361 8800
f 8800 8361 8801
f 8361 8368 8801
f 8801 8368 8802
f 8368 8392 8802
f 8802 8392 8803
f 8803 8392 8804
f 8392 8336 8804
f 8804 8336 8805
f 8336 8380 8805
f 8805 8380 8806
f 8380 8285 8806
f 8806 8285 8807
f 8285 8398 8807
f 8398 8283 8807
f 8807 8283 8740
f 8561 8539 8656
f 8656 8539 8557
f 8557 8556 8716
f 8527 8538 8717
f 8555 8537 8663
f 8513 8526 8718
f 8526 8536 8718
f 8718 8536 8736
f 8536 8508 8736
f 8736 8508 8554
f 8535 8525 8719
f 8719 8525 8553
f 8553 8552 8720
f 8720 8552 8737
f 8552 8524 8737
f 8737 8524 8721
f 8524 8534 8676
f 8534 8507 8676
f 8507 8551 8678
f 8551 8533 8678
f 8533 8502 8680
f 8502 8512 8680
f 8512 8550 8722
f 8550 8532 8722
f 8531 8560 8738
f 8559 8545 8735
f 8735 8545 8530
f 8530 8500 8723
f 8723 8500 8687
f 8687 8500 8724
f 8500 8478 8724
f 8478 8564 8724
f 8544 8549 8690
f 8549 8523 8690
f 8690 8523 8692
f 8523 8522 8692
f 8692 8522 8521
f 8694 8521 8725
f 8521 8543 8725
f 8725 8543 8726
f 8543 8520 8726
f 8520 8548 8727
f 8727 8548 8728
f 8548 8547 8728
f 8518 8492 8729
f 8492 8516 8729
f 8729 8516 8730
f 8516 8546 8730
f 8546 8515 8731
f 8515 8514 8732
f 8732 8514 8490
f 8529 8563 8739
f 8563 8542 8739
f 8542 8541 8733
f 8541 8528 8734
f 8734 8528 8540
