# Stone Lantern optimized for Cats vs Demons
v 9.788900375366211 -6.747700214385986 13.46399974822998
v 9.938899993896484 -5.3557000160217285 12.574000358581543
v 9.622900009155273 -5.817699909210205 13.934000015258789
v 9.760899543762207 -7.563700199127197 13.869999885559082
v 9.544899940490723 -7.205699920654297 14.588000297546387
v 9.990900039672852 -7.01170015335083 12.539999961853027
v 9.562899589538574 -5.331699848175049 14.381999969482422
v 9.96090030670166 -6.445700168609619 12.088000297546387
v 9.47089958190918 -6.639699935913086 15.208000183105469
v 9.604900360107422 -7.879700183868408 14.166000366210938
v 9.880900382995605 -5.883699893951416 12.105999946594238
v 9.916899681091309 -3.147700071334839 12.96399974822998
v 9.308899879455566 -7.741700172424316 15.02400016784668
v 9.416899681091309 -7.173699855804443 15.119999885559082
v 9.520899772644043 -8.507699966430664 13.824000358581543
v 9.784899711608887 -8.151700019836426 12.850000381469727
v 9.998900413513184 -1.9457000494003296 -7.5
v 9.998900413513184 -0.001699449960142374 -7.5
v 9.998900413513184 -0.24369999766349792 -7.0320000648498535
v 9.998900413513184 1.9443000555038452 -7.5
v 9.998900413513184 1.458299994468689 -7.0320000648498535
v 9.988900184631348 1.4563000202178955 13.069999694824219
v 9.998900413513184 -0.001699449960142374 12.604000091552734
v 9.998900413513184 0.4383000135421753 12.119999885559082
v 9.996899604797363 -7.427700042724609 12.069999694824219
v 9.998900413513184 2.364300012588501 12.071999549865723
v 9.992899894714355 2.428299903869629 13.071999549865723
v 9.866900444030762 -4.413700103759766 12.633999824523926
v 9.546899795532227 -4.405700206756592 16.393999099731445
v 9.066900253295898 -8.359700202941895 14.92199993133545
v 9.618900299072266 -4.387700080871582 14.428000450134277
v 9.126899719238281 -7.64769983291626 15.894000053405762
v 8.950900077819824 -8.169699668884277 15.562000274658203
v 8.944899559020996 -9.0177001953125 14.11400032043457
v 9.818900108337402 -4.7316999435424805 12.093999862670898
v 9.160900115966797 -7.00570011138916 16.805999755859375
v 8.6628999710083 -8.725700378417969 15.255999565124512
v 9.860899925231934 -7.931700229644775 12.442000389099121
v 9.806900024414062 -4.035699844360352 12.092000007629395
v 9.910900115966797 -3.1737000942230225 12.39799976348877
v 9.764900207519531 -2.883699893951416 14.402000427246094
v 8.864899635314941 -8.05370044708252 16.27400016784668
v 8.638899803161621 -8.473699569702148 15.972000122070312
v 8.628899574279785 -9.115699768066406 14.395999908447266
v 9.360899925231934 -5.793700218200684 17.288000106811523
v 8.458900451660156 -8.73169994354248 15.793999671936035
v 8.018899917602539 -9.179699897766113 15.336000442504883
v 9.606900215148926 -8.61970043182373 12.979999542236328
v 8.488900184631348 -8.371700286865234 16.58799934387207
v 8.934900283813477 -7.49370002746582 17.233999252319336
v 8.932900428771973 -9.40369987487793 13.246000289916992
v 8.126899719238281 -9.399700164794922 14.342000007629395
v 9.724900245666504 -8.513699531555176 12.369999885559082
v 9.94890022277832 -8.15369987487793 12.104000091552734
v 9.69890022277832 -2.9856998920440674 16.389999389648438
v 8.998900413513184 -7.221700191497803 17.690000534057617
v 9.366900444030762 -9.011699676513672 12.894000053405762
v 8.628899574279785 -9.531700134277344 13.434000015258789
v 9.516900062561035 -8.917699813842773 12.321999549865723
v 9.626899719238281 -2.501699924468994 15.968000411987305
v 9.38290023803711 -5.739699840545654 18.233999252319336
v 8.430899620056152 -8.317700386047363 17.17799949645996
v 8.67490005493164 -7.947700023651123 17.40999984741211
v 7.754899978637695 -8.997699737548828 16.275999069213867
v 7.570899963378906 -9.579700469970703 14.394000053405762
v 8.406900405883789 -9.705699920654297 13.100000381469727
v 9.826899528503418 -8.519700050354004 12.140000343322754
v 9.726900100708008 -1.8676999807357788 15.317999839782715
v 9.614899635314941 -3.891700029373169 17.775999069213867
v 9.922900199890137 -1.6196999549865723 13.140000343322754
v 8.78689956665039 -7.673699855804443 17.93400001525879
v 7.156899929046631 -9.329700469970703 15.90999984741211
v 9.88290023803711 -2.8477001190185547 12.116000175476074
v 9.190899848937988 -1.767699956893921 16.172000885009766
v 9.106900215148926 -6.989699840545654 18.77400016784668
v 8.4128999710083 -8.23169994354248 17.809999465942383
v 7.268899917602539 -9.79170036315918 13.85200023651123
v 9.47089958190918 -1.323699951171875 15.767999649047852
v 8.876899719238281 -1.9097000360488892 16.645999908447266
v 9.288900375366211 -2.1777000427246094 16.711999893188477
v 9.338899612426758 -2.205699920654297 16.420000076293945
v 9.456899642944336 -4.563700199127197 18.437999725341797
v 9.682900428771973 -0.03769969940185547 14.869999885559082
v 7.512899875640869 -9.02970027923584 16.916000366210938
v 8.874899864196777 -7.507699966430664 18.538000106811523
v 7.220900058746338 -9.215700149536133 16.496000289916992
v 6.678899765014648 -9.447699546813965 15.934000015258789
v 9.838899612426758 -2.021699905395508 12.130000114440918
v 9.688899993896484 -0.9077000021934509 15.359999656677246
v 9.04889965057373 -1.1337000131607056 16.170000076293945
v 8.680899620056152 -1.6816999912261963 16.577999114990234
v 9.892900466918945 -0.9297000169754028 13.434000015258789
v 9.464900016784668 -5.893700122833252 19.357999801635742
v 7.980899810791016 -8.635700225830078 17.766000747680664
v 8.626899719238281 -7.935699939727783 18.743999481201172
v 6.664899826049805 -9.405699729919434 16.426000595092773
v 8.776900291442871 -9.71969985961914 12.04800033569336
v 8.39490032196045 -9.877699851989746 12.005999565124512
v 5.84089994430542 -9.613699913024902 15.402000427246094
v 9.586899757385254 -8.897700309753418 12.17199993133545
v 5.848899841308594 -9.975700378417969 11.881999969482422
v 7.532899856567383 -9.98169994354248 11.928000450134277
v 6.94890022277832 -9.897700309753418 13.253999710083008
v 9.618900299072266 -0.95169997215271 15.819999694824219
v 8.63290023803711 -1.1276999711990356 16.38599967956543
v 7.298900127410889 -9.071700096130371 18.027999877929688
v 8.958900451660156 -7.48769998550415 19.246000289916992
v 9.188899993896484 -9.423700332641602 12.13599967956543
v 9.692899703979492 -0.49970000982284546 15.930000305175781
v -9.14109992980957 -0.59170001745224 22.11400032043457
v -4.925099849700928 -0.02569960057735443 22.163999557495117
v -0.587099015712738 -0.5856999754905701 22.107999801635742
v 9.682900428771973 -3.397700071334839 18.670000076293945
v 7.958899974822998 -8.627699851989746 18.408000946044922
v 8.2568998336792 -8.395700454711914 18.95400047302246
v 4.654900074005127 -9.811699867248535 12.628000259399414
v 4.092899799346924 -9.953700065612793 11.857999801635742
v 9.672900199890137 -0.03370000049471855 15.911999702453613
v 8.500900268554688 -0.4796999990940094 16.152000427246094
v 8.586899757385254 -0.8536999821662903 16.233999252319336
v 9.638899803161621 -3.1637001037597656 18.753999710083008
v 9.616900444030762 -3.0517001152038574 18.913999557495117
v 9.980899810791016 -0.16169899702072144 12.13599967956543
v 8.636899948120117 -8.101699829101562 19.489999771118164
v 9.236900329589844 -7.00570011138916 19.63599967956543
v 6.554900169372559 -9.409700393676758 17.341999053955078
v 5.796899795532227 -9.701700210571289 14.46399974822998
v 5.280900001525879 -9.645700454711914 15.878000259399414
v 5.31689977645874 -9.671699523925781 14.930000305175781
v 9.996899604797363 2.9103000164031982 12.600000381469727
v 9.7568998336792 3.0062999725341797 12.079999923706055
v 8.814900398254395 -1.0256999731063843 16.263999938964844
v 9.628899574279785 -2.941699981689453 18.18600082397461
v 9.612899780273438 -2.7476999759674072 17.908000946044922
v 9.63290023803711 -2.8496999740600586 18.139999389648438
v 9.872900009155273 -1.3457000255584717 12.137999534606934
v 6.888899803161621 -9.283699989318848 17.780000686645508
v 7.470900058746338 -8.973699569702148 18.531999588012695
v 8.1628999710083 -8.62969970703125 19.652000427246094
v 7.8028998374938965 -8.793700218200684 19.04800033569336
v 8.938899993896484 -8.033699989318848 20.115999221801758
v 9.704899787902832 4.052299976348877 12.064000129699707
v 9.898900032043457 3.4523000717163086 12.227999687194824
v 9.5068998336792 -2.8596999645233154 18.27400016784668
v 9.980899810791016 0.48430100083351135 13.062000274658203
v 8.582900047302246 -8.409700393676758 20.031999588012695
v 9.328900337219238 -7.207699775695801 20.16200065612793
v 6.1209001541137695 -9.52970027923584 18.238000869750977
v 9.930899620056152 3.9022998809814453 12.656000137329102
v 8.408900260925293 0.17829999327659607 16.083999633789062
v 8.408900260925293 -0.1396999955177307 16.124000549316406
v 9.682900428771973 0.42829999327659607 15.958000183105469
v 9.694899559020996 0.8823000192642212 15.887999534606934
v 6.980899810791016 -9.239700317382812 18.690000534057617
v 7.272900104522705 -9.173700332641602 19.38800048828125
v 8.268899917602539 -8.737700462341309 20.36199951171875
v 9.236900329589844 -7.625699996948242 20.527999877929688
v 9.910900115966797 2.9082999229431152 13.538000106811523
v 9.864899635314941 4.446300029754639 12.394000053405762
v 9.996899604797363 3.4022998809814453 13.071999549865723
v 9.940899848937988 7.678299903869629 12.333999633789062
v 9.958900451660156 6.496300220489502 12.043999671936035
v 9.950900077819824 8.19629955291748 11.892000198364258
v 9.898900032043457 5.368299961090088 12.039999961853027
v 9.920900344848633 5.104300022125244 12.25
v 8.778900146484375 0.7682999968528748 16.211999893188477
v 9.718899726867676 1.3343000411987305 15.383999824523926
v 9.718899726867676 -3.635699987411499 18.92799949645996
v 9.558899879455566 -4.097700119018555 18.445999145507812
v 9.434900283813477 -7.037700176239014 20.670000076293945
v 7.966899871826172 -8.897700309753418 20.016000747680664
v 8.700900077819824 -8.37969970703125 20.549999237060547
v 2.5529000759124756 -9.979700088500977 11.92199993133545
v -3.5190999507904053 -9.911700248718262 12.244000434875488
v -3.9911000728607178 -9.919699668884277 11.942000389099121
v -1.4931000471115112 -9.975700378417969 11.907999992370605
v 9.878899574279785 4.680300235748291 12.791999816894531
v 9.914899826049805 3.8942999839782715 13.477999687194824
v 9.836899757385254 6.868299961090088 12.503999710083008
v 9.876899719238281 6.050300121307373 12.355999946594238
v 9.074899673461914 1.0003000497817993 16.26799964904785
v 9.666899681091309 1.0303000211715698 16.25
v 9.668899536132812 1.1983000040054321 16.332000732421875
v 9.682900428771973 -2.827699899673462 20.17799949645996
v 9.73289966583252 -3.019700050354004 20.055999755859375
v 9.696900367736816 -2.937700033187866 19.964000701904297
v 9.562899589538574 -6.217700004577637 20.70400047302246
v 7.694900035858154 -9.069700241088867 20.3799991607666
v 8.972900390625 -8.045700073242188 20.695999145507812
v 8.410900115966797 -8.589699745178223 20.972000122070312
v 9.216899871826172 -7.509699821472168 21.68199920654297
v 4.854899883270264 -9.711700439453125 16.79199981689453
v 3.9349000453948975 -9.725700378417969 16.437999725341797
v 3.824899911880493 -9.777700424194336 12.913999557495117
v 1.0289000272750854 -9.873700141906738 13.593999862670898
v 0.5729010105133057 -9.987700462341309 11.930000305175781
v -7.15910005569458 -9.975700378417969 11.892000198364258
v -6.1331000328063965 -9.935700416564941 12.208000183105469
v -6.679100036621094 -9.91569995880127 12.663999557495117
v -7.92710018157959 -9.947699546813965 11.906000137329102
v -7.92710018157959 -9.895700454711914 13.541999816894531
v -9.80109977722168 -8.223699569702148 12.022000312805176
v -9.815099716186523 -8.009699821472168 12.199999809265137
v -9.81309986114502 -7.963699817657471 12.038000106811523
v 9.764900207519531 7.350299835205078 13.020000457763672
v 9.96090030670166 8.092300415039062 12.293999671936035
v 9.79889965057373 5.4542999267578125 12.960000038146973
v 9.774900436401367 -3.185699939727783 19.538000106811523
v 9.746899604797363 -3.627700090408325 19.40999984741211
v 9.582900047302246 -4.571700096130371 20.36400032043457
v 6.672900199890137 -9.419699668884277 20.118000030517578
v 7.240900039672852 -9.241700172424316 20.076000213623047
v 8.748900413513184 -8.259699821472168 21.158000946044922
v 7.970900058746338 -8.89169979095459 20.95199966430664
v 9.078900337219238 -7.805699825286865 21.152000427246094
v -9.975099563598633 -7.625699996948242 12.03600025177002
v -1.9571000337600708 -9.909700393676758 12.621999740600586
v -3.0611000061035156 -9.875699996948242 12.654000282287598
v 9.640899658203125 6.294300079345703 12.916000366210938
v 9.614899635314941 6.808300018310547 13.02400016784668
v 9.524900436401367 -5.151700019836426 20.437999725341797
v 7.144899845123291 -9.283699989318848 21.486000061035156
v 8.236900329589844 -8.73169994354248 21.49799919128418
v 9.37090015411377 -7.123700141906738 21.986000061035156
v 2.8729000091552734 -9.817700386047363 14.906000137329102
v -9.947099685668945 -5.821700096130371 12.144000053405762
v -9.995100021362305 -7.283699989318848 12.154000282287598
v -5.767099857330322 -9.717700004577637 12.850000381469727
v -4.931099891662598 -9.649700164794922 12.878000259399414
v -7.205100059509277 -9.873700141906738 13.550000190734863
v -8.233099937438965 -9.851699829101562 12.565999984741211
v -9.651100158691406 -8.84570026397705 11.916000366210938
v -9.591099739074707 -8.909700393676758 12.206000328063965
v -9.595100402832031 -7.905700206756592 13.479999542236328
v -3.6110999584198 -9.753700256347656 12.746000289916992
v -1.441100001335144 -9.727700233459473 14.041999816894531
v 9.688899993896484 7.942299842834473 13.449999809265137
v 9.636899948120117 6.822299957275391 13.477999687194824
v 9.796899795532227 8.590299606323242 12.538000106811523
v 9.630900382995605 6.322299957275391 13.454000473022461
v 8.100899696350098 9.930299758911133 12.043999671936035
v 7.84089994430542 9.854299545288086 11.954000473022461
v 7.5528998374938965 9.800299644470215 11.973999977111816
v 5.650899887084961 9.95829963684082 11.899999618530273
v 6.634900093078613 9.914299964904785 12.5
v 6.924900054931641 9.944299697875977 11.923999786376953
v 9.446900367736816 2.062299966812134 16.923999786376953
v 9.59689998626709 2.368299961090088 15.829999923706055
v 9.446900367736816 2.3842999935150146 16.812000274658203
v 9.222900390625 2.104300022125244 17.031999588012695
v 9.35890007019043 2.3243000507354736 17.142000198364258
v 9.23490047454834 2.478300094604492 17.461999893188477
v 9.778900146484375 -0.8256999850273132 22.209999084472656
v 9.71090030670166 -0.8356999754905701 22.128000259399414
v 9.794899940490723 -0.6196990013122559 22.097999572753906
v 9.58489990234375 -4.381700038909912 19.422000885009766
v 8.944899559020996 -8.025699615478516 21.746000289916992
v 7.722899913787842 -9.04170036315918 21.50200080871582
v 8.600899696350098 -8.435700416564941 21.667999267578125
v -9.81309986114502 -7.047699928283691 12.977999687194824
v -9.975099563598633 -2.9117000102996826 12.07800006866455
v -9.94909954071045 -1.9457000494003296 12.586000442504883
v -9.983099937438965 -1.9457000494003296 11.989999771118164
v -10.001099586486816 -1.9457000494003296 -7.5
v -9.995100021362305 -2.4316999912261963 -6.0960001945495605
v -9.991100311279297 -1.4577000141143799 -6.0980000495910645
v -10.001099586486816 -0.001699449960142374 -6.564000129699707
v -10.001099586486816 6.804299831390381 -7.5
v -9.9931001663208 7.010300159454346 -6.627999782562256
v -9.981100082397461 8.068300247192383 -7.5
v -10.001099586486816 -1.4596999883651733 12.133999824523926
v -9.989100456237793 -0.9756990075111389 11.895999908447266
v -10.001099586486816 -0.12370000034570694 11.784000396728516
v -10.001099586486816 0.24230000376701355 12.13599967956543
v -10.011099815368652 0.6183000206947327 11.741999626159668
v -9.989100456237793 1.9483000040054321 11.760000228881836
v -9.967100143432617 1.142300009727478 12.477999687194824
v -9.985099792480469 5.286300182342529 12.107999801635742
v -9.93910026550293 2.924299955368042 12.470000267028809
v -6.607100009918213 -9.751700401306152 13.562000274658203
v -9.5871000289917 -8.513699531555176 12.670000076293945
v -2.4611001014709473 -9.771699905395508 13.109999656677246
v 9.700900077819824 3.9583001136779785 14.508000373840332
v 9.772899627685547 8.264300346374512 13.001999855041504
v 9.640899658203125 7.332300186157227 13.947999954223633
v 9.84689998626709 8.336299896240234 12.63599967956543
v 9.82289981842041 8.638299942016602 11.850000381469727
v 7.666900157928467 9.876299858093262 12.34000015258789
v 8.118900299072266 9.872300148010254 11.871999740600586
v 9.750900268554688 -2.8636999130249023 21.034000396728516
v 9.770899772644043 -2.273699998855591 21.66200065612793
v 9.708900451660156 -3.7497000694274902 21.18000030517578
v 8.014900207519531 -8.963700294494629 22.073999404907227
v 9.48490047454834 -6.603700160980225 21.986000061035156
v 9.000900268554688 -8.173700332641602 22.554000854492188
v 9.566900253295898 -6.1757001876831055 21.100000381469727
v -9.943099975585938 -2.903700113296509 12.593999862670898
v -9.96310043334961 -0.13369899988174438 12.531999588012695
v -9.87909984588623 1.9962999820709229 12.663999557495117
v -5.399099826812744 -9.311699867248535 13.923999786376953
v -4.821100234985352 -9.295700073242188 13.612000465393066
v -9.46310043334961 -9.191699981689453 11.890000343322754
v -9.4931001663208 -9.11970043182373 12.154000282287598
v -4.337100028991699 -9.519700050354004 13.206000328063965
v -1.9270999431610107 -9.735699653625488 13.586000442504883
v 9.716899871826172 5.3302998542785645 13.979999542236328
v 8.616900444030762 9.7923002243042 11.996000289916992
v 7.83489990234375 9.798299789428711 13.383999824523926
v 3.9428999423980713 9.990300178527832 12.026000022888184
v 9.214900016784668 2.866300106048584 18.20199966430664
v 9.392900466918945 3.0162999629974365 18.15999984741211
v 9.272899627685547 2.9003000259399414 18.29800033569336
v 9.476900100708008 -2.961699962615967 19.65999984741211
v 9.618900299072266 -3.001699924468994 19.61199951171875
v 8.93690013885498 -8.341699600219727 22.856000900268555
v 8.398900032043457 -8.671699523925781 21.992000579833984
v 9.266900062561035 -7.531700134277344 22.29400062561035
v 4.336900234222412 -9.741700172424316 19.65999984741211
v -9.997099876403809 -3.6617000102996826 12.131999969482422
v -9.659099578857422 1.8903000354766846 13.317999839782715
v -9.781100273132324 2.5662999153137207 13.07800006866455
v -8.05109977722168 -9.765700340270996 14.605999946594238
v -8.511099815368652 -9.75570011138916 12.628000259399414
v -8.40310001373291 -9.87969970703125 11.904000282287598
v -9.16510009765625 -9.477700233459473 12.121999740600586
v -3.3791000843048096 -9.485699653625488 13.538000106811523
v 9.676899909973145 4.780300140380859 14.482000350952148
v 9.654899597167969 6.748300075531006 14.484000205993652
v 9.69890022277832 8.778300285339355 12.534000396728516
v 9.446900367736816 8.568300247192383 13.562000274658203
v 9.488900184631348 7.776299953460693 14.331999778747559
v 8.704899787902832 9.704299926757812 11.793999671936035
v 8.230899810791016 9.884300231933594 12.435999870300293
v 9.364899635314941 3.936300039291382 16.006000518798828
v 9.364899635314941 2.9563000202178955 16.56599998474121
v 9.368900299072266 2.8203001022338867 17.718000411987305
v 9.462900161743164 3.4103000164031982 18.163999557495117
v 9.432900428771973 3.0943000316619873 19.246000289916992
v 9.222900390625 3.0062999725341797 19.158000946044922
v 9.35890007019043 3.0302999019622803 19.058000564575195
v 5.726900100708008 -9.60770034790039 20.124000549316406
v 7.900899887084961 -9.233699798583984 23.073999404907227
v 9.458900451660156 -6.99970006942749 22.474000930786133
v 4.09689998626709 -9.74370002746582 19.384000778198242
v 2.3589000701904297 -9.621700286865234 16.860000610351562
v -9.76509952545166 -6.73769998550415 13.498000144958496
v -9.849100112915039 -4.76170015335083 13.588000297546387
v -9.521100044250488 -1.8437000513076782 13.46399974822998
v -9.69909954071045 4.696300029754639 14.449999809265137
v -4.965099811553955 -9.209699630737305 14.107999801635742
v -4.097099781036377 -9.39169979095459 13.734000205993652
v -6.571100234985352 -9.651700019836426 14.527999877929688
v -6.90310001373291 -9.673700332641602 15.741999626159668
v -9.471099853515625 -8.441699981689453 13.265999794006348
v -0.9530990123748779 -9.691699981689453 15.402000427246094
v 9.504899978637695 8.866299629211426 12.887999534606934
v 9.492899894714355 8.200300216674805 13.958000183105469
v 9.602899551391602 9.022299766540527 11.826000213623047
v 9.680899620056152 5.876299858093262 14.489999771118164
v 8.942899703979492 9.63029956817627 11.970000267028809
v 9.03689956665039 9.512299537658691 11.791999816894531
v 9.282899856567383 9.378299713134766 11.972000122070312
v 9.33489990234375 9.31029987335205 11.795999526977539
v -0.9530990123748779 9.964300155639648 12.071999549865723
v -0.9270989894866943 9.922300338745117 12.562000274658203
v -0.3270989954471588 9.830300331115723 12.12399959564209
v 9.440899848937988 -4.297699928283691 23.474000930786133
v 9.39490032196045 -5.133699893951416 22.049999237060547
v 6.050899982452393 -9.53969955444336 21.36199951171875
v 8.102899551391602 -9.015700340270996 22.489999771118164
v 9.49489974975586 -6.15369987487793 21.959999084472656
v 9.422900199890137 -7.405700206756592 22.854000091552734
v 9.190899848937988 -7.9217000007629395 22.788000106811523
v 1.4888999462127686 -9.84570026397705 15.053999900817871
v 0.4869009852409363 -9.819700241088867 14.9399995803833
v -9.685099601745605 -2.815700054168701 13.5
v -9.621100425720215 0.016300199553370476 13.234000205993652
v -9.607099533081055 2.564300060272217 13.63599967956543
v -9.77910041809082 3.7822999954223633 13.517999649047852
v -9.93910026550293 6.378300189971924 12.227999687194824
v -4.639100074768066 -9.18970012664795 14.11400032043457
v -3.7711000442504883 -9.359700202941895 13.894000053405762
v -8.633099555969238 -9.511699676513672 14.069999694824219
v -8.671099662780762 -9.763699531555176 12.187999725341797
v -9.001099586486816 -9.60569953918457 11.881999969482422
v -9.241100311279297 -8.941699981689453 13.211999893188477
v 9.642900466918945 5.266300201416016 14.934000015258789
v 9.240900039672852 8.64430046081543 14.013999938964844
v 9.356900215148926 8.826299667358398 13.378000259399414
v 7.962900161743164 9.734299659729004 13.550000190734863
v 9.556900024414062 9.088299751281738 11.972000122070312
v 0.01290039997547865 9.816300392150879 12.149999618530273
v 0.0829010009765625 9.89229965209961 12.71399974822998
v -1.62909996509552 9.99429988861084 12.045999526977539
v 0.5589010119438171 9.924300193786621 12.1899995803833
v 6.580900192260742 9.782299995422363 13.460000038146973
v 9.372900009155273 2.724299907684326 16.850000381469727
v 9.332900047302246 4.00629997253418 16.709999084472656
v 9.764900207519531 0.5543000102043152 22.309999465942383
v 9.794899940490723 0.02230069972574711 22.559999465942383
v 9.750900268554688 0.322299987077713 22.263999938964844
v 8.486900329589844 -8.873700141906738 23.233999252319336
v 7.57889986038208 -9.365699768066406 23.062000274658203
v 9.524900436401367 -7.051700115203857 22.868000030517578
v 3.3849000930786133 -9.697699546813965 17.239999771118164
v -9.82509994506836 -3.8376998901367188 13.505999565124512
v -9.059100151062012 0.27630001306533813 14.199999809265137
v -9.36709976196289 2.102299928665161 14.03600025177002
v -9.611100196838379 3.122299909591675 13.979999542236328
v -5.401100158691406 -9.275699615478516 15.015999794006348
v -4.743100166320801 -9.175700187683105 14.520000457763672
v -6.537099838256836 -9.625699996948242 15.432000160217285
v -8.683099746704102 -9.585700035095215 13.166000366210938
v -8.919099807739258 -9.35770034790039 13.227999687194824
v -9.315099716186523 -8.423700332641602 14.644000053405762
v -1.917099952697754 -9.603699684143066 14.48799991607666
v 9.386899948120117 4.748300075531006 16.04199981689453
v 9.518899917602539 7.322299957275391 14.880000114440918
v 8.58489990234375 9.748299598693848 12.470000267028809
v -2.4971001148223877 9.996299743652344 12.069999694824219
v 0.8889009952545166 9.924300193786621 12.644000053405762
v 1.4048999547958374 9.968299865722656 12.194000244140625
v 7.044899940490723 9.702300071716309 13.755999565124512
v 9.318900108337402 4.270299911499023 16.29800033569336
v 9.456899642944336 3.108299970626831 18.983999252319336
v 9.574899673461914 4.404300212860107 18.648000717163086
v 9.534899711608887 3.230299949645996 19.576000213623047
v 1.6648999452590942 1.6663000583648682 21.65999984741211
v 2.142899990081787 6.156300067901611 21.261999130249023
v 2.1208999156951904 2.120300054550171 21.288000106811523
v 2.278899908065796 8.97029972076416 21.149999618530273
v 9.806900024414062 1.5003000497817993 25.149999618530273
v 9.866900444030762 -0.909699022769928 24.763999938964844
v 9.782899856567383 -1.3657000064849854 22.139999389648438
v 9.464900016784668 -4.581699848175049 22.04199981689453
v 9.306900024414062 -7.655700206756592 23.420000076293945
v 3.4449000358581543 -9.657699584960938 17.615999221801758
v 2.8089001178741455 -9.62969970703125 17.253999710083008
v 2.1048998832702637 -9.499699592590332 16.968000411987305
v 2.014899969100952 -9.61769962310791 16.889999389648438
v -9.27910041809082 -1.5156999826431274 14.081999778747559
v -9.079099655151367 -0.3637000024318695 14.182000160217285
v -9.443099975585938 1.4363000392913818 13.708000183105469
v -9.745100021362305 4.360300064086914 14.194000244140625
v -7.3871002197265625 -9.683699607849121 15.880000114440918
v -8.597100257873535 -9.365699768066406 16.41200065612793
v -9.045100212097168 -9.063699722290039 13.88599967956543
v -9.4931001663208 -7.885700225830078 14.793999671936035
v 9.722900390625 5.876299858093262 15.27400016784668
v 9.31089973449707 8.158300399780273 14.456000328063965
v 9.69890022277832 6.686299800872803 15.338000297546387
v 8.590900421142578 9.566300392150879 13.17199993133545
v -7.581099987030029 9.838299751281738 12.46399974822998
v -7.541100025177002 9.998299598693848 11.894000053405762
v -8.149100303649902 9.900300025939941 11.87600040435791
v -7.291100025177002 9.998299598693848 12.133999824523926
v -7.089099884033203 10.000300407409668 11.9399995803833
v -0.5310990214347839 9.76830005645752 14.088000297546387
v 4.188899993896484 9.752300262451172 14.46399974822998
v 9.546899795532227 4.926300048828125 17.673999786376953
v 9.626899719238281 4.384300231933594 19.506000518798828
v 9.514900207519531 3.0243000984191895 20.049999237060547
v 9.39490032196045 2.80430006980896 20.299999237060547
v 9.360899925231934 2.926300048828125 19.944000244140625
v 9.692899703979492 2.9482998847961426 20.753999710083008
v 9.680899620056152 3.852299928665161 21.007999420166016
v 9.772899627685547 3.8503000736236572 22.016000747680664
v 9.82289981842041 -2.573699951171875 24.270000457763672
v 9.754899978637695 -3.0397000312805176 22.947999954223633
v 9.680899620056152 -3.44569993019104 23.40399932861328
v 9.09689998626709 -8.163700103759766 23.253999710083008
v 8.788900375366211 -8.533699989318848 23.399999618530273
v 6.796899795532227 -9.55370044708252 23.04800033569336
v 8.138899803161621 -9.101699829101562 23.422000885009766
v -9.151100158691406 1.3942999839782715 14.161999702453613
v -9.55109977722168 3.236299991607666 14.449999809265137
v -9.453100204467773 6.510300159454346 14.534000396728516
v -4.151100158691406 -9.091699600219727 15.03600025177002
v -5.619100093841553 -9.333700180053711 15.970000267028809
v 8.922900199890137 9.214300155639648 13.465999603271484
v 9.258899688720703 7.59630012512207 15.380000114440918
v 9.498900413513184 7.180300235748291 15.378000259399414
v -8.751099586486816 9.684300422668457 11.866000175476074
v -8.321100234985352 9.660300254821777 12.54800033569336
v -7.999100208282471 9.648300170898438 12.907999992370605
v -6.805099964141846 9.928299903869629 11.998000144958496
v -6.80109977722168 9.81029987335205 12.541999816894531
v -3.8891000747680664 9.964300155639648 12.043999671936035
v -3.8210999965667725 9.820300102233887 13.133999824523926
v -3.335099935531616 9.996299743652344 12.067999839782715
v -2.4270999431610107 9.754300117492676 14.026000022888184
v 1.8809000253677368 9.776300430297852 13.628000259399414
v 2.1868999004364014 9.82229995727539 12.371999740600586
v 2.450900077819824 9.940299987792969 12.156000137329102
v 1.9428999423980713 9.934300422668457 12.180000305175781
v 1.9388999938964844 9.838299751281738 12.612000465393066
v 2.4349000453948975 9.838299751281738 12.612000465393066
v 2.9228999614715576 9.956299781799316 12.12600040435791
v 6.696899890899658 9.598299980163574 14.305999755859375
v 9.492899894714355 4.998300075531006 17.172000885009766
v 9.564900398254395 4.962299823760986 18.15399932861328
v 9.622900009155273 3.9563000202178955 20.01799964904785
v 4.4369001388549805 -9.673700332641602 21.402000427246094
v 5.228899955749512 -9.667699813842773 22.124000549316406
v 9.49489974975586 -6.973700046539307 24.194000244140625
v 9.020899772644043 -8.143699645996094 23.780000686645508
v 2.660900115966797 -9.525699615478516 17.374000549316406
v 1.1469000577926636 -9.691699981689453 16.393999099731445
v -9.725099563598633 -3.823699951171875 14.345999717712402
v -9.579099655151367 -2.937700033187866 14.267999649047852
v -9.03909969329834 0.8442999720573425 14.345999717712402
v -9.15310001373291 1.8243000507354736 14.477999687194824
v -9.479100227355957 7.314300060272217 13.675999641418457
v -7.969099998474121 -9.601699829101562 16.41200065612793
v -9.007100105285645 -9.015700340270996 14.763999938964844
v -8.339099884033203 -9.527700424194336 16.013999938964844
v 9.56089973449707 5.422299861907959 15.90999984741211
v 9.032899856567383 8.126299858093262 15.105999946594238
v 9.63290023803711 6.146299839019775 15.890000343322754
v 8.09689998626709 9.562299728393555 13.833999633789062
v -5.187099933624268 10.000300407409668 11.979999542236328
v -4.863100051879883 9.956299781799316 12.555999755859375
v -9.023099899291992 9.432299613952637 12.119999885559082
v -7.289100170135498 9.684300422668457 13.100000381469727
v -6.475100040435791 9.998299598693848 11.986000061035156
v -5.829100131988525 9.94629955291748 12.562000274658203
v -5.833099842071533 9.978300094604492 12.010000228881836
v -2.9491000175476074 9.728300094604492 13.95199966430664
v 7.396900177001953 9.5423002243042 14.168000221252441
v 4.188899993896484 9.688300132751465 15.486000061035156
v 9.466899871826172 4.9822998046875 16.47800064086914
v 9.556900024414062 4.8383002281188965 19.086000442504883
v 9.524900436401367 5.372300148010254 17.969999313354492
v 9.794899940490723 1.454300045967102 22.030000686645508
v 9.852899551391602 3.9502999782562256 24.850000381469727
v 9.824899673461914 -1.9536999464035034 24.968000411987305
v 8.488900184631348 -8.773699760437012 24.054000854492188
v 7.83489990234375 -9.223699569702148 23.812000274658203
v 7.140900135040283 -9.467700004577637 24.110000610351562
v 9.540900230407715 -6.257699966430664 23.756000518798828
v 9.30090045928955 -7.6016998291015625 24.20599937438965
v 2.890899896621704 -9.123700141906738 18.003999710083008
v 3.1828999519348145 -9.377699851989746 18.107999801635742
v 3.206899881362915 -9.269700050354004 18.45400047302246
v 2.218899965286255 -9.409700393676758 17.08799934387207
v 2.5129001140594482 -9.295700073242188 17.492000579833984
v 0.584900975227356 -9.695699691772461 16.224000930786133
v -0.587099015712738 -9.663700103759766 16.224000930786133
v -9.66510009765625 -7.15369987487793 14.986000061035156
v -9.805100440979004 -4.7957000732421875 14.442000389099121
v -9.109100341796875 -0.9696999788284302 14.527999877929688
v -8.987099647521973 -0.007699970155954361 14.473999977111816
v -8.987099647521973 0.8842999935150146 14.723999977111816
v -9.581100463867188 3.7723000049591064 15.482000350952148
v -4.803100109100342 -9.019700050354004 15.746000289916992
v -7.163099765777588 -9.649700164794922 16.673999786376953
v -3.1310999393463135 -9.229700088500977 15.253999710083008
v 8.650899887084961 9.266300201416016 13.8100004196167
v 9.610899925231934 6.618299961090088 15.862000465393066
v -8.607099533081055 9.416299819946289 12.718000411987305
v -8.807100296020508 9.412300109863281 12.394000053405762
v -9.237099647521973 9.384300231933594 11.829999923706055
v -7.6890997886657715 9.586299896240234 13.564000129699707
v 7.764900207519531 9.300299644470215 14.567999839782715
v 7.1128997802734375 9.410300254821777 14.8100004196167
v 2.8129000663757324 9.71030044555664 14.54800033569336
v 9.526900291442871 5.60230016708374 16.59000015258789
v 9.554900169372559 4.7322998046875 20.52199935913086
v 9.586899757385254 -0.8636999726295471 25.474000930786133
v 9.724900245666504 -3.083699941635132 24.70400047302246
v 3.450900077819824 -9.709699630737305 20.214000701904297
v 8.212900161743164 -8.98169994354248 24.327999114990234
v 5.814899921417236 -9.669699668884277 23.809999465942383
v 9.526900291442871 -5.881700038909912 23.77400016784668
v 8.862899780273438 -8.389699935913086 24.56599998474121
v 3.8768999576568604 -9.687700271606445 19.61199951171875
v -9.591099739074707 4.7743000984191895 15.399999618530273
v -9.64109992980957 7.176300048828125 12.965999603271484
v -9.853099822998047 7.536300182342529 12.131999969482422
v -9.495100021362305 8.178299903869629 12.517999649047852
v -7.611100196838379 -9.671699523925781 17.3439998626709
v -8.795100212097168 -9.249699592590332 15.87600040435791
v 9.172900199890137 7.25029993057251 16.285999298095703
v -8.513099670410156 9.390299797058105 13.182000160217285
v -9.059100151062012 9.09630012512207 12.517999649047852
v -8.329099655151367 9.46030044555664 13.59000015258789
v -6.793099880218506 9.60830020904541 14.005999565124512
v 9.428899765014648 5.740300178527832 17.288000106811523
v 9.592900276184082 4.788300037384033 19.540000915527344
v 9.420900344848633 5.598299980163574 18.22800064086914
v 9.774900436401367 2.302299976348877 21.56399917602539
v 9.158900260925293 -1.8157000541687012 25.93400001525879
v 9.782899856567383 0.09830000251531601 25.1560001373291
v 9.440899848937988 -2.953700065612793 25.36199951171875
v 9.712900161743164 -3.5436999797821045 24.531999588012695
v 9.630900382995605 -3.895699977874756 24.31999969482422
v 8.784899711608887 -8.461700439453125 24.11400032043457
v 9.142900466918945 -8.021699905395508 24.753999710083008
v -0.001099589979276061 -9.687700271606445 16.166000366210938
v -1.169100046157837 -9.591699600219727 16.4060001373291
v -9.76509952545166 -6.657700061798096 16.45599937438965
v -9.815099716186523 -5.885700225830078 15.359999656677246
v -9.097100257873535 -0.9756990075111389 14.956000328063965
v -8.96310043334961 -0.005700109992176294 14.826000213623047
v -9.035099983215332 -0.0036993001122027636 15.708000183105469
v -8.875100135803223 0.2522999942302704 15.913999557495117
v -9.055100440979004 0.48829999566078186 15.618000030517578
v -9.109100341796875 1.680299997329712 14.878000259399414
v -9.413100242614746 2.7202999591827393 15.505999565124512
v -9.453100204467773 5.914299964904785 15.503999710083008
v -9.809100151062012 8.330300331115723 11.935999870300293
v -4.061100006103516 -9.03969955444336 15.61400032043457
v -4.505099773406982 -9.001700401306152 15.744000434875488
v -5.919099807739258 -9.489700317382812 15.96399974822998
v -6.715099811553955 -9.623700141906738 16.77400016784668
v -7.985099792480469 -9.621700286865234 17.211999893188477
v -9.679100036621094 -7.133699893951416 15.956000328063965
v -3.1331000328063965 -9.135700225830078 16.218000411987305
v 8.81089973449707 8.588299751281738 14.758000373840332
v 8.670900344848633 8.024299621582031 15.928000450134277
v 9.564900398254395 6.056300163269043 16.3439998626709
v -4.875100135803223 9.828300476074219 13.595999717712402
v -8.907099723815918 9.092300415039062 12.920000076293945
v -9.429100036621094 9.14229965209961 11.9399995803833
v -7.913099765777588 9.58430004119873 14.194000244140625
v -5.755099773406982 9.796299934387207 13.57800006866455
v 7.152900218963623 9.242300033569336 15.399999618530273
v 6.528900146484375 9.432299613952637 15.317999839782715
v 9.446900367736816 6.154300212860107 16.746000289916992
v 9.284899711608887 -0.7556999921798706 26.04800033569336
v 9.600899696350098 0.10429999977350235 25.562000274658203
v 9.604900360107422 -3.8017001152038574 24.829999923706055
v 9.38290023803711 -5.14169979095459 23.988000869750977
v 9.512900352478027 -7.103700160980225 25.139999389648438
v 9.39490032196045 -7.533699989318848 24.805999755859375
v -9.78909969329834 -5.819699764251709 16.357999801635742
v -9.595100402832031 -3.3577001094818115 15.869999885559082
v -9.523099899291992 -2.835700035095215 15.479999542236328
v -9.205100059509277 8.07229995727539 14.350000381469727
v -9.711099624633789 8.728300094604492 11.855999946594238
v -5.89109992980957 -9.483699798583984 16.42799949645996
v -6.329100131988525 -9.631699562072754 17.809999465942383
v -8.239100456237793 -9.537699699401855 17.18400001525879
v -8.057100296020508 -9.579700469970703 17.8700008392334
v -8.973099708557129 -9.0177001953125 16.493999481201172
v -9.225099563598633 -8.61769962310791 16.381999969482422
v -1.529099941253662 -9.503700256347656 16.586000442504883
v 8.354900360107422 9.020299911499023 14.571999549865723
v 8.260899543762207 8.014300346374512 16.70400047302246
v 9.214900016784668 6.460299968719482 17.22599983215332
v -8.859100341796875 9.056300163269043 13.314000129699707
v -8.61709976196289 9.288299560546875 13.461999893188477
v -9.147100448608398 8.75629997253418 12.836000442504883
v -8.347100257873535 9.512299537658691 14.154000282287598
v -1.9951000213623047 9.754300117492676 14.571999549865723
v 1.3768999576568604 9.526300430297852 15.368000030517578
v 7.214900016784668 9.064299583435059 15.87600040435791
v 5.164899826049805 9.610300064086914 15.729999542236328
v 2.9309000968933105 9.658300399780273 15.491999626159668
v 9.384900093078613 5.474299907684326 19.077999114990234
v 8.84689998626709 -3.6196999549865723 26.07200050354004
v 8.938899993896484 -0.6396999955177307 26.538000106811523
v 8.918899536132812 -0.9437000155448914 26.534000396728516
v 9.350899696350098 -3.7916998863220215 25.371999740600586
v 8.568900108337402 -8.715700149536133 24.535999298095703
v 7.83489990234375 -9.213700294494629 24.56399917602539
v 7.3028998374938965 -9.429699897766113 24.57200050354004
v 9.38290023803711 -7.759699821472168 25.239999771118164
v 2.964900016784668 -9.645700454711914 21.124000549316406
v 2.972899913787842 -9.613699913024902 20.618000030517578
v -9.43910026550293 -1.947700023651123 15.956000328063965
v -9.131099700927734 -0.4456999897956848 15.748000144958496
v -9.507100105285645 2.2643001079559326 16.461999893188477
v -9.195099830627441 1.3823000192642212 16.13800048828125
v -9.197099685668945 1.4402999877929688 16.530000686645508
v -9.149100303649902 1.0642999410629272 15.680000305175781
v -9.62909984588623 3.854300022125244 16.3700008392334
v -9.253100395202637 8.740300178527832 12.557999610900879
v -9.263099670410156 8.270299911499023 12.989999771118164
v -4.593100070953369 -9.071700096130371 16.562000274658203
v -7.555099964141846 -9.737700462341309 18.857999801635742
v -9.407099723815918 -8.195699691772461 16.420000076293945
v -1.9970999956130981 -9.411700248718262 16.25
v 8.092900276184082 8.672300338745117 15.609999656677246
v -8.717100143432617 9.290300369262695 14.097999572753906
v -8.187100410461426 9.386300086975098 14.675999641418457
v -7.17710018157959 9.606300354003906 14.842000007629395
v 0.2888999879360199 9.540300369262695 15.390000343322754
v 5.94890022277832 9.4822998046875 15.916000366210938
v 9.428899765014648 5.282299995422363 20.945999145507812
v 9.59689998626709 5.212299823760986 22.788000106811523
v 8.026900291442871 -1.6957000494003296 26.534000396728516
v 9.158900260925293 0.13429999351501465 26.224000930786133
v 9.368900299072266 -4.827700138092041 24.194000244140625
v 3.960900068283081 -9.713700294494629 23.808000564575195
v 7.958899974822998 -9.23169994354248 25.097999572753906
v 9.446900367736816 -5.861700057983398 24.97599983215332
v 9.092900276184082 -8.287699699401855 25.253999710083008
v -9.611100196838379 -3.8617000579833984 16.277999877929688
v -9.235099792480469 -1.0677000284194946 15.663999557495117
v -9.26710033416748 1.7282999753952026 15.791999816894531
v -9.657099723815918 2.916300058364868 16.889999389648438
v -9.595100402832031 4.742300033569336 16.163999557495117
v -9.365099906921387 7.720300197601318 13.973999977111816
v -8.809100151062012 -9.209699630737305 17.601999282836914
v -8.987099647521973 -9.007699966430664 17.29400062561035
v 8.568900108337402 7.550300121307373 17.082000732421875
v 8.864899635314941 7.100299835205078 17.209999084472656
v -9.085100173950195 8.658300399780273 13.517999649047852
v -7.449100017547607 9.556300163269043 15.027999877929688
v -4.869100093841553 9.808300018310547 14.074000358581543
v -1.1791000366210938 9.666299819946289 16.04800033569336
v 6.324900150299072 9.33430004119873 16.26799964904785
v 8.97089958190918 6.288300037384033 20.049999237060547
v 9.23490047454834 5.734300136566162 20.374000549316406
v 9.80090045928955 4.070300102233887 23.889999389648438
v 7.650899887084961 -4.181700229644775 26.534000396728516
v 9.170900344848633 -4.241700172424316 25.718000411987305
v 8.190899848937988 0.23430100083351135 26.534000396728516
v 9.668899536132812 1.0362999439239502 25.601999282836914
v 9.290900230407715 -4.2916998863220215 25.398000717163086
v 8.626899719238281 -8.80370044708252 25.152000427246094
v 9.396900177001953 -6.025700092315674 25.36400032043457
v 9.416899681091309 -7.473700046539307 25.621999740600586
v -9.581100463867188 -2.95169997215271 16.257999420166016
v -9.055100440979004 0.1662999987602234 15.46399974822998
v -9.093099594116211 7.902299880981445 15.0600004196167
v -9.14109992980957 7.460299968719482 15.855999946594238
v -3.527100086212158 -9.079700469970703 16.67799949645996
v -5.543099880218506 -9.409700393676758 16.945999145507812
v -7.173099994659424 -9.783699989318848 19.378000259399414
v -8.543100357055664 -9.335700035095215 17.937999725341797
v -9.667099952697754 -7.405700206756592 17.073999404907227
v -2.2530999183654785 -9.315699577331543 16.461999893188477
v 8.932900428771973 6.754300117492676 17.691999435424805
v -5.333099842071533 9.784299850463867 14.10200023651123
v -8.64109992980957 8.916299819946289 14.857999801635742
v -7.6890997886657715 9.468299865722656 15.272000312805176
v -2.0011000633239746 9.7322998046875 16.371999740600586
v 6.792900085449219 9.148300170898438 16.280000686645508
v 3.8889000415802 9.682299613952637 17.246000289916992
v 4.660900115966797 9.678299903869629 16.763999938964844
v 8.92490005493164 6.4583001136779785 18.802000045776367
v 9.406900405883789 5.8343000411987305 22.15999984741211
v 9.88290023803711 3.296299934387207 25.18400001525879
v 8.92490005493164 -4.533699989318848 26.06800079345703
v 8.964900016784668 0.830299973487854 26.535999298095703
v 9.392900466918945 1.0622999668121338 26.142000198364258
v 9.33489990234375 -4.73769998550415 24.8700008392334
v 6.206900119781494 -9.745699882507324 25.621999740600586
v 7.228899955749512 -9.533699989318848 25.209999084472656
v 8.908900260925293 -8.611700057983398 25.72800064086914
v -9.211099624633789 -0.765699028968811 15.829999923706055
v -9.667099952697754 4.942299842834473 17.354000091552734
v -9.71310043334961 3.426300048828125 17.371999740600586
v -8.285099983215332 -9.477700233459473 18.908000946044922
v -7.589099884033203 -9.745699882507324 19.823999404907227
v -1.8490999937057495 -9.329700469970703 16.559999465942383
v -1.9970999956130981 -9.227700233459473 16.648000717163086
v -1.979099988937378 -9.353699684143066 16.472000122070312
v 7.0569000244140625 8.896300315856934 16.75200080871582
v 8.078900337219238 7.918300151824951 17.389999389648438
v 8.514900207519531 7.298299789428711 17.857999801635742
v -9.041099548339844 8.770299911499023 14.211999893188477
v -8.215100288391113 9.15429973602295 15.411999702453613
v 9.290900230407715 5.72629976272583 20.993999481201172
v 9.14490032196045 -4.687699794769287 25.75200080871582
v 2.3749001026153564 -9.60770034790039 21.81599998474121
v 8.352899551391602 -9.257699966430664 26.059999465942383
v 5.768899917602539 -9.769700050354004 25.211999893188477
v 9.168899536132812 -7.239699840545654 26.194000244140625
v 9.212900161743164 -7.719699859619141 26.02400016784668
v 8.518899917602539 -9.031700134277344 25.722000122070312
v 8.98289966583252 -8.513699531555176 26.25200080871582
v -2.5631000995635986 -9.257699966430664 16.93199920654297
v -2.971100091934204 -9.171699523925781 16.93000030517578
v -9.475099563598633 -1.95169997215271 16.142000198364258
v -8.885100364685059 8.260299682617188 15.529999732971191
v -8.941100120544434 8.422300338745117 14.868000030517578
v -5.369100093841553 -9.663700103759766 19.67799949645996
v -8.627099990844727 -9.239700317382812 18.908000946044922
v -9.171099662780762 -8.795700073242188 17.618000030517578
v -9.485099792480469 -8.069700241088867 16.889999389648438
v -9.793100357055664 -6.693699836730957 16.81800079345703
v -8.593099594116211 8.736300468444824 15.553999900817871
v -7.751100063323975 9.300299644470215 16.04800033569336
v -6.7530999183654785 9.612299919128418 14.904000282287598
v 1.7728999853134155 9.57229995727539 16.260000228881836
v 5.514900207519531 9.522299766540527 17.055999755859375
v 8.224900245666504 7.558300018310547 18.93600082397461
v 9.158900260925293 6.25629997253418 21.326000213623047
v 9.642900466918945 4.9542999267578125 23.79599952697754
v 9.688899993896484 1.980299949645996 25.66200065612793
v 7.558899879455566 -4.681700229644775 26.507999420166016
v 8.856900215148926 -5.053699970245361 26.02400016784668
v 8.990900039672852 1.392300009727478 26.549999237060547
v 9.228899955749512 2.040299892425537 26.29400062561035
v 8.250900268554688 2.1623001098632812 26.54400062561035
v 9.544899940490723 1.5223000049591064 25.95400047302246
v 2.4388999938964844 -9.557700157165527 21.54599952697754
v 2.582900047302246 -9.495699882507324 20.979999542236328
v 8.092900276184082 -9.389699935913086 26.22800064086914
v 9.260899543762207 -5.907700061798096 25.75
v 8.778900146484375 -8.979700088500977 26.253999710083008
v -2.601099967956543 -9.083700180053711 17.284000396728516
v -2.279099941253662 -9.163700103759766 16.86400032043457
v -2.339099884033203 -9.007699966430664 17.07200050354004
v -9.815099716186523 -6.341700077056885 16.871999740600586
v -9.769100189208984 -4.807700157165527 17.357999801635742
v -9.277099609375 -1.2997000217437744 15.866000175476074
v -9.2431001663208 -1.7337000370025635 16.697999954223633
v -9.399100303649902 -1.795699954032898 16.341999053955078
v -9.473099708557129 -2.1136999130249023 16.922000885009766
v -9.433099746704102 6.306300163269043 16.75200080871582
v -9.01710033416748 7.874300003051758 16.211999893188477
v -4.68310022354126 -9.221699714660645 17.36400032043457
v -6.315100193023682 -9.75570011138916 19.17799949645996
v -8.965100288391113 -8.959699630737305 18.010000228881836
v -8.181099891662598 -9.759699821472168 21.66200065612793
v 7.558899879455566 8.378299713134766 17.417999267578125
v 7.764900207519531 8.118300437927246 17.93000030517578
v -8.31309986114502 8.9483003616333 16.09600067138672
v -7.16510009765625 9.556300163269043 15.751999855041504
v -3.847100019454956 9.776300430297852 16.360000610351562
v 6.028900146484375 9.318300247192383 17.597999572753906
v 8.818900108337402 6.650300025939941 20.38800048828125
v 8.938899993896484 6.686299800872803 21.95800018310547
v 9.164899826049805 6.382299900054932 22.742000579833984
v 9.294899940490723 6.0243000984191895 23.729999542236328
v 9.766900062561035 2.9123001098632812 25.667999267578125
v 9.136899948120117 -5.111700057983398 25.600000381469727
v 8.954899787902832 2.8162999153137207 26.549999237060547
v 7.716899871826172 -9.447699546813965 26.035999298095703
v 9.278900146484375 -5.279699802398682 25.18600082397461
v 8.934900283813477 -8.471699714660645 26.445999145507812
v 2.1349000930786133 -9.563699722290039 21.81800079345703
v 2.148900032043457 -9.429699897766113 21.583999633789062
v -3.3210999965667725 -9.147700309753418 18.131999969482422
v -2.863100051879883 -9.133700370788574 17.530000686645508
v -2.8190999031066895 -9.075699806213379 17.648000717163086
v -9.691100120544434 -2.875699996948242 17.280000686645508
v -8.979100227355957 -1.0096999406814575 16.11400032043457
v -8.893099784851074 -0.049699798226356506 15.904000282287598
v -2.1210999488830566 2.120300054550171 21.288000106811523
v -8.707099914550781 1.7523000240325928 21.597999572753906
v -8.659099578857422 2.1942999362945557 21.200000762939453
v -9.793100357055664 5.304299831390381 18.465999603271484
v -9.197099685668945 7.290299892425537 16.305999755859375
v -8.707099914550781 8.480299949645996 16.242000579833984
v -3.589099884033203 -9.217700004577637 18.280000686645508
v -4.243100166320801 -9.283699989318848 18.66200065612793
v -8.881099700927734 -8.99370002746582 18.74799919128418
v -7.993100166320801 -9.91569995880127 22.871999740600586
v -8.43910026550293 -9.521699905395508 20.947999954223633
v 8.064900398254395 7.776299953460693 18.354000091552734
v -4.851099967956543 9.788299560546875 15.395999908447266
v -8.037099838256836 9.068300247192383 16.736000061035156
v -7.1930999755859375 9.428299903869629 16.333999633789062
v -2.535099983215332 9.72029972076416 16.986000061035156
v 6.592899799346924 9.106300354003906 17.1299991607666
v 4.794899940490723 9.5423002243042 18.22599983215332
v 8.71090030670166 7.106299877166748 20.606000900268555
v 8.788900375366211 7.028299808502197 21.224000930786133
v 9.570899963378906 5.426300048828125 24.416000366210938
v 9.020899772644043 -5.591700077056885 25.923999786376953
v 8.326899528503418 -5.087699890136719 26.285999298095703
v 9.452899932861328 2.974299907684326 26.18000030517578
v 9.302900314331055 -5.001699924468994 24.964000701904297
v 9.24489974975586 -5.587699890136719 25.510000228881836
v 9.134900093078613 -6.077700138092041 26.01799964904785
v 8.932900428771973 -7.6596999168396 26.444000244140625
v 8.604900360107422 -9.217700004577637 26.374000549316406
v 8.746899604797363 -9.09570026397705 26.5
v -9.817099571228027 4.318299770355225 18.422000885009766
v -9.77910041809082 3.808300018310547 18.347999572753906
v -9.60509967803955 3.364300012588501 19.81999969482422
v -9.66510009765625 3.4402999877929688 20.31800079345703
v -9.443099975585938 7.180300235748291 18.106000900268555
v -9.233099937438965 7.854300022125244 18.145999908447266
v -7.005099773406982 -9.835700035095215 21.236000061035156
v -9.211099624633789 -8.543700218200684 18.631999969482422
v -8.7431001663208 -9.203700065612793 19.898000717163086
v -9.3371000289917 -8.397700309753418 17.8799991607666
v -9.509099960327148 -7.9096999168396 18.256000518798828
v 7.08489990234375 8.758299827575684 17.34600067138672
v 7.218900203704834 8.602299690246582 18.02400016784668
v -8.455100059509277 8.790300369262695 16.628000259399414
v -7.511099815368652 9.294300079345703 16.770000457763672
v -6.6971001625061035 9.622300148010254 15.772000312805176
v 2.910900115966797 9.638299942016602 19.851999282836914
v 2.9409000873565674 6.0802998542785645 19.75200080871582
v 2.770900011062622 2.7702999114990234 20.31399917602539
v 2.034899950027466 9.414299964904785 21.559999465942383
v 2.400899887084961 9.302300453186035 21.49799919128418
v 2.1129000186920166 9.222299575805664 21.43199920654297
v 8.362899780273438 7.418300151824951 19.826000213623047
v 8.42490005493164 7.432300090789795 21.75
v 8.59689998626709 7.154300212860107 22.530000686645508
v 8.788900375366211 6.944300174713135 23.350000381469727
v 9.34689998626709 6.104300022125244 24.56399917602539
v 9.760899543762207 4.826300144195557 24.8700008392334
v 9.784899711608887 3.9042999744415283 25.65999984741211
v 9.594900131225586 2.4702999591827393 25.992000579833984
v 8.624899864196777 -5.457699775695801 26.238000869750977
v 9.2568998336792 3.980299949645996 26.304000854492188
v 8.956899642944336 3.3183000087738037 26.54400062561035
v 8.318900108337402 4.098299980163574 26.534000396728516
v 3.3889000415802 -9.821700096130371 25.1200008392334
v 6.1168999671936035 -9.735699653625488 25.865999221801758
v 8.850899696350098 -5.963699817657471 26.224000930786133
v 8.962900161743164 -6.971700191497803 26.393999099731445
v 8.420900344848633 -9.363699913024902 26.43600082397461
v -8.741100311279297 8.486300468444824 17.038000106811523
v -9.685099601745605 -7.125699996948242 17.738000869750977
v 7.6149001121521 8.26830005645752 18.52400016784668
v 6.650899887084961 9.00629997253418 17.781999588012695
v -9.601099967956543 -2.6157000064849854 21.329999923706055
v -9.637100219726562 -2.563699960708618 20.719999313354492
v -9.659099578857422 -2.831700086593628 20.465999603271484
v 5.712900161743164 9.374300003051758 18.25200080871582
v 8.426899909973145 7.650300025939941 21.06800079345703
v 8.89490032196045 6.8343000411987305 24.381999969482422
v 9.612899780273438 5.728300094604492 25.149999618530273
v 9.854900360107422 4.396299839019775 25.275999069213867
v 8.82289981842041 5.154300212860107 26.534000396728516
v 4.850900173187256 -9.799699783325195 25.615999221801758
v 6.534900188446045 -9.585700035095215 26.29400062561035
v 8.660900115966797 -6.759699821472168 26.534000396728516
v 8.816900253295898 -8.309700012207031 26.534000396728516
v -9.735099792480469 3.54830002784729 17.892000198364258
v -9.437100410461426 -7.997700214385986 19.15399932861328
v 7.164899826049805 8.680299758911133 18.738000869750977
v 7.57289981842041 8.422300338745117 19.214000701904297
v -7.3831000328063965 9.308300018310547 17.86199951171875
v -5.7530999183654785 9.428299903869629 17.398000717163086
v -2.851099967956543 9.648300170898438 17.610000610351562
v 6.160900115966797 9.2322998046875 18.694000244140625
v 8.03689956665039 7.918300151824951 19.469999313354492
v 8.668899536132812 7.382299900054932 20.865999221801758
v 7.8069000244140625 8.100299835205078 21.360000610351562
v 7.888899803161621 7.884300231933594 22.33799934387207
v 8.248900413513184 7.538300037384033 23.04800033569336
v 8.112899780273438 7.59630012512207 23.923999786376953
v 9.314900398254395 6.504300117492676 25.139999389648438
v 9.792900085449219 4.930300235748291 25.6560001373291
v 8.602899551391602 6.070300102233887 26.384000778198242
v 8.052900314331055 6.466300010681152 26.534000396728516
v 9.48490047454834 4.942299842834473 26.167999267578125
v 1.1328999996185303 -9.577699661254883 22.31800079345703
v 7.874899864196777 -9.295700073242188 26.465999603271484
v 5.4268999099731445 -9.75570011138916 25.908000946044922
v 8.124899864196777 -9.397700309753418 26.38800048828125
v -9.78909969329834 -3.253700017929077 18.242000579833984
v -7.355100154876709 -9.853699684143066 22.70199966430664
v -9.32509994506836 -8.405699729919434 20.125999450683594
v -8.881099700927734 -9.063699722290039 20.606000900268555
v 6.6869001388549805 8.974300384521484 18.447999954223633
v -8.523099899291992 8.760299682617188 17.61199951171875
v -6.5671000480651855 9.398300170898438 17.554000854492188
v 0.6549010276794434 9.488300323486328 15.996000289916992
v 0.6829000115394592 9.386300086975098 16.1200008392334
v 1.392899990081787 9.534299850463867 16.215999603271484
v 8.492899894714355 7.604300022125244 20.486000061035156
v 8.10890007019043 8.140299797058105 20.63800048828125
v 8.428899765014648 7.5782999992370605 24.836000442504883
v 8.932900428771973 7.086299896240234 25.152000427246094
v 9.376899719238281 6.230299949645996 25.48200035095215
v 9.64490032196045 4.430300235748291 25.993999481201172
v 9.148900032043457 5.844299793243408 26.107999801635742
v 8.38290023803711 6.888299942016602 26.3799991607666
v 4.9328999519348145 -9.673700332641602 26.13599967956543
v 8.522899627685547 -9.311699867248535 26.503999710083008
v -9.809100151062012 5.1402997970581055 18.81399917602539
v -9.599100112915039 6.706299781799316 18.945999145507812
v -8.827099800109863 8.45829963684082 17.643999099731445
v -3.6150999069213867 -9.25570011138916 19.030000686645508
v -6.945099830627441 -9.799699783325195 21.969999313354492
v -7.925099849700928 -9.893699645996094 23.219999313354492
v -8.163100242614746 -9.835700035095215 22.790000915527344
v -9.2431001663208 -8.565699577331543 20.50200080871582
v 7.094900131225586 8.844300270080566 19.308000564575195
v -8.411100387573242 8.9822998046875 18.579999923706055
v 3.0048999786376953 9.57229995727539 18.11400032043457
v 2.7929000854492188 9.426300048828125 18.04199981689453
v 2.8529000282287598 9.4483003616333 18.163999557495117
v 8.184900283813477 7.962299823760986 20.06599998474121
v 7.458899974822998 8.540300369262695 20.606000900268555
v 7.076900005340576 8.376299858093262 22.573999404907227
v 7.550899982452393 8.002300262451172 23.20400047302246
v 7.752900123596191 8.040300369262695 24.631999969482422
v 8.96090030670166 6.760300159454346 25.81800079345703
v 9.422900199890137 5.870299816131592 25.743999481201172
v 8.054900169372559 -6.001699924468994 26.51799964904785
v 8.104900360107422 7.49429988861084 26.534000396728516
v 8.794899940490723 6.3942999839782715 26.18199920654297
v 9.58489990234375 5.396299839019775 25.97599983215332
v 0.5089010000228882 -9.655699729919434 24.402000427246094
v 4.3069000244140625 -9.769700050354004 25.95199966430664
v 6.104899883270264 -9.52970027923584 26.420000076293945
v 5.420899868011475 -9.411700248718262 26.5
v 8.302900314331055 -9.375699996948242 26.516000747680664
v -9.799099922180176 -3.519700050354004 19.170000076293945
v -8.899100303649902 8.59630012512207 18.54599952697754
v -4.875100135803223 -9.741700172424316 21.027999877929688
v -6.571100234985352 -9.669699668884277 22.5
v -7.311100006103516 -9.827699661254883 23.371999740600586
v -8.64109992980957 -9.449700355529785 22.81399917602539
v -9.115099906921387 -8.685700416564941 21.077999114990234
v 7.268899917602539 8.872300148010254 19.802000045776367
v 7.7469000816345215 8.524299621582031 19.996000289916992
v -8.679100036621094 8.764300346374512 18.22800064086914
v -4.40310001373291 9.410300254821777 17.854000091552734
v -6.011099815368652 9.37030029296875 18.00200080871582
v -3.095099925994873 9.62030029296875 17.8439998626709
v 3.032900094985962 9.612299919128418 18.36199951171875
v 3.286900043487549 9.640299797058105 18.445999145507812
v 5.696899890899658 9.39430046081543 19.211999893188477
v 6.9928998947143555 8.616299629211426 21.197999954223633
v 7.1168999671936035 8.260299682617188 24.025999069213867
v 7.896900177001953 8.282299995422363 25.389999389648438
v 8.60890007019043 7.616300106048584 25.472000122070312
v 0.9969009757041931 -9.817700386047363 25.604000091552734
v 3.9828999042510986 -9.591699600219727 26.243999481201172
v 5.318900108337402 -9.341699600219727 26.534000396728516
v 7.868899822235107 -9.15369987487793 26.534000396728516
v -9.595100402832031 -3.1017000675201416 19.804000854492188
v -9.657099723815918 -2.9677000045776367 20.31399917602539
v -9.459099769592285 -2.889699935913086 19.972000122070312
v -9.363100051879883 2.9502999782562256 20.6200008392334
v -3.553100109100342 -9.363699913024902 19.691999435424805
v -9.549099922180176 -7.627699851989746 19.54800033569336
v -7.015100002288818 -9.753700256347656 22.8799991607666
v -7.793099880218506 -9.819700241088867 23.583999633789062
v -8.853099822998047 -9.085700035095215 21.709999084472656
v -9.233099937438965 -8.419699668884277 21.535999298095703
v -9.461099624633789 -8.099699974060059 20.395999908447266
v 6.4928998947143555 9.162300109863281 19.27199935913086
v -6.341100215911865 9.376299858093262 18.986000061035156
v -5.303100109100342 9.31029987335205 17.893999099731445
v 7.32889986038208 8.776300430297852 20.163999557495117
v 6.714900016784668 8.974300384521484 20.266000747680664
v 6.8069000244140625 8.364299774169922 23.263999938964844
v 7.1149001121521 8.546299934387207 24.93600082397461
v 8.230899810791016 8.092300415039062 26.04400062561035
v 9.204899787902832 6.164299964904785 25.902000427246094
v 8.178899765014648 7.75629997253418 26.41200065612793
v 7.892899990081787 7.820300102233887 26.534000396728516
v 8.522899627685547 7.414299964904785 26.187999725341797
v 4.700900077819824 -9.52970027923584 26.38800048828125
v -0.587099015712738 -9.567700386047363 22.107999801635742
v -1.3770999908447266 -9.631699562072754 23.420000076293945
v -9.693099975585938 -6.815700054168701 20.13800048828125
v -9.593099594116211 -2.525700092315674 21.077999114990234
v -9.573100090026855 -2.2997000217437744 21.45400047302246
v -9.489100456237793 -2.2177000045776367 21.350000381469727
v -9.655099868774414 6.136300086975098 20.625999450683594
v -9.68910026550293 3.5862998962402344 20.833999633789062
v -6.237100124359131 -9.60770034790039 22.95400047302246
v -7.117099761962891 -9.817700386047363 23.974000930786133
v -8.203100204467773 -9.763699531555176 23.32200050354004
v -9.163100242614746 -8.61970043182373 22.073999404907227
v 6.894899845123291 9.062299728393555 19.663999557495117
v -7.959099769592285 9.190299987792969 18.65999984741211
v -7.8730998039245605 9.20829963684082 20.104000091552734
v -5.431099891662598 9.290300369262695 18.802000045776367
v 5.648900032043457 9.376299858093262 19.756000518798828
v 6.124899864196777 8.99429988861084 21.128000259399414
v 6.124899864196777 8.69629955291748 22.79599952697754
v 6.230899810791016 8.616299629211426 23.697999954223633
v 6.264900207519531 8.736300468444824 24.492000579833984
v 7.300899982452393 8.702300071716309 25.378000259399414
v 7.896900177001953 8.074299812316895 26.511999130249023
v 2.0129001140594482 -9.769700050354004 25.959999084472656
v 3.156899929046631 -9.17770004272461 26.534000396728516
v 2.962899923324585 -9.631699562072754 26.233999252319336
v -9.671099662780762 3.2743000984191895 21.52400016784668
v -9.559100151062012 2.5262999534606934 21.697999954223633
v -9.589099884033203 2.2783000469207764 21.986000061035156
v -9.369099617004395 7.972300052642822 19.766000747680664
v -5.7571001052856445 -9.693699836730957 21.993999481201172
v -9.591099739074707 -7.631700038909912 20.444000244140625
v -6.631100177764893 -9.759699821472168 23.67799949645996
v -7.185100078582764 -9.843700408935547 25.15399932861328
v -9.503100395202637 -7.729700088500977 20.91200065612793
v 6.576900005340576 9.188300132751465 19.76799964904785
v -8.359100341796875 8.978300094604492 19.93199920654297
v -4.983099937438965 9.304300308227539 18.51799964904785
v 5.664899826049805 9.012299537658691 21.923999786376953
v 6.69290018081665 9.012299537658691 25.416000366210938
v 7.466899871826172 9.048299789428711 26.360000610351562
v 7.880899906158447 8.582300186157227 25.968000411987305
v -9.119099617004395 2.7683000564575195 20.474000930786133
v -9.37909984588623 3.108299970626831 20.003999710083008
v -9.127099990844727 2.8903000354766846 20.11199951171875
v -9.52910041809082 3.1522998809814453 20.788000106811523
v -7.7631001472473145 -9.761699676513672 24.408000946044922
v -8.45110034942627 -9.61970043182373 23.4060001373291
v -8.345100402832031 -9.591699600219727 23.868000030517578
v -9.405099868774414 -7.927700042724609 21.54599952697754
v -8.75510025024414 8.668299674987793 19.965999603271484
v -7.2571001052856445 9.352299690246582 20.222000122070312
v -4.275100231170654 9.384300231933594 18.552000045776367
v 4.494900226593018 9.19629955291748 22.535999298095703
v 8.242899894714355 8.502300262451172 26.13800048828125
v -9.9931001663208 5.804299831390381 26.534000396728516
v -9.991100311279297 4.868299961090088 26.20199966430664
v -9.947099685668945 3.354300022125244 26.534000396728516
v -9.311100006103516 0.3562999963760376 26.534000396728516
v -9.549099922180176 0.08830069750547409 26.45800018310547
v -9.441100120544434 -1.6476999521255493 26.534000396728516
v -9.107099533081055 -3.257699966430664 26.534000396728516
v -9.51710033416748 -3.629699945449829 26.304000854492188
v -9.113100051879883 -3.893699884414673 26.534000396728516
v 2.332900047302246 -9.437700271606445 26.527999877929688
v -9.739100456237793 -5.26170015335083 20.17799949645996
v -9.739100456237793 -3.45169997215271 19.865999221801758
v -9.03909969329834 1.9483000040054321 21.50200080871582
v -8.929100036621094 2.1482999324798584 21.299999237060547
v -9.523099899291992 7.288300037384033 19.534000396728516
v -9.147100448608398 8.304300308227539 19.724000930786133
v -9.593099594116211 -7.469699859619141 20.70400047302246
v -5.793099880218506 -9.583700180053711 22.950000762939453
v -8.681099891662598 -9.36769962310791 23.75
v -9.523099899291992 -7.6656999588012695 22.777999877929688
v 5.274899959564209 9.136300086975098 24.47599983215332
v 6.924900054931641 9.37030029296875 26.36199951171875
v 7.944900035858154 8.554300308227539 26.304000854492188
v -0.7130990028381348 10.000300407409668 26.645999908447266
v -3.661099910736084 9.998299598693848 26.56999969482422
v -2.90910005569458 9.998299598693848 26.628000259399414
v -9.955100059509277 5.666299819946289 25.920000076293945
v -9.961099624633789 7.696300029754639 26.194000244140625
v -9.975099563598633 7.854300022125244 26.534000396728516
v -9.685099601745605 1.9682999849319458 26.534000396728516
v -9.845100402832031 2.240299940109253 26.534000396728516
v -9.759099960327148 1.8443000316619873 26.493999481201172
v -9.773099899291992 1.0042999982833862 26.464000701904297
v -9.603099822998047 -1.0597000122070312 26.469999313354492
v -9.60509967803955 -1.8837000131607056 26.392000198364258
v -9.237099647521973 -1.9876999855041504 26.534000396728516
v -9.41510009765625 -2.269700050354004 26.534000396728516
v -9.4931001663208 -2.7376999855041504 26.445999145507812
v -9.297100067138672 -4.3557000160217285 26.534000396728516
v -9.133099555969238 -7.717700004577637 26.256000518798828
v -8.215100288391113 -7.947700023651123 26.534000396728516
v -8.795100212097168 -6.835700035095215 26.534000396728516
v 7.396900177001953 8.798299789428711 26.534000396728516
v 0.584900975227356 0.5842999815940857 22.107999801635742
v 5.510900020599365 -0.001699449960142374 22.166000366210938
v -0.001099589979276061 -0.001699449960142374 22.166000366210938
v -2.481100082397461 -9.591699600219727 21.621999740600586
v -4.849100112915039 -9.681699752807617 23.81999969482422
v -8.261099815368652 -9.521699905395508 25.040000915527344
v -9.275099754333496 -8.511699676513672 22.895999908447266
v -9.547100067138672 -7.02370023727417 21.503999710083008
v -9.115099906921387 -8.805700302124023 22.711999893188477
v -6.527100086212158 9.408300399780273 19.871999740600586
v 2.8048999309539795 9.44629955291748 20.729999542236328
v 2.780900001525879 9.38029956817627 21.118000030517578
v 3.0069000720977783 9.546299934387207 20.709999084472656
v -4.561100006103516 9.386300086975098 19.854000091552734
v 4.130899906158447 9.476300239562988 21.134000778198242
v 4.508900165557861 9.190299987792969 23.152000427246094
v 5.85290002822876 9.418299674987793 25.672000885009766
v 8.06089973449707 8.650300025939941 26.229999542236328
v -7.229100227355957 9.97029972076416 26.356000900268555
v -7.743100166320801 9.934300422668457 26.597999572753906
v -6.835100173950195 9.972299575805664 26.552000045776367
v -1.9671000242233276 9.924300193786621 25.440000534057617
v -4.3730998039245605 9.974300384521484 25.950000762939453
v -4.7631001472473145 9.998299598693848 26.576000213623047
v -9.82509994506836 6.182300090789795 24.8799991607666
v -9.889100074768066 2.986299991607666 26.534000396728516
v -9.873100280761719 2.496299982070923 26.218000411987305
v -9.76710033416748 0.4763000011444092 25.992000579833984
v -9.75510025024414 -3.3677000999450684 25.81999969482422
v -9.567099571228027 -4.337699890136719 26.31800079345703
v -9.523099899291992 -4.917699813842773 26.336000442504883
v -9.121100425720215 -4.969699859619141 26.534000396728516
v -9.155099868774414 -5.521699905395508 26.534000396728516
v -9.30109977722168 -5.437699794769287 26.483999252319336
v -9.433099746704102 -5.959700107574463 26.308000564575195
v -9.423100471496582 -6.74370002746582 26.13599967956543
v -8.625100135803223 -8.135700225830078 26.534000396728516
v 1.5988999605178833 -9.48169994354248 26.534000396728516
v 1.082900047302246 -9.763699531555176 26.32200050354004
v 0.8949009776115417 -9.599699974060059 26.534000396728516
v 7.716899871826172 8.804300308227539 26.36199951171875
v -0.9550989866256714 -9.691699981689453 24.302000045776367
v -9.645099639892578 -4.683700084686279 22.06599998474121
v -9.655099868774414 -4.777699947357178 21.09000015258789
v -9.561100006103516 0.008299830369651318 22.79800033569336
v -9.46310043334961 -0.6916999816894531 22.423999786376953
v -9.615099906921387 -0.9756990075111389 22.9060001373291
v -9.095100402832031 8.258299827575684 20.472000122070312
v -3.175100088119507 -9.375699996948242 19.847999572753906
v -4.025100231170654 -9.647700309753418 22.8700008392334
v -8.965100288391113 -9.043700218200684 23.139999389648438
v 4.360899925231934 9.356300354003906 23.809999465942383
v 4.022900104522705 9.26830005645752 22.3700008392334
v 5.728899955749512 9.692299842834473 26.309999465942383
v -6.15310001373291 9.980299949645996 26.582000732421875
v -7.607100009918213 9.796299934387207 25.715999603271484
v -8.093099594116211 9.950300216674805 26.63599967956543
v 2.886899948120117 9.996299743652344 26.58799934387207
v 3.3208999633789062 9.996299743652344 26.417999267578125
v 1.1988999843597412 9.998299598693848 26.58799934387207
v -9.807100296020508 7.106299877166748 25.260000228881836
v -9.735099792480469 -1.2556999921798706 26.261999130249023
v -9.719099998474121 -4.885700225830078 26.030000686645508
v -9.501099586486816 -7.149700164794922 25.889999389648438
v -8.911100387573242 -8.331700325012207 26.450000762939453
v 0.17890100181102753 -9.84570026397705 26.534000396728516
v 7.500899791717529 8.980299949645996 26.45800018310547
v 7.134900093078613 9.15429973602295 26.538000106811523
v -2.1210999488830566 -9.543700218200684 21.288000106811523
v -1.719099998474121 -9.561699867248535 21.618000030517578
v -9.769100189208984 -2.9256999492645264 23.847999572753906
v -9.56309986114502 -2.0376999378204346 22.09600067138672
v -9.585100173950195 1.4723000526428223 22.562000274658203
v -9.633099555969238 0.5723000168800354 22.97800064086914
v -9.663100242614746 1.8562999963760376 22.82200050354004
v -9.543100357055664 7.00629997253418 20.40399932861328
v -9.687100410461426 4.740300178527832 21.947999954223633
v -7.771100044250488 -9.711700439453125 25.299999237060547
v -8.66510009765625 -9.285699844360352 25.049999237060547
v -9.409099578857422 -8.149700164794922 22.98200035095215
v -9.033100128173828 8.386300086975098 20.076000213623047
v -4.161099910736084 9.57229995727539 20.465999603271484
v -2.9430999755859375 9.70829963684082 19.75200080871582
v 2.8208999633789062 9.526300430297852 20.308000564575195
v 2.842900037765503 9.564299583435059 20.158000946044922
v 4.274899959564209 9.680299758911133 24.881999969482422
v 4.960899829864502 9.736300468444824 25.90999984741211
v 6.558899879455566 9.554300308227539 26.488000869750977
v -5.971099853515625 9.94629955291748 25.035999298095703
v -7.995100021362305 9.678299903869629 25.555999755859375
v -8.495100021362305 9.868300437927246 26.6560001373291
v -9.887100219726562 8.106300354003906 26.104000091552734
v -9.777099609375 -1.4377000331878662 26.00200080871582
v -9.619099617004395 -6.211699962615967 25.972000122070312
v -0.8770989775657654 -9.973699569702148 26.534000396728516
v -5.7571001052856445 -9.991700172424316 26.534000396728516
v -3.413100004196167 -9.905699729919434 26.1560001373291
v -9.55109977722168 -6.621699810028076 25.58799934387207
v -9.461099624633789 -7.477700233459473 25.694000244140625
v -9.197099685668945 -8.389699935913086 26.18600082397461
v -0.49709901213645935 -9.911700248718262 26.1560001373291
v 0.5129010081291199 -9.861700057983398 26.076000213623047
v -9.351099967956543 7.7642998695373535 20.486000061035156
v -4.855100154876709 -9.967700004577637 26.214000701904297
v -6.05709981918335 9.488300323486328 20.47599983215332
v -3.835099935531616 9.672300338745117 21.06800079345703
v 1.992900013923645 9.776300430297852 23.305999755859375
v 3.1208999156951904 9.624300003051758 23.687999725341797
v 2.5088999271392822 9.616299629211426 22.926000595092773
v 4.1168999671936035 9.838299751281738 25.72800064086914
v 6.296899795532227 9.58430004119873 26.540000915527344
v 4.978899955749512 9.934300422668457 26.582000732421875
v -7.14109992980957 9.848299980163574 25.582000732421875
v -9.071100234985352 9.462300300598145 26.152000427246094
v 3.8589000701904297 9.986300468444824 26.576000213623047
v -3.535099983215332 9.798299789428711 24.54199981689453
v -9.857099533081055 8.508299827575684 26.558000564575195
v -9.751099586486816 7.724299907684326 25.41200065612793
v -9.771100044250488 -0.07569979876279831 25.530000686645508
v -9.395099639892578 -8.001700401306152 25.974000930786133
v -9.013099670410156 -8.687700271606445 26.486000061035156
v -9.691100120544434 1.1002999544143677 23.968000411987305
v -8.249099731445312 -9.599699974060059 26.233999252319336
v -7.145100116729736 -9.987700462341309 26.40999984741211
v -7.413099765777588 -9.919699668884277 26.143999099731445
v -9.00510025024414 -8.921699523925781 24.506000518798828
v -8.853099822998047 8.586299896240234 22.055999755859375
v -8.521100044250488 8.920299530029297 21.13800048828125
v -8.041099548339844 9.218299865722656 21.08799934387207
v -4.515100002288818 9.614299774169922 20.98200035095215
v -2.7571001052856445 9.770299911499023 20.582000732421875
v 2.3768999576568604 9.598299980163574 22.468000411987305
v 3.140899896621704 9.778300285339355 24.336000442504883
v 5.320899963378906 9.714300155639648 26.54599952697754
v 6.6209001541137695 9.474300384521484 26.540000915527344
v -9.019100189208984 9.610300064086914 26.65399932861328
v -8.521100044250488 9.49429988861084 25.615999221801758
v 1.402899980545044 9.826299667358398 23.420000076293945
v -9.697099685668945 7.388299942016602 24.847999572753906
v -9.795100212097168 -2.9077000617980957 25.134000778198242
v -3.4491000175476074 -9.627699851989746 24.389999389648438
v -1.3890999555587769 -9.941699981689453 26.200000762939453
v -9.453100204467773 -7.9217000007629395 25.552000045776367
v -9.3371000289917 -8.287699699401855 25.742000579833984
v -2.6830999851226807 -9.615699768066406 24.530000686645508
v -9.679100036621094 -5.703700065612793 23.40399932861328
v -9.51710033416748 7.216300010681152 21.43400001525879
v -9.285099983215332 -8.341699600219727 24.375999450683594
v -5.791100025177002 9.796299934387207 22.468000411987305
v -3.6910998821258545 9.666299819946289 22.101999282836914
v 3.3189001083374023 9.88029956817627 25.447999954223633
v -8.227100372314453 9.486300468444824 25.167999267578125
v -9.099100112915039 9.236300468444824 25.805999755859375
v -9.66510009765625 8.876299858093262 26.115999221801758
v -9.643099784851074 8.284299850463867 25.559999465942383
v -9.559100151062012 7.964300155639648 24.898000717163086
v -9.581100463867188 -6.591700077056885 24.219999313354492
v -8.95110034942627 -8.84570026397705 26.535999298095703
v -9.007100105285645 -8.829700469970703 26.474000930786133
v -9.627099990844727 6.6483001708984375 22.913999557495117
v -9.513099670410156 7.23829984664917 22.631999969482422
v -8.827099800109863 -9.2076997756958 25.45400047302246
v -9.423100471496582 -7.785699844360352 24.368000030517578
v -8.099100112915039 9.234299659729004 22.472000122070312
v -7.1371002197265625 9.692299842834473 22.937999725341797
v -7.779099941253662 9.622300148010254 24.940000534057617
v -8.655099868774414 9.214300155639648 24.99799919128418
v -9.357099533081055 9.236300468444824 26.16200065612793
v -2.6410999298095703 9.60830020904541 22.8799991607666
v -5.929100036621094 9.832300186157227 23.868000030517578
v -9.69909954071045 8.886300086975098 26.600000381469727
v -9.585100173950195 7.520299911499023 24.215999603271484
v -7.5030999183654785 -9.98169994354248 26.534000396728516
v -7.565100193023682 -9.975700378417969 26.459999084472656
v -9.157099723815918 -8.659700393676758 25.90399932861328
v -8.965100288391113 -9.0177001953125 25.0939998626709
v -8.537099838256836 8.928299903869629 22.51799964904785
v -6.591100215911865 9.786299705505371 23.781999588012695
v -9.435099601745605 9.24429988861084 26.642000198364258
v -9.291099548339844 8.682299613952637 25.131999969482422
v -0.10909900069236755 9.802300453186035 22.809999465942383
v -9.36709976196289 8.174300193786621 24.22599983215332
v -9.221099853515625 8.028300285339355 22.31800079345703
v -9.059100151062012 -8.961700439453125 25.597999572753906
v -9.253100395202637 -8.507699966430664 24.908000946044922
v -7.717100143432617 9.450300216674805 22.474000930786133
v -6.735099792480469 9.766300201416016 22.670000076293945
v -2.483099937438965 9.610300064086914 22.63800048828125
v -3.8691000938415527 9.650300025939941 22.808000564575195
v 1.4749000072479248 9.824299812316895 22.148000717163086
v 0.47690099477767944 9.828300476074219 22.1200008392334
v -7.341100215911865 9.63230037689209 23.649999618530273
v -8.365099906921387 9.252300262451172 24.219999313354492
v -8.853099822998047 8.914299964904785 24.356000900268555
v -9.389100074768066 7.740300178527832 22.989999771118164
v -8.501099586486816 -9.341699600219727 26.445999145507812
v -8.423100471496582 -9.319700241088867 26.534000396728516
v -8.863100051879883 -9.011699676513672 26.538000106811523
v -7.9471001625061035 -9.875699996948242 26.534000396728516
v -9.12909984588623 8.586299896240234 24.195999145507812
v -9.171099662780762 8.238300323486328 23.055999755859375
v -8.149100303649902 -9.721699714660645 26.534000396728516
v -9.003100395202637 -8.937700271606445 25.881999969482422
v -8.82509994506836 8.688300132751465 22.93400001525879
v -6.821100234985352 9.766300201416016 23.035999298095703
v -1.1791000366210938 9.760299682617188 21.93400001525879
v 0.06890109926462173 -9.569700241088867 22.15999984741211
v 1.1448999643325806 -9.46969985961914 21.959999084472656
v 1.5628999471664429 -9.431699752807617 21.908000946044922
v 1.3529000282287598 -9.46969985961914 21.992000579833984
v -0.12509900331497192 9.814299583435059 22.15399932861328
v -0.587099015712738 0.5842999815940857 22.107999801635742
v -0.5990989804267883 9.788299560546875 22.104000091552734
v 9.542900085449219 -0.31369999051094055 16.06999969482422
v -0.001099589979276061 -0.001699449960142374 16.166000366210938
v 7.278900146484375 -0.001699449960142374 16.166000366210938
v 0.584900975227356 0.5842999815940857 16.224000930786133
v 9.714900016784668 -3.0276999473571777 19.399999618530273
v 9.68690013885498 -3.2276999950408936 19.052000045776367
v 9.552900314331055 -3.0357000827789307 19.15999984741211
v 9.376899719238281 1.1863000392913818 16.389999389648438
v 2.8089001178741455 -8.725700378417969 18.125999450683594
v 2.4928998947143555 -2.495699882507324 17.5
v 9.54889965057373 1.4062999486923218 16.441999435424805
v 9.29889965057373 2.2063000202178955 17.077999114990234
v 9.390899658203125 2.24429988861084 16.972000122070312
v 9.604900360107422 0.1623000055551529 22.15399932861328
v 9.74489974975586 0.004300119820982218 22.384000778198242
v 9.606900215148926 -0.03969959914684296 22.166000366210938
v 9.53689956665039 3.064300060272217 19.79800033569336
v 2.2609000205993652 9.416299819946289 21.68400001525879
v 2.526900053024292 9.340299606323242 21.722000122070312
v 3.648900032043457 -9.609700202941895 19.402000427246094
v 2.6089000701904297 -9.263699531555176 17.606000900268555
v 1.6648999452590942 -9.675700187683105 16.672000885009766
v 0.8209009766578674 -9.695699691772461 16.29599952697754
v -2.4951000213623047 2.49429988861084 20.832000732421875
v -2.1191000938415527 9.75629997253418 21.290000915527344
v -1.785099983215332 -8.827699661254883 16.729999542236328
v -1.7690999507904053 -9.217700004577637 16.63800048828125
v -9.321100234985352 -1.8956999778747559 16.790000915527344
v -2.6870999336242676 -9.173700332641602 17.082000732421875
v 2.8649001121520996 9.586299896240234 17.263999938964844
v 2.766900062561035 9.49429988861084 17.79199981689453
v -2.969099998474121 -9.013699531555176 17.922000885009766
v -3.151099920272827 -8.971699714660645 18.535999298095703
v -9.661100387573242 -2.879699945449829 17.947999954223633
v -9.735099792480469 -3.0476999282836914 17.81399917602539
v -9.675100326538086 -3.079699993133545 18.65999984741211
v -9.477100372314453 -3.017699956893921 19.65999984741211
v -9.667099952697754 -3.1737000942230225 19.145999908447266
v -9.519100189208984 3.2802999019622803 19.350000381469727
v -9.611100196838379 3.358299970626831 18.926000595092773
v -9.491100311279297 -2.7976999282836914 20.34000015258789
v -9.633099555969238 -2.7276999950408936 20.444000244140625
v -9.357099533081055 -2.775700092315674 20.323999404907227
v -1.1490999460220337 -9.567700386047363 21.937999725341797
v -2.773099899291992 -9.437700271606445 20.31399917602539
v -3.5071001052856445 -9.209699630737305 18.45599937438965
v 1.1469000577926636 -1.1497000455856323 16.393999099731445
v 9.462900161743164 -2.5397000312805176 20.76799964904785
v 9.586899757385254 -2.0557000637054443 21.36400032043457
v 9.566900253295898 -2.4117000102996826 20.95800018310547
v 2.7969000339508057 -8.775699615478516 20.22800064086914
v 2.830899953842163 -9.11970043182373 20.238000869750977
v 2.770900011062622 -2.771699905395508 20.31399917602539
v 2.6289000511169434 -9.269700050354004 20.610000610351562
v 2.5429000854492188 -9.375699996948242 20.8439998626709
v 3.908900022506714 -9.727700233459473 18.628000259399414
v 2.9409000873565674 -2.943700075149536 18.579999923706055
v 3.0028998851776123 -8.723699569702148 19.197999954223633
v 2.9988999366760254 -3.001699924468994 19.166000366210938
v -9.259099960327148 2.6422998905181885 20.97599983215332
v 2.036900043487549 9.540300369262695 21.694000244140625
v 1.8149000406265259 9.636300086975098 21.56599998474121
v 1.898900032043457 9.672300338745117 21.790000915527344
v 2.9409000873565674 2.9423000812530518 19.75200080871582
v -9.569100379943848 -2.443700075149536 17.134000778198242
v -9.61709976196289 -2.7316999435424805 17.43199920654297
v 1.1469000577926636 9.830300331115723 21.937999725341797
v 5.332900047302246 0.5842999815940857 22.107999801635742
v 9.57289981842041 0.5782999992370605 22.1200008392334
v 9.628899574279785 1.176300048828125 21.95800018310547
v 9.748900413513184 1.3623000383377075 21.93400001525879
v 9.72089958190918 0.9642999768257141 22.134000778198242
v -8.775099754333496 2.5162999629974365 20.784000396728516
v 2.4928998947143555 2.49429988861084 20.832000732421875
v 9.034899711608887 2.434299945831299 20.9060001373291
v 9.580900192260742 2.626300096511841 20.937999725341797
v 9.206899642944336 2.606300115585327 20.663999557495117
v -2.4951000213623047 -2.495699882507324 20.832000732421875
v 8.364899635314941 -0.20170000195503235 16.17799949645996
v -1.1490999460220337 1.146299958229065 16.393999099731445
v -8.721099853515625 1.080299973487854 16.3700008392334
v -8.519100189208984 0.6183000206947327 16.229999542236328
v 1.1469000577926636 1.146299958229065 16.393999099731445
v 7.416900157928467 0.8603000044822693 16.308000564575195
v -0.6290990114212036 2.7102999687194824 16.238000869750977
v -0.9750999808311462 9.354299545288086 16.341999053955078
v -1.069100022315979 9.452300071716309 16.347999572753906
v -0.587099015712738 -0.5856999754905701 16.224000930786133
v -1.3430999517440796 4.366300106048584 16.49799919128418
v -9.137100219726562 1.6583000421524048 16.648000717163086
v -1.667099952697754 1.6663000583648682 16.672000885009766
v -9.095100402832031 1.992300033569336 16.91200065612793
v -8.781100273132324 0.7243000268936157 16.176000595092773
v -8.857099533081055 0.668300986289978 16.06399917602539
v 2.1208999156951904 -2.1217000484466553 17.04400062561035
v 9.296899795532227 -2.495699882507324 17.5
v 9.502900123596191 -2.131700038909912 17.04599952697754
v 9.46090030670166 -2.9776999950408936 18.75
v -2.4951000213623047 -2.495699882507324 17.5
v -2.465100049972534 -8.395700454711914 17.461999893188477
v -2.1210999488830566 -2.1217000484466553 17.04400062561035
v -3.0011000633239746 -3.001699924468994 19.166000366210938
v -2.9291000366210938 -8.341699600219727 18.531999588012695
v -2.9430999755859375 -2.943700075149536 18.579999923706055
v -4.955100059509277 -0.001699449960142374 16.166000366210938
v -1.1490999460220337 1.146299958229065 21.937999725341797
v -9.293100357055664 -2.455699920654297 20.902000427246094
v -2.773099899291992 -2.771699905395508 20.31399917602539
v -9.293100357055664 1.086300015449524 22.18400001525879
v -9.287099838256836 0.5662999749183655 22.32200050354004
v -9.437100410461426 0.9682999849319458 22.416000366210938
v 7.776899814605713 -1.6677000522613525 16.672000885009766
v 7.892899990081787 -1.8316999673843384 16.805999755859375
v -3.3770999908447266 -9.237700462341309 19.511999130249023
v -3.233099937438965 -9.283699989318848 19.663999557495117
v -2.1210999488830566 -2.1217000484466553 21.288000106811523
v 2.9409000873565674 -2.943700075149536 19.75200080871582
v 2.9328999519348145 -8.943699836730957 19.766000747680664
v -2.543100118637085 9.44629955291748 17.554000854492188
v -2.783099889755249 9.422300338745117 18.04800033569336
v -2.4951000213623047 2.49429988861084 17.5
v 9.586899757385254 -2.259700059890747 21.214000701904297
v -1.6650999784469604 5.582300186157227 21.66200065612793
v -1.667099952697754 1.6663000583648682 21.65999984741211
v -1.1490999460220337 -1.1497000455856323 16.393999099731445
v -1.667099952697754 -1.6677000522613525 16.672000885009766
v 1.0068999528884888 -1.007699966430664 21.979999542236328
v 0.584900975227356 -0.5856999754905701 22.107999801635742
v 7.09089994430542 -1.1397000551223755 21.941999435424805
v 2.4928998947143555 -2.495699882507324 20.832000732421875
v -1.1490999460220337 -1.1497000455856323 21.937999725341797
v -9.327099800109863 -1.1476999521255493 21.950000762939453
v -8.429100036621094 -1.1497000455856323 16.393999099731445
v -0.587099015712738 0.5842999815940857 16.224000930786133
v 7.248899936676025 -1.6677000522613525 21.65999984741211
v 2.1208999156951904 -2.1217000484466553 21.288000106811523
v 1.6648999452590942 -1.6677000522613525 21.65999984741211
v -8.625100135803223 1.1243000030517578 21.947999954223633
v 2.1208999156951904 2.120300054550171 17.04400062561035
v 1.6648999452590942 1.6663000583648682 16.672000885009766
v 2.9409000873565674 -8.477700233459473 18.61400032043457
v 2.962899923324585 -8.815699577331543 18.531999588012695
v -2.9430999755859375 2.9423000812530518 19.75200080871582
v -3.0090999603271484 9.522299766540527 19.166000366210938
v -2.983099937438965 9.65429973602295 19.360000610351562
v -3.1171000003814697 9.562299728393555 18.959999084472656
v -8.543100357055664 0.22030100226402283 16.125999450683594
v -2.773099899291992 9.774299621582031 20.31399917602539
v -2.773099899291992 2.7702999114990234 20.31399917602539
v 3.1189000606536865 -9.339699745178223 19.757999420166016
v 3.280900001525879 -9.563699722290039 19.950000762939453
v 2.914900064468384 -9.215700149536133 20.076000213623047
v -9.27910041809082 -2.511699914932251 17.530000686645508
v -2.773099899291992 -2.771699905395508 18.01799964904785
v -2.9430999755859375 -2.943700075149536 19.75200080871582
v -9.293100357055664 -2.9976999759674072 19.195999145507812
v 1.714900016784668 9.122300148010254 16.711999893188477
v 9.350899696350098 -3.001699924468994 19.166000366210938
v 3.086899995803833 -9.037699699401855 18.66200065612793
v 3.2629001140594482 -9.259699821472168 18.823999404907227
v 2.9409000873565674 2.9423000812530518 18.579999923706055
v 2.9988999366760254 2.998300075531006 19.166000366210938
v 2.9328999519348145 9.646300315856934 18.54400062561035
v -2.1210999488830566 2.120300054550171 17.04400062561035
v 2.4928998947143555 2.49429988861084 17.5
v -2.977099895477295 -9.321700096130371 19.75
v -3.0810999870300293 -9.14169979095459 19.606000900268555
v -2.9530999660491943 -8.627699851989746 18.423999786376953
v -2.9990999698638916 -8.573699951171875 19.09000015258789
v -1.667099952697754 -1.6677000522613525 21.65999984741211
v 2.414900064468384 8.964300155639648 20.972000122070312
v 3.158900022506714 -9.137700080871582 19.222000122070312
v 3.0009000301361084 -9.083700180053711 19.66200065612793
v 2.890899896621704 -9.491700172424316 17.582000732421875
v 3.344899892807007 -9.571700096130371 17.895999908447266
v 2.9848999977111816 -9.0177001953125 18.34000015258789
v 5.200900077819824 1.146299958229065 21.937999725341797
v 7.44290018081665 -0.5856999754905701 16.224000930786133
v 2.9988999366760254 9.640299797058105 19.166000366210938
v 1.6648999452590942 -1.6677000522613525 16.672000885009766
v -2.905100107192993 -9.387700080871582 19.874000549316406
v -2.9911000728607178 -8.873700141906738 19.562000274658203
v -2.7611000537872314 -8.033699989318848 17.996000289916992
v 1.1469000577926636 1.146299958229065 21.937999725341797
v 2.770900011062622 -2.771699905395508 18.01799964904785
v 3.516900062561035 -9.525699615478516 19.16200065612793
v -3.541100025177002 -9.2677001953125 19.375999450683594
v 3.9168999195098877 -9.735699653625488 17.72599983215332
v 3.4828999042510986 -9.579700469970703 18.15399932861328
v 2.8529000282287598 -9.499699592590332 20.531999588012695
v 0.584900975227356 -0.5856999754905701 16.224000930786133
v -3.15310001373291 -9.00570011138916 19.356000900268555
v -3.091099977493286 -8.871700286865234 19.125999450683594
v -3.043100118637085 -8.859700202941895 18.416000366210938
v 0.9669010043144226 -9.579700469970703 21.993999481201172
v 0.584900975227356 -9.575699806213379 22.107999801635742
v 1.1669000387191772 -9.537699699401855 22.106000900268555
v 2.0069000720977783 -9.59570026397705 21.92799949645996
v 1.7628999948501587 -9.09570026397705 21.58799934387207
v 1.8609000444412231 -9.315699577331543 21.673999786376953
v 1.5569000244140625 -9.287699699401855 21.781999588012695
v 1.9688999652862549 -9.151700019836426 21.483999252319336
v 2.396899938583374 -9.363699913024902 21
v 2.140899896621704 -9.343700408935547 17.04599952697754
v -2.529099941253662 -8.985699653625488 17.333999633789062
v -2.7551000118255615 -8.977700233459473 17.691999435424805
v -2.1391000747680664 -8.623700141906738 17.04800033569336
v 9.68690013885498 2.734299898147583 20.93400001525879
v 9.558899879455566 2.4003000259399414 21.215999603271484
v -1.667099952697754 9.752300262451172 21.65999984741211
v 9.672900199890137 2.04830002784729 21.56599998474121
v 9.654899597167969 1.7542999982833862 21.597999572753906
v 9.476900100708008 2.0123000144958496 21.45800018310547
v -2.347100019454956 -9.235699653625488 16.788000106811523
v -2.0790998935699463 -9.013699531555176 16.847999572753906
v 9.57289981842041 -2.935699939727783 18.440000534057617
v 9.280900001525879 2.1363000869750977 21.275999069213867
v 9.654899597167969 0.5982999801635742 22.143999099731445
v 9.388899803161621 -0.8636999726295471 22.02400016784668
v 9.760899543762207 -1.103700041770935 22.15999984741211
v 9.750900268554688 -1.3976999521255493 22.052000045776367
v 9.774900436401367 -1.8997000455856323 21.908000946044922
v 9.74489974975586 -1.9896999597549438 21.63599967956543
v 9.706899642944336 -1.513700008392334 21.993999481201172
v 9.776900291442871 -1.6857000589370728 21.972000122070312
v 9.496899604797363 -1.6456999778747559 21.695999145507812
v 9.712900161743164 -2.1756999492645264 21.52199935913086
v 9.692899703979492 2.3503000736236572 21.422000885009766
v 9.63290023803711 -1.8876999616622925 21.507999420166016
v 9.190899848937988 2.9022998809814453 18.43000030517578
v 9.562899589538574 -2.581700086593628 20.785999298095703
v 9.778900146484375 -0.4537000060081482 22.1299991607666
v 9.718899726867676 -0.31769898533821106 22.176000595092773
v 8.588899612426758 -0.26569899916648865 16.149999618530273
v 9.408900260925293 -0.1657000035047531 16.06399917602539
v 9.628899574279785 -1.6756999492645264 21.805999755859375
v 9.678899765014648 -2.7276999950408936 20.538000106811523
v 9.726900100708008 -1.7756999731063843 21.892000198364258
v 9.296899795532227 2.9502999782562256 19.75200080871582
v 9.556900024414062 -3.021699905395508 18.75200080871582
v 9.500900268554688 -2.563699960708618 17.6200008392334
v 9.490900039672852 -2.4737000465393066 17.398000717163086
v 9.498900413513184 -2.2997000217437744 16.947999954223633
v 9.512900352478027 -2.437700033187866 16.75200080871582
v 8.842900276184082 -1.9776999950408936 16.926000595092773
v 9.57289981842041 -2.693700075149536 17.788000106811523
v 9.514900207519531 -2.187700033187866 17.06399917602539
v 9.318900108337402 -2.1036999225616455 16.93400001525879
v 9.544899940490723 -2.3696999549865723 17.082000732421875
v 9.578900337219238 -2.5536999702453613 16.445999145507812
v 7.418900012969971 0.5462999939918518 16.219999313354492
v 9.660900115966797 2.8782999515533447 20.583999633789062
v 9.438899993896484 1.736299991607666 16.711999893188477
v 9.462900161743164 1.8623000383377075 16.79199981689453
v 9.23490047454834 2.676300048828125 17.79400062561035
v 2.770900011062622 2.7702999114990234 18.01799964904785
v 9.426899909973145 3.182300090789795 18.676000595092773
v 9.344900131225586 3.0743000507354736 18.91200065612793
v 9.360899925231934 2.676300048828125 17.371999740600586
v 9.142900466918945 2.78629994392395 18.038000106811523
v 9.386899948120117 -1.2077000141143799 21.908000946044922
v 9.586899757385254 1.8222999572753906 16.554000854492188
v 9.660900115966797 1.6642999649047852 21.70800018310547
v 9.724900245666504 1.8482999801635742 21.642000198364258
v 9.658900260925293 -2.691699981689453 20.86400032043457
v 9.432900428771973 3.06030011177063 19.597999572753906
v 9.48490047454834 3.1382999420166016 19.091999053955078
v 9.43690013885498 1.6023000478744507 16.56599998474121
v 9.650899887084961 1.5042999982833862 16.34000015258789
v -2.8650999069213867 9.524299621582031 18.29800033569336
v -2.9370999336242676 9.412300109863281 18.56399917602539
v -2.773099899291992 2.7702999114990234 18.01799964904785
v -2.9430999755859375 2.9423000812530518 18.579999923706055
v -2.1391000747680664 9.568300247192383 16.983999252319336
v -2.1231000423431396 9.476300239562988 17.04400062561035
v -3.047100067138672 9.47029972076416 18.742000579833984
v -3.0810999870300293 9.576299667358398 18.63800048828125
v 1.8149000406265259 9.262299537658691 21.540000915527344
v 1.714900016784668 9.786299705505371 21.621999740600586
v -2.8710999488830566 9.570300102233887 18.003999710083008
v -2.793100118637085 9.50629997253418 17.992000579833984
v 2.1909000873565674 9.360300064086914 16.940000534057617
v 2.3508999347686768 9.520299911499023 16.79800033569336
v 1.8868999481201172 9.33430004119873 16.802000045776367
v -2.1210999488830566 5.810299873352051 17.04400062561035
v -1.5671000480651855 9.51830005645752 16.59000015258789
v 1.0289000272750854 9.294300079345703 16.31599998474121
v 0.5609009861946106 9.206299781799316 16.200000762939453
v -0.025098800659179688 9.242300033569336 16.166000366210938
v -0.5030990242958069 9.418299674987793 16.209999084472656
v -0.2950989902019501 9.444299697875977 16.1560001373291
v 0.9309009909629822 9.046299934387207 16.327999114990234
v 0.584900975227356 4.798299789428711 16.224000930786133
v -0.003099439898505807 9.406299591064453 16.091999053955078
v 0.9709010124206543 9.540300369262695 15.991999626159668
v -9.241100311279297 -2.1596999168395996 21.27400016784668
v 2.6108999252319336 9.612299919128418 16.93199920654297
v 2.5729000568389893 9.228300094604492 17.601999282836914
v -9.235099792480469 1.4422999620437622 21.878000259399414
v -9.52910041809082 1.764299988746643 22.101999282836914
v 2.662899971008301 9.314299583435059 22.04400062561035
v 3.4948999881744385 9.338299751281738 23.224000930786133
v -2.527100086212158 9.538299560546875 17.426000595092773
v -9.02910041809082 2.79229998588562 20.25
v 2.5729000568389893 9.364299774169922 17.423999786376953
v 2.7569000720977783 9.528300285339355 17.416000366210938
v 2.8129000663757324 9.230299949645996 18.1560001373291
v 2.6208999156951904 9.116299629211426 20.642000198364258
v 3.222899913787842 9.500300407409668 21.158000946044922
v 2.698899984359741 9.408300399780273 20.56999969482422
v 2.948899984359741 9.294300079345703 21.95599937438965
v 1.8069000244140625 9.740300178527832 22.073999404907227
v 2.6709001064300537 9.286299705505371 20.715999603271484
v 2.6149001121520996 9.248299598693848 21.04400062561035
v 0.06690119951963425 5.5243000984191895 22.15999984741211
v -2.4870998859405518 9.774299621582031 20.841999053955078
v 2.892899990081787 9.378299713134766 21.41200065612793
v 2.5708999633789062 9.104299545288086 20.829999923706055
v 2.6689000129699707 9.320300102233887 21.591999053955078
v 2.3828999996185303 9.140299797058105 21.218000411987305
v 2.662899971008301 9.314299583435059 21.329999923706055
v -9.473099708557129 -2.001699924468994 21.45400047302246
v -9.221099853515625 -1.6376999616622925 21.690000534057617
v 2.8889000415802 9.4822998046875 18.347999572753906
v 3.326900005340576 9.688300132751465 24.00200080871582
v 3.7388999462127686 9.452300071716309 23.763999938964844
v 1.4449000358581543 9.432299613952637 16.444000244140625
v 0.022900599986314774 9.510299682617188 15.942000389099121
v -3.0011000633239746 2.998300075531006 19.166000366210938
v -9.27910041809082 2.0223000049591064 21.645999908447266
v 2.7929000854492188 9.53030014038086 20.479999542236328
v 2.1149001121520996 9.158300399780273 17.04800033569336
v -9.485099792480469 1.270300030708313 22.371999740600586
v -9.25510025024414 -0.04769989848136902 22.333999633789062
v -8.923100471496582 -0.041699398308992386 22.191999435424805
v -9.497099876403809 -1.9896999597549438 21.66200065612793
v -8.707099914550781 0.5562999844551086 22.110000610351562
v -8.969099998474121 0.5503010153770447 22.173999786376953
v -9.441100120544434 0.03429989889264107 22.520000457763672
v -9.317099571228027 -0.7177000045776367 22.173999786376953
v -9.499099731445312 -1.8937000036239624 21.86400032043457
v -9.413100242614746 -1.5896999835968018 21.898000717163086
v -9.495100021362305 -1.0636999607086182 22.18600082397461
v -9.421099662780762 -0.9876999855041504 22.038000106811523
v -9.081100463867188 2.4003000259399414 21.08799934387207
v -9.059100151062012 1.6642999649047852 21.70599937438965
v -9.41510009765625 -2.2876999378204346 21.218000411987305
v -9.535099983215332 -2.449700117111206 20.99799919128418
v -9.211099624633789 2.2662999629974365 21.36400032043457
v -9.281100273132324 -1.5536999702453613 21.75
v -9.397100448608398 -1.8676999807357788 21.56800079345703
v -8.483099937438965 -0.023699799552559853 16.1299991607666
v -9.619099617004395 3.4003000259399414 20.555999755859375
v -9.079099655151367 2.5903000831604004 20.79800033569336
v -9.759099960327148 -3.331700086593628 19.173999786376953
v -9.549099922180176 -2.9897000789642334 18.941999435424805
v -9.697099685668945 -2.897700071334839 18.378000259399414
v -9.725099563598633 -2.959700107574463 18.238000869750977
v -9.207099914550781 2.8403000831604004 18.01799964904785
v -9.02910041809082 2.4542999267578125 17.43199920654297
v -8.881099700927734 2.7822999954223633 18.054000854492188
v -9.251099586486816 3.064300060272217 19.45199966430664
v -9.173100471496582 2.982300043106079 19.784000396728516
v -9.07509994506836 2.9663000106811523 19.601999282836914
v -9.375100135803223 3.096299886703491 18.84600067138672
v -8.90310001373291 -2.7797000408172607 17.988000869750977
v -9.237099647521973 2.6342999935150146 17.486000061035156
v -9.371100425720215 2.984299898147583 18.06599998474121
v -9.545100212097168 3.108299970626831 17.724000930786133
v -9.12909984588623 -1.8056999444961548 16.785999298095703
v -9.42710018157959 -1.9716999530792236 16.889999389648438
v -8.271100044250488 -0.5856999754905701 16.224000930786133
v -9.161100387573242 -1.2196999788284302 16.04400062561035
v -9.271100044250488 -1.4837000370025635 16.101999282836914
v -9.059100151062012 -1.3216999769210815 16.243999481201172
v -9.64109992980957 2.8782999515533447 17.100000381469727
v -9.651100158691406 3.234299898147583 17.52400016784668
v -9.647100448608398 3.4502999782562256 18.483999252319336
v -9.273099899291992 2.8982999324798584 18.239999771118164
v -9.21310043334961 3.0343000888824463 19.158000946044922
v -9.227100372314453 2.974299907684326 18.687999725341797
v -8.883099555969238 2.99429988861084 19.18600082397461
v -8.53909969329834 -0.5416989922523499 16.18600082397461
v -8.589099884033203 -0.8496999740600586 16.257999420166016
v -8.719099998474121 -1.1877000331878662 16.378000259399414
v -9.079099655151367 0.8982999920845032 15.831999778747559
v -9.51710033416748 -3.0617001056671143 19.172000885009766
v -9.695099830627441 -3.267699956893921 19.847999572753906
v -9.607099533081055 2.664299964904785 16.829999923706055
v -9.533100128173828 2.6303000450134277 17.006000518798828
v -9.091099739074707 1.1922999620437622 16.229999542236328
v -8.96310043334961 1.118299961090088 16.326000213623047
v -9.079099655151367 0.5282999873161316 15.456000328063965
v -9.217100143432617 1.6683000326156616 16.59000015258789
v -9.309100151062012 -2.70169997215271 17.841999053955078
v -9.5871000289917 -2.8376998901367188 18.23200035095215
v -9.321100234985352 -2.7957000732421875 18.00200080871582
v -9.671099662780762 -2.8517000675201416 18.106000900268555
v -9.383099555969238 -2.1816999912261963 17.062000274658203
v -9.469099998474121 -2.6096999645233154 17.496000289916992
v 10.658900260925293 -10.499699592590332 26.86199951171875
v 10.80090045928955 -10.449700355529785 27.18199920654297
v 10.202899932861328 -10.749699592590332 26.695999145507812
v 10.032899856567383 -11.12969970703125 27.327999114990234
v 9.906900405883789 -11.071700096130371 26.856000900268555
v 10.290900230407715 -10.885700225830078 27.648000717163086
v 10.228899955749512 11.628299713134766 28.166000366210938
v 9.558899879455566 12.076299667358398 28.257999420166016
v 10.020899772644043 11.832300186157227 28.488000869750977
v 9.740900039672852 10.990300178527832 27.166000366210938
v -11.659099578857422 -3.401700019836426 30.666000366210938
v -11.443099975585938 -5.057700157165527 30.790000915527344
v -10.979100227355957 -3.9876999855041504 31.04599952697754
v -10.727100372314453 -7.495699882507324 30.986000061035156
v -11.139100074768066 -8.341699600219727 30.552000045776367
v -10.507100105285645 -8.795700073242188 30.898000717163086
v -11.777099609375 -6.1616997718811035 30.413999557495117
v -11.693099975585938 -4.763700008392334 30.59600067138672
v -11.909099578857422 -5.40369987487793 30.24799919128418
v -11.829099655151367 -6.693699836730957 30.1560001373291
v -12.043100357055664 -6.221700191497803 29.884000778198242
v 10.396900177001953 -9.609700202941895 30.0939998626709
v 9.80090045928955 -10.019700050354004 30.191999435424805
v 9.350899696350098 -10.485699653625488 29.79800033569336
v -11.123100280761719 -6.867700099945068 30.865999221801758
v -11.36709976196289 -6.183700084686279 30.84600067138672
v -11.53909969329834 -6.871699810028076 30.488000869750977
v -11.999099731445312 -2.887700080871582 30.20199966430664
v -11.681099891662598 -1.9837000370025635 30.549999237060547
v -12.195099830627441 -2.123699903488159 29.733999252319336
v -12.127099990844727 -2.751699924468994 29.8799991607666
v -11.979100227355957 -2.211699962615967 30.158000946044922
v -10.625100135803223 -4.643700122833252 31.145999908447266
v -10.707099914550781 -6.691699981689453 31.128000259399414
v -10.44909954071045 -6.305699825286865 31.209999084472656
v -10.753100395202637 -5.885700225830078 31.1299991607666
v -12.259099960327148 1.4622999429702759 29.760000228881836
v -12.037099838256836 0.9383000135421753 30.124000549316406
v -11.663100242614746 4.0802998542785645 30.70599937438965
v -11.819100379943848 -3.9756999015808105 30.468000411987305
v -11.257100105285645 -1.2517000436782837 30.850000381469727
v -11.089099884033203 0.16830100119113922 30.97599983215332
v -12.045100212097168 -4.7316999435424805 29.950000762939453
v -12.175100326538086 -5.905700206756592 29.6299991607666
v -11.047100067138672 -6.429699897766113 31.04199981689453
v -11.599100112915039 -7.9116997718811035 30.215999603271484
v -10.51509952545166 -1.1877000331878662 31.22599983215332
v -11.461099624633789 -2.8436999320983887 30.785999298095703
v -10.30109977722168 -8.485699653625488 31.011999130249023
v -11.853099822998047 -8.623700141906738 29.625999450683594
v -11.223099708557129 -8.621700286865234 30.395999908447266
v -10.171099662780762 -7.515699863433838 31.143999099731445
v -10.399100303649902 -9.385700225830078 30.777999877929688
v -10.751099586486816 -9.197699546813965 30.591999053955078
v -12.273099899291992 -7.841700077056885 27.950000762939453
v -12.175100326538086 -8.383700370788574 28.13800048828125
v -12.20110034942627 -8.421699523925781 28.516000747680664
v -11.329099655151367 -9.769700050354004 28.8439998626709
v -11.819100379943848 -9.123700141906738 29.059999465942383
v -12.001099586486816 -8.905699729919434 28.739999771118164
v -12.161100387573242 -7.98769998550415 29.350000381469727
v -12.139100074768066 -0.7796990275382996 29.917999267578125
v -12.25510025024414 -0.3716990053653717 29.691999435424805
v -11.467100143432617 0.6803010106086731 30.700000762939453
v -12.187100410461426 0.7663000226020813 29.865999221801758
v -12.499099731445312 3.040299892425537 28.79400062561035
v -12.547100067138672 3.5123000144958496 28.5939998626709
v -12.497099876403809 3.4463000297546387 28.360000610351562
v -12.247099876403809 -7.209700107574463 29.3700008392334
v -12.411100387573242 -7.059700012207031 27.972000122070312
v -12.035099983215332 5.430300235748291 30.350000381469727
v -12.30109977722168 7.908299922943115 29.601999282836914
v -12.299099922180176 7.064300060272217 29.63599967956543
v -12.533100128173828 3.8362998962402344 28.833999633789062
v -12.06309986114502 9.372300148010254 29.586000442504883
v -11.90310001373291 9.564299583435059 29.93400001525879
v -11.257100105285645 2.096299886703491 30.972000122070312
v -10.881099700927734 1.868299961090088 31.145999908447266
v -12.21310043334961 -3.71370005607605 29.309999465942383
v -12.299099922180176 -5.24970006942749 28.559999465942383
v -9.675100326538086 -9.061699867248535 31.038000106811523
v -12.389100074768066 7.796299934387207 28.92799949645996
v -10.553099632263184 -0.2937000095844269 31.22599983215332
v -10.173100471496582 -9.721699714660645 30.729999542236328
v -12.349100112915039 -0.11969900131225586 28.531999588012695
v -12.503100395202637 5.710299968719482 28.24799919128418
v -12.401100158691406 6.206299781799316 28.04400062561035
v -12.329099655151367 4.546299934387207 27.8700008392334
v -12.277099609375 -4.031700134277344 28.33799934387207
v -12.335100173950195 -5.89769983291626 28.15999984741211
v -12.305100440979004 1.174299955368042 29.631999969482422
v -12.437100410461426 1.4103000164031982 28.663999557495117
v -12.31309986114502 0.5503010153770447 29.413999557495117
v 8.146900177001953 8.28030014038086 26.534000396728516
v 9.080900192260742 -11.085700035095215 26.54199981689453
v 10.170900344848633 -10.317700386047363 26.549999237060547
v -10.917099952697754 -3.2776999473571777 26.54199981689453
v -8.127099990844727 -11.233699798583984 26.54599952697754
v -10.187100410461426 -5.521699905395508 26.534000396728516
v -1.3631000518798828 -11.135700225830078 26.535999298095703
v 9.504899978637695 -1.381700038909912 26.534000396728516
v -10.93910026550293 7.428299903869629 26.54400062561035
v -9.849100112915039 -8.999699592590332 26.535999298095703
v 9.226900100708008 -11.65369987487793 27.577999114990234
v 10.076899528503418 -10.871700286865234 28.031999588012695
v -9.317099571228027 -7.991700172424316 31.242000579833984
v -9.273099899291992 -10.065699577331543 30.833999633789062
v -12.173100471496582 -7.739699840545654 29.474000930786133
v -12.003100395202637 -8.643699645996094 29.218000411987305
v -12.20110034942627 5.496300220489502 30.02199935913086
v -12.293100357055664 4.660299777984619 29.610000610351562
v -12.119099617004395 4.758299827575684 30.049999237060547
v -12.329099655151367 3.0302999019622803 27.93199920654297
v -12.455100059509277 4.284299850463867 28.083999633789062
v -12.237099647521973 -6.315700054168701 29.329999923706055
v -11.65310001373291 10.274299621582031 29.757999420166016
v -11.897100448608398 9.912300109863281 29.634000778198242
v -12.259099960327148 2.562299966812134 29.70599937438965
v -12.389100074768066 3.7643001079559326 29.3799991607666
v -8.197099685668945 -9.987700462341309 31.04400062561035
v -12.51509952545166 6.2322998046875 28.440000534057617
v 9.166899681091309 -11.637700080871582 27.118000030517578
v 9.026900291442871 -11.329700469970703 26.606000900268555
v 9.438899993896484 -11.179699897766113 26.610000610351562
v 11.098899841308594 -10.109700202941895 27.33799934387207
v 10.736900329589844 -10.523699760437012 27.628000259399414
v -12.27910041809082 -2.071700096130371 28.486000061035156
v -12.00510025024414 -8.84570026397705 28.29400062561035
v -12.283100128173828 -1.519700050354004 28.308000564575195
v -12.295100212097168 -0.4616990089416504 28.284000396728516
v -12.187100410461426 -2.2497000694274902 28.00200080871582
v -12.531100273132324 4.912300109863281 28.29400062561035
v 10.766900062561035 -10.061699867248535 28.5939998626709
v 9.930899620056152 -10.631699562072754 28.652000427246094
v 11.612899780273438 -9.371700286865234 27.507999420166016
v 11.400899887084961 -9.7677001953125 27.66200065612793
v -12.445099830627441 6.7642998695373535 28.66200065612793
v -12.399100303649902 7.474299907684326 28.607999801635742
v -12.331100463867188 5.47629976272583 29.483999252319336
v -12.341099739074707 8.218299865722656 28.871999740600586
v 8.690899848937988 -11.663700103759766 26.926000595092773
v 11.260899543762207 -9.245699882507324 29.214000701904297
v 11.60890007019043 -8.745699882507324 29.187999725341797
v 11.318900108337402 -8.60569953918457 29.86400032043457
v -12.215100288391113 -3.7857000827789307 27.98200035095215
v -12.291099548339844 0.15630100667476654 28.22599983215332
v -11.041099548339844 4.154300212860107 31.17799949645996
v -10.509099960327148 2.2223000526428223 31.29800033569336
v -12.251099586486816 -7.557700157165527 27.61400032043457
v -12.371100425720215 -6.953700065612793 27.77400016784668
v -12.225099563598633 -6.367700099945068 27.648000717163086
v -11.397100448608398 -9.685700416564941 28.408000946044922
v -12.311100006103516 -6.4217000007629395 27.799999237060547
v -11.725099563598633 8.922300338745117 30.506000518798828
v -12.227100372314453 8.676300048828125 28.628000259399414
v -9.413100242614746 3.05430006980896 31.34600067138672
v -7.953100204467773 5.628300189971924 31.27400016784668
v -10.15310001373291 5.880300045013428 31.347999572753906
v -10.595100402832031 3.796299934387207 31.31800079345703
v -10.76710033416748 4.0843000411987305 31.302000045776367
v -9.975099563598633 6.652299880981445 31.302000045776367
v -9.341099739074707 6.8403000831604 31.29599952697754
v -10.18910026550293 7.75629997253418 31.29800033569336
v -0.4290989935398102 -11.781700134277344 30.893999099731445
v -0.8990989923477173 -11.771699905395508 30.93400001525879
v -0.8510990142822266 -11.987700462341309 30.719999313354492
v -0.747098982334137 -12.149700164794922 30.332000732421875
v -1.1431000232696533 -12.079700469970703 30.56599998474121
v -1.9851000308990479 -12.11769962310791 30.323999404907227
v -10.17710018157959 -0.6157000064849854 31.31399917602539
v -9.781100273132324 -0.22769899666309357 31.38599967956543
v 0.4969010055065155 -11.931699752807617 30.34000015258789
v 9.088899612426758 -10.223699569702148 30.760000228881836
v -7.967100143432617 -10.531700134277344 30.878000259399414
v -7.5731000900268555 -10.863699913024902 30.809999465942383
v -7.487100124359131 -10.603699684143066 30.988000869750977
v -4.7631001472473145 -10.2677001953125 31.115999221801758
v -3.0710999965667725 -9.929699897766113 31.3439998626709
v -6.207099914550781 -8.763699531555176 31.219999313354492
v -0.7670990228652954 -11.155699729919434 31.23200035095215
v -0.5230990052223206 -11.475700378417969 31.083999633789062
v -0.809099018573761 -10.909700393676758 31.304000854492188
v -9.385100364685059 -10.681699752807617 30.350000381469727
v -9.093099594116211 -11.009699821472168 30.13800048828125
v -8.977100372314453 -10.725700378417969 30.506000518798828
v 3.3089001178741455 -9.43970012664795 31.47599983215332
v 3.8729000091552734 -10.055700302124023 31.238000869750977
v 5.034900188446045 -9.627699851989746 31.365999221801758
v 3.4268999099731445 -9.761699676513672 31.389999389648438
v 1.6569000482559204 -10.827699661254883 30.99799919128418
v 1.9148999452590942 -11.61970043182373 30.3700008392334
v 3.7509000301361084 -11.089699745178223 30.465999603271484
v 2.8129000663757324 -10.96969985961914 30.761999130249023
v -2.35509991645813 -11.747699737548828 30.70400047302246
v -1.3990999460220337 -11.597700119018555 30.988000869750977
v 6.080900192260742 -11.00570011138916 30.506000518798828
v 5.878900051116943 -10.763699531555176 30.743999481201172
v 5.976900100708008 -11.329700469970703 30.04800033569336
v -11.675100326538086 6.008299827575684 30.809999465942383
v -11.357099533081055 4.804299831390381 30.993999481201172
v -10.905099868774414 4.566299915313721 31.257999420166016
v -6.951099872589111 -5.4096999168396 31.423999786376953
v -8.997099876403809 -5.525700092315674 31.333999633789062
v -6.187099933624268 -6.529699802398682 31.392000198364258
v 4.8628997802734375 -10.699700355529785 30.763999938964844
v -10.627099990844727 4.544300079345703 31.333999633789062
v -1.2130999565124512 -10.227700233459473 31.41200065612793
v -11.861100196838379 4.622300148010254 30.48200035095215
v 4.4309000968933105 -10.473699569702148 30.95400047302246
v -11.727100372314453 7.820300102233887 30.645999908447266
v -11.525099754333496 6.520299911499023 30.913999557495117
v -11.703100204467773 10.150300025939941 28.56800079345703
v -11.917099952697754 9.738300323486328 28.857999801635742
v -11.76509952545166 -9.077699661254883 29.40399932861328
v -3.1310999393463135 -11.829700469970703 30.530000686645508
v -2.543100118637085 -12.027700424194336 30.285999298095703
v -9.773099899291992 8.924300193786621 31.416000366210938
v 0.5289009809494019 -11.233699798583984 26.555999755859375
v -0.9330989718437195 -11.899700164794922 26.742000579833984
v -7.405099868774414 -11.61769962310791 26.6299991607666
v -10.579099655151367 -3.6196999549865723 31.197999954223633
v -10.223099708557129 -1.579699993133545 31.302000045776367
v -7.103099822998047 -2.6656999588012695 31.493999481201172
v -7.41510009765625 1.6523000001907349 31.525999069213867
v -10.611100196838379 6.316299915313721 31.266000747680664
v -7.41510009765625 2.608299970626831 31.516000747680664
v -6.339099884033203 5.914299964904785 31.34000015258789
v -6.855100154876709 5.246300220489502 31.341999053955078
v -2.7571001052856445 -12.35770034790039 27.077999114990234
v -0.30709901452064514 -12.247699737548828 27.552000045776367
v -2.65310001373291 -12.417699813842773 27.305999755859375
v 2.3169000148773193 -12.127699851989746 27.808000564575195
v 0.7049009799957275 -12.34570026397705 28.031999588012695
v -7.087100028991699 -1.0356999635696411 31.506000518798828
v -10.193099975585938 -10.057700157165527 30.389999389648438
v 1.8568999767303467 -11.925700187683105 29.860000610351562
v 1.61489999294281 -12.069700241088867 29.631999969482422
v 0.8869010210037231 -11.437700271606445 30.777999877929688
v -0.6890990138053894 -12.251700401306152 29.74799919128418
v -1.9630999565124512 -12.009699821472168 30.552000045776367
v -11.471099853515625 10.586299896240234 28.937999725341797
v 0.6529009938240051 -12.373700141906738 28.215999603271484
v 1.6289000511169434 -12.277700424194336 28.423999786376953
v -1.4230999946594238 -11.997699737548828 30.673999786376953
v -3.2451000213623047 -12.17770004272461 29.700000762939453
v 10.208900451660156 -7.593699932098389 26.535999298095703
v -10.513099670410156 -9.693699836730957 30.450000762939453
v 3.6828999519348145 -11.411700248718262 29.98200035095215
v 4.3109002113342285 -11.405699729919434 29.799999237060547
v 4.204899787902832 -11.21969985961914 30.20800018310547
v -9.339099884033203 -10.423700332641602 30.6200008392334
v -5.537099838256836 -7.587699890136719 31.351999282836914
v -5.609099864959717 -6.7357001304626465 31.402000427246094
v -5.967100143432617 -6.655700206756592 31.392000198364258
v -7.14709997177124 -4.495699882507324 31.45800018310547
v 1.708899974822998 -10.375699996948242 31.173999786376953
v -6.021100044250488 -11.99370002746582 30.170000076293945
v -4.775100231170654 -11.4576997756958 30.618000030517578
v -6.299099922180176 -11.131699562072754 30.847999572753906
v -6.65910005569458 -11.17770004272461 30.829999923706055
v -0.6290990114212036 -10.471699714660645 31.378000259399414
v -7.0731000900268555 -10.919699668884277 30.908000946044922
v -6.679100036621094 -10.549699783325195 31.035999298095703
v -7.181099891662598 -10.489700317382812 31.0939998626709
v -8.30109977722168 -8.247699737548828 31.308000564575195
v -7.5690999031066895 -9.521699905395508 31.233999252319336
v -0.19509899616241455 -11.143699645996094 31.176000595092773
v 0.5569009780883789 -10.487700462341309 31.242000579833984
v -2.0710999965667725 -10.515700340270996 31.31399917602539
v -5.711100101470947 -10.445699691772461 31.02199935913086
v -5.591100215911865 -10.831700325012207 30.917999267578125
v -7.5731000900268555 -10.137700080871582 31.15999984741211
v -9.259099960327148 -6.557700157165527 31.323999404907227
v -7.853099822998047 -7.933700084686279 31.29400062561035
v -10.795100212097168 -10.577699661254883 28.8700008392334
v -10.957099914550781 -10.389699935913086 28.56399917602539
v 0.17490099370479584 -11.459699630737305 30.97599983215332
v -10.393099784851074 -10.911700248718262 28.854000091552734
v -9.549099922180176 -11.281700134277344 29.15399932861328
v -11.697099685668945 9.546299934387207 30.326000213623047
v -11.111100196838379 -9.077699661254883 30.284000396728516
v -11.443099975585938 10.574299812316895 28.510000228881836
v 10.278900146484375 11.374300003051758 29.413999557495117
v 9.356900215148926 11.316300392150879 30.139999389648438
v 9.942899703979492 10.860300064086914 30.309999465942383
v -3.5190999507904053 12.2923002243042 28.54800033569336
v -2.025099992752075 12.236300468444824 29.01799964904785
v -2.049099922180176 12.20829963684082 28.472000122070312
v -4.815100193023682 9.4483003616333 31.18000030517578
v -4.093100070953369 10.194299697875977 31.035999298095703
v -4.815100193023682 10.034299850463867 31.077999114990234
v -1.2831000089645386 10.764300346374512 30.871999740600586
v -0.9450989961624146 10.498299598693848 31.04400062561035
v -0.5810999870300293 10.722299575805664 30.93199920654297
v -7.627099990844727 10.614299774169922 30.941999435424805
v -6.995100021362305 10.926300048828125 30.73200035095215
v -7.6890997886657715 11.01830005645752 30.510000228881836
v -1.3111000061035156 10.264300346374512 31.107999801635742
v -9.407099723815918 10.32229995727539 31.09600067138672
v -8.94909954071045 10.32229995727539 31.1299991607666
v -8.937100410461426 10.568300247192383 30.979999542236328
v 8.934900283813477 10.514300346374512 30.986000061035156
v 9.828900337219238 10.480299949645996 30.695999145507812
v 8.842900276184082 10.924300193786621 30.75
v 7.062900066375732 12.354299545288086 28.676000595092773
v 7.298900127410889 12.284299850463867 29.007999420166016
v 8.068900108337402 12.14229965209961 29.09600067138672
v -10.233099937438965 11.390299797058105 29.016000747680664
v -9.407099723815918 11.576299667358398 28.947999954223633
v -9.61709976196289 11.592300415039062 28.582000732421875
v -8.509099960327148 11.908300399780273 28.88800048828125
v -10.729100227355957 10.294300079345703 30.63599967956543
v -9.771100044250488 10.562299728393555 30.81800079345703
v -10.987099647521973 10.662300109863281 30.139999389648438
v -5.811100006103516 11.758299827575684 30.059999465942383
v -5.797100067138672 11.082300186157227 30.56800079345703
v -8.56309986114502 10.784299850463867 30.739999771118164
v -8.93910026550293 10.906299591064453 30.493999481201172
v -9.003100395202637 10.802300453186035 30.79400062561035
v -11.157099723815918 10.694299697875977 29.881999969482422
v -11.023099899291992 10.794300079345703 29.601999282836914
v -1.503100037574768 -7.6697001457214355 31.496000289916992
v -9.109100341796875 11.532299995422363 29.209999084472656
v -9.581100463867188 11.31029987335205 29.562000274658203
v -9.835100173950195 10.786299705505371 30.510000228881836
v -6.931099891662598 10.536299705505371 30.97800064086914
v -11.375100135803223 10.398300170898438 30.038000106811523
v -2.3131000995635986 -10.999699592590332 31.121999740600586
v -11.00510025024414 10.922300338745117 29.077999114990234
v -9.809100151062012 11.190299987792969 29.868000030517578
v -10.875100135803223 10.854299545288086 28.097999572753906
v -11.331100463867188 10.136300086975098 27.913999557495117
v -10.237099647521973 11.13029956817627 29.709999084472656
v 6.040900230407715 -10.065699577331543 31.20199966430664
v -9.991100311279297 11.452300071716309 28.378000259399414
v -9.525099754333496 11.656299591064453 28.284000396728516
v -11.413100242614746 9.750300407409668 30.507999420166016
v -11.077099800109863 10.348299980163574 30.371999740600586
v -7.42110013961792 11.418299674987793 30.139999389648438
v -6.853099822998047 11.742300033569336 30.06800079345703
v -9.817099571228027 10.296299934387207 31.040000915527344
v -10.833100318908691 10.016300201416016 30.75200080871582
v -11.331100463867188 9.402299880981445 30.714000701904297
v -9.473099708557129 9.992300033569336 31.285999298095703
v -8.999099731445312 10.010299682617188 31.236000061035156
v -3.3970999717712402 -10.593700408935547 31.20199966430664
v -9.981100082397461 9.930299758911133 31.20199966430664
v -10.429100036621094 9.704299926757812 31.11199951171875
v -10.371100425720215 9.414299964904785 31.23200035095215
v -1.2711000442504883 12.206299781799316 28.525999069213867
v -0.8571000099182129 11.912300109863281 27.695999145507812
v -2.0071001052856445 12.066300392150879 28.031999588012695
v 7.164899826049805 9.944299697875977 31.124000549316406
v 8.354900360107422 10.700300216674805 31.020000457763672
v 6.974899768829346 10.666299819946289 30.917999267578125
v -10.661100387573242 11.156299591064453 28.753999710083008
v -10.631099700927734 11.054300308227539 28.152000427246094
v -11.147100448608398 10.886300086975098 28.645999908447266
v 3.0708999633789062 11.34630012512207 30.79800033569336
v 3.3589000701904297 11.06029987335205 30.944000244140625
v 3.4428999423980713 11.486300468444824 30.672000885009766
v -2.7590999603271484 12.200300216674805 29.242000579833984
v -2.171099901199341 12.016300201416016 29.59000015258789
v -8.437100410461426 10.302300453186035 31.1200008392334
v 11.278900146484375 10.512299537658691 29.384000778198242
v 10.992899894714355 10.932299613952637 29.29800033569336
v 10.74489974975586 10.612299919128418 29.93400001525879
v 10.034899711608887 11.636300086975098 29.187999725341797
v 9.804900169372559 11.950300216674805 28.628000259399414
v 9.446900367736816 12.026300430297852 28.857999801635742
v 10.092900276184082 9.550299644470215 30.893999099731445
v 10.0068998336792 10.102299690246582 30.804000854492188
v 10.88290023803711 9.974300384521484 30.333999633789062
v 11.262900352478027 8.510299682617188 30.45400047302246
v 11.544899940490723 9.33430004119873 29.88599967956543
v 1.5089000463485718 10.862299919128418 30.881999969482422
v 2.1268999576568604 11.222299575805664 30.690000534057617
v 1.4809000492095947 11.330300331115723 30.510000228881836
v -3.6970999240875244 12.164299964904785 27.871999740600586
v 1.7229000329971313 12.340299606323242 28.983999252319336
v 2.1328999996185303 12.2322998046875 29.253999710083008
v 2.1928999423980713 12.326299667358398 28.690000534057617
v -7.829100131988525 12.222299575805664 28.440000534057617
v -6.773099899291992 12.230299949645996 28.16200065612793
v -7.279099941253662 12.104299545288086 27.93600082397461
v -1.6051000356674194 12.146300315856934 29.350000381469727
v -0.03309920057654381 12.186300277709961 29.309999465942383
v 0.1909009963274002 12.316300392150879 28.968000411987305
v 10.474900245666504 10.766300201416016 30.010000228881836
v 10.690899848937988 11.166299819946289 29.326000213623047
v -4.059100151062012 11.95829963684082 29.780000686645508
v -4.065100193023682 12.246299743652344 29.121999740600586
v 8.610899925231934 10.372300148010254 31.079999923706055
v -2.8650999069213867 11.138299942016602 30.530000686645508
v -3.5550999641418457 11.554300308227539 30.20400047302246
v -4.43310022354126 11.832300186157227 30.02199935913086
v 9.290900230407715 12.090299606323242 28.187999725341797
v 9.462900161743164 12.12030029296875 28.31800079345703
v 11.56089973449707 10.2322998046875 28.31800079345703
v 11.362899780273438 10.618300437927246 28.43199920654297
v 11.612899780273438 10.298299789428711 28.667999267578125
v -3.359100103378296 10.068300247192383 31.118000030517578
v -3.343100070953369 10.666299819946289 30.854000091552734
v 7.062900066375732 -9.797699928283691 31.26799964904785
v 7.422900199890137 -10.02970027923584 31.1200008392334
v 8.056900024414062 -9.46969985961914 31.25
v 6.750899791717529 -9.497699737548828 31.375999450683594
v -2.6791000366210938 11.694299697875977 30.04800033569336
v -1.323099970817566 11.604299545288086 30.124000549316406
v -9.285099983215332 10.664299964904785 30.88800048828125
v -6.1890997886657715 11.956299781799316 29.832000732421875
v 6.06689977645874 -10.335700035095215 31.059999465942383
v 7.274899959564209 -10.527700424194336 30.854000091552734
v 4.550899982452393 12.410300254821777 28.823999404907227
v 6.07289981842041 12.356300354003906 28.874000549316406
v 5.2428998947143555 12.418299674987793 28.618000030517578
v 1.8789000511169434 11.778300285339355 30.04599952697754
v 0.5589010119438171 11.88230037689209 29.833999633789062
v 9.312899589538574 12.114299774169922 28.658000946044922
v 6.6869001388549805 11.274299621582031 30.648000717163086
v 1.4228999614715576 12.228300094604492 29.239999771118164
v 6.892899990081787 11.624300003051758 30.341999053955078
v 7.506899833679199 11.408300399780273 30.527999877929688
v 6.372900009155273 -9.793700218200684 31.31399917602539
v -3.3071000576019287 11.902299880981445 29.850000381469727
v -7.281099796295166 11.806300163269043 27.45800018310547
v -9.317099571228027 11.722299575805664 27.97800064086914
v -5.435100078582764 11.930299758911133 29.871999740600586
v -5.087100028991699 11.778300285339355 30.059999465942383
v 1.3208999633789062 12.316300392150879 28.785999298095703
v 12.266900062561035 8.426300048828125 28.642000198364258
v 12.000900268554688 9.09630012512207 28.246000289916992
v 12.148900032043457 9.076299667358398 28.72800064086914
v 3.5608999729156494 12.366299629211426 28.158000946044922
v 2.9788999557495117 12.33430004119873 28.902000427246094
v 2.784899950027466 11.502300262451172 30.52400016784668
v 11.248900413513184 10.694299697875977 29.167999267578125
v 4.7428998947143555 11.964300155639648 29.996000289916992
v 2.8828999996185303 12.190299987792969 29.368000030517578
v -8.727100372314453 12.032299995422363 28.47599983215332
v 3.5589001178741455 12.398300170898438 28.59000015258789
v 9.528900146484375 -9.77970027923584 30.743999481201172
v 7.3069000244140625 -10.909700393676758 30.56399917602539
v -8.113100051879883 10.874300003051758 30.621999740600586
v 8.746899604797363 11.618300437927246 29.989999771118164
v 7.450900077819824 12.164299964904785 29.36400032043457
v 8.012900352478027 11.766300201416016 29.95400047302246
v 10.778900146484375 9.64430046081543 30.52199935913086
v 10.532899856567383 10.434300422668457 30.29400062561035
v 8.790900230407715 11.284299850463867 30.416000366210938
v 8.230899810791016 11.156299591064453 30.68600082397461
v 11.31089973449707 10.716300010681152 28.788000106811523
v 0.07090090215206146 10.754300117492676 30.944000244140625
v -0.25509899854660034 10.498299598693848 31.058000564575195
v -0.5810999870300293 10.12030029296875 31.13599967956543
v -4.7631001472473145 12.14229965209961 29.437999725341797
v 1.12090003490448 10.600299835205078 31.030000686645508
v 1.4948999881744385 10.336299896240234 31.07200050354004
v -8.203100204467773 12.200300216674805 28.695999145507812
v -6.745100021362305 9.468299865722656 31.187999725341797
v -8.683099746704102 9.590299606323242 31.288000106811523
v -7.459099769592285 8.692299842834473 31.24799919128418
v 3.974900007247925 11.274299621582031 30.857999801635742
v 4.794899940490723 11.740300178527832 30.416000366210938
v -1.7750999927520752 10.514300346374512 31.007999420166016
v 0.41290101408958435 10.56029987335205 31.04800033569336
v 0.7849010229110718 10.254300117492676 31.110000610351562
v 0.7348999977111816 10.842300415039062 30.899999618530273
v -9.425100326538086 9.500300407409668 31.389999389648438
v -8.7431001663208 8.914299964904785 31.31599998474121
v -7.479100227355957 12.298299789428711 28.832000732421875
v -6.779099941253662 12.262299537658691 29.195999145507812
v 2.7369000911712646 11.10830020904541 30.851999282836914
v 4.332900047302246 11.066300392150879 30.923999786376953
v 5.332900047302246 11.19629955291748 30.79800033569336
v 8.05090045928955 9.62030029296875 31.18000030517578
v -6.491099834442139 12.122300148010254 29.527999877929688
v 4.344900131225586 12.396300315856934 28.43400001525879
v -6.16510009765625 12.332300186157227 28.875999450683594
v 5.44890022277832 11.634300231933594 30.52400016784668
v -6.8871002197265625 11.330300331115723 30.393999099731445
v -10.019100189208984 9.366299629211426 31.374000549316406
v 9.296899795532227 11.054300308227539 30.50200080871582
v 2.222899913787842 10.764300346374512 30.937999725341797
v -3.0111000537872314 10.432299613952637 31.01799964904785
v 7.506899833679199 12.284299850463867 27.972000122070312
v 8.35890007019043 12.216300010681152 28.513999938964844
v -7.247099876403809 10.326299667358398 31.06800079345703
v -6.115099906921387 10.06029987335205 31.100000381469727
v 12.126899719238281 9.260299682617188 29.040000915527344
v 12.252900123596191 8.726300239562988 29.030000686645508
v -9.15310001373291 11.878299713134766 28.25
v -4.8730998039245605 12.28030014038086 28.90999984741211
v -5.55709981918335 12.274299621582031 28.474000930786133
v 6.230899810791016 10.14430046081543 31.082000732421875
v 6.100900173187256 10.872300148010254 30.857999801635742
v 5.050899982452393 11.534299850463867 30.652000427246094
v 5.580900192260742 9.28030014038086 31.288000106811523
v -2.65310001373291 10.22029972076416 31.107999801635742
v -5.451099872589111 10.524299621582031 30.892000198364258
v -7.575099945068359 9.930299758911133 31.163999557495117
v 11.838899612426758 9.89229965209961 28.687999725341797
v -9.785099983215332 11.474300384521484 27.988000869750977
v -9.473099708557129 11.420299530029297 27.634000778198242
v 12.264900207519531 2.106300115585327 28.083999633789062
v 12.17490005493164 -0.005700109992176294 28.531999588012695
v 12.188899993896484 1.080299973487854 28.15999984741211
v 12.290900230407715 5.392300128936768 28.945999145507812
v 12.188899993896484 5.604300022125244 29.601999282836914
v 12.276900291442871 4.418300151824951 29.75200080871582
v -10.61709976196289 -10.74370002746582 28.530000686645508
v 11.352899551391602 -9.701700210571289 28.107999801635742
v 11.742899894714355 -8.725700378417969 28.833999633789062
v 8.850899696350098 -11.905699729919434 27.389999389648438
v 11.926899909973145 6.8343000411987305 30.030000686645508
v 12.064900398254395 9.092300415039062 29.336000442504883
v 11.474900245666504 5.85230016708374 30.908000946044922
v -10.647100448608398 10.4822998046875 27.256000518798828
v -10.675100326538086 10.010299682617188 27.052000045776367
v -11.007100105285645 10.182299613952637 27.25
v 8.614899635314941 -10.85569953918457 29.937999725341797
v 8.6628999710083 -10.543700218200684 30.63800048828125
v 10.354900360107422 8.50629997253418 31.059999465942383
v 9.366900444030762 9.476300239562988 31.079999923706055
v 9.384900093078613 8.238300323486328 31.305999755859375
v 9.312899589538574 2.754300117492676 31.336000442504883
v 10.472900390625 4.242300033569336 31.350000381469727
v 8.754899978637695 3.5102999210357666 31.368000030517578
v 10.614899635314941 3.362299919128418 31.238000869750977
v 10.592900276184082 2.676300048828125 31.191999435424805
v 11.088899612426758 2.498300075531006 31.007999420166016
v 2.222899913787842 10.200300216674805 31.097999572753906
v 1.4848999977111816 9.486300468444824 31.214000701904297
v 12.21090030670166 4.7042999267578125 30.020000457763672
v 12.142900466918945 3.544300079345703 30.083999633789062
v 12.04889965057373 6.612299919128418 29.808000564575195
v 11.326899528503418 5.048299789428711 31.158000946044922
v 11.214900016784668 5.132299900054932 31.23200035095215
v 10.990900039672852 4.748300075531006 31.365999221801758
v 12.44890022277832 6.8403000831604 28.097999572753906
v 12.268899917602539 8.150300025939941 29.22800064086914
v 11.868900299072266 2.8822999000549316 30.559999465942383
v 11.956899642944336 0.7542999982833862 29.908000946044922
v 12.076899528503418 4.856299877166748 30.256000518798828
v 11.98289966583252 3.352299928665161 30.43600082397461
v 8.700900077819824 5.502299785614014 31.417999267578125
v 10.696900367736816 5.918300151824951 31.22800064086914
v 8.656900405883789 -0.6816999912261963 31.253999710083008
v 9.946900367736816 0.7583010196685791 31.100000381469727
v 9.29889965057373 1.4443000555038452 31.26799964904785
v 11.064900398254395 10.992300033569336 28.531999588012695
v 10.4128999710083 5.128300189971924 31.365999221801758
v 11.140899658203125 3.54229998588562 31.100000381469727
v 11.166899681091309 4.326300144195557 31.195999145507812
v 10.148900032043457 8.20829963684082 31.197999954223633
v 6.624899864196777 9.408300399780273 31.236000061035156
v 10.46090030670166 -0.5476999878883362 30.82200050354004
v 10.274900436401367 0.12630000710487366 30.93600082397461
v 10.362899780273438 -1.3696999549865723 30.857999801635742
v 11.594900131225586 0.7603009939193726 30.360000610351562
v 11.700900077819824 2.3303000926971436 30.648000717163086
v 11.34689998626709 1.5322999954223633 30.722000122070312
v 11.654899597167969 4.600299835205078 30.805999755859375
v 0.6149010062217712 -6.6757001876831055 31.49799919128418
v 0.5549010038375854 -9.989700317382812 31.323999404907227
v 1.6969000101089478 -8.531700134277344 31.422000885009766
v 10.886899948120117 10.354299545288086 30.031999588012695
v -5.5030999183654785 12.290300369262695 29.059999465942383
v -4.695099830627441 -12.261699676513672 29.582000732421875
v -3.419100046157837 -12.283699989318848 29.148000717163086
v -1.2551000118255615 9.522299766540527 31.229999542236328
v -6.325099945068359 -12.485699653625488 28.0939998626709
v -6.917099952697754 -12.411700248718262 28.29599952697754
v -7.187099933624268 -12.545700073242188 27.917999267578125
v -7.30109977722168 -11.68970012664795 30.145999908447266
v 6.530900001525879 0.3783009946346283 31.43600082397461
v 7.416900157928467 1.3382999897003174 31.464000701904297
v 6.580900192260742 1.5422999858856201 31.483999252319336
v -5.541100025177002 -12.397700309753418 28.965999603271484
v 9.944899559020996 -8.027700424194336 31.243999481201172
v 10.282899856567383 -8.913700103759766 30.738000869750977
v 10.582900047302246 -7.383699893951416 31.118000030517578
v -4.781099796295166 -6.687699794769287 31.43000030517578
v 12.342900276184082 6.546299934387207 27.729999542236328
v 12.31089973449707 3.364300012588501 28.034000396728516
v 12.250900268554688 4.804299831390381 27.718000411987305
v 3.8229000568389893 -12.131699562072754 27.913999557495117
v 4.460899829864502 -12.113699913024902 28.082000732421875
v 3.2948999404907227 -12.17770004272461 28.191999435424805
v 7.480899810791016 -11.085700035095215 30.256000518798828
v 7.782899856567383 -10.747699737548828 30.743999481201172
v -2.8650999069213867 7.418300151824951 31.41200065612793
v -1.375100016593933 6.880300045013428 31.402000427246094
v -0.34310001134872437 7.560299873352051 31.4060001373291
v -11.531100273132324 7.368299961090088 30.884000778198242
v -10.92710018157959 7.314300060272217 31.167999267578125
v 4.84089994430542 6.614299774169922 31.275999069213867
v 3.3568999767303467 12.136300086975098 27.670000076293945
v 3.9948999881744385 12.34630012512207 28.031999588012695
v -11.411100387573242 8.540300369262695 30.908000946044922
v -11.20110034942627 8.214300155639648 31.059999465942383
v 11.032899856567383 7.130300045013428 30.964000701904297
v 8.492899894714355 -11.935700416564941 28.040000915527344
v -11.783100128173828 8.692299842834473 27.52199935913086
v -11.495100021362305 9.574299812316895 27.65999984741211
v 12.37090015411377 7.044300079345703 27.93000030517578
v 12.350899696350098 5.542300224304199 28.166000366210938
v 12.236900329589844 3.5183000564575195 27.738000869750977
v -10.785099983215332 -10.519700050354004 28.218000411987305
v 2.2409000396728516 8.782299995422363 31.29199981689453
v 10.262900352478027 -10.007699966430664 29.270000457763672
v 11.74489974975586 -7.285699844360352 29.892000198364258
v 11.824899673461914 -8.063699722290039 29.290000915527344
v 11.946900367736816 -7.805699825286865 29.077999114990234
v -8.095100402832031 10.734299659729004 30.86199951171875
v 10.456899642944336 -9.341699600219727 30.31999969482422
v 11.012900352478027 -9.097700119018555 29.799999237060547
v 12.380900382995605 -2.013700008392334 29.18400001525879
v 12.336899757385254 -1.3336999416351318 29.492000579833984
v 12.350899696350098 -2.1756999492645264 29.652000427246094
v 12.19890022277832 -0.9736999869346619 28.06599998474121
v 12.226900100708008 -3.1117000579833984 28.378000259399414
v 12.06089973449707 -1.3036999702453613 27.857999801635742
v 8.78689956665039 -8.265700340270996 31.38599967956543
v 7.4328999519348145 -8.941699981689453 31.389999389648438
v 8.718899726867676 -8.85569953918457 31.305999755859375
v 12.192899703979492 0.0723000019788742 29.06399917602539
v 12.216899871826172 -0.6676999926567078 28.336000442504883
v 10.974900245666504 -6.821700096130371 30.99799919128418
v 11.270899772644043 -6.173699855804443 30.84600067138672
v 10.790900230407715 -6.125699996948242 31.243999481201172
v 11.770899772644043 3.5162999629974365 30.756000518798828
v 9.206899642944336 -9.911700248718262 30.922000885009766
v 10.748900413513184 -9.449700355529785 29.63599967956543
v 8.532899856567383 -11.467700004577637 28.733999252319336
v 11.064900398254395 -9.631699562072754 28.922000885009766
v 10.47089958190918 -9.047699928283691 30.527999877929688
v 10.06089973449707 -9.401700019836426 30.642000198364258
v 11.818900108337402 -8.407699584960938 29.010000228881836
v 11.866900444030762 -3.395699977874756 30.483999252319336
v 11.656900405883789 -1.7776999473571777 30.3700008392334
v 11.730899810791016 -3.515700101852417 30.5939998626709
v 12.070899963378906 -6.875699996948242 28.158000946044922
v 12.090900421142578 -5.561699867248535 28.107999801635742
v 12.212900161743164 -5.477700233459473 28.465999603271484
v 11.534899711608887 -6.26170015335083 30.51799964904785
v 11.926899909973145 -6.055699825286865 29.93000030517578
v 11.192899703979492 -3.45770001411438 30.83799934387207
v 11.262900352478027 -8.103699684143066 30.20400047302246
v 5.002900123596191 -11.281700134277344 30.020000457763672
v 4.728899955749512 -11.015700340270996 30.441999435424805
v 12.2568998336792 2.3382999897003174 29.211999893188477
v -2.6171000003814697 -6.559700012207031 31.468000411987305
v 10.140899658203125 -0.6757000088691711 26.634000778198242
v 9.55090045928955 0.006299970205873251 26.56599998474121
v 10.336899757385254 0.41029998660087585 26.73200035095215
v 12.320899963378906 -1.6096999645233154 28.606000900268555
v 11.46090030670166 3.9502999782562256 30.97800064086914
v 12.19890022277832 -0.5796999931335449 29.558000564575195
v 12.1628999710083 0.27630001306533813 29.347999572753906
v 12.046899795532227 -3.019700050354004 30.229999542236328
v 12.216899871826172 -2.835700035095215 29.926000595092773
v 12.17490005493164 -2.2416999340057373 29.95199966430664
v 12.104900360107422 0.8842999935150146 29.54800033569336
v 11.308899879455566 -0.2337000072002411 30.472000122070312
v 10.680899620056152 -2.323699951171875 30.83799934387207
v 10.74489974975586 -3.5896999835968018 31.00200080871582
v 9.250900268554688 -2.003700017929077 31.142000198364258
v 11.176899909973145 -1.2396999597549438 30.558000564575195
v 10.606900215148926 -6.821700096130371 31.261999130249023
v 12.158900260925293 -3.691699981689453 30.04199981689453
v 11.68690013885498 -0.919700026512146 30.236000061035156
v 10.148900032043457 1.9222999811172485 26.672000885009766
v 1.8549000024795532 12.14430046081543 27.871999740600586
v 8.0068998336792 -11.679699897766113 28.82200050354004
v 8.024900436401367 -12.025699615478516 28.236000061035156
v 10.966899871826172 0.6023010015487671 30.715999603271484
v 4.312900066375732 12.286299705505371 27.969999313354492
v -7.0131001472473145 4.904300212860107 31.354000091552734
v 10.534899711608887 -5.399700164794922 31.214000701904297
v 10.000900268554688 -5.529699802398682 31.36400032043457
v 12.260899543762207 -4.877699851989746 28.270000457763672
v 12.118900299072266 -3.521699905395508 28.143999099731445
v 12.016900062561035 -4.867700099945068 27.93199920654297
v 11.794899940490723 -3.4277000427246094 27.70400047302246
v 11.730899810791016 -5.0416998863220215 30.488000869750977
v 12.156900405883789 -3.9976999759674072 29.860000610351562
v -1.2171000242233276 8.304300308227539 31.351999282836914
v 7.142899990081787 -11.089699745178223 30.3439998626709
v 9.844900131225586 -8.951700210571289 30.95800018310547
v 9.284899711608887 -9.465700149536133 31.013999938964844
v 12.19890022277832 -4.281700134277344 28.194000244140625
v 11.862899780273438 -2.073699951171875 27.676000595092773
v -5.40310001373291 -12.10569953918457 29.947999954223633
v -4.037099838256836 -11.947699546813965 30.211999893188477
v -4.827099800109863 -11.80370044708252 30.323999404907227
v 4.780900001525879 -8.837699890136719 31.465999603271484
v 5.070899963378906 -6.5457000732421875 31.45800018310547
v -3.475100040435791 -12.447699546813965 27.323999404907227
v -4.05109977722168 -12.431699752807617 27.534000396728516
v -4.109099864959717 -12.36970043182373 27.06599998474121
v 6.484899997711182 -2.2976999282836914 31.302000045776367
v 8.122900009155273 -2.0336999893188477 31.261999130249023
v 6.778900146484375 -4.867700099945068 31.42799949645996
v 6.748899936676025 -7.625699996948242 31.393999099731445
v 8.83489990234375 -6.131700038909912 31.450000762939453
v 7.5569000244140625 -11.393699645996094 29.70599937438965
v 12.076899528503418 4.748300075531006 27.511999130249023
v 12.288900375366211 -4.489699840545654 28.36199951171875
v 12.166899681091309 -5.835700035095215 29.242000579833984
v 12.268899917602539 -5.027699947357178 28.601999282836914
v 10.018899917602539 -7.52370023727417 31.34600067138672
v 11.152899742126465 -5.347700119018555 30.98200035095215
v 11.46090030670166 -3.8657000064849854 30.743999481201172
v 12.130900382995605 -0.48570001125335693 27.90999984741211
v 3.946899890899658 -11.98169994354248 28.621999740600586
v 3.84089994430542 -11.671699523925781 29.218000411987305
v 2.2929000854492188 -12.175700187683105 28.57200050354004
v 8.202899932861328 -10.777700424194336 30.531999588012695
v 8.278900146484375 -10.537699699401855 30.874000549316406
v 12.182900428771973 -1.0317000150680542 29.742000579833984
v 11.636899948120117 2.9723000526428223 30.850000381469727
v 11.932900428771973 0.08030030131340027 27.673999786376953
v 12.054900169372559 -0.02569960057735443 29.761999130249023
v 11.098899841308594 -10.10569953918457 27.860000610351562
v 11.790900230407715 -0.05569930002093315 30.115999221801758
v 12.282899856567383 -3.501699924468994 28.61400032043457
v 12.208900451660156 2.918299913406372 27.805999755859375
v 8.068900108337402 -11.001700401306152 30.110000610351562
v -10.283100128173828 11.408300399780273 28.652000427246094
v 1.1728999614715576 10.536299705505371 26.68000030517578
v 0.5309010148048401 10.496299743652344 26.715999603271484
v -11.955100059509277 7.624300003051758 27.558000564575195
v -12.245100021362305 7.694300174713135 28.166000366210938
v 11.386899948120117 -3.507699966430664 27.347999572753906
v 12.360899925231934 -2.7376999855041504 29.618000030517578
v 12.28689956665039 -3.2797000408172607 29.573999404907227
v 11.540900230407715 -4.637700080871582 30.724000930786133
v 5.4328999519348145 -8.269700050354004 31.445999145507812
v 9.62090015411377 -11.433699607849121 27.413999557495117
v -10.027099609375 11.228300094604492 27.663999557495117
v 10.012900352478027 6.01230001449585 31.36199951171875
v -8.073100090026855 8.100299835205078 31.238000869750977
v -6.785099983215332 8.21030044555664 31.257999420166016
v 8.694899559020996 2.0703001022338867 31.350000381469727
v 10.128899574279785 -6.217700004577637 31.45800018310547
v 9.896900177001953 7.49429988861084 31.280000686645508
v 8.152899742126465 -4.193699836730957 31.413999557495117
v 6.544899940490723 2.5002999305725098 31.422000885009766
v 11.906900405883789 -8.809700012207031 27.941999435424805
v 11.67490005493164 -9.311699867248535 27.950000762939453
v 11.988900184631348 -8.295700073242188 28.1560001373291
v 12.170900344848633 -6.131700038909912 28.597999572753906
v 6.35290002822876 -5.943699836730957 31.43600082397461
v 5.872900009155273 -6.347700119018555 31.447999954223633
v 6.5569000244140625 -3.0457000732421875 31.327999114990234
v 11.336899757385254 10.442299842834473 28.131999969482422
v 6.872900009155273 -4.263700008392334 31.417999267578125
v 12.092900276184082 -6.961699962615967 28.75
v 10.87090015411377 -8.825699806213379 30.266000747680664
v -11.597100257873535 8.226300239562988 30.777999877929688
v 8.088899612426758 2.7723000049591064 31.365999221801758
v -10.999099731445312 6.2042999267578125 26.549999237060547
v -10.94909954071045 4.220300197601318 26.540000915527344
v -11.123100280761719 5.620299816131592 26.670000076293945
v 6.554900169372559 -12.213700294494629 28.11400032043457
v 7.598899841308594 -12.135700225830078 28.077999114990234
v 7.60890007019043 -11.883700370788574 28.700000762939453
v 5.172900199890137 -11.567700386047363 29.336000442504883
v 2.2328999042510986 -12.201700210571289 28.187999725341797
v 8.372900009155273 -12.059700012207031 27.535999298095703
v 2.6008999347686768 -11.92770004272461 29.214000701904297
v 7.036900043487549 -11.92770004272461 28.832000732421875
v 6.438899993896484 -11.989700317382812 28.753999710083008
v 6.294899940490723 -12.12969970703125 28.43199920654297
v -7.559100151062012 -11.71969985961914 29.996000289916992
v -7.715099811553955 -12.003700256347656 29.200000762939453
v -6.901100158691406 -12.075699806213379 29.733999252319336
v 6.164899826049805 5.22629976272583 31.27400016784668
v 6.100900173187256 -12.167699813842773 28.055999755859375
v 5.324900150299072 -12.125699996948242 28.222000122070312
v 5.790900230407715 -11.681699752807617 26.642000198364258
v 6.8109002113342285 -11.737700462341309 26.667999267578125
v 6.4868998527526855 -11.895700454711914 26.826000213623047
v 4.654900074005127 -12.025699615478516 28.459999084472656
v 6.576900005340576 3.420300006866455 31.326000213623047
v -9.997099876403809 -11.175700187683105 28.170000076293945
v -9.783100128173828 -11.305700302124023 28.45599937438965
v 6.672900199890137 4.10830020904541 31.299999237060547
v -6.095099925994873 -12.313699722290039 29.31599998474121
v 4.014900207519531 8.928299903869629 31.323999404907227
v 4.142899990081787 6.766300201416016 31.29400062561035
v 10.450900077819824 -6.50570011138916 31.36199951171875
v -6.615099906921387 -12.537699699401855 27.461999893188477
v -6.485099792480469 -12.583700180053711 27.724000930786133
v -6.799099922180176 -12.569700241088867 27.77400016784668
v -3.469099998474121 -12.323699951171875 28.239999771118164
v -4.815100193023682 -12.421699523925781 27.332000732421875
v -6.333099842071533 -12.35569953918457 27.172000885009766
v -6.167099952697754 -11.949700355529785 26.761999130249023
v -4.685100078582764 -12.197699546813965 26.916000366210938
v -10.39109992980957 10.306300163269043 27.038000106811523
v -10.319100379943848 9.874300003051758 26.898000717163086
v 1.6129000186920166 -9.92770004272461 31.288000106811523
v 9.440899848937988 -8.223699569702148 31.312000274658203
v 1.9349000453948975 6.748300075531006 31.365999221801758
v 9.350899696350098 -8.899700164794922 31.170000076293945
v 8.772899627685547 -9.961700439453125 31
v 8.678899765014648 -10.35770034790039 30.881999969482422
v -6.645100116729736 -12.007699966430664 29.986000061035156
v -2.035099983215332 -6.549699783325195 31.47800064086914
v 0.8089010119438171 -10.949700355529785 31.058000564575195
v -6.037099838256836 -12.18970012664795 29.76799964904785
v -6.869100093841553 -12.371700286865234 27.281999588012695
v -7.039100170135498 -11.905699729919434 26.777999877929688
v -1.8911000490188599 -12.365699768066406 27.808000564575195
v -5.185100078582764 6.728300094604492 31.36199951171875
v -5.493100166320801 6.892300128936768 31.34600067138672
v -5.64709997177124 6.408299922943115 31.351999282836914
v -2.295099973678589 6.880300045013428 31.40999984741211
v -7.561100006103516 -12.163700103759766 28.826000213623047
v 11.97089958190918 -8.04170036315918 27.895999908447266
v 0.7269009947776794 6.870299816131592 31.389999389648438
v -4.893099784851074 6.818299770355225 31.371999740600586
v -3.35509991645813 6.804299831390381 31.41200065612793
v -1.475100040435791 -12.347700119018555 27.610000610351562
v -0.9790989756584167 -12.045700073242188 26.84600067138672
v 11.792900085449219 -6.883699893951416 27.672000885009766
v 12.014900207519531 -6.525700092315674 27.961999893188477
v 11.824899673461914 -5.50570011138916 27.719999313354492
v 11.562899589538574 -6.497700214385986 27.384000778198242
v 11.392900466918945 -6.125699996948242 27.229999542236328
v -6.937099933624268 -12.479700088500977 27.496000289916992
v -6.787099838256836 10.728300094604492 26.643999099731445
v -8.603099822998047 10.472299575805664 26.826000213623047
v -11.01710033416748 10.532299995422363 27.851999282836914
v 10.434900283813477 11.544300079345703 28.714000701904297
v -11.60509967803955 9.026300430297852 27.40399932861328
v -7.833099842071533 10.884300231933594 26.836000442504883
v -9.671099662780762 10.730299949645996 27.011999130249023
v 11.950900077819824 8.230299949645996 27.65399932861328
v 10.856900215148926 11.162300109863281 28.302000045776367
v -11.393099784851074 9.274299621582031 27.284000396728516
v -3.5590999126434326 12.250300407409668 28.187999725341797
v 11.282899856567383 -4.569699764251709 27.219999313354492
v -11.05109977722168 7.288300037384033 26.601999282836914
v 7.860899925231934 -12.121700286865234 27.591999053955078
v -9.507100105285645 9.966300010681152 26.780000686645508
v 9.836899757385254 -10.929699897766113 26.591999053955078
v -8.503100395202637 -11.537699699401855 29.666000366210938
v -7.211100101470947 -12.499699592590332 27.88800048828125
v -9.583100318908691 -11.385700225830078 28.142000198364258
v -7.675099849700928 -12.245699882507324 27.95400047302246
v 10.762900352478027 -6.841700077056885 26.775999069213867
v 10.454899787902832 -6.5457000732421875 26.628000259399414
v -7.745100021362305 -11.679699897766113 26.70400047302246
v 6.918900012969971 -12.171699523925781 27.700000762939453
v -8.861100196838379 -11.269700050354004 26.781999588012695
v -8.631099700927734 -11.577699661254883 26.945999145507812
v -8.929100036621094 -11.513699531555176 27.238000869750977
v -7.437099933624268 -12.3016996383667 28.260000228881836
v 10.1628999710083 -4.751699924468994 26.649999618530273
v 9.906900405883789 -5.1717000007629395 26.54400062561035
v 9.524900436401367 -5.521699905395508 26.534000396728516
v -7.961100101470947 -11.833700180053711 26.983999252319336
v -8.305100440979004 -11.5516996383667 26.73200035095215
v -10.161100387573242 -11.013699531555176 27.899999618530273
v -10.405099868774414 -10.61769962310791 27.413999557495117
v 10.48289966583252 -2.003700017929077 26.775999069213867
v 10.204899787902832 -2.68969988822937 26.658000946044922
v 10.946900367736816 0.6823009848594666 26.937999725341797
v 10.516900062561035 2.5322999954223633 26.756000518798828
v 11.950900077819824 3.04830002784729 27.511999130249023
v 1.5389000177383423 -11.663700103759766 26.829999923706055
v 0.20290100574493408 -11.673700332641602 26.775999069213867
v 1.5029000043869019 -11.36970043182373 26.600000381469727
v 0.1469009965658188 12.01830005645752 27.833999633789062
v 3.160900115966797 -11.48169994354248 26.61199951171875
v 2.6689000129699707 -11.515700340270996 26.68400001525879
v 3.1289000511169434 -11.341699600219727 26.56399917602539
v 0.3928999900817871 -11.973699569702148 27.139999389648438
v -7.207099914550781 4.24429988861084 31.389999389648438
v -7.457099914550781 -12.285699844360352 27.555999755859375
v 5.4328999519348145 -11.42770004272461 26.57200050354004
v -9.277099609375 -11.293700218200684 27.104000091552734
v -8.457099914550781 -11.795700073242188 27.38599967956543
v 11.204899787902832 0.13030099868774414 27.101999282836914
v 11.06089973449707 -2.7276999950408936 27.100000381469727
v 10.672900199890137 -0.7136989831924438 26.799999237060547
v -10.15310001373291 -10.381699562072754 30.006000518798828
v 7.838900089263916 -11.68970012664795 26.738000869750977
v 2.3708999156951904 -11.84570026397705 27.142000198364258
v 10.510899543762207 -10.445699691772461 26.625999450683594
v 10.954899787902832 -10.245699882507324 26.941999435424805
v 4.4928998947143555 -11.747699737548828 26.84000015258789
v 5.1168999671936035 -11.679699897766113 26.670000076293945
v 5.470900058746338 -11.841699600219727 26.926000595092773
v 10.856900215148926 -4.769700050354004 26.950000762939453
v 10.44890022277832 -3.6756999492645264 26.757999420166016
v 8.464900016784668 -11.405699729919434 26.582000732421875
v 12.08489990234375 0.5842999815940857 27.850000381469727
v 12.046899795532227 1.7623000144958496 27.658000946044922
v 11.74489974975586 -8.889699935913086 27.604000091552734
v 11.440899848937988 -8.953700065612793 27.170000076293945
v -12.395099639892578 -7.343699932098389 27.826000213623047
v 11.578900337219238 9.076299667358398 27.527999877929688
v 11.280900001525879 -9.349699974060059 26.974000930786133
v 10.98490047454834 -9.183699607849121 26.746000289916992
v 11.216899871826172 -8.191699981689453 27.006000518798828
v -8.893099784851074 -10.859700202941895 26.610000610351562
v 11.150899887084961 -9.815699577331543 26.913999557495117
v 11.306900024414062 -6.8557000160217285 27.1560001373291
v -10.589099884033203 8.086299896240234 26.607999801635742
v -11.045100212097168 8.318300247192383 26.86400032043457
v 10.574899673461914 -10.48169994354248 26.68400001525879
v -4.083099842071533 11.026300430297852 27.01799964904785
v -5.4471001625061035 11.288299560546875 26.992000579833984
v -4.703100204467773 11.454299926757812 27.20400047302246
v 10.838899612426758 -7.573699951171875 26.775999069213867
v 11.124899864196777 8.214300155639648 27.06800079345703
v 11.794899940490723 8.212300300598145 27.496000289916992
v 12.126899719238281 6.50629997253418 27.54599952697754
v -11.737099647521973 -9.093700408935547 28.049999237060547
v -11.203100204467773 -8.587699890136719 26.856000900268555
v -10.525099754333496 -9.2076997756958 26.714000701904297
v -11.259099960327148 -8.825699806213379 26.996000289916992
v -10.573100090026855 -7.233699798583984 26.59000015258789
v -10.037099838256836 -6.74370002746582 26.552000045776367
v -10.599100112915039 -5.845699787139893 26.615999221801758
v -10.90310001373291 -5.503699779510498 26.700000762939453
v -10.195099830627441 -9.78969955444336 26.70400047302246
v -11.389100074768066 -9.489700317382812 27.70800018310547
v -11.509099960327148 -9.037699699401855 27.389999389648438
v -11.045100212097168 -9.84570026397705 27.444000244140625
v -10.967100143432617 -10.223699569702148 27.93199920654297
v -10.583100318908691 -5.1757001876831055 26.540000915527344
v -11.067099571228027 -3.6756999492645264 26.645999908447266
v -10.843099594116211 -9.827699661254883 27.194000244140625
v -10.71310043334961 -9.447699546813965 26.9060001373291
v -10.483099937438965 -9.945699691772461 26.920000076293945
v -10.707099914550781 -8.611700057983398 26.658000946044922
v 10.214900016784668 -6.901700019836426 26.540000915527344
v -12.023099899291992 -4.9257001876831055 27.45400047302246
v -11.735099792480469 -5.867700099945068 27.214000701904297
v -11.611100196838379 -8.443699836730957 27.077999114990234
v -11.95110034942627 -7.9156999588012695 27.33799934387207
v -11.82509994506836 -7.785699844360352 27.18400001525879
v -9.651100158691406 -11.05370044708252 27.079999923706055
v -9.429100036621094 -10.907699584960938 26.81599998474121
v -11.579099655151367 -8.283699989318848 27.006000518798828
v -10.907099723815918 -6.265699863433838 26.736000061035156
v -10.883099555969238 2.7723000049591064 26.558000564575195
v -12.047100067138672 -7.6656999588012695 27.395999908447266
v -10.049099922180176 9.344300270080566 26.736000061035156
v -10.12909984588623 -10.7677001953125 27.195999145507812
v -11.241100311279297 -5.9156999588012695 26.88800048828125
v -9.65310001373291 -10.545700073242188 26.73200035095215
v -10.425100326538086 -10.361700057983398 27.125999450683594
v -11.827099800109863 -4.6016998291015625 27.256000518798828
v 10.062899589538574 -5.719699859619141 26.54599952697754
v 10.19890022277832 -5.401700019836426 26.610000610351562
v 10.53689956665039 -7.2357001304626465 26.615999221801758
v -10.2431001663208 -9.959699630737305 26.77199935913086
v -10.357099533081055 -9.111700057983398 26.615999221801758
v 10.71090030670166 -8.359700202941895 26.691999435424805
v -7.241099834442139 11.32229995727539 26.961999893188477
v -9.273099899291992 11.158300399780273 27.277999877929688
v -12.113100051879883 2.7723000049591064 27.562000274658203
v -12.033100128173828 2.56030011177063 27.444000244140625
v -5.865099906921387 11.94629955291748 27.535999298095703
v 8.066900253295898 11.928299903869629 27.507999420166016
v 8.59689998626709 11.902299880981445 27.739999771118164
v 8.53689956665039 11.624300003051758 27.354000091552734
v 2.1689000129699707 12.040300369262695 27.648000717163086
v 3.0109000205993652 11.974300384521484 27.437999725341797
v -10.405099868774414 10.992300033569336 27.6560001373291
v 10.590900421142578 4.224299907684326 26.81800079345703
v 10.0068998336792 4.298299789428711 26.65999984741211
v 10.042900085449219 5.0903000831604 26.634000778198242
v 11.016900062561035 10.624300003051758 27.875999450683594
v 11.306900024414062 9.81029987335205 27.58799934387207
v -12.06309986114502 1.5283000469207764 27.65999984741211
v -11.077099800109863 -3.4196999073028564 26.597999572753906
v -11.171099662780762 -2.0617001056671143 26.666000366210938
v -11.095100402832031 -0.7876999974250793 26.56999969482422
v 10.206899642944336 7.656300067901611 26.753999710083008
v 9.98289966583252 6.364299774169922 26.577999114990234
v 9.518899917602539 5.5183000564575195 26.534000396728516
v -11.651100158691406 3.7743000984191895 27.29599952697754
v -11.735099792480469 -0.3056989908218384 27.211999893188477
v -11.535099983215332 -2.1057000160217285 27.003999710083008
v -11.817099571228027 -2.3057000637054443 27.33799934387207
v -11.711099624633789 2.4482998847961426 27.20400047302246
v 9.570899963378906 11.764300346374512 27.941999435424805
v 1.3948999643325806 12.024299621582031 27.666000366210938
v -11.705100059509277 1.3382999897003174 27.190000534057617
v 7.6768999099731445 11.486300468444824 27.00200080871582
v 7.278900146484375 12.118300437927246 27.43600082397461
v 8.010899543762207 11.738300323486328 27.25200080871582
v -9.92710018157959 -10.673700332641602 26.95400047302246
v -11.125100135803223 1.2783000469207764 26.615999221801758
v 10.652899742126465 1.3282999992370605 26.785999298095703
v 9.042900085449219 11.048299789428711 26.941999435424805
v 9.268899917602539 11.176300048828125 27.107999801635742
v 10.578900337219238 9.790300369262695 26.988000869750977
v 10.216899871826172 10.368300437927246 27.020000457763672
v 10.522899627685547 10.522299766540527 27.32200050354004
v 9.67490005493164 7.522299766540527 26.63800048828125
v 8.38290023803711 10.62030029296875 26.63599967956543
v 8.088899612426758 10.388299942016602 26.56599998474121
v 7.81689977645874 10.9822998046875 26.746000289916992
v 1.7448999881744385 12.288299560546875 28.420000076293945
v 2.462899923324585 12.222299575805664 28.076000213623047
v -11.149100303649902 -9.851699829101562 29.22800064086914
v -11.45110034942627 -9.361700057983398 29.54599952697754
v 8.546899795532227 -11.935700416564941 27.304000854492188
v 11.08489990234375 9.84630012512207 27.371999740600586
v 10.664899826049805 9.25629997253418 26.93600082397461
v 11.324899673461914 9.406299591064453 27.399999618530273
v -7.769100189208984 11.514300346374512 27.214000701904297
v -6.875100135803223 11.478300094604492 27.049999237060547
v -5.67710018157959 10.500300407409668 26.676000595092773
v -11.069100379943848 4.174300193786621 26.628000259399414
v 9.986900329589844 5.944300174713135 26.615999221801758
v 2.9328999519348145 10.338299751281738 26.634000778198242
v 9.778900146484375 8.924300193786621 26.709999084472656
v 5.508900165557861 11.51830005645752 27.06399917602539
v 6.124899864196777 11.774299621582031 27.209999084472656
v 6.794899940490723 11.556300163269043 27.011999130249023
v 7.342899799346924 11.008299827575684 26.68000030517578
v 8.73289966583252 10.850299835205078 26.770000457763672
v 9.628899574279785 10.552300453186035 26.847999572753906
v 8.830900192260742 10.396300315856934 26.676000595092773
v -11.561100006103516 8.444299697875977 27.246000289916992
v -6.361100196838379 11.362299919128418 26.989999771118164
v -6.081099987030029 10.760299682617188 26.738000869750977
v -6.851099967956543 11.122300148010254 26.812000274658203
v 7.0569000244140625 12.238300323486328 27.634000778198242
v 5.360899925231934 12.15429973602295 27.70400047302246
v -1.4630999565124512 10.726300239562988 26.902000427246094
v -3.6191000938415527 11.622300148010254 27.360000610351562
v -1.9111000299453735 11.402299880981445 27.302000045776367
v 4.892899990081787 11.178299903869629 26.95400047302246
v 4.780900001525879 11.660300254821777 27.233999252319336
v -2.0771000385284424 11.830300331115723 27.639999389648438
v -3.9951000213623047 11.956299781799316 27.5939998626709
v -0.5470989942550659 11.63230037689209 27.393999099731445
v -4.527100086212158 12.124300003051758 27.766000747680664
v -5.549099922180176 12.102299690246582 27.81999969482422
v -6.5671000480651855 11.794300079345703 27.368000030517578
v 4.760900020599365 12.032299995422363 27.555999755859375
v 8.064900398254395 12.110300064086914 27.83799934387207
v 8.56089973449707 12.100299835205078 28.09600067138672
v 9.83489990234375 10.640299797058105 26.961999893188477
v 0.22690099477767944 11.796299934387207 27.447999954223633
v 9.73490047454834 10.13230037689209 26.823999404907227
v -5.3790998458862305 11.580300331115723 27.18600082397461
v 5.912899971008301 10.9822998046875 26.785999298095703
v 7.594900131225586 12.188300132751465 27.586000442504883
v 10.490900039672852 11.12030029296875 27.81399917602539
v 6.770899772644043 10.686300277709961 26.621999740600586
v -11.711099624633789 5.59630012512207 27.341999053955078
v 9.1628999710083 11.962300300598145 28.02400016784668
v 5.752900123596191 12.270299911499023 27.93600082397461
v -2.6791000366210938 12.016300201416016 27.79599952697754
v -0.8130990266799927 10.626299858093262 26.850000381469727
v 0.8789010047912598 11.808300018310547 27.459999084472656
v 1.4249000549316406 11.640299797058105 27.281999588012695
v 1.7948999404907227 10.320300102233887 26.61400032043457
v 2.1229000091552734 11.740300178527832 27.280000686645508
v 1.7609000205993652 11.890299797058105 27.450000762939453
v -3.3150999546051025 10.63029956817627 26.827999114990234
v 1.2869000434875488 11.230299949645996 27.025999069213867
v -11.96310043334961 6.372300148010254 27.479999542236328
v 10.314900398254395 9.934300422668457 26.892000198364258
v -8.983099937438965 10.848299980163574 27.027999877929688
v 3.1189000606536865 11.650300025939941 27.16200065612793
v 9.106900215148926 12.138299942016602 28.34000015258789
v 3.598900079727173 11.85830020904541 27.31599998474121
v -10.115099906921387 8.558300018310547 26.56399917602539
v -5.033100128173828 11.910300254821777 27.525999069213867
v 5.018899917602539 10.512299537658691 26.700000762939453
v 4.070899963378906 11.582300186157227 27.190000534057617
v -8.157099723815918 -11.587699890136719 26.658000946044922
v -11.593099594116211 7.212299823760986 27.1299991607666
v -10.185099601745605 7.936299800872803 26.534000396728516
v -10.661100387573242 10.496299743652344 7.638000011444092
v -10.803099632263184 10.4483003616333 7.958000183105469
v -10.203100204467773 10.748299598693848 7.4720001220703125
v -10.035099983215332 11.128299713134766 8.10200023651123
v -9.909099578857422 11.068300247192383 7.631999969482422
v -10.293100357055664 10.88230037689209 8.423999786376953
v -10.231100082397461 -11.62969970703125 8.942000389099121
v -9.621100425720215 -12.067700386047363 9.074000358581543
v -10.273099899291992 -11.663700103759766 9.223999977111816
v -9.573100090026855 -11.7677001953125 8.718000411987305
v 11.688899993896484 -2.817699909210205 11.355999946594238
v 12.034899711608887 -0.9397000074386597 10.899999618530273
v 11.2568998336792 -2.0977001190185547 11.748000144958496
v 10.724900245666504 7.49429988861084 11.76200008392334
v 11.138899803161621 8.338299751281738 11.326000213623047
v 10.504899978637695 8.7923002243042 11.673999786376953
v 11.774900436401367 6.160299777984619 11.187999725341797
v 11.690899848937988 4.760300159454346 11.369999885559082
v 11.906900405883789 5.400300025939941 11.02400016784668
v 11.826899528503418 6.690299987792969 10.932000160217285
v 12.040900230407715 6.220300197601318 10.65999984741211
v 11.044899940490723 6.426300048828125 11.817999839782715
v 11.364899635314941 6.180300235748291 11.619999885559082
v 11.538900375366211 6.868299961090088 11.26200008392334
v 11.900899887084961 3.346299886703491 11.149999618530273
v 11.656900405883789 3.4003000259399414 11.4399995803833
v 11.676899909973145 1.980299949645996 11.326000213623047
v 10.704899787902832 6.690299987792969 11.904000282287598
v 10.750900268554688 5.884300231933594 11.904000282287598
v 11.290900230407715 2.1542999744415283 11.628000259399414
v 11.458900451660156 2.8422999382019043 11.562000274658203
v 10.512900352478027 1.1863000392913818 12
v 12.184900283813477 -0.7696999907493591 10.640000343322754
v 11.440899848937988 5.056300163269043 11.565999984741211
v 11.23289966583252 7.484300136566162 11.399999618530273
v 11.464900016784668 -0.6837000250816345 11.47599983215332
v 11.254899978637695 1.2503000497817993 11.62399959564209
v 11.086899757385254 -0.17170000076293945 11.75
v 12.042900085449219 4.730299949645996 10.72599983215332
v 12.17490005493164 5.902299880981445 10.404000282287598
v 11.59689998626709 7.910299777984619 10.991999626159668
v 10.622900009155273 4.642300128936768 11.92199993133545
v 11.850899696350098 8.62030029296875 10.402000427246094
v 11.462900161743164 8.45829963684082 10.970000267028809
v 10.396900177001953 9.38230037689209 11.553999900817871
v 10.748900413513184 9.194299697875977 11.366000175476074
v 11.010899543762207 8.88230037689209 11.272000312805176
v 12.270899772644043 7.8403000831604 8.72599983215332
v 12.172900199890137 8.38230037689209 8.913999557495117
v 12.19890022277832 8.420299530029297 9.291999816894531
v 11.326899528503418 9.76830005645752 9.619999885559082
v 11.762900352478027 9.076299667358398 10.178000450134277
v 12.000900268554688 8.90429973602295 9.513999938964844
v 12.158900260925293 7.984300136566162 10.12600040435791
v 12.192899703979492 2.120300054550171 10.510000228881836
v 12.136899948120117 0.7763000130653381 10.692000389099121
v 12.252900123596191 0.3702999949455261 10.468000411987305
v 12.24489974975586 7.2083001136779785 10.145999908447266
v 12.410900115966797 7.056300163269043 8.748000144958496
v 12.326899528503418 -3.0316998958587646 8.708000183105469
v 12.318900108337402 -1.819700002670288 8.934000015258789
v 12.49489974975586 -3.447700023651123 9.13599967956543
v 12.328900337219238 -5.477700233459473 10.260000228881836
v 12.512900352478027 -6.2357001304626465 9.215999603271484
v 12.55090045928955 -4.803699970245361 9.293999671936035
v 12.544899940490723 -3.515700101852417 9.368000030517578
v 12.434900283813477 -1.4117000102996826 9.437999725341797
v 12.386899948120117 -3.765700101852417 10.156000137329102
v 12.06089973449707 -9.375699996948242 10.362000465393066
v 12.1628999710083 -8.797699928283691 10.291999816894531
v 12.140899658203125 -8.527700424194336 10.538000106811523
v 11.332900047302246 -1.5256999731063843 11.62600040435791
v 10.878899574279785 -1.8717000484466553 11.92199993133545
v 10.55090045928955 0.2922999858856201 12
v 10.172900199890137 9.72029972076416 11.503999710083008
v 12.182900428771973 4.496300220489502 10.26200008392334
v 12.21090030670166 3.7123000621795654 10.083999633789062
v 12.502900123596191 -5.713699817657471 9.022000312805176
v 12.398900032043457 -6.207699775695801 8.819999694824219
v 12.326899528503418 -4.549699783325195 8.645999908447266
v 11.976900100708008 2.2102999687194824 10.932000160217285
v -5.39109992980957 9.426300048828125 7.308000087738037
v -6.085100173950195 9.474300384521484 7.308000087738037
v -8.149100303649902 11.09630012512207 7.309999942779541
v 10.996899604797363 -6.205699920654297 7.323999881744385
v 10.938899993896484 -7.429699897766113 7.317999839782715
v 9.980899810791016 -4.4096999168396 7.309999942779541
v -0.11309900134801865 9.860300064086914 7.308000087738037
v -2.7590999603271484 11.306300163269043 7.340000152587891
v 0.8169010281562805 9.962300300598145 7.308000087738037
v 10.880900382995605 -2.773699998855591 7.331999778747559
v 9.764900207519531 -1.8876999616622925 7.308000087738037
v 9.770899772644043 -1.0056999921798706 7.296000003814697
v 9.546899795532227 -0.08969970047473907 7.291999816894531
v 9.600899696350098 1.0583000183105469 7.302000045776367
v 9.504899978637695 1.7403000593185425 7.308000087738037
v 9.490900039672852 2.110300064086914 7.308000087738037
v 9.458900451660156 2.684299945831299 7.308000087738037
v 10.914899826049805 3.2762999534606934 7.317999839782715
v -9.521100044250488 -5.521699905395508 7.309999942779541
v -8.335100173950195 -6.083700180053711 7.308000087738037
v -8.229100227355957 -7.1757001876831055 7.308000087738037
v -7.999100208282471 -7.963699817657471 7.308000087738037
v -8.541099548339844 9.290300369262695 7.308000087738037
v -8.76509952545166 9.052300453186035 7.308000087738037
v -10.173100471496582 10.316300392150879 7.326000213623047
v -7.953100204467773 3.6003000736236572 7.309999942779541
v -8.149100303649902 1.6943000555038452 7.308000087738037
v -9.507100105285645 1.3803000450134277 7.308000087738037
v 10.184900283813477 5.520299911499023 7.308000087738037
v 10.580900192260742 5.174300193786621 7.314000129699707
v 9.31089973449707 5.408299922943115 7.308000087738037
v 8.726900100708008 8.048299789428711 7.308000087738037
v 9.004899978637695 8.826299667358398 7.308000087738037
v 8.9128999710083 6.7683000564575195 7.311999797821045
v 8.402899742126465 7.8983001708984375 7.308000087738037
v 10.542900085449219 4.486299991607666 7.311999797821045
v 8.124899864196777 11.230299949645996 7.322000026702881
v 3.914900064468384 9.9483003616333 7.308000087738037
v -3.1210999488830566 9.262299537658691 7.308000087738037
v -4.583099842071533 9.422300338745117 7.308000087738037
v -0.9491000175476074 9.64229965209961 7.308000087738037
v -2.281100034713745 9.488300323486328 7.308000087738037
v 8.066900253295898 9.786299705505371 7.306000232696533
v 7.562900066375732 9.974300384521484 7.291999816894531
v 6.788899898529053 9.986300468444824 7.308000087738037
v 9.84689998626709 8.996299743652344 7.311999797821045
v 9.384900093078613 4.258299827575684 7.308000087738037
v 9.206899642944336 3.348299980163574 7.308000087738037
v 9.222900390625 3.852299928665161 7.308000087738037
v 9.23490047454834 4.952300071716309 7.308000087738037
v 9.38290023803711 1.9422999620437622 7.308000087738037
v -7.937099933624268 9.290300369262695 7.308000087738037
v -8.257100105285645 9.39229965209961 7.296000003814697
v -8.943099975585938 1.0262999534606934 7.308000087738037
v -8.17710018157959 -6.623700141906738 7.308000087738037
v 9.270899772644043 10.064299583435059 11.609999656677246
v 12.000900268554688 8.640299797058105 9.994000434875488
v 12.19890022277832 -5.497700214385986 10.795999526977539
v 12.116900444030762 -4.76170015335083 10.826000213623047
v 12.452899932861328 -4.285699844360352 8.859999656677246
v 11.900899887084961 -9.567700386047363 10.708000183105469
v 11.650899887084961 -10.275699615478516 10.534000396728516
v 11.89490032196045 -9.913700103759766 10.40999984741211
v 12.530900001525879 -3.8376998901367188 9.609999656677246
v -9.169099807739258 11.634300231933594 7.892000198364258
v -8.693099975585938 11.662300109863281 7.699999809265137
v -9.441100120544434 11.178299903869629 7.386000156402588
v -11.101099967956543 10.106300354003906 8.11400032043457
v -10.737099647521973 10.522299766540527 8.404000282287598
v 12.170900344848633 7.73829984664917 10.248000144958496
v 12.274900436401367 4.030300140380859 9.11400032043457
v 12.332900047302246 5.896299839019775 8.934000015258789
v 12.002900123596191 8.844300270080566 9.069999694824219
v 12.344900131225586 -7.615699768066406 10.187999725341797
v 12.29889965057373 -7.9096999168396 10.378000259399414
v 12.386899948120117 -7.797699928283691 9.704000473022461
v 10.902899742126465 -4.567699909210205 12.034000396728516
v 12.34689998626709 0.11630100011825562 9.307999610900879
v 12.528900146484375 -4.913700103759766 9.067999839782715
v -10.079099655151367 10.87030029296875 8.807999610900879
v -10.747099876403809 10.320300102233887 8.887999534606934
v -9.16510009765625 10.88029956817627 9.86400032043457
v -11.615099906921387 9.37030029296875 8.284000396728516
v -11.40310001373291 9.766300201416016 8.437999725341797
v 12.444899559020996 -6.765699863433838 9.437999725341797
v 12.396900177001953 -7.4756999015808105 9.381999969482422
v 12.338899612426758 -8.221699714660645 9.64799976348877
v -9.229100227355957 11.652299880981445 8.354000091552734
v -9.623100280761719 11.432299613952637 8.187999725341797
v 12.276900291442871 2.0683000087738037 9.260000228881836
v 12.06089973449707 -1.5297000408172607 8.435999870300293
v 12.214900016784668 3.7843000888824463 8.758000373840332
v 11.694899559020996 -9.547699928283691 11.10200023651123
v 12.302900314331055 -1.1756999492645264 10.407999992370605
v 12.292900085449219 0.45830100774765015 9.0600004196167
v 12.246899604797363 1.7762999534606934 8.920000076293945
v 11.468899726867676 -10.587699890136719 9.71399974822998
v 11.700900077819824 -10.15369987487793 9.343999862670898
v 11.650899887084961 -10.329700469970703 10.152000427246094
v 12.032899856567383 -5.431700229644775 11.12600040435791
v 12.254899978637695 -6.345699787139893 10.539999961853027
v -8.497099876403809 11.932299613952637 8.815999984741211
v 10.5068998336792 -2.2237000465393066 12.071999549865723
v 12.12090015411377 -2.639699935913086 10.744000434875488
v 10.714900016784668 3.602299928665161 11.935999870300293
v 12.248900413513184 7.554299831390381 8.390000343322754
v 12.368900299072266 6.950300216674805 8.550000190734863
v 12.222900390625 6.366300106048584 8.423999786376953
v 11.518899917602539 9.484299659729004 9.043999671936035
v 12.224900245666504 5.634300231933594 8.482000350952148
v 12.308899879455566 6.420300006866455 8.576000213623047
v 11.722900390625 -8.923700332641602 11.281999588012695
v 11.990900039672852 -9.661700248718262 10.1899995803833
v 12.224900245666504 -8.67770004272461 9.402000427246094
v 11.376899719238281 -10.559700012207031 10.447999954223633
v 0.4269010126590729 11.778300285339355 11.668000221252441
v 0.8489009737968445 11.85830020904541 11.644000053405762
v 0.8489009737968445 11.986300468444824 11.496000289916992
v 0.7449010014533997 12.148300170898438 11.105999946594238
v 1.1409000158309937 12.078300476074219 11.34000015258789
v 1.4668999910354614 12.202300071716309 10.802000045776367
v -9.457099914550781 10.106300354003906 11.22599983215332
v -9.091099739074707 10.22029972076416 11.53600025177002
v -9.351099967956543 10.484299659729004 10.574000358581543
v 5.588900089263916 10.828300476074219 11.694000244140625
v 3.7409000396728516 10.598299980163574 11.934000015258789
v -1.4150999784469604 12.160300254821777 10.131999969482422
v 0.346900999546051 12.276300430297852 10.218000411987305
v 9.38290023803711 10.680299758911133 11.12399959564209
v 9.090900421142578 11.00629997253418 10.913999557495117
v 9.336899757385254 10.422300338745117 11.395999908447266
v -1.1331000328063965 11.896300315856934 10.979999542236328
v -4.731100082397461 11.014300346374512 11.215999603271484
v -6.083099842071533 11.004300117492676 11.279999732971191
v -5.881100177764893 10.762299537658691 11.520000457763672
v 2.3529000282287598 11.74429988861084 11.479999542236328
v 1.2388999462127686 11.466300010681152 11.85200023651123
v 6.57889986038208 10.926300048828125 11.71399974822998
v -5.979100227355957 11.326299667358398 10.824000358581543
v -1.6611000299453735 10.826299667358398 11.77400016784668
v -4.431099891662598 10.472299575805664 11.729999542236328
v -10.399100303649902 9.60830020904541 10.868000030517578
v -2.1150999069213867 11.166299819946289 11.51200008392334
v -2.7070999145507812 11.262299537658691 11.289999961853027
v -4.181099891662598 10.81029987335205 11.472000122070312
v -1.917099952697754 11.618300437927246 11.144000053405762
v -0.9770990014076233 11.724300384521484 11.272000312805176
v 11.138899803161621 -4.619699954986572 11.904000282287598
v 11.660900115966797 -4.083700180053711 11.482000350952148
v 11.672900199890137 -6.009699821472168 11.586000442504883
v -4.219099998474121 11.036299705505371 11.234000205993652
v 10.926899909973145 -7.315700054168701 11.942000389099121
v 11.85890007019043 -4.625699996948242 11.258000373840332
v 11.724900245666504 -7.821700096130371 11.420000076293945
v 10.126899719238281 -1.6677000522613525 12.119999885559082
v 3.1289000511169434 11.826299667358398 11.303999900817871
v 2.5388998985290527 12.024299621582031 11.062000274658203
v 4.136899948120117 12.28030014038086 10.092000007629395
v 3.2428998947143555 12.176300048828125 10.47599983215332
v 11.780900001525879 -8.693699836730957 8.29800033569336
v 12.30090045928955 -8.135700225830078 9.26200008392334
v 10.150899887084961 -5.881700038909912 12.121999740600586
v 10.626899719238281 -4.131700038909912 12.112000465393066
v 6.6768999099731445 10.548299789428711 11.812000274658203
v 7.178899765014648 10.488300323486328 11.869999885559082
v 1.3549000024795532 11.424300193786621 7.3460001945495605
v 10.22089958190918 1.5782999992370605 12.076000213623047
v 10.60890007019043 -6.319699764251709 12.041999816894531
v -10.26509952545166 10.004300117492676 10.045999526977539
v 6.092899799346924 11.920299530029297 7.51800012588501
v 0.9309009909629822 11.896300315856934 7.51800012588501
v 0.9769009947776794 12.044300079345703 7.622000217437744
v 0.8089010119438171 10.908300399780273 12.079999923706055
v 0.552901029586792 11.068300247192383 12.02400016784668
v 0.21090100705623627 10.286299705505371 12.137999534606934
v 2.650899887084961 12.414299964904785 8.081999778747559
v 2.7548999786376953 12.356300354003906 7.854000091552734
v 0.30490100383758545 12.246299743652344 8.32800006866455
v 1.4729000329971313 12.34630012512207 8.38599967956543
v -0.7530990242958069 11.97029972076416 7.98799991607666
v -0.665099024772644 12.356300354003906 8.843999862670898
v 10.188899993896484 10.056300163269043 11.166000366210938
v -2.047100067138672 11.776300430297852 10.845999717712402
v -1.6151000261306763 12.068300247192383 10.407999992370605
v 1.9608999490737915 12.008299827575684 11.326000213623047
v 1.4208999872207642 11.99429988861084 11.449999809265137
v 1.9829000234603882 12.116299629211426 11.100000381469727
v 2.5689001083374023 12.160300254821777 10.670000076293945
v -0.8890990018844604 11.436300277709961 11.552000045776367
v 10.510899543762207 9.692299842834473 11.22599983215332
v 11.10890007019043 9.076299667358398 11.0600004196167
v 11.2568998336792 9.246299743652344 10.682000160217285
v 11.450900077819824 9.360300064086914 10.321999549865723
v 0.5209010243415833 11.474300384521484 11.857999801635742
v -0.653099000453949 12.37030029296875 8.986000061035156
v 6.018899917602539 11.992300033569336 10.946000099182129
v 4.772900104522705 11.456299781799316 11.394000053405762
v 6.1149001121521 11.286299705505371 11.53600025177002
v 6.656899929046631 11.176300048828125 11.605999946594238
v 7.07289981842041 10.918299674987793 11.684000015258789
v 2.0689001083374023 10.514300346374512 12.088000297546387
v 7.484899997711182 10.602299690246582 11.76200008392334
v 10.792900085449219 10.576299667358398 9.644000053405762
v 10.954899787902832 10.388299942016602 9.34000015258789
v -0.17709900438785553 11.45829963684082 11.75
v 7.920899868011475 11.06029987335205 11.3100004196167
v 8.570899963378906 11.026300430297852 11.149999618530273
v 11.440899848937988 -10.577699661254883 9.284000396728516
v -7.5071001052856445 -11.409700393676758 11.303999900817871
v -6.6890997886657715 -11.275699615478516 11.423999786376953
v -8.35509967803955 -10.703700065612793 11.795999526977539
v -10.281100273132324 -11.377699851989746 10.1899995803833
v -9.359100341796875 -11.319700241088867 10.916000366210938
v -9.299099922180176 -11.057700157165527 11.277999877929688
v 3.518899917602539 -12.293700218200684 9.324000358581543
v 2.022900104522705 -12.239700317382812 9.793999671936035
v 2.0469000339508057 -12.211700439453125 9.248000144958496
v -1.881100058555603 -11.77970027923584 10.821999549865723
v -0.6750990152359009 -12.209699630737305 10.031999588012695
v 0.13290099799633026 -11.979700088500977 10.48799991607666
v 9.404899597167969 -10.323699951171875 11.871999740600586
v 8.946900367736816 -10.323699951171875 11.906000137329102
v 9.000900268554688 -10.80370044708252 11.567999839782715
v 9.616900444030762 -11.59570026397705 9.355999946594238
v 9.986900329589844 -11.453700065612793 9.152000427246094
v 9.854900360107422 -11.499699592590332 9.758000373840332
v -8.937100410461426 -10.5177001953125 11.760000228881836
v -9.413100242614746 -10.705699920654297 11.503999710083008
v 0.5789009928703308 -10.723699569702148 11.706000328063965
v 2.6768999099731445 -11.697699546813965 10.824000358581543
v 3.5529000759124756 -11.555700302124023 10.979999542236328
v -7.065100193023682 -12.35569953918457 9.45199966430664
v -7.30109977722168 -12.285699844360352 9.784000396728516
v -8.071100234985352 -12.145700454711914 9.871999740600586
v 9.23289966583252 -11.759699821472168 9.32800006866455
v 9.404899597167969 -11.579700469970703 9.723999977111816
v 8.5068998336792 -11.909700393676758 9.663999557495117
v 5.808899879455566 -11.759699821472168 10.836000442504883
v 7.624899864196777 -10.61769962310791 11.718000411987305
v 5.796899795532227 -11.083700180053711 11.343999862670898
v 8.56089973449707 -10.785699844360352 11.515999794006348
v 8.93690013885498 -10.907699584960938 11.270000457763672
v 9.10890007019043 -11.533699989318848 9.986000061035156
v 8.110899925231934 -10.875699996948242 11.39799976348877
v 10.782899856567383 -9.399700164794922 11.805999755859375
v 11.19890022277832 -8.215700149536133 11.836000442504883
v 10.016900062561035 -9.36769962310791 12.149999618530273
v 4.956900119781494 11.192299842834473 11.553999900817871
v 9.768899917602539 -10.563699722290039 11.593999862670898
v 9.832900047302246 -10.78969955444336 11.284000396728516
v 10.986900329589844 -10.66569995880127 10.916000366210938
v 10.426899909973145 -9.705699920654297 11.88599967956543
v 6.928899765014648 -10.53969955444336 11.753999710083008
v 11.372900009155273 -10.399700164794922 10.814000129699707
v 7.6869001388549805 -11.021699905395508 11.28600025177002
v 7.418900012969971 -11.419699668884277 10.913999557495117
v 11.150899887084961 -10.673700332641602 9.02400016784668
v 11.328900337219238 -10.137700080871582 8.6899995803833
v 9.522899627685547 -11.657699584960938 9.0600004196167
v 11.410900115966797 -9.751700401306152 11.284000396728516
v 11.074899673461914 -10.351699829101562 11.145999908447266
v 9.814900398254395 -10.299699783325195 11.814000129699707
v 10.726900100708008 -10.295700073242188 11.40999984741211
v 10.830900192260742 -10.0177001953125 11.527999877929688
v 11.328900337219238 -9.40369987487793 11.489999771118164
v 11.002900123596191 -10.925700187683105 9.854000091552734
v 11.154899597167969 -10.695699691772461 10.657999992370605
v 9.978899955749512 -9.933699607849121 11.97599983215332
v 10.230899810791016 -11.39169979095459 9.791999816894531
v 9.99489974975586 -11.285699844360352 10.284000396728516
v 10.168899536132812 -11.001700401306152 10.79800033569336
v 0.8549010157585144 -11.913700103759766 8.472000122070312
v 2.0048999786376953 -12.067700386047363 8.807999610900879
v -6.977099895477295 -10.667699813842773 11.694000244140625
v 10.660900115966797 -11.159700393676758 9.527999877929688
v 10.628899574279785 -11.055700302124023 8.925999641418457
v 11.14490032196045 -10.889699935913086 9.42199993133545
v -3.0731000900268555 -11.347700119018555 11.574000358581543
v -3.3610999584198 -11.063699722290039 11.718000411987305
v -3.4451000690460205 -11.487700462341309 11.447999954223633
v 2.7569000720977783 -12.201700210571289 10.015999794006348
v 2.1689000129699707 -12.0177001953125 10.366000175476074
v 8.434900283813477 -10.30370044708252 11.894000053405762
v -5.451099872589111 -11.637700080871582 11.300000190734863
v -6.169099807739258 -11.703700065612793 11.107999801635742
v -10.037099838256836 -11.637700080871582 9.96399974822998
v -9.805100440979004 -11.951700210571289 9.404000282287598
v -9.44909954071045 -12.027700424194336 9.631999969482422
v -10.095100402832031 -9.5516996383667 11.670000076293945
v -10.007100105285645 -10.103699684143066 11.579999923706055
v -1.5111000537872314 -10.865699768066406 11.657999992370605
v -2.1291000843048096 -11.223699569702148 11.46399974822998
v -1.4831000566482544 -11.331700325012207 11.28600025177002
v 3.696899890899658 -12.16569995880127 8.64799976348877
v 3.3768999576568604 -12.265700340270996 9.746000289916992
v 4.062900066375732 -12.247699737548828 9.89799976348877
v -1.725100040435791 -12.341699600219727 9.760000228881836
v -2.1350998878479004 -12.233699798583984 10.029999732971191
v -2.1951000690460205 -12.329700469970703 9.465999603271484
v -5.111100196838379 -12.031700134277344 10.61400032043457
v -4.521100044250488 -12.319700241088867 9.95199966430664
v 6.776899814605713 -12.263699531555176 9.970000267028809
v 5.1168999671936035 -12.241700172424316 9.994000434875488
v 6.164899826049805 -12.333700180053711 9.652000427246094
v -0.1930990070104599 -12.319700241088867 9.744000434875488
v 1.2689000368118286 -12.2076997756958 9.302000045776367
v 0.740900993347168 -12.12969970703125 10.211999893188477
v 4.0569000244140625 -11.959699630737305 10.555999755859375
v -10.693099975585938 -11.167699813842773 10.10200023651123
v -8.613100051879883 -10.373700141906738 11.855999946594238
v 3.0109000205993652 -10.435700416564941 11.793999671936035
v 4.4309000968933105 -11.833700180053711 10.79800033569336
v -0.6490989923477173 -12.323699951171875 9.57800006866455
v -11.75510025024414 -9.963700294494629 9.223999977111816
v -11.365099906921387 -10.61970043182373 9.206000328063965
v -11.615099906921387 -10.3016996383667 9.442000389099121
v 3.3568999767303467 -10.069700241088867 11.892000198364258
v 3.726900100708008 -10.43970012664795 11.744000434875488
v 4.09089994430542 -10.197699546813965 11.8100004196167
v -7.453100204467773 -12.167699813842773 10.137999534606934
v -8.749099731445312 -11.61970043182373 10.765999794006348
v 1.3208999633789062 -11.60569953918457 10.899999618530273
v 9.282899856567383 -10.66569995880127 11.661999702453613
v 6.1869001388549805 -11.9576997756958 10.607999801635742
v 6.850900173187256 -11.74370002746582 10.842000007629395
v -9.315099716186523 -12.115699768066406 9.434000015258789
v -9.389100074768066 -12.11769962310791 9.02400016784668
v 5.4328999519348145 -11.933699607849121 10.645999908447266
v 5.08489990234375 -11.77970027923584 10.836000442504883
v -1.3250999450683594 -12.317700386047363 9.562000274658203
v -10.889100074768066 -10.35770034790039 10.807999610900879
v -11.203100204467773 -9.925700187683105 10.722000122070312
v -11.281100273132324 -10.513699531555176 10.157999992370605
v -12.253100395202637 -8.031700134277344 9.038000106811523
v -12.003100395202637 -9.099699974060059 9.022000312805176
v -12.151100158691406 -9.079700469970703 9.503999710083008
v -3.5631000995635986 -12.36970043182373 8.932000160217285
v -2.981100082397461 -12.337699890136719 9.675999641418457
v -2.787100076675415 -11.503700256347656 11.300000190734863
v -4.233099937438965 -11.859700202941895 10.973999977111816
v 8.724900245666504 -12.033699989318848 9.251999855041504
v -3.9971001148223877 -12.347700119018555 8.805999755859375
v -3.359100103378296 -12.137700080871582 8.446000099182129
v 9.392900466918945 -10.825699806213379 11.343999862670898
v -5.245100021362305 -12.419699668884277 9.394000053405762
v -9.033100128173828 -12.133700370788574 9.557999610900879
v -8.917099952697754 -12.179699897766113 9.404000282287598
v -3.5590999126434326 -12.399700164794922 9.36400032043457
v -9.52910041809082 9.776300430297852 11.517999649047852
v -11.843099594116211 -6.223700046539307 11.118000030517578
v -12.05109977722168 -6.613699913024902 10.583999633789062
v -11.929100036621094 -6.835700035095215 10.803999900817871
v -9.831100463867188 -10.48169994354248 11.470000267028809
v -10.535099983215332 -10.437700271606445 11.069999694824219
v -10.479100227355957 -9.953700065612793 11.392000198364258
v -10.885100364685059 -9.975700378417969 11.109999656677246
v -11.31309986114502 -10.717700004577637 9.564000129699707
v -11.251099586486816 -10.697699546813965 9.944000244140625
v 10.23490047454834 -11.131699562072754 10.484000205993652
v -0.7870990037918091 -10.25570011138916 11.88599967956543
v 0.2549009919166565 -10.499699592590332 11.833999633789062
v 8.200900077819824 -12.203700065612793 9.470000267028809
v -3.977099895477295 -11.275699615478516 11.633999824523926
v -4.795100212097168 -11.741700172424316 11.1899995803833
v 2.2328999042510986 -10.495699882507324 11.789999961853027
v 0.9449009895324707 -10.501700401306152 11.819999694824219
v -0.41509899497032166 -10.563699722290039 11.824000358581543
v -0.7371000051498413 -10.843700408935547 11.675999641418457
v 9.806900024414062 -11.191699981689453 10.642000198364258
v 7.476900100708008 -12.299699783325195 9.605999946594238
v -2.7390999794006348 -11.109700202941895 11.62600040435791
v 8.092900276184082 -10.735699653625488 11.637999534606934
v -6.103099822998047 -10.873700141906738 11.633999824523926
v -4.553100109100342 -12.411700248718262 9.600000381469727
v -4.347099781036377 -12.397700309753418 9.208000183105469
v -8.013099670410156 -11.7677001953125 10.729999542236328
v -12.329099655151367 -8.059700012207031 9.663999557495117
v -12.44909954071045 -6.843699932098389 8.871999740600586
v 6.886899948120117 -11.331700325012207 11.168000221252441
v 9.422900199890137 -9.503700256347656 12.166000366210938
v -2.225100040435791 -10.765700340270996 11.71399974822998
v -1.1231000423431396 -10.601699829101562 11.803999900817871
v -0.07309909909963608 -10.757699966430664 11.718000411987305
v -7.509099960327148 -12.285699844360352 8.746000289916992
v -8.361100196838379 -12.217700004577637 9.289999961853027
v -12.12909984588623 -9.261699676513672 9.815999984741211
v -12.25510025024414 -8.729700088500977 9.803999900817871
v 9.150899887084961 -11.87969970703125 9.02400016784668
v 4.872900009155273 -12.283699989318848 9.685999870300293
v 5.554900169372559 -12.275699615478516 9.25
v -5.335100173950195 -11.199700355529785 11.571999549865723
v -10.995100021362305 -10.933699607849121 10.071999549865723
v -11.093099594116211 -9.253700256347656 11.166000366210938
v -11.547100067138672 -9.337699890136719 10.65999984741211
v 2.650899887084961 -10.221699714660645 11.881999969482422
v -8.981100082397461 10.764300346374512 10.380000114440918
v -11.841099739074707 -9.895700454711914 9.46399974822998
v 9.782899856567383 -11.477700233459473 8.763999938964844
v 9.316900253295898 -11.723699569702148 8.751999855041504
v 9.468899726867676 -11.423700332641602 8.40999984741211
v -12.353099822998047 -5.5457000732421875 8.9399995803833
v -12.18910026550293 -5.6057000160217285 10.378000259399414
v -12.27910041809082 -4.4197001457214355 10.526000022888184
v -10.533100128173828 -8.80370044708252 11.656000137329102
v 10.616900444030762 10.742300033569336 9.305999755859375
v -11.611100196838379 8.74429988861084 9.96399974822998
v -11.67710018157959 9.31029987335205 8.72599983215332
v -11.745100021362305 8.724300384521484 9.607999801635742
v -8.853099822998047 11.90429973602295 8.163999557495117
v -11.497099876403809 -5.89169979095459 11.663999557495117
v -12.037099838256836 -2.7957000732421875 10.991999626159668
v -12.259099960327148 -2.3396999835968018 9.98799991607666
v 10.64490032196045 -10.485699653625488 8.031999588012695
v 10.672900199890137 -10.011699676513672 7.828000068664551
v 11.004899978637695 -10.183699607849121 8.02400016784668
v -8.61709976196289 10.854299545288086 10.711999893188477
v -8.66510009765625 10.5423002243042 11.411999702453613
v -10.357099533081055 -8.509699821472168 11.836000442504883
v -10.151100158691406 -8.209699630737305 11.973999977111816
v -8.009099960327148 11.678299903869629 9.597999572753906
v -8.305100440979004 11.352299690246582 9.942000389099121
v -8.071100234985352 11.000300407409668 10.88599967956543
v -12.065099716186523 -9.09570026397705 10.112000465393066
v -11.26710033416748 -8.511699676513672 11.229999542236328
v -12.21310043334961 -4.707699775695801 10.793999671936035
v -11.36709976196289 -5.0457000732421875 11.902000427246094
v -12.079099655151367 -4.857699871063232 11.029999732971191
v 4.748899936676025 -10.563699722290039 11.642000198364258
v -12.271100044250488 -8.151700019836426 10.003999710083008
v -11.215100288391113 -5.133699893951416 12.005999565124512
v -10.991100311279297 -4.751699924468994 12.142000198364258
v -12.307100296020508 -5.943699836730957 9.642000198364258
v -11.985099792480469 -3.3536999225616455 11.211999893188477
v -11.90310001373291 -2.5357000827789307 11.210000038146973
v -11.959099769592285 -0.7556999921798706 10.684000015258789
v -10.697099685668945 -5.9197001457214355 12.003999710083008
v -11.067099571228027 -10.99370002746582 9.307999610900879
v -11.035099983215332 -7.133699893951416 11.73799991607666
v -11.349100112915039 -1.5356999635696411 11.498000144958496
v -11.091099739074707 -2.4997000694274902 11.784000396728516
v -10.595100402832031 -2.6777000427246094 11.968000411987305
v -7.863100051879883 12.118300437927246 8.368000030517578
v -8.375100135803223 12.058300018310547 8.312000274658203
v -7.601099967956543 12.13230037689209 8.85200023651123
v 9.47089958190918 -9.99370002746582 12.0600004196167
v -10.413100242614746 -5.129700183868408 12.140000343322754
v -10.473099708557129 -4.24370002746582 12.12399959564209
v -11.14109992980957 -3.5436999797821045 11.87399959564209
v -11.215100288391113 -4.689700126647949 12.010000228881836
v -10.46310043334961 0.5462999939918518 11.597999572753906
v -11.597100257873535 -0.763700008392334 11.13599967956543
v -11.759099960327148 -1.5896999835968018 11.14799976348877
v -11.657099723815918 -4.6016998291015625 11.579999923706055
v -0.7030990123748779 -12.00570011138916 8.491999626159668
v 6.32289981842041 12.484299659729004 8.869999885559082
v 6.914899826049805 12.410300254821777 9.069999694824219
v 7.1869001388549805 12.544300079345703 8.694000244140625
v -9.947099685668945 8.026300430297852 12.020000457763672
v -10.285099983215332 8.912300109863281 11.51200008392334
v -10.585100173950195 7.382299900054932 11.894000053405762
v -12.345100402832031 -6.549699783325195 8.505999565124512
v -12.31309986114502 -4.323699951171875 8.781999588012695
v -12.253100395202637 -4.807700157165527 8.494000434875488
v -12.159099578857422 -4.6616997718811035 8.354000091552734
v -12.041099548339844 -5.2256999015808105 8.300000190734863
v -4.101099967956543 12.104299545288086 8.657999992370605
v -4.463099956512451 12.110300064086914 8.855999946594238
v -3.297100067138672 12.174300193786621 8.968000411987305
v -6.0690999031066895 10.33430004119873 11.836000442504883
v -12.237099647521973 -3.521699905395508 8.513999938964844
v -12.26710033416748 -2.1096999645233154 8.857999801635742
v 11.408900260925293 -8.543700218200684 11.684000015258789
v -12.373100280761719 -7.0457000732421875 8.706000328063965
v 10.782899856567383 10.51830005645752 8.994000434875488
v -12.263099670410156 4.874300003051758 9.043999671936035
v -12.291099548339844 4.48829984664917 9.137999534606934
v -12.269100189208984 5.026299953460693 9.378000259399414
v -11.747099876403809 7.282299995422363 10.666000366210938
v -11.829099655151367 8.062299728393555 10.064000129699707
v -12.001099586486816 7.844299793243408 9.53600025177002
v -10.749099731445312 9.4483003616333 10.411999702453613
v -12.235099792480469 3.988300085067749 10.223999977111816
v -11.263099670410156 9.24429988861084 9.98799991607666
v -11.321100234985352 8.604299545288086 10.640000343322754
v -10.459099769592285 9.340299606323242 11.093999862670898
v -11.01509952545166 9.09630012512207 10.576000213623047
v -12.383099555969238 2.0102999210357666 9.960000038146973
v -12.339099884033203 1.330299973487854 10.265999794006348
v -12.353099822998047 2.174299955368042 10.428000450134277
v -12.351099967956543 2.04229998588562 9.562000274658203
v -12.323100090026855 1.608299970626831 9.381999969482422
v -12.285099983215332 3.5002999305725098 9.390000343322754
v -12.363100051879883 2.736299991607666 10.392000198364258
v -10.977100372314453 6.820300102233887 11.77400016784668
v -11.273099899291992 6.172299861907959 11.621999740600586
v -10.793100357055664 6.124300003051758 12.020000457763672
v -11.773099899291992 -3.519700050354004 11.531999588012695
v -9.209099769592285 9.910300254821777 11.696000099182129
v -10.473099708557129 9.046299934387207 11.303999900817871
v -10.06309986114502 9.400300025939941 11.418000221252441
v -11.869099617004395 3.3942999839782715 11.260000228881836
v -11.639100074768066 2.55430006980896 11.3100004196167
v -11.733099937438965 3.5143001079559326 11.368000030517578
v -12.073100090026855 6.874300003051758 8.934000015258789
v -12.091099739074707 5.558300018310547 8.883999824523926
v -11.537099838256836 6.258299827575684 11.293999671936035
v -11.929100036621094 6.054299831390381 10.706000328063965
v -10.365099906921387 1.368299961090088 11.631999969482422
v -11.703100204467773 -2.331700086593628 11.42199993133545
v -11.259099960327148 2.7683000564575195 11.527999877929688
v -11.509099960327148 7.466300010681152 10.930000305175781
v -4.207099914550781 11.216300010681152 10.984000205993652
v -5.005099773406982 11.28030014038086 10.795999526977539
v -10.143099784851074 0.6722999811172485 7.409999847412109
v -9.553099632263184 -0.007699970155954361 7.340000152587891
v -10.339099884033203 -0.41169899702072144 7.50600004196167
v -11.46310043334961 -3.953700065612793 11.753999710083008
v -11.659099578857422 1.7762999534606934 11.144000053405762
v -12.049099922180176 3.0162999629974365 11.003999710083008
v -12.19909954071045 0.5782999992370605 10.333999633789062
v -12.283100128173828 0.7182999849319458 9.90999984741211
v -12.171099662780762 0.014300299808382988 10.22599983215332
v -11.26509952545166 8.102299690246582 10.979999542236328
v -12.219099998474121 2.8343000411987305 10.699999809265137
v -12.175100326538086 2.240299940109253 10.727999687194824
v -10.021100044250488 7.522299766540527 12.121999740600586
v -10.385100364685059 7.156300067901611 12.076000213623047
v -10.205100059509277 6.85830020904541 12.175999641418457
v -8.775099754333496 9.96030044555664 11.776000022888184
v -10.131099700927734 6.216300010681152 12.234000205993652
v -11.68910026550293 0.9163010120391846 11.01200008392334
v -11.311100006103516 0.2323009967803955 11.248000144958496
v -11.179100036621094 1.2382999658584595 11.333999633789062
v 3.472899913787842 12.444299697875977 8.100000381469727
v 3.468899965286255 12.32229995727539 9.013999938964844
v -10.351099967956543 -1.6536999940872192 7.484000205993652
v -8.979100227355957 0.5042999982833862 7.315999984741211
v -8.371100425720215 -0.21770000457763672 7.309999942779541
v -8.025099754333496 12.024299621582031 9.01200008392334
v -12.18910026550293 -0.8237000107765198 9.699999809265137
v -12.163100242614746 -0.6256999969482422 10.067999839782715
v -4.3130998611450195 -12.287699699401855 8.746000289916992
v -12.121100425720215 3.5202999114990234 8.918000221252441
v -12.019100189208984 4.866300106048584 8.708000183105469
v -11.795100212097168 3.424299955368042 8.479999542236328
v -12.161100387573242 3.6902999877929688 10.815999984741211
v -11.897100448608398 4.60830020904541 11.039999961853027
v -12.101099967956543 4.612299919128418 10.62399959564209
v -8.233099937438965 -11.159700393676758 11.461999893188477
v -6.407100200653076 10.706299781799316 11.520000457763672
v -7.785099983215332 10.746299743652344 11.520000457763672
v -7.277100086212158 10.526300430297852 11.630000114440918
v -12.20110034942627 4.280300140380859 8.968000411987305
v 7.826900005340576 -12.223699569702148 9.215999603271484
v -11.543100357055664 4.636300086975098 11.5
v -11.731100082397461 5.040299892425537 11.26200008392334
v -11.865099906921387 2.0722999572753906 8.449999809265137
v -10.581100463867188 8.674300193786621 11.383999824523926
v 5.400899887084961 12.104299545288086 10.722000122070312
v 4.034900188446045 11.94629955291748 10.98799991607666
v 4.824900150299072 11.802300453186035 11.100000381469727
v -6.745100021362305 11.000300407409668 11.218000411987305
v -7.145100116729736 11.088299751281738 11.118000030517578
v -7.483099937438965 11.08430004119873 11.031999588012695
v -7.55709981918335 11.39229965209961 10.482000350952148
v -11.067099571228027 9.63029956817627 9.697999954223633
v -10.747099876403809 3.5882999897003174 11.776000022888184
v -11.15310001373291 5.34630012512207 11.755999565124512
v -12.20110034942627 0.9723010063171387 8.84000015258789
v -12.133099555969238 0.48430100083351135 8.685999870300293
v -12.219099998474121 0.6643000245094299 9.109999656677246
v -3.9491000175476074 11.978300094604492 9.395999908447266
v -3.843100070953369 11.670299530029297 9.991999626159668
v -2.295099973678589 12.174300193786621 9.347999572753906
v -12.191100120544434 -1.0816999673843384 8.935999870300293
v -8.205100059509277 10.774299621582031 11.307999610900879
v -8.281100273132324 10.536299705505371 11.649999618530273
v -12.185099601745605 1.0303000211715698 10.517999649047852
v -11.639100074768066 -2.9756999015808105 11.62600040435791
v -12.057100296020508 0.024300599470734596 10.53600025177002
v -11.793100357055664 0.054300300776958466 10.890000343322754
v 11.390899658203125 -9.277700424194336 8.057999610900879
v 11.240900039672852 -9.699700355529785 8.052000045776367
v -12.211099624633789 -2.9217000007629395 8.581999778747559
v 7.298900127410889 11.686300277709961 10.920000076293945
v 6.642899990081787 12.00629997253418 10.76200008392334
v -11.101099967956543 10.104299545288086 8.63599967956543
v 9.004899978637695 -11.659700393676758 8.526000022888184
v 10.280900001525879 -11.409700393676758 9.428000450134277
v -1.7110999822616577 10.374300003051758 11.947999954223633
v -1.1750999689102173 -10.537699699401855 7.453999996185303
v -0.9830989837646484 -9.997699737548828 7.374000072479248
v -0.5330989956855774 -10.497699737548828 7.492000102996826
v 9.770899772644043 -8.925700187683105 12.1899995803833
v 11.952899932861328 -7.627699851989746 8.333999633789062
v 11.528900146484375 -7.371699810028076 11.657999992370605
v -11.389100074768066 3.5062999725341797 8.121999740600586
v 10.404899597167969 -10.99370002746582 8.432000160217285
v -12.137100219726562 2.7042999267578125 8.925999641418457
v -10.969099998474121 -0.6036999821662903 11.491999626159668
v -10.683099746704102 2.3222999572753906 11.61400032043457
v -11.067099571228027 4.174300193786621 11.706000328063965
v -10.537099838256836 5.3983001708984375 11.989999771118164
v 10.024900436401367 -11.229700088500977 8.4399995803833
v 7.276899814605713 -12.10770034790039 8.711999893188477
v -11.909099578857422 8.806300163269043 8.718000411987305
v -12.121100425720215 6.952300071716309 9.211999893188477
v -12.169099807739258 5.8343000411987305 10.017999649047852
v -11.989100456237793 8.2923002243042 8.932000160217285
v -11.339099884033203 -10.443699836730957 8.906000137329102
v 11.594900131225586 -8.227700233459473 11.552000045776367
v -6.55709981918335 12.212300300598145 8.890000343322754
v -6.527100086212158 12.180299758911133 8.619999885559082
v -7.331099987030029 11.88230037689209 9.60200023651123
v -5.175099849700928 11.566300392150879 10.109999656677246
v 7.558899879455566 12.162300109863281 9.60200023651123
v 6.898900032043457 12.074299812316895 10.508000373840332
v -6.297100067138672 12.128299713134766 9.206000328063965
v -4.657100200653076 12.024299621582031 9.236000061035156
v -5.327099800109863 12.124300003051758 8.998000144958496
v -6.103099822998047 12.166299819946289 8.829999923706055
v -5.791100025177002 11.678299903869629 7.415999889373779
v -6.811100006103516 11.734299659729004 7.441999912261963
v -6.489099979400635 11.89430046081543 7.599999904632568
v -2.233099937438965 12.200300216674805 8.96399974822998
v 5.540900230407715 12.39430046081543 9.741999626159668
v 6.092899799346924 12.312299728393555 10.092000007629395
v -10.453100204467773 6.504300117492676 12.13599967956543
v 6.6149001121521 12.536299705505371 8.23799991607666
v 5.07889986038208 12.46030044555664 8.465999603271484
v 6.482900142669678 12.580300331115723 8.5
v 4.744900226593018 12.170299530029297 7.668000221252441
v 5.974899768829346 12.350299835205078 7.918000221252441
v 4.812900066375732 12.420299530029297 8.107999801635742
v -3.3991000652313232 11.670299530029297 10.178000450134277
v -4.3130998611450195 11.402299880981445 10.574000358581543
v -3.0550999641418457 11.544300079345703 10.746000289916992
v 4.106900215148926 12.368300437927246 7.840000152587891
v -1.1051000356674194 10.260299682617188 12.013999938964844
v -1.7811000347137451 12.164299964904785 8.612000465393066
v 7.5569000244140625 11.718299865722656 10.772000312805176
v -8.681099891662598 10.354299545288086 11.656000137329102
v -0.809099018573761 10.94629955291748 11.831999778747559
v 6.032899856567383 12.188300132751465 10.543999671936035
v 6.8668999671936035 12.37030029296875 8.057999610900879
v 7.092899799346924 11.87030029296875 7.5279998779296875
v -11.893099784851074 8.386300086975098 8.529999732971191
v 4.69290018081665 12.258299827575684 10.357999801635742
v -5.053100109100342 11.484299659729004 7.361999988555908
v -7.855100154876709 11.516300201416016 7.374000072479248
v -11.795100212097168 6.882299900054932 8.446000099182129
v -12.01710033416748 6.5243000984191895 8.73799991607666
v 7.838900089263916 11.528300285339355 7.392000198364258
v 6.770899772644043 -12.23169994354248 8.937999725341797
v 7.756899833679199 -9.925700187683105 7.374000072479248
v 6.782899856567383 -10.729700088500977 7.418000221252441
v 6.83489990234375 -9.971699714660645 7.326000213623047
v 8.600899696350098 -10.475700378417969 7.599999904632568
v 8.054900169372559 -9.941699981689453 7.4039998054504395
v 8.530900001525879 -9.837699890136719 7.427999973297119
v 9.018899917602539 -9.597700119018555 7.426000118255615
v 7.208899974822998 12.498299598693848 8.663999557495117
v 10.388899803161621 -10.307700157165527 7.814000129699707
v -10.69909954071045 -11.34570026397705 9.34000015258789
v 7.482900142669678 -10.989700317382812 7.605999946594238
v -11.953100204467773 -8.233699798583984 8.428000450134277
v -10.859100341796875 -11.163700103759766 9.07800006866455
v 3.5569000244140625 -12.251700401306152 8.961999893188477
v 7.280900001525879 -11.807700157165527 8.234000205993652
v -11.111100196838379 4.492300033569336 7.869999885559082
v 11.05090045928955 -7.2916998863220215 7.377999782562256
v 9.668899536132812 -10.73169994354248 7.788000106811523
v 9.746899604797363 -9.701700210571289 7.5279998779296875
v -2.671099901199341 11.514300346374512 7.460000038146973
v -4.787099838256836 11.734299659729004 7.567999839782715
v 9.546899795532227 11.28030014038086 9.930000305175781
v 8.500900268554688 11.534299850463867 10.4399995803833
v 6.934899806976318 12.478300094604492 8.270000457763672
v 8.85890007019043 11.26830005645752 7.556000232696533
v 8.628899574279785 11.576299667358398 7.71999979019165
v 8.926899909973145 11.512299537658691 8.01200008392334
v 7.434899806976318 12.300299644470215 9.034000396728516
v 7.958899974822998 11.832300186157227 7.757999897003174
v 8.302900314331055 11.548299789428711 7.50600004196167
v 9.938899993896484 -3.335700035095215 7.309999942779541
v -10.211099624633789 7.592299938201904 7.309999942779541
v -8.893099784851074 7.874300003051758 7.309999942779541
v -8.809100151062012 6.900300025939941 7.309999942779541
v -9.909099578857422 5.168300151824951 7.317999839782715
v 10.404899597167969 10.614299774169922 8.1899995803833
v -2.2571001052856445 11.926300048828125 8.069999694824219
v 10.390899658203125 10.910300254821777 9.628000259399414
v 9.466899871826172 11.422300338745117 9.496000289916992
v -2.7711000442504883 11.766300201416016 7.788000106811523
v -0.20509900152683258 11.672300338745117 7.550000190734863
v 8.712900161743164 9.174300193786621 7.311999797821045
v 8.47089958190918 9.332300186157227 7.309999942779541
v -2.0130999088287354 11.742300033569336 7.74399995803833
v -2.047100067138672 11.532299995422363 7.48799991607666
v 0.13690100610256195 11.45829963684082 7.3979997634887695
v 10.188899993896484 -10.967700004577637 8.220000267028809
v 9.274900436401367 11.290300369262695 7.880000114440918
v 10.158900260925293 11.010299682617188 8.675999641418457
v 8.456899642944336 11.7923002243042 8.15999984741211
v 7.674900054931641 12.24429988861084 8.727999687194824
v 9.580900192260742 11.384300231933594 8.916000366210938
v -9.839099884033203 10.928299903869629 7.368000030517578
v 10.150899887084961 10.378299713134766 10.781999588012695
v 7.454899787902832 12.282299995422363 8.331999778747559
v -9.557100296020508 10.996299743652344 7.334000110626221
v -7.841100215911865 11.688300132751465 7.513999938964844
v -9.02910041809082 11.328300476074219 7.381999969482422
v 9.780900001525879 11.304300308227539 9.232000350952148
v -10.67710018157959 10.090299606323242 7.426000118255615
v -10.957099914550781 10.24429988861084 7.716000080108643
v -5.1371002197265625 11.714300155639648 7.48199987411499
v -5.471099853515625 11.840299606323242 7.699999809265137
v -12.0871000289917 -0.5856999754905701 8.62399959564209
v -12.049099922180176 -1.763700008392334 8.434000015258789
v -11.565099716186523 6.496300220489502 8.15999984741211
v -11.747099876403809 8.886300086975098 8.378000259399414
v -11.281100273132324 9.348299980163574 7.75
v 12.392900466918945 7.342299938201904 8.600000381469727
v -11.581100463867188 -9.077699661254883 8.302000045776367
v -10.987099647521973 9.182299613952637 7.519999980926514
v -11.219099998474121 8.190299987792969 7.7820000648498535
v 11.064900398254395 3.674299955368042 7.420000076293945
v 10.796899795532227 3.7042999267578125 7.340000152587891
v -10.71310043334961 8.35830020904541 7.466000080108643
v -11.151100158691406 9.814299583435059 7.688000202178955
v 11.042900085449219 -8.319700241088867 7.639999866485596
v -10.577099800109863 10.480299949645996 7.458000183105469
v 12.10890007019043 -3.4137001037597656 8.36400032043457
v 11.792900085449219 -4.655700206756592 8.199999809265137
v 4.080900192260742 -11.027700424194336 7.791999816894531
v 5.444900035858154 -11.29170036315918 7.765999794006348
v 4.700900077819824 -11.4576997756958 7.978000164031982
v -11.827099800109863 -7.727700233459473 8.234000205993652
v -11.799099922180176 -8.213700294494629 8.270000457763672
v 11.73490047454834 9.092300415039062 8.826000213623047
v 11.876899719238281 6.260300159454346 8.095999717712402
v 10.676899909973145 7.972300052642822 7.3979997634887695
v 10.934900283813477 8.28030014038086 7.49399995803833
v 10.570899963378906 7.230299949645996 7.366000175476074
v -10.76509952545166 6.8403000831604 7.552000045776367
v 10.034899711608887 6.742300033569336 7.328000068664551
v 10.342900276184082 6.0802998542785645 7.3460001945495605
v 10.902899742126465 5.502299785614014 7.473999977111816
v 11.82289981842041 7.782299995422363 7.958000183105469
v 11.212900161743164 6.218299865722656 7.650000095367432
v 8.890899658203125 10.85830020904541 7.383999824523926
v 10.192899703979492 9.788299560546875 7.478000164031982
v 10.354900360107422 9.110300064086914 7.392000198364258
v 10.872900009155273 8.876299858093262 7.576000213623047
v 11.386899948120117 9.488300323486328 8.482000350952148
v 11.5068998336792 9.034299850463867 8.166000366210938
v 11.042900085449219 9.842300415039062 8.220000267028809
v 10.964900016784668 10.22029972076416 8.706000328063965
v -10.457099914550781 10.418299674987793 7.377999782562256
v 10.840900421142578 9.826299667358398 7.96999979019165
v 10.71090030670166 9.44629955291748 7.679999828338623
v 10.478899955749512 9.944299697875977 7.696000099182129
v 11.37090015411377 3.1982998847961426 7.590000152587891
v 11.074899673461914 3.416300058364868 7.374000072479248
v 11.462900161743164 8.536299705505371 7.757999897003174
v 10.904899597167969 6.26230001449585 7.510000228881836
v 10.714900016784668 6.878300189971924 7.438000202178955
v 12.020899772644043 4.924300193786621 8.229999542236328
v 11.824899673461914 4.600299835205078 8.031999588012695
v 11.60890007019043 8.442299842834473 7.854000091552734
v 11.950900077819824 7.914299964904785 8.11400032043457
v 9.648900032043457 11.052300453186035 7.855999946594238
v 9.426899909973145 10.906299591064453 7.590000152587891
v 10.430899620056152 8.35830020904541 7.354000091552734
v 9.874899864196777 -2.773699998855591 7.309999942779541
v 12.030900001525879 -2.563699960708618 8.220000267028809
v 11.014900207519531 -1.7437000274658203 7.334000110626221
v 11.702899932861328 -1.3396999835968018 7.964000225067139
v -10.16510009765625 4.75029993057251 7.423999786376953
v -10.45110034942627 3.674299955368042 7.533999919891357
v 12.044899940490723 7.664299964904785 8.170000076293945
v 11.576899528503418 8.282299995422363 7.7820000648498535
v 10.85890007019043 -7.625699996948242 7.377999782562256
v 10.126899719238281 10.766300201416016 7.96999979019165
v 9.650899887084961 10.5423002243042 7.507999897003174
v -11.953100204467773 -3.0497000217437744 8.288000106811523
v 10.422900199890137 10.360300064086914 7.9019999504089355
v -11.013099670410156 1.1902999877929688 7.785999774932861
v -10.459099769592285 6.542300224304199 7.4019999504089355
v -11.607099533081055 8.246299743652344 8.152000427246094
v -10.53909969329834 7.234300136566162 7.389999866485596
v -10.841099739074707 7.570300102233887 7.552000045776367
v -10.217100143432617 6.900300025939941 7.314000129699707
v 10.240900039672852 9.95829963684082 7.547999858856201
v -10.065099716186523 5.718299865722656 7.322000026702881
v -10.207099914550781 2.6882998943328857 7.432000160217285
v -10.20110034942627 5.400300025939941 7.386000156402588
v -11.311100006103516 6.854300022125244 7.929999828338623
v 5.8628997802734375 -11.949700355529785 8.312000274658203
v -8.069100379943848 -11.931699752807617 8.281999588012695
v -8.599100112915039 -11.90369987487793 8.513999938964844
v -8.53909969329834 -11.625699996948242 8.130000114440918
v -2.169100046157837 -12.043700218200684 8.423999786376953
v -3.0111000537872314 -11.977700233459473 8.21399974822998
v -11.803099632263184 -0.8036990165710449 8.305999755859375
v 11.168899536132812 2.06030011177063 7.441999912261963
v -10.207099914550781 -7.657700061798096 7.5279998779296875
v -11.127099990844727 -8.217700004577637 7.843999862670898
v -9.983099937438965 -6.365699768066406 7.354000091552734
v -10.94909954071045 -0.6856989860534668 7.714000225067139
v -10.675100326538086 0.7123000025749207 7.576000213623047
v -10.009099960327148 -4.301700115203857 7.435999870300293
v -10.51710033416748 -2.5336999893188477 7.5320000648498535
v -10.121100425720215 -2.6157000064849854 7.464000225067139
v 11.73289966583252 0.3043000102043152 7.98799991607666
v -12.12909984588623 -6.507699966430664 8.319999694824219
v 11.090900421142578 0.7863010168075562 7.3460001945495605
v 11.532899856567383 2.104300022125244 7.78000020980835
v 10.938899993896484 -3.5297000408172607 7.335999965667725
v 11.650899887084961 -3.775700092315674 8.071999549865723
v -2.465100049972534 -12.225700378417969 8.85200023651123
v -1.3950999975204468 -12.027700424194336 8.442000389099121
v -7.679100036621094 -11.489700317382812 7.776000022888184
v -7.279099941253662 -12.11970043182373 8.211999893188477
v -8.013099670410156 -11.739700317382812 8.027999877929688
v 9.92490005493164 10.670299530029297 7.730000019073486
v -8.621100425720215 -10.535699844360352 7.426000118255615
v -9.631099700927734 -10.55370044708252 7.622000217437744
v -9.737099647521973 -10.135700225830078 7.5980000495910645
v -10.655099868774414 -1.3316999673843384 7.559999942779541
v 11.814900398254395 2.30430006980896 8.11400032043457
v -9.01509952545166 -2.651700019836426 7.328000068664551
v -9.03909969329834 -1.5336999893188477 7.328000068664551
v -8.471099853515625 -2.137700080871582 7.322000026702881
v -9.7431001663208 -10.991700172424316 7.941999912261963
v -9.271100044250488 -11.17770004272461 7.883999824523926
v -10.579099655151367 -9.79170036315918 7.76200008392334
v -10.219099998474121 -10.36970043182373 7.796000003814697
v -10.103099822998047 -10.71969985961914 7.934000015258789
v -9.67710018157959 -7.52370023727417 7.4120001792907715
v -7.67110013961792 4.73829984664917 7.309999942779541
v -8.089099884033203 -10.389699935913086 7.3420000076293945
v -7.8190999031066895 -10.983699798583984 7.521999835968018
v 11.146900177001953 9.850299835205078 10.003999710083008
v -8.557100296020508 -4.069699764251709 7.308000087738037
v -8.945099830627441 -5.087699890136719 7.309999942779541
v -9.033100128173828 -3.443700075149536 7.328000068664551
v -9.003100395202637 -0.7056999802589417 7.311999797821045
v -9.057100296020508 -1.0957000255584717 7.320000171661377
v -11.0871000289917 -9.847700119018555 8.145999908447266
v -11.019100189208984 -10.625699996948242 8.649999618530273
v -10.667099952697754 -9.259699821472168 7.711999893188477
v -11.307100296020508 -9.813699722290039 8.36400032043457
v 7.32289981842041 -11.567700386047363 7.949999809265137
v 6.872900009155273 -11.48169994354248 7.826000213623047
v 7.648900032043457 -11.317700386047363 7.800000190734863
v 5.530900001525879 -10.661700248718262 7.5
v -10.045100212097168 -5.091700077056885 7.409999847412109
v -9.989100456237793 -5.945700168609619 7.389999866485596
v -9.781100273132324 -8.925700187683105 7.484000205993652
v -5.42710018157959 -9.711700439453125 7.317999839782715
v -6.773099899291992 -10.687700271606445 7.3979997634887695
v -7.345099925994873 -11.009699821472168 7.455999851226807
v -8.735099792480469 -10.853699684143066 7.546000003814697
v -9.045100212097168 -11.049699783325195 7.7179999351501465
v 6.35890007019043 -11.365699768066406 7.763999938964844
v 6.080900192260742 -10.761699676513672 7.513999938964844
v -4.893099784851074 -11.179699897766113 7.728000164031982
v -4.0731000900268555 -11.585700035095215 7.964000225067139
v -4.781099796295166 -11.661700248718262 8.010000228881836
v 6.848899841308594 -11.123700141906738 7.5879998207092285
v 9.99489974975586 11.172300338745117 8.946000099182129
v 9.270899772644043 -11.159700393676758 8.053999900817871
v 2.0048999786376953 -10.631699562072754 7.627999782562256
v 3.6168999671936035 -11.625699996948242 8.13599967956543
v 2.074899911880493 -11.831700325012207 8.416000366210938
v -6.349100112915039 -11.523699760437012 7.785999774932861
v 3.9928998947143555 -11.9576997756958 8.368000030517578
v 6.044899940490723 -11.7076997756958 8.057999610900879
v -4.7631001472473145 -12.033699989318848 8.331999778747559
v -5.363100051879883 -12.157699584960938 8.479999542236328
v -8.067099571228027 -12.111700057983398 8.61400032043457
v -8.561100006103516 -12.101699829101562 8.871999740600586
v -10.4931001663208 -11.121700286865234 8.59000015258789
v -9.8371000289917 -10.64169979095459 7.73799991607666
v 4.172900199890137 -10.001700401306152 7.381999969482422
v 6.152900218963623 -9.983699798583984 7.355999946594238
v 1.0089000463485718 -11.727700233459473 8.251999855041504
v -0.22909900546073914 -11.797699928283691 8.223999977111816
v 5.3769001960754395 -11.581700325012207 7.961999893188477
v 5.546899795532227 -12.103699684143066 8.593999862670898
v 4.524899959564209 -12.125699996948242 8.541999816894531
v 5.030900001525879 -11.911700248718262 8.300000190734863
v -5.91510009765625 -10.983699798583984 7.561999797821045
v -7.597099781036377 -12.18970012664795 8.362000465393066
v -10.437100410461426 -11.545700073242188 9.48799991607666
v -9.16510009765625 -11.965700149536133 8.79800033569336
v -5.019100189208984 -10.515700340270996 7.47599983215332
v -5.755099773406982 -12.271699905395508 8.710000038146973
v 2.6768999099731445 -12.019700050354004 8.569999694824219
v 4.080900192260742 -10.335700035095215 7.480000019073486
v -0.8790990114212036 -10.92770004272461 7.6620001792907715
v 0.8109009861946106 -10.627699851989746 7.625999927520752
v 0.6428999900817871 -11.161700248718262 7.889999866485596
v 11.502900123596191 -4.143700122833252 7.927999973297119
v 11.708900451660156 -5.597700119018555 8.118000030517578
v 11.114899635314941 -6.341700077056885 7.406000137329102
v -0.8810989856719971 -11.809700012207031 8.234000205993652
v -1.4270999431610107 -11.64169979095459 8.057999610900879
v -2.219099998474121 -9.995699882507324 7.3420000076293945
v -3.4911000728607178 -10.395700454711914 7.426000118255615
v -2.775099992752075 -11.74370002746582 7.995999813079834
v -1.7611000537872314 -11.893699645996094 8.223999977111816
v 3.532900094985962 -10.001700401306152 7.3460001945495605
v 6.564899921417236 -11.795700073242188 8.144000053405762
v 11.96090030670166 -6.373700141906738 8.255999565124512
v -10.317099571228027 -9.935700416564941 7.668000221252441
v 0.7129009962081909 -10.001700401306152 7.420000076293945
v 2.896899938583374 -9.997699737548828 7.4039998054504395
v 8.980899810791016 -10.851699829101562 7.802000045776367
v 11.066900253295898 -4.177700042724609 7.4019999504089355
v -9.109100341796875 -12.139699935913086 9.11400032043457
v -3.601099967956543 -11.859700202941895 8.092000007629395
v 10.114899635314941 -8.561699867248535 7.340000152587891
v 1.9089000225067139 -11.40369987487793 8.07800006866455
v -3.857100009918213 -11.98169994354248 8.234000205993652
v -7.059100151062012 -12.239700317382812 8.40999984741211
v -3.5590999126434326 -9.997699737548828 7.349999904632568
v -6.125100135803223 -11.775699615478516 7.984000205993652
v 8.156900405883789 11.586299896240234 7.432000160217285
v -7.5030999183654785 -8.98169994354248 7.291999816894531
v -4.767099857330322 -9.955699920654297 7.355999946594238
v -5.16510009765625 -9.875699996948242 7.3480000495910645
v 11.558899879455566 -8.445699691772461 8.022000312805176
v 9.44890022277832 -9.215700149536133 7.414000034332275
v 9.692899703979492 -8.887700080871582 7.374000072479248
v 9.94890022277832 -8.081700325012207 7.309999942779541
v -6.577099800109863 -9.549699783325195 7.315999984741211
v -8.947099685668945 8.024299621582031 2.5799999237060547
v -9.003100395202637 8.172300338745117 3.385999917984009
v -8.603099822998047 8.432299613952637 2.502000093460083
v 9.828900337219238 -8.62969970703125 -7.5
v 8.764900207519531 -9.747699737548828 -7.492000102996826
v 9.950900077819824 -8.211700439453125 -7.5
v 9.996899604797363 5.832300186157227 -7.5
v 9.998900413513184 -6.807700157165527 -7.5
v 3.8889000415802 -10.001700401306152 -7.5
v -0.001099589979276061 -9.037699699401855 -7.498000144958496
v -7.777100086212158 6.110300064086914 -7.5
v 3.328900098800659 9.412300109863281 -7.5
v -8.89109992980957 -2.7797000408172607 -7.5
v -9.953100204467773 -8.211700439453125 -7.5
v -8.89109992980957 -5.695700168609619 -7.5
v -3.8931000232696533 9.9822998046875 -7.484000205993652
v -0.9790989756584167 9.998299598693848 -7.492000102996826
v -8.839099884033203 -9.5177001953125 -7.48799991607666
v -8.89109992980957 -3.751699924468994 -7.5
v -9.831100463867188 8.628299713134766 -7.5
v -9.011099815368652 9.622300148010254 -7.5
v -9.831100463867188 -8.62969970703125 -7.5
v 8.222900390625 -9.935700416564941 -7.49399995803833
v 6.804900169372559 -10.001700401306152 -7.5
v 0.5589010119438171 -9.447699546813965 -7.498000144958496
v 9.998900413513184 2.916300058364868 -7.5
v -8.061100006103516 9.376299858093262 6.794000148773193
v -8.095100402832031 9.388299942016602 7.059999942779541
v -7.719099998474121 9.444299697875977 6.868000030517578
v -4.857100009918213 9.71030044555664 -2.374000072479248
v -5.667099952697754 9.594300270080566 -1.4079999923706055
v -4.855100154876709 9.688300132751465 -1.9019999504089355
v -9.023099899291992 5.5903000831604 6.757999897003174
v -8.627099990844727 5.4542999267578125 7.070000171661377
v -9.137100219726562 6.0742998123168945 6.849999904632568
v -1.0851000547409058 9.760299682617188 7.156000137329102
v -1.0211000442504883 9.840299606323242 6.863999843597412
v -2.0151000022888184 9.76830005645752 6.791999816894531
v -3.963099956512451 9.712300300598145 4.639999866485596
v -4.865099906921387 9.812299728393555 6.035999774932861
v -0.49309900403022766 9.772299766540527 5.980000019073486
v -8.239100456237793 8.730299949645996 2.3299999237060547
v -8.401100158691406 8.670299530029297 2.8239998817443848
v -8.103099822998047 9.014300346374512 3.3239998817443848
v -8.62909984588623 7.934299945831299 -0.4219990074634552
v -8.877099990844727 7.504300117492676 -0.628000020980835
v -8.961099624633789 7.486299991607666 0.0780005007982254
v -6.55709981918335 9.406299591064453 -1.8259999752044678
v -5.729100227355957 9.604299545288086 0.9580000042915344
v -5.851099967956543 9.658300399780273 6.992000102996826
v -6.121099948883057 9.7322998046875 6.697999954223633
v -6.537099838256836 9.58430004119873 7.125999927520752
v 9.988900184631348 7.59630012512207 -7.24399995803833
v 9.808899879455566 7.864299774169922 -7.48199987411499
v 9.812899589538574 8.00629997253418 -6.9679999351501465
v -7.191100120544434 9.476300239562988 4.2220001220703125
v -6.739099979400635 9.580300331115723 5.498000144958496
v -5.8171000480651855 9.668299674987793 4.642000198364258
v -8.639100074768066 8.098299980163574 0.32200101017951965
v -8.585100173950195 8.406299591064453 0.8640000224113464
v -8.16510009765625 8.628299713134766 0.48399999737739563
v -8.753100395202637 8.258299827575684 1.9900000095367432
v -9.095100402832031 8.286299705505371 6.0879998207092285
v -9.385100364685059 7.758299827575684 6.073999881744385
v -8.911100387573242 8.610300064086914 6.559999942779541
v -9.667099952697754 -4.079699993133545 -7.205999851226807
v -9.429100036621094 -4.777699947357178 -7.48799991607666
v -9.871100425720215 -5.705699920654297 -7.394000053405762
v -8.941100120544434 8.032299995422363 0.9500010013580322
v -8.67710018157959 7.946300029754639 -1.7580000162124634
v -8.787099838256836 7.672299861907959 -1.2339999675750732
v -8.41510009765625 8.230299949645996 -1.3559999465942383
v -7.161099910736084 9.328300476074219 -3.257999897003174
v -7.271100044250488 9.790300369262695 -5.314000129699707
v -7.5731000900268555 9.578300476074219 -4.77400016784668
v -7.973100185394287 8.890299797058105 1.784000039100647
v -7.6971001625061035 9.068300247192383 1.2139999866485596
v -8.271100044250488 8.736300468444824 1.1959999799728394
v -7.723100185394287 9.040300369262695 2.3359999656677246
v -8.707099914550781 -9.701700210571289 -7.394000053405762
v -8.945099830627441 -9.631699562072754 -7.197999954223633
v -9.047100067138672 -9.503700256347656 -7.389999866485596
v 7.924900054931641 9.89430046081543 -5.624000072479248
v 8.04889965057373 9.764300346374512 -4.561999797821045
v 8.230899810791016 9.850299835205078 -6.6020002365112305
v 7.412899971008301 9.916299819946289 6.978000164031982
v 8.074899673461914 9.664299964904785 6.941999912261963
v -9.87909984588623 -6.051700115203857 -6.809999942779541
v -9.983099937438965 -6.569699764251709 -7.205999851226807
v -9.691100120544434 -7.943699836730957 -5.716000080108643
v -9.491100311279297 -7.779699802398682 -4.835999965667725
v -9.64109992980957 -7.335700035095215 -5.2179999351501465
v 9.238900184631348 8.940299987792969 -5.953999996185303
v 9.490900039672852 9.118300437927246 -7.013999938964844
v 9.1628999710083 9.476300239562988 -7.046000003814697
v -8.66510009765625 8.724300384521484 -3.9119999408721924
v -8.997099876403809 8.754300117492676 -4.703999996185303
v -9.069100379943848 8.356300354003906 -4.245999813079834
v -8.329099655151367 5.0843000411987305 7.118000030517578
v -8.859100341796875 5.052299976348877 6.855999946594238
v 9.000900268554688 8.936300277709961 6.714000225067139
v 9.18690013885498 8.686300277709961 6.438000202178955
v 9.392900466918945 7.998300075531006 6.806000232696533
v 9.130900382995605 7.716300010681152 7.0879998207092285
v 9.458900451660156 7.47629976272583 6.5279998779296875
v 9.606900215148926 -2.565700054168701 -5.53000020980835
v 9.60890007019043 -3.125699996948242 -5.185999870300293
v 9.832900047302246 -2.9677000045776367 -6.177999973297119
v 8.508899688720703 9.754300117492676 -6.539999961853027
v 8.630900382995605 9.510299682617188 -5.0980000495910645
v 8.680899620056152 9.58430004119873 -6.001999855041504
v -8.127099990844727 9.39430046081543 7.21999979019165
v -9.621100425720215 -8.997699737548828 -7.48799991607666
v -9.559100151062012 -9.089699745178223 -7.193999767303467
v 9.736900329589844 7.980299949645996 -6.4679999351501465
v 9.94890022277832 7.666299819946289 -6.961999893188477
v -8.069100379943848 9.980299949645996 -7.498000144958496
v -5.843100070953369 9.99429988861084 -7.478000164031982
v 9.664899826049805 7.404300212860107 -2.0920000076293945
v 9.324899673461914 8.378299713134766 -3.197999954223633
v 9.48289966583252 8.068300247192383 -2.2780001163482666
v 9.468899726867676 8.440299987792969 -5.900000095367432
v 9.222900390625 8.616299629211426 -2.7839999198913574
v 9.168899536132812 8.7923002243042 -1.5499999523162842
v 9.408900260925293 8.248299598693848 -4.9039998054504395
v 9.592900276184082 7.904300212860107 -5.688000202178955
v 9.588899612426758 8.908300399780273 -6.961999893188477
v 8.792900085449219 9.246299743652344 -3.2920000553131104
v 8.97089958190918 9.014300346374512 -2.671999931335449
v 7.924900054931641 9.954299926757812 -7.478000164031982
v 8.48289966583252 9.874300003051758 -7.47599983215332
v 9.570899963378906 -0.84170001745224 2.7160000801086426
v 9.486900329589844 -0.17970000207424164 2.3540000915527344
v 9.472900390625 0.5343000292778015 2.4179999828338623
v 7.768899917602539 9.71030044555664 6.131999969482422
v 7.1828999519348145 9.842300415039062 5.986000061035156
v 7.922900199890137 9.890299797058105 4.053999900817871
v 7.790900230407715 9.818300247192383 4.415999889373779
v 8.342900276184082 9.590299606323242 4.699999809265137
v 9.046899795532227 8.784299850463867 2.421999931335449
v 8.474900245666504 9.512299537658691 2.135999917984009
v 8.638899803161621 9.4483003616333 3.6459999084472656
v 8.2568998336792 9.672300338745117 1.9800000190734863
v 8.432900428771973 9.634300231933594 3.7339999675750732
v 8.160900115966797 9.83430004119873 3.621999979019165
v 9.642900466918945 -2.253700017929077 2.315999984741211
v 9.554900169372559 -0.7876999974250793 1.8580000400543213
v 8.594900131225586 9.362299919128418 -2.75600004196167
v 8.372900009155273 9.468299865722656 -1.6200000047683716
v 8.806900024414062 9.20829963684082 -1.5640000104904175
v 6.338900089263916 -9.377699851989746 -0.18000000715255737
v 6.85890007019043 -9.35569953918457 -0.38600000739097595
v 6.524899959564209 -9.409700393676758 0.7059999704360962
v 9.038900375366211 -8.773699760437012 -4.953999996185303
v 8.638899803161621 -8.919699668884277 -4.309999942779541
v 8.714900016784668 -9.29170036315918 -5.070000171661377
v 4.148900032043457 9.090299606323242 -4.131999969482422
v 4.800899982452393 9.01830005645752 -3.421999931335449
v 4.7428998947143555 9.172300338745117 -4.6479997634887695
v 9.802900314331055 4.794300079345703 -4.723999977111816
v 9.84689998626709 4.760300159454346 -5.578000068664551
v 9.812899589538574 5.882299900054932 -3.808000087738037
v 8.318900108337402 -9.663700103759766 -6.619999885559082
v 9.020899772644043 -9.433699607849121 -7.047999858856201
v 8.85890007019043 -9.057700157165527 -5.854000091552734
v 8.614899635314941 -9.28969955444336 -5.703999996185303
v 8.510899543762207 -9.39169979095459 -5.984000205993652
v 9.128899574279785 -8.587699890136719 5.0279998779296875
v 8.82289981842041 -8.691699981689453 3.7660000324249268
v 9.168899536132812 -8.239700317382812 3.888000011444092
v 9.340900421142578 -9.043700218200684 -6.9679999351501465
v 9.426899909973145 -9.143699645996094 -7.228000164031982
v 9.652899742126465 -8.775699615478516 -7.2220001220703125
v 9.59689998626709 -6.707699775695801 -0.2199999988079071
v 9.520899772644043 -7.289700031280518 0.3659999966621399
v 9.366900444030762 -7.973700046539307 0.5980010032653809
v 9.996899604797363 2.430299997329712 -7.0320000648498535
v 9.96090030670166 0.13230000436306 -6.636000156402588
v -9.487099647521973 6.60230016708374 2.818000078201294
v -9.437100410461426 7.036300182342529 1.503999948501587
v -9.569100379943848 6.174300193786621 1.934000015258789
v 9.364899635314941 -8.175700187683105 5.059999942779541
v 9.288900375366211 -8.683699607849121 5.966000080108643
v 9.576899528503418 2.936300039291382 -4.900000095367432
v 9.682900428771973 2.814300060272217 -5.668000221252441
v 9.724900245666504 3.8222999572753906 -4.822000026702881
v 4.372900009155273 -10.001700401306152 -7.033999919891357
v 8.372900009155273 -8.847700119018555 -2.0920000076293945
v 8.31089973449707 -8.949700355529785 -3.072000026702881
v 8.738900184631348 -8.487700462341309 -2.130000114440918
v 8.520899772644043 -9.495699882507324 6.447999954223633
v 8.652899742126465 -9.215700149536133 5.831999778747559
v 9.354900360107422 -9.239700317382812 6.99399995803833
v 8.09689998626709 -9.237700462341309 3.303999900817871
v 8.038900375366211 -9.21969985961914 1.9199999570846558
v 8.618900299072266 -8.787699699401855 1.315999984741211
v 7.9928998947143555 -9.679699897766113 6.388000011444092
v 9.068900108337402 -9.465700149536133 6.984000205993652
v 3.524899959564209 9.078300476074219 -2.490000009536743
v 3.1268999576568604 9.172300338745117 -1.8240000009536743
v 3.588900089263916 9.216300010681152 -0.8880000114440918
v -5.951099872589111 -9.485699653625488 -3.252000093460083
v -5.167099952697754 -9.611700057983398 -3.436000108718872
v -4.663099765777588 -9.679699897766113 -2.4019999504089355
v -7.469099998474121 -9.0516996383667 7.191999912261963
v -6.92710018157959 -9.371700286865234 7.193999767303467
v 7.956900119781494 -9.193699836730957 -0.5080000162124634
v 7.378900051116943 -9.311699867248535 -1.3040000200271606
v 8.408900260925293 -8.985699653625488 -0.5879999995231628
v -9.521100044250488 8.50629997253418 -5.343999862670898
v -9.309100151062012 7.740300178527832 -4.144000053405762
v -9.437100410461426 -2.95770001411438 -1.00600004196167
v -9.447099685668945 -2.5517001152038574 -0.1379999965429306
v -9.46310043334961 -2.4177000522613525 -1.0199999809265137
v -7.059100151062012 -8.897700309753418 -2.4159998893737793
v -6.795100212097168 -9.149700164794922 -2.888000011444092
v -6.65310001373291 -9.007699966430664 -1.3839999437332153
v -7.201099872589111 -9.91569995880127 -6.978000164031982
v -7.495100021362305 -9.763699531555176 -7.383999824523926
v -6.8231000900268555 -9.9576997756958 -7.343999862670898
v -9.657099723815918 -6.74970006942749 -4.684000015258789
v -9.521100044250488 -7.323699951171875 -4.285999774932861
v -8.385100364685059 -6.889699935913086 7.211999893188477
v -7.303100109100342 -8.705699920654297 6.210000038146973
v -7.89709997177124 -8.285699844360352 6.223999977111816
v -8.245100021362305 -8.503700256347656 6.9720001220703125
v -7.8831000328063965 -8.583700180053711 6.802000045776367
v -8.06309986114502 -8.651700019836426 7.061999797821045
v -9.2431001663208 -8.645700454711914 -5.1539998054504395
v -9.447099685668945 -8.571700096130371 -5.605999946594238
v -9.357099533081055 -8.827699661254883 -5.788000106811523
v -7.6230998039245605 -8.78969955444336 -3.1559998989105225
v -8.26509952545166 -8.0177001953125 -2.4639999866485596
v -8.357099533081055 -9.021699905395508 -4.5960001945495605
v -8.81309986114502 -8.591699600219727 -4.4079999923706055
v -9.011099815368652 -7.583700180053711 -3.1540000438690186
v -8.65310001373291 -9.2677001953125 -5.357999801635742
v 4.504899978637695 9.000300407409668 -3.421999931335449
v -8.26509952545166 -9.895700454711914 -6.914000034332275
v -8.619099617004395 -9.795700073242188 -7.171999931335449
v -8.103099822998047 -9.933699607849121 -7.122000217437744
v -9.775099754333496 -8.265700340270996 -6.164000034332275
v -9.35509967803955 -9.287699699401855 -7.434000015258789
v -9.285099983215332 -9.381699562072754 -7.196000099182129
v -6.995100021362305 -8.61769962310791 2.0299999713897705
v -7.079100131988525 -8.37969970703125 3.4059998989105225
v -7.809100151062012 -8.103699684143066 2.191999912261963
v -7.155099868774414 -9.24370002746582 -3.7679998874664307
v -6.327099800109863 -9.335700035095215 -2.9000000953674316
v 9.808899879455566 8.426300048828125 -7.441999912261963
v -7.083099842071533 -8.985699653625488 -7.461999893188477
v -5.919099807739258 -8.693699836730957 -7.46999979019165
v 9.702899932861328 -4.807700157165527 1.4359999895095825
v 9.694899559020996 -4.819699764251709 3.2699999809265137
v -8.413100242614746 8.588299751281738 1.805999994277954
v 9.498900413513184 7.146299839019775 6.7220001220703125
v -9.91510009765625 1.4622999429702759 -7.46999979019165
v -9.861100196838379 1.5183000564575195 -6.927999973297119
v -9.835100173950195 2.0882999897003174 -7.116000175476074
v 1.6029000282287598 9.464300155639648 -1.9500000476837158
v 0.9109010100364685 9.676300048828125 -3.24399995803833
v 1.180899977684021 9.524299621582031 -1.4160000085830688
v 9.814900398254395 -4.321700096130371 -0.7459999918937683
v 9.806900024414062 -5.143700122833252 -0.3540000021457672
v 9.750900268554688 -5.385700225830078 -1.034000039100647
v 9.192899703979492 8.694299697875977 -4.5320000648498535
v 5.488900184631348 9.650300025939941 -7.495999813079834
v -1.0311000347137451 9.87030029296875 -5.572000026702881
v 1.9608999490737915 9.980299949645996 -7.466000080108643
v 9.590900421142578 3.358299970626831 -3.2980000972747803
v 9.718899726867676 4.820300102233887 -2.885999917984009
v 9.60890007019043 3.860300064086914 -2.890000104904175
v 9.82289981842041 3.8343000411987305 -5.6620001792907715
v 7.286900043487549 -9.687700271606445 -6.067999839782715
v 6.798900127410889 -9.813699722290039 -6.624000072479248
v 7.57889986038208 -9.839699745178223 -6.703999996185303
v -7.581099987030029 9.364299774169922 3.8959999084472656
v -7.305099964141846 9.428299903869629 5.4039998054504395
v 7.586900234222412 9.74429988861084 0.656000018119812
v 7.170899868011475 9.782299995422363 0.21199999749660492
v 7.002900123596191 9.83430004119873 2.068000078201294
v 5.754899978637695 9.692299842834473 2.828000068664551
v 4.4369001388549805 9.658300399780273 3.190000057220459
v 5.790900230407715 9.582300186157227 3.7820000648498535
v -9.999099731445312 -2.9137001037597656 -6.567999839782715
v -9.997099876403809 -3.403700113296509 -6.0960001945495605
v -9.913100242614746 -2.9096999168395996 -5.630000114440918
v -8.86709976196289 -7.1016998291015625 -1.9579999446868896
v -8.571100234985352 -7.551700115203857 -2.0859999656677246
v -8.51710033416748 -7.301700115203857 -1.309999942779541
v 7.990900039672852 9.914299964904785 3.7060000896453857
v -9.4931001663208 -8.201700210571289 -5.210000038146973
v -8.409099578857422 9.702300071716309 -6.065999984741211
v -9.161100387573242 -0.13569900393486023 7.056000232696533
v 8.96090030670166 0.002300259890034795 -4.340000152587891
v 8.98490047454834 0.006299970205873251 -4.691999912261963
v 9.094900131225586 0.9743000268936157 -4.211999893188477
v -7.14709997177124 9.282299995422363 2.318000078201294
v -7.243100166320801 9.240300178527832 0.9100009799003601
v 9.602899551391602 1.8803000450134277 7.223999977111816
v 7.60890007019043 9.670299530029297 -1.8220000267028809
v 7.966899871826172 9.600299835205078 -2.75600004196167
v 7.160900115966797 9.648300170898438 -2.49399995803833
v -8.235099792480469 8.466300010681152 -1.687999963760376
v -8.491100311279297 8.37030029296875 -2.578000068664551
v 9.430899620056152 5.9583001136779785 7.142000198364258
v 9.420900344848633 6.740300178527832 6.9679999351501465
v -9.343099594116211 6.146299839019775 -0.4519999921321869
v -9.447099685668945 6.1402997970581055 0.40400001406669617
v -9.149100303649902 7.016300201416016 0.04000040143728256
v 4.928899765014648 9.648300170898438 -6.289999961853027
v 5.764900207519531 9.716300010681152 -6.315999984741211
v 6.130899906158447 9.934300422668457 -6.960000038146973
v 4.638899803161621 9.186300277709961 -5.052000045776367
v -9.775099754333496 -3.8536999225616455 2.8480000495910645
v -9.683099746704102 -3.8536999225616455 1.840000033378601
v -9.557100296020508 -4.733699798583984 1.3559999465942383
v -9.161100387573242 1.8142999410629272 6.765999794006348
v -8.849100112915039 3.616300106048584 6.9039998054504395
v 3.020900011062622 9.636300086975098 2.4679999351501465
v 4.240900039672852 9.282299995422363 -0.5059999823570251
v 1.6109000444412231 9.556300163269043 2.4519999027252197
v 1.3868999481201172 9.940299987792969 7.033999919891357
v -9.269100189208984 7.530300140380859 3.128000020980835
v -9.219099998474121 7.50629997253418 2.5160000324249268
v -9.373100280761719 7.122300148010254 2.818000078201294
v 9.516900062561035 2.8343000411987305 -3.687999963760376
v 9.514900207519531 3.626300096511841 7.136000156402588
v 9.772899627685547 1.9463000297546387 6.861999988555908
v 9.764900207519531 -0.4796999990940094 6.823999881744385
v 9.73289966583252 1.2523000240325928 7.093999862670898
v -5.799099922180176 9.6983003616333 -4.702000141143799
v -7.035099983215332 9.922300338745117 -6.184000015258789
v -9.145099639892578 8.01830005645752 5.585999965667725
v 9.518899917602539 1.8423000574111938 -5.703999996185303
v 9.954899787902832 0.9803000092506409 -6.585999965667725
v 9.946900367736816 1.9443000555038452 -6.581999778747559
v 9.762900352478027 6.656300067901611 -2.7119998931884766
v 9.790900230407715 6.690299987792969 -2.3499999046325684
v 9.812899589538574 6.3403000831604 -2.2939999103546143
v -9.739100456237793 4.864299774169922 -5.613999843597412
v -9.86709976196289 4.412300109863281 -6.5320000648498535
v -9.76509952545166 2.8803000450134277 -4.763999938964844
v -8.14109992980957 9.098299980163574 4.254000186920166
v -7.90310001373291 9.2322998046875 3.9059998989105225
v -8.95110034942627 8.166299819946289 -3.6040000915527344
v -8.489100456237793 8.772299766540527 4.888000011444092
v -8.78909969329834 8.53030014038086 4.23199987411499
v -8.787099838256836 8.45829963684082 4.946000099182129
v 9.194899559020996 8.388299942016602 7.01800012588501
v -9.519100189208984 8.916299819946289 -6.8460001945495605
v -9.655099868774414 8.944299697875977 -7.185999870300293
v -9.829099655151367 8.556300163269043 -7.041999816894531
v 9.652899742126465 4.7743000984191895 1.9220000505447388
v 9.736900329589844 5.260300159454346 1.0119999647140503
v 9.544899940490723 7.022299766540527 2.3359999656677246
v 9.148900032043457 -1.3976999521255493 -5.004000186920166
v 9.150899887084961 -1.825700044631958 -4.688000202178955
v 9.364899635314941 -2.1036999225616455 -5.131999969482422
v 9.992899894714355 7.282299995422363 -7.013999938964844
v 9.678899765014648 7.130300045013428 -3.2100000381469727
v 9.6628999710083 7.152299880981445 -4.179999828338623
v 7.1149001121521 9.816300392150879 4.808000087738037
v 9.696900367736816 8.794300079345703 -7.473999977111816
v 9.514900207519531 9.138299942016602 -7.480000019073486
v 6.592899799346924 9.638299942016602 -3.303999900817871
v 7.2428998947143555 9.83430004119873 -5.139999866485596
v -8.703100204467773 8.378299713134766 1.3819999694824219
v 9.702899932861328 5.228300094604492 4.289999961853027
v 9.624899864196777 5.286300182342529 3.2179999351501465
v -5.843100070953369 9.612299919128418 -3.7660000324249268
v -6.667099952697754 9.40429973602295 -2.742000102996826
v -4.853099822998047 9.796299934387207 6.447999954223633
v -8.60509967803955 -6.073699951171875 7.2179999351501465
v 9.528900146484375 -7.929699897766113 -6.558000087738037
v -8.233099937438965 -8.09570026397705 6.877999782562256
v 4.874899864196777 -9.829700469970703 -5.572000026702881
v 5.332900047302246 -9.785699844360352 -5.064000129699707
v 4.848899841308594 -9.79170036315918 -3.7720000743865967
v -7.553100109100342 -8.003700256347656 4.035999774932861
v -8.115099906921387 -7.597700119018555 4.75600004196167
v -8.251099586486816 -7.539700031280518 3.880000114440918
v 9.216899871826172 9.4483003616333 -7.4679999351501465
v -8.937100410461426 8.47029972076416 7.2779998779296875
v 7.9969000816345215 -9.649700164794922 -6.260000228881836
v 7.6869001388549805 -9.589699745178223 -5.6020002365112305
v 9.640899658203125 7.24429988861084 1.3339999914169312
v 9.680899620056152 7.028299808502197 -0.24199999868869781
v 9.588899612426758 7.628300189971924 1.2760000228881836
v 9.33489990234375 8.284299850463867 6.576000213623047
v 9.450900077819824 7.918300151824951 6.386000156402588
v 9.230899810791016 8.418299674987793 2.368000030517578
v 9.402899742126465 7.926300048828125 2.380000114440918
v 9.616900444030762 6.2083001136779785 6.803999900817871
v 9.684900283813477 5.386300086975098 6.854000091552734
v 8.44890022277832 9.618300437927246 4.239999771118164
v 9.510899543762207 7.176300048828125 5.205999851226807
v 9.520899772644043 7.662300109863281 3.611999988555908
v 7.308899879455566 9.824299812316895 4.205999851226807
v -9.51710033416748 6.626299858093262 3.7119998931884766
v -9.527099609375 7.050300121307373 3.7019999027252197
v -9.46310043334961 6.998300075531006 3.305999994277954
v -8.593099594116211 -9.567700386047363 -5.99399995803833
v -8.2431001663208 -9.537699699401855 -5.394000053405762
v 9.774900436401367 3.03629994392395 0.4480000138282776
v 9.78689956665039 3.9382998943328857 4.768369876728684e-7
v -8.431099891662598 -7.579699993133545 5.668000221252441
v -8.611100196838379 -7.617700099945068 6.306000232696533
v -8.935099601745605 -7.089700222015381 5.986000061035156
v -8.423100471496582 9.362299919128418 7.26800012588501
v -9.613100051879883 -6.619699954986572 -3.303999900817871
v -9.70110034942627 -6.689700126647949 -3.8299999237060547
v -9.501099586486816 -7.181700229644775 -3.7880001068115234
v 8.906900405883789 -9.093700408935547 -6.248000144958496
v 9.14490032196045 -8.759699821472168 -6.329999923706055
v 9.082900047302246 -8.659700393676758 -5.650000095367432
v 9.056900024414062 -9.097700119018555 -6.6479997634887695
v -9.31309986114502 -8.159700393676758 -4.710000038146973
v 9.782899856567383 3.3842999935150146 6.335999965667725
v 9.724900245666504 4.3403000831604 6.840000152587891
v 9.434900283813477 7.996300220489502 -0.013999500311911106
v 9.32289981842041 8.40429973602295 0.9599999785423279
v 9.574899673461914 7.222300052642822 1.784000039100647
v 9.272899627685547 8.510299682617188 3.7300000190734863
v 9.420900344848633 7.784299850463867 5.199999809265137
v 9.282899856567383 8.340299606323242 5.208000183105469
v 9.114899635314941 8.804300308227539 3.5439999103546143
v 9.458900451660156 8.09630012512207 1.2300000190734863
v 9.10890007019043 8.714300155639648 0.6919999718666077
v 9.024900436401367 8.804300308227539 0.0520005002617836
v 9.526900291442871 1.952299952507019 2.4800000190734863
v 9.74489974975586 3.8782999515533447 4.230000019073486
v 9.624899864196777 2.8822999000549316 3.0980000495910645
v 9.708900451660156 7.3942999839782715 -5.797999858856201
v 9.81089973449707 7.046299934387207 -6.188000202178955
v 3.6089000701904297 9.752300262451172 -6.421999931335449
v 3.516900062561035 9.908300399780273 -6.921999931335449
v 8.98490047454834 9.00629997253418 -1.871999979019165
v 8.962900161743164 8.95829963684082 -1.156000018119812
v 9.578900337219238 -3.773699998855591 -3.686000108718872
v 9.742899894714355 -4.361700057983398 -4.973999977111816
v 9.54889965057373 -3.2376999855041504 -4.7179999351501465
v 8.624899864196777 9.236300468444824 -0.25999999046325684
v 8.282899856567383 9.476300239562988 -0.2579990029335022
v 8.908900260925293 8.330300331115723 7.2820000648498535
v 9.066900253295898 -7.775700092315674 -3.5739998817443848
v 9.014900207519531 -7.875699996948242 -2.9539999961853027
v 8.88290023803711 -8.261699676513672 -3.638000011444092
v 8.6628999710083 9.284299850463867 5.881999969482422
v 8.824899673461914 9.206299781799316 6.285999774932861
v 9.056900024414062 8.96030044555664 6.429999828338623
v 9.406900405883789 8.146300315856934 3.813999891281128
v 8.878899574279785 8.992300033569336 -0.4180000126361847
v 9.84689998626709 2.2802999019622803 -0.39800000190734863
v 9.79889965057373 1.0103000402450562 -0.6480000019073486
v 9.672900199890137 1.0722999572753906 -1.996000051498413
v 1.9208999872207642 9.656299591064453 -5.127999782562256
v 3.662899971008301 9.136300086975098 -4.01800012588501
v 3.768899917602539 9.356300354003906 -5.27400016784668
v 8.878899574279785 9.062299728393555 1.440000057220459
v 8.818900108337402 9.14229965209961 5.492000102996826
v 9.004899978637695 8.920299530029297 5.340000152587891
v 9.58489990234375 7.582300186157227 -0.6759999990463257
v 4.33489990234375 9.51830005645752 -5.961999893188477
v 8.640899658203125 9.342300415039062 6.513999938964844
v 8.426899909973145 9.45829963684082 7.007999897003174
v 9.4128999710083 -2.7237000465393066 -3.6600000858306885
v 6.234899997711182 9.604299545288086 3.7860000133514404
v 7.35290002822876 9.850299835205078 3.5339999198913574
v 6.568900108337402 9.668299674987793 3.3340001106262207
v -7.561100006103516 -8.37969970703125 -1.7480000257492065
v -7.087100028991699 -8.761699676513672 -1.8220000267028809
v -7.221099853515625 -8.60569953918457 -1.1440000534057617
v 8.054900169372559 9.576299667358398 -1.2979999780654907
v 7.984899997711182 9.62030029296875 -1.9559999704360962
v 9.718899726867676 1.0503000020980835 4.716000080108643
v 9.940899848937988 2.9003000259399414 -6.572000026702881
v 9.996899604797363 3.4082999229431152 -7.038000106811523
v 8.258899688720703 9.520299911499023 5.874000072479248
v 1.374899983406067 9.63029956817627 4.251999855041504
v 1.2288999557495117 9.484299659729004 1.2879999876022339
v -1.5750999450683594 9.600299835205078 3.864000082015991
v -4.581099987030029 -9.73169994354248 -7.5
v -6.537099838256836 -9.727700233459473 -7.492000102996826
v 9.746899604797363 -0.6517000198364258 -0.37400001287460327
v 9.652899742126465 -1.229699969291687 1.031999945640564
v 9.718899726867676 -1.9536999464035034 -1.715999960899353
v 9.626899719238281 3.3362998962402344 2.3340001106262207
v 1.9549000263214111 9.908300399780273 -6.546000003814697
v 3.0589001178741455 9.874300003051758 -6.513999938964844
v 9.478899955749512 2.4103000164031982 -3.25600004196167
v 5.048900127410889 9.1983003616333 -4.381999969482422
v 5.396900177001953 9.31029987335205 -5.242000102996826
v 4.964900016784668 9.206299781799316 -5.059999942779541
v 4.558899879455566 9.022299766540527 -2.98799991607666
v -8.42710018157959 -7.435699939727783 2.5820000171661377
v -8.599100112915039 -7.155700206756592 3.364000082015991
v -8.941100120544434 -6.687699794769287 2.7920000553131104
v -8.215100288391113 8.978300094604492 5.159999847412109
v -8.571100234985352 8.712300300598145 5.368000030517578
v -7.961100101470947 9.230299949645996 5.932000160217285
v 6.678899765014648 9.856300354003906 5.501999855041504
v 9.998900413513184 6.804299831390381 -7.5
v -7.767099857330322 -9.3016996383667 -4.5980000495910645
v -7.965099811553955 -9.735699653625488 -5.616000175476074
v -7.399099826812744 -9.543700218200684 -5
v 2.458899974822998 9.76830005645752 -6.056000232696533
v 9.78689956665039 4.8282999992370605 -3.7760000228881836
v 8.876899719238281 9.700300216674805 -7.464000225067139
v 8.668899536132812 9.762299537658691 -6.978000164031982
v 8.916899681091309 9.354299545288086 -5.940000057220459
v 9.042900085449219 9.062299728393555 -5.2820000648498535
v 9.784899711608887 5.818299770355225 -2.809999942779541
v 9.558899879455566 -1.5996999740600586 -2.390000104904175
v 9.520899772644043 4.916299819946289 7.170000076293945
v 9.33489990234375 8.39430046081543 -1.2860000133514404
v 9.004899978637695 9.014300346374512 -4.4039998054504395
v 8.540900230407715 9.33430004119873 -1.2300000190734863
v -4.4390997886657715 9.670299530029297 2.2339999675750732
v -2.9410998821258545 9.754300117492676 0.5759999752044678
v -3.8870999813079834 9.758299827575684 0.49000000953674316
v 7.672900199890137 9.812299728393555 -4.5279998779296875
v 9.788900375366211 2.9063000679016113 5.177999973297119
v 8.336899757385254 9.526300430297852 -3.1519999504089355
v 5.890900135040283 9.4822998046875 -2.73799991607666
v 6.294899940490723 9.570300102233887 -2.318000078201294
v 8.742899894714355 9.202300071716309 0.7300000190734863
v 9.592900276184082 -6.673699855804443 1.8420000076293945
v -3.3691000938415527 9.646300315856934 3.75600004196167
v -1.475100040435791 9.650300025939941 -1.5859999656677246
v -2.411099910736084 9.64430046081543 -2.2980000972747803
v -1.9230999946594238 9.728300094604492 -0.5040000081062317
v 6.568900108337402 9.650300025939941 -4.638000011444092
v 6.604899883270264 9.750300407409668 -5.605999946594238
v 4.09689998626709 9.390299797058105 -5.434000015258789
v 4.820899963378906 9.2923002243042 -5.556000232696533
v 9.6628999710083 -8.877699851989746 6.947999954223633
v 9.886899948120117 -8.10770034790039 6.935999870300293
v 7.290900230407715 -10.001700401306152 -7.033999919891357
v -4.303100109100342 -9.597700119018555 -0.9520000219345093
v -1.947100043296814 -9.683699607849121 -0.9939990043640137
v -1.6930999755859375 -9.727700233459473 0.8619999885559082
v -5.731100082397461 -9.695699691772461 7.144000053405762
v -6.021100044250488 -7.637700080871582 -7.486000061035156
v 0.01490120030939579 -9.785699844360352 -7.26800012588501
v -0.9270989894866943 -9.701700210571289 -7.449999809265137
v 7.226900100708008 -9.971699714660645 7.188000202178955
v 7.138899803161621 -9.849699974060059 6.415999889373779
v 7.778900146484375 -9.623700141906738 5.77400016784668
v 8.224900245666504 -9.487700462341309 6
v 9.694899559020996 -7.39169979095459 5.679999828338623
v 9.952899932861328 -5.6697001457214355 6.751999855041504
v 9.804900169372559 -7.1097002029418945 6.0920000076293945
v 3.950900077819824 -9.941699981689453 6.460000038146973
v 1.964900016784668 -9.925700187683105 6.271999835968018
v 2.6389000415802 -9.611700057983398 3.7119998931884766
v 1.4668999910354614 -9.873700141906738 -0.36000001430511475
v 2.6149001121520996 -9.683699607849121 -1.0820000171661377
v 2.828900098800659 -9.663700103759766 -0.015999799594283104
v 7.174900054931641 -9.609700202941895 -4.323999881744385
v 6.694900035858154 -9.623700141906738 -3.3959999084472656
v 9.996899604797363 -7.1717000007629395 7.139999866485596
v 9.656900405883789 -1.891700029373169 -5.849999904632568
v 9.664899826049805 -4.945700168609619 -1.8140000104904175
v 9.626899719238281 -3.8557000160217285 -2.7960000038146973
v 0.1089010015130043 -9.80370044708252 3.6419999599456787
v 2.034899950027466 -9.65369987487793 3.24399995803833
v 9.678899765014648 -0.6937000155448914 4.611999988555908
v -5.855100154876709 -9.421699523925781 6.504000186920166
v -4.277100086212158 -9.681699752807617 5.716000080108643
v -4.963099956512451 -9.739700317382812 6.742000102996826
v -8.055100440979004 -9.24370002746582 -7.489999771118164
v -8.097100257873535 -9.859700202941895 -7.377999782562256
v -8.281100273132324 -9.651700019836426 -7.489999771118164
v 3.966900110244751 9.922300338745117 -7.329999923706055
v 4.9268999099731445 9.968299865722656 -7.423999786376953
v 9.690899848937988 -5.679699897766113 0.9200000166893005
v 9.626899719238281 -6.651700019836426 3.746000051498413
v 3.1308999061584473 9.134300231933594 -2.950000047683716
v 9.752900123596191 3.366300106048584 6.6539998054504395
v 9.832900047302246 -2.001699924468994 6.797999858856201
v 9.770899772644043 -3.3097000122070312 5.0920000076293945
v 9.510899543762207 -5.835700035095215 -4.317999839782715
v 9.202899932861328 -8.073699951171875 -4.815999984741211
v 9.588899612426758 -4.777699947357178 -3.7660000324249268
v 9.03689956665039 -0.8456990122795105 -4.822000026702881
v 9.056900024414062 -0.2796989977359772 -4.966000080108643
v 9.516900062561035 -5.713699817657471 -2.4739999771118164
v 9.804900169372559 -4.591700077056885 -5.631999969482422
v 9.98289966583252 -5.265699863433838 -7.039999961853027
v 9.776900291442871 -3.7857000827789307 -5.650000095367432
v 9.93690013885498 -2.9256999492645264 -6.697999954223633
v 9.106900215148926 0.9682999849319458 -4.639999866485596
v 9.078900337219238 0.36230000853538513 -4.986000061035156
v 9.276900291442871 1.5123000144958496 -5.084000110626221
v 8.98490047454834 -0.885699987411499 -4.443999767303467
v 9.028900146484375 -1.2177000045776367 -4.182000160217285
v 9.528900146484375 -3.209700107574463 -3.259999990463257
v 9.576899528503418 2.8942999839782715 -2.888000011444092
v 9.032899856567383 0.10830000042915344 -3.861999988555908
v 9.142900466918945 0.8603000044822693 -3.7720000743865967
v 9.440899848937988 -1.4377000331878662 -5.460000038146973
v 8.704899787902832 -8.48169994354248 -2.9240000247955322
v 9.876899719238281 -1.9996999502182007 -6.501999855041504
v 9.964900016784668 -1.1437000036239624 -6.690000057220459
v 9.48289966583252 -2.5957000255584717 -3.0480000972747803
v 9.510899543762207 1.952299952507019 -2.8399999141693115
v 9.166899681091309 -0.47769901156425476 -3.4000000953674316
v 9.118900299072266 -1.257699966430664 -3.7039999961853027
v 9.764900207519531 3.8922998905181885 -1.2580000162124634
v 9.508899688720703 1.0442999601364136 -2.615999937057495
v 9.762900352478027 6.736299991607666 -5.670000076293945
v 9.434900283813477 -7.381700038909912 -0.6399999856948853
v 9.368900299072266 -6.701700210571289 -2.365999937057495
v 9.218899726867676 -8.02970027923584 3.1500000953674316
v 9.092900276184082 -8.259699821472168 1.3040000200271606
v 9.350899696350098 -7.765699863433838 1.3200000524520874
v 9.750900268554688 -5.779699802398682 4.708000183105469
v 9.748900413513184 -7.7256999015808105 6.245999813079834
v 9.510899543762207 -7.239699840545654 3.4639999866485596
v 8.850899696350098 -8.587699890136719 2.888000011444092
v 7.162899971008301 -9.557700157165527 -3.4140000343322754
v 6.008900165557861 -9.371700286865234 -1.1660000085830688
v 5.428899765014648 -9.29170036315918 -0.36399999260902405
v 5.298900127410889 -9.311699867248535 -1.2740000486373901
v 6.910900115966797 -9.417699813842773 -2.2939999103546143
v 8.534899711608887 -8.929699897766113 3.3499999046325684
v 3.844899892807007 -9.777700424194336 -2.805999994277954
v 3.4428999423980713 -9.573699951171875 -1.2740000486373901
v 2.7569000720977783 -9.687700271606445 -1.6720000505447388
v 9.640899658203125 -8.287699699401855 6.392000198364258
v 5.750899791717529 -9.429699897766113 -1.7699999809265137
v 7.446899890899658 -9.557700157165527 -4.138000011444092
v 9.386899948120117 -7.74370002746582 3.8239998817443848
v 6.790900230407715 -9.609700202941895 -5.159999847412109
v 8.850899696350098 -8.91569995880127 5.188000202178955
v 8.362899780273438 -9.253700256347656 5.052000045776367
v 9.556900024414062 -7.967700004577637 5.730000019073486
v 7.848899841308594 -9.515700340270996 5.170000076293945
v 9.262900352478027 -8.127699851989746 0.7879999876022339
v 4.558899879455566 -9.387700080871582 0.6860010027885437
v 6.1168999671936035 -9.581700325012207 2.002000093460083
v 3.832900047302246 -9.673700332641602 1.9019999504089355
v 1.9829000234603882 -9.735699653625488 -2.7939999103546143
v 7.6869001388549805 -9.46969985961914 -3.8940000534057617
v 8.18690013885498 -9.387700080871582 -4.492000102996826
v 6.564899921417236 -9.399700164794922 -1.6139999628067017
v 6.190899848937988 -9.491700172424316 -2.299999952316284
v 8.896900177001953 -8.597700119018555 -0.621999979019165
v 8.356900215148926 -8.98169994354248 0.7660009860992432
v 6.732900142669678 -9.769700050354004 3.502000093460083
v 6.308899879455566 -9.825699806213379 3.615999937057495
v -3.0831000804901123 -9.609700202941895 3.437999963760376
v -4.001100063323975 -9.35770034790039 3.7760000228881836
v -3.9591000080108643 -9.397700309753418 2.9660000801086426
v 3.140899896621704 -9.61970043182373 3.7300000190734863
v 3.4928998947143555 -9.691699981689453 2.384000062942505
v 4.396900177001953 -9.685700416564941 3.0280001163482666
v 6.44290018081665 -9.793700218200684 4.044000148773193
v 5.9268999099731445 -9.835700035095215 4.699999809265137
v 5.780900001525879 -9.797699928283691 3.822000026702881
v 4.160900115966797 -9.573699951171875 1.2979999780654907
v 3.0629000663757324 -9.705699920654297 0.7540010213851929
v 7.7469000816345215 -9.273699760437012 1.444000005722046
v 7.134900093078613 -9.695699691772461 3.7699999809265137
v 7.256899833679199 -9.353699684143066 1.0540000200271606
v 8.67490005493164 -8.765700340270996 -0.9399999976158142
v 4.706900119781494 -9.661700248718262 2.375999927520752
v 8.890899658203125 -8.527700424194336 1.215999960899353
v 6.908899784088135 -9.775699615478516 5.110000133514404
v 7.44890022277832 -9.631699562072754 4.973999977111816
v 8.344900131225586 -9.513699531555176 -5.013999938964844
v 7.910900115966797 -9.587699890136719 -4.973999977111816
v 8.590900421142578 -8.737700462341309 -3.614000082015991
v 8.212900161743164 -9.155699729919434 -3.75600004196167
v 7.716899871826172 -9.451700210571289 3.305999994277954
v 8.606900215148926 -9.417699813842773 -6.449999809265137
v 4.980899810791016 -9.305700302124023 -0.6499999761581421
v 8.520899772644043 -8.761699676513672 -1.555999994277954
v 8.824899673461914 -8.461700439453125 -1.5219999551773071
v -3.547100067138672 -9.61769962310791 4.26800012588501
v -3.4611001014709473 -9.721699714660645 5
v -4.357100009918213 -9.361700057983398 4.645999908447266
v 5.826900005340576 -9.947699546813965 -6.605999946594238
v 4.124899864196777 -9.407699584960938 -0.2579990029335022
v 4.400899887084961 -9.411700248718262 -1.3140000104904175
v 6.9369001388549805 -9.727700233459473 4.203999996185303
v 8.326899528503418 -9.463700294494629 -5.578000068664551
v 9.090900421142578 -7.90369987487793 -4.107999801635742
v 9.476900100708008 -7.317699909210205 -5.492000102996826
v 9.638899803161621 -7.179699897766113 -6.202000141143799
v 9.742899894714355 -6.673699855804443 -6.182000160217285
v 4.6809000968933105 9.22029972076416 -1.8040000200271606
v 9.696900367736816 -4.697700023651123 -4.7179999351501465
v 9.93690013885498 -5.99370002746582 -6.863999843597412
v 9.262900352478027 -8.271699905395508 -6.176000118255615
v 9.362899780273438 -7.721700191497803 -5.193999767303467
v 9.18690013885498 -8.353699684143066 -5.368000030517578
v 3.8849000930786133 -9.921699523925781 -6.625999927520752
v 9.052900314331055 -8.043700218200684 -1.690000057220459
v 8.93690013885498 -8.423700332641602 -4.300000190734863
v 6.318900108337402 -10.001700401306152 -7.0320000648498535
v 8.034899711608887 -9.071700096130371 -2.431999921798706
v 8.804900169372559 -9.413700103759766 -6.77400016784668
v 1.4569000005722046 -9.999699592590332 -7.033999919891357
v 2.4289000034332275 -9.997699737548828 -7.035999774932861
v -3.8891000747680664 -10.001700401306152 -7.498000144958496
v -2.4310998916625977 -10.001700401306152 -7.5
v -2.675100088119507 -10.001700401306152 -7.265999794006348
v 7.748899936676025 -9.3016996383667 -3.118000030517578
v 5.34689998626709 -10.001700401306152 -7.0320000648498535
v 5.968900203704834 -9.947699546813965 5.868000030517578
v 5.752900123596191 -9.797699928283691 -5.5879998207092285
v 7.508900165557861 -9.295700073242188 -2.3980000019073486
v 0.924901008605957 -9.923700332641602 -6.605999946594238
v 0.008900639601051807 -9.833700180053711 -5.642000198364258
v -0.08509919792413712 -9.893699645996094 -6.452000141143799
v 3.400899887084961 -9.997699737548828 -7.033999919891357
v 0.9709010124206543 -10.001700401306152 -7.5
v -1.219099998474121 -9.99370002746582 -7.25600004196167
v -0.9270989894866943 -9.93970012664795 -7.297999858856201
v -9.567099571228027 -4.963699817657471 -1.0119999647140503
v -9.527099609375 -5.375699996948242 -1.1979999542236328
v -9.423100471496582 -5.599699974060059 -0.9380000233650208
v 9.898900032043457 -7.253699779510498 -7.065999984741211
v 9.774900436401367 -7.181700229644775 -6.633999824523926
v -4.191100120544434 -9.691699981689453 -3.681999921798706
v -4.191100120544434 -9.753700256347656 -4.703999996185303
v -2.8131000995635986 -9.711700439453125 -4.619999885559082
v 0.6349009871482849 -9.84570026397705 -7.492000102996826
v 2.2288999557495117 9.326299667358398 -1.5880000591278076
v -1.945099949836731 -9.997699737548828 -7.49399995803833
v 3.1328999996185303 -9.737700462341309 -5.440000057220459
v 1.492900013923645 -9.785699844360352 -5.136000156402588
v 0.5249000191688538 -9.67770004272461 -4.28000020980835
v -5.699100017547607 -9.395700454711914 0.04400010034441948
v -6.579100131988525 -9.18970012664795 0.6000000238418579
v -6.495100021362305 -9.16569995880127 0.1040010005235672
v -5.651100158691406 -9.377699851989746 0.5879999995231628
v -2.9330999851226807 -9.659700393676758 -3.6760001182556152
v -2.3190999031066895 -9.60569953918457 -2.4059998989105225
v 1.0408999919891357 -9.87969970703125 -0.44199898838996887
v 1.868899941444397 -9.749699592590332 -1.784000039100647
v -2.925100088119507 -9.9576997756958 -7.033999919891357
v -1.37909996509552 -9.527700424194336 -3.7980000972747803
v -0.41909900307655334 -9.52970027923584 -3.7760000228881836
v 1.1229000091552734 -9.895700454711914 0.04400010034441948
v -5.715099811553955 -9.375699996948242 -0.9160000085830688
v -1.8391000032424927 -9.603699684143066 -4.216000080108643
v -2.3931000232696533 -9.787699699401855 -5.607999801635742
v -1.3770999908447266 -9.91569995880127 -7.466000080108643
v -6.699100017547607 -9.599699974060059 -4.860000133514404
v -7.493100166320801 -9.687700271606445 -5.434000015258789
v -5.859099864959717 -9.79170036315918 -5.630000114440918
v -5.8190999031066895 -9.959699630737305 -7.3979997634887695
v -2.1891000270843506 -10.001700401306152 -7.265999794006348
v -1.2010999917984009 -9.961700439453125 -6.783999919891357
v -0.6050999760627747 -9.841699600219727 1.3880000114440918
v -6.127099990844727 -8.995699882507324 1.9600000381469727
v -6.715099811553955 -8.977700233459473 1.100000023841858
v -9.635100364685059 -6.149700164794922 -3.2780001163482666
v -9.52910041809082 -5.603700160980225 -2.578000068664551
v -9.56309986114502 -5.423699855804443 -3.25600004196167
v -2.033099889755249 -9.733699798583984 1.8559999465942383
v -1.9491000175476074 -9.817700386047363 3.635999917984009
v -3.3111000061035156 -9.5516996383667 2.5360000133514404
v -2.5090999603271484 -9.655699729919434 -1.5700000524520874
v -5.66510009765625 -9.015700340270996 2.75600004196167
v -5.517099857330322 -9.523699760437012 -2.109999895095825
v 5.540900230407715 9.408300399780273 -2.2219998836517334
v -7.167099952697754 -8.681699752807617 -0.42799898982048035
v -7.575099945068359 -8.423700332641602 0.04600049927830696
v -7.617099761962891 -8.269700050354004 -0.6420000195503235
v -6.163099765777588 -9.233699798583984 -0.4740000069141388
v 0.8928999900817871 -9.843700408935547 1.3600000143051147
v 2.524899959564209 -9.823699951171875 1.0399999618530273
v 5.3668999671936035 9.662300109863281 0.5099999904632568
v 2.2369000911712646 9.344300270080566 0.40400001406669617
v 1.3449000120162964 9.434300422668457 -0.07399989664554596
v 0.834900975227356 9.502300262451172 0.9360010027885437
v 2.824899911880493 -9.609700202941895 3.3559999465942383
v -2.8271000385284424 -9.835700035095215 5.309999942779541
v -4.119100093841553 -9.839699745178223 6.561999797821045
v 1.526900053024292 -9.745699882507324 2.6740000247955322
v 1.0708999633789062 -9.841699600219727 5.059999942779541
v -6.267099857330322 -8.739700317382812 5.323999881744385
v -8.791099548339844 -6.945700168609619 4.182000160217285
v -9.615099906921387 -6.809700012207031 -6.144000053405762
v -9.839099884033203 -6.869699954986572 -6.664000034332275
v -9.76710033416748 -7.3516998291015625 -6.145999908447266
v -8.925100326538086 -9.215700149536133 -5.702000141143799
v -9.995100021362305 -6.801700115203857 -7.498000144958496
v -9.359100341796875 9.318300247192383 -7.223999977111816
v -9.067099571228027 9.564299583435059 -7.22599983215332
v -9.70110034942627 -8.77970027923584 -6.631999969482422
v -7.9471001625061035 -8.555700302124023 7.136000156402588
v -5.359099864959717 -8.925700187683105 4.355999946594238
v -9.895099639892578 8.372300148010254 -7.046000003814697
v -8.491100311279297 9.878299713134766 -7.5
v -9.609100341796875 8.618300437927246 -6.188000202178955
v -9.751099586486816 8.290300369262695 -6.28000020980835
v -6.127099990844727 -8.697699546813965 3.628000020980835
v -6.809100151062012 -8.36769962310791 4.0980000495910645
v -7.89109992980957 -7.885700225830078 3.171999931335449
v -9.151100158691406 -5.845699787139893 6.940000057220459
v -8.96310043334961 -6.763700008392334 6.6519999504089355
v -6.6890997886657715 -8.975700378417969 -0.7200000286102295
v -8.525099754333496 -7.4156999588012695 7.021999835968018
v -6.033100128173828 -9.319700241088867 -1.5679999589920044
v -6.695099830627441 -9.015700340270996 6.25
v -7.117099761962891 -8.547699928283691 5.769999980926514
v -9.173100471496582 4.240300178527832 6.550000190734863
v -9.353099822998047 3.790299892425537 6.205999851226807
v -9.961099624633789 -8.093700408935547 -6.872000217437744
v -6.89709997177124 -9.065699577331543 0.49799999594688416
v -9.985099792480469 7.8343000411987305 -7.064000129699707
v -9.871100425720215 7.786300182342529 -6.699999809265137
v -9.217100143432617 -6.461699962615967 -1.9420000314712524
v -9.175100326538086 -7.253699779510498 -2.881999969482422
v -7.461100101470947 -8.54170036315918 1.440000057220459
v -9.64109992980957 -6.2957000732421875 -6.251999855041504
v -7.217100143432617 -9.065699577331543 -3.2899999618530273
v -7.89709997177124 -9.587699890136719 -7.480000019073486
v -9.633099555969238 -6.323699951171875 -5.714000225067139
v -9.80109977722168 -5.457699775695801 -6.205999851226807
v -7.331099987030029 -8.77970027923584 0.9980000257492065
v -8.935099601745605 9.402299880981445 -5.921999931335449
v -8.181099891662598 -7.759699821472168 7.245999813079834
v -9.639100074768066 -6.825699806213379 -5.690000057220459
v -9.261099815368652 -7.597700119018555 -3.7860000133514404
v -8.081100463867188 -7.9197001457214355 -1.777999997138977
v -7.767099857330322 -8.11970043182373 -1.2380000352859497
v -9.389100074768066 -4.74970006942749 -3.124000072479248
v -9.645099639892578 -5.2677001953125 -4.234000205993652
v -8.227100372314453 -7.559700012207031 -0.23199999332427979
v -8.985099792480469 -6.271699905395508 0.28999999165534973
v -8.673100471496582 -8.025699615478516 -3.240000009536743
v -8.365099906921387 -7.4197001457214355 0.6579999923706055
v -8.03909969329834 -7.9217000007629395 0.3020009994506836
v -8.187100410461426 -7.963699817657471 0.9000009894371033
v -8.10509967803955 -9.771699905395508 -5.906000137329102
v -6.233099937438965 -8.61769962310791 4.5320000648498535
v -9.77910041809082 8.324299812316895 -6.723999977111816
v -9.625100135803223 -3.95770001411438 0.8519999980926514
v -9.791099548339844 -1.3116999864578247 2.23799991607666
v -8.897100448608398 -6.837699890136719 5.214000225067139
v -9.317099571228027 -6.507699966430664 5.9720001220703125
v -8.429100036621094 -7.651700019836426 1.9019999504089355
v -8.761099815368652 -9.711700439453125 -6.98199987411499
v -7.837100028991699 -9.8016996383667 -5.783999919891357
v -7.119100093841553 -8.263699531555176 4.857999801635742
v -7.669099807739258 -9.877699851989746 -6.828000068664551
v -7.271100044250488 -8.873700141906738 0.6340010166168213
v -7.7530999183654785 -8.04170036315918 5.464000225067139
v -9.293100357055664 -5.727700233459473 1.8259999752044678
v -8.973099708557129 -6.289700031280518 0.8820000290870667
v -8.495100021362305 -7.6057000160217285 1.3179999589920044
v -8.109100341796875 -8.14169979095459 1.4700000286102295
v -8.065099716186523 -7.777699947357178 -0.8140000104904175
v -7.097099781036377 -8.84570026397705 0.1420000046491623
v 6.326900005340576 9.628299713134766 -1.3580000400543213
v -7.749100208282471 -8.525699615478516 0.828000009059906
v -9.559100151062012 -4.839700222015381 -0.0799994021654129
v -9.631099700927734 -4.385700225830078 0.33799999952316284
v -9.577099800109863 -4.407700061798096 -0.5199999809265137
v -8.429100036621094 -9.78969955444336 -7.420000076293945
v -9.803099632263184 -8.667699813842773 -6.894000053405762
v -9.365099906921387 -3.93969988822937 -3.1619999408721924
v -9.599100112915039 -2.3696999549865723 -3.3359999656677246
v -6.531099796295166 -9.433699607849121 -3.8480000495910645
v -9.221099853515625 9.274299621582031 -6.710000038146973
v -8.821100234985352 -6.651700019836426 1.2200000286102295
v -9.44909954071045 -6.157700061798096 -2.4200000762939453
v -9.37909984588623 -6.2316999435424805 6.315999984741211
v -9.615099906921387 -5.729700088500977 5.98199987411499
v -9.349100112915039 -6.1057000160217285 5.3979997634887695
v -8.739100456237793 9.728300094604492 -6.992000102996826
v -9.36709976196289 -2.95770001411438 -2.5999999046325684
v -9.375100135803223 -2.7256999015808105 -2.315999984741211
v -9.469099998474121 -4.983699798583984 -2.690000057220459
v -9.387100219726562 -5.4756999015808105 -0.08999969810247421
v -9.595100402832031 -4.789700031280518 0.37400099635124207
v -9.167099952697754 -6.383699893951416 3.5759999752044678
v -9.433099746704102 -5.741700172424316 -1.878000020980835
v -9.495100021362305 -4.99970006942749 -1.996000051498413
v -9.5871000289917 -5.39769983291626 6.808000087738037
v -9.425100326538086 -5.871699810028076 6.576000213623047
v -9.86709976196289 -4.449699878692627 -6.77400016784668
v -9.931099891662598 -3.9056999683380127 -6.510000228881836
v -9.645099639892578 8.254300117492676 -5.443999767303467
v -9.51509952545166 -3.461699962615967 0.008000370115041733
v -9.567099571228027 -6.057700157165527 -2.8239998817443848
v -9.723099708557129 -5.877699851989746 -3.8940000534057617
v -8.671099662780762 -7.383699893951416 1.6979999542236328
v -8.791099548339844 -7.031700134277344 2.058000087738037
v -8.357099533081055 9.876299858093262 -7.033999919891357
v -9.795100212097168 -4.931700229644775 6.48799991607666
v -9.487099647521973 -4.943699836730957 7
v -9.685099601745605 -5.879700183868408 -4.676000118255615
v -9.719099998474121 -5.331699848175049 -5.185999870300293
v -9.697099685668945 -0.8776999711990356 -1.8639999628067017
v -9.647100448608398 -0.8836989998817444 -0.043999701738357544
v -9.161100387573242 -6.257699966430664 2.1600000858306885
v -2.4310998916625977 -9.947699546813965 -7.0320000648498535
v -2.1891000270843506 -9.823699951171875 -6.796000003814697
v -2.675100088119507 -9.871700286865234 -6.800000190734863
v -7.115099906921387 -9.413700103759766 -4.355999946594238
v -9.943099975585938 -7.679699897766113 -6.834000110626221
v 5.94290018081665 9.44629955291748 -3.6480000019073486
v -9.231100082397461 -2.0436999797821045 7.125999927520752
v -9.595100402832031 -2.4716999530792236 6.823999881744385
v -9.455100059509277 -2.9776999950408936 7.013999938964844
v -9.259099960327148 -3.9837000370025635 7.138000011444092
v -9.573100090026855 -5.427700042724609 5.248000144958496
v -9.409099578857422 -5.835700035095215 2.99399995803833
v -9.599100112915039 -5.215700149536133 3.619999885559082
v -9.787099838256836 -3.9056999683380127 6.492000102996826
v -9.85509967803955 -3.95169997215271 5.682000160217285
v -9.803099632263184 -4.071700096130371 4.7220001220703125
v -9.207099914550781 -6.1656999588012695 6.734000205993652
v -9.645099639892578 -4.955699920654297 4.630000114440918
v -9.671099662780762 -1.0377000570297241 6.434000015258789
v -9.547100067138672 -1.5256999731063843 6.785999774932861
v -9.395099639892578 -1.0636999607086182 6.97599983215332
v -9.297100067138672 -6.025700092315674 4.561999797821045
v -9.843099594116211 -2.4256999492645264 6.072000026702881
v -9.793100357055664 -1.0276999473571777 3.75600004196167
v -9.335100173950195 -4.009699821472168 -2.4579999446868896
v -9.369099617004395 9.008299827575684 -6.27400016784668
v -9.815099716186523 -1.0217000246047974 5.590000152587891
v -9.785099983215332 -0.09969999641180038 5.989999771118164
v -9.923100471496582 -5.107699871063232 -6.918000221252441
v -1.945099949836731 -9.945699691772461 -7.0320000648498535
v -9.239100456237793 7.624300003051758 1.3600000143051147
v -9.827099800109863 1.952299952507019 5.800000190734863
v -9.869099617004395 0.9063010215759277 5.5960001945495605
v -9.589099884033203 0.8603000044822693 6.308000087738037
v -9.647100448608398 -4.433700084686279 6.826000213623047
v -9.729100227355957 2.856300115585327 -0.9160000085830688
v -9.649100303649902 1.0123000144958496 0.00200033001601696
v -9.775099754333496 2.434299945831299 0.03400040045380592
v -9.821100234985352 -0.013699499890208244 2.369999885559082
v -9.613100051879883 -2.377700090408325 0.7879999876022339
v -9.585100173950195 -3.4737000465393066 0.42000100016593933
v -9.793100357055664 1.4723000526428223 2.364000082015991
v -9.745100021362305 1.9422999620437622 0.984000027179718
v -9.857099533081055 -4.39769983291626 6.107999801635742
v -9.829099655151367 0.9283000230789185 4.760000228881836
v -9.795100212097168 5.924300193786621 -7.388000011444092
v -8.957099914550781 6.866300106048584 -7.480000019073486
v -9.685099601745605 0.03630070015788078 -4.296000003814697
v -9.695099830627441 -0.9656999707221985 -2.759999990463257
v -9.729100227355957 1.8662999868392944 -3.8480000495910645
v -8.461099624633789 8.730299949645996 -3.374000072479248
v -7.7571001052856445 8.99429988861084 -2.890000104904175
v -9.719099998474121 -3.023699998855591 -7.171999931335449
v -9.735099792480469 2.5223000049591064 -3.2339999675750732
v -9.823100090026855 1.5062999725341797 -2.4159998893737793
v -9.809100151062012 2.364300012588501 -2.509999990463257
v -9.953100204467773 6.350299835205078 -6.973999977111816
v -9.703100204467773 -1.891700029373169 -3.805999994277954
v -9.795100212097168 -0.9656999707221985 -4.785999774932861
v -9.793100357055664 1.8882999420166016 -4.808000087738037
v -9.365099906921387 5.752299785614014 -1.3860000371932983
v -9.42710018157959 5.8302998542785645 -2.8440001010894775
v -9.543100357055664 4.396299839019775 -2.388000011444092
v -9.777099609375 3.3942999839782715 0.4519999921321869
v -9.61709976196289 3.8903000354766846 -1.3899999856948853
v -9.559100151062012 4.09630012512207 -0.722000002861023
v -9.459099769592285 4.562300205230713 -0.7279999852180481
v -9.733099937438965 3.3503000736236572 3.0260000228881836
v -9.711099624633789 3.748300075531006 2.01200008392334
v -9.749099731445312 3.626300096511841 0.24400000274181366
v -9.607099533081055 3.800299882888794 5.6620001792907715
v -9.715100288391113 3.54229998588562 5.363999843597412
v -9.729100227355957 3.0822999477386475 5.535999774932861
v -9.443099975585938 2.9502999782562256 6.196000099182129
v -9.82509994506836 2.5703001022338867 5.104000091552734
v -9.681099891662598 3.4442999362945557 4.23799991607666
v -9.305100440979004 5.00029993057251 5.796000003814697
v -9.44909954071045 5.860300064086914 5.808000087738037
v -9.385100364685059 5.138299942016602 4.822000026702881
v -9.46310043334961 5.652299880981445 -0.021999800577759743
v -9.67710018157959 3.2623000144958496 -3.2980000972747803
v -9.565099716186523 5.3282999992370605 -4.785999774932861
v -9.001099586486816 7.220300197601318 -1.4759999513626099
v -9.163100242614746 7.004300117492676 -2.361999988555908
v -9.419099807739258 7.172299861907959 -4.046000003814697
v -9.127099990844727 7.6442999839782715 -3.2739999294281006
v -8.937100410461426 7.492300033569336 -1.934000015258789
v -8.975099563598633 8.0423002243042 1.527999997138977
v -7.961100101470947 8.624300003051758 -0.7580000162124634
v -7.5131001472473145 9.028300285339355 -2.25
v -9.52910041809082 5.878300189971924 4.605999946594238
v -9.527099609375 6.656300067901611 4.579999923706055
v -9.081100463867188 7.802299976348877 1.9839999675750732
v -9.473099708557129 6.638299942016602 -3.9600000381469727
v -9.607099533081055 7.876299858093262 -5.001999855041504
v -9.547100067138672 7.2042999267578125 -4.578000068664551
v -9.44909954071045 2.984299898147583 -7.498000144958496
v -9.425100326538086 3.4502999782562256 -7.4720001220703125
v -8.985099792480469 4.002299785614014 -7.460000038146973
v -9.627099990844727 3.926300048828125 -7.340000152587891
v -9.759099960327148 4.400300025939941 -7.320000171661377
v -9.43910026550293 4.4542999267578125 -7.48799991607666
v -9.941100120544434 5.354300022125244 -6.593999862670898
v -9.847100257873535 7.046299934387207 -5.9720001220703125
v -9.763099670410156 7.560299873352051 -5.297999858856201
v -9.983099937438965 -0.48570001125335693 -6.105999946594238
v -9.923100471496582 1.618299961090088 -6.026000022888184
v -9.917099952697754 3.1463000774383545 -6.202000141143799
v -9.625100135803223 5.814300060272217 -5.23199987411499
v -9.321100234985352 -4.27370023727417 -2.869999885559082
v -9.881099700927734 -4.681700229644775 -6.375999927520752
v -9.901100158691406 -3.455699920654297 -6.938000202178955
v -9.679100036621094 -4.781700134277344 -4.684000015258789
v -9.139100074768066 5.110300064086914 6.432000160217285
v -9.145099639892578 4.686299800872803 6.584000110626221
v -9.287099838256836 0.7523000240325928 6.881999969482422
v -9.247099876403809 5.5843000411987305 6.3420000076293945
v -9.535099983215332 5.028299808502197 0.7680010199546814
v -9.565099716186523 6.216300010681152 1.5379999876022339
v -9.633099555969238 3.8922998905181885 5.1539998054504395
v -9.443099975585938 4.296299934387207 4.306000232696533
v -9.371100425720215 4.826300144195557 5.0279998779296875
v -9.407099723815918 5.252299785614014 2.680000066757202
v -8.259099960327148 8.39430046081543 -0.21400000154972076
v -9.437100410461426 4.848299980163574 2.6640000343322754
v -9.607099533081055 4.24429988861084 1.9160000085830688
v -9.281100273132324 5.278299808502197 6.01800012588501
v -9.495100021362305 6.152299880981445 2.7920000553131104
v -8.487099647521973 8.872300148010254 4.067999839782715
v -9.495100021362305 6.972300052642822 5.026000022888184
v -8.965100288391113 6.970300197601318 7.22599983215332
v -9.329099655151367 4.406300067901611 6.065999984741211
v -9.603099822998047 -0.10570000112056732 6.395999908447266
v -9.331100463867188 7.2042999267578125 0.9940000176429749
v -9.409099578857422 6.968299865722656 2.328000068664551
v -9.309100151062012 7.654300212860107 4.251999855041504
v -9.30109977722168 7.600299835205078 5.038000106811523
v -9.025099754333496 8.14229965209961 4.611999988555908
v -9.399100303649902 6.022299766540527 6.197999954223633
v -9.419099807739258 7.470300197601318 6.453999996185303
v -9.51509952545166 7.100299835205078 5.9720001220703125
v -9.691100120544434 -1.9837000370025635 6.49399995803833
v -9.769100189208984 -2.9137001037597656 6.501999855041504
v -9.87909984588623 -2.8617000579833984 6.072000026702881
v -9.36709976196289 4.912300109863281 -7.441999912261963
v -9.601099967956543 6.722300052642822 -4.8480000495910645
v -9.783100128173828 2.876300096511841 -7.3480000495910645
v -9.637100219726562 3.178299903869629 -7.429999828338623
v -3.985100030899048 9.590299606323242 7.076000213623047
v -4.30709981918335 9.76830005645752 6.783999919891357
v -4.935100078582764 9.670299530029297 6.9679999351501465
v -6.799099922180176 9.552300453186035 3.881999969482422
v -9.171099662780762 7.23829984664917 7.026000022888184
v -8.64109992980957 8.47029972076416 -3.194000005722046
v -8.631099700927734 9.112299919128418 -4.771999835968018
v -8.62909984588623 9.53030014038086 -5.73199987411499
v -8.93910026550293 8.338299751281738 3.690000057220459
v -8.021100044250488 9.178299903869629 -3.8320000171661377
v -8.12909984588623 9.398300170898438 -4.823999881744385
v -4.701099872589111 9.526300430297852 7.2220001220703125
v -7.223100185394287 9.214300155639648 -2.6700000762939453
v -7.471099853515625 8.972299575805664 -0.6359999775886536
v -7.275100231170654 9.172300338745117 0.2199999988079071
v -6.983099937438965 9.236300468444824 -0.4779999852180481
v -1.9311000108718872 9.856300354003906 -5.573999881744385
v -2.463099956512451 9.914299964904785 -6.803999900817871
v -4.295100212097168 9.75629997253418 -6.170000076293945
v -6.89109992980957 9.282299995422363 -1.3860000371932983
v -7.80709981918335 8.7923002243042 -0.11800000071525574
v -6.669099807739258 9.53030014038086 -3.74399995803833
v -3.8710999488830566 9.726300239562988 -3.2320001125335693
v -1.8950999975204468 9.852299690246582 -4.283999919891357
v -5.3190999031066895 9.670299530029297 -4.23799991607666
v -3.9530999660491943 9.722299575805664 -1.899999976158142
v -7.969099998474121 8.896300315856934 0.8500000238418579
v -9.841099739074707 1.954300045967102 -7.377999782562256
v -9.681099891662598 2.0202999114990234 -7.486000061035156
v -9.90310001373291 1.392300009727478 -6.546000003814697
v -9.967100143432617 0.49230000376701355 -7.48199987411499
v -9.395099639892578 7.532299995422363 5.638000011444092
v -6.55709981918335 9.466300010681152 2.569999933242798
v -5.631100177764893 9.600299835205078 2.25
v -8.985099792480469 8.512299537658691 7.084000110626221
v -9.21310043334961 7.718299865722656 6.855999946594238
v -8.521100044250488 9.03030014038086 6.553999900817871
v -8.62909984588623 8.802300453186035 5.984000205993652
v -9.027099609375 8.124300003051758 5.118000030517578
v -6.675099849700928 9.416299819946289 0.9500010013580322
v -2.963099956512451 9.63029956817627 7.065999984741211
v -7.837100028991699 9.222299575805664 4.644000053405762
v -7.231100082397461 9.53030014038086 6.044000148773193
v -9.193099975585938 7.920300006866455 3.621999979019165
v -8.35509967803955 9.254300117492676 6.892000198364258
v -9.425100326538086 7.404300212860107 3.686000108718872
v 0.9529010057449341 9.690299987792969 5.133999824523926
v -9.263099670410156 5.906300067901611 6.581999778747559
v -9.099100112915039 8.160300254821777 4.0879998207092285
v -6.209099769592285 9.74429988861084 6.453999996185303
v -0.5110989809036255 9.65429973602295 5.234000205993652
v -1.9771000146865845 9.812299728393555 6.426000118255615
v -8.77910041809082 8.976300239562988 7.085999965667725
v -7.837100028991699 9.212300300598145 5.395999908447266
v -5.429100036621094 9.754300117492676 6.742000102996826
v -4.803100109100342 9.6983003616333 0.016000300645828247
v -9.39109992980957 4.544300079345703 5.581999778747559
v -0.8190990090370178 9.568300247192383 1.9420000314712524
v 4.84089994430542 9.650300025939941 4.216000080108643
v 4.872900009155273 9.740300178527832 1.8619999885559082
v -0.4871000051498413 9.816300392150879 -4.228000164031982
v 0.9829009771347046 9.76830005645752 -5.1020002365112305
v 2.6809000968933105 9.614299774169922 5.361999988555908
v 3.446899890899658 9.624300003051758 5.223999977111816
v 7.5528998374938965 9.736300468444824 -0.3099989891052246
v 6.214900016784668 9.728300094604492 4.564000129699707
v 4.85290002822876 9.966300010681152 7.047999858856201
v 6.944900035858154 9.798299789428711 2.802000045776367
v 7.386899948120117 9.680299758911133 -3.2880001068115234
v 6.314899921417236 9.752300262451172 0.01200059987604618
v 5.916900157928467 9.488300323486328 -3.2039999961853027
v 6.6768999099731445 9.914299964904785 -6.504000186920166
v 6.800899982452393 9.99429988861084 -7.461999893188477
v 9.998900413513184 4.860300064086914 -7.5
v 9.252900123596191 -8.74370002746582 -6.607999801635742
v 9.564900398254395 4.336299896240234 7.1519999504089355
v -8.925100326538086 4.532299995422363 6.900000095367432
v -9.497099876403809 5.022299766540527 1.6779999732971191
v -9.533100128173828 4.614299774169922 0.20800000429153442
v -9.895099639892578 2.8942999839782715 -6.980000019073486
v -9.845100402832031 2.4063000679016113 -7.360000133514404
v -9.89109992980957 2.602299928665161 -7.203999996185303
v -9.781100273132324 3.368299961090088 -7.302000045776367
v -9.805100440979004 5.332300186157227 -7.328000068664551
v -9.887100219726562 3.1342999935150146 -7.182000160217285
v -9.727100372314453 2.556299924850464 -7.460000038146973
v -9.835100173950195 3.8982999324798584 -6.995999813079834
v -9.719099998474121 4.884300231933594 -7.3420000076293945
v -9.821100234985352 3.6403000354766846 -7.177999973297119
v -9.839099884033203 4.872300148010254 -6.980000019073486
v -6.861100196838379 -5.77370023727417 31.809999465942383
v -6.315100193023682 -6.443699836730957 31.992000579833984
v 6.974899768829346 -6.139699935913086 32.45000076293945
v 7.244900226593018 -5.73769998550415 32.52799987792969
v 6.924900054931641 -6.26170015335083 32.91600036621094
v -4.645100116729736 7.302299976348877 33.5620002746582
v -4.747099876403809 6.9583001136779785 34.194000244140625
v -3.297100067138672 7.272299766540527 33.84400177001953
v -4.497099876403809 6.434299945831299 34.847999572753906
v -5.173099994659424 6.7322998046875 34.34600067138672
v -5.277100086212158 6.302299976348877 34.77399826049805
v -3.6970999240875244 7.064300060272217 34.36000061035156
v -3.303100109100342 6.952300071716309 34.57600021362305
v -3.859100103378296 5.916299819946289 35.099998474121094
v -2.4990999698638916 6.444300174713135 34.9739990234375
v -3.531100034713745 6.450300216674805 34.96799850463867
v -2.0090999603271484 7.1402997970581055 34.327999114990234
v -2.041100025177002 6.99429988861084 34.57400131225586
v -1.4571000337600708 6.940299987792969 34.59600067138672
v -2.425100088119507 6.900300025939941 34.65800094604492
v -2.7571001052856445 6.742300033569336 34.77000045776367
v -4.015100002288818 6.422299861907959 34.96799850463867
v -3.783099889755249 6.2683000564575195 35.03799819946289
v -4.709099769592285 6.240300178527832 34.90999984741211
v 1.5369000434875488 7.354300022125244 33.7599983215332
v 0.5629010200500488 7.220300197601318 34.11399841308594
v 2.0689001083374023 6.912300109863281 34.70199966430664
v -4.121099948883057 6.672299861907959 34.74399948120117
v -3.859100103378296 6.626299858093262 34.895999908447266
v -3.7111001014709473 6.818299770355225 34.72800064086914
v -5.175099849700928 7.110300064086914 33.69200134277344
v -5.273099899291992 5.992300033569336 34.88199996948242
v -5.631100177764893 6.23829984664917 34.66999816894531
v -4.795100212097168 5.5883002281188965 35.06399917602539
v -5.863100051879883 6.796299934387207 33.0260009765625
v -5.4471001625061035 7.056300163269043 33.50199890136719
v -5.343100070953369 7.200300216674805 32.9379997253418
v -5.053100109100342 7.318299770355225 32.74800109863281
v -4.327099800109863 7.34630012512207 33.4739990234375
v -4.407100200653076 7.434299945831299 32.15999984741211
v 4.9309000968933105 7.402299880981445 33.04999923706055
v 5.622900009155273 7.236299991607666 33.65800094604492
v 5.946899890899658 7.136300086975098 33.698001861572266
v -6.039100170135498 5.562300205230713 34.71799850463867
v -5.833099842071533 6.10230016708374 34.62799835205078
v 3.7388999462127686 7.50629997253418 32.683998107910156
v 3.722899913787842 7.438300132751465 32.34600067138672
v 2.726900100708008 7.396299839019775 32.198001861572266
v 4.744900226593018 7.378300189971924 33.66999816894531
v -0.2230989933013916 7.35230016708374 33.74800109863281
v -1.6511000394821167 7.2743000984191895 33.90599822998047
v -1.3271000385284424 7.186299800872803 34.141998291015625
v 3.2969000339508057 7.318299770355225 34.02799987792969
v 2.3008999824523926 7.5183000564575195 33.018001556396484
v -5.187099933624268 7.200300216674805 33.34400177001953
v -1.2431000471115112 7.366300106048584 32.72200012207031
v -1.351099967956543 7.310299873352051 32.310001373291016
v -2.419100046157837 7.364299774169922 32.59600067138672
v 1.4749000072479248 7.332300186157227 32.145999908447266
v 2.1068999767303467 7.526299953460693 32.81399917602539
v 2.5689001083374023 7.472300052642822 32.380001068115234
v 0.912900984287262 6.800300121307373 34.73400115966797
v 5.738900184631348 7.1402997970581055 33.95199966430664
v 6.162899971008301 6.990300178527832 33.80400085449219
v -0.27709999680519104 7.376299858093262 32.54999923706055
v 3.2569000720977783 7.220300197601318 34.305999755859375
v -5.781099796295166 -6.64169979095459 33.09199905395508
v -7.161099910736084 -5.097700119018555 32.34199905395508
v -5.861100196838379 -6.841700077056885 32.02199935913086
v 0.7049009799957275 7.382299900054932 33.69599914550781
v -2.229099988937378 7.326300144195557 33.422000885009766
v -5.309100151062012 7.202300071716309 32.560001373291016
v 0.45890000462532043 7.310299873352051 33.89400100708008
v 4.028900146484375 7.396299839019775 33.58399963378906
v -5.249100208282471 -6.967700004577637 33.31800079345703
v -5.163099765777588 -6.793700218200684 33.89400100708008
v 1.6409000158309937 6.776299953460693 34.832000732421875
v 1.12090003490448 6.526299953460693 34.98400115966797
v 1.332900047302246 6.302299976348877 35.11199951171875
v -0.41509899497032166 6.480299949645996 34.94599914550781
v 2.1189000606536865 7.070300102233887 34.433998107910156
v -3.853100061416626 7.386300086975098 32.13999938964844
v -4.535099983215332 7.348299980163574 31.98200035095215
v 5.35290002822876 7.032299995422363 34.439998626708984
v 5.204899787902832 7.3343000411987305 32.84199905395508
v 6.080900192260742 6.796299934387207 32.236000061035156
v 6.09089994430542 7.020299911499023 32.79199981689453
v 2.5589001178741455 5.5802998542785645 35.11800003051758
v 3.338900089263916 5.166299819946289 35.0880012512207
v 3.526900053024292 6.0903000831604 35.15399932861328
v -7.049099922180176 -0.8156999945640564 34.327999114990234
v -7.117099761962891 0.5083000063896179 34.74800109863281
v -7.249100208282471 0.6843000054359436 34.4900016784668
v -6.3190999031066895 4.780300140380859 34.75600051879883
v -6.617099761962891 5.1402997970581055 34.327999114990234
v -6.295100212097168 4.306300163269043 34.939998626708984
v -5.67110013961792 4.920300006866455 35.012001037597656
v -5.767099857330322 -6.239699840545654 34.0880012512207
v -6.1331000328063965 -5.453700065612793 34.65599822998047
v -6.291100025177002 -5.611700057983398 33.8380012512207
v 3.1349000930786133 6.72629976272583 34.9379997253418
v 3.646899938583374 7.154300212860107 34.43600082397461
v -7.243100166320801 -0.9696999788284302 33.69599914550781
v 1.4488999843597412 4.59630012512207 35.30400085449219
v -2.7651000022888184 5.946300029754639 35.077999114990234
v -2.1231000423431396 4.162300109863281 35.279998779296875
v 3.6048998832702637 7.004300117492676 34.698001861572266
v 2.598900079727173 6.402299880981445 35.141998291015625
v 3.9909000396728516 5.984300136566162 35.11600112915039
v -1.1210999488830566 6.466300010681152 34.95600128173828
v -0.36910000443458557 6.104300022125244 35.125999450683594
v -0.17709900438785553 6.3302998542785645 35.04999923706055
v -0.1370989978313446 5.868299961090088 35.18600082397461
v 0.4749009907245636 6.154300212860107 35.11600112915039
v 3.7888998985290527 6.366300106048584 35.08599853515625
v -6.005099773406982 -6.1596999168396 33.38800048828125
v -7.451099872589111 1.5902999639511108 31.719999313354492
v -7.419099807739258 1.1323000192642212 32.14400100708008
v -5.8171000480651855 6.306300163269043 34.391998291015625
v -6.605100154876709 5.4542999267578125 34.125999450683594
v -5.283100128173828 -0.45969998836517334 35.20199966430664
v -6.30109977722168 0.5543000102043152 35.183998107910156
v -5.957099914550781 -0.9696999788284302 35.104000091552734
v -7.0671000480651855 -1.229699969291687 34.06800079345703
v -7.0690999031066895 0.2563000023365021 34.768001556396484
v -6.863100051879883 -0.5336999893188477 34.66999816894531
v -7.207099914550781 1.176300048828125 34.47800064086914
v -7.049099922180176 1.4103000164031982 34.608001708984375
v -7.217100143432617 1.5242999792099 34.25199890136719
v 6.350900173187256 6.880300045013428 33.10599899291992
v -7.103099822998047 0.7182999849319458 34.736000061035156
v -6.255099773406982 5.60230016708374 34.5359992980957
v -6.91510009765625 0.4943000078201294 34.93000030517578
v -6.663099765777588 -1.919700026512146 34.4900016784668
v -6.487100124359131 -2.509700059890747 34.599998474121094
v -6.173099994659424 -2.507699966430664 34.93600082397461
v -7.351099967956543 0.4122999906539917 33.79600143432617
v -7.41510009765625 -0.39969998598098755 32.36600112915039
v -6.499100208282471 3.352299928665161 34.790000915527344
v -6.161099910736084 2.856300115585327 34.95800018310547
v -6.055099964141846 3.6963000297546387 34.939998626708984
v -6.599100112915039 0.48030000925064087 35.09400177001953
v -6.685100078582764 0.11430100351572037 35.007999420166016
v -6.707099914550781 3.992300033569336 34.7140007019043
v -6.55709981918335 3.9463000297546387 34.80799865722656
v -6.363100051879883 -0.7476999759674072 34.970001220703125
v -6.309100151062012 1.2403000593185425 35.125999450683594
v -6.357100009918213 2.03629994392395 35.029998779296875
v -5.957099914550781 1.8423000574111938 35.152000427246094
v -4.989099979400635 3.922300100326538 35.07600021362305
v -5.8871002197265625 4.3383002281188965 35.018001556396484
v -5.3171000480651855 4.882299900054932 35.11199951171875
v -4.445099830627441 5.180300235748291 35.12200164794922
v -6.347099781036377 6.474299907684326 33.04800033569336
v -6.235099792480469 6.572299957275391 32.790000915527344
v -6.877099990844727 -0.10570000112056732 34.8380012512207
v 5.726900100708008 7.016300201416016 34.2859992980957
v -5.381100177764893 6.950300216674805 33.805999755859375
v 6.344900131225586 6.864299774169922 32.742000579833984
v 6.980899810791016 -6.021699905395508 33.31800079345703
v 6.632900238037109 -5.579699993133545 34.43600082397461
v 6.514900207519531 -5.967700004577637 34.27399826049805
v 7.374899864196777 2.110300064086914 32.7760009765625
v 7.342899799346924 1.2143000364303589 33.17399978637695
v 7.32289981842041 0.7623000144958496 32.75600051879883
v 5.634900093078613 2.4482998847961426 35.02000045776367
v 6.1168999671936035 2.4542999267578125 34.88999938964844
v 6.028900146484375 3.2723000049591064 34.933998107910156
v 5.6809000968933105 4.046299934387207 35.018001556396484
v 4.978899955749512 1.176300048828125 35.16400146484375
v 6.19290018081665 5.642300128936768 34.939998626708984
v 6.1809000968933105 5.060299873352051 34.959999084472656
v 6.480899810791016 5.400300025939941 34.683998107910156
v 6.308899879455566 -5.361700057983398 34.847999572753906
v 6.422900199890137 -5.64769983291626 34.630001068115234
v 6.69890022277832 -6.417699813842773 33.43600082397461
v 7.06689977645874 3.050299882888794 34.060001373291016
v 6.368899822235107 4.5742998123168945 34.810001373291016
v 6.320899963378906 4.158299922943115 34.84199905395508
v 6.470900058746338 5.136300086975098 34.63800048828125
v 6.600900173187256 5.3383002281188965 34.25199890136719
v 6.396900177001953 5.570300102233887 34.763999938964844
v 6.396900177001953 6.592299938201904 34.12799835205078
v 6.1768999099731445 5.888299942016602 34.891998291015625
v 6.712900161743164 5.884300231933594 33.895999908447266
v -6.991099834442139 2.596299886703491 34.43000030517578
v -6.717100143432617 2.974299907684326 34.66999816894531
v -7.1971001625061035 3.612299919128418 34.15399932861328
v 5.820899963378906 6.25629997253418 34.95399856567383
v 4.9268999099731445 6.718299865722656 34.90999984741211
v 5.618899822235107 6.010300159454346 35.17599868774414
v 6.238900184631348 6.8242998123168945 34.04199981689453
v 6.414899826049805 6.692299842834473 33.90999984741211
v 6.918900012969971 5.464300155639648 33.3380012512207
v 6.7428998947143555 4.754300117492676 34.145999908447266
v 7.218900203704834 5.234300136566162 32.7140007019043
v 6.440899848937988 4.854300022125244 34.742000579833984
v 6.512899875640869 6.5243000984191895 32.391998291015625
v 5.850900173187256 6.84630012512207 34.44200134277344
v 6.1768999099731445 6.436299800872803 34.54999923706055
v 5.124899864196777 6.844299793243408 34.78200149536133
v -5.973100185394287 1.0882999897003174 35.20600128173828
v 5.958899974822998 5.98829984664917 35.029998779296875
v 6.832900047302246 6.138299942016602 33.17399978637695
v 7.146900177001953 0.5123000144958496 32.051998138427734
v 7.238900184631348 1.202299952507019 32.33599853515625
v 5.966899871826172 -4.299699783325195 34.9640007019043
v 6.420899868011475 -5.013700008392334 34.875999450683594
v 6.398900032043457 -4.187699794769287 34.790000915527344
v 6.844900131225586 6.168300151824951 32.86399841308594
v 6.530900001525879 6.686299800872803 32.858001708984375
v 7.318900108337402 1.6542999744415283 33.36399841308594
v 7.208899974822998 1.3003000020980835 33.6619987487793
v 6.980899810791016 -3.271699905395508 34.45399856567383
v 6.762899875640869 -4.013700008392334 34.560001373291016
v 7.020899772644043 -3.70169997215271 34.29199981689453
v 7.168900012969971 -5.883699893951416 32.84400177001953
v 7.268899917602539 -5.589700222015381 32.86800003051758
v 5.984899997711182 -6.531700134277344 34.29399871826172
v 5.104899883270264 -6.759699821472168 34.395999908447266
v 5.600900173187256 -6.927700042724609 33.9119987487793
v 6.35890007019043 -0.6736990213394165 34.88399887084961
v 6.732900142669678 -1.2776999473571777 34.59400177001953
v 6.504899978637695 -0.44369998574256897 34.77399826049805
v 7.296899795532227 2.2163000106811523 32.20000076293945
v -6.203100204467773 -3.641700029373169 34.90999984741211
v 7.356900215148926 4.066299915313721 33.32600021362305
v 7.342899799346924 3.0683000087738037 33.34600067138672
v 7.398900032043457 3.6982998847961426 33.05400085449219
v 7.388899803161621 -0.11569999903440475 33.13199996948242
v 7.276899814605713 0.4443010091781616 33.529998779296875
v 7.336900234222412 -0.8557000160217285 33.36399841308594
v 7.022900104522705 1.1342999935150146 34.03200149536133
v 6.8069000244140625 -0.4016999900341034 34.38399887084961
v 7.098899841308594 2.6582999229431152 34.02799987792969
v 7.35890007019043 2.0262999534606934 33.13399887084961
v 6.222899913787842 -5.167699813842773 34.92599868774414
v 5.976900100708008 -7.053699970245361 32.689998626708984
v 6.3709001541137695 -6.819699764251709 32.67599868774414
v 6.178899765014648 -6.969699859619141 32.875999450683594
v 6.130899906158447 1.5902999639511108 34.95000076293945
v 6.262899875640869 2.236299991607666 34.832000732421875
v 7.172900199890137 3.7123000621795654 33.86600112915039
v 7.044899940490723 4.110300064086914 34.066001892089844
v 7.368899822235107 -4.379700183868408 33.16600036621094
v 7.3709001541137695 -4.50570011138916 32.284000396728516
v 7.444900035858154 -2.7316999435424805 33.0099983215332
v 6.648900032043457 -4.327700138092041 34.64799880981445
v 6.970900058746338 -5.24970006942749 34.00199890136719
v 6.69290018081665 -4.939700126647949 34.59199905395508
v 7.140900135040283 1.982300043106079 33.880001068115234
v 7.388899803161621 -0.7957000136375427 32.97800064086914
v 6.8069000244140625 -1.8437000513076782 34.6879997253418
v 7.06689977645874 -1.129699945449829 34.04800033569336
v 3.532900094985962 -6.899700164794922 34.763999938964844
v 5.454899787902832 -7.239699840545654 33.44599914550781
v -6.3171000480651855 -4.367700099945068 34.73400115966797
v -6.547100067138672 -4.385700225830078 34.487998962402344
v 6.260900020599365 -6.321700096130371 34.2599983215332
v 6.0609002113342285 -6.00570011138916 34.69200134277344
v 5.970900058746338 -6.287700176239014 34.53200149536133
v 6.428899765014648 -6.787700176239014 32.97800064086914
v 6.3069000244140625 -6.769700050354004 33.486000061035156
v 6.298900127410889 0.15230000019073486 34.90800094604492
v 6.336900234222412 -0.24969999492168427 34.900001525878906
v -5.877099990844727 -3.825700044631958 35.125999450683594
v -5.777100086212158 -3.023699998855591 35.16999816894531
v 7.332900047302246 4.696300029754639 32.68199920654297
v 7.032899856567383 5.5883002281188965 32.290000915527344
v 5.752900123596191 5.2083001136779785 35.104000091552734
v 5.214900016784668 4.474299907684326 35.071998596191406
v 6.762899875640869 -2.385699987411499 34.7400016784668
v 7.042900085449219 -2.877700090408325 34.36199951171875
v 6.4328999519348145 0.3483000099658966 34.79999923706055
v 6.258900165557861 1.8063000440597534 34.874000549316406
v 6.158899784088135 0.7843000292778015 34.95000076293945
v 7.378900051116943 4.484300136566162 33.01599884033203
v 7.320899963378906 4.920300006866455 32.900001525878906
v 6.634900093078613 -2.017699956893921 34.810001373291016
v 6.664899826049805 -1.6437000036239624 34.731998443603516
v 7.204899787902832 -4.691699981689453 33.66400146484375
v 5.444900035858154 -7.2916998863220215 32.928001403808594
v 5.234899997711182 -7.353700160980225 33.183998107910156
v 4.104899883270264 -7.469699859619141 32.391998291015625
v 5.700900077819824 5.652299880981445 35.189998626708984
v 7.438899993896484 -2.135699987411499 32.810001373291016
v 7.402900218963623 -1.0356999635696411 33.145999908447266
v 5.958899974822998 4.542300224304199 34.99800109863281
v 6.07289981842041 0.3483000099658966 34.9739990234375
v 5.554900169372559 -7.277699947357178 33.194000244140625
v 5.69290018081665 -0.8937000036239624 35.04199981689453
v 6.1209001541137695 -1.3357000350952148 34.944000244140625
v -4.761099815368652 2.3942999839782715 35.215999603271484
v 6.820899963378906 1.2603000402450562 34.3120002746582
v -6.065100193023682 -6.6616997718811035 32.189998626708984
v 7.2469000816345215 -3.2857000827789307 33.742000579833984
v -7.143099784851074 -5.311699867248535 31.790000915527344
v -6.983099937438965 -5.501699924468994 31.558000564575195
v -6.5131001472473145 -5.1717000007629395 33.95600128173828
v -6.327099800109863 -5.199699878692627 34.54999923706055
v 2.1249001026153564 -7.287700176239014 34.082000732421875
v 1.402899980545044 -7.3557000160217285 33.34000015258789
v 2.650899887084961 -7.367700099945068 33.79800033569336
v 5.104899883270264 -6.215700149536133 34.90999984741211
v 4.94290018081665 -5.631700038909912 35.11800003051758
v 3.076900005340576 -6.247700214385986 35.16999816894531
v 3.3008999824523926 -5.221700191497803 35.2140007019043
v 2.196899890899658 -6.003699779510498 35.1619987487793
v 2.8229000568389893 -7.327700138092041 34.0260009765625
v 6.796899795532227 4.130300045013428 34.34400177001953
v 3.026900053024292 -6.819699764251709 34.96799850463867
v 3.078900098800659 -6.729700088500977 35.055999755859375
v 2.906899929046631 -6.685699939727783 35.11199951171875
v 4.888899803161621 -7.363699913024902 33.35200119018555
v 3.7328999042510986 -7.107699871063232 34.29999923706055
v 3.966900110244751 -7.2316999435424805 33.84600067138672
v 1.7288999557495117 -7.123700141906738 34.486000061035156
v 3.5508999824523926 -6.4197001457214355 35.051998138427734
v 2.826900005340576 -6.557700157165527 35.17399978637695
v 6.696899890899658 -6.515699863433838 32.566001892089844
v 6.212900161743164 -6.533699989318848 34.0359992980957
v 3.5648999214172363 -7.383699893951416 33.04600143432617
v 2.1249001026153564 -6.685699939727783 34.944000244140625
v 4.924900054931641 -6.091700077056885 35.02799987792969
v 5.396900177001953 -2.7857000827789307 35.13199996948242
v 0.45690101385116577 -6.957699775695801 34.316001892089844
v 1.3969000577926636 -7.021699905395508 34.560001373291016
v 0.9189000129699707 -6.809700012207031 34.624000549316406
v 2.1089000701904297 -7.063700199127197 34.652000427246094
v 1.6049000024795532 -6.357699871063232 35.02199935913086
v 4.938899993896484 -7.1717000007629395 32.013999938964844
v 5.456900119781494 -7.201700210571289 32.518001556396484
v -7.4390997886657715 3.3243000507354736 33.130001068115234
v -7.371099948883057 2.050299882888794 33.2859992980957
v -7.4471001625061035 4.1483001708984375 32.560001373291016
v -7.525100231170654 4.306300163269043 32.237998962402344
v 6.8709001541137695 5.992300033569336 32.630001068115234
v 5.732900142669678 -3.507699966430664 35.05400085449219
v -3.663100004196167 -5.699699878692627 35.242000579833984
v -3.6791000366210938 -3.627700090408325 35.231998443603516
v -5.699100017547607 -4.051700115203857 35.178001403808594
v 3.9268999099731445 -7.407700061798096 32.08000183105469
v 3.324899911880493 -7.413700103759766 32.45000076293945
v 2.8828999996185303 -7.3516998291015625 32.06999969482422
v -6.655099868774414 -4.287700176239014 34.29999923706055
v -6.3231000900268555 -4.969699859619141 34.75199890136719
v 4.420899868011475 6.918300151824951 34.7599983215332
v 2.1108999252319336 -7.343699932098389 32.0880012512207
v 1.2628999948501587 -7.361700057983398 32.380001068115234
v 4.388899803161621 6.554299831390381 35.00199890136719
v 4.924900054931641 4.070300102233887 35.077999114990234
v 4.652900218963623 6.112299919128418 35.11199951171875
v -2.8810999393463135 -6.061699867248535 35.07400131225586
v -2.5171000957489014 -4.89169979095459 35.209999084472656
v 4.450900077819824 1.7163000106811523 35.209999084472656
v 1.2648999691009521 2.846299886703491 35.301998138427734
v -3.337100028991699 -7.25570011138916 32.400001525878906
v -3.287100076675415 -7.329699993133545 32.70600128173828
v -3.91510009765625 -7.211699962615967 32.27799987792969
v -4.371099948883057 -7.047699928283691 33.91600036621094
v -5.045100212097168 -7.093699932098389 33.16600036621094
v -4.68310022354126 -7.1697001457214355 33.22600173950195
v -5.459099769592285 -6.6097002029418945 33.84000015258789
v 5.994900226593018 5.682300090789795 35.10200119018555
v 4.278900146484375 -6.621699810028076 34.827999114990234
v -4.93310022354126 -5.6656999588012695 35.125999450683594
v -4.957099914550781 -4.877699851989746 35.2239990234375
v -5.68310022354126 -4.835700035095215 35.071998596191406
v -4.095099925994873 -6.585700035095215 34.858001708984375
v -3.7051000595092773 -6.763700008392334 34.72800064086914
v -3.675100088119507 -6.4756999015808105 35.066001892089844
v -6.881100177764893 -5.121699810028076 32.93199920654297
v -2.037100076675415 -7.121699810028076 34.41999816894531
v -1.0671000480651855 -6.995699882507324 34.32400131225586
v -2.109100103378296 -7.039700031280518 34.513999938964844
v -3.7571001052856445 -6.923699855804443 34.45000076293945
v -3.6350998878479004 -7.157700061798096 33.95000076293945
v 1.498900055885315 -6.655700206756592 34.86600112915039
v -1.663100004196167 -6.75570011138916 34.64799880981445
v -6.847099781036377 -2.211699962615967 33.99399948120117
v -6.769100189208984 -3.003700017929077 34.0260009765625
v 2.3708999156951904 -6.877699851989746 34.84199905395508
v 0.07690049707889557 -6.1656999588012695 34.80400085449219
v 0.36090099811553955 -6.581699848175049 34.61800003051758
v -4.863100051879883 -6.759699821472168 34.18199920654297
v -1.7030999660491943 -7.331699848175049 33.94599914550781
v -0.6190999746322632 -7.311699867248535 33.790000915527344
v 0.4549010097980499 -5.969699859619141 34.944000244140625
v -0.4090999960899353 -5.195700168609619 35.07400131225586
v -0.8690999746322632 -5.871699810028076 34.86800003051758
v -4.093100070953369 -6.365699768066406 35.082000732421875
v -5.679100036621094 -5.573699951171875 34.869998931884766
v -5.515100002288818 -5.423699855804443 35.0099983215332
v -5.977099895477295 -5.265699863433838 34.86000061035156
v 1.6509000062942505 -5.589700222015381 35.145999908447266
v -0.5510990023612976 -7.013700008392334 34.209999084472656
v -0.1410990059375763 -6.787700176239014 34.40999984741211
v -0.7450990080833435 -6.707699775695801 34.48400115966797
v -5.42110013961792 -3.275700092315674 35.22800064086914
v -4.945099830627441 -1.6497000455856323 35.25400161743164
v -5.663099765777588 -1.985700011253357 35.263999938964844
v -7.215099811553955 -4.815700054168701 32.5099983215332
v 0.64690101146698 -7.315700054168701 32.44599914550781
v 0.37290099263191223 -7.297699928283691 33.40800094604492
v -4.597099781036377 -5.287700176239014 35.20800018310547
v -2.9270999431610107 -7.357699871063232 32.53799819946289
v -2.215100049972534 -7.297699928283691 34.04399871826172
v -3.025099992752075 -7.039700031280518 34.422000885009766
v -2.7690999507904053 -7.259699821472168 33.880001068115234
v -2.0571000576019287 -7.077700138092041 32.05799865722656
v -2.113100051879883 -7.27370023727417 32.43199920654297
v -5.8790998458862305 -4.239699840545654 35.0880012512207
v -1.2451000213623047 -7.119699954986572 32.03200149536133
v -5.643099784851074 -6.037700176239014 34.55400085449219
v -7.315100193023682 3.620300054550171 33.8120002746582
v -7.169099807739258 2.420300006866455 34.189998626708984
v -0.8010990023612976 -7.40369987487793 33.577999114990234
v -0.9670990109443665 -7.393700122833252 32.82400131225586
v 2.6308999061584473 -7.241700172424316 31.889999389648438
v -2.171099901199341 -2.0416998863220215 35.26599884033203
v -2.539099931716919 -4.063700199127197 35.21200180053711
v 0.802901029586792 -4.451700210571289 35.25400161743164
v -0.5350990295410156 -4.569699764251709 35.13600158691406
v -4.515100002288818 -6.013700008392334 35.15399932861328
v -4.431099891662598 -6.3516998291015625 34.959999084472656
v 2.1068999767303467 -5.253699779510498 35.172000885009766
v -3.2091000080108643 -6.693699836730957 34.84400177001953
v 0.4529010057449341 -7.1757001876831055 33.93000030517578
v -0.011098899878561497 -7.301700115203857 33.54399871826172
v -7.215099811553955 -2.7936999797821045 32.70000076293945
v -7.0030999183654785 -2.3057000637054443 33.34400177001953
v -7.305099964141846 -1.3776999711990356 32.79600143432617
v 1.7828999757766724 -6.983699798583984 34.731998443603516
v -0.03309920057654381 -7.075699806213379 34.10599899291992
v -2.101099967956543 -7.371699810028076 32.832000732421875
v -0.29309898614883423 -7.279699802398682 32.231998443603516
v -6.837100028991699 -4.535699844360352 33.757999420166016
v -7.157100200653076 -4.223700046539307 33.01599884033203
v 5.564899921417236 6.8343000411987305 31.700000762939453
v 6.10890007019043 6.60230016708374 31.670000076293945
v -6.797100067138672 -3.5876998901367188 34.04999923706055
v -5.587100028991699 -7.00570011138916 32.268001556396484
v 4.5528998374938965 -1.235700011253357 35.15800094604492
v 4.130899906158447 -1.2337000370025635 35.172000885009766
v -2.9491000175476074 2.8842999935150146 35.24599838256836
v 5.35290002822876 5.862299919128418 35.21200180053711
v -1.6791000366210938 -6.9257001876831055 31.83799934387207
v -1.4530999660491943 -3.4077000617980957 35.10200119018555
v -1.263100028038025 -2.4337000846862793 35.19599914550781
v -1.6431000232696533 -7.417699813842773 33.683998107910156
v -1.223099946975708 -5.217700004577637 35.051998138427734
v 2.2528998851776123 -3.873699903488159 35.11199951171875
v -2.155100107192993 -6.449699878692627 34.86000061035156
v -2.783099889755249 -6.9257001876831055 34.624000549316406
v -7.033100128173828 4.534299850463867 34.00600051879883
v -7.205100059509277 3.986299991607666 33.99800109863281
v -5.349100112915039 -6.1717000007629395 34.63600158691406
v -0.8230990171432495 -6.219699859619141 34.737998962402344
v 5.642899990081787 -4.407700061798096 35.04399871826172
v -5.295100212097168 -6.52370023727417 34.23400115966797
v -0.07909969985485077 -0.8036990165710449 35.30400085449219
v 3.6068999767303467 -6.009699821472168 35.16600036621094
v -5.9471001625061035 -5.525700092315674 34.79199981689453
v -3.731100082397461 -6.077700138092041 35.25
v -4.8171000480651855 -5.967700004577637 35.066001892089844
v -2.3951001167297363 -7.341700077056885 33.540000915527344
v -5.285099983215332 -7.145699977874756 32.2599983215332
v -3.5011000633239746 -7.301700115203857 33.36600112915039
v -4.173099994659424 -7.27370023727417 32.68199920654297
v -1.6331000328063965 -4.865699768066406 35.11199951171875
v 0.89690101146698 -2.4837000370025635 35.305999755859375
v -1.5951000452041626 2.4523000717163086 35.284000396728516
v 6.264900207519531 -6.803699970245361 32.41999816894531
v 1.2568999528884888 -3.71370005607605 35.268001556396484
v 3.5129001140594482 -4.1697001457214355 35.11800003051758
v 7.402900218963623 -2.3696999549865723 32.31999969482422
v -7.275100231170654 -3.19569993019104 32.49800109863281
v -7.237100124359131 -5.025700092315674 31.913999557495117
v -7.277100086212158 -1.391700029373169 32.145999908447266
v -3.905100107192993 -6.271699905395508 35.16600036621094
v -7.543099880218506 4.0782999992370605 32.11800003051758
v -7.523099899291992 3.9683001041412354 31.851999282836914
v -6.497099876403809 -0.9957000017166138 34.858001708984375
v 3.2509000301361084 -1.6756999492645264 35.13800048828125
v -7.3831000328063965 4.460299968719482 32.529998779296875
v -7.277100086212158 -3.7776999473571777 32.67599868774414
v 4.928899765014648 -4.705699920654297 35.10599899291992
v 5.34689998626709 -3.571700096130371 35.09600067138672
v -7.247099876403809 4.138299942016602 33.78200149536133
v -6.605100154876709 -3.6496999263763428 34.4379997253418
v -6.215099811553955 -5.209700107574463 34.757999420166016
v -4.973100185394287 0.9402999877929688 35.2599983215332
v -7.30709981918335 -1.9776999950408936 32.47200012207031
v -7.281099796295166 -2.2957000732421875 32.236000061035156
v -7.157100200653076 -1.5616999864578247 33.34199905395508
v -7.329100131988525 -3.9337000846862793 32.40599822998047
v 2.8029000759124756 0.45830100774765015 35.15999984741211
v -7.297100067138672 1.0563000440597534 34.20000076293945
v -5.033100128173828 -7.135700225830078 32.099998474121094
v -7.357100009918213 2.814300060272217 33.65399932861328
v -7.487100124359131 4.160299777984619 31.8799991607666
v 7.336900234222412 4.062300205230713 32.44599914550781
v 6.1828999519348145 6.2322998046875 31.492000579833984
v 5.922900199890137 6.190299987792969 31.371999740600586
v 6.438899993896484 5.802299976348877 31.469999313354492
v 6.472899913787842 6.266300201416016 31.808000564575195
v 7.262899875640869 4.366300106048584 32.25600051879883
v 5.214900016784668 7.068299770355225 31.902000427246094
v 6.908899784088135 4.660299777984619 31.639999389648438
v -7.303100109100342 -4.151700019836426 32.05400085449219
v -7.225100040435791 4.706299781799316 33.11199951171875
v -6.769100189208984 5.728300094604492 33.290000915527344
v -6.923099994659424 5.100299835205078 33.7239990234375
v -6.90910005569458 5.356299877166748 31.65999984741211
v -6.9471001625061035 5.176300048828125 31.41200065612793
v -6.609099864959717 6.09630012512207 32.2239990234375
v -6.461100101470947 6.076300144195557 31.624000549316406
v -6.547100067138672 6.234300136566162 33.034000396728516
v -6.783100128173828 5.868299961090088 32.698001861572266
v -2.477099895477295 -6.681700229644775 31.582000732421875
v -3.8991000652313232 -6.939700126647949 31.785999298095703
v 7.214900016784668 -0.8377000093460083 32.0260009765625
v -7.349100112915039 4.604300022125244 32.27000045776367
v 6.530900001525879 4.698299884796143 31.31800079345703
v 6.792900085449219 4.342299938201904 31.42799949645996
v 1.0569000244140625 -7.229700088500977 32.018001556396484
v -5.333099842071533 -7.047699928283691 31.972000122070312
v -5.625100135803223 -6.969699859619141 31.889999389648438
v 3.902899980545044 -7.277699947357178 31.922000885009766
v 4.9268999099731445 -7.079699993133545 31.8799991607666
v 5.444900035858154 -6.947700023651123 31.908000946044922
v -3.5211000442504883 7.038300037384033 31.639999389648438
v -4.67110013961792 7.092299938201904 31.61400032043457
v -4.971099853515625 6.946300029754639 31.464000701904297
v -6.217100143432617 6.254300117492676 31.56599998474121
v -5.967100143432617 6.288300037384033 31.392000198364258
v -2.5090999603271484 7.164299964904785 31.809999465942383
v -4.751100063323975 7.170300006866455 31.746000289916992
v -5.0671000480651855 6.964300155639648 31.52400016784668
v -6.229100227355957 6.0903000831604 34.013999938964844
v -5.911099910736084 6.688300132751465 33.354000091552734
v 5.06689977645874 6.934299945831299 31.667999267578125
v 4.574900150299072 7.172299861907959 31.93400001525879
v -6.1331000328063965 6.5782999992370605 32.25199890136719
v -5.031099796295166 7.302299976348877 32.428001403808594
v -5.423099994659424 6.904300212860107 31.790000915527344
v 6.694900035858154 5.562300205230713 31.695999145507812
v 7.076900005340576 3.9382998943328857 31.77199935913086
v 7.218900203704834 -2.8577001094818115 31.93199920654297
v 7.184899806976318 -1.8077000379562378 31.829999923706055
v 6.7368998527526855 6.0142998695373535 32.02399826049805
v 0.48090100288391113 -7.083700180053711 31.90999984741211
v 0.9169009923934937 7.236299991607666 32.02000045776367
v 1.5369000434875488 7.218299865722656 31.836000442504883
v -1.0791000127792358 7.060299873352051 31.695999145507812
v 7.332900047302246 -1.479699969291687 32.374000549316406
v 7.224899768829346 -1.3016999959945679 32.0099983215332
v 7.270899772644043 -4.367700099945068 31.829999923706055
v 7.042900085449219 -4.807700157165527 31.673999786376953
v 1.8288999795913696 -7.173699855804443 31.893999099731445
v 0.04490090161561966 7.058300018310547 31.68199920654297
v 2.0469000339508057 7.2642998695373535 31.959999084472656
v 3.08489990234375 7.022299766540527 31.761999130249023
v 2.264899969100952 6.990300178527832 31.711999893188477
v 6.704899787902832 -5.563700199127197 31.549999237060547
v 6.594900131225586 -5.845699787139893 31.600000381469727
v 6.312900066375732 -6.315700054168701 31.733999252319336
v 3.8229000568389893 7.176300048828125 31.868000030517578
v 6.886899948120117 4.122300148010254 31.50200080871582
v 6.772900104522705 3.2662999629974365 31.45199966430664
v 6.912899971008301 -3.8097000122070312 31.468000411987305
v 6.994900226593018 -2.8696999549865723 31.658000946044922
v 7.098899841308594 1.2443000078201294 32.00400161743164
v 6.84089994430542 1.1442999839782715 31.715999603271484
v 7.172900199890137 2.3942999839782715 31.964000701904297
v 7.034900188446045 0.6043000221252441 31.86400032043457
v 7.076900005340576 -0.13770000636577606 31.84000015258789
v 7.258900165557861 -5.137700080871582 32.391998291015625
v 7.312900066375732 -4.559700012207031 31.95599937438965
v 5.906899929046631 -6.65369987487793 31.77400016784668
v 7.254899978637695 -5.575699806213379 32.470001220703125
v 7.360899925231934 -3.453700065612793 32.25400161743164
v 6.982900142669678 -0.8557000160217285 31.697999954223633
v 7.044899940490723 -1.6656999588012695 31.648000717163086
v 6.508900165557861 5.388299942016602 31.48200035095215
v 7.1149001121521 -2.1617000102996826 31.72800064086914
v 7.274899959564209 2.7142999172210693 32.11000061035156
v 7.342899799346924 -4.2357001304626465 31.99799919128418
v 7.260900020599365 3.3282999992370605 32.15599822998047
v 6.670899868011475 -6.2957000732421875 32.152000427246094
f 1 2 3
f 4 1 3
f 3 5 4
f 6 2 1
f 7 5 3
f 2 7 3
f 1 4 6
f 8 2 6
f 9 5 7
f 10 4 5
f 2 8 11
f 7 2 12
f 13 10 5
f 9 14 5
f 14 13 5
f 10 13 15
f 4 10 15
f 6 4 16
f 17 18 19
f 18 20 21
f 22 23 24
f 6 25 8
f 26 22 24
f 27 22 26
f 12 2 28
f 9 7 29
f 30 15 13
f 15 16 4
f 12 31 7
f 29 7 31
f 13 14 32
f 33 30 13
f 15 30 34
f 2 35 28
f 2 11 35
f 32 33 13
f 36 32 14
f 30 33 37
f 37 34 30
f 9 36 14
f 16 38 6
f 35 39 28
f 40 12 28
f 31 12 41
f 33 32 42
f 33 43 37
f 34 37 44
f 25 6 38
f 39 40 28
f 9 29 45
f 36 9 45
f 43 33 42
f 46 37 43
f 44 37 47
f 16 15 48
f 16 48 38
f 43 42 49
f 50 32 36
f 37 46 47
f 51 15 34
f 47 52 44
f 48 53 38
f 25 38 54
f 55 31 41
f 55 29 31
f 49 46 43
f 32 50 42
f 56 50 36
f 57 15 51
f 48 15 57
f 34 44 58
f 52 58 44
f 53 48 59
f 54 38 53
f 60 55 41
f 45 61 36
f 42 62 49
f 63 42 50
f 47 46 64
f 51 34 58
f 52 47 65
f 58 52 66
f 54 53 67
f 41 68 60
f 55 69 29
f 41 12 70
f 56 36 61
f 46 49 64
f 63 62 42
f 71 63 50
f 50 56 71
f 66 52 65
f 47 72 65
f 40 39 73
f 74 60 68
f 45 29 69
f 41 70 68
f 75 56 61
f 62 63 76
f 63 71 76
f 47 64 72
f 65 77 66
f 72 77 65
f 59 48 57
f 68 78 74
f 79 80 81
f 82 45 69
f 70 83 68
f 49 84 64
f 85 71 56
f 64 86 72
f 66 51 58
f 77 72 87
f 67 53 59
f 88 40 73
f 12 40 88
f 78 68 89
f 78 90 74
f 74 91 79
f 83 70 92
f 61 45 82
f 75 61 93
f 86 64 84
f 62 76 94
f 49 62 94
f 71 95 76
f 56 75 85
f 95 71 85
f 86 96 72
f 51 66 97
f 98 66 77
f 77 87 99
f 66 98 97
f 100 67 59
f 101 102 103
f 89 104 78
f 104 90 78
f 90 105 91
f 83 89 68
f 49 106 84
f 94 106 49
f 75 107 85
f 96 87 72
f 77 103 98
f 57 108 59
f 104 89 109
f 90 104 109
f 110 111 112
f 55 113 69
f 88 70 12
f 84 106 86
f 76 114 94
f 115 76 95
f 95 85 107
f 102 98 103
f 101 116 117
f 118 109 89
f 109 119 120
f 83 118 89
f 113 121 122
f 70 123 92
f 114 106 94
f 124 115 95
f 76 115 114
f 107 75 125
f 124 95 107
f 51 97 57
f 126 96 86
f 127 103 77
f 127 77 99
f 128 99 87
f 99 129 127
f 100 59 108
f 130 26 131
f 105 90 132
f 133 134 135
f 70 88 136
f 83 92 22
f 70 136 123
f 82 93 61
f 75 93 125
f 86 106 137
f 138 106 114
f 115 124 139
f 140 114 115
f 141 124 107
f 108 57 97
f 96 128 87
f 101 127 116
f 130 27 26
f 142 143 131
f 143 130 131
f 132 90 120
f 144 133 135
f 123 23 92
f 145 92 23
f 126 86 137
f 138 114 140
f 139 140 115
f 124 146 139
f 107 125 147
f 126 148 96
f 99 128 129
f 127 101 103
f 24 23 123
f 22 145 23
f 149 143 142
f 130 143 149
f 150 151 118
f 152 118 153
f 118 83 153
f 92 145 22
f 154 137 106
f 155 138 140
f 155 140 139
f 146 124 141
f 139 146 156
f 157 107 147
f 27 130 158
f 159 149 142
f 160 130 149
f 161 162 163
f 142 164 165
f 152 166 150
f 167 153 83
f 168 69 113
f 69 169 82
f 170 125 93
f 126 137 154
f 138 155 154
f 154 106 138
f 139 171 155
f 146 141 172
f 171 139 156
f 146 172 156
f 157 147 170
f 157 141 107
f 148 128 96
f 116 173 117
f 174 175 176
f 22 27 158
f 130 160 158
f 142 165 159
f 159 177 149
f 178 160 149
f 161 179 162
f 180 164 162
f 180 165 164
f 166 153 181
f 153 182 181
f 167 183 182
f 184 185 186
f 22 167 83
f 169 69 168
f 82 169 168
f 170 93 187
f 170 147 125
f 171 188 155
f 141 189 172
f 188 171 156
f 172 190 156
f 170 191 157
f 189 141 157
f 128 148 192
f 193 129 128
f 129 116 127
f 173 116 194
f 195 196 173
f 197 198 199
f 200 197 201
f 202 203 204
f 167 22 158
f 160 178 158
f 177 159 165
f 177 178 149
f 179 180 162
f 205 179 161
f 206 161 163
f 165 180 207
f 208 185 209
f 93 82 210
f 211 126 154
f 155 211 154
f 212 155 188
f 189 213 172
f 214 188 156
f 190 172 213
f 190 214 156
f 157 191 215
f 189 157 215
f 192 193 128
f 129 194 116
f 194 195 173
f 196 195 176
f 216 204 203
f 217 218 176
f 174 198 175
f 176 218 174
f 207 177 165
f 179 219 180
f 161 206 205
f 220 179 205
f 219 207 180
f 210 221 93
f 126 211 148
f 213 189 215
f 188 214 222
f 214 190 223
f 191 170 224
f 193 225 129
f 226 216 227
f 197 175 198
f 228 199 198
f 229 228 198
f 199 230 197
f 201 197 230
f 200 201 231
f 202 232 233
f 202 234 203
f 174 229 198
f 218 235 174
f 235 229 174
f 176 236 217
f 179 220 219
f 206 237 205
f 238 220 205
f 239 206 163
f 219 240 207
f 241 242 243
f 244 245 246
f 247 248 249
f 250 251 252
f 253 254 255
f 82 256 210
f 93 221 187
f 155 212 211
f 188 222 212
f 215 257 213
f 258 222 214
f 190 213 259
f 214 223 258
f 215 191 257
f 260 226 227
f 261 262 263
f 264 265 266
f 267 264 266
f 268 269 270
f 263 271 272
f 273 274 275
f 276 275 277
f 278 276 279
f 230 199 280
f 281 202 233
f 234 202 281
f 218 217 282
f 283 158 178
f 220 238 219
f 206 284 237
f 237 285 205
f 285 238 205
f 239 286 206
f 239 163 287
f 240 177 207
f 243 288 241
f 241 289 242
f 288 243 246
f 167 158 248
f 290 291 292
f 168 209 82
f 259 213 257
f 223 190 259
f 223 293 258
f 170 294 224
f 191 295 257
f 296 170 187
f 195 194 129
f 234 216 203
f 227 216 260
f 262 261 297
f 273 272 298
f 277 275 274
f 299 276 277
f 279 276 299
f 300 199 228
f 228 229 301
f 302 303 232
f 233 232 303
f 281 233 303
f 218 282 235
f 229 235 304
f 305 217 236
f 178 177 306
f 238 240 219
f 284 206 286
f 177 240 306
f 289 241 307
f 246 245 308
f 245 244 309
f 308 288 246
f 310 311 312
f 313 186 314
f 210 256 209
f 256 82 209
f 222 211 212
f 257 315 259
f 259 316 223
f 223 316 293
f 294 170 296
f 317 191 224
f 295 191 317
f 318 192 148
f 225 195 129
f 216 234 260
f 297 261 319
f 271 263 262
f 298 272 271
f 274 273 298
f 277 274 298
f 277 320 299
f 321 279 299
f 199 300 280
f 228 301 300
f 229 304 301
f 201 322 231
f 231 322 323
f 231 324 200
f 325 303 302
f 217 305 282
f 235 282 326
f 235 326 304
f 176 195 236
f 158 283 248
f 178 327 283
f 327 178 306
f 240 238 328
f 329 284 286
f 237 284 330
f 237 331 285
f 328 238 285
f 239 329 286
f 306 240 328
f 307 332 289
f 333 307 241
f 288 308 241
f 248 334 335
f 334 248 283
f 248 335 249
f 311 336 337
f 338 339 340
f 209 292 210
f 221 296 187
f 341 148 211
f 315 257 295
f 316 259 315
f 293 342 258
f 294 343 224
f 317 224 343
f 192 318 344
f 225 193 345
f 260 346 226
f 226 347 319
f 297 348 262
f 298 271 262
f 298 320 277
f 320 321 299
f 349 278 279
f 301 350 300
f 351 301 304
f 280 352 230
f 353 201 230
f 324 231 323
f 281 303 354
f 354 234 281
f 326 351 304
f 195 355 236
f 327 334 283
f 284 329 356
f 330 357 237
f 284 356 330
f 331 237 357
f 239 287 358
f 359 306 328
f 241 308 333
f 360 361 332
f 361 362 363
f 364 365 366
f 292 367 210
f 296 221 368
f 148 341 318
f 222 369 211
f 316 370 293
f 370 342 293
f 258 342 222
f 371 294 296
f 372 317 343
f 373 295 317
f 345 374 225
f 195 225 374
f 375 195 374
f 195 375 355
f 348 297 376
f 348 298 262
f 320 298 377
f 320 378 321
f 379 279 321
f 379 349 279
f 349 380 278
f 381 350 301
f 301 351 382
f 322 201 353
f 383 323 322
f 323 384 324
f 385 324 384
f 302 385 325
f 386 303 325
f 303 386 354
f 327 387 334
f 359 327 306
f 330 388 357
f 356 389 330
f 358 329 239
f 390 333 308
f 332 307 360
f 361 360 362
f 362 391 358
f 366 365 392
f 393 392 365
f 365 364 394
f 392 393 395
f 396 308 245
f 337 397 398
f 399 400 401
f 369 341 211
f 402 316 315
f 403 222 342
f 404 372 343
f 317 372 373
f 193 405 345
f 406 297 319
f 407 320 377
f 320 408 378
f 409 379 321
f 300 410 280
f 382 381 301
f 381 411 350
f 350 410 300
f 352 280 410
f 352 412 230
f 412 353 230
f 323 383 413
f 413 384 323
f 385 384 413
f 413 325 385
f 325 414 386
f 354 415 234
f 351 326 382
f 416 305 236
f 387 417 334
f 327 359 387
f 388 330 389
f 285 331 418
f 328 285 418
f 329 358 391
f 333 419 307
f 419 333 390
f 358 363 362
f 365 394 420
f 421 395 393
f 421 422 395
f 308 396 423
f 245 309 396
f 337 398 424
f 425 426 427
f 428 429 430
f 428 431 429
f 432 433 434
f 367 435 210
f 315 295 373
f 316 402 370
f 403 369 222
f 294 404 343
f 372 436 373
f 437 438 405
f 345 439 440
f 346 347 226
f 347 406 319
f 297 406 376
f 376 441 348
f 298 442 377
f 320 407 443
f 408 320 443
f 409 378 408
f 378 409 321
f 379 409 444
f 379 444 349
f 412 352 410
f 353 445 322
f 413 383 414
f 446 383 322
f 413 414 325
f 414 447 386
f 234 415 448
f 326 282 305
f 449 387 359
f 331 357 450
f 331 450 418
f 328 418 451
f 356 329 391
f 328 449 359
f 452 419 390
f 453 454 455
f 454 456 457
f 365 458 393
f 458 365 420
f 458 421 393
f 459 396 309
f 424 335 334
f 398 335 424
f 460 337 424
f 337 460 426
f 426 461 427
f 462 463 464
f 465 466 467
f 433 468 469
f 469 470 292
f 373 471 315
f 315 472 402
f 369 403 473
f 370 474 342
f 436 372 404
f 471 373 436
f 368 371 296
f 375 374 345
f 260 234 448
f 442 298 348
f 407 377 442
f 475 443 407
f 443 475 408
f 476 409 408
f 476 444 409
f 380 349 477
f 381 478 411
f 410 479 412
f 447 414 383
f 386 415 354
f 389 356 480
f 357 388 450
f 450 481 418
f 482 451 418
f 449 328 451
f 390 308 423
f 307 419 360
f 356 391 362
f 483 484 455
f 454 453 456
f 455 485 453
f 457 456 486
f 487 486 456
f 488 489 490
f 420 491 458
f 492 421 458
f 493 494 495
f 496 495 422
f 497 498 494
f 396 499 423
f 334 417 424
f 500 460 424
f 460 501 426
f 461 502 427
f 502 465 427
f 432 400 399
f 469 468 470
f 292 470 367
f 435 368 210
f 503 369 504
f 341 369 503
f 315 471 472
f 474 370 402
f 474 403 342
f 505 436 404
f 506 471 436
f 438 507 345
f 375 345 508
f 346 260 448
f 376 406 509
f 510 441 376
f 441 442 348
f 511 475 407
f 475 512 408
f 512 476 408
f 513 380 477
f 381 382 478
f 350 411 410
f 514 322 445
f 515 447 383
f 322 516 446
f 415 386 447
f 417 387 517
f 387 449 517
f 362 480 356
f 388 518 450
f 450 518 481
f 481 482 418
f 519 449 451
f 452 390 520
f 419 452 362
f 362 360 419
f 521 522 488
f 484 485 455
f 484 483 523
f 487 456 453
f 453 485 524
f 486 487 525
f 526 527 525
f 420 490 489
f 491 420 528
f 495 496 493
f 497 494 493
f 422 421 496
f 390 423 529
f 499 529 423
f 530 396 459
f 498 459 309
f 424 531 500
f 532 461 426
f 501 460 533
f 502 466 465
f 534 535 399
f 536 468 433
f 221 210 368
f 503 318 341
f 471 506 472
f 472 537 402
f 537 474 402
f 473 504 369
f 538 403 474
f 403 539 473
f 404 540 505
f 541 436 505
f 436 541 506
f 542 543 544
f 545 345 546
f 508 547 375
f 375 548 355
f 549 346 448
f 550 406 347
f 510 376 509
f 441 510 551
f 442 552 407
f 511 407 553
f 512 475 511
f 554 444 476
f 382 326 478
f 555 410 411
f 445 353 556
f 514 445 556
f 322 514 516
f 515 415 447
f 557 326 305
f 519 517 449
f 388 389 558
f 389 480 558
f 559 451 482
f 559 519 451
f 520 558 452
f 527 526 521
f 488 522 489
f 485 484 560
f 561 560 484
f 523 561 484
f 562 523 483
f 524 487 453
f 485 563 524
f 525 487 526
f 493 496 497
f 564 390 529
f 529 499 565
f 530 499 396
f 459 498 566
f 531 424 417
f 531 567 500
f 460 500 533
f 501 532 426
f 461 568 502
f 536 433 569
f 468 536 570
f 367 368 435
f 318 503 571
f 474 537 572
f 504 473 573
f 572 538 474
f 539 403 538
f 371 574 294
f 540 404 294
f 541 575 506
f 571 576 318
f 406 550 509
f 551 442 441
f 552 553 407
f 512 511 553
f 577 349 444
f 444 554 577
f 578 579 380
f 513 578 380
f 578 580 579
f 326 557 478
f 478 555 411
f 581 514 556
f 383 446 582
f 557 305 416
f 416 236 355
f 531 417 517
f 362 452 480
f 558 480 452
f 481 518 583
f 481 583 482
f 522 521 526
f 560 584 485
f 560 561 585
f 561 523 585
f 563 485 586
f 487 587 526
f 566 498 497
f 390 564 520
f 564 529 565
f 517 567 531
f 567 588 500
f 588 533 500
f 532 589 461
f 532 501 590
f 501 533 590
f 589 568 461
f 466 502 568
f 591 465 467
f 536 569 592
f 593 569 433
f 570 536 594
f 470 468 595
f 596 367 470
f 597 472 506
f 371 368 574
f 575 541 598
f 597 506 575
f 548 375 599
f 355 548 600
f 346 549 601
f 601 602 346
f 346 602 347
f 550 347 602
f 551 510 603
f 551 552 442
f 552 604 553
f 605 606 607
f 553 608 512
f 476 512 609
f 609 554 476
f 349 610 477
f 580 611 579
f 557 612 478
f 478 613 555
f 479 614 412
f 353 615 556
f 514 581 616
f 582 515 383
f 617 549 448
f 618 557 416
f 600 416 355
f 519 567 517
f 388 619 518
f 619 388 558
f 620 518 619
f 518 620 583
f 583 559 482
f 559 621 519
f 622 489 522
f 584 586 485
f 623 560 585
f 523 562 624
f 587 487 524
f 625 563 586
f 563 587 524
f 626 526 587
f 420 489 528
f 421 492 496
f 627 564 565
f 499 628 565
f 629 588 567
f 467 466 568
f 399 535 432
f 433 432 593
f 594 536 592
f 630 592 569
f 569 593 631
f 468 570 595
f 594 632 570
f 596 470 595
f 537 472 597
f 368 633 574
f 574 540 294
f 540 634 505
f 505 635 541
f 598 541 635
f 509 550 636
f 509 637 510
f 603 510 638
f 552 551 603
f 604 552 603
f 609 512 608
f 577 610 349
f 513 477 639
f 611 580 640
f 612 613 478
f 479 410 555
f 614 641 412
f 615 642 556
f 643 514 616
f 581 644 616
f 516 514 446
f 515 582 645
f 646 415 515
f 448 415 617
f 647 416 600
f 567 519 621
f 619 558 648
f 620 619 649
f 650 559 583
f 621 559 629
f 648 558 520
f 622 522 526
f 560 651 584
f 652 586 584
f 653 623 585
f 624 585 523
f 625 586 654
f 563 625 587
f 655 458 491
f 458 656 492
f 648 520 564
f 564 627 657
f 627 565 628
f 658 499 530
f 566 659 459
f 499 658 628
f 567 621 629
f 588 629 650
f 533 588 590
f 590 660 532
f 660 589 532
f 568 589 660
f 661 594 592
f 592 662 663
f 592 630 662
f 630 569 631
f 632 594 664
f 665 537 597
f 537 665 572
f 538 572 666
f 539 538 667
f 635 505 634
f 668 598 635
f 597 575 665
f 669 670 571
f 617 601 549
f 637 509 636
f 510 637 638
f 671 603 638
f 672 604 603
f 673 674 675
f 676 608 553
f 608 673 609
f 554 609 677
f 639 477 610
f 678 640 580
f 679 580 578
f 555 613 680
f 641 614 479
f 353 412 615
f 581 556 681
f 644 643 616
f 581 681 644
f 643 446 514
f 646 515 645
f 582 446 645
f 682 415 646
f 682 617 415
f 618 416 683
f 416 647 683
f 619 648 684
f 649 619 684
f 629 559 650
f 651 560 623
f 651 652 584
f 586 652 685
f 678 653 585
f 653 651 623
f 678 585 640
f 585 624 640
f 640 624 562
f 654 686 625
f 586 685 654
f 625 687 587
f 489 622 528
f 656 458 688
f 564 657 648
f 530 459 659
f 658 689 628
f 590 588 650
f 690 568 660
f 568 691 467
f 592 692 661
f 661 664 594
f 692 592 663
f 630 693 662
f 693 630 631
f 632 595 570
f 368 367 694
f 695 504 573
f 504 695 503
f 572 665 696
f 473 539 573
f 666 572 696
f 538 666 667
f 697 634 540
f 668 635 634
f 698 575 598
f 598 668 698
f 550 602 636
f 699 637 636
f 671 700 603
f 673 608 701
f 577 554 677
f 609 702 677
f 610 577 703
f 704 513 639
f 580 679 678
f 679 578 513
f 613 612 680
f 479 555 641
f 412 641 615
f 446 643 705
f 706 645 446
f 648 657 684
f 707 583 620
f 708 650 583
f 526 626 622
f 652 651 685
f 651 653 709
f 685 686 654
f 710 625 686
f 625 710 687
f 711 528 622
f 712 458 655
f 497 496 566
f 627 628 713
f 713 628 689
f 714 660 590
f 715 690 660
f 691 568 690
f 535 467 716
f 717 661 692
f 661 718 664
f 693 719 662
f 593 720 631
f 595 632 596
f 721 632 664
f 633 368 694
f 571 503 669
f 722 696 665
f 574 697 540
f 697 723 634
f 634 724 668
f 575 698 722
f 575 722 665
f 637 725 638
f 725 671 638
f 672 726 604
f 676 701 608
f 609 673 702
f 703 577 677
f 727 639 728
f 610 728 639
f 704 679 513
f 618 612 557
f 729 680 612
f 555 730 641
f 681 556 731
f 643 644 732
f 705 706 446
f 682 733 617
f 734 618 683
f 707 620 649
f 583 707 708
f 650 708 735
f 626 736 622
f 679 653 678
f 686 685 737
f 738 710 686
f 736 626 587
f 491 739 655
f 491 528 711
f 496 492 566
f 627 713 740
f 657 627 740
f 741 530 659
f 530 742 658
f 689 658 742
f 650 735 590
f 590 743 714
f 590 735 743
f 660 714 715
f 744 691 690
f 716 467 691
f 432 535 745
f 718 661 746
f 721 664 718
f 719 693 747
f 693 631 748
f 749 632 721
f 539 750 573
f 696 667 666
f 751 539 667
f 633 697 574
f 724 634 723
f 722 698 752
f 698 668 752
f 602 601 636
f 725 637 699
f 700 753 603
f 754 703 677
f 702 755 677
f 703 754 610
f 704 653 679
f 730 555 680
f 641 730 615
f 615 730 642
f 556 642 731
f 705 643 732
f 644 756 732
f 681 757 644
f 644 757 756
f 758 759 760
f 761 649 684
f 649 762 707
f 707 763 708
f 708 763 735
f 711 622 736
f 685 651 764
f 765 686 737
f 764 737 685
f 686 765 738
f 742 713 689
f 656 659 566
f 735 763 743
f 766 690 715
f 766 744 690
f 720 593 432
f 746 767 718
f 718 767 721
f 693 748 747
f 631 720 748
f 596 632 749
f 596 694 367
f 768 669 503
f 769 696 722
f 750 770 573
f 667 696 751
f 539 751 750
f 771 724 723
f 668 724 772
f 773 722 752
f 668 774 752
f 734 775 776
f 725 777 671
f 753 672 603
f 755 754 677
f 778 727 728
f 639 727 779
f 618 729 612
f 730 780 642
f 757 681 731
f 781 732 756
f 782 646 645
f 645 706 782
f 682 783 733
f 617 733 784
f 734 776 618
f 761 684 657
f 763 707 762
f 709 764 651
f 737 785 765
f 764 779 737
f 765 786 738
f 787 587 687
f 492 656 566
f 657 740 761
f 788 741 659
f 789 713 742
f 763 790 743
f 766 715 714
f 744 766 791
f 691 792 716
f 720 432 793
f 661 717 794
f 767 746 795
f 748 796 747
f 748 797 796
f 797 798 796
f 720 799 748
f 596 749 694
f 800 801 669
f 768 503 695
f 773 769 722
f 696 769 802
f 770 695 573
f 751 696 802
f 771 723 803
f 724 771 772
f 774 668 772
f 804 773 752
f 804 752 774
f 805 806 807
f 601 808 636
f 601 617 784
f 809 699 636
f 810 753 700
f 811 812 813
f 728 610 814
f 814 610 754
f 704 639 764
f 728 815 778
f 727 778 779
f 639 779 764
f 729 618 776
f 680 816 730
f 731 642 817
f 705 732 818
f 732 781 818
f 819 756 757
f 706 705 818
f 783 682 646
f 762 649 820
f 821 763 762
f 764 709 704
f 779 785 737
f 785 822 765
f 786 765 822
f 823 738 786
f 710 738 823
f 736 587 787
f 491 824 739
f 491 711 824
f 656 788 659
f 789 825 713
f 740 713 825
f 714 743 790
f 826 766 714
f 791 827 744
f 691 744 828
f 792 691 829
f 745 830 432
f 799 720 793
f 661 794 746
f 831 767 795
f 799 797 748
f 798 797 832
f 751 802 833
f 833 750 751
f 834 723 697
f 835 774 772
f 773 804 769
f 800 836 837
f 838 839 840
f 601 784 808
f 808 809 636
f 841 699 809
f 699 841 725
f 842 843 753
f 844 845 846
f 755 847 754
f 814 848 728
f 815 728 848
f 849 778 815
f 653 704 709
f 680 729 850
f 851 816 680
f 642 780 817
f 781 852 818
f 853 819 757
f 854 781 756
f 818 782 706
f 761 820 649
f 762 820 821
f 763 821 855
f 824 711 856
f 785 779 778
f 822 785 849
f 857 786 822
f 786 858 823
f 687 710 823
f 824 859 739
f 761 740 860
f 742 530 741
f 789 742 861
f 860 740 825
f 766 826 862
f 766 862 791
f 791 863 827
f 827 828 744
f 691 828 829
f 864 792 829
f 432 830 793
f 797 799 793
f 795 865 831
f 721 767 831
f 746 866 795
f 867 832 797
f 721 868 749
f 868 697 633
f 723 834 869
f 803 723 869
f 870 771 803
f 771 871 772
f 871 835 772
f 872 769 804
f 804 774 873
f 847 755 874
f 875 876 877
f 878 815 848
f 879 849 815
f 849 785 778
f 850 729 776
f 851 680 850
f 757 731 880
f 818 852 881
f 880 853 757
f 854 756 819
f 781 854 882
f 782 818 883
f 646 782 783
f 884 733 783
f 885 820 761
f 821 820 886
f 855 790 763
f 856 711 736
f 887 822 849
f 822 887 857
f 888 786 857
f 786 888 858
f 858 889 823
f 889 687 823
f 687 856 787
f 856 736 787
f 890 891 892
f 860 885 761
f 893 894 895
f 861 742 741
f 825 789 861
f 826 714 896
f 863 791 862
f 897 827 863
f 828 827 898
f 828 899 829
f 829 900 864
f 792 901 716
f 535 716 901
f 830 745 902
f 830 903 793
f 903 797 793
f 794 866 746
f 904 865 795
f 865 869 831
f 868 721 831
f 866 904 795
f 797 903 867
f 905 906 832
f 832 867 905
f 905 907 906
f 695 770 908
f 833 909 750
f 694 868 633
f 803 869 865
f 870 803 865
f 910 771 870
f 871 771 911
f 769 872 912
f 774 835 873
f 800 669 768
f 849 879 913
f 730 816 851
f 852 781 881
f 818 881 883
f 883 783 782
f 883 884 783
f 914 784 733
f 884 914 733
f 820 885 886
f 915 821 886
f 855 821 915
f 913 887 849
f 856 687 889
f 860 916 885
f 917 918 919
f 916 860 825
f 920 825 861
f 714 790 896
f 862 826 896
f 897 863 921
f 897 898 827
f 899 828 898
f 899 922 829
f 829 922 900
f 900 923 864
f 901 792 864
f 924 535 901
f 745 535 902
f 867 830 902
f 903 830 867
f 910 865 904
f 831 869 834
f 834 868 831
f 794 904 866
f 907 905 925
f 868 694 749
f 926 770 750
f 926 908 770
f 909 833 927
f 865 910 870
f 771 910 911
f 911 928 871
f 929 835 871
f 804 873 872
f 912 802 769
f 755 930 874
f 814 754 847
f 931 883 881
f 882 881 781
f 914 808 784
f 916 886 885
f 886 932 915
f 933 855 915
f 855 933 790
f 888 934 858
f 889 858 935
f 936 859 824
f 825 937 916
f 920 937 825
f 938 896 790
f 862 939 863
f 940 897 921
f 939 921 863
f 898 897 941
f 942 899 898
f 922 899 943
f 922 944 900
f 923 900 944
f 864 923 901
f 945 924 901
f 535 924 902
f 905 867 902
f 928 910 904
f 946 947 925
f 948 925 905
f 695 949 768
f 833 802 950
f 951 926 750
f 950 927 833
f 750 909 951
f 697 868 834
f 928 911 910
f 802 912 952
f 835 929 873
f 841 809 953
f 878 814 847
f 879 815 878
f 730 851 780
f 883 931 884
f 880 954 853
f 881 882 955
f 882 956 955
f 957 886 916
f 886 957 932
f 932 933 915
f 790 933 938
f 958 887 913
f 857 887 958
f 858 934 959
f 858 959 935
f 960 961 962
f 824 856 889
f 937 957 916
f 862 896 963
f 939 862 963
f 964 940 921
f 897 940 941
f 921 939 963
f 898 941 942
f 942 943 899
f 943 965 922
f 922 966 944
f 967 923 944
f 901 923 945
f 924 945 902
f 968 905 902
f 794 928 904
f 969 946 925
f 947 946 970
f 905 968 948
f 925 948 969
f 802 952 950
f 926 951 971
f 909 927 951
f 871 928 929
f 873 972 872
f 874 973 847
f 878 848 814
f 974 878 847
f 975 913 879
f 851 850 976
f 731 817 780
f 977 954 880
f 954 978 853
f 979 819 853
f 882 854 956
f 980 955 956
f 957 981 932
f 933 932 981
f 958 913 975
f 982 857 958
f 983 984 985
f 896 938 986
f 921 963 964
f 987 940 964
f 941 940 988
f 941 989 942
f 989 943 942
f 990 965 943
f 965 966 922
f 966 991 944
f 991 967 944
f 923 967 992
f 923 992 945
f 945 968 902
f 993 928 794
f 947 970 994
f 969 995 946
f 995 970 946
f 968 945 948
f 996 969 948
f 695 908 997
f 998 926 971
f 951 927 971
f 999 927 950
f 999 1000 927
f 912 872 972
f 952 912 1001
f 809 1002 953
f 879 1003 975
f 731 1004 880
f 881 955 931
f 1005 954 977
f 954 1006 978
f 819 979 1007
f 956 1008 980
f 1009 933 981
f 938 933 1010
f 958 1011 982
f 982 888 857
f 1012 824 935
f 1013 935 959
f 824 889 935
f 1012 1014 824
f 983 1015 1016
f 1017 920 861
f 920 1017 937
f 896 986 963
f 986 938 1010
f 986 964 963
f 1010 987 964
f 940 987 1018
f 1018 988 940
f 989 941 988
f 943 989 1019
f 990 943 1019
f 1020 965 990
f 965 1021 966
f 1021 991 966
f 967 991 992
f 996 945 992
f 995 969 991
f 970 995 991
f 945 996 948
f 969 996 992
f 997 949 695
f 1022 908 926
f 1023 998 971
f 971 927 1000
f 1024 950 1025
f 950 1024 999
f 1024 1000 999
f 873 1001 972
f 972 1001 912
f 950 952 1001
f 1026 1027 1028
f 876 1029 877
f 976 1030 851
f 1004 731 780
f 880 1005 977
f 1004 1005 880
f 1031 931 955
f 1032 954 1005
f 954 1032 1006
f 1033 978 1006
f 978 979 853
f 819 1007 854
f 1008 956 1034
f 1035 980 1008
f 955 980 1036
f 981 957 1037
f 933 1009 1010
f 958 975 1011
f 888 982 934
f 1038 959 934
f 935 1013 1039
f 957 937 1037
f 937 1017 1037
f 1010 964 986
f 1040 987 1010
f 1018 987 1041
f 989 988 1042
f 1042 1019 989
f 1019 1043 990
f 1043 1020 990
f 1021 965 1020
f 1044 991 1021
f 991 1045 992
f 994 970 1046
f 1046 1047 994
f 969 1045 991
f 1048 970 991
f 1045 969 992
f 1022 997 908
f 998 1022 926
f 1049 1023 971
f 1000 1049 971
f 1050 949 1051
f 914 1052 808
f 1053 1054 1055
f 1056 847 973
f 1057 1056 973
f 975 1003 1011
f 1004 780 1030
f 931 1031 884
f 1036 1031 955
f 1058 1032 1005
f 1033 1006 1059
f 979 978 1060
f 1007 956 854
f 1061 1008 1034
f 980 1035 1036
f 1034 956 1007
f 914 884 1052
f 1037 1062 981
f 1062 1009 981
f 982 1011 1003
f 1063 934 982
f 934 1064 1038
f 959 1038 1013
f 935 1039 1012
f 1013 1065 1039
f 1066 1017 861
f 1017 1066 1037
f 1009 1040 1010
f 987 1040 1041
f 1041 1067 1018
f 988 1018 1067
f 988 1068 1042
f 1042 1069 1019
f 1043 1019 1070
f 1043 1071 1020
f 1044 1021 1020
f 1044 1048 991
f 970 1048 1046
f 1047 1046 1072
f 1073 1022 998
f 1023 1049 1074
f 1024 1074 1049
f 1049 1000 1024
f 998 1023 1075
f 950 1001 1025
f 949 997 1051
f 1076 1077 1078
f 1079 879 878
f 851 1030 780
f 1004 1080 1005
f 1052 884 1031
f 1031 1036 1081
f 1082 1006 1032
f 1059 1083 1033
f 1060 1007 979
f 978 1033 1060
f 1035 1008 1061
f 1036 1035 1084
f 1062 1037 1085
f 1009 1062 1041
f 1086 982 1003
f 1063 982 1086
f 1064 934 1063
f 1038 1065 1013
f 1087 1039 1065
f 1085 1037 1066
f 1040 1009 1041
f 1067 1041 1066
f 1068 988 1088
f 988 1067 1088
f 1068 1069 1042
f 1019 1069 1070
f 1070 1089 1043
f 1071 1043 1089
f 1071 1090 1020
f 1044 1020 1091
f 1048 1044 1046
f 1075 1073 998
f 1075 1023 1074
f 808 1002 809
f 1092 1093 1094
f 1057 1095 1077
f 1056 974 847
f 878 974 1079
f 879 1079 1003
f 1036 1084 1081
f 1058 1082 1032
f 1006 1082 1059
f 1083 1096 1033
f 1097 1007 1060
f 1060 1033 1098
f 1035 1099 1084
f 1062 1085 1041
f 1003 1100 1086
f 1064 1101 1038
f 1039 1087 1012
f 1087 1102 1012
f 1041 1085 1066
f 1088 1103 1068
f 1067 1066 1088
f 1090 1071 1089
f 1091 1020 1090
f 1104 1044 1091
f 1046 1044 1072
f 1105 1106 1107
f 1108 1109 1110
f 1111 1112 1113
f 1074 1114 1075
f 808 1052 1115
f 1116 1002 1115
f 1117 1118 845
f 974 1119 1079
f 1120 1003 1079
f 1052 1031 1081
f 1084 1121 1081
f 1080 1122 1005
f 1098 1097 1060
f 1007 1097 1123
f 1033 1096 1098
f 1035 1124 1099
f 1063 1086 1064
f 1103 1069 1068
f 1066 1103 1088
f 1069 1125 1070
f 1089 1070 1125
f 1089 1126 1090
f 1072 1044 1127
f 1128 1129 1130
f 1131 1105 1132
f 1132 1105 1133
f 1105 1131 1106
f 1134 1135 1136
f 1137 1134 1136
f 1137 1108 1134
f 1137 1109 1108
f 1138 1110 1109
f 1139 1140 1110
f 1140 1139 1141
f 1112 1141 1142
f 1112 1111 1141
f 1113 1112 1143
f 1144 1145 1146
f 1147 1072 1127
f 919 1116 1115
f 1148 1149 1150
f 1003 1120 1100
f 1004 1030 1151
f 1052 1081 1121
f 1122 1058 1005
f 1059 1082 1152
f 1096 1153 1098
f 1061 1154 1035
f 1154 1124 1035
f 1099 1124 1155
f 1155 1084 1099
f 1156 1061 1034
f 1101 1157 1038
f 1158 1159 1160
f 1161 1102 1087
f 1162 861 890
f 1163 1069 1103
f 1066 1162 1103
f 1089 1125 1164
f 1164 1126 1089
f 1090 1165 1091
f 1104 1091 1165
f 1044 1165 1127
f 1166 1167 1168
f 1169 1129 1128
f 1170 1171 1129
f 1131 1132 1172
f 1173 1174 1135
f 1136 1135 1174
f 1137 1136 1174
f 1138 1109 1175
f 1139 1110 1138
f 1141 1139 1142
f 1112 1142 1176
f 1112 1177 1143
f 1178 1179 1143
f 1180 1178 1181
f 1179 1178 1180
f 1182 1180 1181
f 1182 1146 1180
f 1183 1144 1146
f 1145 1144 1184
f 1114 1185 1075
f 1186 1185 1187
f 1127 1188 1147
f 1051 997 1189
f 917 919 1115
f 1190 917 1191
f 1192 1193 1194
f 974 1056 1119
f 1195 1120 1079
f 1196 1151 1030
f 1080 1197 1122
f 1058 1122 1082
f 1097 1098 1123
f 1198 1007 1123
f 1156 1034 1007
f 1084 1155 1121
f 1154 1061 1156
f 1065 1038 1157
f 1163 1199 1069
f 1162 1200 1103
f 1126 1164 1201
f 1044 1104 1165
f 1168 1202 1171
f 1203 1204 1167
f 1205 1206 1207
f 1172 1132 1208
f 1174 1173 1107
f 1109 1137 1175
f 1175 1209 1138
f 1209 1139 1138
f 1142 1139 1176
f 1177 1112 1210
f 1177 1178 1143
f 1178 1182 1181
f 1182 1183 1146
f 1211 1144 1183
f 1184 1144 1212
f 1213 1186 1187
f 1186 1075 1185
f 1214 1147 1188
f 1214 1215 1147
f 1073 1075 1186
f 1151 1216 1217
f 1218 1219 1190
f 1220 1221 1222
f 1056 1223 1119
f 1056 1057 1224
f 1080 1004 1197
f 1122 1152 1082
f 1096 1083 1225
f 1225 1153 1096
f 1226 1098 1153
f 1198 1156 1007
f 1154 1227 1124
f 1120 1228 1100
f 1065 1161 1087
f 1229 1230 1161
f 1231 890 1232
f 1233 1234 1164
f 1201 1235 1126
f 1164 1234 1201
f 1090 1188 1165
f 1188 1127 1165
f 1171 1236 1168
f 1167 1166 1203
f 1237 1204 1203
f 1237 1238 1204
f 1169 1170 1129
f 1132 1133 1239
f 1137 1174 1175
f 1209 1175 1240
f 1139 1209 1240
f 1139 1240 1176
f 1178 1177 1210
f 1112 1176 1210
f 1182 1178 1210
f 1182 1241 1183
f 1242 1243 1244
f 1245 1211 1183
f 1144 1211 1246
f 1212 1144 1247
f 1213 1242 1248
f 1249 1186 1213
f 1090 1214 1188
f 1090 1215 1214
f 1022 1073 1249
f 1197 1151 1051
f 1052 1155 1115
f 1191 917 1115
f 1079 1119 1223
f 1250 1079 1223
f 1250 1195 1079
f 1120 1195 1228
f 1121 1155 1052
f 1152 1251 1059
f 1083 1059 1251
f 1123 1098 1226
f 1156 1198 1154
f 1101 1252 1157
f 1161 1157 1252
f 1065 1157 1161
f 1229 1253 1230
f 1254 1255 1256
f 1234 1233 1257
f 1201 1258 1235
f 1234 1259 1201
f 1215 1090 1126
f 1166 1168 1260
f 1238 1237 1261
f 1206 1205 1262
f 1263 1170 1169
f 1133 1264 1239
f 1132 1265 1208
f 1266 1175 1174
f 1266 1240 1175
f 1241 1182 1210
f 1241 1245 1183
f 1243 1251 1244
f 1267 1144 1246
f 1247 1268 1212
f 1144 1267 1247
f 1268 1184 1212
f 1213 1248 1249
f 1073 1186 1249
f 1155 1191 1115
f 1222 1269 1076
f 1269 1224 1076
f 1151 1197 1004
f 1122 1197 1152
f 1270 1153 1225
f 1251 1271 1083
f 1083 1271 1272
f 1198 1123 1273
f 1228 1274 1100
f 1100 1275 1086
f 1064 1086 1276
f 1229 1161 1277
f 1253 1278 1230
f 1253 1229 1277
f 1254 1256 1279
f 1233 1125 1199
f 1233 1280 1257
f 1201 1281 1258
f 1259 1234 1257
f 1201 1259 1281
f 1126 1282 1215
f 1203 1166 1260
f 1171 1170 1236
f 1238 1261 1283
f 1237 1284 1261
f 1128 1207 1206
f 1169 1128 1285
f 1239 1265 1132
f 1265 1286 1208
f 1131 1107 1106
f 1240 1287 1176
f 1287 1210 1176
f 1251 1288 1244
f 1242 1244 1289
f 1211 1245 1246
f 1290 1267 1246
f 1291 1247 1267
f 1242 1289 1248
f 1248 1022 1249
f 997 1022 1189
f 1189 1292 1051
f 1218 1190 1293
f 1194 1218 1221
f 1221 1269 1222
f 1131 1224 1269
f 1250 1223 1294
f 1270 1226 1153
f 1226 1273 1123
f 1273 1154 1198
f 1154 1295 1227
f 1227 1295 1124
f 1155 1124 1190
f 1274 1228 1195
f 1275 1100 1274
f 1276 1086 1275
f 1296 1252 1101
f 1161 1252 1277
f 1253 1297 1278
f 1298 1254 1285
f 1280 1298 1257
f 1258 1282 1235
f 1259 1257 1262
f 1282 1126 1235
f 1260 1237 1203
f 1299 1284 1237
f 1261 1284 1300
f 1239 1264 1301
f 1265 1239 1302
f 1286 1172 1208
f 1286 1265 1303
f 1266 1287 1240
f 1292 1244 1288
f 1244 1292 1289
f 1271 1251 1243
f 1245 1304 1246
f 1184 1268 1305
f 1247 1306 1268
f 1290 1291 1267
f 1248 1289 1022
f 1289 1189 1022
f 1197 1051 1292
f 1218 1269 1221
f 1056 1224 1307
f 1308 1223 1056
f 1225 1083 1272
f 1226 1270 1309
f 1310 1124 1295
f 1311 1276 1275
f 1064 1312 1101
f 1298 1262 1257
f 1313 1299 1237
f 1299 1314 1284
f 1283 1261 1315
f 1284 1314 1300
f 1298 1128 1206
f 1262 1298 1206
f 1263 1169 1316
f 1170 1263 1317
f 1302 1239 1301
f 1318 1301 1264
f 1302 1303 1265
f 1319 1286 1303
f 1131 1174 1107
f 1269 1287 1266
f 1243 1320 1271
f 1320 1321 1271
f 1306 1247 1322
f 1155 1190 1191
f 1308 1056 1307
f 1223 1308 1294
f 1225 1272 1270
f 1226 1309 1323
f 1273 1226 1323
f 1154 1273 1295
f 1324 1275 1274
f 1311 1275 1324
f 1312 1064 1276
f 1296 1277 1252
f 1298 1280 1254
f 1260 1168 1325
f 1313 1237 1260
f 1236 1317 1168
f 1170 1317 1236
f 1261 1300 1315
f 1315 1326 1283
f 1300 1314 1327
f 1169 1285 1328
f 1263 1316 1317
f 1302 1327 1303
f 1319 1303 1329
f 1241 1293 1245
f 1245 1293 1304
f 1306 1305 1268
f 1247 1291 1322
f 1197 1292 1288
f 1197 1288 1152
f 1189 1289 1292
f 1218 1287 1269
f 1172 1307 1224
f 1250 1294 1330
f 1274 1195 1250
f 1321 1272 1271
f 1331 1323 1309
f 1332 1273 1323
f 1273 1332 1295
f 1124 1293 1190
f 1124 1310 1304
f 1124 1304 1293
f 1333 1276 1311
f 1334 1101 1312
f 1296 1101 1334
f 1278 1297 1335
f 1336 1253 1277
f 1337 1338 1285
f 1325 1339 1260
f 1339 1313 1260
f 1317 1325 1168
f 1299 1340 1314
f 1327 1315 1300
f 1314 1341 1327
f 1128 1298 1285
f 1335 1169 1328
f 1169 1335 1316
f 1301 1327 1302
f 1327 1329 1303
f 1307 1172 1286
f 1342 1319 1329
f 1318 1326 1315
f 1269 1266 1131
f 1293 1241 1210
f 1343 1344 1345
f 1320 1346 1321
f 1321 1346 1272
f 1246 1310 1290
f 1345 1305 1306
f 1131 1172 1224
f 1330 1274 1250
f 1288 1251 1152
f 1331 1332 1323
f 1290 1310 1295
f 1310 1246 1304
f 1276 1333 1312
f 1253 1336 1297
f 1340 1299 1313
f 1341 1314 1340
f 1327 1301 1315
f 1347 1327 1341
f 1329 1327 1347
f 1329 1348 1342
f 1319 1342 1308
f 1286 1319 1308
f 1315 1301 1318
f 1131 1266 1174
f 1210 1287 1293
f 1344 1343 1349
f 1291 1290 1332
f 1306 1322 1350
f 1287 1218 1293
f 1342 1330 1294
f 1290 1295 1332
f 1338 1328 1285
f 1336 1317 1316
f 1307 1286 1308
f 1347 1348 1329
f 1270 1346 1349
f 1349 1343 1270
f 1322 1331 1350
f 1345 1306 1350
f 1322 1291 1331
f 1342 1294 1308
f 1274 1330 1348
f 1348 1330 1342
f 1332 1331 1291
f 1324 1274 1351
f 1336 1277 1296
f 1297 1336 1335
f 1325 1312 1339
f 1325 1317 1352
f 1352 1317 1296
f 1336 1296 1317
f 1345 1270 1343
f 1272 1346 1270
f 1345 1350 1331
f 1274 1348 1351
f 1324 1340 1311
f 1340 1333 1311
f 1352 1334 1312
f 1296 1334 1352
f 1335 1336 1316
f 1328 1353 1335
f 1340 1313 1339
f 1312 1325 1352
f 1340 1324 1341
f 1345 1309 1270
f 1309 1345 1331
f 1351 1341 1324
f 1333 1339 1312
f 1333 1340 1339
f 1341 1351 1347
f 1347 1351 1348
f 1354 1050 1150
f 1355 1356 1357
f 1358 1359 1360
f 74 81 60
f 91 74 90
f 120 90 109
f 109 1361 119
f 118 152 150
f 1362 1363 1364
f 1365 1366 1367
f 181 182 183
f 181 183 1368
f 113 208 168
f 166 152 153
f 153 167 182
f 167 248 183
f 546 1369 1370
f 1368 183 1371
f 1372 247 1373
f 1374 1375 1376
f 462 1377 427
f 1378 1379 894
f 576 1380 344
f 1381 1369 546
f 1382 345 440
f 345 1382 508
f 547 508 1383
f 375 547 599
f 844 1384 1385
f 670 669 801
f 777 813 812
f 647 1386 1387
f 811 813 1388
f 1389 839 776
f 725 841 777
f 1390 1391 983
f 838 1392 1393
f 1394 841 1395
f 1002 1396 953
f 1026 1397 1398
f 1399 876 1400
f 1401 1402 1403
f 1050 1051 1404
f 1151 1196 1216
f 1196 1405 1216
f 838 1406 850
f 1150 1050 112
f 508 1382 1407
f 1408 1409 1410
f 1411 1412 1413
f 1414 801 1415
f 1416 192 344
f 1417 1418 1419
f 1029 1420 1095
f 111 1359 1150
f 1421 1422 1423
f 1016 890 861
f 1424 892 891
f 1425 841 1426
f 1148 1338 1427
f 1374 1428 1429
f 1430 1431 1432
f 844 1433 1384
f 1434 1435 430
f 463 1436 1437
f 1438 1216 1405
f 1200 1163 1103
f 151 1363 1439
f 1407 1383 508
f 1440 1441 1442
f 1368 1443 1444
f 1445 1446 1447
f 548 1448 600
f 1447 1449 1440
f 1450 1451 1452
f 1442 1453 1454
f 1455 1456 1457
f 1367 122 1458
f 1459 1460 1461
f 1462 1463 1464
f 1362 1465 1448
f 1466 1360 1359
f 1467 1438 1468
f 1469 1470 1471
f 79 1472 1473
f 1030 1474 1475
f 836 800 768
f 1216 1438 1476
f 1477 1478 1411
f 1479 1480 1481
f 113 122 1366
f 1482 1410 1409
f 1483 1484 844
f 600 1485 1486
f 1487 1488 1489
f 1408 1413 1490
f 429 1434 430
f 1491 1492 112
f 1493 1485 1448
f 1494 1442 1362
f 811 1486 1485
f 1495 1496 1497
f 1466 1498 1484
f 250 1499 1500
f 1095 1420 1077
f 1501 1369 1502
f 1230 1503 1504
f 1505 1504 1506
f 1507 1442 1454
f 1508 1509 1503
f 1478 1477 1419
f 1411 1413 1477
f 1510 1511 1512
f 1501 1502 1418
f 1511 1380 576
f 1459 1513 1514
f 1515 1516 1028
f 1508 1384 1509
f 1477 1413 313
f 1499 1517 1500
f 1487 1489 1497
f 1518 1458 1417
f 1519 544 1520
f 1501 1418 1417
f 1521 1522 1523
f 1481 1452 1524
f 1499 252 1525
f 1526 1475 1527
f 949 1357 1356
f 1528 1463 1529
f 1515 1529 1462
f 1529 1463 1462
f 1492 1491 1530
f 1363 1362 1439
f 1434 429 1531
f 1532 1533 1418
f 1466 1359 1498
f 1502 1519 1532
f 1534 1535 543
f 1519 1502 1536
f 1488 1150 1149
f 1512 1411 1478
f 1430 1429 1537
f 1483 1466 1484
f 1460 1459 1514
f 1532 1510 1533
f 105 1538 1407
f 1539 1522 891
f 1455 1472 1540
f 1028 1468 1515
f 839 838 850
f 1541 1542 1515
f 1405 1515 1468
f 1232 892 1434
f 1460 1514 1543
f 1540 105 1407
f 428 1537 1544
f 1451 1524 1452
f 1440 1442 1494
f 1545 1370 1369
f 1520 1546 1532
f 670 1511 571
f 1497 1489 1495
f 850 1547 976
f 1548 1416 1549
f 1520 1549 1546
f 1550 1414 1412
f 1475 1526 1196
f 1443 1364 1444
f 1511 670 1550
f 1511 1510 1546
f 1511 576 571
f 1541 1196 1526
f 1510 1478 1533
f 671 777 812
f 1549 1520 544
f 1512 1478 1510
f 1551 1439 1362
f 1030 976 1547
f 1393 1552 1547
f 1412 1411 1512
f 1526 1542 1541
f 1552 1553 1542
f 1502 1369 1536
f 1474 1030 1547
f 1533 1478 1418
f 1374 401 1375
f 1554 1528 1553
f 1514 1464 1463
f 1543 1528 1460
f 1406 1393 1547
f 1463 1528 1543
f 1553 1529 1542
f 1527 1552 1542
f 850 1406 1547
f 1468 1438 1405
f 1530 1217 1476
f 1476 1217 1216
f 1555 949 1556
f 1217 1530 1404
f 1151 1217 1051
f 1535 1549 543
f 1355 1557 1555
f 1488 1354 1150
f 1488 1487 1556
f 1354 949 1050
f 1555 1556 1487
f 949 1354 1556
f 1497 1355 1487
f 1555 1487 1355
f 112 1404 1491
f 1488 1556 1354
f 768 949 1558
f 1497 1496 1559
f 1560 1356 1561
f 1405 1541 1515
f 1560 1558 1356
f 1559 1561 1355
f 837 1562 1563
f 1562 837 1560
f 1496 1490 1562
f 1490 1413 1563
f 1490 1563 1562
f 544 1519 1536
f 1519 1520 1532
f 1478 1419 1418
f 1412 1512 1550
f 1501 1417 1369
f 543 542 1534
f 1536 542 544
f 542 1536 1369
f 545 546 1564
f 1455 1382 1564
f 437 1535 438
f 1540 1407 1382
f 1383 1407 1551
f 548 599 1362
f 1448 548 1362
f 546 1370 1455
f 599 1551 1362
f 1491 1404 1530
f 1485 600 1448
f 600 1486 1386
f 840 1565 1566
f 1567 1461 1460
f 1566 1528 1554
f 1382 1455 1540
f 1414 1550 801
f 507 1381 546
f 507 438 1534
f 1417 1545 1369
f 1548 437 405
f 543 1549 544
f 1564 546 1455
f 1564 439 545
f 1380 1546 1416
f 437 1548 1549
f 344 318 576
f 1380 1416 344
f 1535 437 1549
f 1510 1532 1546
f 1549 1416 1546
f 1486 1461 1386
f 1461 1567 1386
f 1416 1548 192
f 405 438 345
f 1548 193 192
f 1415 801 1563
f 1412 1563 1413
f 1414 1563 1412
f 837 801 800
f 1357 949 1557
f 1148 1544 1428
f 1496 1562 1559
f 1560 837 1558
f 1561 1559 1560
f 1560 1559 1562
f 837 1563 801
f 1568 1569 1436
f 1414 1415 1563
f 1527 1542 1526
f 1404 1051 1217
f 1515 1542 1529
f 1527 1547 1552
f 1558 949 1356
f 1527 1475 1474
f 1196 1541 1405
f 1557 1355 1357
f 1393 1554 1553
f 1389 805 839
f 1547 1527 1474
f 1558 836 768
f 1550 670 801
f 1552 1393 1553
f 1404 112 1050
f 1559 1355 1497
f 837 836 1558
f 1369 1381 542
f 1532 1418 1502
f 1356 1355 1561
f 345 545 439
f 1570 1385 1335
f 1543 1514 1463
f 1382 440 1564
f 1512 1511 1550
f 1571 1572 1573
f 760 734 683
f 1386 647 600
f 734 760 1574
f 1387 758 647
f 1387 1575 759
f 507 546 345
f 542 1381 1534
f 1574 805 775
f 1511 1546 1380
f 1196 1030 1475
f 1557 949 1555
f 547 1551 599
f 440 439 1564
f 1529 1553 1528
f 134 133 113
f 1576 133 144
f 1551 547 1383
f 1535 1534 438
f 1534 1381 507
f 1548 405 193
f 805 1565 840
f 776 839 850
f 1554 1393 1392
f 807 1386 1567
f 1528 1566 1460
f 1392 1566 1554
f 1565 805 807
f 805 1574 806
f 734 1574 775
f 760 759 1574
f 806 759 1575
f 1575 1387 1386
f 1389 775 805
f 806 1575 807
f 1566 1392 840
f 1565 1567 1460
f 839 805 840
f 1565 807 1567
f 838 840 1392
f 683 647 760
f 647 758 760
f 759 758 1387
f 807 1575 1386
f 759 806 1574
f 1460 1566 1565
f 775 1389 776
f 1406 838 1393
f 1577 1573 1572
f 1537 428 1572
f 1578 1429 1430
f 1148 1374 1149
f 1374 1578 401
f 1579 1580 1581
f 1375 401 400
f 292 1582 469
f 1582 291 1583
f 1584 1585 1586
f 1587 1583 291
f 1409 1587 1482
f 253 1375 400
f 1569 1568 1588
f 1584 434 1585
f 469 434 433
f 1586 1589 1409
f 469 1582 434
f 310 312 1590
f 400 432 434
f 254 1580 1579
f 253 255 1375
f 1409 1496 1495
f 1496 1408 1490
f 1409 1495 1586
f 1591 1408 1410
f 1408 1496 1409
f 1375 1592 1593
f 1588 591 1571
f 1594 1595 151
f 1596 1583 1589
f 1437 1569 1435
f 1435 1434 892
f 1436 1569 1437
f 400 434 253
f 462 464 1377
f 467 534 591
f 467 535 534
f 1435 1577 430
f 465 591 1588
f 1573 1569 1588
f 1597 184 1408
f 1582 1583 1596
f 314 208 1365
f 1598 1596 1585
f 1376 1375 1593
f 463 1424 1599
f 1424 463 892
f 122 1367 1366
f 313 1365 1518
f 1365 1367 1518
f 313 1413 184
f 208 1366 1365
f 1417 1419 1518
f 1576 121 133
f 1367 1458 1518
f 121 113 133
f 121 1576 1600
f 184 1413 1408
f 1592 1375 255
f 185 292 209
f 1409 1589 1583
f 208 113 1366
f 1374 1429 1578
f 314 185 208
f 434 1580 253
f 1432 399 1578
f 1432 534 399
f 1458 1600 1576
f 1417 1458 144
f 1456 1545 135
f 1456 1370 1545
f 1456 1601 1602
f 1370 1456 1455
f 1603 1604 80
f 1473 1455 1605
f 1473 1605 79
f 1472 1455 1473
f 1472 79 91
f 1601 1606 1602
f 1472 91 105
f 120 1538 105
f 120 105 132
f 401 1578 399
f 1538 120 119
f 1538 1551 1407
f 1607 1603 1608
f 134 113 55
f 1609 1606 1610
f 1439 1538 119
f 1439 1594 151
f 150 1363 151
f 150 1611 1363
f 1457 1607 1608
f 1439 1551 1538
f 118 1595 1361
f 1611 150 166
f 166 1444 1611
f 181 1444 166
f 1444 1364 1611
f 1568 1436 1612
f 1613 1443 1368
f 55 1606 134
f 1540 1472 105
f 1500 1443 1613
f 1614 247 1613
f 1500 1613 250
f 1499 250 252
f 310 1615 311
f 1616 1525 252
f 1590 1617 1618
f 397 335 398
f 336 1619 397
f 1617 311 337
f 1617 312 311
f 425 1617 426
f 252 336 1615
f 1606 55 1610
f 1521 339 1522
f 1608 1605 1457
f 81 74 79
f 60 1610 55
f 1610 60 81
f 81 1604 1610
f 1609 1604 1603
f 1603 80 1608
f 426 1617 337
f 1457 1605 1455
f 1609 1607 1602
f 1456 1607 1457
f 1609 1603 1607
f 1609 1602 1606
f 1605 1608 79
f 1424 339 1599
f 1424 1522 339
f 1521 1590 339
f 892 463 1435
f 1604 81 80
f 1537 1428 1544
f 1620 1616 252
f 1374 1376 1149
f 255 1488 1149
f 135 134 1601
f 1579 1489 255
f 1579 1621 1489
f 1614 1622 247
f 1518 1419 313
f 1545 144 135
f 135 1601 1456
f 1417 144 1545
f 313 1419 1477
f 1616 1620 1521
f 313 314 1365
f 122 1600 1458
f 1581 1584 1586
f 1596 1586 1585
f 1590 1618 339
f 310 1620 252
f 1623 1572 1624
f 1620 310 1590
f 1615 310 252
f 1521 1620 1590
f 1593 1592 255
f 1599 339 338
f 1612 463 462
f 1361 109 118
f 119 1594 1439
f 336 252 1619
f 1623 1431 1430
f 1431 1624 534
f 1591 1597 1408
f 1625 185 1597
f 336 311 1615
f 1373 249 397
f 1372 251 250
f 397 1619 1373
f 335 397 249
f 168 208 209
f 1432 1578 1430
f 1626 464 1599
f 1626 1377 464
f 465 462 427
f 338 1627 425
f 1437 1435 463
f 185 1625 290
f 1598 1582 1596
f 290 292 185
f 1604 1609 1610
f 1612 465 1568
f 465 1612 462
f 1612 1436 463
f 1611 1364 1363
f 1482 291 1410
f 425 1618 1617
f 1595 1594 1361
f 1595 118 151
f 1571 591 1624
f 1607 1456 1602
f 1619 251 1373
f 1409 1583 1587
f 184 1597 185
f 255 1149 1376
f 255 1376 1593
f 591 534 1624
f 1587 291 1482
f 254 253 1580
f 186 185 314
f 1625 1410 290
f 1625 1591 1410
f 1618 340 339
f 79 1608 80
f 1591 1625 1597
f 313 184 186
f 251 1619 252
f 251 1372 1373
f 1622 248 247
f 1622 1613 1628
f 248 1629 183
f 248 1622 1629
f 1600 122 121
f 1628 1613 1368
f 1368 1444 181
f 1371 1628 1368
f 1628 1371 1622
f 1613 1372 250
f 1371 1629 1622
f 247 249 1373
f 247 1372 1613
f 183 1629 1371
f 336 397 337
f 290 1410 291
f 312 1617 1590
f 1622 1614 1613
f 1431 534 1432
f 1584 1581 434
f 1582 292 291
f 1431 1623 1624
f 1458 1576 144
f 1588 1571 1573
f 1599 464 463
f 1626 338 427
f 427 338 425
f 425 1627 340
f 338 1626 1599
f 1377 1626 427
f 1627 338 340
f 1594 119 1361
f 134 1606 1601
f 1488 255 1489
f 1581 1580 434
f 1537 1429 1428
f 1374 1148 1428
f 1430 1537 1572
f 1572 1623 1430
f 1572 428 430
f 1572 430 1577
f 1598 1585 1582
f 1571 1624 1572
f 425 340 1618
f 465 1588 1568
f 1586 1495 1621
f 1621 1495 1489
f 1435 1573 1577
f 1573 1435 1569
f 1621 1581 1586
f 1586 1596 1589
f 1581 1621 1579
f 255 254 1579
f 434 1582 1585
f 1504 1505 1230
f 1630 1631 1480
f 1632 1480 1631
f 1632 1631 1633
f 1634 1479 1635
f 1506 1636 1637
f 1422 1638 1639
f 1505 1637 1102
f 1230 1278 1508
f 1640 1014 1637
f 1230 1508 1503
f 1102 1161 1505
f 1640 1630 1641
f 1481 1480 1632
f 1524 1479 1481
f 1642 1643 1644
f 1645 1635 1479
f 1494 1362 1445
f 1449 1646 1451
f 1449 1447 1646
f 1447 1440 1445
f 1647 961 1648
f 1649 1650 1362
f 1650 1651 712
f 1443 1652 1653
f 1649 1654 1651
f 1652 1648 1653
f 962 1655 960
f 1653 1649 1362
f 1646 1635 1451
f 1467 1656 1438
f 1657 1643 1390
f 1525 984 1658
f 1657 1390 741
f 1616 984 1525
f 1657 741 788
f 1659 1469 1660
f 1661 1256 1662
f 1637 1014 1102
f 788 1643 1657
f 1479 1634 1663
f 1014 1640 936
f 1094 1664 1092
f 1665 1666 1643
f 1521 1523 1667
f 861 1162 1066
f 1539 1523 1522
f 1015 983 985
f 1522 1424 891
f 890 892 1232
f 1521 1667 984
f 1479 1641 1480
f 1531 1668 1434
f 1160 1669 890
f 1231 1232 1670
f 1671 1200 1669
f 1672 1279 1421
f 1159 1158 1673
f 1159 1673 1674
f 431 428 1638
f 428 1427 1639
f 1150 1675 1148
f 1675 1338 1148
f 1675 1358 1338
f 1675 1150 1359
f 1427 1544 1148
f 1483 1570 1466
f 936 1641 1663
f 1675 1359 1358
f 1483 1385 1570
f 1278 1385 1676
f 1483 844 1385
f 1160 1677 1669
f 1335 1353 1570
f 1570 1353 1466
f 1384 1508 1676
f 1531 1678 1668
f 1678 1673 1668
f 1669 1162 890
f 1677 1679 1671
f 431 1531 429
f 431 1638 895
f 1677 1671 1669
f 1673 1678 1674
f 1678 1680 1674
f 1679 1681 894
f 428 1639 1638
f 1379 1679 894
f 1679 1661 1671
f 1338 1337 1427
f 1427 428 1544
f 1639 1672 1423
f 1285 1254 1337
f 1671 1661 1200
f 1200 1162 1669
f 1672 1254 1279
f 1337 1254 1672
f 1682 1683 1656
f 1674 1680 1681
f 1451 1635 1645
f 1256 1661 1279
f 893 1638 1422
f 1160 1159 1677
f 895 1680 431
f 1676 1385 1384
f 894 1680 895
f 1476 1656 1683
f 1434 1668 1232
f 1391 1390 1666
f 1390 983 1016
f 741 1016 861
f 1390 1016 741
f 1480 1641 1630
f 1616 1521 984
f 983 1391 984
f 688 1655 656
f 936 1640 1641
f 1379 1421 1661
f 985 1523 1015
f 1523 985 1684
f 1658 1665 1642
f 1014 1012 1102
f 1125 1233 1164
f 936 1663 859
f 739 859 712
f 1635 1646 1634
f 859 1634 1646
f 739 712 655
f 1391 1658 984
f 1650 1649 1651
f 1649 1653 1648
f 1654 961 960
f 1654 1649 1648
f 1685 1199 1686
f 1686 1199 1163
f 1652 1443 1647
f 688 960 1655
f 1686 1662 1255
f 1662 1163 1661
f 1639 1337 1672
f 1687 962 1647
f 1670 1232 1668
f 1670 1668 1673
f 1539 891 890
f 1630 1640 1637
f 1661 1421 1279
f 1219 917 1190
f 1667 1684 985
f 1684 1667 1523
f 1523 1016 1015
f 1680 1678 1531
f 1654 960 1688
f 1517 1443 1500
f 1338 1358 1328
f 1662 1686 1163
f 1531 431 1680
f 1421 1378 893
f 688 458 712
f 1672 1421 1423
f 1674 1681 1159
f 1666 1665 1391
f 1636 1631 1637
f 1643 1666 1390
f 788 1655 962
f 1679 1677 1681
f 1427 1337 1639
f 1689 1504 1503
f 712 1447 1650
f 1660 1078 1690
f 1688 712 1651
f 1665 1658 1391
f 1691 1231 1670
f 788 1644 1643
f 1199 1125 1069
f 1254 1280 1255
f 1688 688 712
f 1650 1447 1446
f 890 1016 1539
f 1446 1445 1650
f 1654 1648 961
f 1642 1644 1692
f 890 1691 1158
f 1691 890 1231
f 1505 1161 1230
f 1422 1639 1423
f 1630 1637 1631
f 1499 1525 1692
f 1665 1643 1642
f 1199 1685 1233
f 1634 859 1663
f 1638 893 895
f 1466 1353 1360
f 1646 1447 712
f 1158 1160 890
f 824 1014 936
f 1233 1685 1280
f 1504 1631 1636
f 1652 1647 1648
f 1685 1255 1280
f 1200 1661 1163
f 1691 1670 1158
f 1667 985 984
f 1655 788 656
f 1422 1421 893
f 1685 1686 1255
f 1680 894 1681
f 894 893 1378
f 1360 1353 1328
f 1687 1647 1644
f 1687 788 962
f 1670 1673 1158
f 1645 1479 1524
f 1505 1506 1637
f 1647 962 961
f 1451 1645 1524
f 1364 1653 1362
f 1364 1443 1653
f 1650 1445 1362
f 1647 1517 1644
f 1661 1679 1379
f 1692 1644 1517
f 1057 1076 1224
f 1692 1517 1499
f 1256 1255 1662
f 1692 1658 1642
f 1688 960 688
f 1360 1328 1358
f 1479 1663 1641
f 1539 1016 1523
f 1379 1378 1421
f 1631 1504 1689
f 1631 1689 1633
f 1692 1525 1658
f 1219 1054 917
f 1688 1651 1654
f 1681 1677 1159
f 1449 1451 1440
f 1445 1440 1494
f 712 859 1646
f 1517 1647 1443
f 788 1687 1644
f 1676 1508 1278
f 1335 1385 1278
f 1636 1506 1504
f 1471 1192 1693
f 1492 110 112
f 1694 1470 1695
f 1682 1054 1696
f 1695 111 110
f 1695 1697 111
f 1693 1660 1469
f 1359 1697 1498
f 1697 1698 1498
f 110 1694 1695
f 1699 1694 1700
f 918 917 1053
f 1194 1219 1218
f 1701 1702 1696
f 1703 1219 1194
f 1695 1698 1697
f 1701 1219 1702
f 1702 1219 1703
f 1221 1192 1194
f 1699 1193 1192
f 1703 1700 1704
f 1660 1693 1220
f 1695 1470 1698
f 1705 846 1118
f 845 1484 1498
f 1659 1690 1706
f 1707 1708 1053
f 1117 1709 1118
f 1220 1222 1076
f 1220 1076 1078
f 1078 1077 1690
f 1078 1660 1220
f 1698 1470 1469
f 1117 845 1706
f 1690 1117 1706
f 1710 1683 1711
f 1442 1507 1712
f 1192 1221 1693
f 1117 1690 1709
f 877 1713 1057
f 1714 1092 1433
f 1469 1659 1498
f 1693 1221 1220
f 1471 1693 1469
f 1659 1706 845
f 844 846 1433
f 1433 1509 1384
f 845 844 1484
f 1420 1705 1709
f 1476 1683 1530
f 918 1708 1467
f 1027 919 1401
f 1467 1468 918
f 1396 1002 1715
f 1716 1462 1464
f 1420 1709 1077
f 953 1717 1718
f 1076 1057 1077
f 1719 1720 1721
f 1471 1470 1699
f 1029 1092 1420
f 1093 1722 1723
f 1713 1029 1095
f 1723 1664 1094
f 1664 1723 1724
f 1725 1399 1400
f 876 875 1400
f 875 1057 973
f 874 875 973
f 1057 1713 1095
f 1503 1509 1664
f 1420 1092 1714
f 1714 846 1705
f 1092 1664 1433
f 1664 1509 1433
f 1726 1514 1513
f 1727 1728 1729
f 1461 1730 1731
f 1461 1486 811
f 811 1485 1493
f 1730 1461 811
f 1732 1493 1448
f 1733 1734 1735
f 1633 1721 1632
f 1513 1461 1731
f 1395 841 953
f 1442 1465 1362
f 1467 1707 1656
f 846 845 1118
f 1451 1450 1440
f 1481 1720 1452
f 1632 1721 1720
f 1720 1481 1632
f 1736 1729 1737
f 1498 1698 1469
f 1712 1732 1442
f 1441 1453 1442
f 1738 930 1729
f 1739 1728 1719
f 1740 1725 1741
f 1476 1438 1656
f 1399 1722 1093
f 1738 1729 1728
f 1741 1721 1633
f 1741 1633 1742
f 1736 1727 1729
f 1741 1728 1739
f 1727 1720 1719
f 1742 1633 1689
f 1742 1740 1741
f 1740 1742 1724
f 1732 1465 1442
f 606 843 1712
f 1732 1743 1493
f 1744 1493 1743
f 1493 1744 1745
f 606 1454 1746
f 1707 1467 1708
f 842 1745 1744
f 1735 1745 842
f 812 810 671
f 810 700 671
f 1734 812 1735
f 1459 1461 1513
f 1448 1465 1732
f 1722 1740 1724
f 1737 755 702
f 1747 1716 1398
f 1055 1054 1682
f 1053 917 1054
f 1721 1741 1739
f 1740 1722 1725
f 1722 1399 1725
f 1689 1724 1742
f 1724 1689 1503
f 1093 1723 1094
f 1503 1664 1724
f 111 1697 1359
f 1713 877 1029
f 1747 1516 1716
f 1398 1397 1747
f 1683 1492 1530
f 1728 1741 1738
f 1401 1403 1028
f 1516 1747 1397
f 1734 1733 810
f 1748 1715 1002
f 1002 808 1115
f 1748 1027 1026
f 1715 1398 1396
f 1748 1116 1027
f 918 1468 1403
f 1401 1028 1027
f 1026 1028 1397
f 1516 1397 1028
f 842 1733 1735
f 1711 1682 1696
f 1219 1696 1054
f 875 874 930
f 930 1737 1729
f 1400 1738 1725
f 1719 1721 1739
f 1722 1724 1723
f 1738 875 930
f 702 1749 1750
f 930 755 1737
f 1738 1400 875
f 1725 1738 1741
f 1077 1709 1690
f 1708 918 1053
f 1702 1492 1710
f 1683 1710 1492
f 1002 1116 1748
f 111 1150 112
f 1703 1194 1193
f 1696 1710 1711
f 877 1057 875
f 1029 876 1093
f 1398 1715 1748
f 1719 1728 1727
f 1492 1704 110
f 1468 1028 1403
f 1498 1659 845
f 1659 1660 1690
f 1192 1471 1699
f 1402 918 1403
f 918 1402 919
f 1703 1704 1492
f 110 1704 1700
f 606 605 843
f 1703 1492 1702
f 1702 1710 1696
f 1462 1516 1515
f 812 1734 810
f 1402 1401 919
f 1055 1707 1053
f 1716 1516 1462
f 1701 1696 1219
f 1470 1694 1699
f 110 1700 1694
f 1743 1732 1712
f 1453 1746 1454
f 605 726 672
f 1751 1752 675
f 606 1507 1454
f 1753 676 553
f 553 726 1753
f 726 605 607
f 726 553 604
f 1751 674 1746
f 1746 676 607
f 726 607 1753
f 1743 1712 843
f 1752 1441 675
f 675 1440 1450
f 675 1441 1440
f 701 674 673
f 674 1751 675
f 674 701 676
f 1736 1737 702
f 1749 702 673
f 1736 702 1750
f 1750 1754 1450
f 1720 1727 1452
f 1441 1752 1453
f 1394 1755 1426
f 1733 753 810
f 753 1733 842
f 1745 1735 811
f 1746 1453 1751
f 1709 1705 1118
f 846 1714 1433
f 1092 1029 1093
f 876 1399 1093
f 1420 1714 1705
f 1745 811 1493
f 843 605 672
f 607 676 1753
f 1656 1055 1682
f 1707 1055 1656
f 1026 1398 1748
f 1727 1750 1452
f 1754 673 675
f 1749 1754 1750
f 1736 1750 1727
f 1452 1750 1450
f 1754 675 1450
f 1193 1700 1703
f 1746 607 606
f 1743 842 1744
f 753 843 672
f 1735 812 811
f 1754 1749 673
f 1700 1193 1699
f 676 1746 674
f 1743 843 842
f 1751 1453 1752
f 1507 606 1712
f 1683 1682 1711
f 1116 919 1027
f 1396 1717 953
f 1717 1756 1718
f 1396 1716 1717
f 1716 1396 1398
f 1726 1757 1756
f 841 1394 1426
f 1756 1758 1718
f 1717 1726 1756
f 1731 1759 1513
f 1388 1731 1730
f 811 1388 1730
f 1394 1718 1758
f 1731 813 1759
f 1759 813 1425
f 1425 1760 1759
f 1755 1726 1513
f 1426 1755 1760
f 1394 1757 1755
f 1760 1513 1759
f 1513 1760 1755
f 1716 1464 1717
f 1464 1514 1717
f 1394 1756 1757
f 1717 1514 1726
f 1425 813 777
f 1395 953 1718
f 1758 1756 1394
f 1394 1395 1718
f 1731 1388 813
f 1760 1425 1426
f 1757 1726 1755
f 1425 777 841
f 1761 1762 1763
f 1762 1764 1765
f 1763 1762 1765
f 1764 1762 1766
f 1767 1768 1769
f 1770 1768 1767
f 1771 1772 1773
f 1774 1775 1776
f 1777 1778 1779
f 1780 1777 1781
f 1782 1783 1784
f 1785 1786 1787
f 1788 1771 1789
f 1790 1791 1792
f 1793 1773 1772
f 1794 1795 1796
f 1797 1798 1799
f 1771 1788 1800
f 1789 1801 1802
f 1803 1804 1779
f 1779 1781 1777
f 1805 1794 1796
f 1796 1772 1786
f 1771 1778 1772
f 1804 1781 1779
f 1806 1785 1787
f 1785 1806 1775
f 1773 1807 1808
f 1794 1805 1785
f 1777 1787 1786
f 1800 1778 1771
f 1800 1779 1778
f 1786 1805 1796
f 1774 1776 1809
f 1795 1793 1796
f 1810 1811 1806
f 1773 1808 1771
f 1812 1794 1774
f 1812 1774 1809
f 1813 1776 1814
f 1785 1774 1794
f 1811 1814 1775
f 1805 1786 1785
f 1775 1774 1785
f 1811 1775 1806
f 1786 1772 1778
f 1815 1816 1817
f 1796 1793 1772
f 1818 1819 1820
f 1820 1821 1817
f 1795 1794 1812
f 1790 1822 1823
f 1814 1776 1775
f 1798 1789 1824
f 1778 1777 1786
f 1825 1823 1822
f 1826 1827 1828
f 1821 1829 1830
f 1831 1832 1833
f 1803 1779 1791
f 1827 1826 1834
f 1835 1832 1836
f 1837 1802 1838
f 1839 1840 1804
f 1791 1790 1839
f 1809 1813 1841
f 1833 1832 1842
f 1801 1843 1802
f 1813 1844 1841
f 1790 1823 1845
f 1846 1847 1848
f 1822 1790 1792
f 1777 1780 1787
f 1849 1850 1839
f 1851 1852 1853
f 994 1047 1072
f 1854 947 994
f 1854 994 1072
f 1855 1001 1856
f 1113 1143 1857
f 1111 1113 1857
f 1858 1349 1346
f 1858 1346 1320
f 1859 1857 1180
f 1074 1024 1860
f 1854 1072 1147
f 663 662 1861
f 1024 1025 1001
f 873 929 1856
f 1001 873 1856
f 1858 1320 1243
f 1074 1860 1114
f 1187 1185 1114
f 1187 1114 1860
f 1179 1180 1143
f 1145 1184 1146
f 1862 1133 1105
f 1863 1146 1184
f 1180 1857 1143
f 1864 1766 1865
f 1788 1792 1791
f 1809 1866 1812
f 1844 1867 1841
f 1868 1821 1869
f 1870 1871 1872
f 1873 1828 1874
f 1799 1798 1837
f 1840 1830 1875
f 1836 1876 1877
f 1878 1871 1879
f 1852 1828 1873
f 1878 1872 1871
f 1868 1806 1780
f 1867 1880 1841
f 1834 1881 1827
f 1882 1883 1884
f 1762 1885 1886
f 1810 1806 1868
f 1851 1797 1826
f 1804 1791 1839
f 1878 1879 1826
f 1771 1808 1789
f 1829 1868 1780
f 1845 1839 1790
f 1852 1851 1826
f 1839 1887 1849
f 1845 1887 1839
f 1789 1798 1822
f 1817 1888 1820
f 1822 1798 1825
f 1779 1800 1791
f 1889 1890 1891
f 1825 1851 1853
f 1765 1882 1884
f 1827 1881 1892
f 1865 1893 1894
f 1895 1896 1885
f 1897 1898 1881
f 1879 1871 1899
f 1835 1900 1832
f 1766 1762 1886
f 1882 1901 1883
f 1902 1903 1904
f 1852 1845 1823
f 1849 1905 1850
f 1899 1834 1879
f 1852 1826 1828
f 1834 1826 1879
f 1874 1846 1848
f 1871 1870 1899
f 1836 1877 1835
f 1875 1829 1781
f 1890 1889 1845
f 1847 1846 1881
f 1875 1830 1829
f 1804 1875 1781
f 1887 1845 1889
f 1822 1792 1789
f 1851 1825 1797
f 1889 1891 1887
f 1789 1808 1801
f 1872 1831 1870
f 1892 1828 1827
f 1804 1840 1875
f 1831 1833 1870
f 1853 1852 1823
f 1852 1906 1845
f 1881 1834 1899
f 1792 1788 1789
f 1907 1838 1908
f 1829 1780 1781
f 1802 1837 1824
f 1791 1804 1803
f 1824 1789 1802
f 1868 1829 1821
f 1800 1788 1791
f 1823 1825 1853
f 1824 1837 1798
f 1850 1830 1840
f 1909 1910 1911
f 1887 1891 1905
f 1850 1840 1839
f 1820 1912 1818
f 1912 1820 1888
f 1850 1913 1830
f 1910 1830 1913
f 1849 1887 1905
f 1910 1913 1911
f 1797 1878 1826
f 1905 1913 1850
f 1914 1836 1832
f 1833 1897 1881
f 1806 1787 1780
f 1877 1915 1835
f 1916 1917 1918
f 1213 1187 1860
f 1919 1920 1907
f 1921 1922 1923
f 1924 1925 1926
f 1927 1928 1929
f 1860 1243 1242
f 1908 1930 1931
f 1932 1926 1927
f 1783 1933 1784
f 1934 1935 1936
f 1934 1880 1867
f 1937 1938 1939
f 1940 1941 1942
f 1943 1944 1945
f 1946 1947 1948
f 1949 1950 1947
f 1951 1952 1953
f 1807 1930 1843
f 1954 1925 1955
f 1956 1957 1958
f 1959 1960 1961
f 1962 1963 1964
f 1965 1953 1952
f 1961 1920 1966
f 1967 1940 1942
f 1878 1799 1968
f 1960 1959 1799
f 1837 1960 1799
f 1947 1953 1969
f 1961 1960 1907
f 1959 1970 1831
f 1838 1907 1837
f 1960 1837 1907
f 1971 1959 1961
f 1968 1959 1831
f 1870 1881 1899
f 1842 1832 1900
f 1972 1915 1973
f 1869 1974 1810
f 1954 1975 1976
f 1918 1917 1922
f 1835 1915 1900
f 1243 1860 1858
f 1922 1977 1923
f 1922 1921 1918
f 1978 1979 1980
f 1981 1807 1773
f 1810 1868 1869
f 1808 1807 1801
f 1797 1799 1878
f 1825 1798 1797
f 1907 1920 1961
f 1930 1807 1982
f 1931 1983 1984
f 1920 1919 1966
f 1966 1985 1961
f 1916 1986 1917
f 1987 1917 1988
f 1989 1990 1991
f 1984 1916 1908
f 1919 1918 1966
f 1990 1992 1993
f 1983 1994 1984
f 1995 1943 1844
f 1931 1984 1908
f 1996 1932 1997
f 1924 1951 1998
f 1997 1932 1999
f 2000 1954 1976
f 1972 1877 2001
f 1908 1916 1919
f 2002 2003 1999
f 1986 1916 1984
f 1919 1916 1918
f 1898 1842 1900
f 1843 1930 1838
f 1802 1843 1838
f 1983 1931 1930
f 1954 2004 1925
f 1932 1996 1951
f 1929 1976 2005
f 2004 1926 1925
f 1930 1908 1838
f 1926 1928 1927
f 929 928 2006
f 928 993 794
f 1998 1953 1950
f 1844 1813 2007
f 1968 1872 1878
f 2008 2009 2010
f 2011 1867 1844
f 2012 2013 2014
f 1953 1965 1969
f 1963 1962 2015
f 1946 2016 1949
f 1951 1924 1932
f 2017 2018 2019
f 1925 1924 1941
f 2020 2017 2019
f 1940 1955 1925
f 2021 1967 1942
f 1908 1919 1907
f 2022 2023 2024
f 2025 1866 2026
f 1942 2027 2028
f 1941 1940 1925
f 1963 1983 1982
f 1940 1967 2029
f 2030 1937 1939
f 1951 1953 1998
f 1974 1819 1818
f 2019 2031 2023
f 1841 1866 1809
f 2011 1844 1943
f 1807 1843 1801
f 2024 1936 2022
f 2023 2031 2030
f 2032 1866 1880
f 2022 2019 2023
f 1935 2022 1936
f 2023 2030 2024
f 1939 2026 2024
f 1795 1866 2033
f 1945 1934 1867
f 2034 1939 2033
f 1866 2032 2026
f 2026 2032 2024
f 2025 2034 2033
f 2035 1818 2036
f 1934 2032 1880
f 1877 1972 1973
f 2025 2033 1866
f 2037 2027 1941
f 2030 1939 2024
f 1941 2027 1942
f 1939 2012 2033
f 1934 1936 2032
f 1945 1935 1934
f 1936 2024 2032
f 1799 1959 1968
f 1983 1963 2015
f 1892 1846 1874
f 1807 1981 1982
f 2038 2039 1944
f 1881 1870 1833
f 1876 1836 2040
f 1983 1930 1982
f 1968 1831 1872
f 1773 1793 1981
f 1795 1963 1793
f 1846 1892 1881
f 1810 2041 1811
f 2001 2042 1972
f 1963 1982 1793
f 1912 2036 1818
f 1982 1981 1793
f 2043 2044 2045
f 2046 2047 2048
f 2049 2050 2051
f 2052 2053 2054
f 2055 2056 2057
f 2052 2058 2053
f 2059 2060 2061
f 2062 2063 2064
f 2065 2066 2067
f 2068 2069 2070
f 2070 2069 2071
f 2072 2073 2074
f 2075 2056 2076
f 2077 2078 2079
f 2080 2074 2081
f 1967 2082 2012
f 2083 2069 2084
f 2012 1938 1967
f 2073 2085 2074
f 2086 2076 2056
f 2087 2080 1876
f 2077 2079 2061
f 2088 1940 2029
f 2080 2081 2089
f 2068 2090 2069
f 2091 2092 2042
f 2068 2093 2090
f 1969 2094 1947
f 2095 2070 2096
f 2087 2097 2098
f 2099 2100 2071
f 2097 2072 2098
f 2101 2072 2102
f 2102 2097 2103
f 2073 2101 2059
f 2059 2104 2105
f 1938 2106 1967
f 2107 2108 2109
f 2101 2107 2059
f 2109 2102 2103
f 2110 2111 2112
f 2089 2081 2068
f 1813 1814 2007
f 2072 2074 2098
f 2098 2074 2087
f 2107 2101 2102
f 1940 2088 1955
f 2113 2114 2115
f 2116 2117 2118
f 2119 2120 2121
f 2047 2122 2123
f 2061 2124 2077
f 2125 2126 2127
f 2128 2129 2130
f 2131 2132 2062
f 2133 2134 2135
f 2136 2137 2138
f 2112 2139 2048
f 2140 2141 2142
f 2143 2144 2145
f 2146 2147 2148
f 2043 2149 2150
f 2151 2122 2152
f 2150 2129 2128
f 2114 2153 2062
f 2118 2117 2091
f 2154 2155 2156
f 1769 1768 2129
f 1768 2157 2158
f 2159 2160 2161
f 2162 2163 2050
f 2164 2165 2166
f 2164 2167 2094
f 2168 2169 2123
f 2061 2170 2059
f 2171 2100 2075
f 2172 2173 2094
f 2174 2175 2176
f 2170 2073 2059
f 2138 2177 2178
f 1768 2179 2129
f 2180 2115 2114
f 2141 2140 2181
f 2182 2180 2183
f 2147 2178 2181
f 2184 2167 1948
f 2122 2185 2123
f 2186 2187 2145
f 2188 2189 2156
f 2190 2148 2147
f 2191 2192 2193
f 2194 2142 2195
f 2171 2075 2188
f 2196 2177 2137
f 2048 2047 2110
f 2084 2078 2077
f 2197 2126 2125
f 2198 2199 2177
f 2146 2047 2123
f 2070 2071 2200
f 2175 2065 2176
f 2065 2175 2066
f 2147 2181 2190
f 2195 2201 2194
f 2202 1933 1783
f 2046 2152 2122
f 2178 2147 2146
f 2185 2151 2155
f 2172 1957 2203
f 2057 2204 2055
f 2205 2130 2206
f 2206 2182 2207
f 2208 2132 2131
f 2045 2063 2209
f 2064 2210 2211
f 2195 2142 2141
f 2209 2132 2133
f 2212 2197 2161
f 2148 2047 2146
f 2213 2214 2215
f 2168 2154 2054
f 2216 2156 2151
f 2205 2043 2128
f 2196 2121 2177
f 2136 2217 2218
f 2060 2124 2061
f 2066 2206 2067
f 2054 2154 2052
f 2200 2071 2219
f 2220 2221 2222
f 2121 2223 2224
f 2052 2225 2058
f 2151 2185 2122
f 2226 2227 2228
f 2221 2229 2230
f 1876 2080 2001
f 2085 2170 2090
f 2231 2071 2232
f 2120 2119 2233
f 2234 2235 2223
f 2153 2236 2062
f 2156 2237 2188
f 2122 2047 2046
f 2174 2176 2238
f 2179 2130 2129
f 2232 2237 2239
f 2210 2205 2207
f 2206 2240 2182
f 2119 2196 2233
f 2057 2241 2099
f 2229 2107 2242
f 2063 2045 2243
f 2244 2136 2218
f 2213 2226 2228
f 2217 2227 2218
f 2245 2225 2154
f 2053 2058 2215
f 2099 2204 2057
f 2246 2065 2247
f 2072 2101 2073
f 2179 1768 2158
f 2053 2215 2054
f 2248 2220 2249
f 2179 2067 2130
f 2214 2213 2054
f 2250 2251 2193
f 2086 2248 2249
f 2200 2252 2070
f 2199 2141 2177
f 2137 2136 2244
f 2043 2150 2128
f 2253 2046 2254
f 2255 2256 2235
f 2126 2150 2149
f 1877 1876 2001
f 2248 2086 2055
f 2240 2257 2235
f 2075 2189 2188
f 2104 2229 2105
f 2120 2258 2234
f 2178 2169 2138
f 2225 2245 2259
f 2177 2141 2181
f 2174 2201 2195
f 2199 2174 2195
f 2260 2051 2050
f 2078 2170 2079
f 2217 2136 2228
f 2227 2217 2228
f 2261 2248 2055
f 2262 2161 2197
f 2263 2187 2264
f 2115 2256 2255
f 2265 2266 2267
f 2268 2269 2270
f 2045 2149 2043
f 2035 2036 2271
f 2241 2057 2056
f 1903 2272 2273
f 2144 2143 2231
f 1864 2274 1882
f 2168 2185 2155
f 2169 2168 2054
f 2275 2276 2277
f 2278 2279 2280
f 2232 2239 2231
f 2156 2155 2151
f 2281 1784 2282
f 2077 2204 2084
f 2177 2138 2137
f 2208 2131 2283
f 2175 2174 2198
f 2284 2285 2283
f 2286 2287 2288
f 2289 2290 2291
f 2292 2293 2120
f 2161 2160 2212
f 2170 2085 2073
f 2294 2295 2270
f 2237 2156 2216
f 2067 2247 2065
f 2269 2296 2294
f 2100 2241 2075
f 2130 2067 2206
f 2250 2192 2262
f 2198 2224 2240
f 2163 2260 2050
f 2260 2086 2249
f 1996 2008 1951
f 2297 2298 2299
f 2300 2251 2301
f 2134 2277 2276
f 2290 2289 2287
f 2226 2213 2215
f 2295 2302 2303
f 2295 2294 2304
f 2207 2182 2183
f 2301 2275 2296
f 2304 2305 2295
f 2306 2285 2236
f 2260 2154 2076
f 2307 2299 2298
f 2277 2307 2298
f 2308 2309 2310
f 2212 2160 2311
f 2133 2135 2125
f 2140 2190 2181
f 2234 2255 2235
f 2255 2113 2115
f 2064 2243 2210
f 2049 2259 2162
f 2276 2125 2135
f 2138 2169 2054
f 2196 2119 2121
f 2299 2307 2312
f 2299 2313 2314
f 2285 2315 2283
f 2258 2120 2293
f 2211 2210 2183
f 2251 2250 2276
f 2306 2236 2316
f 2317 2318 2319
f 2283 2134 2133
f 2114 2062 2064
f 2320 2321 2322
f 2323 2304 2297
f 2324 2325 2326
f 2127 2209 2327
f 2275 2277 2304
f 2253 2254 2328
f 2135 2134 2276
f 2250 2125 2276
f 2257 2240 2224
f 2313 2299 2289
f 2329 2330 2005
f 2287 2312 2306
f 2257 2223 2235
f 2049 2331 2259
f 2123 2178 2146
f 2332 2333 2334
f 2086 2260 2076
f 2331 2058 2259
f 2296 2268 2301
f 1945 2335 1935
f 2336 2337 2338
f 2033 1963 1795
f 2339 2333 2332
f 2260 2249 2051
f 2169 2178 2123
f 2340 2341 2342
f 2175 2240 2206
f 2189 2154 2156
f 2012 2343 2013
f 2344 2345 2346
f 2128 2130 2205
f 2347 2348 2349
f 2203 2350 2351
f 2352 2353 2354
f 2355 1971 2356
f 2088 2106 1954
f 2033 2012 1964
f 2296 2304 2294
f 2114 2113 2236
f 2189 2076 2154
f 2306 2316 2357
f 1795 1812 1866
f 2358 2194 2359
f 2025 2026 2034
f 2109 2360 2361
f 2204 2083 2084
f 2293 2218 2227
f 2361 2356 2242
f 2087 1876 2097
f 2362 2134 2283
f 2274 1864 2363
f 2364 1972 2365
f 1921 1923 1985
f 1985 1923 2356
f 2366 2300 2344
f 2367 2344 2300
f 2346 2345 2368
f 2369 2271 2036
f 2216 2328 2237
f 2215 2354 2370
f 2281 2371 1784
f 2372 2373 2374
f 2237 2328 2239
f 2060 2059 2105
f 2124 2055 2375
f 2208 2133 2132
f 2362 2307 2277
f 2376 1782 2377
f 2378 2379 2380
f 2381 2382 2383
f 2384 2385 2386
f 2387 2388 2266
f 2389 2390 2391
f 2392 2304 2323
f 2220 2248 2261
f 1933 2202 2393
f 2371 2394 1782
f 2371 2281 2395
f 2371 2396 2394
f 2397 2341 2398
f 2399 2373 1903
f 2206 2207 2205
f 2400 2401 2402
f 2403 2404 2405
f 2406 2372 2407
f 1782 2394 2377
f 2127 2126 2149
f 2133 2327 2209
f 2240 2175 2198
f 2291 2322 2321
f 2408 2402 2401
f 2409 2372 2389
f 2010 2410 2411
f 2124 2261 2055
f 2412 2345 2268
f 2012 2082 2413
f 2056 2075 2241
f 2414 2415 2416
f 2272 1903 1902
f 2378 2417 2387
f 2190 2140 2142
f 2249 2049 2051
f 2314 2313 2418
f 2419 2387 2420
f 2409 1904 2372
f 2265 2412 2266
f 2421 2422 2423
f 2268 2270 2412
f 2412 2424 2420
f 2210 2207 2183
f 2309 2308 2318
f 2425 2318 2317
f 2064 2063 2243
f 2426 2427 2408
f 2428 2318 2308
f 2319 2426 2429
f 2389 2391 2430
f 2359 2194 2238
f 2229 2221 2105
f 2400 2402 2431
f 2432 2425 2429
f 2414 1861 2415
f 2433 2416 2415
f 2253 2152 2046
f 2434 2110 2148
f 2415 1861 662
f 2415 662 719
f 2237 2100 2171
f 2435 2436 2363
f 2291 2290 2437
f 2319 2425 2317
f 2428 2319 2318
f 2432 2401 2423
f 2266 2412 2420
f 2196 2137 2233
f 2221 2261 2105
f 2302 2321 2303
f 2152 2253 2216
f 2309 2318 2290
f 2299 2312 2287
f 2374 2373 2399
f 2174 2199 2198
f 2438 2359 2238
f 1988 1917 2439
f 2440 2408 2441
f 2405 2404 2442
f 2443 2444 2445
f 2431 2446 2447
f 2331 2049 2448
f 2180 2211 2183
f 2418 2323 2297
f 2328 2216 2253
f 2074 2090 2093
f 2203 1957 2449
f 2450 2451 2398
f 2245 2162 2259
f 2114 2064 2211
f 2241 2100 2099
f 2444 2443 2452
f 2377 2396 1902
f 2120 2233 2292
f 2225 2259 2058
f 2290 2310 2309
f 2167 2184 2094
f 2218 2293 2292
f 2143 2200 2219
f 2445 2453 2443
f 2398 2341 2450
f 2397 2409 2389
f 2398 1782 2376
f 2290 2287 2310
f 2454 2455 2456
f 1965 1957 1969
f 1946 2457 2458
f 2148 2110 2047
f 2380 2379 2423
f 2162 2245 2163
f 2459 2460 2461
f 2187 2252 2200
f 2308 2462 2463
f 2268 2367 2300
f 2464 2465 2466
f 2350 2449 2467
f 2368 2468 2346
f 2469 2470 2471
f 1973 1915 1877
f 2305 2302 2295
f 2430 2472 2342
f 2310 2287 2286
f 2200 2143 2187
f 2390 2446 2473
f 2474 2402 2408
f 2387 2266 2420
f 2381 2475 2388
f 2303 2420 2424
f 2120 2223 2121
f 2291 2313 2289
f 2476 2477 2478
f 2345 2367 2268
f 2269 2294 2270
f 2479 2282 2480
f 2481 2379 2419
f 2363 1864 1865
f 2482 2321 2302
f 2388 2417 2381
f 2383 2483 2475
f 2323 2418 2392
f 2484 2420 2303
f 2387 2379 2378
f 1893 2485 2272
f 2408 2429 2426
f 2181 2178 2177
f 2228 2054 2213
f 2442 2471 2405
f 2305 2304 2392
f 2224 2198 2121
f 2432 2486 2425
f 2417 2487 2381
f 2488 2368 2345
f 2489 2467 2435
f 2225 2052 2154
f 1886 1885 2485
f 1914 2040 1836
f 2432 2423 2481
f 2379 2481 2423
f 2412 2265 2345
f 2293 2227 2215
f 2116 2490 2117
f 2466 2385 2384
f 2131 2284 2283
f 2388 2267 2266
f 2482 2291 2321
f 2491 1207 2492
f 2276 2275 2301
f 2116 2089 2068
f 1813 1809 1776
f 2320 2425 2486
f 2242 1977 2229
f 2466 2465 2385
f 2040 1914 2103
f 2221 2220 2261
f 2364 2493 2494
f 1959 1971 1970
f 2495 2453 2445
f 2070 2095 2490
f 2211 2180 2114
f 2356 1923 2242
f 2382 2381 2487
f 2229 2104 2107
f 2469 2442 2452
f 2337 2308 2310
f 2496 2497 2470
f 2345 2265 2488
f 2227 2226 2215
f 2155 2154 2168
f 2314 2297 2299
f 2240 2180 2182
f 2423 2422 2380
f 2290 2318 2437
f 2401 2421 2423
f 2420 2484 2419
f 2284 2062 2236
f 2235 2180 2240
f 2268 2296 2269
f 2401 2400 2421
f 2261 2124 2105
f 2320 2486 2303
f 2473 2408 2440
f 2254 2239 2328
f 2482 2418 2313
f 2108 2107 2102
f 2437 2322 2291
f 2402 2498 2446
f 2375 2077 2124
f 2376 2397 2398
f 2283 2315 2362
f 2167 2499 1948
f 2132 2063 2062
f 2419 2484 2481
f 2486 2432 2481
f 2153 2114 2236
f 2427 2426 2428
f 1882 2500 1864
f 2220 2222 2049
f 1896 2485 1885
f 2426 2319 2428
f 2501 2263 2264
f 2437 2425 2320
f 2244 2292 2233
f 2255 2316 2113
f 2304 2277 2297
f 2177 2121 2198
f 2255 2258 2316
f 2071 2083 2204
f 2058 2331 2215
f 2100 2237 2232
f 2502 2312 2307
f 2392 2482 2302
f 2050 2049 2162
f 2292 2244 2218
f 2361 2242 2109
f 2215 2214 2054
f 2267 2388 2475
f 2075 2076 2189
f 2424 2295 2303
f 2291 2482 2313
f 2219 2071 2231
f 2289 2299 2287
f 2429 2408 2401
f 2077 2375 2204
f 2163 2154 2260
f 2145 2187 2143
f 2109 2242 2107
f 2232 2071 2100
f 2446 2498 2473
f 2258 2255 2234
f 2154 2163 2245
f 2297 2314 2418
f 2132 2209 2063
f 2208 2283 2133
f 2503 2504 2222
f 2286 2288 2505
f 2440 2506 2391
f 2440 2391 2473
f 2152 2216 2151
f 2307 2315 2507
f 2065 2238 2176
f 2390 2473 2391
f 2466 2384 2506
f 2302 2305 2392
f 2284 2131 2062
f 2149 2045 2209
f 2141 2199 2195
f 2441 2463 2508
f 2229 1977 2230
f 2372 2406 2389
f 2136 2138 2228
f 2422 2431 2497
f 2427 2428 2441
f 2165 2094 2173
f 2509 2338 2337
f 2506 2440 2441
f 1784 2371 1782
f 2508 2466 2441
f 2408 2473 2498
f 2469 2452 2487
f 2431 2402 2446
f 2431 2421 2400
f 2422 2496 2380
f 1904 1903 2373
f 2396 2371 1893
f 2450 2341 2340
f 2498 2474 2408
f 2277 2134 2362
f 2083 2071 2069
f 2205 2210 2044
f 2233 2137 2244
f 2273 2272 2510
f 2510 2272 2511
f 2307 2507 2502
f 2078 2084 2170
f 2372 2470 2407
f 2484 2486 2481
f 2512 2399 2510
f 2399 2512 2374
f 2387 2419 2379
f 2405 2471 2513
f 2470 2497 2447
f 2407 2470 2447
f 2452 2443 2487
f 1971 1961 2356
f 2453 2483 2383
f 2385 2166 2386
f 2223 2257 2224
f 2074 2085 2090
f 2398 2451 2202
f 2084 2090 2170
f 2173 2351 2165
f 2465 2514 2515
f 2382 2487 2443
f 2506 2441 2466
f 2463 2516 2508
f 2160 2159 2517
f 2071 2204 2099
f 2508 2516 2518
f 2462 2308 2337
f 2384 2472 2506
f 2471 2470 2513
f 2428 2308 2463
f 2470 2374 2519
f 2388 2387 2417
f 2513 2403 2405
f 2496 2378 2380
f 2463 2462 2516
f 2417 2378 2496
f 2429 2401 2432
f 2431 2422 2421
f 2487 2470 2469
f 2115 2180 2256
f 2296 2275 2304
f 2397 2520 2409
f 2355 2361 2521
f 2031 2018 2106
f 2306 2288 2287
f 2337 2522 2509
f 2523 2524 2525
f 2436 2526 2527
f 2337 2310 2505
f 2310 2286 2505
f 1882 1765 2500
f 2288 2522 2505
f 2528 2436 2435
f 2522 2337 2505
f 2520 2377 1904
f 2430 2342 2389
f 2399 2273 2510
f 2412 2295 2424
f 1902 2396 2272
f 2389 2406 2390
f 2069 2090 2084
f 2315 2285 2507
f 2470 2372 2374
f 2273 2399 1903
f 1782 2398 2202
f 2201 2238 2194
f 2370 2258 2293
f 2159 2161 2262
f 2044 2043 2205
f 2191 2251 2300
f 2396 2377 2394
f 2300 2301 2268
f 2191 2193 2251
f 2044 2243 2045
f 2192 2250 2193
f 2201 2174 2238
f 2250 2197 2125
f 2406 2446 2390
f 1904 2409 2520
f 2377 1902 1904
f 2243 2044 2210
f 2159 2262 2192
f 2104 2059 2107
f 2251 2276 2301
f 2327 2125 2127
f 2235 2256 2180
f 2091 2042 2118
f 2477 2529 2410
f 2478 2003 2530
f 2527 2531 2436
f 2464 2508 2518
f 2477 2532 2478
f 1954 2018 1975
f 2533 2534 2535
f 1999 2003 1997
f 2531 2274 2363
f 2118 2089 2116
f 2042 2001 2118
f 2536 2537 2538
f 2306 2539 2288
f 2348 2540 2541
f 1961 1985 2356
f 2542 2543 2544
f 1914 1832 1970
f 2109 2108 2102
f 2326 2458 2324
f 2349 2545 2476
f 2363 2436 2531
f 2509 2522 2546
f 2040 2097 1876
f 2038 2547 2548
f 2002 1992 2003
f 2539 2549 2522
f 2522 2288 2539
f 2395 1894 2371
f 1992 2530 2003
f 2408 2427 2441
f 2546 2522 2549
f 2460 2339 2332
f 2333 2339 2550
f 2124 2060 2105
f 1977 2242 1923
f 2357 2551 2552
f 2457 1946 1948
f 2474 2498 2402
f 2470 2487 2496
f 2553 2506 2472
f 2502 2285 2306
f 2554 2460 2555
f 2285 2284 2236
f 2453 2382 2443
f 2521 1970 2355
f 2555 2556 2554
f 2430 2553 2472
f 2470 2519 2513
f 2342 2341 2397
f 2460 2459 2557
f 2460 2554 2558
f 2383 2382 2453
f 2555 2460 2332
f 2559 2461 2558
f 2056 2055 2086
f 2555 2334 2556
f 1950 1949 2016
f 2343 2012 2413
f 2395 2435 2363
f 2351 2480 2165
f 1980 1979 2560
f 1970 2521 1914
f 2074 2080 2087
f 1914 2521 2360
f 2363 1865 1894
f 2551 2357 2258
f 2103 2097 2040
f 2499 2465 2458
f 1996 1997 2532
f 2019 2018 2031
f 2360 2103 1914
f 1831 1970 1832
f 2541 2529 2545
f 2109 2103 2360
f 1971 2355 1970
f 2477 2410 2009
f 2561 1989 2461
f 1918 1921 1985
f 2021 2325 2324
f 2541 2535 2529
f 2279 2562 2563
f 2535 2534 2529
f 2407 2446 2406
f 2028 2564 2325
f 2528 2533 2436
f 2560 1979 2561
f 2565 2340 2472
f 2335 2020 1935
f 2009 2410 2010
f 2335 2536 2538
f 1933 2282 1784
f 2167 2164 2166
f 2551 2370 2566
f 2476 2545 2477
f 2435 2467 2528
f 2360 2521 2361
f 2545 2529 2477
f 1958 2449 1956
f 2480 2166 2165
f 2567 2386 2568
f 1933 2568 2569
f 2467 2533 2528
f 1993 1992 2002
f 2281 2489 2435
f 2545 2349 2348
f 2329 2005 2455
f 1918 1985 1966
f 2442 2469 2471
f 2489 2281 2479
f 1948 2499 2457
f 1933 2569 2282
f 2570 2335 2538
f 2435 2395 2281
f 2031 1937 2030
f 2568 1933 2393
f 1957 1965 2411
f 2356 2361 2355
f 1956 2449 1957
f 2167 2166 2385
f 2446 2407 2447
f 2451 2567 2568
f 2411 1958 1957
f 1946 1949 1947
f 2413 2082 2571
f 1952 2411 1965
f 2572 2027 2037
f 1980 1858 1860
f 2428 2463 2441
f 2533 2526 2436
f 2375 2055 2204
f 1782 2202 1783
f 2496 2422 2497
f 2166 2568 2386
f 2094 1948 1947
f 2567 2565 2386
f 2397 2376 2520
f 2173 2172 2203
f 2221 2230 2222
f 2568 2480 2569
f 2451 2393 2202
f 2393 2451 2568
f 2274 1901 1882
f 2569 2480 2282
f 2568 2166 2480
f 2479 2281 2282
f 2526 2535 2540
f 1935 2020 2022
f 2565 2567 2340
f 2538 2550 2573
f 2350 2467 2489
f 2480 2351 2479
f 2533 2467 2449
f 2384 2565 2472
f 2285 2502 2507
f 2389 2342 2397
f 2363 1894 2395
f 2451 2450 2567
f 2326 1946 2458
f 2519 2512 2513
f 2567 2450 2340
f 2203 2351 2173
f 2350 2479 2351
f 1893 2371 1894
f 2572 2037 1998
f 2012 1939 1938
f 2559 2574 2575
f 2504 2049 2222
f 2538 2573 2570
f 2411 1952 2010
f 2576 2459 1991
f 2577 2578 2579
f 2353 2352 2580
f 2354 2448 2352
f 1958 2410 2529
f 2354 2566 2370
f 2464 2466 2508
f 2370 2293 2215
f 2456 2018 2017
f 2333 2538 2581
f 1947 1950 1953
f 1929 1928 2000
f 2448 2354 2331
f 2354 2215 2331
f 2010 1952 2008
f 2579 1917 1987
f 1998 2037 1924
f 2018 1954 2106
f 2230 1977 1922
f 2512 2582 2513
f 2230 1922 2503
f 2533 1958 2534
f 1958 2529 2534
f 2490 2116 2068
f 2460 2558 2461
f 2008 1996 2532
f 2573 2329 2454
f 2572 2016 2564
f 2554 2574 2559
f 2003 2532 1997
f 2352 2448 2049
f 2557 2459 2576
f 2037 1941 1924
f 2566 2354 2583
f 1958 2411 2410
f 2354 2353 2583
f 2578 1917 2579
f 2503 1917 2504
f 2352 2578 2584
f 2584 2585 2352
f 2585 2580 2352
f 2021 2324 1967
f 2049 2504 2352
f 2230 2503 2222
f 2584 2578 2577
f 2578 2504 1917
f 2465 2167 2385
f 2357 2316 2258
f 2316 2236 2113
f 1917 2503 1922
f 2539 2306 2357
f 2027 2572 2028
f 1990 2586 1991
f 2587 2561 1979
f 2588 2589 2403
f 2478 2349 2476
f 2487 2417 2496
f 2552 2551 2566
f 2559 2558 2554
f 2582 2588 2403
f 2551 2258 2370
f 2456 2017 2454
f 2320 2303 2321
f 1942 2028 2021
f 2557 2576 1999
f 2425 2319 2429
f 2455 2005 1976
f 2454 2329 2455
f 2557 2330 2329
f 1954 1955 2088
f 2532 2003 2478
f 2526 2533 2535
f 1999 2330 2557
f 2590 2591 2592
f 2447 2497 2431
f 1926 1932 1924
f 2254 2144 2239
f 1927 1929 1999
f 2560 2561 2461
f 2329 2460 2557
f 2573 2454 2017
f 2000 2004 1954
f 2556 2593 2554
f 2532 2477 2008
f 2004 2000 1928
f 2349 2530 1992
f 2339 2460 2329
f 1991 2459 2461
f 2586 2576 1991
f 2571 2082 2324
f 1975 2018 2455
f 2550 2339 2329
f 2082 1967 2324
f 1952 1951 2008
f 2403 2513 2582
f 1950 2572 1998
f 2029 2106 2088
f 1946 2564 2016
f 2016 2572 1950
f 2297 2277 2298
f 2312 2502 2306
f 2029 1967 2106
f 2472 2340 2342
f 2564 2028 2572
f 1167 2594 1168
f 1939 2034 2026
f 2565 2384 2386
f 2020 2335 2570
f 2595 1238 1283
f 2512 2519 2374
f 2550 2329 2573
f 1957 2094 1969
f 2144 2231 2239
f 2018 2456 2455
f 2020 2019 2022
f 2594 1167 1204
f 2499 2458 2457
f 2462 2337 2336
f 2133 2125 2327
f 2570 2573 2017
f 2514 2465 2464
f 2330 1929 2005
f 2187 2096 2252
f 1976 1929 2000
f 1929 2330 1999
f 2479 2350 2489
f 2562 2279 2278
f 2096 2187 2263
f 2520 2376 2377
f 2335 1945 2536
f 1928 1926 2004
f 2165 2164 2094
f 2334 2555 2332
f 2506 2553 2391
f 2091 2280 2596
f 2021 2028 2325
f 2486 2484 2303
f 2550 2538 2333
f 2455 1976 1975
f 2504 2578 2352
f 2209 2127 2149
f 2094 2184 1948
f 2515 2458 2465
f 2553 2430 2391
f 1937 2031 2106
f 2315 2307 2362
f 2322 2437 2320
f 2017 2020 2570
f 2597 2126 2311
f 2366 2191 2300
f 2533 2449 1958
f 1957 2172 2094
f 2247 2067 2179
f 2325 2564 1946
f 2250 2262 2197
f 2418 2482 2392
f 2001 2080 2089
f 2074 2068 2081
f 2326 2325 1946
f 2364 2365 2598
f 1972 2364 1915
f 1866 1841 1880
f 2097 2102 2072
f 2599 2594 1238
f 2089 2118 2001
f 2093 2068 2074
f 2594 1204 1238
f 2231 2143 2219
f 2008 2477 2009
f 2600 2562 2278
f 2106 1938 1937
f 1999 1932 1927
f 2192 2366 2601
f 2366 2192 2191
f 2066 2175 2206
f 2068 2070 2490
f 2160 2517 2602
f 2598 2365 2603
f 2234 2223 2120
f 2280 2603 2365
f 2449 2350 2203
f 2046 2604 2254
f 2220 2049 2249
f 2445 2605 2495
f 2437 2318 2425
f 1963 2033 1964
f 1862 2523 2606
f 2237 2171 2188
f 2366 2344 2601
f 2123 2185 2168
f 2475 2381 2383
f 2345 2344 2367
f 2054 2228 2138
f 2372 1904 2373
f 1991 2461 1989
f 2530 2349 2478
f 1989 2561 2587
f 1978 1980 1860
f 2499 2167 2465
f 2607 2531 2527
f 2295 2412 2270
f 2575 2560 2559
f 2560 2461 2559
f 2079 2170 2061
f 2092 2365 1972
f 2562 2608 2563
f 1855 2609 1884
f 2538 2537 2581
f 2039 2610 1944
f 2593 2556 2611
f 2548 2612 2613
f 2445 2444 2605
f 2605 2614 2615
f 2616 1980 2575
f 2526 2540 2617
f 2618 2619 2620
f 2333 2581 2621
f 2610 2537 2536
f 2622 2623 2624
f 2616 2625 2626
f 2627 2369 2628
f 2404 2444 2442
f 2576 2002 1999
f 2414 2629 2630
f 2631 2632 2633
f 2634 2635 2636
f 2637 2111 2110
f 1863 1345 1344
f 1863 1344 1349
f 2348 2541 2545
f 2638 2639 2640
f 2635 2641 1979
f 2641 2587 1979
f 2439 1917 2642
f 1993 2586 1990
f 2625 2574 2643
f 2644 2640 1860
f 2639 2634 2636
f 1978 2636 2635
f 2645 2620 2627
f 2646 2613 2612
f 2574 2554 2593
f 2609 1763 1884
f 2647 2648 2649
f 2038 1943 2650
f 2611 2613 2643
f 2543 2651 2544
f 2039 2038 2548
f 2333 2621 2334
f 2629 2648 2630
f 2586 1993 2576
f 2039 2548 2581
f 2641 2634 2652
f 1761 2653 2654
f 2593 2643 2574
f 2655 2656 2657
f 2658 2622 2659
f 2542 2656 2644
f 2660 1884 1883
f 2589 2404 2403
f 2627 2646 2612
f 2617 2540 2657
f 2347 2540 2348
f 2661 2662 2267
f 2591 2590 2589
f 1763 2609 1856
f 2663 1895 2664
f 2347 2655 2657
f 2665 1830 1910
f 2581 2613 2621
f 2666 2192 2601
f 2621 2611 2334
f 2485 1896 2272
f 2667 2664 1895
f 2667 2668 2669
f 1863 1858 2670
f 2602 2311 2160
f 2635 2634 2641
f 1761 2654 1762
f 2653 2668 2671
f 2664 2669 2672
f 2531 2607 2544
f 2617 2607 2526
f 2526 2607 2527
f 2657 2544 2617
f 2673 2674 2280
f 2675 2653 1761
f 2537 2610 2039
f 2676 2677 2678
f 2611 2556 2334
f 2494 1881 1898
f 2638 2656 2655
f 2664 2667 2669
f 2588 2591 2589
f 2614 2672 2679
f 1896 1895 2511
f 2680 2681 2682
f 1888 2683 1912
f 2495 2647 2483
f 2684 2685 2686
f 2540 2347 2657
f 1863 1305 1345
f 1184 1305 1863
f 1811 2041 1814
f 2646 2625 2643
f 2687 1859 2688
f 1863 1180 1146
f 1180 1863 2688
f 2689 2690 1859
f 2607 2617 2544
f 1863 2670 2691
f 2692 2693 2694
f 2665 1815 1830
f 2695 2683 2692
f 2653 1763 1856
f 2696 2690 2697
f 2698 2699 2700
f 2685 2684 2701
f 928 2702 2006
f 2703 2704 1911
f 1913 1905 2703
f 2694 2693 2705
f 1895 2663 2511
f 2706 2707 2705
f 2703 1911 1913
f 2708 2709 2618
f 2705 2710 2684
f 2686 2685 2699
f 1980 2626 1858
f 1859 2687 2711
f 2712 2524 1135
f 2713 1911 2707
f 2575 1980 2560
f 2697 1857 2696
f 2710 2687 2701
f 2608 2714 2563
f 2627 2715 2708
f 2683 2036 1912
f 2704 2716 2707
f 2717 2670 2709
f 928 663 2624
f 2684 2710 2701
f 2633 2368 2488
f 1816 2683 1888
f 2628 2698 2718
f 2036 2683 2695
f 2542 2544 2657
f 1909 2706 1815
f 2686 2705 2684
f 2703 2719 2704
f 2707 2710 2705
f 2716 2710 2707
f 1858 2618 2670
f 2591 2672 2592
f 2664 2588 2582
f 2720 2721 2702
f 2614 2605 2672
f 2722 2614 2679
f 2717 2691 2670
f 2615 2614 2702
f 2589 2590 2404
f 2699 2723 2700
f 2652 1992 2641
f 2687 2688 1863
f 2624 2623 2721
f 2658 2648 2605
f 2687 1863 2701
f 2605 2648 2495
f 2659 2624 2630
f 2624 2720 2702
f 2673 2279 2714
f 2658 2605 2615
f 2685 2724 2723
f 2614 2722 2702
f 2702 2721 2615
f 2667 2671 2668
f 1855 1884 2660
f 2657 2656 2542
f 2638 2655 2652
f 2623 2622 2721
f 2669 2668 2725
f 1865 1766 1893
f 2664 2672 2588
f 1911 2713 1909
f 2630 2624 1861
f 663 1861 2624
f 2590 2444 2404
f 2272 2396 1893
f 2726 2599 2727
f 1873 2728 2729
f 2730 2145 2144
f 2347 1992 2655
f 2718 2700 2723
f 2731 2732 2733
f 2734 2358 2735
f 2705 2698 2694
f 2501 2736 2117
f 2724 2691 2723
f 2737 2738 2739
f 2740 2517 2741
f 1906 1873 2742
f 2646 2643 2613
f 2743 2744 1857
f 2706 1909 2713
f 2745 2712 1857
f 2746 2680 2747
f 2738 2748 2739
f 2749 2524 2712
f 1765 1884 1763
f 1857 2697 2743
f 1910 1909 2665
f 2631 2649 2416
f 1892 1874 1828
f 2690 2689 2711
f 2750 2751 2752
f 1906 1890 1845
f 2742 1873 2729
f 2672 2591 2588
f 2715 2627 2628
f 1857 1110 1141
f 1140 1141 1110
f 2712 2753 2749
f 2745 1857 2744
f 2751 2744 2743
f 2117 2736 2091
f 2716 2704 2690
f 1856 929 2006
f 2732 2754 2733
f 2712 1108 1857
f 2434 2734 2755
f 2756 2745 2750
f 2757 2758 2759
f 2760 2718 2723
f 2761 2753 2712
f 2724 2701 1863
f 2745 2751 2750
f 1890 2742 2750
f 2743 2719 2751
f 2701 2724 2685
f 1817 1830 1815
f 1134 1108 2712
f 2756 2761 2745
f 2697 2704 2719
f 1911 2704 2707
f 2753 2729 2728
f 1890 1906 2742
f 2745 2744 2751
f 1915 2364 2494
f 2002 2576 1993
f 2756 2729 2753
f 2629 2414 2649
f 2729 2756 2742
f 2756 2750 2742
f 2632 2762 2433
f 798 832 796
f 1770 2763 2764
f 2765 2766 2767
f 2768 2747 2748
f 2524 1107 1173
f 1863 2691 2724
f 1815 2706 1816
f 2649 2414 2416
f 2644 1860 1024
f 1815 2665 1909
f 2769 2770 2771
f 2654 2671 1885
f 2662 2633 2488
f 2683 1816 2692
f 2434 2772 2773
f 2703 1905 2752
f 2747 2768 2746
f 1763 2653 2675
f 2658 2659 2648
f 794 717 928
f 1974 1869 1819
f 1974 1818 2774
f 2632 2631 2762
f 2631 2647 2649
f 2702 928 2624
f 2775 2650 2007
f 2762 2631 2416
f 1869 1821 1820
f 2663 2664 2582
f 2632 2433 796
f 2745 2761 2712
f 2647 2631 2662
f 2679 2669 2725
f 2634 2639 2652
f 2774 2035 2650
f 2495 2648 2647
f 2775 2041 1974
f 2720 2624 2721
f 2475 2661 2267
f 2687 2710 2711
f 2721 2658 2615
f 2662 2265 2267
f 2690 2704 2697
f 2725 2668 1856
f 2592 2672 2605
f 2638 2640 2644
f 2776 2531 2544
f 1945 1944 2536
f 2662 2661 2483
f 2512 2510 2582
f 2648 2659 2630
f 2777 2767 2740
f 2662 2483 2647
f 1974 2774 2775
f 2725 1856 2006
f 2416 2433 2762
f 2778 2779 2681
f 2510 2511 2663
f 2007 2041 2775
f 2668 2653 1856
f 1024 1001 2644
f 2780 2781 2726
f 2677 2676 2782
f 2624 2659 2622
f 2750 2752 1905
f 1873 1906 1852
f 2609 1855 1856
f 2750 1891 1890
f 2709 2670 2618
f 1762 2654 1885
f 747 2433 2415
f 2524 2749 2783
f 2661 2475 2483
f 1995 1844 2007
f 1990 1989 2641
f 2682 2681 2344
f 2747 2739 2784
f 2627 2547 2271
f 2706 2705 1816
f 2671 2667 1895
f 1262 1205 2785
f 2639 2638 2652
f 2344 2346 2468
f 1915 2494 1898
f 2632 2737 2468
f 2786 2746 2768
f 2681 2680 2778
f 2468 2633 2632
f 2649 2648 2629
f 2468 2682 2344
f 747 796 2433
f 2739 2682 2468
f 2738 906 2748
f 2711 2716 2690
f 719 747 2415
f 2041 2007 1814
f 2775 2774 2650
f 2368 2633 2468
f 2739 2748 2784
f 1944 2610 2536
f 2679 2725 2006
f 2737 2739 2468
f 2747 2680 2682
f 2787 2788 2789
f 2632 2738 2737
f 2041 1810 1974
f 907 925 2748
f 1945 2011 1943
f 1816 1888 1817
f 2608 2595 1283
f 2786 2768 2748
f 2790 2771 2770
f 2791 2792 2793
f 2763 2791 2757
f 2786 1854 2770
f 2748 947 1854
f 2645 2708 2618
f 2794 2493 2364
f 2795 2677 2796
f 2797 2726 2781
f 2798 2799 2246
f 2786 2748 1854
f 2092 2280 2365
f 2264 2780 2727
f 2800 2801 2802
f 1992 2347 2349
f 2787 2803 2804
f 2805 2801 2806
f 1819 1869 1820
f 2807 2802 2805
f 2730 2186 2145
f 2517 2740 2602
f 2808 2809 2604
f 2756 2753 2761
f 2677 2795 2810
f 2636 2640 2639
f 2811 2438 2799
f 2732 2812 2813
f 2814 1770 2766
f 2807 2111 2815
f 2782 1171 1202
f 2797 2795 2796
f 2766 2816 2814
f 2817 2810 2730
f 1896 2511 2272
f 2280 2674 2603
f 2803 2787 2818
f 2812 2819 2246
f 1129 2782 2676
f 2602 2820 1767
f 2759 2758 2731
f 2734 2773 2358
f 2818 2790 2821
f 2129 2597 1769
f 2712 1135 1134
f 2517 2159 2741
f 2690 2696 1859
f 2792 2791 2763
f 2773 2194 2358
f 2197 2212 2126
f 2525 2606 2523
f 2727 2600 2501
f 2749 2728 2822
f 2754 2732 2823
f 2787 2789 2790
f 2095 2117 2490
f 2727 2501 2264
f 2631 2633 2662
f 2662 2488 2265
f 2238 2246 2824
f 2770 2769 2793
f 2139 2825 2806
f 2142 2772 2190
f 1767 1769 2597
f 2800 2807 2826
f 2747 2784 2748
f 2048 2604 2046
f 2827 2755 2828
f 2815 2637 2755
f 1207 2829 2785
f 2830 2831 2734
f 2832 1129 2676
f 2112 2805 2825
f 2111 2637 2815
f 2819 2812 2731
f 2826 2833 2492
f 2637 2434 2755
f 2048 2110 2112
f 2246 2813 2812
f 2815 2827 2833
f 2805 2802 2801
f 2810 2780 2186
f 1770 2764 2754
f 2831 2828 2755
f 2822 2728 1848
f 2833 2491 2492
f 2834 2822 1848
f 2827 2828 2833
f 2678 2801 2676
f 2816 2766 2835
f 2641 1989 2587
f 1128 1130 2800
f 2833 2826 2807
f 1207 2785 1205
f 1770 2754 1768
f 2836 2595 2600
f 2837 2829 2833
f 2770 1282 1258
f 2734 2831 2755
f 2838 2157 2823
f 2837 2735 2839
f 1128 2800 2826
f 2813 2246 2247
f 2807 2805 2111
f 2800 1130 2832
f 2673 2714 2840
f 2816 2786 2792
f 2793 2792 2786
f 2757 2791 2771
f 2492 1128 2826
f 2602 2597 2311
f 1129 2832 1130
f 2741 2779 2777
f 2159 2192 2666
f 2809 2808 2841
f 1901 2660 1883
f 2190 2772 2148
f 2271 2038 2035
f 2039 2581 2537
f 2604 2048 2139
f 2641 1992 1990
f 1943 2038 1944
f 2650 1943 1995
f 2007 2650 1995
f 2638 2644 2656
f 717 692 663
f 717 663 928
f 2652 2655 1992
f 2112 2111 2805
f 2815 2833 2807
f 1945 1867 2011
f 2842 2843 2803
f 2800 2802 2807
f 2547 2612 2548
f 1207 1128 2492
f 2157 2838 2158
f 2038 2650 2035
f 2800 2832 2676
f 2830 2828 2831
f 2829 2491 2833
f 2772 2434 2148
f 2590 2592 2444
f 2139 2112 2825
f 2749 2753 2728
f 2835 2765 2778
f 2808 2139 2806
f 2824 2246 2799
f 2772 2142 2773
f 2696 1857 1859
f 2790 2757 2771
f 2790 2789 2758
f 2789 2788 2758
f 2844 2626 1980
f 2733 2759 2731
f 2811 2799 2788
f 2763 1770 2814
f 2833 2830 2837
f 1855 2660 2644
f 2843 2811 2804
f 2734 2434 2773
f 2695 2692 2628
f 2438 2811 2358
f 2827 2815 2755
f 2821 1281 2842
f 2833 2828 2830
f 2689 1859 2711
f 1262 2785 2842
f 2733 2757 2759
f 2829 1207 2491
f 2764 2763 2757
f 2791 2769 2771
f 1281 2821 2770
f 2803 2818 2842
f 2839 2735 2358
f 2770 1147 1215
f 1147 2770 1854
f 906 907 2748
f 2246 2238 2065
f 2819 2798 2246
f 2758 2757 2790
f 1768 2823 2157
f 2758 2798 2819
f 2799 2798 2758
f 2778 2786 2835
f 2818 2787 2790
f 2837 2842 2829
f 2843 2842 2837
f 2837 2839 2843
f 1281 1259 2842
f 2842 1259 1262
f 2779 2778 2765
f 2733 2754 2764
f 2787 2804 2811
f 2811 2788 2787
f 2770 1258 1281
f 2359 2438 2358
f 2791 2793 2769
f 2803 2843 2804
f 2735 2837 2830
f 2818 2821 2842
f 2811 2843 2839
f 2438 2238 2824
f 2666 2601 2681
f 2799 2438 2824
f 2594 2796 1202
f 2797 2594 2599
f 2678 2806 2801
f 2676 2801 2800
f 2841 2806 2678
f 2782 2796 2677
f 2845 2794 1862
f 2782 1129 1171
f 2594 2797 2796
f 2794 2845 2493
f 2525 2822 2834
f 2279 2673 2280
f 2592 2605 2444
f 2721 2622 2658
f 2523 1105 1107
f 2524 2523 1107
f 2783 2749 2525
f 2794 2598 2603
f 1900 1915 1898
f 2736 2278 2280
f 2186 2780 2187
f 1897 1833 1842
f 2783 2525 2524
f 2673 2846 1862
f 1326 1318 2714
f 2840 2714 1318
f 2263 2095 2096
f 2608 2600 2595
f 2642 1917 1986
f 2598 2794 2364
f 2604 2809 2254
f 2806 2841 2808
f 2748 925 947
f 2279 2563 2714
f 2092 2091 2596
f 2606 2525 2834
f 2274 2776 1901
f 2699 2698 2686
f 2836 2600 2727
f 2780 2264 2187
f 1857 1108 1110
f 2595 2599 1238
f 2117 2263 2501
f 2795 2797 2781
f 2797 2599 2726
f 2727 2780 2726
f 2810 2186 2730
f 2597 2150 2126
f 2781 2810 2795
f 2144 2809 2730
f 2434 2637 2110
f 2144 2254 2809
f 2841 2730 2809
f 2730 2841 2817
f 2817 2678 2677
f 2841 2678 2817
f 2796 2782 1202
f 2252 2096 2070
f 1873 1874 2728
f 2117 2095 2263
f 1847 2494 2493
f 2595 2836 2599
f 2846 2840 1133
f 1264 1133 2840
f 2805 2806 2825
f 2846 2673 2840
f 2600 2608 2562
f 2822 2525 2749
f 2280 2092 2596
f 2548 2613 2581
f 1168 2594 1202
f 2501 2278 2736
f 1173 1135 2524
f 2523 1862 1105
f 2810 2817 2677
f 2820 1770 1767
f 2212 2311 2126
f 2767 2777 2765
f 2779 2741 2666
f 2740 2767 2820
f 2779 2666 2681
f 2179 2838 2247
f 2835 2786 2816
f 2777 2779 2765
f 2792 2763 2814
f 2816 2792 2814
f 2765 2835 2766
f 2767 1770 2820
f 1978 2640 2636
f 2823 1768 2754
f 2194 2773 2142
f 2813 2247 2838
f 2597 2602 1767
f 2139 2808 2604
f 2838 2179 2158
f 2821 2790 2770
f 2640 1978 1860
f 1215 1282 2770
f 2819 2731 2758
f 2602 2740 2820
f 2813 2838 2823
f 2597 2129 2150
f 2681 2601 2344
f 2778 2680 2746
f 2834 1848 1847
f 1895 1885 2671
f 2666 2741 2159
f 796 832 906
f 2738 796 906
f 2811 2839 2358
f 1881 2494 1847
f 2778 2746 2786
f 2501 2600 2278
f 2823 2732 2813
f 2842 2785 2829
f 2626 2618 1858
f 2812 2732 2731
f 2691 2717 2723
f 2493 2834 1847
f 2770 2793 2786
f 2733 2764 2757
f 2758 2788 2799
f 2845 2834 2493
f 2781 2780 2810
f 2036 2695 2369
f 1318 1264 2840
f 2500 1764 1766
f 1766 1886 1893
f 2500 1766 1864
f 2644 2660 2542
f 1001 1855 2644
f 1862 2606 2845
f 1886 2485 1893
f 1765 1764 2500
f 2582 2510 2663
f 2669 2679 2672
f 2006 2722 2679
f 2280 2091 2736
f 2452 2442 2444
f 2722 2006 2702
f 2734 2735 2830
f 2630 1861 2414
f 1763 2675 1761
f 2483 2453 2495
f 2654 2653 2671
f 1862 2846 1133
f 2703 2752 2719
f 2740 2741 2777
f 2682 2739 2747
f 1770 2767 2766
f 2715 2628 2718
f 2698 2628 2694
f 2643 2593 2611
f 2369 2695 2628
f 2709 2708 2760
f 1863 1349 1858
f 2692 2694 2628
f 2625 2616 2575
f 2625 2619 2626
f 2760 2723 2717
f 1818 2035 2774
f 2715 2760 2708
f 2619 2625 2646
f 2635 1979 1978
f 2541 2540 2535
f 2547 2627 2612
f 2603 2674 2794
f 2547 2038 2271
f 2369 2627 2271
f 2619 2618 2626
f 2613 2611 2621
f 1830 1817 1821
f 2718 2698 2700
f 2844 2616 2626
f 2708 2645 2627
f 2620 2645 2618
f 2627 2620 2646
f 2574 2625 2575
f 2698 2705 2686
f 2699 2685 2723
f 2760 2715 2718
f 2651 1901 2776
f 2599 2836 2727
f 1242 1213 1860
f 2692 1816 2693
f 2776 2274 2531
f 1326 2608 1283
f 1901 2651 2660
f 2632 796 2738
f 2697 2719 2743
f 2620 2619 2646
f 2709 2760 2717
f 2651 2543 2660
f 2543 2542 2660
f 2688 1859 1180
f 2750 1905 1891
f 2776 2544 2651
f 2714 2608 1326
f 2674 1862 2794
f 1898 1897 1842
f 1862 2674 2673
f 2705 2693 1816
f 2706 2713 2707
f 2728 1874 1848
f 2042 2092 1972
f 2616 2844 1980
f 1857 1141 1111
f 2752 2751 2719
f 2834 2845 2606
f 2710 2716 2711
f 2847 2848 2849
f 2848 2850 2851
f 2849 2848 2851
f 2850 2848 2852
f 2853 2854 2855
f 2856 2854 2853
f 2857 2858 2859
f 2860 2861 2862
f 2863 2864 2865
f 2866 2863 2867
f 2868 2869 2870
f 2871 2872 2873
f 2874 162 2875
f 2876 2877 2878
f 2879 2858 2857
f 2877 2880 2878
f 2881 2868 2870
f 2865 2864 2871
f 2882 2883 2884
f 2885 2886 2865
f 2865 2867 2863
f 2868 2874 2875
f 2875 2880 2869
f 2872 2864 2880
f 2886 2867 2865
f 2885 2865 2871
f 2887 2881 2870
f 2881 2887 2861
f 2863 2870 2869
f 2871 2864 2872
f 2869 2868 2875
f 2860 2862 163
f 2860 2868 2881
f 162 2888 2875
f 2889 2890 2887
f 2880 2877 2872
f 2891 2862 2892
f 2862 287 163
f 2868 2860 2874
f 2893 2892 2861
f 2861 2860 2881
f 2890 2861 2887
f 2869 2880 2864
f 2894 2895 2896
f 2875 2888 2880
f 2874 163 162
f 2897 2898 2899
f 2899 2900 2896
f 163 2874 2860
f 2861 2890 2893
f 2901 2902 2903
f 2892 2862 2861
f 2858 2873 2882
f 2864 2863 2869
f 2879 2903 2902
f 2900 2904 2905
f 2906 2907 2908
f 2909 2910 2911
f 2912 2913 2914
f 2866 2867 2904
f 2915 2916 2917
f 2918 2884 2919
f 287 2891 358
f 2919 2859 2918
f 2883 2920 2884
f 2891 2921 358
f 2886 2885 2922
f 2901 2903 2923
f 2924 2925 2926
f 2902 2901 2927
f 2863 2866 2870
f 2870 2866 2887
f 2928 2929 2930
f 2931 2932 2933
f 2934 2935 2936
f 2937 2938 2939
f 2937 2939 2940
f 2941 2942 2943
f 2941 2943 2944
f 2945 2941 2944
f 2946 2947 2948
f 2946 2948 2949
f 2950 2951 2952
f 2930 2950 2952
f 2953 2954 2955
f 2956 2957 2958
f 2959 2960 2961
f 2962 2959 2961
f 2963 2958 2957
f 2964 2965 2935
f 2966 2967 2930
f 2934 2968 2930
f 2944 2963 2945
f 2966 2930 2969
f 2964 2970 2971
f 2964 2971 2972
f 2973 2961 2960
f 2964 2972 2965
f 2965 2936 2935
f 2963 2974 2958
f 2975 2976 2944
f 2977 2958 2974
f 2976 2974 2963
f 2963 2944 2976
f 2978 2943 2942
f 2968 2969 2930
f 2967 2928 2930
f 2929 2979 2930
f 2980 2930 2979
f 2930 2980 2950
f 2937 2940 2941
f 2954 2981 2955
f 2982 2948 2947
f 2941 2945 2937
f 2877 2876 2873
f 2871 2927 2901
f 2921 2983 358
f 2889 2900 2984
f 2985 2909 2986
f 2867 2886 2904
f 2906 2908 2987
f 2988 2989 2990
f 2913 2908 2907
f 2914 2986 2909
f 2983 363 358
f 2991 2911 2912
f 2992 2993 2994
f 2848 2995 2996
f 2872 2877 2873
f 2904 2997 2866
f 2922 2885 2871
f 2997 2889 2887
f 2998 2999 2923
f 2873 2858 2902
f 2896 3000 2899
f 2902 2858 2879
f 3001 3002 3003
f 2919 3004 2859
f 2851 2992 2994
f 3005 2923 2903
f 2924 2911 2910
f 2912 2911 3006
f 3007 3008 3009
f 3010 3011 2995
f 2883 2882 2873
f 3012 3013 2910
f 2910 3001 3012
f 2913 2912 2908
f 2915 3014 2916
f 2852 2848 2996
f 3015 3016 2852
f 3005 3017 2923
f 2913 3005 2903
f 2906 3018 2907
f 2998 3019 2999
f 2909 2991 2914
f 2886 2905 2904
f 2988 2917 3020
f 2987 2924 2926
f 2988 2990 2915
f 3021 2914 2913
f 2901 2922 2871
f 3022 3023 3005
f 2925 2924 2910
f 3024 3025 3026
f 3017 3005 3023
f 2902 2927 2873
f 2873 2876 2883
f 2986 3027 2985
f 2909 2985 3028
f 3006 2908 2912
f 2922 2999 2886
f 3002 3028 2985
f 2913 3022 3005
f 3015 2852 3029
f 3021 2913 2903
f 3004 2919 3030
f 2911 2991 2909
f 2927 2871 2873
f 2884 2918 2882
f 2882 2918 2858
f 2997 2904 2900
f 2918 2859 2858
f 3031 2879 2857
f 2879 3021 2903
f 3032 2878 2880
f 2887 2866 2997
f 3033 3034 3035
f 3017 3023 3019
f 2999 2922 2923
f 2998 2923 3017
f 2899 3036 2897
f 3036 2899 3000
f 3037 3035 3038
f 2999 3038 2905
f 3034 2905 3038
f 2886 2999 2905
f 2998 3017 3019
f 3034 3038 3035
f 3028 3001 2910
f 3019 3037 2999
f 3039 2917 3002
f 2900 2889 2997
f 2901 2923 2922
f 3040 3041 2915
f 3042 3024 3026
f 3043 3044 3045
f 3046 3047 3048
f 3049 3050 3051
f 3052 3053 309
f 3054 3046 3055
f 3056 3057 3058
f 3059 3045 3046
f 3060 3061 3062
f 2878 24 2920
f 3063 3044 3064
f 3065 3052 244
f 3061 3060 3066
f 3067 3068 488
f 3069 3049 3051
f 3070 3071 3072
f 3073 3074 3059
f 2859 3075 3076
f 3027 3002 2985
f 3075 3077 3076
f 3071 3078 3072
f 3079 3075 3004
f 3067 3072 3068
f 2857 3076 3080
f 3077 3081 3027
f 3080 3031 2857
f 3082 3030 2919
f 3082 88 73
f 3080 3077 3027
f 3003 3002 3014
f 2988 2915 2917
f 3031 3080 2914
f 3040 2915 2990
f 3002 3001 3028
f 2984 2898 2889
f 3063 3083 3084
f 3074 3043 3045
f 3085 3048 3086
f 3041 3087 3088
f 3014 3002 2916
f 2915 3041 3014
f 3089 11 8
f 3082 39 3090
f 3091 246 3092
f 3075 2859 3004
f 2935 3093 2964
f 2876 2878 2883
f 2878 3032 3094
f 24 2878 3094
f 3090 3095 3004
f 2879 3031 2914
f 3089 39 35
f 3069 3051 3096
f 3097 3098 3099
f 3100 3101 3102
f 3103 3104 3105
f 11 3089 35
f 3103 3105 3106
f 3074 3045 3059
f 3099 3107 3108
f 123 2920 24
f 3109 3056 2921
f 392 395 3102
f 3110 3059 3111
f 2859 3076 2857
f 2917 2916 3002
f 3112 3063 3084
f 3025 2990 3026
f 3013 3003 3014
f 3030 3082 3090
f 2920 123 2919
f 3082 73 39
f 2884 2920 2919
f 3063 3113 3044
f 3059 3110 3073
f 136 3082 123
f 3114 3084 3115
f 3113 3045 3044
f 123 3082 2919
f 392 364 366
f 3102 364 392
f 3070 3072 3067
f 3045 3047 3046
f 3116 3070 3067
f 2921 2891 3117
f 3118 2893 2890
f 3119 3118 3120
f 3080 2986 2914
f 3058 2983 2921
f 2888 164 142
f 422 3102 395
f 3121 3100 3064
f 3055 3106 3122
f 3123 3124 3125
f 3044 3043 3121
f 3126 3123 3125
f 3121 3064 3044
f 3030 3090 3004
f 3127 3091 3092
f 3128 3100 422
f 2888 3032 2880
f 3073 3070 3116
f 3058 332 2983
f 3102 422 3100
f 3058 2921 3056
f 2878 2920 2883
f 2991 2912 2914
f 3092 3129 3127
f 3091 3065 244
f 361 363 2983
f 3058 3129 289
f 3127 3065 3091
f 3101 3100 3121
f 3092 246 242
f 3091 244 246
f 332 3058 289
f 3130 2897 3131
f 3129 242 289
f 242 246 243
f 3132 3101 3121
f 2914 3021 2879
f 3073 3116 3074
f 3058 3133 3129
f 3129 3092 242
f 3076 3077 3080
f 3032 26 3094
f 39 3089 3090
f 3032 142 131
f 3032 2888 142
f 3006 2924 2987
f 3133 3127 3129
f 2989 2988 3020
f 3028 2910 2909
f 3080 3027 2986
f 24 3094 26
f 3134 3058 3057
f 3059 3046 3111
f 3032 131 26
f 2924 3006 2911
f 2889 3118 2890
f 3024 3135 3025
f 2983 332 361
f 88 3082 136
f 164 2888 162
f 3036 3131 2897
f 3136 3137 3138
f 3139 3140 3141
f 3142 3143 3144
f 3145 3146 3147
f 3148 3149 3150
f 3151 3152 3153
f 3154 3155 3141
f 3156 3157 3158
f 3159 3160 3161
f 3162 3163 3164
f 3165 3166 3167
f 3168 3169 3150
f 3164 3170 3171
f 3172 3173 3174
f 3125 3124 3175
f 3176 3177 3178
f 3179 3172 3174
f 3180 3167 3166
f 3181 3042 2989
f 3175 3083 3063
f 3053 3100 3128
f 3171 3182 3183
f 3184 3185 3135
f 3068 521 488
f 3152 3151 3186
f 3181 3187 3188
f 3189 3178 3190
f 3191 3190 3188
f 3187 3192 3191
f 3053 3175 3063
f 3176 3189 3148
f 498 3128 494
f 3193 3042 3194
f 3195 3179 3174
f 3189 3195 3148
f 3172 3191 3192
f 3151 3162 3186
f 3153 3196 3197
f 3183 3164 3171
f 3189 3176 3178
f 3178 3198 3194
f 3144 3199 3200
f 2891 2892 3117
f 494 3128 495
f 3190 3178 3188
f 3188 3178 3181
f 3195 3189 3191
f 3100 3053 3064
f 3138 3201 197
f 3202 3203 3204
f 3205 3206 3207
f 3143 3208 3209
f 3150 3210 3168
f 3211 3137 3212
f 3213 3214 3215
f 3216 3217 3154
f 3218 3219 3220
f 3200 3221 3144
f 3222 3223 3208
f 3224 3225 3226
f 3227 3160 3228
f 3229 3230 3231
f 3232 3233 3143
f 3232 3234 3146
f 3235 3208 3223
f 3236 3214 3213
f 3138 3237 3154
f 3204 3203 3184
f 3238 3158 3239
f 3233 3232 3240
f 3214 2855 2854
f 3241 3242 3243
f 3244 3245 3246
f 3247 3248 3161
f 525 457 486
f 3157 3249 3209
f 3150 3250 3148
f 3251 3252 3165
f 3253 3214 3254
f 3250 3176 3148
f 3220 3145 3147
f 2854 3254 3214
f 3213 3248 3140
f 3225 3224 3146
f 3212 3137 3136
f 3208 3235 3209
f 3255 3256 3239
f 3257 3240 3146
f 3258 3259 3260
f 3261 3262 3263
f 3225 3146 3145
f 3264 3226 3265
f 3251 3165 3255
f 3266 3145 3219
f 3267 3225 3145
f 3234 3143 3209
f 3162 3164 3268
f 3264 3269 3270
f 3248 3213 3215
f 3176 3250 3271
f 3160 3159 3272
f 3273 3253 3274
f 3078 3060 3072
f 3147 3146 3234
f 3265 3275 3264
f 3276 3050 3049
f 3142 3222 3208
f 3197 3169 3171
f 3182 3171 3166
f 3277 3278 3279
f 3141 3280 3281
f 3265 3226 3225
f 3281 3282 3283
f 3284 3285 3243
f 3137 3201 3138
f 3232 3143 3234
f 3189 3190 3191
f 3230 3239 3235
f 3286 3196 3193
f 3266 3207 3145
f 3287 3288 176
f 3168 3171 3169
f 3149 3210 3150
f 3160 3247 3161
f 3268 3164 3289
f 3207 3290 3291
f 3156 3292 3293
f 3294 3287 3295
f 2989 3042 3026
f 3177 3271 3296
f 3297 3164 3229
f 3206 3205 3298
f 3210 3166 3299
f 385 3237 324
f 3300 3290 197
f 3239 3230 3255
f 3208 3143 3142
f 3301 3272 3302
f 3253 3215 3214
f 3139 3141 3281
f 3136 3248 3303
f 3261 3304 3305
f 3205 3266 3298
f 3182 3306 3183
f 3307 3195 3174
f 3308 3218 3309
f 3310 3294 3295
f 3265 3225 3228
f 3238 3292 3156
f 3180 102 101
f 3290 3206 175
f 3311 3159 3312
f 3293 196 3156
f 3288 3310 3156
f 3313 3314 3263
f 3268 3315 3162
f 3156 3158 3238
f 3250 3150 3271
f 3219 3218 3308
f 3139 3236 3213
f 3316 3142 3317
f 3290 3300 3318
f 3319 3236 3139
f 3252 3164 3183
f 2990 2989 3026
f 102 3180 3166
f 3165 3256 3255
f 3259 3320 3321
f 3147 3249 3220
f 3292 3238 3322
f 3228 3301 3265
f 3231 3230 3316
f 3249 3157 3295
f 3239 3167 3238
f 3323 3009 3096
f 3169 3271 3150
f 3309 3218 3295
f 3287 3309 3295
f 3324 3243 3285
f 3248 3136 3141
f 3325 3326 3327
f 3201 3300 197
f 3328 3329 3330
f 3331 3282 3216
f 3130 3131 3332
f 3306 3182 3166
f 3212 3247 3227
f 3333 3334 3335
f 3015 3336 2992
f 3157 3235 3158
f 3279 3337 3277
f 3338 3339 3330
f 3340 3341 3342
f 3229 3231 3297
f 3239 3158 3235
f 3343 3051 3344
f 117 173 3244
f 3227 3267 3291
f 3145 3220 3219
f 3345 232 3346
f 3347 3348 3349
f 3243 3242 3284
f 3337 3350 3351
f 3272 3228 3160
f 3271 3177 3176
f 3282 3217 3216
f 3320 3259 3283
f 3352 3338 3330
f 3161 3312 3159
f 3252 3306 3165
f 3273 3161 3248
f 3313 3241 3324
f 3227 3291 3211
f 3337 3353 3354
f 3245 3355 3246
f 3356 3304 3314
f 3355 3180 101
f 3353 3357 3358
f 3305 3304 3356
f 102 3210 98
f 3359 3329 3328
f 3294 3310 3288
f 3338 3360 3361
f 3338 3361 3362
f 3338 3352 3354
f 3356 3279 3278
f 3354 3360 3338
f 3321 3351 3350
f 3155 3280 3141
f 3353 3337 3357
f 3363 3358 3357
f 3284 3242 3364
f 3259 3321 3350
f 3224 3257 3146
f 197 3290 175
f 3322 3244 173
f 309 3128 498
f 3198 3296 3286
f 3345 3365 3331
f 3258 3283 3259
f 3220 3249 3295
f 3366 3367 3368
f 3369 3370 3371
f 3163 3153 3197
f 3266 3205 3207
f 3372 98 3210
f 3358 3363 3373
f 3374 3373 319
f 2910 3088 2925
f 3352 3329 3278
f 3358 3375 3376
f 202 3346 232
f 3304 3261 3314
f 3354 3277 3337
f 176 175 3206
f 3314 3313 3350
f 3377 273 275
f 3138 3154 3141
f 3363 3357 3337
f 3378 3379 3366
f 3283 3282 3320
f 3353 3380 3354
f 3376 3353 3358
f 3237 385 3154
f 3316 3317 3231
f 3381 3144 3233
f 3375 3358 3368
f 173 3292 3322
f 3144 3143 3233
f 3260 3285 3319
f 3373 226 319
f 3211 3290 3318
f 3217 3282 3280
f 3209 3249 3234
f 3382 3383 3384
f 3350 3337 3279
f 3180 3355 3167
f 3355 101 3246
f 3163 3151 3153
f 3385 3386 3387
f 3256 3167 3239
f 3388 3389 3390
f 3391 3392 3390
f 3248 3215 3273
f 3393 3394 3395
f 3396 527 521
f 3278 3277 3352
f 197 200 3138
f 3397 3389 3398
f 3172 3399 3173
f 3171 3170 3197
f 3309 3287 176
f 3398 3389 3328
f 3173 3079 3174
f 3181 2989 3187
f 3336 3015 3029
f 3095 8 25
f 3095 25 3079
f 3305 3388 3400
f 3328 3388 3305
f 3390 3389 3397
f 3401 3332 3131
f 3402 3403 3404
f 3405 3406 3407
f 3096 3408 3069
f 3149 3148 3372
f 3365 3363 3337
f 3404 3403 3409
f 3410 3333 3411
f 3408 3096 3008
f 3412 3069 3413
f 3414 3415 3416
f 3417 3418 3414
f 3419 3417 3420
f 3421 3422 3423
f 3282 3365 3351
f 3424 3354 3380
f 3050 3276 3425
f 3426 3386 3427
f 3335 3406 3333
f 3428 3429 3430
f 3431 3432 3404
f 3433 3405 3434
f 3069 3408 3413
f 3283 3258 3281
f 3435 3377 275
f 3367 3366 3436
f 3437 3430 3429
f 3211 3212 3227
f 3433 3438 3405
f 3439 3440 3060
f 3166 3210 102
f 3398 3328 3339
f 3166 3165 3306
f 3323 3096 3051
f 3160 3227 3247
f 3441 3442 3443
f 3334 3333 3410
f 3257 3224 3226
f 2990 3025 3040
f 3246 101 117
f 3376 3375 3444
f 3445 3429 3446
f 3295 3157 3156
f 3447 3448 3449
f 3348 3009 3323
f 3450 3411 3405
f 3446 3451 3452
f 3280 3155 3154
f 3096 3009 3008
f 3275 3302 3264
f 3368 319 261
f 319 3368 3374
f 3453 3454 3455
f 3421 3423 3454
f 3456 562 483
f 3372 3307 108
f 97 3372 108
f 232 3331 3216
f 3269 3264 3302
f 3323 3343 3348
f 380 3457 278
f 3458 3459 3460
f 3461 3462 3382
f 3441 2955 3442
f 3463 3443 3442
f 3316 3223 3142
f 3381 3233 3240
f 3442 2955 2981
f 3442 2981 3464
f 3442 3464 3465
f 3229 3252 3251
f 3347 3466 3029
f 3170 3163 3197
f 3249 3147 3234
f 3458 3445 3452
f 3467 3339 3468
f 3266 3219 3298
f 3361 3379 3362
f 3223 3316 3230
f 3368 272 273
f 3407 3406 3335
f 3330 3339 3328
f 3469 3269 3302
f 3404 3432 3402
f 3470 3471 3472
f 3473 3474 3475
f 3138 3476 3136
f 3477 3478 3479
f 3444 3380 3353
f 3379 3436 3366
f 3396 454 525
f 3194 3198 3286
f 3238 3244 3322
f 3273 3274 3312
f 3138 3141 3476
f 3306 3252 3183
f 3471 3470 3480
f 3206 3298 176
f 3240 3232 3146
f 3292 173 3293
f 3481 3268 3289
f 3482 3483 3474
f 3472 3484 3470
f 309 3053 3128
f 3365 3345 3346
f 3427 3386 640
f 3485 3438 3421
f 3427 3069 3412
f 3455 579 3453
f 263 3368 261
f 3486 3487 3488
f 3251 3230 3229
f 3222 3142 3223
f 3468 3339 3338
f 3416 3415 3452
f 3468 3448 3418
f 3197 3296 3169
f 3489 3066 3490
f 3326 3315 3268
f 3491 3490 3492
f 3408 3008 3493
f 3397 3391 3390
f 3025 3041 3040
f 3454 3453 3387
f 278 3494 276
f 232 3345 3331
f 3268 3481 3326
f 3422 3483 3495
f 3482 3430 3437
f 3377 3460 3459
f 3496 3497 3498
f 3362 3449 3468
f 3206 3290 3207
f 3367 3375 3368
f 3499 3500 3501
f 3329 3352 3330
f 3502 3398 3467
f 3502 3467 3468
f 3503 3344 3504
f 3505 3415 3447
f 3506 3436 3361
f 3498 3418 3496
f 3380 3444 3424
f 3507 3449 3362
f 3448 3415 3418
f 3468 3449 3448
f 3360 3354 3424
f 3291 3267 3207
f 3458 3508 3459
f 3509 3510 3342
f 3511 3397 3398
f 3123 3512 3513
f 3296 3271 3169
f 2996 2995 3514
f 3039 3020 2917
f 3331 3365 3282
f 3238 3167 3245
f 3458 3452 3505
f 3359 3328 3305
f 3415 3505 3452
f 3139 3281 3319
f 3327 3326 3515
f 3202 3516 3203
f 3216 302 232
f 3498 3502 3468
f 3506 3367 3436
f 3067 490 3517
f 3518 3519 3520
f 3350 3279 3356
f 3202 3193 3196
f 2891 287 2862
f 3378 3459 3508
f 3174 3521 3307
f 3020 3039 3192
f 3087 3522 3088
f 3007 3029 2852
f 3077 3523 3081
f 3524 3484 3472
f 3203 3525 3184
f 3153 3152 3516
f 3079 25 3174
f 3526 3496 3417
f 3398 3339 3467
f 3307 3372 3195
f 3415 3414 3418
f 3403 3402 3480
f 3356 3278 3359
f 3287 3294 3288
f 3320 3351 3321
f 196 176 3288
f 3452 3451 3416
f 3368 273 3527
f 3445 3446 3452
f 3449 3507 3447
f 3295 3156 3310
f 3318 3137 3211
f 3359 3278 3329
f 3429 3428 3446
f 3378 3508 3362
f 3506 3444 3375
f 3460 3528 3437
f 3179 3195 3191
f 3527 3366 3368
f 3178 3177 3198
f 3430 3482 3474
f 3299 3168 3210
f 3362 3468 3338
f 3412 3426 3427
f 3217 3280 3154
f 3447 3507 3505
f 3529 3495 3482
f 3508 3458 3505
f 3136 3476 3141
f 3237 200 324
f 3237 3138 200
f 3494 3528 276
f 2992 3016 3015
f 3529 3437 3494
f 3528 3460 3435
f 3011 3514 2995
f 3530 3529 278
f 3531 3325 3327
f 3527 3459 3378
f 3303 3248 3247
f 3308 176 3298
f 3145 3207 3267
f 196 3293 173
f 226 3373 3363
f 3424 3506 3361
f 3244 3246 117
f 176 3308 3309
f 3434 3483 3433
f 196 3288 3156
f 3502 3498 3497
f 3368 263 272
f 3165 3167 3256
f 3367 3506 3375
f 3438 3422 3421
f 3289 3164 3297
f 3368 3358 3374
f 3168 3299 3171
f 3245 3167 3355
f 3532 3326 3481
f 3229 3164 3252
f 3377 3527 273
f 3483 3482 3495
f 3353 3376 3444
f 3282 3281 3280
f 3436 3379 3361
f 3320 3282 3351
f 3427 562 3276
f 3530 3457 3423
f 3446 3428 3473
f 3428 3430 3473
f 3530 3423 3495
f 3223 3230 3235
f 3363 3346 226
f 3159 3302 3272
f 3422 3495 3423
f 3267 3228 3225
f 3361 3360 3424
f 302 3216 3154
f 611 3386 3385
f 3218 3220 3295
f 3451 3473 3409
f 454 3396 3479
f 3267 3227 3228
f 3457 3530 278
f 3245 3244 3238
f 3438 3485 3450
f 302 3154 385
f 3403 3480 3419
f 3473 3430 3474
f 3451 3420 3416
f 3411 3333 3406
f 3007 3009 3029
f 640 3386 611
f 3529 3494 278
f 3337 3351 3365
f 3170 3164 3163
f 3248 3141 3140
f 3298 3219 3308
f 3335 3334 3533
f 3528 3494 3437
f 3404 3534 3431
f 3507 3508 3505
f 3448 3447 3415
f 3075 3523 3077
f 3434 3535 3475
f 3480 3470 3419
f 3526 3497 3496
f 3197 3286 3296
f 3335 3536 3407
f 3290 3211 3291
f 3162 3151 3163
f 3536 3335 3533
f 3197 3196 3286
f 3029 3371 3370
f 3479 3478 3504
f 98 3372 97
f 3242 3241 3537
f 3437 3429 3445
f 3409 3419 3420
f 380 3455 3457
f 579 3455 380
f 3535 3407 3534
f 3498 3468 3418
f 3420 3414 3416
f 3407 3535 3434
f 3417 3414 3420
f 3460 3445 3458
f 3473 3451 3446
f 3419 3409 3403
f 3201 3137 3300
f 3419 3526 3417
f 3485 3426 3450
f 3523 3173 3538
f 3052 3175 3053
f 3409 3473 3535
f 3348 3029 3009
f 3466 3539 3371
f 2992 2851 3016
f 3369 3539 3540
f 3541 3466 3347
f 3426 3413 3411
f 3454 3387 3421
f 3410 3493 3334
f 3438 3433 3422
f 562 3427 640
f 3346 202 216
f 204 216 202
f 3434 3405 3407
f 3049 3427 3276
f 3136 3303 3212
f 3241 3243 3324
f 3140 3139 3213
f 3493 3410 3408
f 3473 3475 3535
f 3474 3483 3475
f 3261 3263 3314
f 3241 3313 3263
f 3275 3301 3302
f 3313 3285 3350
f 3435 276 3528
f 3410 3411 3413
f 3433 3483 3422
f 3411 3450 3426
f 3181 3194 3042
f 3483 3434 3475
f 3372 3148 3195
f 3314 3350 3356
f 3258 3319 3281
f 3445 3460 3437
f 3318 3300 3137
f 3184 3135 3204
f 3500 3542 3440
f 3543 3383 3544
f 3438 3450 3405
f 3174 54 3521
f 3493 3514 3334
f 3370 3336 3029
f 3204 3193 3202
f 3135 3024 3204
f 3545 3546 3547
f 3394 3548 3547
f 3004 3095 3079
f 3549 3550 3551
f 3039 3002 3081
f 3172 3179 3191
f 3395 3546 3499
f 3029 3466 3371
f 3020 3187 2989
f 3027 3081 3002
f 3122 3552 3501
f 3408 3410 3413
f 3253 3273 3215
f 3382 3553 3554
f 3210 3149 3372
f 54 3174 25
f 3555 3457 3455
f 3556 3557 3558
f 3484 3526 3470
f 3538 3081 3523
f 3097 3559 3560
f 3454 3555 3455
f 3535 3534 3404
f 3387 3386 3485
f 3557 3556 3561
f 3558 3557 3382
f 3529 3530 3495
f 3562 3563 3564
f 3348 3347 3029
f 3504 454 3479
f 3477 3396 3062
f 3554 3383 3382
f 455 3456 483
f 3081 3538 3039
f 3178 3194 3181
f 3193 3194 3286
f 3039 3538 3399
f 3054 3562 3111
f 3062 3068 3060
f 490 3067 488
f 3192 3187 3020
f 3404 3409 3535
f 3125 3175 3052
f 3399 3192 3039
f 3307 100 108
f 3307 3521 100
f 3490 3066 3545
f 3172 3192 3399
f 3500 3440 3563
f 3559 3104 3565
f 8 3095 3089
f 3566 3517 394
f 3393 3395 3552
f 3567 3552 3122
f 3453 579 3385
f 3512 3126 3127
f 3563 3440 3439
f 3512 3568 3544
f 3050 3344 3051
f 3560 3565 3561
f 3399 3538 3173
f 3523 3075 3079
f 3066 3489 3061
f 454 3504 455
f 3489 3490 3478
f 3050 3456 3569
f 3108 3567 3122
f 3132 3043 3074
f 3343 3349 3348
f 3546 3395 3394
f 3349 3343 3503
f 3086 3115 3084
f 3050 3569 3344
f 3456 3050 3425
f 3386 3426 3485
f 3054 3501 3562
f 3439 3071 3563
f 3541 3492 3490
f 3079 3173 3523
f 3542 3546 3545
f 3061 3489 3477
f 3553 3462 3085
f 3068 3072 3060
f 3048 3085 3055
f 3541 3347 3349
f 3556 3558 3384
f 3382 3462 3553
f 3526 3419 3470
f 3478 3477 3489
f 3570 3101 3132
f 3541 3539 3466
f 3299 3166 3171
f 3420 3451 3409
f 3427 3049 3069
f 3396 525 527
f 3479 3396 3477
f 3456 3504 3569
f 562 3425 3276
f 3061 3477 3062
f 3425 562 3456
f 3336 2993 2992
f 3303 3247 3212
f 3569 3504 3344
f 3504 3456 455
f 3503 3343 3344
f 3539 3545 3548
f 3544 3554 3571
f 3491 3492 3349
f 3504 3478 3503
f 3421 3387 3485
f 3323 3051 3343
f 3491 3503 3478
f 3125 3052 3065
f 3134 3512 3133
f 3570 3132 3116
f 3496 3418 3417
f 3560 3572 3573
f 3500 3546 3542
f 3046 3054 3111
f 3544 3571 3513
f 3066 3440 3542
f 3488 3124 3123
f 3114 3047 3112
f 3177 3296 3198
f 3097 3099 3559
f 3116 3132 3074
f 3095 3090 3089
f 3437 3529 3482
f 3407 3536 3534
f 3521 54 67
f 100 3521 67
f 3536 3574 3534
f 3516 3202 3196
f 3461 3561 3565
f 3564 3110 3562
f 3115 3086 3048
f 3571 3575 3486
f 3566 3570 3517
f 3497 3526 3484
f 3549 3576 3577
f 394 364 3566
f 3060 3078 3439
f 3132 3121 3043
f 3066 3060 3440
f 3128 422 495
f 3122 3501 3054
f 3385 579 611
f 3106 3462 3461
f 3101 3570 3566
f 3578 3579 3431
f 3501 3395 3499
f 3560 3561 3556
f 3073 3110 3071
f 3574 3578 3431
f 3462 3055 3085
f 490 420 3517
f 3488 3123 3486
f 3378 3362 3379
f 3114 3048 3047
f 3395 3501 3552
f 3122 3054 3055
f 3101 3566 3102
f 3462 3106 3055
f 2964 3093 3580
f 3377 3435 3460
f 3500 3499 3546
f 3111 3562 3110
f 3487 3086 3084
f 3501 3500 3562
f 3486 3575 3487
f 3063 3064 3053
f 3085 3575 3553
f 3539 3541 3545
f 3541 3490 3545
f 3575 3085 3086
f 3542 3545 3066
f 3317 3581 3231
f 3046 3048 3055
f 3571 3486 3123
f 3517 3570 3067
f 3112 3113 3063
f 3562 3500 3563
f 3113 3112 3047
f 3103 3461 3565
f 3461 3557 3561
f 3106 3461 3103
f 3083 3124 3487
f 3580 3097 3573
f 3554 3553 3575
f 3071 3110 3564
f 3580 3093 3098
f 3431 3534 3574
f 3461 3382 3557
f 3277 3354 3352
f 3453 3385 3387
f 3582 3583 3584
f 3052 309 244
f 3580 3098 3097
f 3570 3116 3067
f 3585 3586 3587
f 3581 3481 3297
f 3554 3575 3571
f 3062 521 3068
f 3581 3297 3231
f 3124 3488 3487
f 3126 3125 3065
f 3586 3585 3582
f 3583 3582 3585
f 3126 3065 3127
f 3133 3512 3127
f 3585 3587 3588
f 3589 3384 3383
f 3513 3571 3123
f 3356 3359 3305
f 3048 3114 3115
f 3326 3186 3315
f 3084 3114 3112
f 3503 3491 3349
f 3590 3341 3340
f 3186 3326 3325
f 3346 216 226
f 3426 3412 3413
f 3260 3350 3285
f 3573 3097 3560
f 3047 3045 3113
f 525 454 457
f 3517 420 394
f 3384 3558 3382
f 3457 3555 3423
f 3525 3342 3184
f 3102 3566 364
f 3508 3507 3362
f 3554 3544 3383
f 3487 3084 3083
f 3541 3349 3492
f 3071 3070 3073
f 3555 3454 3423
f 3346 3363 3365
f 3373 3374 3358
f 3366 3527 3378
f 3123 3126 3512
f 3591 3319 3364
f 3400 3261 3305
f 3350 3260 3259
f 3086 3487 3575
f 3513 3512 3544
f 3062 3396 521
f 3312 3161 3273
f 3313 3324 3285
f 3444 3506 3424
f 3024 3042 3193
f 3532 3515 3326
f 3592 3583 3585
f 3193 3204 3024
f 3071 3439 3078
f 3191 3188 3187
f 3297 3481 3289
f 3083 3175 3124
f 3301 3275 3265
f 3262 3400 3593
f 3400 3262 3261
f 3196 3153 3516
f 3263 3262 3241
f 3242 3537 3594
f 3087 3510 3509
f 3490 3491 3478
f 3142 3595 3317
f 3532 3596 3515
f 3319 3258 3260
f 3472 3597 3524
f 276 3435 275
f 3527 3377 3459
f 2932 2931 3598
f 3230 3251 3255
f 3400 3388 3593
f 3301 3228 3272
f 3209 3235 3157
f 3389 3388 3328
f 3405 3411 3406
f 3103 3565 3104
f 3104 3559 3099
f 3071 3564 3563
f 3559 3565 3560
f 3185 3510 3025
f 3590 3599 3600
f 3601 3576 3602
f 3603 3604 3057
f 3369 3371 3539
f 3605 3556 3589
f 3472 3471 3597
f 3544 3568 3604
f 3539 3548 3540
f 3606 3607 3608
f 3383 3543 3609
f 3573 3610 3611
f 2931 2933 3612
f 3613 3614 3615
f 3613 3615 3616
f 3332 3401 3617
f 3432 3471 3402
f 3393 3567 3618
f 3619 3620 3603
f 3602 3621 3601
f 3099 3622 3107
f 3105 3108 3122
f 3108 3105 3099
f 3623 3624 2970
f 2973 2960 3623
f 2973 3623 2970
f 3601 3625 3626
f 2935 2934 2930
f 3093 3627 3098
f 3622 3099 3098
f 3107 3618 3567
f 3621 3618 3625
f 3531 3327 3628
f 3122 3106 3105
f 3572 3610 3573
f 3551 3540 3548
f 3627 3626 3622
f 3629 3608 3630
f 3631 3632 3633
f 3572 3556 3605
f 3634 2849 2994
f 3057 3056 3635
f 3589 3632 3636
f 3567 3108 3107
f 3634 3637 2952
f 3550 3638 3551
f 3639 2994 2993
f 3620 3619 3640
f 3550 3577 3638
f 3383 3609 3589
f 3620 3633 3632
f 3620 3632 3543
f 2847 3641 3642
f 3605 3636 3572
f 3602 3643 3644
f 3639 3577 3637
f 3579 3432 3431
f 3393 3644 3548
f 3643 3602 3576
f 3544 3604 3543
f 3630 3631 3633
f 2935 3601 3626
f 3551 3548 3644
f 3394 3547 3546
f 3393 3548 3394
f 3645 3646 3502
f 3647 3471 3579
f 2849 3634 2952
f 3648 3010 3649
f 3650 2905 3034
f 3543 3632 3609
f 3651 3262 3593
f 2935 2930 3576
f 3393 3618 3644
f 3649 3652 3653
f 3654 2945 3655
f 3594 3364 3242
f 3613 3656 2952
f 3603 3057 3619
f 3572 3560 3556
f 3105 3104 3099
f 2847 3642 2848
f 3641 3652 3657
f 3644 3621 3602
f 3549 3643 3576
f 3568 3512 3134
f 3370 3369 3551
f 3341 3658 3342
f 3659 3641 2847
f 3660 2926 3661
f 3662 3663 3664
f 3549 3577 3550
f 3578 3647 3579
f 3011 3010 3334
f 3593 3665 3666
f 3000 3667 3036
f 3035 3037 3668
f 3669 3670 3671
f 3597 3647 3672
f 3037 3038 2999
f 2893 3118 2892
f 3631 3610 3636
f 3673 2958 2961
f 2961 2973 3673
f 3674 3675 2956
f 3676 3668 3677
f 2973 3678 3679
f 3670 3680 3681
f 2900 2905 2896
f 3682 3683 3684
f 3685 3667 3682
f 3686 2849 2952
f 2957 3675 3654
f 3687 3688 3689
f 3654 3690 3691
f 3681 3692 3670
f 3693 3694 3677
f 3695 3696 3668
f 3613 2952 2951
f 3684 3683 3697
f 3010 3648 3334
f 3698 3676 3697
f 3699 3700 3606
f 3692 3681 3688
f 3580 3611 2964
f 3701 3669 3671
f 2937 3612 3702
f 3703 3704 3705
f 3706 3707 3597
f 3708 3035 3668
f 3654 2963 2957
f 3709 3671 3670
f 3658 3710 2932
f 3630 3711 3699
f 3671 3694 3673
f 3667 3131 3036
f 3696 3690 3654
f 3712 3678 3700
f 2894 2905 3650
f 3692 3709 3670
f 3696 3695 3690
f 3713 3397 3511
f 2895 3667 3000
f 3037 3695 3668
f 3617 3687 3714
f 3131 3667 3685
f 3549 3551 3644
f 3668 3676 3708
f 3033 3698 2894
f 3677 3671 3709
f 3676 3709 3697
f 2964 3606 3678
f 3484 3524 3715
f 3597 3672 3716
f 3717 3578 3574
f 3718 3672 3719
f 3712 3679 3678
f 3716 3672 3720
f 3579 3471 3432
f 3688 3721 3689
f 3618 3107 3625
f 3701 3673 2973
f 3722 3716 3720
f 3672 3653 3719
f 3707 3524 3597
f 3701 2973 3680
f 3707 3616 3723
f 3672 3718 3720
f 3722 3724 3716
f 3649 3657 3652
f 3653 3672 3725
f 3644 3643 3549
f 3641 3686 2952
f 3616 3706 3724
f 3653 3652 3656
f 3007 2852 3008
f 3717 3725 3578
f 3035 3708 3033
f 3723 3616 2955
f 3723 3715 3524
f 3514 3493 3008
f 3384 3589 3556
f 3726 3532 3581
f 3680 3721 3681
f 3714 3689 3721
f 3727 3728 3729
f 3730 3270 3731
f 3697 3687 3684
f 3639 2993 3638
f 3531 3525 3203
f 3680 3679 3721
f 3484 3732 3497
f 3022 2907 3018
f 3631 3636 3632
f 3691 3733 2945
f 3698 3033 3708
f 3734 3735 3736
f 2851 2994 2849
f 3626 3627 2935
f 2945 3654 3691
f 3034 3033 3650
f 3025 3087 3041
f 3737 3738 3443
f 3694 3671 3677
f 3006 2987 2908
f 3716 3724 3597
f 3675 3674 3693
f 3739 3740 3741
f 3022 3742 3023
f 3696 3654 3668
f 3037 3019 3695
f 3018 2906 3703
f 3743 3735 3665
f 3725 3647 3578
f 3670 3669 3701
f 3711 3630 3617
f 3744 2945 3733
f 3745 3733 3691
f 2956 2958 3674
f 2931 2937 3746
f 3747 3746 2937
f 3677 3668 3675
f 3736 3735 3392
f 3728 2856 3729
f 3748 3730 3749
f 3750 3751 3752
f 3753 3714 3721
f 3754 3755 3756
f 3740 3757 3741
f 3691 3690 3745
f 3742 3758 3019
f 3747 3704 3703
f 2896 2905 2894
f 2937 3702 2938
f 2926 3660 3703
f 3022 3018 3742
f 3742 3705 3744
f 2931 3612 2937
f 3661 3747 3660
f 3610 3572 3636
f 3649 3653 3717
f 3758 3695 3019
f 3723 3441 3738
f 3001 3003 3012
f 3759 3760 3761
f 3705 3742 3018
f 3762 3755 3763
f 3764 3765 3766
f 3767 3736 2946
f 3733 3745 3744
f 2973 3679 3680
f 2894 3698 2895
f 3694 3674 3673
f 3717 3648 3649
f 3637 3634 2994
f 3738 3441 3443
f 3041 3088 3014
f 3616 3615 3768
f 2894 3650 3033
f 3754 3769 3770
f 3642 3657 2995
f 3646 3713 3511
f 3667 2895 3682
f 3745 3742 3744
f 3736 3767 3734
f 3678 2973 2964
f 3768 2953 3616
f 2898 2897 3771
f 3737 3715 3738
f 3722 3613 3616
f 3120 3635 3119
f 3757 3737 3443
f 2984 2900 2899
f 3648 3717 3574
f 3741 3463 3759
f 3744 3704 2937
f 3625 3107 3626
f 3772 3773 3774
f 3715 3737 3646
f 3719 3653 3656
f 3625 3601 3621
f 3771 3130 3635
f 3120 3118 2898
f 3722 3616 3724
f 3497 3645 3502
f 3737 3757 3646
f 3646 3398 3502
f 2951 3614 3613
f 3675 3668 3654
f 3656 3652 2952
f 3647 3725 3672
f 3715 3732 3484
f 3463 3775 3776
f 3463 3776 3760
f 3622 3626 3107
f 3134 3057 3568
f 3646 3645 3732
f 3536 3533 3574
f 3524 3707 3723
f 3777 3766 3778
f 2849 3686 3659
f 3646 3732 3715
f 3646 3757 3713
f 3443 3463 3757
f 3779 3764 3666
f 3533 3334 3648
f 2946 3739 3741
f 3652 3641 2952
f 3780 3537 3651
f 3720 3613 3722
f 3781 3782 3783
f 3663 3662 3784
f 3616 3707 3706
f 2907 3022 2913
f 3700 3678 3606
f 2848 3642 2995
f 3775 3463 3442
f 3645 3497 3732
f 3109 2921 3117
f 3743 3665 3388
f 3736 3785 3786
f 3698 3697 2895
f 3657 3649 3010
f 2930 3577 3576
f 3388 3390 3392
f 3787 3734 3767
f 3666 3735 3779
f 3119 3117 2892
f 3738 3715 3723
f 3392 3743 3388
f 3760 3759 3463
f 3693 3677 3675
f 3465 3775 3442
f 3118 3119 2892
f 3769 3788 3789
f 3119 3635 3117
f 3120 3771 3635
f 3785 2946 3786
f 3391 3757 3740
f 3057 3604 3568
f 3773 2946 3741
f 3719 3656 3613
f 3740 3739 3785
f 3118 2889 2898
f 3463 3741 3757
f 2895 3000 2896
f 3600 3585 3588
f 3787 3767 2946
f 3120 2898 3771
f 3743 3392 3735
f 3790 3770 3769
f 3791 3755 3754
f 3792 3791 3750
f 3262 3537 3241
f 3787 2949 3769
f 3748 3381 3240
f 3629 3699 3606
f 3735 3666 3665
f 3793 3663 3794
f 3795 3796 3797
f 3798 3783 3782
f 3370 3551 3638
f 3747 2937 3704
f 3619 3799 3640
f 3787 2946 2949
f 3327 3781 3800
f 2946 3785 3739
f 3801 3802 3803
f 3567 3393 3552
f 3640 3633 3620
f 3804 3795 3797
f 3803 3802 3805
f 2898 2984 2899
f 3726 3596 3532
f 3537 3778 3594
f 3663 3793 3806
f 3807 3469 3808
f 3728 3809 3810
f 3811 2856 2853
f 3812 3766 3765
f 3813 3814 3784
f 3815 3199 3816
f 3798 3793 3794
f 3765 3756 3812
f 3817 3806 3726
f 3818 3819 3820
f 3011 3334 3514
f 3795 3804 3821
f 3809 3822 3311
f 3581 3532 3481
f 2856 3811 3762
f 3752 3751 3727
f 3730 3748 3270
f 3821 3790 3789
f 3214 3823 2855
f 3675 2957 2956
f 3748 3264 3270
f 3285 3284 3319
f 3800 3599 3628
f 3591 3823 3319
f 2856 3728 3824
f 3825 3821 3789
f 3152 3203 3516
f 3800 3628 3327
f 3703 3705 3018
f 3646 3511 3398
f 3302 3311 3826
f 3221 3827 3805
f 3226 3240 3257
f 3784 3828 3813
f 3829 3520 3830
f 3594 2855 3591
f 3801 3831 3830
f 3736 3786 2946
f 3144 3595 3142
f 3832 3833 3834
f 3835 3749 3836
f 3837 3518 3838
f 3839 3840 3730
f 3801 3828 3662
f 3831 3801 3815
f 3200 3803 3827
f 3381 3748 3749
f 3199 3381 3816
f 3822 3809 3727
f 3829 3831 3816
f 3311 3810 3809
f 3801 3841 3828
f 3842 3781 3596
f 3661 3832 3747
f 3840 3836 3749
f 3749 3835 3381
f 3829 3518 3520
f 3843 3661 2926
f 3835 3836 3816
f 3664 3802 3662
f 3756 3765 3844
f 3845 3846 3801
f 3815 3816 3831
f 3784 3814 3794
f 3847 3585 3599
f 3730 3840 3749
f 3848 3832 3834
f 3849 3254 3824
f 3839 3731 3850
f 3845 3801 3830
f 3810 3311 3312
f 3341 3600 3851
f 3803 3852 3801
f 3853 3850 3731
f 3764 3779 3844
f 3756 3787 3754
f 3594 2853 2855
f 3831 3829 3830
f 3750 3791 3770
f 3520 3845 3830
f 3594 3591 3364
f 3841 3801 3846
f 3780 3651 3777
f 3537 3262 3651
f 3803 3815 3852
f 3332 3619 3130
f 3620 3543 3604
f 3595 3144 3221
f 3635 3056 3109
f 3117 3635 3109
f 2953 2955 3616
f 3200 3199 3815
f 3603 3620 3604
f 3599 3590 3340
f 3801 3852 3815
f 3799 3633 3640
f 3845 3520 3519
f 3619 3635 3130
f 3802 3801 3662
f 3518 3829 3839
f 3144 3381 3199
f 3839 3836 3840
f 3221 3200 3827
f 3254 2854 2856
f 3799 3619 3332
f 3635 3619 3057
f 3133 3058 3134
f 3819 3221 3805
f 3806 3782 3842
f 3826 3311 3854
f 3240 3226 3748
f 3825 3855 3795
f 3790 3750 3770
f 3790 3804 3750
f 3763 2856 3762
f 3804 3856 3751
f 3510 3087 3025
f 3857 3611 3580
f 3729 3752 3727
f 2935 3627 3093
f 3807 3854 3856
f 3755 3762 3812
f 3637 3577 2930
f 3850 3853 3796
f 3796 3853 3797
f 3685 3682 3617
f 3469 3807 3270
f 3835 3816 3381
f 3829 3836 3839
f 3788 3825 3789
f 3855 3838 3795
f 3729 3750 3752
f 3763 3792 3750
f 3838 3839 3795
f 3791 3754 3770
f 3792 3763 3755
f 3795 3821 3825
f 3853 3731 3270
f 3858 3769 2949
f 3764 3651 3666
f 3311 3302 3159
f 3822 3854 3311
f 3823 3591 2855
f 3751 3854 3822
f 3807 3797 3853
f 3269 3469 3270
f 3518 3839 3838
f 3855 3825 3859
f 3821 3804 3790
f 3838 3855 3837
f 3796 3795 3839
f 3519 3518 3837
f 3839 3850 3796
f 3787 3844 3779
f 3788 3860 3825
f 3859 3825 3860
f 3826 3854 3808
f 3729 2856 3763
f 3750 3804 3751
f 3804 3797 3807
f 3807 3856 3804
f 3762 3811 3766
f 3469 3302 3826
f 3651 3593 3666
f 3808 3469 3826
f 3726 3806 3842
f 3583 3794 3814
f 3798 3583 3592
f 3664 3805 3802
f 3819 3818 3595
f 3820 3805 3664
f 3784 3794 3663
f 3598 3861 2932
f 3583 3798 3794
f 3661 3843 3833
f 3637 2994 3639
f 3833 3832 3661
f 3834 3833 3843
f 3647 3597 3471
f 3724 3706 3597
f 3834 3598 2931
f 3861 3087 3509
f 3014 3088 3013
f 2925 3843 2926
f 3525 3340 3342
f 3596 3781 3515
f 3848 3834 2931
f 3862 3863 3600
f 3851 3600 3863
f 3325 3152 3186
f 3600 3599 3585
f 3746 3747 3832
f 2931 3746 3848
f 3595 3818 3317
f 3805 3820 3819
f 2946 3773 2947
f 3800 3783 3847
f 3341 3590 3600
f 3598 3834 3843
f 3336 3370 2993
f 3655 2963 3654
f 3688 3687 3692
f 3847 3599 3800
f 3781 3327 3515
f 3203 3325 3531
f 3793 3798 3782
f 3003 3013 3012
f 3849 3253 3254
f 3798 3592 3783
f 3842 3596 3726
f 3823 3236 3319
f 3782 3806 3793
f 3847 3592 3585
f 3581 3818 3726
f 3581 3317 3818
f 3820 3726 3818
f 3726 3820 3817
f 3817 3664 3663
f 3784 3662 3828
f 3820 3664 3817
f 3315 3186 3162
f 2906 2987 3703
f 3592 3847 3783
f 3203 3152 3325
f 2925 3088 3522
f 3628 3599 3340
f 3861 3598 3522
f 2932 3851 3864
f 3861 3522 3087
f 3841 3813 3828
f 3803 3805 3827
f 2932 3710 3851
f 3342 3185 3184
f 3584 3583 3814
f 3746 3832 3848
f 3342 3510 3185
f 3628 3340 3525
f 3525 3531 3628
f 3783 3800 3781
f 3088 2910 3013
f 3806 3817 3663
f 3537 3780 3777
f 3284 3364 3319
f 3778 3766 3811
f 3274 3849 3312
f 3762 3766 3812
f 3844 3787 3756
f 3777 3651 3764
f 3756 3755 3812
f 3764 3844 3765
f 3824 3254 2856
f 3264 3748 3226
f 3594 3811 2853
f 3757 3391 3713
f 3810 3312 3849
f 3221 3819 3595
f 3849 3274 3253
f 3789 3790 3769
f 3769 3858 3865
f 3769 3865 3788
f 3822 3727 3751
f 3594 3778 3811
f 3810 3849 3824
f 3823 3214 3236
f 3665 3593 3388
f 3779 3735 3734
f 3777 3764 3766
f 3522 3843 2925
f 3010 2995 3657
f 3713 3391 3397
f 3391 3740 3392
f 3741 3759 3774
f 3741 3774 3773
f 3815 3803 3200
f 3854 3807 3808
f 3807 3853 3270
f 3779 3734 3787
f 3824 3728 3810
f 3829 3816 3836
f 3611 3606 2964
f 3791 3792 3755
f 3809 3728 3727
f 3679 3712 3721
f 3769 3754 3787
f 3729 3763 3750
f 3751 3856 3854
f 3782 3781 3842
f 3131 3685 3401
f 3863 3864 3851
f 3016 2850 2852
f 2852 2996 3008
f 3370 3638 2993
f 2996 3514 3008
f 2851 2850 3016
f 3574 3533 3648
f 3613 3718 3719
f 2930 2952 3637
f 3576 3601 2935
f 3480 3402 3471
f 3718 3613 3720
f 3730 3731 3839
f 3392 3740 3785
f 3723 2955 3441
f 2849 3659 2847
f 3642 3641 3657
f 2932 3864 2933
f 3695 3758 3690
f 3778 3537 3777
f 3653 3725 3717
f 3686 3641 3659
f 3392 3785 3736
f 3711 3617 3714
f 3687 3617 3684
f 3636 3605 3589
f 3401 3685 3617
f 3700 3699 3753
f 3617 3630 3332
f 3682 3684 3617
f 3610 3607 3611
f 3753 3721 3712
f 2897 3130 3771
f 3711 3753 3699
f 3607 3610 3631
f 3710 3341 3851
f 2970 2964 2973
f 3697 3709 3692
f 3622 3098 3627
f 3547 3548 3545
f 3799 3630 3633
f 3509 3658 3861
f 3607 3606 3611
f 3799 3332 3630
f 3632 3589 3609
f 3714 3687 3689
f 3857 3573 3611
f 3699 3629 3630
f 3608 3629 3606
f 3630 3608 3631
f 3687 3697 3692
f 3721 3688 3681
f 3753 3711 3714
f 3742 3745 3758
f 3551 3369 3540
f 3618 3621 3644
f 3342 3658 3509
f 3682 2895 3683
f 3341 3710 3658
f 3862 3600 3588
f 3639 3638 3577
f 3608 3607 3631
f 3700 3753 3712
f 3677 3709 3676
f 3673 3674 2958
f 3703 3660 3747
f 2937 2945 3744
f 3704 3744 3705
f 3742 3019 3023
f 2963 3655 2945
f 3658 2932 3861
f 3680 3670 3701
f 3697 3683 2895
f 3698 3708 3676
f 3703 2987 2926
f 3135 3185 3025
f 3573 3857 3580
f 3758 3745 3690
f 3843 3522 3598
f 3674 3694 3693
f 3701 3671 3673
f 3866 3867 3868
f 3869 3870 3871
f 20 18 3872
f 3873 3871 3870
f 3870 3874 3873
f 17 3873 3874
f 3875 3872 3874
f 18 17 3874
f 3876 3877 3872
f 3878 264 3876
f 3879 3880 3872
f 3881 3882 3877
f 3876 3881 3877
f 3872 3883 3879
f 3884 3878 3872
f 3880 3884 3872
f 270 3885 3886
f 3876 270 3886
f 3883 3887 3879
f 3876 3872 3878
f 3888 3889 3870
f 3890 3875 3874
f 3874 3872 18
f 3870 3889 3874
f 3891 20 3872
f 3892 3893 3894
f 3895 3896 3897
f 3898 3899 3900
f 3901 3902 3903
f 3904 3905 3906
f 3907 3908 3909
f 3910 3911 3912
f 3896 3913 3914
f 3908 3868 3867
f 3915 3916 3917
f 3918 3919 3920
f 3921 3922 3923
f 3924 3925 3926
f 3868 3927 3866
f 3928 3929 3930
f 3931 3932 3933
f 3925 3924 3934
f 3935 3936 3937
f 3938 3939 3940
f 3941 3942 3943
f 3907 3909 3944
f 3945 3946 3947
f 3948 3949 3950
f 3951 2970 3952
f 3953 3933 3954
f 3955 3956 3957
f 3958 3959 3960
f 3961 3962 3963
f 3964 3899 3965
f 3966 2960 3967
f 3968 3969 3970
f 3971 3972 3973
f 3974 3975 3976
f 2979 3977 2980
f 3978 3979 3887
f 3980 3981 3920
f 3982 3876 3886
f 3982 3983 3881
f 3984 3985 3986
f 3958 3987 3959
f 3988 3989 3986
f 3987 3990 3991
f 3985 3988 3986
f 3987 3991 3992
f 3993 3994 3975
f 3995 3996 3872
f 3997 3998 3999
f 3951 4000 4001
f 4002 4003 4004
f 4005 4006 4007
f 4008 4009 4006
f 4008 4010 4009
f 3997 4011 4012
f 4013 4014 4015
f 4016 4017 4018
f 4019 4020 4021
f 4022 4023 4024
f 4025 4026 4027
f 4028 3870 4029
f 4030 4031 4032
f 4033 4034 4035
f 4036 4037 4038
f 4039 4040 4041
f 4042 20 3891
f 19 18 4043
f 4044 4045 4046
f 4047 4048 4033
f 4049 4050 4051
f 4052 3874 3889
f 4053 4054 4055
f 4056 4057 4058
f 4059 4060 4061
f 4062 4063 3587
f 4064 4065 4066
f 4067 4068 4069
f 4070 4071 3858
f 4072 4073 4074
f 3963 4075 4076
f 4077 4078 4079
f 4080 4081 4082
f 4083 4084 4085
f 3883 3945 3947
f 4086 3957 4087
f 2982 4088 2948
f 4089 4070 4090
f 4091 4092 4093
f 4094 4095 4096
f 4097 4098 4099
f 4094 4100 4101
f 4100 4102 4099
f 4070 4093 4092
f 4022 4103 4023
f 4104 4105 4106
f 4107 4096 4095
f 4108 4109 3979
f 4110 4111 4112
f 4113 4114 4081
f 3920 4115 3992
f 3945 4105 3946
f 4084 4116 4117
f 3995 3948 3950
f 4118 4011 4119
f 4120 3941 3943
f 2929 3917 2979
f 3969 4121 3970
f 4122 4123 4124
f 4125 4126 4127
f 4128 4129 4130
f 3958 4131 3990
f 4132 3995 3872
f 3882 4133 4134
f 4135 4136 4137
f 4050 4138 4051
f 4139 4140 4141
f 4142 4143 3921
f 4144 4145 4146
f 4147 4148 4149
f 4150 4151 4152
f 4153 4154 4155
f 4156 4008 4144
f 3956 3955 4157
f 3940 3939 4158
f 3465 4159 3775
f 4160 4161 4162
f 4163 4164 3944
f 2978 4165 2943
f 4166 4167 4168
f 3935 4169 4170
f 2961 4171 4172
f 4173 4174 4175
f 4176 4177 4178
f 2962 3969 2959
f 4179 4022 4024
f 4180 4181 4182
f 4183 2954 4184
f 4185 4186 4187
f 2965 4188 2936
f 4189 4190 4191
f 4002 4009 4010
f 4051 4135 4192
f 4193 2944 4194
f 4195 4196 2941
f 4197 3983 4198
f 4199 3929 3928
f 4200 4201 4202
f 4203 4204 4205
f 4206 4207 4208
f 3909 4209 4210
f 3963 4211 3961
f 4212 4213 4214
f 3969 3968 4215
f 4216 4217 4218
f 4219 4220 4221
f 3996 3919 3872
f 4222 4223 4224
f 3981 4225 3918
f 4226 4227 3990
f 4228 4001 4003
f 4229 3996 4230
f 4231 3948 4232
f 3925 3934 4233
f 3919 3996 4115
f 4115 3996 4229
f 4221 4234 4235
f 4236 4237 3895
f 4238 3905 3916
f 2947 3773 4239
f 4230 3992 4229
f 4036 4038 4240
f 4091 4241 4092
f 4242 4243 4244
f 4245 4246 4247
f 4230 3996 4248
f 2951 4249 3614
f 4250 4251 4139
f 4252 4253 4254
f 4255 4256 3967
f 4257 4258 4254
f 4121 4259 4260
f 4261 4009 4002
f 3970 4262 4256
f 4258 4263 4221
f 4003 4002 4264
f 4265 4266 4267
f 4131 3985 3990
f 4102 4268 4269
f 4270 4271 4220
f 4001 4000 4003
f 4272 4273 4274
f 2980 4275 2950
f 4276 4277 4278
f 4279 4280 4281
f 3876 3982 3881
f 4282 4029 4036
f 3956 4283 4087
f 4284 4260 4285
f 4254 4286 4287
f 4221 4288 4258
f 4289 4263 4257
f 4290 4263 4291
f 4292 4005 4007
f 4293 4257 4254
f 4256 4291 3967
f 4256 4255 3968
f 4253 4220 4205
f 4294 4287 4286
f 4253 4204 3984
f 4287 4257 4293
f 2976 4193 2974
f 4294 4286 4295
f 4256 3968 3970
f 4270 4296 3999
f 4235 4297 4298
f 4299 4300 4225
f 4301 4176 4302
f 4009 4261 4007
f 3969 2962 2961
f 4303 4015 4304
f 4305 4306 4307
f 4006 4308 4309
f 4215 2960 4310
f 2975 4193 2976
f 4311 4312 4313
f 4314 4315 4316
f 2961 4172 3969
f 4304 3989 4303
f 4263 4290 4262
f 4262 4290 4256
f 4289 4317 4263
f 4304 4318 4295
f 4257 4287 4005
f 4319 4320 4321
f 4322 4323 4324
f 4005 4325 4006
f 4002 4010 4156
f 4326 4316 4327
f 4310 3969 4215
f 4253 4328 4254
f 4301 4324 4329
f 4330 4331 3623
f 4001 2972 3951
f 4129 4011 4118
f 2959 4310 2960
f 2959 3969 4310
f 4332 4305 4307
f 4270 3999 4319
f 4333 4334 4335
f 4327 3967 4291
f 4336 4337 4338
f 4014 4013 4167
f 4006 4009 4007
f 4121 3969 4172
f 4007 4261 4327
f 4339 4014 4340
f 4341 4298 4297
f 3999 4012 4319
f 4004 4261 4002
f 4257 4263 4258
f 4138 4342 4343
f 4344 4003 4000
f 4345 4346 4347
f 4344 3952 4330
f 3972 3971 4224
f 4293 4254 4287
f 4289 4327 4291
f 4348 4349 4117
f 4286 4254 4328
f 3952 4344 4000
f 4256 4290 4291
f 4215 4255 3967
f 4292 4327 4289
f 4235 4234 4297
f 4350 4012 4351
f 4351 4352 4350
f 4270 4219 4353
f 3999 3998 4012
f 4328 3986 4286
f 4271 4270 4319
f 4354 4355 4134
f 3967 4316 3966
f 3967 2960 4215
f 3997 4012 3998
f 4289 4005 4292
f 4262 4234 4263
f 4353 4298 4296
f 4010 4008 4156
f 4327 4292 4007
f 3966 3623 2960
f 4255 4215 3968
f 4171 4259 4172
f 4005 4289 4257
f 4006 4309 4008
f 4289 4291 4317
f 4298 4353 4219
f 4192 4356 4162
f 4357 4358 4359
f 4287 4294 4325
f 4023 4103 4360
f 4353 4296 4270
f 3999 4341 3997
f 4361 4362 4363
f 3967 4327 4316
f 3893 4275 3977
f 4364 4365 4366
f 4288 4254 4258
f 4367 4001 4228
f 4221 4235 4219
f 4234 4221 4263
f 3872 4368 4225
f 4369 4370 4371
f 4252 4254 4288
f 4203 4226 4204
f 4219 4235 4298
f 4179 4024 4359
f 4220 4252 4221
f 4288 4221 4252
f 4301 4372 4324
f 4253 4252 4220
f 4135 4051 4373
f 4220 4271 4205
f 4219 4270 4220
f 4374 4375 3960
f 4375 3976 4376
f 4131 3958 4377
f 4136 4378 4137
f 4203 4205 4378
f 3986 4328 4253
f 4204 4253 4205
f 4321 4352 4379
f 3960 4376 3958
f 4171 4380 4260
f 3990 3985 4226
f 3984 3986 4253
f 4286 4381 4295
f 3985 3984 4226
f 4234 4262 4121
f 3996 3950 3974
f 3950 3949 3974
f 4382 4131 4377
f 4131 4382 3994
f 4317 4291 4263
f 3992 4115 4229
f 3996 4375 4374
f 4376 4377 3958
f 4230 3959 3992
f 4383 4308 4304
f 3976 4375 3974
f 3975 4013 3993
f 4382 4377 3975
f 4384 4385 4386
f 3985 4131 3988
f 4014 4167 4340
f 3948 4387 3949
f 3950 3996 3995
f 4146 4156 4144
f 4304 4295 4381
f 4013 3994 3993
f 4284 4388 4234
f 3919 3918 4368
f 3992 3980 3920
f 3975 3974 3949
f 4377 4376 3975
f 4389 4167 4013
f 4339 4309 4383
f 3949 4167 4389
f 4326 4314 4316
f 4375 4376 3960
f 4234 4121 4260
f 4231 4390 4391
f 3960 4248 4374
f 4325 4005 4287
f 4308 4383 4309
f 4381 4286 3986
f 4392 4295 4308
f 3989 3988 3994
f 4295 4392 4294
f 4039 4393 4040
f 4015 4303 4013
f 3994 4303 3989
f 4384 4394 4347
f 4395 4396 4397
f 4303 3994 4013
f 4167 3949 4387
f 4015 4014 4383
f 4006 4325 4392
f 4381 3986 3989
f 4318 4308 4295
f 4308 4006 4392
f 3989 4304 4381
f 4308 4318 4304
f 4013 3975 3949
f 4262 3970 4121
f 4015 4383 4304
f 4014 4339 4383
f 3949 4389 4013
f 4398 4231 4232
f 4375 3996 3974
f 4358 4398 4399
f 3976 3975 4376
f 4392 4325 4294
f 4226 3984 4204
f 4115 3920 3919
f 4400 4401 4329
f 4402 4403 3864
f 3888 4404 3889
f 4405 4406 4407
f 4408 3865 4071
f 3872 4409 3883
f 4410 4411 3875
f 4062 4412 4413
f 4409 3872 3875
f 4414 4062 4413
f 4414 4415 4062
f 4416 4417 4418
f 4419 4420 4421
f 4422 4423 4424
f 4244 4425 4426
f 4412 3586 3582
f 3864 4427 2933
f 4428 4224 3971
f 4128 4429 4430
f 4284 4234 4260
f 4421 4431 4432
f 4433 4011 3997
f 4434 4435 4436
f 4388 4195 4341
f 4063 4058 3588
f 4437 3883 4409
f 4438 4439 4437
f 4128 4130 4429
f 4129 4352 4351
f 4132 4440 4441
f 4393 4442 4443
f 4011 4129 4351
f 4048 4402 4058
f 4296 4298 4341
f 4433 3997 4341
f 4297 4388 4341
f 4178 4440 4302
f 4354 4322 4372
f 4444 4322 4125
f 4341 3999 4296
f 4341 4195 4433
f 2940 2939 4195
f 4284 4445 4194
f 4445 4193 4194
f 4193 4445 4285
f 4119 4011 4433
f 4446 3612 4447
f 4447 4119 4433
f 4443 4417 4416
f 4128 4352 4129
f 4351 4012 4011
f 4128 4430 4352
f 4448 4311 4449
f 4429 4450 4430
f 4451 4222 4452
f 4130 4453 4429
f 17 4454 4455
f 4456 4454 4457
f 4458 4459 4460
f 4461 4462 4223
f 4305 4332 4463
f 4450 4305 4430
f 4305 4463 4430
f 4464 4356 4192
f 4201 4200 4459
f 4465 4162 4466
f 4428 4452 4467
f 4223 4462 4332
f 4321 4320 4352
f 4306 4305 4450
f 4350 4352 4320
f 4055 4054 4468
f 4428 3973 4469
f 4428 4043 4201
f 4043 4428 4470
f 4342 4042 3891
f 4352 4463 4471
f 4027 4378 4373
f 4456 4457 3973
f 17 4457 4454
f 4223 4451 4461
f 4465 4466 4472
f 4379 4352 4471
f 4470 4428 4469
f 4307 4223 4332
f 4248 3996 4374
f 4161 4461 4452
f 4473 4379 4474
f 4463 4332 4471
f 4462 4471 4332
f 4459 4161 4452
f 4463 4352 4430
f 4161 4160 4461
f 4458 4161 4459
f 4473 4462 4465
f 4475 4137 4378
f 4321 4472 4319
f 4467 4222 4224
f 4473 4476 4379
f 4475 4464 4137
f 4027 4477 4203
f 4342 4138 4050
f 20 4042 4202
f 4464 4135 4137
f 4464 4319 4472
f 4135 4464 4192
f 4307 4306 3972
f 4466 4356 4472
f 4136 4135 4373
f 4356 4464 4472
f 4321 4476 4472
f 4049 4051 4192
f 4458 4192 4162
f 4051 4025 4373
f 4319 4464 4475
f 4378 4136 4373
f 4025 4027 4373
f 4227 4477 3991
f 4477 4227 4203
f 3960 4230 4248
f 4027 4203 4378
f 4319 4475 4271
f 4378 4205 4475
f 4475 4205 4271
f 3990 4227 3991
f 4226 4203 4227
f 3988 4131 3994
f 3872 4026 4343
f 4300 4299 4477
f 4225 3981 4299
f 4382 3975 3994
f 4388 4297 4234
f 4478 4479 4039
f 4442 4118 4119
f 4480 4481 4482
f 4412 3584 4413
f 4443 4119 4483
f 4403 4484 4418
f 4417 4483 4447
f 4033 4035 4047
f 4417 4443 4483
f 2933 4447 3612
f 4417 4447 2933
f 3612 4446 3702
f 4485 4393 4443
f 4035 4486 4480
f 4426 4425 4487
f 4488 4489 4490
f 4443 4442 4119
f 4118 4442 4129
f 4039 4129 4393
f 4393 4129 4442
f 4491 4426 4487
f 4492 4061 4486
f 4493 4494 4495
f 4484 4403 4496
f 4493 4242 4244
f 4417 4427 4418
f 4427 4417 2933
f 4418 4427 4403
f 4403 4427 3864
f 4497 4488 4490
f 4425 4498 4487
f 4192 4458 4049
f 4047 4035 4499
f 4500 4425 4244
f 4501 4057 4502
f 4482 4041 4040
f 3865 3858 4071
f 4416 4503 4047
f 4502 4504 4059
f 4505 4482 4481
f 3864 3863 4402
f 4058 3863 3862
f 4342 4200 4202
f 4482 4505 4041
f 4201 4043 18
f 4482 4393 4485
f 4506 4507 4508
f 4416 4484 4503
f 3582 3584 4412
f 4496 4048 4503
f 4495 4509 4493
f 4510 4498 4511
f 4402 4048 4496
f 4039 4479 4130
f 4058 4057 4048
f 4491 4512 4513
f 4481 4480 4486
f 4324 4323 4022
f 4514 4515 4074
f 4033 4048 4501
f 4059 4061 4492
f 4063 4056 4058
f 4016 4512 4017
f 4035 4480 4499
f 4507 4516 4517
f 4518 4519 4520
f 4160 4462 4461
f 4062 3586 4412
f 4460 4049 4458
f 4521 4522 4523
f 4524 4525 4526
f 4492 4486 4034
f 4300 3872 4225
f 4059 4492 4501
f 3587 3586 4062
f 4506 4527 4528
f 4529 4530 4531
f 4074 4532 4514
f 4523 4533 4517
f 4534 4061 4515
f 4535 4536 4413
f 4537 4511 4538
f 4020 4539 4540
f 4426 4513 4493
f 4541 4059 4504
f 4507 4533 4508
f 4073 4072 4017
f 4486 4035 4034
f 4527 4508 4528
f 4017 4531 4018
f 4507 4018 4531
f 4541 4504 4536
f 4279 4542 4282
f 4426 4491 4513
f 4543 4490 4489
f 4544 4545 4532
f 4103 4064 4360
f 3588 3587 4063
f 4539 4054 4540
f 4502 4415 4504
f 4222 4467 4452
f 4488 4497 4512
f 4060 4515 4061
f 4506 4489 4018
f 4541 4060 4059
f 4415 4414 4504
f 4415 4502 4057
f 3863 4058 4402
f 4546 4547 4548
f 4048 4047 4503
f 4034 4501 4492
f 4140 4500 4549
f 4527 4506 4508
f 4481 4486 4534
f 4393 4482 4040
f 4057 4501 4048
f 4543 4550 4551
f 4552 4516 4530
f 4523 4522 4533
f 4072 4515 4529
f 4072 4074 4515
f 4072 4529 4531
f 4060 4541 4530
f 4486 4061 4534
f 4062 4056 4063
f 4499 4480 4485
f 4415 4056 4062
f 4415 4057 4056
f 4502 4059 4501
f 4493 4244 4426
f 3862 3588 4058
f 4416 4499 4485
f 4497 4490 4551
f 4517 4533 4507
f 4482 4485 4480
f 4499 4416 4047
f 4443 4416 4485
f 4484 4416 4418
f 4508 4522 4528
f 4501 4034 4033
f 4551 4493 4513
f 4497 4551 4513
f 4515 4514 4534
f 4497 4513 4512
f 4506 4550 4543
f 4468 4313 4312
f 4453 4311 4448
f 4251 4250 4553
f 3973 4457 4469
f 4471 4462 4474
f 4281 4019 4030
f 4313 4554 4311
f 4428 3971 3973
f 4311 4453 4479
f 4448 4449 4555
f 4556 4557 4555
f 4538 4251 4553
f 4023 4360 4558
f 4555 4559 4448
f 4450 4559 4306
f 4450 4448 4559
f 4550 4494 4551
f 17 4455 3873
f 4306 4559 4454
f 4559 4560 4454
f 17 4469 4457
f 4455 4560 3873
f 4561 4562 4563
f 4478 4312 4479
f 3874 4052 4564
f 4452 4201 4459
f 4561 4556 4555
f 4508 4533 4522
f 4468 4565 4055
f 4449 4566 4019
f 4300 4477 3872
f 4567 4140 4549
f 4161 4458 4162
f 4568 4053 4544
f 4029 4569 4028
f 4505 4514 4041
f 4021 4030 4019
f 4570 3874 4571
f 4545 4055 4565
f 3870 4028 3888
f 4200 4342 4050
f 4054 4053 4568
f 4538 4425 4500
f 4572 4573 4574
f 4534 4514 4505
f 4490 4543 4551
f 4049 4460 4050
f 4565 4312 4478
f 4037 3869 4038
f 19 4470 17
f 4539 4566 4313
f 4037 4036 4029
f 4476 4321 4379
f 4575 4491 4487
f 4019 4566 4020
f 4052 4576 4549
f 4555 4449 4562
f 4179 4324 4022
f 4404 3888 4141
f 4529 4515 4060
f 4511 4021 4020
f 4041 4514 4565
f 4074 4568 4544
f 4453 4450 4429
f 4506 4018 4507
f 4470 19 4043
f 4525 4535 4577
f 4559 4557 4560
f 4560 4455 4454
f 3972 4456 3973
f 4026 4138 4343
f 4553 4021 4537
f 4016 4489 4488
f 4456 3972 4306
f 4224 4428 4467
f 4562 4449 4563
f 4544 4532 4074
f 4039 4130 4129
f 4042 4342 4202
f 4540 4511 4020
f 4029 3870 4037
f 4243 4578 4500
f 4540 4575 4510
f 4575 4579 4491
f 4580 4581 4582
f 4575 4540 4054
f 4571 4583 4564
f 3889 4567 4549
f 4565 4468 4312
f 4516 4531 4530
f 4570 4580 4584
f 4410 4585 4586
f 4498 4538 4511
f 4280 4279 4282
f 4468 4539 4313
f 4554 4449 4311
f 4404 4140 3889
f 21 4201 18
f 4587 4588 4589
f 4530 4541 4536
f 4544 4055 4545
f 4032 4553 4250
f 4050 4460 4200
f 4526 4517 4524
f 4478 4039 4041
f 4517 4516 4524
f 4566 4539 4020
f 4552 4530 4536
f 4590 4557 4591
f 4054 4539 4468
f 4554 4313 4566
f 4487 4510 4575
f 4568 4575 4054
f 4545 4514 4532
f 4312 4311 4479
f 4579 4073 4491
f 4538 4553 4537
f 4479 4453 4130
f 21 20 4202
f 4201 21 4202
f 4444 4103 4323
f 4343 4342 3891
f 4553 4031 4021
f 4243 4500 4244
f 4565 4514 4545
f 4019 4281 4563
f 4450 4453 4448
f 4478 4041 4565
f 4449 4554 4566
f 4025 4138 4026
f 4017 4512 4073
f 4021 4511 4537
f 4456 4306 4454
f 4469 17 4470
f 4140 4567 3889
f 4423 4494 4550
f 4511 4540 4510
f 4516 4552 4524
f 4452 4428 4201
f 4460 4459 4200
f 4580 4570 4571
f 4592 4593 4594
f 4538 4498 4425
f 4410 4584 4580
f 4141 4250 4139
f 4531 4017 4072
f 4410 4595 4584
f 4410 4586 4411
f 3874 4584 3890
f 4504 4414 4536
f 4596 4065 4064
f 4074 4579 4568
f 4411 4597 3875
f 3890 4410 3875
f 4016 4018 4489
f 4598 4564 4052
f 4250 4028 4542
f 4505 4481 4534
f 4530 4529 4060
f 4579 4575 4568
f 4579 4074 4073
f 4507 4531 4516
f 4451 4452 4461
f 4544 4053 4055
f 4498 4510 4487
f 4251 4538 4500
f 4576 3889 4549
f 4500 4140 4139
f 4576 4052 3889
f 4491 4073 4512
f 4140 4404 4141
f 4595 4410 3890
f 4595 3890 4584
f 4563 4449 4019
f 4138 4025 4051
f 4027 4026 4477
f 4462 4473 4474
f 4388 4284 4195
f 4284 4194 4195
f 4165 2942 2941
f 4433 4195 4446
f 4496 4503 4484
f 4496 4403 4402
f 3888 4250 4141
f 4251 4500 4139
f 4549 4578 4242
f 4578 4243 4242
f 4242 4052 4549
f 4578 4549 4500
f 4580 4571 4581
f 4242 4493 4509
f 3874 4570 4584
f 4598 4509 4599
f 4600 4581 4599
f 4242 4598 4052
f 4571 4599 4581
f 4564 4598 4571
f 4509 4598 4242
f 4601 4602 4603
f 4601 4604 4602
f 4592 4594 4605
f 4606 4069 4605
f 4583 3874 4564
f 4509 4600 4599
f 4607 4608 4422
f 4597 4573 4572
f 4593 4609 4594
f 4610 4611 4606
f 4495 4608 4509
f 4607 4422 4612
f 4069 4405 4613
f 4099 4102 4269
f 4069 4592 4605
f 4592 4069 4068
f 4614 4594 4615
f 4586 4597 4616
f 4617 4618 4619
f 4620 4085 4349
f 4411 4616 4597
f 4597 4621 4573
f 4572 4574 4609
f 4610 4614 4615
f 4582 4410 4580
f 4586 4585 4597
f 4581 4622 4582
f 4615 4581 4610
f 4610 4581 4611
f 4600 4509 4611
f 4611 4581 4600
f 4528 4424 4506
f 4610 4606 4605
f 4509 4406 4611
f 4608 4607 4509
f 4406 4607 4623
f 4406 4509 4607
f 4608 4495 4423
f 4624 4625 4604
f 4626 4627 4628
f 4629 4630 4631
f 4069 4632 4405
f 4624 4604 4633
f 4405 4407 4631
f 4634 4114 4067
f 4390 4635 4391
f 4636 4637 4638
f 4613 4601 4639
f 4069 4606 4632
f 4632 4606 4406
f 4632 4406 4405
f 4406 4606 4611
f 4610 4605 4594
f 4614 4610 4594
f 4607 4612 4640
f 4434 4436 4408
f 4641 4422 4424
f 4642 4558 4186
f 4643 4644 4645
f 4601 4613 4405
f 4631 4407 4629
f 4522 4641 4528
f 4420 4419 3841
f 4646 4421 4432
f 3846 3845 4420
f 4607 4640 4623
f 4647 4648 4547
f 3813 3841 4419
f 4547 4546 4518
f 4646 4432 4522
f 4646 4521 4421
f 4649 4431 4640
f 4630 4431 4650
f 4536 4414 4413
f 4522 4521 4646
f 3814 4577 3584
f 4550 4506 4424
f 4612 4422 4641
f 4640 4612 4641
f 4407 4630 4629
f 4623 4640 4630
f 4462 4160 4465
f 4420 3841 3846
f 4650 4420 3845
f 4419 4421 4521
f 4528 4641 4424
f 4431 4649 4432
f 4421 4650 4431
f 4552 4535 4524
f 4423 4422 4608
f 4495 4494 4423
f 4028 4250 3888
f 4649 4641 4522
f 4522 4432 4649
f 4420 4650 4421
f 4525 4577 4526
f 4577 4419 4526
f 3813 4419 4577
f 4431 4630 4640
f 4641 4649 4640
f 4577 3814 3813
f 4413 3584 4535
f 4535 4525 4524
f 4535 4552 4536
f 4521 4523 4517
f 4419 4521 4526
f 4577 4535 3584
f 4526 4521 4517
f 4650 3845 4647
f 4548 4435 4651
f 4546 4519 4518
f 4435 4547 4648
f 4324 4179 4401
f 4647 3519 3837
f 4630 4650 4647
f 4630 4547 4518
f 4408 3860 3788
f 4647 3855 4648
f 3837 3855 4647
f 4070 3858 4093
f 4436 4435 4648
f 4247 4246 4652
f 3788 3865 4408
f 4653 4654 4655
f 4102 4656 4268
f 3954 3933 4657
f 4071 4434 4408
f 3855 3859 4648
f 3860 4408 4436
f 3859 3860 4436
f 4658 4659 3886
f 4660 3979 4109
f 4096 4660 4109
f 4661 3858 2949
f 2947 4239 4088
f 4088 2982 2947
f 4518 4631 4630
f 3859 4436 4648
f 4662 4548 4651
f 3885 4663 4218
f 3982 3886 4664
f 4665 4216 4666
f 4519 4546 4548
f 4111 4667 4668
f 4661 4093 3858
f 4361 4112 4669
f 4088 4670 4671
f 4639 4672 4082
f 4547 4435 4548
f 4604 4520 4633
f 4241 4673 4671
f 4068 4619 4593
f 4634 4674 4114
f 4675 4071 4070
f 4631 4518 4520
f 4089 4676 4675
f 4184 4677 4678
f 4679 4660 4107
f 4680 4602 4625
f 4676 4089 4090
f 4681 4682 4663
f 4360 4064 4066
f 4153 4683 4684
f 4110 4685 4625
f 4654 4686 3953
f 4099 4687 4097
f 4362 4361 4669
f 4081 4114 4674
f 4084 4688 4116
f 4674 4639 4082
f 4686 4689 4690
f 4685 4691 4625
f 4692 4158 4659
f 4673 4241 4693
f 4675 4651 4435
f 4653 4694 4686
f 4338 4672 4636
f 4283 3956 4157
f 4633 4520 4667
f 4349 4348 4620
f 4625 4602 4604
f 4338 4636 4638
f 4624 4667 4111
f 4695 4101 4278
f 4613 4634 4069
f 4696 4336 4697
f 4698 4699 4628
f 4625 4624 4110
f 4155 4700 4701
f 4154 4702 4098
f 4703 4704 4705
f 4370 4269 4706
f 4667 4707 4668
f 4651 4707 4662
f 4216 4663 4708
f 4434 4071 4675
f 4709 4181 4710
f 4711 4274 4712
f 4246 4272 4711
f 4112 4361 4713
f 4651 4675 4676
f 4434 4675 4435
f 4669 4112 4111
f 4245 4111 4668
f 4520 4662 4667
f 4268 4109 4714
f 4370 4715 4618
f 4668 4707 4716
f 4268 4714 4706
f 4667 4624 4633
f 4274 4671 4712
f 4639 4601 4603
f 4613 4639 4674
f 4604 4631 4520
f 4662 4707 4667
f 4717 4715 4106
f 4691 4718 4625
f 4090 4272 4719
f 4720 4182 4721
f 4713 4722 4723
f 4283 4101 4695
f 4105 4714 3946
f 4637 4724 4638
f 4680 4718 4725
f 4635 4642 4726
f 4681 269 4682
f 4088 4673 4693
f 4104 4714 4105
f 4085 4084 4349
f 4095 4094 4157
f 4674 4634 4613
f 4691 4685 4727
f 4349 4084 4117
f 4241 4273 4090
f 4155 4697 4724
f 4728 4729 4730
f 4439 4438 4731
f 3979 4660 4732
f 4153 4155 4683
f 4718 4680 4625
f 4152 4733 4734
f 4113 4735 4114
f 4246 4245 4716
f 3883 4108 3978
f 4658 4736 4659
f 4109 4268 4656
f 4117 3875 4348
f 4672 4725 4636
f 4082 4338 4337
f 4108 3979 3978
f 4337 4336 4080
f 4722 4737 4703
f 4241 4671 4273
f 4585 4410 4582
f 4094 4283 4157
f 4738 4276 4683
f 4273 4272 4090
f 4273 4671 4274
f 4739 4740 4712
f 4684 4154 4153
f 4711 4712 4741
f 4670 4239 3773
f 4106 4731 4438
f 4701 4700 4721
f 4155 4154 4696
f 4664 3886 4742
f 4734 4743 4744
f 4631 4604 4405
f 4245 4669 4111
f 4112 4685 4110
f 4676 4716 4651
f 3883 3947 4108
f 4628 4627 4745
f 4086 4087 4277
f 4589 4683 4746
f 4746 4747 4728
f 4748 4363 4362
f 4721 4182 4746
f 4719 4246 4716
f 4241 4091 4093
f 4247 4652 4362
f 4749 4588 4750
f 4719 4272 4246
f 3883 4439 4731
f 4444 4064 4103
f 4106 4084 4717
f 4092 4090 4070
f 4670 4751 4752
f 4660 4679 4732
f 4738 4749 4627
f 4437 4688 4438
f 4241 4090 4092
f 4085 4620 4083
f 3931 4753 4754
f 4588 4749 4589
f 4362 4669 4247
f 4716 4707 4651
f 4069 4634 4067
f 4098 4696 4154
f 4665 4755 4075
f 4688 4084 4438
f 4730 4756 4077
f 4687 4113 4081
f 4727 4723 4705
f 4718 4637 4725
f 4725 4672 4603
f 4717 4084 4083
f 4627 4626 4757
f 4095 4157 3955
f 4106 4715 4104
f 4107 4660 4096
f 4626 4758 4277
f 4759 4713 4760
f 4100 4094 4102
f 3982 4664 4761
f 4116 4409 4117
f 4708 269 4666
f 4721 4700 4703
f 4737 4721 4703
f 4739 4671 4752
f 4070 4089 4675
f 4762 4751 4763
f 4693 4241 2949
f 4361 4363 4760
f 4109 4656 4096
f 4685 4112 4723
f 4688 4437 4116
f 4589 4749 4683
f 4704 4637 4727
f 4694 4764 4765
f 4757 4276 4738
f 4409 4116 4437
f 4697 4336 4338
f 4179 4359 4401
f 4604 4601 4405
f 4718 4691 4727
f 4627 4757 4738
f 3887 4732 4679
f 3947 3946 4109
f 4603 4680 4725
f 4587 4730 4750
f 4114 4735 4067
f 4669 4245 4247
f 4278 4277 4087
f 4181 4180 4710
f 3978 3887 3883
f 4684 4276 4278
f 4724 4637 4700
f 4627 4749 4750
f 4099 4269 4369
f 4283 4094 4101
f 4687 4081 4080
f 4587 4728 4730
f 4766 4078 4767
f 4086 4694 3957
f 4697 4155 4696
f 4760 4768 4722
f 4662 4520 4519
f 4098 4100 4099
f 4080 4098 4097
f 4679 3955 4655
f 4080 4097 4687
f 4769 4770 4771
f 4702 4100 4098
f 4080 4336 4098
f 4369 4371 4772
f 4619 4083 4593
f 4113 4369 4772
f 4696 4098 4336
f 4703 4705 4722
f 4094 4096 4102
f 3886 3885 4658
f 4683 4155 4701
f 4654 4653 4686
f 4692 4659 4736
f 4637 4718 4727
f 4084 4106 4438
f 4687 4369 4113
f 4711 4652 4246
f 4724 4700 4155
f 4105 3945 4731
f 4082 4337 4080
f 4283 4695 4087
f 4684 4278 4101
f 4154 4684 4702
f 4746 4683 4701
f 4758 4086 4277
f 4764 4699 4765
f 4702 4101 4100
f 4744 4766 4734
f 4587 4750 4588
f 4728 4587 4589
f 4626 4628 4758
f 4181 4709 4182
f 4617 4371 4618
f 3955 3957 4655
f 4369 4687 4099
f 4622 4585 4582
f 4113 4772 4735
f 4082 4081 4674
f 4638 4697 4338
f 4695 4278 4087
f 4749 4738 4683
f 4683 4276 4684
f 4589 4746 4728
f 4758 4699 4764
f 4068 4067 4735
f 4727 4685 4723
f 3879 4679 4773
f 4699 4758 4628
f 3883 4731 3945
f 4101 4702 4684
f 3957 4694 4655
f 4637 4636 4725
f 4371 4617 4772
f 4109 4108 3947
f 4096 4656 4102
f 4724 4697 4638
f 4704 4703 4700
f 4617 4068 4735
f 4672 4338 4082
f 4620 4572 4083
f 3875 4117 4409
f 3875 4572 4348
f 4572 3875 4597
f 4572 4620 4348
f 4609 4083 4572
f 4406 4623 4407
f 4630 4407 4623
f 4548 4662 4519
f 4630 4647 4547
f 4357 4023 4774
f 4680 4603 4602
f 4705 4704 4727
f 4593 4592 4068
f 4593 4083 4609
f 4104 4706 4714
f 4619 4068 4617
f 4617 4735 4772
f 4370 4618 4371
f 4706 4104 4715
f 4465 4160 4162
f 4715 4619 4618
f 4715 4083 4619
f 4223 4222 4451
f 4489 4506 4543
f 4423 4550 4424
f 4551 4494 4493
f 4512 4016 4488
f 4583 4571 3874
f 4599 4571 4598
f 3845 3519 4647
f 4775 4776 4777
f 3772 4778 3773
f 4744 4077 4079
f 4763 3773 4778
f 4741 4740 4779
f 4182 4780 4781
f 4778 4777 4782
f 4783 4784 4762
f 4670 4785 4671
f 4740 4752 4762
f 4740 4739 4752
f 4672 4639 4603
f 4716 4676 4719
f 4786 4762 4784
f 4787 4788 4789
f 4713 4759 4722
f 4182 4747 4746
f 4182 4781 4180
f 4668 4716 4245
f 4740 4741 4712
f 4664 4742 4761
f 4363 4748 4780
f 4786 4781 4790
f 4710 4791 4792
f 4276 4757 4626
f 4742 3886 4659
f 4652 4711 4790
f 4781 4748 4790
f 4743 4793 4744
f 4780 4720 4768
f 4781 4784 4180
f 4748 4652 4790
f 4276 4626 4277
f 4780 4182 4720
f 4790 4711 4741
f 4111 4110 4624
f 4768 4363 4780
f 4779 4740 4762
f 4779 4786 4790
f 4781 4786 4784
f 4671 4785 4752
f 4722 4759 4760
f 4708 4666 4216
f 4086 4758 4764
f 4728 4747 4729
f 4768 4760 4363
f 4676 4090 4719
f 4361 4760 4713
f 4665 4075 4794
f 4720 4722 4768
f 4217 4658 3885
f 4705 4723 4722
f 4781 4780 4748
f 4795 4791 4796
f 4790 4741 4779
f 4241 4093 4661
f 4652 4748 4362
f 4723 4112 4713
f 4762 4786 4779
f 4747 4182 4729
f 4700 4637 4704
f 4272 4274 4711
f 4024 4357 4359
f 4737 4720 4721
f 4720 4737 4722
f 4701 4721 4746
f 4715 4717 4083
f 4694 4653 4655
f 4732 3887 3979
f 4655 4654 4773
f 4109 3946 4714
f 4105 4731 4106
f 4269 4268 4706
f 4679 3879 3887
f 4686 4690 3953
f 4370 4706 4715
f 4439 3883 4437
f 4370 4369 4269
f 3955 4107 4095
f 4657 3933 3880
f 4654 3953 3954
f 3953 4797 3933
f 4616 4411 4586
f 4769 4574 4573
f 4771 4615 4609
f 4615 4594 4609
f 4769 4621 4798
f 4769 4771 4609
f 4622 4581 4615
f 4615 4771 4770
f 4622 4615 4770
f 4621 4769 4573
f 4621 4597 4798
f 4622 4770 4798
f 4585 4622 4597
f 4770 4769 4798
f 4597 4622 4798
f 4574 4769 4609
f 4045 4190 4799
f 3941 4120 3907
f 4800 4801 4802
f 4778 4803 4763
f 4804 4805 4806
f 4784 4783 4180
f 4777 3759 4775
f 4807 4767 4710
f 4808 4809 4709
f 4767 4805 4766
f 4810 4807 4792
f 4805 4810 4811
f 4783 4812 4782
f 4710 4767 4808
f 4810 4792 4813
f 4767 4807 4810
f 4710 4792 4807
f 4814 268 4815
f 4816 4817 4818
f 4819 4170 4820
f 3931 4821 3878
f 4822 4823 4824
f 4814 4825 268
f 4826 4152 4734
f 4823 4804 4824
f 4826 4817 4827
f 4818 4208 4828
f 4805 4823 4766
f 4805 4804 4823
f 4810 4805 4767
f 4829 4830 4831
f 4832 4806 4811
f 4833 4834 4835
f 4810 4836 4837
f 4189 4191 4267
f 4837 4838 4832
f 4839 4840 4841
f 4184 4842 4183
f 4843 4840 4844
f 4813 4836 4810
f 4845 4846 4847
f 4810 4832 4811
f 4832 4804 4806
f 4805 4811 4806
f 4829 4848 4173
f 4824 4849 4822
f 4824 4804 4833
f 4804 4832 4838
f 4833 4804 4838
f 4849 4831 4850
f 4851 4852 4829
f 3911 3936 4851
f 4076 4853 4854
f 4834 4833 4838
f 4855 4851 3936
f 4856 3934 4799
f 4658 4216 4736
f 4857 4858 4169
f 4859 4860 4266
f 4799 4190 4861
f 4854 4211 4076
f 4855 4854 4852
f 4830 4829 4852
f 4830 4862 4850
f 4076 4863 4864
f 4835 4829 4831
f 4865 4866 4867
f 4868 4869 4870
f 4871 4872 269
f 4873 4863 4755
f 270 4663 3885
f 4868 4870 4867
f 270 3876 4815
f 4815 268 270
f 270 269 4681
f 4831 4849 4824
f 4830 4850 4831
f 4849 4818 4822
f 4773 4679 4655
f 4797 3953 4690
f 4874 4816 267
f 3876 264 4865
f 4875 4828 4876
f 4206 4850 4877
f 4823 4822 4818
f 4208 4818 4849
f 4826 4827 265
f 4817 4823 4818
f 4827 4874 266
f 4817 4734 4766
f 4817 4826 4734
f 4817 4766 4823
f 4745 4698 4628
f 4654 3954 4773
f 4827 266 265
f 4828 4875 267
f 4729 4182 4709
f 4743 4734 4733
f 4077 4744 4793
f 4152 4826 265
f 4689 4694 4765
f 4827 4817 4816
f 3880 3932 3884
f 4745 4878 4698
f 3879 4657 3880
f 4151 4879 4690
f 264 4821 4150
f 4797 3931 3933
f 3931 4880 4821
f 3884 3931 3878
f 3932 3931 3884
f 3932 3880 3933
f 4694 4689 4686
f 4679 4107 3955
f 4879 4753 4797
f 265 264 4150
f 4821 264 3878
f 4150 4880 4754
f 4152 4881 4733
f 4750 4793 4878
f 4881 4698 4733
f 4151 4150 4754
f 4690 4689 4765
f 4690 4879 4797
f 4753 4879 4754
f 4753 3931 4797
f 4880 4150 4821
f 4880 3931 4754
f 3954 3879 4773
f 4879 4151 4754
f 4881 4151 4690
f 265 4150 4152
f 4657 3879 3954
f 4881 4152 4151
f 4694 4086 4764
f 4881 4690 4765
f 4698 4881 4699
f 4699 4881 4765
f 4745 4627 4750
f 4878 4745 4750
f 3957 3956 4087
f 4793 4743 4878
f 4730 4729 4809
f 4808 4078 4809
f 4078 4756 4809
f 4709 4710 4808
f 4882 4883 3965
f 2953 4184 2954
f 4884 2981 4183
f 4800 4843 4801
f 3898 4885 4882
f 4886 4887 4174
f 4842 4800 4183
f 4888 4889 4844
f 4841 4800 4842
f 4843 4813 4801
f 4800 4802 4183
f 4836 4843 4844
f 4843 4800 4841
f 4847 4890 4845
f 4891 4890 4847
f 4184 4678 4842
f 4044 4265 4267
f 4892 3924 3926
f 4889 4893 4894
f 4846 4845 4895
f 4888 4890 4889
f 4896 4859 4265
f 3908 4897 3909
f 4266 4860 4898
f 4846 4859 4847
f 3900 3899 4899
f 4842 4839 4841
f 4900 4839 4678
f 4839 4842 4678
f 4840 4888 4844
f 4843 4841 4840
f 4802 4901 4884
f 4844 4837 4836
f 4836 4813 4843
f 4837 4832 4810
f 4833 4831 4824
f 3925 4233 3943
f 4044 4896 4265
f 4174 4902 4175
f 4044 4267 4191
f 4893 4889 4891
f 4903 4044 4191
f 4894 4838 4837
f 4904 4905 4906
f 4900 4678 4677
f 4046 4045 4887
f 4848 4886 4174
f 4045 4044 4903
f 4907 4908 4909
f 4903 4190 4045
f 4896 4044 4046
f 4775 3761 3760
f 4775 4788 4910
f 4789 3776 3775
f 4789 3775 4159
f 3761 4775 3759
f 4778 3772 3774
f 4911 4912 4782
f 4787 4791 4910
f 4778 3774 3759
f 3759 4777 4778
f 4911 4776 4910
f 4775 3760 3776
f 4775 3776 4789
f 4787 4789 4901
f 3773 4763 4670
f 4762 4803 4782
f 4791 4795 4792
f 4802 4796 4901
f 4776 4911 4777
f 4776 4775 4910
f 4912 4783 4782
f 4796 4787 4901
f 4812 4762 4782
f 4812 4783 4762
f 4788 4775 4789
f 4788 4787 4910
f 4803 4762 4763
f 4803 4778 4782
f 4777 4911 4782
f 4791 4911 4910
f 4912 4911 4791
f 4789 4159 4901
f 4783 4912 4791
f 4791 4710 4783
f 4791 4787 4796
f 4796 4802 4801
f 4801 4795 4796
f 4795 4813 4792
f 4783 4710 4180
f 4159 3465 3464
f 2954 4183 2981
f 4159 3464 4884
f 2981 4884 3464
f 4884 4183 4802
f 4901 4159 4884
f 4795 4801 4813
f 3876 4913 4815
f 4814 4871 4825
f 4075 3963 3962
f 4850 4862 4864
f 4877 4914 4873
f 4873 4872 4877
f 4850 4914 4877
f 4915 4916 4865
f 4211 3963 4076
f 4914 4850 4864
f 4862 4853 4864
f 4852 4862 4830
f 3867 4190 4189
f 4917 4918 4919
f 4920 4142 3921
f 4175 3912 3911
f 269 4873 4666
f 3614 4921 4899
f 3924 3910 3912
f 270 4681 4663
f 4819 3961 4922
f 3935 4211 4854
f 3926 3925 3943
f 4692 4923 4924
f 4861 4190 3866
f 4862 4852 4853
f 4925 4897 3867
f 4926 4927 4923
f 4666 4755 4665
f 3924 4892 3910
f 4761 4158 3982
f 4917 4928 2967
f 4929 4237 3938
f 4173 4851 4829
f 4899 3615 3614
f 4930 4931 4932
f 3904 4384 3923
f 3936 3935 4855
f 4923 3961 4926
f 4170 4819 4922
f 4933 4934 4935
f 4799 3912 4902
f 4936 4929 4858
f 4937 4857 4892
f 4853 4076 4864
f 4926 4819 4820
f 4169 3935 3937
f 4927 4924 4923
f 3961 4819 4926
f 4755 4863 4075
f 4924 4927 4158
f 4897 3908 3867
f 3962 3961 4923
f 4211 4922 3961
f 4794 4216 4665
f 4170 4858 4820
f 4158 4927 3940
f 3983 3982 4198
f 4863 4076 4075
f 4237 4938 3938
f 3934 3924 3912
f 3939 4938 4236
f 4931 4930 4937
f 3910 3936 3911
f 4892 3937 3910
f 3939 3938 4938
f 4930 4857 4937
f 4237 4929 4936
f 4926 3938 3940
f 3895 4939 4236
f 4858 4170 4169
f 3877 3882 4134
f 4932 4936 4930
f 4858 4857 4936
f 4851 4175 3911
f 3962 4923 4692
f 4158 4761 4742
f 4236 4940 4941
f 4799 4902 4045
f 3927 4856 4861
f 269 4708 4682
f 269 268 4825
f 3913 4237 4936
f 3872 3877 4132
f 4237 4236 4938
f 4216 4794 4736
f 4935 4941 4933
f 3983 4935 3881
f 4857 4930 4936
f 4942 3895 3897
f 4929 4820 4858
f 3942 4943 3943
f 4856 4799 4861
f 4935 4934 3881
f 4659 4158 4742
f 4927 4926 3940
f 4211 3935 4170
f 4854 4855 3935
f 3937 4892 4857
f 4852 4854 4853
f 4863 4873 4864
f 4873 4914 4864
f 4871 4206 4877
f 4828 4208 4876
f 4208 4849 4850
f 4850 4206 4208
f 4944 4945 4122
f 266 4874 267
f 267 4946 4947
f 4123 4946 4124
f 4816 4828 267
f 4875 4946 267
f 4816 4818 4828
f 4874 4827 4816
f 4756 4730 4809
f 4729 4709 4809
f 4078 4077 4756
f 4750 4730 4077
f 4878 4743 4733
f 4750 4077 4793
f 4733 4698 4878
f 4078 4808 4767
f 4766 4744 4079
f 4766 4079 4078
f 3937 4857 4169
f 3936 3910 3937
f 4851 4855 4852
f 4851 4173 4175
f 4898 4948 4905
f 4909 4908 3929
f 4949 4950 4163
f 4951 3929 4952
f 3939 4198 3982
f 4953 4954 3930
f 3928 4955 4199
f 4163 4950 3914
f 4956 3913 4932
f 3901 4957 2968
f 4856 3927 4233
f 3942 3944 4164
f 4931 4937 3926
f 4955 4905 4199
f 4143 4142 4958
f 3905 4238 3906
f 4163 4956 4164
f 4931 4164 4956
f 3893 3977 2979
f 4959 4366 3892
f 4956 4163 3914
f 4191 4190 4903
f 3977 4275 2980
f 4213 4212 4897
f 3894 3893 2979
f 3929 4951 3930
f 3944 3909 4163
f 4209 4212 4364
f 4920 4949 4163
f 4925 3867 4960
f 4953 4961 4954
f 4925 4213 4897
f 4943 3926 3943
f 4189 4962 4960
f 4958 4142 4209
f 3934 4856 4233
f 4214 4906 4955
f 3868 3907 4120
f 4188 4963 3906
f 4217 3885 4218
f 4820 4929 3938
f 4904 4962 4266
f 4905 4955 4906
f 3768 3899 3964
f 4921 4908 4964
f 4960 4965 4925
f 3922 3921 4143
f 4861 3866 3927
f 4908 4921 4952
f 4966 3923 3922
f 4962 4904 4960
f 4961 2950 4275
f 4265 4859 4266
f 4142 4163 4210
f 3926 4937 4892
f 3904 4967 4347
f 3927 3868 4120
f 4968 3906 4238
f 4965 4906 4213
f 4334 4264 4002
f 4199 4905 4948
f 4959 3892 3894
f 4969 4951 2951
f 4958 4364 4970
f 4209 3909 4897
f 4164 4931 3942
f 4237 3896 3895
f 4872 4873 269
f 4939 4940 4236
f 2934 3902 3901
f 3941 3907 3944
f 4142 4920 4163
f 4948 4898 4909
f 3922 4959 4966
f 4959 3922 4143
f 3942 3941 3944
f 4120 4233 3927
f 4238 4971 4919
f 3926 4943 4931
f 4943 3942 4931
f 4926 4820 3938
f 4190 3867 3866
f 4950 4972 3914
f 3913 4956 3914
f 3896 3914 4972
f 4212 4209 4897
f 4960 3867 4189
f 4972 4386 4942
f 4965 4960 4904
f 3868 3908 3907
f 4209 4142 4210
f 4920 3921 3923
f 3912 4175 4902
f 4922 4211 4170
f 4214 4955 4365
f 4906 4965 4904
f 3909 4210 4163
f 4905 4904 4898
f 3929 4948 4909
f 4954 3928 3930
f 4364 4958 4209
f 4366 4143 4970
f 4440 4134 4302
f 3982 4158 3939
f 4931 4956 4932
f 4233 4120 3943
f 3913 4936 4932
f 3923 4950 4920
f 4266 4962 4267
f 4962 4189 4267
f 4925 4965 4213
f 4969 4953 3930
f 4921 3614 4952
f 4898 4904 4266
f 4846 4907 4909
f 4860 4909 4898
f 4909 4860 4859
f 4890 4973 4845
f 4799 3934 3912
f 4972 4950 4386
f 4950 4949 4920
f 4384 4950 3923
f 4394 3904 4347
f 4794 4075 4692
f 4075 3962 4692
f 4386 4397 4942
f 4346 4645 4974
f 4974 4397 4385
f 4950 4384 4386
f 4384 4974 4385
f 4334 4002 4156
f 4148 4975 4149
f 4008 4309 4144
f 4148 4147 4976
f 4146 4334 4156
f 4974 4645 4397
f 4974 4384 4347
f 4974 4347 4346
f 4347 4967 4345
f 4384 3904 4394
f 4972 3897 3896
f 4323 4103 4022
f 4396 4977 4940
f 3897 4972 4942
f 3895 4942 4939
f 4397 4386 4385
f 4935 4197 4941
f 4236 4941 4197
f 3913 3896 4237
f 4197 4198 3939
f 3983 4197 4935
f 4197 3939 4236
f 4940 4933 4941
f 4934 4933 4133
f 4133 4933 4940
f 4940 4977 4978
f 4133 4940 4978
f 4397 4396 4942
f 4977 4396 4395
f 4126 4977 4395
f 4396 4940 4939
f 4396 4939 4942
f 2928 4919 3915
f 3894 3916 4966
f 3905 3904 3923
f 3916 3894 3917
f 3923 4966 3905
f 4971 3915 4919
f 4971 4238 3916
f 4966 3916 3905
f 3916 3915 4971
f 4908 4907 4964
f 4957 4917 2966
f 3929 4908 4952
f 4952 3614 4249
f 4951 4249 2951
f 3929 4199 4948
f 4969 2951 2950
f 3893 3892 4961
f 2950 4961 4969
f 4275 3893 4961
f 4969 3930 4951
f 4953 4969 4961
f 4249 4951 4952
f 4212 4365 4364
f 4961 4366 4954
f 4970 4364 4366
f 4955 4954 4365
f 4143 4366 4959
f 4954 4366 4365
f 4366 4961 3892
f 4143 4958 4970
f 3894 4966 4959
f 3917 2929 3915
f 2979 3917 3894
f 4214 4213 4906
f 4365 4212 4214
f 4955 3928 4954
f 4919 2928 4928
f 2966 4917 2967
f 4188 3906 2936
f 3902 3906 4968
f 2934 3901 2968
f 2928 2967 4928
f 4928 4917 4919
f 2968 4957 2969
f 2966 2969 4957
f 3906 3902 2936
f 4345 4967 4963
f 4188 4979 4963
f 4345 4979 4980
f 3903 4957 3901
f 3903 3902 4968
f 2928 3915 2929
f 4979 4345 4963
f 3902 2934 2936
f 4967 3904 3906
f 4963 4967 3906
f 2965 4979 4188
f 4345 4187 4346
f 4326 4261 4004
f 4642 4185 4976
f 4187 4345 4185
f 4144 4981 4145
f 4148 4185 4345
f 4346 4187 4643
f 4149 4333 4335
f 4982 4975 4983
f 4186 4066 4643
f 4185 4642 4186
f 4980 4975 4345
f 4148 4976 4185
f 4975 4148 4345
f 4984 4334 4146
f 4976 4335 4146
f 4147 4149 4335
f 4976 4145 4642
f 4335 4334 4984
f 4333 4982 4264
f 4982 4149 4975
f 4982 4983 4367
f 4983 4975 4980
f 4367 2972 4001
f 4983 2972 4367
f 4982 4367 4228
f 4264 4982 4228
f 4146 4335 4984
f 4334 4333 4264
f 4333 4149 4982
f 4145 4976 4146
f 4976 4147 4335
f 4339 4144 4309
f 4391 4726 4168
f 4324 4400 4329
f 4635 4726 4391
f 4166 4168 4981
f 4985 4231 4168
f 4145 4986 4642
f 4644 4596 4127
f 4186 4558 4360
f 4642 4986 4726
f 4167 4985 4168
f 4166 4339 4340
f 4635 4023 4558
f 4145 4726 4986
f 4981 4168 4145
f 4981 4144 4339
f 4168 4726 4145
f 4774 4987 4231
f 4166 4981 4339
f 4635 4390 4023
f 4167 4166 4340
f 4167 4387 4985
f 4231 4398 4774
f 4231 4391 4168
f 4231 4985 4387
f 4178 4988 4989
f 4177 4401 4358
f 4441 4989 4132
f 4988 3948 4989
f 4357 4774 4358
f 4023 4357 4024
f 4390 4774 4023
f 4987 4774 4390
f 4987 4390 4231
f 4176 4178 4302
f 4444 4323 4322
f 4372 4322 4324
f 4401 4359 4358
f 4978 4977 4126
f 4596 4064 4444
f 4125 4596 4444
f 4125 4322 4126
f 4355 4301 4302
f 4355 4354 4372
f 4440 4132 3877
f 3877 4134 4440
f 4134 4133 4354
f 4355 4372 4301
f 4978 4126 4322
f 4133 4978 4354
f 4978 4322 4354
f 4232 4988 4399
f 4176 4301 4329
f 4387 3948 4231
f 4440 4178 4441
f 4358 4988 4177
f 4358 4774 4398
f 4176 4329 4401
f 4177 4988 4178
f 4988 4358 4399
f 4988 4232 3948
f 4441 4178 4989
f 4401 4400 4324
f 4177 4176 4401
f 4989 3995 4132
f 3948 3995 4989
f 4399 4398 4232
f 4934 3882 3881
f 3882 4934 4133
f 4126 4395 4127
f 4645 4127 4395
f 4066 4644 4643
f 4644 4065 4596
f 4127 4596 4125
f 4187 4186 4643
f 4066 4065 4644
f 4127 4645 4644
f 4642 4635 4558
f 4643 4645 4346
f 4645 4395 4397
f 4957 3903 4918
f 4918 4238 4919
f 4918 4917 4957
f 4918 4968 4238
f 3903 4968 4918
f 2972 4983 2965
f 2965 4983 4980
f 4979 2965 4980
f 4330 4314 4344
f 4314 4330 4315
f 4315 3623 4316
f 4326 4327 4261
f 4314 4004 4344
f 3919 4368 3872
f 4003 4264 4228
f 4331 2970 3624
f 4343 3891 4990
f 4315 4330 3623
f 4326 4004 4314
f 4003 4344 4004
f 4026 3872 4477
f 4343 4990 3872
f 3891 3872 4990
f 3980 3991 4299
f 3991 3980 3992
f 3920 3981 3918
f 3987 3992 3959
f 3959 4230 3960
f 3991 4477 4299
f 3990 3987 3958
f 3918 4225 4368
f 3981 3980 4299
f 4560 4590 3873
f 4590 4560 4557
f 4561 4280 4991
f 4557 4559 4555
f 4542 4569 4282
f 4319 4350 4320
f 4134 4355 4302
f 4350 4319 4012
f 4223 4307 4224
f 4379 4471 4474
f 4356 4466 4162
f 4307 3972 4224
f 4476 4473 4465
f 4472 4476 4465
f 4483 4119 4447
f 4446 2938 3702
f 4165 4196 4194
f 2939 2938 4446
f 2941 2940 4195
f 4193 2975 2944
f 2944 4165 4194
f 2943 4165 2944
f 2939 4446 4195
f 4196 4165 2941
f 4196 4195 4194
f 4165 2978 2942
f 4447 4433 4446
f 4380 2977 2974
f 4380 4992 4285
f 4992 2974 4193
f 4259 4121 4172
f 4171 2961 2958
f 2977 4380 2958
f 4260 4380 4285
f 4445 4284 4285
f 4259 4171 4260
f 2958 4380 4171
f 2974 4992 4380
f 4992 4193 4285
f 4693 2949 2948
f 4088 4693 2948
f 4670 4088 4239
f 4671 4739 4712
f 4186 4360 4066
f 4785 4670 4752
f 2949 4241 4661
f 4751 4762 4752
f 4751 4670 4763
f 4794 4692 4736
f 4673 4088 4671
f 4158 4692 4924
f 4216 4658 4217
f 4218 4663 4216
f 4666 4873 4755
f 4663 4682 4708
f 4677 4184 4993
f 3768 4993 4184
f 3900 4921 4964
f 4845 4883 4882
f 4907 4895 4885
f 4993 4883 4677
f 4900 4677 4883
f 3965 3898 4882
f 3964 4993 3768
f 4964 4885 3898
f 4845 4900 4883
f 4895 4907 4846
f 3768 3615 3899
f 3899 3615 4899
f 3899 3898 3965
f 4895 4845 4882
f 4899 4921 3900
f 4993 3964 3965
f 4184 2953 3768
f 4882 4885 4895
f 4883 4993 3965
f 4973 4839 4900
f 4888 4839 4973
f 4846 4909 4859
f 4840 4839 4888
f 4896 4891 4859
f 4844 4889 4894
f 4890 4891 4889
f 4994 4894 4891
f 4900 4845 4973
f 4964 4907 4885
f 4888 4973 4890
f 3900 4964 3898
f 4859 4891 4847
f 4891 4896 4046
f 4894 4837 4844
f 4886 4838 4894
f 4994 4046 4887
f 4894 4893 4891
f 4886 4894 4994
f 4174 4887 4045
f 4902 4174 4045
f 4046 4994 4891
f 4886 4995 4838
f 4994 4887 4886
f 4848 4835 4995
f 4848 4174 4173
f 4834 4838 4835
f 4835 4838 4995
f 4848 4995 4886
f 4829 4835 4848
f 4835 4831 4833
f 4557 4556 4591
f 4556 4240 4591
f 4561 4240 4556
f 4591 4240 3871
f 4240 4561 4991
f 4562 4561 4555
f 3871 4590 4591
f 4590 3871 3873
f 4280 4561 4563
f 4030 4279 4281
f 4280 4563 4281
f 3871 4240 4038
f 4038 3869 3871
f 3869 4037 3870
f 4991 4280 4282
f 4569 4029 4282
f 4569 4542 4028
f 4030 4542 4279
f 4542 4032 4250
f 4542 4030 4032
f 4031 4030 4021
f 4031 4553 4032
f 4036 4991 4282
f 4991 4036 4240
f 4330 3952 4331
f 3623 4331 3624
f 4000 3951 3952
f 3623 3966 4316
f 2971 3951 2972
f 3951 2971 2970
f 3952 2970 4331
f 3876 4867 4913
f 4867 3876 4865
f 4875 4876 4996
f 4124 4875 4996
f 4997 4944 4998
f 267 4947 264
f 4947 4123 4122
f 4206 4871 4207
f 4866 4916 4999
f 4945 4865 4947
f 4123 4947 4946
f 4944 4122 4124
f 4947 4865 264
f 4944 4996 4998
f 4814 5000 4871
f 4947 4122 4945
f 4915 5001 4999
f 4996 4944 4124
f 4945 4944 4997
f 4998 4915 4997
f 4997 5002 4945
f 5002 4865 4945
f 5002 4997 4915
f 4915 4998 4996
f 4124 4946 4875
f 4866 4868 4867
f 5001 4207 5003
f 4999 4868 4866
f 4916 4915 4999
f 4916 4866 4865
f 4876 5001 4996
f 5001 4915 4996
f 5002 4915 4865
f 4913 4814 4815
f 4870 4913 4867
f 5004 4913 4870
f 5001 5005 4999
f 4868 5005 5003
f 4869 5004 4870
f 4869 4207 5006
f 4207 4876 4208
f 5004 5000 4913
f 4207 5001 4876
f 4207 4869 5003
f 5005 5001 5003
f 5005 4868 4999
f 5006 5004 4869
f 4869 4868 5003
f 4207 4871 5006
f 5000 4814 4913
f 4871 5000 5006
f 5000 5004 5006
f 4825 4871 269
f 4872 4871 4877
f 5007 1964 5008
f 5009 5010 5011
f 5012 5013 5014
f 5015 5016 5017
f 5018 5019 5014
f 5013 5018 5014
f 5020 5021 5022
f 5023 5024 5025
f 5021 5026 5027
f 5028 5029 5022
f 5025 5024 5026
f 5017 5030 5015
f 5031 5032 5033
f 5034 5013 5016
f 5035 5028 5022
f 5022 5027 5036
f 5026 5019 5027
f 5013 5034 5036
f 5028 5035 5034
f 5023 5019 5026
f 5023 5014 5019
f 5036 5035 5022
f 5037 5016 5013
f 5017 5038 5030
f 5034 5015 5028
f 5029 5020 5022
f 5016 5039 5017
f 5035 5036 5034
f 5038 5040 5030
f 5016 5015 5034
f 5036 5027 5019
f 5022 5021 5027
f 5041 5042 5043
f 5043 5012 5044
f 5030 5028 5015
f 5019 5018 5036
f 5012 5045 5046
f 5012 5014 5045
f 5047 5048 5049
f 5038 5039 5050
f 5039 5051 5050
f 5052 5053 5054
f 5055 5048 5047
f 5056 5057 5058
f 5018 5013 5036
f 5023 5058 5057
f 5020 5028 5030
f 5014 5046 5045
f 5031 5059 5060
f 5037 5012 5061
f 5062 5063 5064
f 5065 5066 5067
f 5033 5032 5068
f 5064 5046 5014
f 5069 5070 5049
f 5056 5066 5071
f 5029 5028 5020
f 5055 5059 5072
f 5073 5074 5008
f 5060 5052 5066
f 5030 5040 5020
f 1964 5075 5008
f 5025 5032 5058
f 5024 5023 5026
f 5056 5076 5066
f 5077 5062 5064
f 5012 5037 5013
f 5044 5078 5043
f 5056 5032 5079
f 5023 5057 5014
f 5071 5077 5056
f 5059 5080 5052
f 5066 5052 5067
f 5073 5081 5082
f 5076 5031 5066
f 5055 5047 5052
f 5067 5052 5054
f 5069 5049 5048
f 5056 5058 5032
f 5071 5063 5062
f 5077 5064 5014
f 5080 5055 5052
f 5007 5008 5074
f 5083 5084 5085
f 5058 5023 5025
f 5068 5025 5086
f 5057 5077 5014
f 5084 5083 5068
f 5087 5031 5033
f 5079 5076 5056
f 5025 5068 5032
f 5056 5077 5057
f 5043 5078 5041
f 5064 5088 5046
f 5071 5062 5077
f 5046 5088 5089
f 5063 5088 5064
f 5090 5069 5055
f 5049 5091 5047
f 5092 5091 5093
f 5055 5080 5059
f 5094 5095 5096
f 5097 5098 5099
f 5100 5101 5102
f 5100 5103 5050
f 5104 5105 5106
f 5083 5107 5033
f 5072 5108 5055
f 5099 5109 5097
f 5031 5087 5059
f 5087 5033 5059
f 5110 5111 5112
f 5108 5072 5113
f 5060 5059 5052
f 5032 5031 5079
f 5072 5059 5033
f 5096 5114 5094
f 5033 5068 5083
f 5061 5042 5037
f 5096 5095 5115
f 5021 5116 5026
f 5117 5118 5086
f 5110 5119 5111
f 5118 5119 5120
f 5121 5114 5096
f 5025 5116 5086
f 5026 5116 5025
f 5107 5083 5114
f 5104 5106 5122
f 5123 1984 5124
f 5119 5118 5117
f 5125 5126 5051
f 5127 5128 5129
f 5130 5097 5109
f 5131 5097 5132
f 5069 5048 5055
f 5133 5134 5135
f 5093 5049 5136
f 5085 5094 5114
f 5095 5094 5110
f 5085 5110 5094
f 5118 5068 5086
f 5118 5085 5084
f 5031 5076 5079
f 5068 5118 5084
f 5120 5119 5085
f 5085 5118 5120
f 5133 5098 5137
f 5116 5117 5086
f 5051 5039 5125
f 5138 5050 5051
f 5098 5139 5137
f 5140 5141 5142
f 5143 5124 5144
f 5098 5131 5139
f 5145 5146 5147
f 5085 5114 5083
f 5148 5139 5149
f 5150 5151 5102
f 5148 5149 5152
f 5148 5128 5153
f 5154 5155 5146
f 5138 5051 5126
f 5137 5139 5134
f 5147 5150 5145
f 5060 5066 5031
f 5151 5150 5147
f 5147 5146 5156
f 5085 5119 5110
f 5101 5150 5102
f 5151 5147 5102
f 5156 5157 5102
f 5103 5102 5157
f 5040 5158 5159
f 5158 5103 5157
f 5160 5041 5161
f 5100 5102 5103
f 5162 5149 5139
f 5147 5156 5102
f 5156 5020 5159
f 5113 5033 5107
f 5033 5113 5072
f 5112 5111 5020
f 5116 5021 5117
f 5070 5069 5163
f 5111 5119 5117
f 5021 5020 5111
f 5037 5164 5016
f 5136 5165 5093
f 5050 5103 5038
f 5078 5161 5041
f 5117 5021 5111
f 5166 5167 5168
f 5169 5170 5171
f 5172 5173 5174
f 5172 5175 5176
f 5177 5178 5179
f 5180 5181 5167
f 5168 5182 5166
f 5183 5184 5185
f 5186 5187 5179
f 5188 5189 5190
f 5188 5187 5191
f 5192 5193 5194
f 5195 5196 5197
f 5150 5194 5193
f 5198 5199 5070
f 5154 5148 5153
f 5200 5201 5202
f 5203 5184 5201
f 5204 5092 5165
f 5198 5205 5189
f 5190 5189 5206
f 5205 5207 5195
f 5205 5206 5189
f 5188 5190 5177
f 5155 5154 5208
f 5209 5195 5197
f 5190 5209 5177
f 5153 5128 5208
f 5189 5210 5199
f 5171 5211 5212
f 5209 5190 5195
f 5148 5154 5139
f 5213 5214 5215
f 5216 5204 5217
f 5170 5218 5219
f 5179 5178 5186
f 5220 5221 5222
f 5166 5223 5224
f 5225 5226 5227
f 5228 5229 5230
f 5212 5231 5171
f 5141 5232 5142
f 5233 5234 5235
f 5236 5237 5238
f 5237 5239 5240
f 5241 5218 5242
f 5182 5223 5166
f 5214 5243 5180
f 5223 5011 5010
f 5244 5245 5246
f 5247 5248 5173
f 5179 5188 5177
f 5249 5250 5183
f 5251 5252 5253
f 5010 5224 5223
f 5254 5215 5214
f 5166 5255 5167
f 5222 5221 5256
f 5218 5257 5219
f 5249 5183 5241
f 5258 5236 5238
f 5259 5260 5229
f 5260 5240 5230
f 5169 5242 5218
f 5226 5261 5262
f 5263 5232 5264
f 5181 5265 5168
f 5181 5266 5265
f 5265 5267 5225
f 5268 5269 5246
f 5236 5170 5237
f 5230 5270 5271
f 5190 5206 5195
f 5272 5273 5232
f 5274 5275 5202
f 5187 5203 5200
f 5186 5203 5187
f 5175 5276 5277
f 5259 5278 5279
f 5280 5281 5282
f 5241 5257 5218
f 5260 5237 5240
f 5070 5199 5136
f 5283 5284 5233
f 5285 5259 5286
f 5178 5184 5203
f 5215 5278 5213
f 5265 5182 5168
f 5218 5170 5169
f 5256 5255 5287
f 5288 5289 5290
f 5291 5209 5197
f 5181 5168 5167
f 5292 5293 5253
f 5185 5294 5174
f 5270 5295 5271
f 5282 5295 5280
f 5294 5175 5174
f 5270 5230 5280
f 5296 5289 5288
f 5297 5285 5298
f 5156 5155 5299
f 5280 5300 5281
f 5229 5228 5286
f 5234 5169 5235
f 5250 5284 5201
f 5049 5070 5136
f 5294 5185 5184
f 5008 5301 5073
f 5260 5293 5238
f 5241 5248 5281
f 5249 5234 5233
f 5187 5188 5179
f 5271 5228 5230
f 5255 5256 5167
f 5222 5287 5302
f 5007 5303 5304
f 5239 5257 5241
f 5201 5284 5202
f 5208 5128 5127
f 5233 5235 5283
f 5240 5239 5300
f 5305 5106 5306
f 5307 5308 5309
f 5260 5230 5229
f 5267 5266 5310
f 5180 5311 5310
f 5312 5313 5314
f 5246 5245 5268
f 5315 5307 5309
f 5249 5241 5234
f 5287 5224 5251
f 5250 5316 5183
f 5224 5287 5255
f 5302 5279 5220
f 5173 5185 5174
f 5317 5318 5319
f 5320 5321 5322
f 5315 5323 5307
f 5173 5248 5185
f 5324 5325 5318
f 5180 5243 5311
f 5268 5245 5326
f 5293 5258 5238
f 5327 5225 5227
f 5262 5269 5227
f 5315 5328 5322
f 5325 5329 5319
f 5311 5330 5310
f 5182 5327 5269
f 5315 5321 5261
f 5331 5285 5297
f 5289 5296 5262
f 5214 5180 5167
f 5324 5318 5261
f 5332 5333 5334
f 5297 5295 5176
f 5335 5261 5317
f 5225 5267 5310
f 5325 5319 5318
f 5318 5317 5261
f 5227 5226 5262
f 5290 5289 5320
f 5296 5269 5262
f 5329 5325 5336
f 5282 5281 5247
f 5337 5338 5288
f 5339 5340 5135
f 5266 5267 5265
f 5219 5239 5237
f 5339 5341 5342
f 5274 5202 5284
f 5200 5343 5210
f 5344 5213 5278
f 5238 5237 5260
f 5183 5248 5241
f 5345 5346 5347
f 5237 5170 5219
f 5348 5349 5350
f 5264 5351 5352
f 5353 5113 5107
f 5322 5321 5315
f 5214 5213 5243
f 5354 5349 5355
f 5183 5185 5248
f 5158 5157 5159
f 5297 5228 5271
f 5196 5356 5197
f 5198 5070 5205
f 5303 5007 5074
f 5176 5175 5357
f 5115 5358 5121
f 5121 5356 5107
f 5175 5172 5174
f 5121 5358 5356
f 5349 5348 5290
f 5350 5349 5354
f 5359 5360 5345
f 5361 5357 5362
f 5363 5364 5365
f 5305 5122 5106
f 5366 5367 5368
f 5182 5265 5327
f 5122 5369 5104
f 5178 5177 5370
f 5371 5324 5261
f 5369 5122 5073
f 5040 5038 5103
f 5372 5373 5374
f 5375 5376 5377
f 5225 5371 5226
f 5122 5305 5378
f 5379 5380 5381
f 5382 5366 5383
f 5225 5327 5265
f 5073 5082 5369
f 5384 5334 5333
f 5385 5381 5380
f 5220 5222 5302
f 5191 5210 5189
f 5386 5387 5141
f 5178 5294 5184
f 5355 5309 5308
f 5184 5183 5316
f 5287 5251 5302
f 5319 5329 5388
f 5384 5389 5390
f 5240 5300 5280
f 5391 5082 5366
f 5379 5392 5393
f 5394 5395 5396
f 5282 5172 5176
f 5314 5336 5325
f 5375 5377 5397
f 5398 5399 5400
f 5291 5276 5370
f 5312 5314 5325
f 5394 5401 5395
f 5336 5394 5389
f 5252 5251 5224
f 5402 5403 5404
f 5251 5253 5302
f 5234 5242 5169
f 5405 5406 5407
f 5233 5250 5249
f 5195 5207 5196
f 5378 5408 5074
f 5389 5394 5396
f 5402 5380 5393
f 5409 5308 5410
f 5254 5256 5221
f 5259 5229 5286
f 5276 5294 5370
f 5373 5372 5411
f 5364 5363 5412
f 5413 5414 5415
f 5247 5172 5282
f 5388 5335 5317
f 5264 5232 5351
f 5214 5167 5256
f 5316 5250 5201
f 5416 5417 5412
f 5285 5286 5298
f 5336 5401 5394
f 5347 5272 5418
f 5228 5297 5298
f 5416 5419 5417
f 5371 5310 5330
f 5420 5105 5104
f 5336 5314 5401
f 5421 5422 5192
f 5410 5308 5307
f 5236 5171 5170
f 5410 5423 5424
f 5200 5191 5187
f 5354 5425 5350
f 5093 5091 5049
f 5426 5406 5427
f 5428 5429 5395
f 5397 5430 5431
f 5432 5428 5401
f 5376 5414 5433
f 5389 5404 5403
f 5434 5435 5410
f 5285 5278 5259
f 5384 5329 5336
f 5436 5437 5438
f 5114 5121 5107
f 5328 5315 5309
f 5349 5309 5355
f 5140 5142 5132
f 5393 5423 5435
f 5439 5333 5323
f 5410 5323 5434
f 5410 5435 5423
f 5323 5315 5335
f 5402 5440 5403
f 5424 5441 5442
f 5443 5351 5444
f 5445 5446 2357
f 5434 5323 5333
f 5351 5447 5444
f 5081 5301 5448
f 5122 5074 5073
f 5008 5075 5301
f 5090 5163 5069
f 5310 5371 5225
f 5372 5430 5411
f 5320 5328 5290
f 5269 5296 5246
f 5303 1962 5304
f 5266 5180 5310
f 5449 5361 5450
f 5349 5328 5309
f 5442 5409 5410
f 5439 5384 5333
f 5299 5451 5112
f 5262 5321 5320
f 5039 5038 5017
f 5332 5403 5440
f 5197 5452 5291
f 5163 5090 5205
f 5276 5175 5294
f 5453 5419 5416
f 5210 5343 5216
f 5454 5455 5426
f 5256 5254 5214
f 5356 5358 5197
f 5417 5442 5441
f 5355 5308 5409
f 5291 5370 5209
f 5423 5456 5424
f 5375 5391 5366
f 5320 5322 5328
f 5210 5216 5199
f 5241 5300 5239
f 5297 5271 5295
f 5396 5457 5360
f 5393 5392 5423
f 5380 5379 5393
f 5240 5280 5230
f 5278 5221 5220
f 5294 5178 5370
f 5300 5241 5281
f 5332 5440 5434
f 5439 5388 5329
f 5432 5458 5428
f 5381 5385 5459
f 5390 5334 5384
f 5381 5460 5414
f 5203 5186 5178
f 5461 5462 5101
f 5323 5410 5307
f 5104 5463 5420
f 5266 5181 5180
f 5435 5434 5393
f 5440 5402 5393
f 5385 5404 5464
f 5459 5464 5396
f 5377 5459 5359
f 5390 5403 5332
f 5095 5277 5115
f 5260 5259 5279
f 5213 5344 5465
f 5375 5466 5391
f 5426 5467 5406
f 5468 5312 5324
f 5335 5439 5323
f 5272 5232 5263
f 5173 5172 5247
f 5298 5286 5228
f 5260 5279 5293
f 5295 5270 5280
f 5295 5282 5176
f 5384 5439 5329
f 5404 5385 5380
f 5215 5254 5221
f 5233 5284 5250
f 5414 5460 5433
f 5344 5278 5285
f 5317 5319 5388
f 5468 5311 5313
f 5420 5398 5469
f 5379 5381 5413
f 5324 5312 5325
f 5242 5234 5241
f 5324 5330 5468
f 5376 5433 5377
f 5345 5411 5470
f 5463 5372 5399
f 5261 5335 5315
f 5359 5345 5470
f 5471 5463 5431
f 5426 5455 5467
f 5392 5413 5472
f 5293 5302 5253
f 5277 5095 5357
f 5248 5247 5281
f 5467 5455 5454
f 5459 5433 5460
f 5413 5381 5414
f 5392 5456 5423
f 5082 5081 5367
f 5460 5381 5459
f 5261 5226 5371
f 5389 5396 5464
f 5473 5081 5448
f 5463 5466 5431
f 5360 5359 5459
f 5434 5440 5393
f 5412 5474 5364
f 5364 5474 5475
f 5349 5290 5328
f 5383 5474 5415
f 5412 5417 5441
f 5429 5476 5457
f 5367 5473 5368
f 5278 5220 5279
f 5202 5343 5200
f 5477 5478 5467
f 5457 5476 5360
f 5279 5302 5293
f 5456 5441 5424
f 5245 5244 5479
f 5476 5454 5427
f 5427 5454 5426
f 5428 5477 5429
f 5472 5441 5456
f 5411 5430 5470
f 5396 5395 5457
f 5474 5368 5475
f 5442 5410 5424
f 5427 5360 5476
f 5368 5474 5383
f 5454 5429 5467
f 5404 5380 5402
f 5413 5392 5379
f 5441 5472 5412
f 5429 5454 5476
f 5395 5429 5457
f 5353 5196 5207
f 5428 5480 5477
f 5401 5314 5432
f 5472 5413 5474
f 5480 5458 5477
f 5432 5314 5313
f 5432 5313 5481
f 5428 5458 5480
f 5401 5428 5395
f 5466 5369 5082
f 5397 5431 5375
f 5375 5382 5376
f 5398 5420 5463
f 5210 5191 5200
f 5383 5366 5368
f 5375 5431 5466
f 5105 5420 5469
f 5474 5412 5472
f 5256 5287 5222
f 5244 5246 5296
f 5481 5458 5432
f 5201 5200 5203
f 5413 5415 5474
f 5244 5296 5288
f 5292 5253 5482
f 5464 5459 5385
f 5382 5414 5376
f 5082 5391 5466
f 5370 5177 5209
f 5289 5262 5320
f 5278 5215 5221
f 5204 5165 5217
f 5437 5483 5387
f 5360 5427 5345
f 5197 5358 5452
f 5073 5301 5081
f 5484 5303 5074
f 5217 5199 5216
f 5165 5136 5217
f 5145 5193 5154
f 5090 5055 5108
f 5074 5408 5484
f 5163 5205 5070
f 5144 5485 5438
f 5427 5406 5346
f 5184 5316 5201
f 5486 5470 5430
f 5207 5108 5353
f 5340 5342 5487
f 5397 5486 5430
f 5487 5488 1986
f 5340 5123 5124
f 5459 5396 5360
f 5367 5081 5473
f 5459 5377 5433
f 5297 5176 5449
f 5273 5272 5347
f 5407 5489 5273
f 5331 5450 5490
f 5345 5427 5346
f 5352 5418 5263
f 5339 5491 5341
f 5374 5400 5399
f 5108 5207 5090
f 5189 5199 5198
f 5107 5356 5353
f 5489 5142 5273
f 5150 5193 5145
f 5207 5205 5090
f 5444 5447 5492
f 5452 5358 5115
f 5273 5405 5407
f 5493 5331 5481
f 5436 5483 5437
f 5113 5353 5108
f 5437 5387 5386
f 5465 5344 5494
f 5224 5255 5166
f 5096 5115 5121
f 5020 5299 5112
f 5208 5299 5155
f 5383 5414 5382
f 5372 5471 5430
f 5462 5461 5495
f 5105 5306 5106
f 5347 5418 5374
f 5490 5458 5481
f 5447 5351 5496
f 5105 5400 5497
f 5406 5478 5498
f 5305 5443 5378
f 5299 5208 5498
f 5436 5499 5500
f 5123 1986 1984
f 5400 5352 5497
f 5443 5305 5306
f 5105 5497 5306
f 5400 5105 5469
f 5382 5375 5366
f 5496 5232 5141
f 5109 5438 5501
f 5356 5196 5353
f 5205 5195 5206
f 5496 5351 5232
f 5414 5383 5415
f 5408 5378 5443
f 5342 5340 5339
f 5141 5447 5496
f 5152 5149 5162
f 5483 5492 5447
f 5502 5408 5444
f 5456 5392 5472
f 5232 5273 5142
f 5263 5418 5272
f 5399 5372 5374
f 5463 5104 5466
f 5471 5431 5430
f 5418 5352 5374
f 5276 5291 5277
f 5477 5467 5429
f 5469 5398 5400
f 5497 5352 5306
f 5495 5339 5421
f 5374 5373 5347
f 5074 5122 5378
f 5398 5463 5399
f 5372 5463 5471
f 5462 5194 5101
f 5264 5352 5263
f 5311 5465 5493
f 5443 5444 5408
f 5351 5306 5352
f 5143 5144 5109
f 5152 5162 5132
f 5498 5208 5127
f 5357 5175 5277
f 5477 5503 5362
f 5495 5421 5462
f 5141 5140 5386
f 5405 5273 5347
f 5142 5489 5132
f 5504 5099 5133
f 5189 5188 5191
f 5450 5503 5490
f 5132 5162 5131
f 5368 5473 5475
f 5503 5477 5490
f 5291 5452 5115
f 5473 5505 5475
f 5291 5115 5277
f 5347 5346 5405
f 5357 5095 5362
f 5386 5130 5501
f 5442 5417 5419
f 5146 5155 5156
f 5162 5139 5131
f 5447 5141 5387
f 5112 5362 5110
f 5361 5449 5176
f 5361 5362 5503
f 5362 5095 5110
f 5144 5438 5109
f 5361 5176 5357
f 5243 5465 5311
f 5481 5313 5493
f 5331 5344 5285
f 5494 5344 5331
f 5493 5465 5494
f 5465 5243 5213
f 5331 5493 5494
f 5493 5313 5311
f 5450 5331 5449
f 5438 5499 5436
f 5490 5481 5331
f 5097 5130 5140
f 5143 5109 5099
f 5364 5475 5365
f 5489 5407 5152
f 5346 5406 5405
f 5192 5194 5421
f 5332 5434 5333
f 5331 5297 5449
f 5148 5152 5128
f 5362 5112 5477
f 5143 5340 5124
f 5321 5262 5261
f 5389 5464 5404
f 5109 5501 5130
f 5438 5437 5501
f 5421 5506 5422
f 5478 5112 5451
f 5134 5139 5154
f 5502 5444 5492
f 5387 5483 5447
f 5506 5339 5135
f 5098 5097 5131
f 5099 5504 5143
f 5143 5504 5340
f 1986 5488 2642
f 5134 5133 5137
f 5451 5498 5478
f 5487 5507 5488
f 5501 5437 5386
f 5499 5438 5485
f 5451 5299 5498
f 5123 5487 1986
f 5478 5406 5467
f 5134 5192 5422
f 5140 5130 5386
f 5365 5475 5505
f 5123 5340 5487
f 5489 5152 5132
f 5498 5127 5406
f 5312 5468 5313
f 5153 5208 5154
f 5389 5384 5336
f 5156 5159 5157
f 5150 5101 5194
f 5508 5274 5283
f 5339 5506 5421
f 5156 5299 5020
f 5508 5283 5235
f 5227 5269 5327
f 5462 5421 5194
f 5275 5343 5202
f 5135 5504 5133
f 5306 5351 5443
f 5509 5510 5446
f 5330 5311 5468
f 5466 5104 5369
f 5099 5098 5133
f 5373 5345 5347
f 5129 5152 5407
f 5470 5486 5377
f 5377 5359 5470
f 5193 5134 5154
f 5128 5152 5129
f 5339 5495 5491
f 5422 5135 5134
f 5140 5132 5097
f 5504 5135 5340
f 5486 5397 5377
f 5450 5361 5503
f 5146 5145 5154
f 5330 5324 5371
f 5352 5400 5374
f 5334 5390 5332
f 5345 5373 5411
f 5171 5236 5258
f 5011 5182 5326
f 5135 5422 5506
f 5127 5129 5407
f 5388 5439 5335
f 5458 5490 5477
f 2357 5446 5510
f 5510 5509 5511
f 5406 5127 5407
f 5199 5217 5136
f 5020 5040 5159
f 5512 5511 5446
f 5275 5274 5513
f 5283 5274 5284
f 5134 5193 5192
f 5511 5509 5446
f 5290 5337 5288
f 5288 5338 5244
f 5103 5158 5040
f 5245 5479 5326
f 5514 5092 5445
f 5446 5445 5092
f 5169 5231 5235
f 5513 5515 5275
f 5390 5389 5403
f 5219 5257 5239
f 5366 5082 5367
f 5478 5477 5112
f 1983 5516 5502
f 5517 5491 5495
f 5518 5519 5126
f 5507 5487 5342
f 1994 1983 5485
f 5495 5461 5519
f 5520 1988 5521
f 5522 5161 5523
f 5516 2015 5484
f 5524 5525 5518
f 2413 5526 5527
f 5528 5211 5171
f 5500 5483 5436
f 1962 1964 5304
f 5144 5124 1984
f 5342 5529 5507
f 5519 5518 5517
f 5453 5416 2571
f 5341 5491 5342
f 5530 5531 2549
f 5442 5532 5409
f 2015 1962 5484
f 5483 5500 5502
f 5533 5534 2013
f 5517 5529 5491
f 5517 5518 5525
f 5519 5517 5495
f 5518 5126 5524
f 5516 5484 5502
f 5502 5484 5408
f 5527 5526 5416
f 5075 5534 5448
f 5337 5535 5536
f 2324 2458 5425
f 5338 5337 5537
f 2413 5527 2343
f 5016 5164 5039
f 5520 2439 5507
f 5088 5538 5089
f 5539 2584 5540
f 5012 5046 5044
f 5541 2579 5542
f 5088 5063 5543
f 5534 5533 5448
f 5544 5539 5545
f 2577 5545 2584
f 5160 5546 5547
f 5545 2579 5541
f 5544 5089 5539
f 5412 5527 5416
f 5548 5549 5514
f 5161 5078 5550
f 5089 5544 5551
f 5088 2580 5538
f 5539 5540 5545
f 5365 5527 5363
f 5552 5545 5541
f 5526 2571 5416
f 2013 2343 5527
f 2013 5527 5365
f 5527 5412 5363
f 5453 2571 2324
f 5531 5530 5553
f 5554 5513 5508
f 5538 2580 2585
f 1987 5541 5542
f 5482 5555 5556
f 5557 5512 5204
f 5419 5558 5442
f 5042 5547 5164
f 5520 5507 5529
f 5542 2579 1987
f 2577 2579 5545
f 5559 5065 5560
f 2353 5543 5561
f 5562 5563 5528
f 2464 5564 5565
f 2324 5566 5532
f 2566 2583 5560
f 5063 5567 5543
f 5044 5046 5551
f 5568 5569 5570
f 5065 5071 5066
f 5071 5559 5567
f 5561 5567 2353
f 5089 5538 5539
f 5570 5560 5568
f 2439 5488 5507
f 5091 5514 5053
f 5568 5560 5054
f 2583 5567 5559
f 2324 5532 5558
f 5571 5572 2514
f 2515 2514 5573
f 5551 5046 5089
f 5574 5568 5054
f 5075 1964 2014
f 5042 5041 5547
f 5061 5012 5043
f 5533 2013 5505
f 5453 2324 5419
f 5532 5355 5409
f 2580 5088 5543
f 5101 5126 5461
f 5532 5442 5558
f 5419 2324 5558
f 5473 5448 5533
f 5515 5575 5531
f 5576 2509 2546
f 5567 5063 5071
f 5522 5525 5161
f 5544 5545 5551
f 2014 2013 5534
f 5546 5164 5547
f 5348 5350 5425
f 5091 5053 5047
f 5536 2458 2515
f 5164 5125 5039
f 5502 5500 1983
f 5425 5535 5348
f 5164 5546 5125
f 5126 5519 5461
f 5164 5037 5042
f 5101 5138 5126
f 5551 5078 5044
f 5543 5567 5561
f 5562 5528 5258
f 1988 5520 5523
f 2458 5536 5535
f 2549 5531 5575
f 5485 5500 5499
f 5577 2516 5578
f 5579 5580 5581
f 5042 5061 5043
f 5582 5211 5583
f 2546 2549 5576
f 5075 5448 5301
f 5584 5585 5252
f 5508 5513 5274
f 5144 1994 5485
f 5565 5564 5585
f 5479 5244 5586
f 5348 5337 5290
f 5562 5482 5556
f 5269 5268 5182
f 2552 5569 5574
f 5580 5579 5582
f 5571 5565 5587
f 5343 5204 5216
f 5560 2583 5559
f 5532 5354 5355
f 5482 5252 5588
f 5171 5231 5169
f 5583 5528 5589
f 5590 5528 5563
f 5212 5579 5231
f 5211 5528 5583
f 2336 5582 5583
f 5554 5515 5513
f 5556 5563 5562
f 5576 5581 2509
f 5009 5571 5010
f 5591 2539 5511
f 2462 5589 5590
f 5577 2518 2516
f 5590 5556 5592
f 5584 5252 5224
f 5592 2462 5590
f 5555 5592 5556
f 5326 5009 5011
f 2462 5592 2516
f 5244 5338 5537
f 5161 5524 5160
f 5050 5101 5100
f 5546 5126 5125
f 5212 5211 5582
f 5562 5292 5482
f 5583 5589 2336
f 2336 2338 5582
f 5101 5050 5138
f 5365 5505 2013
f 5580 2509 5581
f 2338 5580 5582
f 5524 5546 5160
f 2338 2509 5580
f 5590 5589 5528
f 5528 5171 5258
f 5546 5524 5126
f 2566 5560 5570
f 5593 5231 5581
f 5588 5252 5594
f 5258 5293 5562
f 2518 5577 5564
f 5092 5514 5091
f 5592 5555 5578
f 5550 5078 5523
f 5555 5594 5577
f 2514 2464 5571
f 2515 5586 5536
f 5252 5482 5253
f 5585 5594 5252
f 5564 2464 2518
f 5564 5594 5585
f 5588 5594 5555
f 5577 5578 5555
f 2516 5592 5578
f 2462 2336 5589
f 5537 5337 5536
f 5555 5482 5588
f 5530 2549 2539
f 5593 5595 5231
f 5593 5581 5576
f 5511 5512 5553
f 5514 5549 5053
f 5548 2552 5549
f 5548 5514 5445
f 5053 5574 5054
f 5574 5549 2552
f 5510 5511 2539
f 5510 2539 2357
f 5557 5515 5553
f 2566 5570 5569
f 5231 5595 5235
f 5591 5511 5553
f 5204 5275 5557
f 5576 2549 5575
f 5557 5553 5512
f 5515 5557 5275
f 5553 5515 5531
f 5575 5554 5576
f 5508 5595 5554
f 5508 5235 5595
f 5593 5554 5595
f 5554 5593 5576
f 5065 5067 5560
f 5204 5343 5275
f 2539 5591 5530
f 5512 5446 5204
f 5574 5569 5568
f 5579 5581 5231
f 5446 5092 5204
f 5525 5529 5517
f 5053 5052 5047
f 5268 5326 5182
f 5596 5572 5009
f 5586 5537 5536
f 5479 5573 5596
f 5573 5572 5596
f 5479 5586 5573
f 5587 5010 5571
f 5292 5562 5293
f 5326 5596 5009
f 2324 5425 5566
f 5584 5224 5587
f 5587 5224 5010
f 5572 5571 5009
f 5326 5479 5596
f 5011 5223 5182
f 5535 5337 5348
f 5586 2515 5573
f 2584 5538 2585
f 5549 5574 5053
f 2014 5534 5075
f 5537 5586 5244
f 5566 5425 5354
f 5582 5579 5212
f 5587 5565 5584
f 5584 5565 5585
f 2458 5535 5425
f 5565 5571 2464
f 5564 5577 5594
f 5575 5515 5554
f 5516 1983 2015
f 5484 1962 5303
f 5007 5304 1964
f 5500 5485 1983
f 2571 5526 2413
f 5505 5473 5533
f 5354 5532 5566
f 5563 5556 5590
f 1964 2012 2014
f 2357 5548 5445
f 5572 5573 2514
f 5541 5523 5552
f 5161 5550 5523
f 5523 1987 1988
f 5078 5552 5523
f 5041 5160 5547
f 5521 2439 5520
f 5483 5502 5492
f 5525 5524 5161
f 2439 5521 1988
f 5525 5522 5520
f 5529 5342 5491
f 1987 5523 5541
f 5144 1984 1994
f 2439 2642 5488
f 5530 5591 5553
f 5078 5551 5552
f 5520 5522 5523
f 5525 5520 5529
f 2583 2353 5567
f 2357 2552 5548
f 5545 5552 5551
f 5560 5067 5054
f 5540 2584 5545
f 5165 5092 5093
f 2566 5569 2552
f 5538 2584 5539
f 5543 2353 2580
f 5065 5559 5071
